"id","indicator","indicator.label","freq","freq.label","rep_var","rep_var.label","classification","classif.labels","data.start","data.end","last.update","n.records","n.records.all","n.ref_area","with.region","subject","subject.label","database","database.label"
"SDG_0111_SEX_AGE_RT_A","SDG_0111_SEX_AGE_RT","Indicador ODS 1.1.1: Tasa de trabajadores pobres según sexo y edad (%)","A","Anual","SDG_0111_RT","Indicador ODS 1.1.1: Tasa de trabajadores pobres según sexo","SEX_AGE","sexo, edad",2000,2025,"03/12/2025 18:32:36",42030,42030,193,"Y","POV","Pobreza laboral","ILOSDG","Indicadores ODS del Mercado Laboral (ILOSDG)"
"SDG_0131_SEX_SOC_RT_A","SDG_0131_SEX_SOC_RT","Indicador ODS 1.3.1: Proporción de la población cubierta por sistemas/pisos de protección social según sexo y función (%)","A","Anual","SDG_0131_RT","Indicador ODS 1.3.1: Proporción de la población cubierta por sistemas/pisos de protección social","SEX_SOC","sexo, typo de los prestaciones",2000,2025,"04/05/2026 11:49:21",36308,36308,303,"Y","SOC","Protección social","ILOSDG","Indicadores ODS del Mercado Laboral (ILOSDG)"
"SDG_0552_NOC_RT_A","SDG_0552_NOC_RT","Indicador ODS 5.5.2: Proporción de mujeres en puestos gerenciales o directivos superiores y medios (%)","A","Anual","SDG_0552_RT","Indicador ODS 5.5.2: Proporción de mujeres en puestos gerenciales o directivos superiores y medios (definición anterior de la OIT - CIET13)",,"",2000,2025,"02/10/2026 07:10:05",1832,1997,160,,"EMP","Ocupación","ILOSDG","Indicadores ODS del Mercado Laboral (ILOSDG)"
"SDG_T552_NOC_RT_A","SDG_T552_NOC_RT","Indicador ODS 5.5.2: Proporción de mujeres en puestos gerenciales o directivos (%)","A","Anual","SDG_T552_RT","Indicador ODS 5.5.2: Proporción de mujeres en puestos gerenciales o directivos (definición anterior de la OIT - CIET13)",,"",2000,2025,"02/10/2026 07:10:05",4866,5220,288,"Y","EMP","Ocupación","ILOSDG","Indicadores ODS del Mercado Laboral (ILOSDG)"
"SDG_B552_NOC_RT_A","SDG_B552_NOC_RT","Indicador ODS 5.5.2: Proporción de mujeres en puestos gerenciales o directivos superiores y medios -- 19 CIET (%)","A","Anual","SDG_B552_RT","Indicador ODS 5.5.2: Proporción de mujeres en puestos gerenciales o directivos superiores y medios (definición actual de la OIT - CIET19)",,"",2012,2025,"02/10/2026 07:10:05",624,662,106,,"EMP","Ocupación","ILOSDG","Indicadores ODS del Mercado Laboral (ILOSDG)"
"SDG_U552_NOC_RT_A","SDG_U552_NOC_RT","Indicador ODS 5.5.2: Proporción de mujeres en puestos gerenciales o directivos -- 19 CIET (%)","A","Anual","SDG_U552_RT","Indicador ODS 5.5.2: Proporción de mujeres en puestos gerenciales o directivos (definición actual de la OIT - CIET19)",,"",2006,2025,"02/10/2026 07:10:05",802,915,124,,"EMP","Ocupación","ILOSDG","Indicadores ODS del Mercado Laboral (ILOSDG)"
"SDG_0821_NOC_RT_A","SDG_0821_NOC_RT","Indicador ODS 8.2.1: Tasa de crecimiento anual de la producción por trabajador, PIB en US dólares constantes 2015 (%)","A","Anual","SDG_0821_RT","Indicador ODS 8.2.1: Tasa de crecimiento anual de la producción por trabajador, PIB en US dólares constantes 2015",,"",2000,2027,"20/02/2026 17:50:06",7704,7704,276,"Y","LPY","Productividad laboral","ILOSDG","Indicadores ODS del Mercado Laboral (ILOSDG)"
"SDG_B821_NOC_RT_A","SDG_B821_NOC_RT","Indicador ODS 8.2.1: Tasa de crecimiento anual de la producción por trabajador, PIB en dólares internacionales constantes, PPA 2021 (%)","A","Anual","SDG_B821_RT","Indicador ODS 8.2.1: Tasa de crecimiento anual de la producción por trabajador, PIB en dólares internacionales constantes, PPA 2021",,"",2000,2027,"20/02/2026 08:49:06",7704,7704,276,"Y","LPY","Productividad laboral","ILOSDG","Indicadores ODS del Mercado Laboral (ILOSDG)"
"SDG_0831_SEX_ECO_RT_A","SDG_0831_SEX_ECO_RT","Indicador ODS 8.3. 1: Proporción de la ocupación informal en la ocupación total según sexo y actividad económica (%)","A","Anual","SDG_0831_RT","Indicador ODS 8.3. 1: Proporción de la ocupación informal en la ocupación total (definición anterior de la OIT - CIET13)","SEX_ECO","sexo, actividad económica",2000,2027,"02/10/2026 07:10:05",57200,59881,234,"Y","IFL","Economía informal","ILOSDG","Indicadores ODS del Mercado Laboral (ILOSDG)"
"SDG_B831_SEX_ECO_RT_A","SDG_B831_SEX_ECO_RT","Indicador ODS 8.3. 1: Proporción de la ocupación informal en la ocupación total según sexo y actividad económica -- 19 CIET (%)","A","Anual","SDG_B831_RT","Indicador ODS 8.3. 1: Proporción de la ocupación informal en la ocupación total (definición actual de la OIT - CIET19)","SEX_ECO","sexo, actividad económica",2014,2025,"02/10/2026 07:10:05",20610,21534,99,,"IFL","Economía informal","ILOSDG","Indicadores ODS del Mercado Laboral (ILOSDG)"
"SDG_0851_SEX_OCU_NB_A","SDG_0851_SEX_OCU_NB","Indicador ODS 8.5.1: Ganancias por hora promedio de asalariados según sexo y ocupación (moneda local)","A","Anual","SDG_0851_NB","Indicador ODS 8.5.1: Ganancias por hora promedio de asalariados (definición anterior de la OIT - CIET13)","SEX_OCU","sexo, ocupación",2000,2025,"24/09/2026 07:08:03",47193,49524,138,,"EAR","Remuneraciones y ingresos","ILOSDG","Indicadores ODS del Mercado Laboral (ILOSDG)"
"SDG_0852_SEX_AGE_RT_A","SDG_0852_SEX_AGE_RT","Indicador ODS 8.5.2: Tasa de desocupación según sexo y edad (%)","A","Anual","SDG_0852_RT","Indicador ODS 8.5.2: Tasa de desocupación (definición anterior de la OIT - CIET13)","SEX_AGE","sexo, edad",2000,2027,"02/10/2026 07:10:05",48632,52448,309,"Y","LUU","Desempleo y subutilización de la fuerza de trabajo","ILOSDG","Indicadores ODS del Mercado Laboral (ILOSDG)"
"SDG_B852_SEX_AGE_RT_A","SDG_B852_SEX_AGE_RT","Indicador ODS 8.5.2: Tasa de desocupación según sexo y edad -- 19 CIET (%)","A","Anual","SDG_B852_RT","Indicador ODS 8.5.2: Tasa de desocupación (definición actual de la OIT - CIET19)","SEX_AGE","sexo, edad",2014,2025,"02/10/2026 07:10:05",7729,8845,138,,"LUU","Desempleo y subutilización de la fuerza de trabajo","ILOSDG","Indicadores ODS del Mercado Laboral (ILOSDG)"
"SDG_0852_SEX_DSB_RT_A","SDG_0852_SEX_DSB_RT","Indicador ODS 8.5.2: Tasa de desocupación según sexo y situación en términos de discapacidad (%)","A","Anual","SDG_0852_RT","Indicador ODS 8.5.2: Tasa de desocupación (definición anterior de la OIT - CIET13)","SEX_DSB","sexo, situación en términos de discapacidad",2000,2025,"02/10/2026 07:10:05",9281,9717,139,,"LUU","Desempleo y subutilización de la fuerza de trabajo","ILOSDG","Indicadores ODS del Mercado Laboral (ILOSDG)"
"SDG_B852_SEX_DSB_RT_A","SDG_B852_SEX_DSB_RT","Indicador ODS 8.5.2: Tasa de desocupación según sexo y situación en términos de discapacidad -- 19 CIET (%)","A","Anual","SDG_B852_RT","Indicador ODS 8.5.2: Tasa de desocupación (definición actual de la OIT - CIET19)","SEX_DSB","sexo, situación en términos de discapacidad",2014,2025,"16/09/2026 08:11:05",4599,4725,89,,"LUU","Desempleo y subutilización de la fuerza de trabajo","ILOSDG","Indicadores ODS del Mercado Laboral (ILOSDG)"
"SDG_0861_SEX_RT_A","SDG_0861_SEX_RT","Indicador ODS 8.6.1: Proporción de jóvenes de 15 a 24 años que no están en el sistema educativo ni ocupados ni en formación según sexo (%)","A","Anual","SDG_0861_RT","Indicador ODS 8.6.1: Proporción de jóvenes de 15 a 24 años que no están en el sistema educativo ni ocupados ni en formación","SEX","sexo",2000,2027,"02/10/2026 07:10:05",12815,13664,276,"Y","LUU","Desempleo y subutilización de la fuerza de trabajo","ILOSDG","Indicadores ODS del Mercado Laboral (ILOSDG)"
"SDG_B871_SEX_AGE_RT_A","SDG_B871_SEX_AGE_RT","Indicador ODS 8.7.1: Proporción de niños ocupados en actividades económicas y tareas domésticas según sexo y edad (%)","A","Anual","SDG_B871_RT","Indicador ODS 8.7.1: Proporción de niños ocupados en actividades económicas y tareas domésticas","SEX_AGE","sexo, edad",2000,2024,"09/02/2026 07:33:04",1733,1742,101,,"CLD","Trabajo infantil","ILOSDG","Indicadores ODS del Mercado Laboral (ILOSDG)"
"SDG_A871_SEX_AGE_RT_A","SDG_A871_SEX_AGE_RT","Indicador ODS 8.7.1: Porcentaje de niños ocupados en actividades económicas según sexo y edad (%)","A","Anual","SDG_A871_RT","Indicador ODS 8.7.1: Porcentaje de niños ocupados en actividades económicas","SEX_AGE","sexo, edad",2000,2025,"11/08/2026 07:07:05",3473,3512,133,,"CLD","Trabajo infantil","ILOSDG","Indicadores ODS del Mercado Laboral (ILOSDG)"
"SDG_N881_SEX_MIG_RT_A","SDG_N881_SEX_MIG_RT","Indicador ODS 8.8.1: Lesiones profesionales no fatales por cada 100'000 trabajadores según sexo y situación de migrante","A","Anual","SDG_N881_RT","Indicador ODS 8.8.1: Lesiones profesionales no fatales por cada 100'000 trabajadores","SEX_MIG","sexo, situación de migrante",2000,2024,"28/09/2026 07:00:04",3475,3481,101,,"INJ","Lesiones profesionales","ILOSDG","Indicadores ODS del Mercado Laboral (ILOSDG)"
"SDG_F881_SEX_MIG_RT_A","SDG_F881_SEX_MIG_RT","Indicador ODS 8.8.1: Lesiones profesionales fatales por cada 100'000 trabajadores según sexo y situación de migrante","A","Anual","SDG_F881_RT","Indicador ODS 8.8.1: Lesiones profesionales fatales por cada 100'000 trabajadores","SEX_MIG","sexo, situación de migrante",2000,2024,"28/09/2026 07:00:04",3187,3190,103,,"INJ","Lesiones profesionales","ILOSDG","Indicadores ODS del Mercado Laboral (ILOSDG)"
"SDG_0882_NOC_RT_A","SDG_0882_NOC_RT","Indicador 8.8.2: Nivel de cumplimiento nacional de los derechos laborales, libertad sindical y negociación colectiva","A","Anual","SDG_0882_RT","Indicador 8.8.2: Nivel de cumplimiento nacional de los derechos laborales, libertad sindical y negociación colectiva",,"",2015,2024,"08/01/2026 14:36:04",2692,2692,270,"Y","ILR","Relaciones laborales","ILOSDG","Indicadores ODS del Mercado Laboral (ILOSDG)"
"SDG_08B1_NOC_NB_A","SDG_08B1_NOC_NB","Indicador ODS 8.b.1: Existencia de una estrategia nacional para la ocupación juvenil desarrollada y operacionalizada","A","Anual","SDG_08B1_NB","Indicador ODS 8.b.1: Existencia de una estrategia nacional para la ocupación juvenil desarrollada y operacionalizada",,"",2019,2025,"17/03/2026 13:49:06",739,739,186,,"EMP","Ocupación","ILOSDG","Indicadores ODS del Mercado Laboral (ILOSDG)"
"SDG_0922_NOC_RT_A","SDG_0922_NOC_RT","Indicador ODS 9.2.2: Ocupación en la manufactura como porcentaje de la ocupación total (%)","A","Anual","SDG_0922_RT","Indicador ODS 9.2.2: Ocupación en la manufactura como porcentaje de la ocupación total (definición anterior de la OIT - CIET13)",,"",2000,2025,"02/10/2026 07:10:05",5187,5518,298,"Y","EMP","Ocupación","ILOSDG","Indicadores ODS del Mercado Laboral (ILOSDG)"
"SDG_B922_NOC_RT_A","SDG_B922_NOC_RT","Indicador ODS 9.2.2: Ocupación en la manufactura como porcentaje de la ocupación total -- 19 CIET (%)","A","Anual","SDG_B922_RT","Indicador ODS 9.2.2: Ocupación en la manufactura como porcentaje de la ocupación total (definición actual de la OIT - CIET19)",,"",2014,2025,"02/10/2026 07:10:05",835,921,129,,"EMP","Ocupación","ILOSDG","Indicadores ODS del Mercado Laboral (ILOSDG)"
"SDG_1041_NOC_RT_A","SDG_1041_NOC_RT","Indicador ODS 10.4.1: Participación del ingreso laboral en el PIB (%)","A","Anual","SDG_1041_RT","Indicador ODS 10.4.1: Participación del ingreso laboral en el PIB",,"",2004,2026,"20/03/2026 18:50:30",6329,6329,276,"Y","EAR","Remuneraciones y ingresos","ILOSDG","Indicadores ODS del Mercado Laboral (ILOSDG)"
"POP_XWAP_SEX_AGE_NB_A","POP_XWAP_SEX_AGE_NB","Población en edad de trabajar según sexo y edad (millares)","A","Anual","POP_XWAP_NB","Población en edad de trabajar","SEX_AGE","sexo, edad",1946,2030,"02/10/2026 07:12:21",600183,652035,320,"Y","POP","Población","LFS","Estadísticas sobre la Fuerza Laboral (LFS)"
"POP_XWAP_SEX_AGE_NB_Q","POP_XWAP_SEX_AGE_NB","Población en edad de trabajar según sexo y edad (millares)","Q","Trimestral","POP_XWAP_NB","Población en edad de trabajar","SEX_AGE","sexo, edad",1948,2026,"02/10/2026 07:13:20",666510,726405,115,,"POP","Población","LFS","Estadísticas sobre la Fuerza Laboral (LFS)"
"POP_XWAP_SEX_AGE_NB_M","POP_XWAP_SEX_AGE_NB","Población en edad de trabajar según sexo y edad (millares)","M","Mensual","POP_XWAP_NB","Población en edad de trabajar","SEX_AGE","sexo, edad",1948,2026,"20/09/2026 07:29:34",286470,288486,45,,"POP","Población","LFS","Estadísticas sobre la Fuerza Laboral (LFS)"
"POP_XWAP_SEX_AGE_EDU_NB_A","POP_XWAP_SEX_AGE_EDU_NB","Población en edad de trabajar según sexo, edad y educación (millares)","A","Anual","POP_XWAP_NB","Población en edad de trabajar","SEX_AGE_EDU","sexo, edad, educación",1970,2025,"02/10/2026 07:04:13",1598221,1806985,197,,"POP","Población","EMI","Indicadores de Educación y Desajuste (EMI)"
"POP_XWAP_SEX_AGE_EDU_NB_Q","POP_XWAP_SEX_AGE_EDU_NB","Población en edad de trabajar según sexo, edad y educación (millares)","Q","Trimestral","POP_XWAP_NB","Población en edad de trabajar","SEX_AGE_EDU","sexo, edad, educación",1987,2026,"02/10/2026 07:06:17",3000169,3264100,102,,"POP","Población","EMI","Indicadores de Educación y Desajuste (EMI)"
"POP_XWAP_SEX_AGE_EDU_NB_M","POP_XWAP_SEX_AGE_EDU_NB","Población en edad de trabajar según sexo, edad y educación (millares)","M","Mensual","POP_XWAP_NB","Población en edad de trabajar","SEX_AGE_EDU","sexo, edad, educación",1990,2026,"16/09/2026 07:31:16",450240,456465,15,,"POP","Población","EMI","Indicadores de Educación y Desajuste (EMI)"
"POP_XWAP_SEX_AGE_GEO_NB_A","POP_XWAP_SEX_AGE_GEO_NB","Población en edad de trabajar según sexo, edad y zonas rurales / urbanas (millares)","A","Anual","POP_XWAP_NB","Población en edad de trabajar","SEX_AGE_GEO","sexo, edad, zonas rurales/urbanes",1970,2025,"02/10/2026 07:15:05",302306,331910,166,,"POP","Población","RURBAN","Mercados Laborales Rurales y Urbanos (RURBAN)"
"POP_XWAP_SEX_AGE_GEO_NB_Q","POP_XWAP_SEX_AGE_GEO_NB","Población en edad de trabajar según sexo, edad y zonas rurales / urbanas (millares)","Q","Trimestral","POP_XWAP_NB","Población en edad de trabajar","SEX_AGE_GEO","sexo, edad, zonas rurales/urbanes",1987,2026,"02/10/2026 07:16:10",769828,794740,89,,"POP","Población","RURBAN","Mercados Laborales Rurales y Urbanos (RURBAN)"
"POP_XWAP_SEX_AGE_GEO_NB_M","POP_XWAP_SEX_AGE_GEO_NB","Población en edad de trabajar según sexo, edad y zonas rurales / urbanas (millares)","M","Mensual","POP_XWAP_NB","Población en edad de trabajar","SEX_AGE_GEO","sexo, edad, zonas rurales/urbanes",2000,2026,"16/09/2026 08:32:07",158121,161523,14,,"POP","Población","RURBAN","Mercados Laborales Rurales y Urbanos (RURBAN)"
"POP_XWAP_SEX_AGE_MTS_NB_A","POP_XWAP_SEX_AGE_MTS_NB","Poblacion en edad de trabajar según sexo, edad y estado civil (millares)","A","Anual","POP_XWAP_NB","Población en edad de trabajar","SEX_AGE_MTS","sexo, edad, estado civil",1970,2025,"02/10/2026 07:07:11",802782,916777,176,,"POP","Población","GEND","Indicadores de Igualdad de Género y No Discriminación (GEND)"
"POP_XWAP_SEX_AGE_MTS_NB_Q","POP_XWAP_SEX_AGE_MTS_NB","Poblacion en edad de trabajar según sexo, edad y estado civil (millares)","Q","Trimestral","POP_XWAP_NB","Población en edad de trabajar","SEX_AGE_MTS","sexo, edad, estado civil",1987,2026,"02/10/2026 07:08:13",1203608,1205705,82,,"POP","Población","GEND","Indicadores de Igualdad de Género y No Discriminación (GEND)"
"POP_XWAP_SEX_AGE_DSB_NB_A","POP_XWAP_SEX_AGE_DSB_NB","Población en edad de trabajar según sexo, edad y situación en términos de discapacidad (millares)","A","Anual","POP_XWAP_NB","Población en edad de trabajar","SEX_AGE_DSB","sexo, edad, situación en términos de discapacidad",1996,2025,"02/10/2026 07:02:05",83168,87704,127,,"POP","Población","DLMI","Indicadores del mercado laboral de discapacidad"
"POP_XWAP_SEX_AGE_DSB_NB_Q","POP_XWAP_SEX_AGE_DSB_NB","Población en edad de trabajar según sexo, edad y situación en términos de discapacidad (millares)","Q","Trimestral","POP_XWAP_NB","Población en edad de trabajar","SEX_AGE_DSB","sexo, edad, situación en términos de discapacidad",1998,2026,"16/09/2026 07:14:26",53481,53805,27,,"POP","Población","DLMI","Indicadores del mercado laboral de discapacidad"
"POP_XWAP_SEX_AGE_CBR_NB_A","POP_XWAP_SEX_AGE_CBR_NB","Población en edad de trabajar según sexo, edad y lugar de nacimiento (millares)","A","Anual","POP_XWAP_NB","Población en edad de trabajar","SEX_AGE_CBR","sexo, edad, lugar de nacimiento",1987,2025,"02/10/2026 07:09:04",146326,170891,155,,"MST","Stock internacional de migrantes","ILMS","Estadísticas de Migración Laboral Internacional (ILMS)"
"POP_XWAP_SEX_AGE_CCT_NB_A","POP_XWAP_SEX_AGE_CCT_NB","Población en edad de trabajar según sexo, edad y nacionalidad (millares)","A","Anual","POP_XWAP_NB","Población en edad de trabajar","SEX_AGE_CCT","sexo, edad, ciudadania",1991,2025,"24/09/2026 07:07:04",130676,154790,145,,"MST","Stock internacional de migrantes","ILMS","Estadísticas de Migración Laboral Internacional (ILMS)"
"POP_XWAP_SEX_AGE_LMS_NB_A","POP_XWAP_SEX_AGE_LMS_NB","Población en edad de trabajar según sexo, edad y situación en el mercado de (millares)","A","Anual","POP_XWAP_NB","Población en edad de trabajar","SEX_AGE_LMS","sexo, edad, situación en el mercado de trabajo",1970,2025,"02/10/2026 07:12:21",505412,576886,182,,"POP","Población","LFS","Estadísticas sobre la Fuerza Laboral (LFS)"
"POP_XWAP_SEX_AGE_LMS_NB_Q","POP_XWAP_SEX_AGE_LMS_NB","Población en edad de trabajar según sexo, edad y situación en el mercado de (millares)","Q","Trimestral","POP_XWAP_NB","Población en edad de trabajar","SEX_AGE_LMS","sexo, edad, situación en el mercado de trabajo",1976,2026,"02/10/2026 07:13:20",1308163,1446727,104,,"POP","Población","LFS","Estadísticas sobre la Fuerza Laboral (LFS)"
"POP_XWAP_SEX_AGE_LMS_NB_M","POP_XWAP_SEX_AGE_LMS_NB","Población en edad de trabajar según sexo, edad y situación en el mercado de (millares)","M","Mensual","POP_XWAP_NB","Población en edad de trabajar","SEX_AGE_LMS","sexo, edad, situación en el mercado de trabajo",1976,2026,"16/09/2026 08:19:15",700656,708708,16,,"POP","Población","LFS","Estadísticas sobre la Fuerza Laboral (LFS)"
"POP_XWAP_SEX_EDU_NB_A","POP_XWAP_SEX_EDU_NB","Población en edad de trabajar según sexo y educación (millares)","A","Anual","POP_XWAP_NB","Población en edad de trabajar","SEX_EDU","sexo, educación",1970,2025,"02/10/2026 07:04:13",98323,111288,181,,"POP","Población","EMI","Indicadores de Educación y Desajuste (EMI)"
"POP_XWAP_SEX_EDU_NB_Q","POP_XWAP_SEX_EDU_NB","Población en edad de trabajar según sexo y educación (millares)","Q","Trimestral","POP_XWAP_NB","Población en edad de trabajar","SEX_EDU","sexo, educación",1987,2026,"02/10/2026 07:06:17",258603,279912,101,,"POP","Población","EMI","Indicadores de Educación y Desajuste (EMI)"
"POP_XWAP_SEX_EDU_NB_M","POP_XWAP_SEX_EDU_NB","Población en edad de trabajar según sexo y educación (millares)","M","Mensual","POP_XWAP_NB","Población en edad de trabajar","SEX_EDU","sexo, educación",1990,2026,"16/09/2026 07:31:16",50727,51471,15,,"POP","Población","EMI","Indicadores de Educación y Desajuste (EMI)"
"POP_XWAP_SEX_EDU_GEO_NB_A","POP_XWAP_SEX_EDU_GEO_NB","Población en edad de trabajar según sexo, educación y zonas rurales / urbanas (millares)","A","Anual","POP_XWAP_NB","Población en edad de trabajar","SEX_EDU_GEO","sexo, educación, zonas rurales/urbanes",1970,2025,"02/10/2026 07:04:13",233945,255983,147,,"POP","Población","EMI","Indicadores de Educación y Desajuste (EMI)"
"POP_XWAP_SEX_EDU_GEO_NB_Q","POP_XWAP_SEX_EDU_GEO_NB","Población en edad de trabajar según sexo, educación y zonas rurales / urbanas (millares)","Q","Trimestral","POP_XWAP_NB","Población en edad de trabajar","SEX_EDU_GEO","sexo, educación, zonas rurales/urbanes",1987,2026,"02/10/2026 07:06:17",247145,255242,85,,"POP","Población","EMI","Indicadores de Educación y Desajuste (EMI)"
"POP_XWAP_SEX_EDU_MTS_NB_A","POP_XWAP_SEX_EDU_MTS_NB","Población en edad de trabajar según sexo, educación y estado civil (millares)","A","Anual","POP_XWAP_NB","Población en edad de trabajar","SEX_EDU_MTS","sexo, educación, estado civil",1970,2025,"02/10/2026 07:04:13",641073,725500,174,,"POP","Población","EMI","Indicadores de Educación y Desajuste (EMI)"
"POP_XWAP_SEX_EDU_MTS_NB_Q","POP_XWAP_SEX_EDU_MTS_NB","Población en edad de trabajar según sexo, educación y estado civil (millares)","Q","Trimestral","POP_XWAP_NB","Población en edad de trabajar","SEX_EDU_MTS","sexo, educación, estado civil",1987,2026,"02/10/2026 07:06:17",204294,204510,79,,"POP","Población","EMI","Indicadores de Educación y Desajuste (EMI)"
"POP_XWAP_SEX_EDU_DSB_NB_A","POP_XWAP_SEX_EDU_DSB_NB","Población en edad de trabajar según sexo, educación y situación en términos de discapacidad (millares)","A","Anual","POP_XWAP_NB","Población en edad de trabajar","SEX_EDU_DSB","sexo, educación, situación en términos de discapacidad",1996,2025,"02/10/2026 07:02:05",49824,52266,126,,"POP","Población","DLMI","Indicadores del mercado laboral de discapacidad"
"POP_XWAP_SEX_EDU_CBR_NB_A","POP_XWAP_SEX_EDU_CBR_NB","Población en edad de trabajar según sexo, educación y lugar de nacimiento (millares)","A","Anual","POP_XWAP_NB","Población en edad de trabajar","SEX_EDU_CBR","sexo, educación, lugar de nacimiento",1987,2025,"02/10/2026 07:09:04",203126,229375,155,,"MST","Stock internacional de migrantes","ILMS","Estadísticas de Migración Laboral Internacional (ILMS)"
"POP_XWAP_SEX_EDU_CCT_NB_A","POP_XWAP_SEX_EDU_CCT_NB","Población en edad de trabajar según sexo, educación y nacionalidad (millares)","A","Anual","POP_XWAP_NB","Población en edad de trabajar","SEX_EDU_CCT","sexo, educación, ciudadania",1991,2025,"24/09/2026 07:07:04",178931,204168,144,,"MST","Stock internacional de migrantes","ILMS","Estadísticas de Migración Laboral Internacional (ILMS)"
"POP_XWAP_SEX_EDU_LMS_NB_A","POP_XWAP_SEX_EDU_LMS_NB","Población en edad de trabajar según sexo, educación and situación en el mercado de trabajo (millares)","A","Anual","POP_XWAP_NB","Población en edad de trabajar","SEX_EDU_LMS","sexo, educación, situación en el mercado de trabajo",1970,2025,"02/10/2026 07:04:13",376949,426332,181,,"POP","Población","EMI","Indicadores de Educación y Desajuste (EMI)"
"POP_XWAP_SEX_EDU_LMS_NB_Q","POP_XWAP_SEX_EDU_LMS_NB","Población en edad de trabajar según sexo, educación and situación en el mercado de trabajo (millares)","Q","Trimestral","POP_XWAP_NB","Población en edad de trabajar","SEX_EDU_LMS","sexo, educación, situación en el mercado de trabajo",1987,2026,"02/10/2026 07:06:17",405709,446563,101,,"POP","Población","EMI","Indicadores de Educación y Desajuste (EMI)"
"POP_XWAP_SEX_EDU_LMS_NB_M","POP_XWAP_SEX_EDU_LMS_NB","Población en edad de trabajar según sexo, educación and situación en el mercado de trabajo (millares)","M","Mensual","POP_XWAP_NB","Población en edad de trabajar","SEX_EDU_LMS","sexo, educación, situación en el mercado de trabajo",1990,2026,"16/09/2026 07:31:16",200142,202920,15,,"POP","Población","EMI","Indicadores de Educación y Desajuste (EMI)"
"POP_XWAP_SEX_GEO_NB_A","POP_XWAP_SEX_GEO_NB","Población en edad de trabajar según sexo y zonas rurales / urbanas (millares)","A","Anual","POP_XWAP_NB","Población en edad de trabajar","SEX_GEO","sexo, zonas rurales/urbanes",1970,2025,"02/10/2026 07:15:05",18161,19823,148,,"POP","Población","RURBAN","Mercados Laborales Rurales y Urbanos (RURBAN)"
"POP_XWAP_SEX_GEO_NB_Q","POP_XWAP_SEX_GEO_NB","Población en edad de trabajar según sexo y zonas rurales / urbanas (millares)","Q","Trimestral","POP_XWAP_NB","Población en edad de trabajar","SEX_GEO","sexo, zonas rurales/urbanes",1987,2026,"02/10/2026 07:16:10",47165,48695,88,,"POP","Población","RURBAN","Mercados Laborales Rurales y Urbanos (RURBAN)"
"POP_XWAP_SEX_GEO_NB_M","POP_XWAP_SEX_GEO_NB","Población en edad de trabajar según sexo y zonas rurales / urbanas (millares)","M","Mensual","POP_XWAP_NB","Población en edad de trabajar","SEX_GEO","sexo, zonas rurales/urbanes",2000,2026,"16/09/2026 08:32:07",16488,16866,12,,"POP","Población","RURBAN","Mercados Laborales Rurales y Urbanos (RURBAN)"
"POP_XWAP_SEX_GEO_MTS_NB_A","POP_XWAP_SEX_GEO_MTS_NB","Población en edad de trabajar según sexo, zonas rurales / urbanas y estado civil (millares)","A","Anual","POP_XWAP_NB","Población en edad de trabajar","SEX_GEO_MTS","sexo, zonas rurales/urbanes, estado civil",1970,2025,"02/10/2026 07:15:05",111067,123199,144,,"POP","Población","RURBAN","Mercados Laborales Rurales y Urbanos (RURBAN)"
"POP_XWAP_SEX_GEO_MTS_NB_Q","POP_XWAP_SEX_GEO_MTS_NB","Población en edad de trabajar según sexo, zonas rurales / urbanas y estado civil (millares)","Q","Trimestral","POP_XWAP_NB","Población en edad de trabajar","SEX_GEO_MTS","sexo, zonas rurales/urbanes, estado civil",1987,2026,"02/10/2026 07:16:10",191744,192068,62,,"POP","Población","RURBAN","Mercados Laborales Rurales y Urbanos (RURBAN)"
"POP_XWAP_SEX_GEO_DSB_NB_A","POP_XWAP_SEX_GEO_DSB_NB","Población en edad de trabajar según sexo, zonas rurales / urbanas and situación en términos de discapacidad (millares)","A","Anual","POP_XWAP_NB","Población en edad de trabajar","SEX_GEO_DSB","sexo, zonas rurales/urbanes, situación en términos de discapacidad",1996,2025,"24/09/2026 07:02:05",24422,25610,105,,"POP","Población","DLMI","Indicadores del mercado laboral de discapacidad"
"POP_XWAP_SEX_GEO_DSB_NB_Q","POP_XWAP_SEX_GEO_DSB_NB","Población en edad de trabajar según sexo, zonas rurales / urbanas and situación en términos de discapacidad (millares)","Q","Trimestral","POP_XWAP_NB","Población en edad de trabajar","SEX_GEO_DSB","sexo, zonas rurales/urbanes, situación en términos de discapacidad",2009,2026,"16/09/2026 07:14:26",13645,13753,23,,"POP","Población","DLMI","Indicadores del mercado laboral de discapacidad"
"POP_XWAP_SEX_GEO_LMS_NB_A","POP_XWAP_SEX_GEO_LMS_NB","Población en edad de trabajar según sexo, zonas rurales / urbanas and situación en el mercado de trabajo (millares)","A","Anual","POP_XWAP_NB","Población en edad de trabajar","SEX_GEO_LMS","sexo, zonas rurales/urbanes, situación en el mercado de trabajo",1970,2025,"02/10/2026 07:15:05",70352,76670,146,,"POP","Población","RURBAN","Mercados Laborales Rurales y Urbanos (RURBAN)"
"POP_XWAP_SEX_GEO_LMS_NB_Q","POP_XWAP_SEX_GEO_LMS_NB","Población en edad de trabajar según sexo, zonas rurales / urbanas and situación en el mercado de trabajo (millares)","Q","Trimestral","POP_XWAP_NB","Población en edad de trabajar","SEX_GEO_LMS","sexo, zonas rurales/urbanes, situación en el mercado de trabajo",1987,2026,"02/10/2026 07:16:10",183401,189521,86,,"POP","Población","RURBAN","Mercados Laborales Rurales y Urbanos (RURBAN)"
"POP_XWAP_SEX_GEO_LMS_NB_M","POP_XWAP_SEX_GEO_LMS_NB","Población en edad de trabajar según sexo, zonas rurales / urbanas and situación en el mercado de trabajo (millares)","M","Mensual","POP_XWAP_NB","Población en edad de trabajar","SEX_GEO_LMS","sexo, zonas rurales/urbanes, situación en el mercado de trabajo",2000,2026,"16/09/2026 08:32:07",65952,67461,12,,"POP","Población","RURBAN","Mercados Laborales Rurales y Urbanos (RURBAN)"
"POP_XWAP_SEX_MTS_NB_A","POP_XWAP_SEX_MTS_NB","Poblacion en edad de trabajar según sexo y estado civil (millares)","A","Anual","POP_XWAP_NB","Población en edad de trabajar","SEX_MTS","sexo, estado civil",1970,2025,"02/10/2026 07:07:11",51242,58664,176,,"POP","Población","GEND","Indicadores de Igualdad de Género y No Discriminación (GEND)"
"POP_XWAP_SEX_MTS_NB_Q","POP_XWAP_SEX_MTS_NB","Poblacion en edad de trabajar según sexo y estado civil (millares)","Q","Trimestral","POP_XWAP_NB","Población en edad de trabajar","SEX_MTS","sexo, estado civil",1987,2026,"02/10/2026 07:08:13",104823,105012,82,,"POP","Población","GEND","Indicadores de Igualdad de Género y No Discriminación (GEND)"
"POP_XWAP_SEX_MTS_NB_M","POP_XWAP_SEX_MTS_NB","Poblacion en edad de trabajar según sexo y estado civil (millares)","M","Mensual","POP_XWAP_NB","Población en edad de trabajar","SEX_MTS","sexo, estado civil",1994,2026,"16/09/2026 08:03:05",28971,28971,15,,"POP","Población","GEND","Indicadores de Igualdad de Género y No Discriminación (GEND)"
"POP_XWAP_SEX_MTS_DSB_NB_A","POP_XWAP_SEX_MTS_DSB_NB","Población en edad de trabajar según sexo, estado civil and situación en términos de discapacidad (millares)","A","Anual","POP_XWAP_NB","Población en edad de trabajar","SEX_MTS_DSB","sexo, estado civil, situación en términos de discapacidad",1996,2025,"02/10/2026 07:02:05",83306,87824,127,,"POP","Población","DLMI","Indicadores del mercado laboral de discapacidad"
"POP_XWAP_SEX_MTS_DSB_NB_Q","POP_XWAP_SEX_MTS_DSB_NB","Población en edad de trabajar según sexo, estado civil and situación en términos de discapacidad (millares)","Q","Trimestral","POP_XWAP_NB","Población en edad de trabajar","SEX_MTS_DSB","sexo, estado civil, situación en términos de discapacidad",1998,2026,"16/09/2026 07:14:26",17608,17608,27,,"POP","Población","DLMI","Indicadores del mercado laboral de discapacidad"
"POP_XWAP_SEX_MTS_LMS_NB_A","POP_XWAP_SEX_MTS_LMS_NB","Población en edad de trabajar según sexo, estado civil and situación en el mercado de trabajo (millares)","A","Anual","POP_XWAP_NB","Población en edad de trabajar","SEX_MTS_LMS","sexo, estado civil, situación en el mercado de trabajo",1970,2025,"02/10/2026 07:07:11",92630,104669,176,,"POP","Población","GEND","Indicadores de Igualdad de Género y No Discriminación (GEND)"
"POP_XWAP_SEX_MTS_LMS_NB_Q","POP_XWAP_SEX_MTS_LMS_NB","Población en edad de trabajar según sexo, estado civil and situación en el mercado de trabajo (millares)","Q","Trimestral","POP_XWAP_NB","Población en edad de trabajar","SEX_MTS_LMS","sexo, estado civil, situación en el mercado de trabajo",1987,2026,"02/10/2026 07:08:13",162733,162985,82,,"POP","Población","GEND","Indicadores de Igualdad de Género y No Discriminación (GEND)"
"POP_XWAP_SEX_MTS_LMS_NB_M","POP_XWAP_SEX_MTS_LMS_NB","Población en edad de trabajar según sexo, estado civil and situación en el mercado de trabajo (millares)","M","Mensual","POP_XWAP_NB","Población en edad de trabajar","SEX_MTS_LMS","sexo, estado civil, situación en el mercado de trabajo",1994,2026,"16/09/2026 08:03:05",115032,115032,15,,"POP","Población","GEND","Indicadores de Igualdad de Género y No Discriminación (GEND)"
"POP_XWAP_SEX_DSB_NB_A","POP_XWAP_SEX_DSB_NB","Población en edad de trabajar según sexo y situación en términos de discapacidad (millares)","A","Anual","POP_XWAP_NB","Población en edad de trabajar","SEX_DSB","sexo, situación en términos de discapacidad",1996,2025,"02/10/2026 07:02:05",9258,9996,128,,"POP","Población","DLMI","Indicadores del mercado laboral de discapacidad"
"POP_XWAP_SEX_DSB_NB_Q","POP_XWAP_SEX_DSB_NB","Población en edad de trabajar según sexo y situación en términos de discapacidad (millares)","Q","Trimestral","POP_XWAP_NB","Población en edad de trabajar","SEX_DSB","sexo, situación en términos de discapacidad",1998,2026,"16/09/2026 07:14:26",5959,5995,27,,"POP","Población","DLMI","Indicadores del mercado laboral de discapacidad"
"POP_XWAP_SEX_DSB_LMS_NB_A","POP_XWAP_SEX_DSB_LMS_NB","Población en edad de trabajar según sexo, situación en términos de discapacidad and situación en el mercado de trabajo (millares)","A","Anual","POP_XWAP_NB","Población en edad de trabajar","SEX_DSB_LMS","sexo, situación en términos de discapacidad, situación en el mercado de trabajo",1996,2025,"02/10/2026 07:02:05",36882,38652,128,,"POP","Población","DLMI","Indicadores del mercado laboral de discapacidad"
"POP_XWAP_SEX_DSB_LMS_NB_Q","POP_XWAP_SEX_DSB_LMS_NB","Población en edad de trabajar según sexo, situación en términos de discapacidad and situación en el mercado de trabajo (millares)","Q","Trimestral","POP_XWAP_NB","Población en edad de trabajar","SEX_DSB_LMS","sexo, situación en términos de discapacidad, situación en el mercado de trabajo",1998,2026,"16/09/2026 07:14:26",22625,22769,27,,"POP","Población","DLMI","Indicadores del mercado laboral de discapacidad"
"POP_XWAP_SEX_LMS_NB_A","POP_XWAP_SEX_LMS_NB","Población en edad de trabajar según sexo and situación en el mercado de trabajo (millares)","A","Anual","POP_XWAP_NB","Población en edad de trabajar","SEX_LMS","sexo, situación en el mercado de trabajo",1970,2025,"02/10/2026 07:12:21",31706,36263,182,,"POP","Población","LFS","Estadísticas sobre la Fuerza Laboral (LFS)"
"POP_XWAP_SEX_LMS_NB_Q","POP_XWAP_SEX_LMS_NB","Población en edad de trabajar según sexo and situación en el mercado de trabajo (millares)","Q","Trimestral","POP_XWAP_NB","Población en edad de trabajar","SEX_LMS","sexo, situación en el mercado de trabajo",1976,2026,"02/10/2026 07:13:20",82148,90824,104,,"POP","Población","LFS","Estadísticas sobre la Fuerza Laboral (LFS)"
"POP_XWAP_SEX_LMS_NB_M","POP_XWAP_SEX_LMS_NB","Población en edad de trabajar según sexo and situación en el mercado de trabajo (millares)","M","Mensual","POP_XWAP_NB","Población en edad de trabajar","SEX_LMS","sexo, situación en el mercado de trabajo",1976,2026,"16/09/2026 08:19:15",43884,44388,16,,"POP","Población","LFS","Estadísticas sobre la Fuerza Laboral (LFS)"
"GED_TWAP_HHT_NB_A","GED_TWAP_HHT_NB","Población de edad de 25 a 54 años según tipo de hogar (millares)","A","Anual","GED_TWAP_NB","Población de 25 a 54 años","HHT","tipo de hogar",2000,2026,"02/09/2026 07:06:04",8349,8907,153,,"POP","Población","GEND","Indicadores de Igualdad de Género y No Discriminación (GEND)"
"EAP_TEAP_SEX_AGE_NB_A","EAP_TEAP_SEX_AGE_NB","Fuerza de trabajo según sexo y edad (millares)","A","Anual","EAP_TEAP_NB","Fuerza de trabajo (definición anterior de la OIT - CIET13)","SEX_AGE","sexo, edad",1946,2027,"02/10/2026 07:12:21",422302,476040,316,"Y","EAP","Fuerza de trabajo","LFS","Estadísticas sobre la Fuerza Laboral (LFS)"
"EAP_TEAP_SEX_AGE_NB_Q","EAP_TEAP_SEX_AGE_NB","Fuerza de trabajo según sexo y edad (millares)","Q","Trimestral","EAP_TEAP_NB","Fuerza de trabajo (definición anterior de la OIT - CIET13)","SEX_AGE","sexo, edad",1948,2026,"02/10/2026 07:13:20",670945,730909,121,,"EAP","Fuerza de trabajo","LFS","Estadísticas sobre la Fuerza Laboral (LFS)"
"EAP_TEAP_SEX_AGE_NB_M","EAP_TEAP_SEX_AGE_NB","Fuerza de trabajo según sexo y edad (millares)","M","Mensual","EAP_TEAP_NB","Fuerza de trabajo (definición anterior de la OIT - CIET13)","SEX_AGE","sexo, edad",1948,2026,"20/09/2026 07:29:34",290282,292298,62,,"EAP","Fuerza de trabajo","LFS","Estadísticas sobre la Fuerza Laboral (LFS)"
"EAP_TEA1_SEX_AGE_NB_Q","EAP_TEA1_SEX_AGE_NB","Fuerza de trabajo, DES según sexo y edad (millares)","Q","Trimestral","EAP_TEA1_NB","Fuerza de trabajo, DES (definición anterior de la OIT - CIET13)","SEX_AGE","sexo, edad",1955,2026,"01/10/2026 07:02:38",116568,117720,72,,"EAP","Fuerza de trabajo","LFS","Estadísticas sobre la Fuerza Laboral (LFS)"
"EAP_TEA1_SEX_AGE_NB_M","EAP_TEA1_SEX_AGE_NB","Fuerza de trabajo, DES según sexo y edad (millares)","M","Mensual","EAP_TEA1_NB","Fuerza de trabajo, DES (definición anterior de la OIT - CIET13)","SEX_AGE","sexo, edad",1955,2026,"27/09/2026 07:14:34",93020,93020,8,,"EAP","Fuerza de trabajo","LFS","Estadísticas sobre la Fuerza Laboral (LFS)"
"EAP_TEAP_SEX_AGE_EDU_NB_A","EAP_TEAP_SEX_AGE_EDU_NB","Fuerza de trabajo según sexo, edad y educación (millares)","A","Anual","EAP_TEAP_NB","Fuerza de trabajo (definición anterior de la OIT - CIET13)","SEX_AGE_EDU","sexo, edad, educación",1970,2025,"02/10/2026 07:04:13",1630118,1850834,209,,"EAP","Fuerza de trabajo","EMI","Indicadores de Educación y Desajuste (EMI)"
"EAP_TEAP_SEX_AGE_EDU_NB_Q","EAP_TEAP_SEX_AGE_EDU_NB","Fuerza de trabajo según sexo, edad y educación (millares)","Q","Trimestral","EAP_TEAP_NB","Fuerza de trabajo (definición anterior de la OIT - CIET13)","SEX_AGE_EDU","sexo, edad, educación",1987,2026,"02/10/2026 07:05:16",2876951,3135335,102,,"EAP","Fuerza de trabajo","EMI","Indicadores de Educación y Desajuste (EMI)"
"EAP_TEAP_SEX_AGE_EDU_NB_M","EAP_TEAP_SEX_AGE_EDU_NB","Fuerza de trabajo según sexo, edad y educación (millares)","M","Mensual","EAP_TEAP_NB","Fuerza de trabajo (definición anterior de la OIT - CIET13)","SEX_AGE_EDU","sexo, edad, educación",1990,2026,"16/09/2026 07:31:16",443354,449039,15,,"EAP","Fuerza de trabajo","EMI","Indicadores de Educación y Desajuste (EMI)"
"EAP_TEAP_SEX_AGE_GEO_NB_A","EAP_TEAP_SEX_AGE_GEO_NB","Fuerza de trabajo según sexo, edad y zonas rurales / urbanas (millares)","A","Anual","EAP_TEAP_NB","Fuerza de trabajo (definición anterior de la OIT - CIET13)","SEX_AGE_GEO","sexo, edad, zonas rurales/urbanes",1970,2025,"02/10/2026 07:15:05",298026,327543,167,,"EAP","Fuerza de trabajo","RURBAN","Mercados Laborales Rurales y Urbanos (RURBAN)"
"EAP_TEAP_SEX_AGE_GEO_NB_Q","EAP_TEAP_SEX_AGE_GEO_NB","Fuerza de trabajo según sexo, edad y zonas rurales / urbanas (millares)","Q","Trimestral","EAP_TEAP_NB","Fuerza de trabajo (definición anterior de la OIT - CIET13)","SEX_AGE_GEO","sexo, edad, zonas rurales/urbanes",1987,2026,"02/10/2026 07:16:10",763125,788037,90,,"EAP","Fuerza de trabajo","RURBAN","Mercados Laborales Rurales y Urbanos (RURBAN)"
"EAP_TEAP_SEX_AGE_GEO_NB_M","EAP_TEAP_SEX_AGE_GEO_NB","Fuerza de trabajo según sexo, edad y zonas rurales / urbanas (millares)","M","Mensual","EAP_TEAP_NB","Fuerza de trabajo (definición anterior de la OIT - CIET13)","SEX_AGE_GEO","sexo, edad, zonas rurales/urbanes",2000,2026,"16/09/2026 08:32:07",158161,161563,15,,"EAP","Fuerza de trabajo","RURBAN","Mercados Laborales Rurales y Urbanos (RURBAN)"
"EAP_TEAP_SEX_AGE_MTS_NB_A","EAP_TEAP_SEX_AGE_MTS_NB","Fuerza de trabajo según sexo, edad y estado civil (millares)","A","Anual","EAP_TEAP_NB","Fuerza de trabajo (definición anterior de la OIT - CIET13)","SEX_AGE_MTS","sexo, edad, estado civil",1970,2025,"02/10/2026 07:07:11",787999,897740,176,,"EAP","Fuerza de trabajo","GEND","Indicadores de Igualdad de Género y No Discriminación (GEND)"
"EAP_TEAP_SEX_AGE_MTS_NB_Q","EAP_TEAP_SEX_AGE_MTS_NB","Fuerza de trabajo según sexo, edad y estado civil (millares)","Q","Trimestral","EAP_TEAP_NB","Fuerza de trabajo (definición anterior de la OIT - CIET13)","SEX_AGE_MTS","sexo, edad, estado civil",1987,2026,"02/10/2026 07:08:13",1173493,1175581,82,,"EAP","Fuerza de trabajo","GEND","Indicadores de Igualdad de Género y No Discriminación (GEND)"
"EAP_TEAP_SEX_AGE_DSB_NB_A","EAP_TEAP_SEX_AGE_DSB_NB","Fuerza de trabajo según sexo, edad y situación en términos de discapacidad (millares)","A","Anual","EAP_TEAP_NB","Fuerza de trabajo (definición anterior de la OIT - CIET13)","SEX_AGE_DSB","sexo, edad, situación en términos de discapacidad",1996,2025,"02/10/2026 07:02:05",82428,86478,127,,"EAP","Fuerza de trabajo","DLMI","Indicadores del mercado laboral de discapacidad"
"EAP_TEAP_SEX_AGE_DSB_NB_Q","EAP_TEAP_SEX_AGE_DSB_NB","Fuerza de trabajo según sexo, edad y situación en términos de discapacidad (millares)","Q","Trimestral","EAP_TEAP_NB","Fuerza de trabajo (definición anterior de la OIT - CIET13)","SEX_AGE_DSB","sexo, edad, situación en términos de discapacidad",1998,2026,"16/09/2026 07:14:26",50918,51242,27,,"EAP","Fuerza de trabajo","DLMI","Indicadores del mercado laboral de discapacidad"
"EAP_TEAP_SEX_AGE_CBR_NB_A","EAP_TEAP_SEX_AGE_CBR_NB","Fuerza de trabajo según sexo, edad y lugar de nacimiento (millares)","A","Anual","EAP_TEAP_NB","Fuerza de trabajo (definición anterior de la OIT - CIET13)","SEX_AGE_CBR","sexo, edad, lugar de nacimiento",1987,2025,"02/10/2026 07:09:04",138863,159376,150,,"MST","Stock internacional de migrantes","ILMS","Estadísticas de Migración Laboral Internacional (ILMS)"
"EAP_TEAP_SEX_AGE_CCT_NB_A","EAP_TEAP_SEX_AGE_CCT_NB","Fuerza de trabajo según sexo, edad y nacionalidad (millares)","A","Anual","EAP_TEAP_NB","Fuerza de trabajo (definición anterior de la OIT - CIET13)","SEX_AGE_CCT","sexo, edad, ciudadania",1991,2025,"24/09/2026 07:07:04",124187,145043,143,,"MST","Stock internacional de migrantes","ILMS","Estadísticas de Migración Laboral Internacional (ILMS)"
"EAP_TEAP_SEX_EDU_NB_A","EAP_TEAP_SEX_EDU_NB","Fuerza de trabajo según sexo y educación (millares)","A","Anual","EAP_TEAP_NB","Fuerza de trabajo (definición anterior de la OIT - CIET13)","SEX_EDU","sexo, educación",1970,2025,"02/10/2026 07:04:13",96160,108736,181,,"EAP","Fuerza de trabajo","EMI","Indicadores de Educación y Desajuste (EMI)"
"EAP_TEAP_SEX_EDU_NB_Q","EAP_TEAP_SEX_EDU_NB","Fuerza de trabajo según sexo y educación (millares)","Q","Trimestral","EAP_TEAP_NB","Fuerza de trabajo (definición anterior de la OIT - CIET13)","SEX_EDU","sexo, educación",1987,2026,"02/10/2026 07:05:16",249498,270549,101,,"EAP","Fuerza de trabajo","EMI","Indicadores de Educación y Desajuste (EMI)"
"EAP_TEAP_SEX_EDU_NB_M","EAP_TEAP_SEX_EDU_NB","Fuerza de trabajo según sexo y educación (millares)","M","Mensual","EAP_TEAP_NB","Fuerza de trabajo (definición anterior de la OIT - CIET13)","SEX_EDU","sexo, educación",1990,2026,"16/09/2026 07:31:16",50328,50994,15,,"EAP","Fuerza de trabajo","EMI","Indicadores de Educación y Desajuste (EMI)"
"EAP_TEAP_SEX_EDU_GEO_NB_A","EAP_TEAP_SEX_EDU_GEO_NB","Fuerza de trabajo según sexo, educación y áreas rurales / urbanas (millares)","A","Anual","EAP_TEAP_NB","Fuerza de trabajo (definición anterior de la OIT - CIET13)","SEX_EDU_GEO","sexo, educación, zonas rurales/urbanes",1970,2025,"02/10/2026 07:03:13",227433,248467,147,,"EAP","Fuerza de trabajo","EMI","Indicadores de Educación y Desajuste (EMI)"
"EAP_TEAP_SEX_EDU_GEO_NB_Q","EAP_TEAP_SEX_EDU_GEO_NB","Fuerza de trabajo según sexo, educación y áreas rurales / urbanas (millares)","Q","Trimestral","EAP_TEAP_NB","Fuerza de trabajo (definición anterior de la OIT - CIET13)","SEX_EDU_GEO","sexo, educación, zonas rurales/urbanes",1987,2026,"02/10/2026 07:05:16",234091,241885,85,,"EAP","Fuerza de trabajo","EMI","Indicadores de Educación y Desajuste (EMI)"
"EAP_TEAP_SEX_EDU_MTS_NB_A","EAP_TEAP_SEX_EDU_MTS_NB","Fuerza de trabajo según sexo, educación y estado civil (millares)","A","Anual","EAP_TEAP_NB","Fuerza de trabajo (definición anterior de la OIT - CIET13)","SEX_EDU_MTS","sexo, educación, estado civil",1970,2025,"02/10/2026 07:04:13",625051,705715,174,,"EAP","Fuerza de trabajo","EMI","Indicadores de Educación y Desajuste (EMI)"
"EAP_TEAP_SEX_EDU_MTS_NB_Q","EAP_TEAP_SEX_EDU_MTS_NB","Fuerza de trabajo según sexo, educación y estado civil (millares)","Q","Trimestral","EAP_TEAP_NB","Fuerza de trabajo (definición anterior de la OIT - CIET13)","SEX_EDU_MTS","sexo, educación, estado civil",1987,2026,"02/10/2026 07:05:16",197382,197598,79,,"EAP","Fuerza de trabajo","EMI","Indicadores de Educación y Desajuste (EMI)"
"EAP_TEAP_SEX_EDU_DSB_NB_A","EAP_TEAP_SEX_EDU_DSB_NB","Fuerza de trabajo según sexo, educación y situación en términos de discapacidad (millares)","A","Anual","EAP_TEAP_NB","Fuerza de trabajo (definición anterior de la OIT - CIET13)","SEX_EDU_DSB","sexo, educación, situación en términos de discapacidad",1996,2025,"02/10/2026 07:02:05",48278,50330,126,,"EAP","Fuerza de trabajo","DLMI","Indicadores del mercado laboral de discapacidad"
"EAP_TEAP_SEX_EDU_CBR_NB_A","EAP_TEAP_SEX_EDU_CBR_NB","Fuerza de trabajo según sexo, educación y lugar de nacimiento (millares)","A","Anual","EAP_TEAP_NB","Fuerza de trabajo (definición anterior de la OIT - CIET13)","SEX_EDU_CBR","sexo, educación, lugar de nacimiento",1987,2025,"02/10/2026 07:09:04",77140,86265,137,,"MST","Stock internacional de migrantes","ILMS","Estadísticas de Migración Laboral Internacional (ILMS)"
"EAP_TEAP_SEX_EDU_CCT_NB_A","EAP_TEAP_SEX_EDU_CCT_NB","Fuerza de trabajo según sexo, educación y nacionalidad (millares)","A","Anual","EAP_TEAP_NB","Fuerza de trabajo (definición anterior de la OIT - CIET13)","SEX_EDU_CCT","sexo, educación, ciudadania",1991,2025,"24/09/2026 07:07:04",69125,78760,126,,"MST","Stock internacional de migrantes","ILMS","Estadísticas de Migración Laboral Internacional (ILMS)"
"EAP_TEAP_SEX_GEO_NB_A","EAP_TEAP_SEX_GEO_NB","Fuerza de trabajo según sexo y zonas rurales / urbanas (millares)","A","Anual","EAP_TEAP_NB","Fuerza de trabajo (definición anterior de la OIT - CIET13)","SEX_GEO","sexo, zonas rurales/urbanes",1970,2025,"02/10/2026 07:15:05",18063,19671,148,,"EAP","Fuerza de trabajo","RURBAN","Mercados Laborales Rurales y Urbanos (RURBAN)"
"EAP_TEAP_SEX_GEO_NB_Q","EAP_TEAP_SEX_GEO_NB","Fuerza de trabajo según sexo y zonas rurales / urbanas (millares)","Q","Trimestral","EAP_TEAP_NB","Fuerza de trabajo (definición anterior de la OIT - CIET13)","SEX_GEO","sexo, zonas rurales/urbanes",1987,2026,"02/10/2026 07:16:10",46709,48239,88,,"EAP","Fuerza de trabajo","RURBAN","Mercados Laborales Rurales y Urbanos (RURBAN)"
"EAP_TEAP_SEX_GEO_NB_M","EAP_TEAP_SEX_GEO_NB","Fuerza de trabajo según sexo y zonas rurales / urbanas (millares)","M","Mensual","EAP_TEAP_NB","Fuerza de trabajo (definición anterior de la OIT - CIET13)","SEX_GEO","sexo, zonas rurales/urbanes",2000,2026,"16/09/2026 08:32:07",16488,16866,12,,"EAP","Fuerza de trabajo","RURBAN","Mercados Laborales Rurales y Urbanos (RURBAN)"
"EAP_TEAP_SEX_GEO_MTS_NB_A","EAP_TEAP_SEX_GEO_MTS_NB","Fuerza de trabajo según sexo, zonas rurales / urbanas y estado civil (millares)","A","Anual","EAP_TEAP_NB","Fuerza de trabajo (definición anterior de la OIT - CIET13)","SEX_GEO_MTS","sexo, zonas rurales/urbanes, estado civil",1970,2025,"02/10/2026 07:15:05",109155,120633,144,,"EAP","Fuerza de trabajo","RURBAN","Mercados Laborales Rurales y Urbanos (RURBAN)"
"EAP_TEAP_SEX_GEO_MTS_NB_Q","EAP_TEAP_SEX_GEO_MTS_NB","Fuerza de trabajo según sexo, zonas rurales / urbanas y estado civil (millares)","Q","Trimestral","EAP_TEAP_NB","Fuerza de trabajo (definición anterior de la OIT - CIET13)","SEX_GEO_MTS","sexo, zonas rurales/urbanes, estado civil",1987,2026,"02/10/2026 07:16:10",187040,187364,62,,"EAP","Fuerza de trabajo","RURBAN","Mercados Laborales Rurales y Urbanos (RURBAN)"
"EAP_TEAP_SEX_GEO_DSB_NB_A","EAP_TEAP_SEX_GEO_DSB_NB","Fuerza de trabajo según sexo, zonas rurales / urbanas and situación en términos de discapacidad (millares)","A","Anual","EAP_TEAP_NB","Fuerza de trabajo (definición anterior de la OIT - CIET13)","SEX_GEO_DSB","sexo, zonas rurales/urbanes, situación en términos de discapacidad",1996,2025,"24/09/2026 07:02:05",24375,25401,105,,"EAP","Fuerza de trabajo","DLMI","Indicadores del mercado laboral de discapacidad"
"EAP_TEAP_SEX_GEO_DSB_NB_Q","EAP_TEAP_SEX_GEO_DSB_NB","Fuerza de trabajo según sexo, zonas rurales / urbanas and situación en términos de discapacidad (millares)","Q","Trimestral","EAP_TEAP_NB","Fuerza de trabajo (definición anterior de la OIT - CIET13)","SEX_GEO_DSB","sexo, zonas rurales/urbanes, situación en términos de discapacidad",2009,2026,"16/09/2026 07:14:26",12878,12986,23,,"EAP","Fuerza de trabajo","DLMI","Indicadores del mercado laboral de discapacidad"
"EAP_TEAP_SEX_MTS_NB_A","EAP_TEAP_SEX_MTS_NB","Fuerza de trabajo según sexo y estado civil (millares)","A","Anual","EAP_TEAP_NB","Fuerza de trabajo (definición anterior de la OIT - CIET13)","SEX_MTS","sexo, estado civil",1970,2025,"02/10/2026 07:07:11",50548,57724,176,,"EAP","Fuerza de trabajo","GEND","Indicadores de Igualdad de Género y No Discriminación (GEND)"
"EAP_TEAP_SEX_MTS_NB_Q","EAP_TEAP_SEX_MTS_NB","Fuerza de trabajo según sexo y estado civil (millares)","Q","Trimestral","EAP_TEAP_NB","Fuerza de trabajo (definición anterior de la OIT - CIET13)","SEX_MTS","sexo, estado civil",1987,2026,"02/10/2026 07:08:13",102813,103002,82,,"EAP","Fuerza de trabajo","GEND","Indicadores de Igualdad de Género y No Discriminación (GEND)"
"EAP_TEAP_SEX_MTS_NB_M","EAP_TEAP_SEX_MTS_NB","Fuerza de trabajo según sexo y estado civil (millares)","M","Mensual","EAP_TEAP_NB","Fuerza de trabajo (definición anterior de la OIT - CIET13)","SEX_MTS","sexo, estado civil",1994,2026,"16/09/2026 08:03:05",28800,28800,15,,"EAP","Fuerza de trabajo","GEND","Indicadores de Igualdad de Género y No Discriminación (GEND)"
"EAP_TEAP_SEX_MTS_DSB_NB_A","EAP_TEAP_SEX_MTS_DSB_NB","Fuerza de trabajo según sexo, estado civil y situación en términos de discapacidad (millares)","A","Anual","EAP_TEAP_NB","Fuerza de trabajo (definición anterior de la OIT - CIET13)","SEX_MTS_DSB","sexo, estado civil, situación en términos de discapacidad",1996,2025,"02/10/2026 07:02:05",81515,85379,127,,"EAP","Fuerza de trabajo","DLMI","Indicadores del mercado laboral de discapacidad"
"EAP_TEAP_SEX_MTS_DSB_NB_Q","EAP_TEAP_SEX_MTS_DSB_NB","Fuerza de trabajo según sexo, estado civil y situación en términos de discapacidad (millares)","Q","Trimestral","EAP_TEAP_NB","Fuerza de trabajo (definición anterior de la OIT - CIET13)","SEX_MTS_DSB","sexo, estado civil, situación en términos de discapacidad",1998,2026,"16/09/2026 07:14:26",16651,16651,27,,"EAP","Fuerza de trabajo","DLMI","Indicadores del mercado laboral de discapacidad"
"EAP_TEAP_SEX_DSB_NB_A","EAP_TEAP_SEX_DSB_NB","Fuerza de trabajo según sexo y situación en términos de discapacidad (millares)","A","Anual","EAP_TEAP_NB","Fuerza de trabajo (definición anterior de la OIT - CIET13)","SEX_DSB","sexo, situación en términos de discapacidad",1996,2025,"02/10/2026 07:02:05",9244,9928,128,,"EAP","Fuerza de trabajo","DLMI","Indicadores del mercado laboral de discapacidad"
"EAP_TEAP_SEX_DSB_NB_Q","EAP_TEAP_SEX_DSB_NB","Fuerza de trabajo según sexo y situación en términos de discapacidad (millares)","Q","Trimestral","EAP_TEAP_NB","Fuerza de trabajo (definición anterior de la OIT - CIET13)","SEX_DSB","sexo, situación en términos de discapacidad",1998,2026,"16/09/2026 07:14:26",5704,5740,27,,"EAP","Fuerza de trabajo","DLMI","Indicadores del mercado laboral de discapacidad"
"EAP_DWAP_SEX_AGE_RT_A","EAP_DWAP_SEX_AGE_RT","Tasa de participación en la fuerza de trabajo según sexo y edad (%)","A","Anual","EAP_DWAP_RT","Tasa de participación en la fuerza de trabajo (definición anterior de la OIT - CIET13)","SEX_AGE","sexo, edad",1946,2027,"02/10/2026 07:12:21",421877,469190,316,"Y","EAP","Fuerza de trabajo","LFS","Estadísticas sobre la Fuerza Laboral (LFS)"
"EAP_DWAP_SEX_AGE_RT_Q","EAP_DWAP_SEX_AGE_RT","Tasa de participación en la fuerza de trabajo según sexo y edad (%)","Q","Trimestral","EAP_DWAP_RT","Tasa de participación en la fuerza de trabajo (definición anterior de la OIT - CIET13)","SEX_AGE","sexo, edad",1948,2026,"02/10/2026 07:13:20",665035,724930,116,,"EAP","Fuerza de trabajo","LFS","Estadísticas sobre la Fuerza Laboral (LFS)"
"EAP_DWAP_SEX_AGE_RT_M","EAP_DWAP_SEX_AGE_RT","Tasa de participación en la fuerza de trabajo según sexo y edad (%)","M","Mensual","EAP_DWAP_RT","Tasa de participación en la fuerza de trabajo (definición anterior de la OIT - CIET13)","SEX_AGE","sexo, edad",1948,2026,"20/09/2026 07:29:34",287514,289530,49,,"EAP","Fuerza de trabajo","LFS","Estadísticas sobre la Fuerza Laboral (LFS)"
"EAP_DWA1_SEX_AGE_RT_Q","EAP_DWA1_SEX_AGE_RT","Tasa de participación en la fuerza de trabajo, DES según sexo y edad (%)","Q","Trimestral","EAP_DWA1_RT","Tasa de participación en la fuerza de trabajo, DES (definición anterior de la OIT - CIET13)","SEX_AGE","sexo, edad",1955,2026,"01/10/2026 07:02:38",90687,91839,67,,"EAP","Fuerza de trabajo","LFS","Estadísticas sobre la Fuerza Laboral (LFS)"
"EAP_DWA1_SEX_AGE_RT_M","EAP_DWA1_SEX_AGE_RT","Tasa de participación en la fuerza de trabajo, DES según sexo y edad (%)","M","Mensual","EAP_DWA1_RT","Tasa de participación en la fuerza de trabajo, DES (definición anterior de la OIT - CIET13)","SEX_AGE","sexo, edad",1955,2026,"27/09/2026 07:14:34",67908,67908,7,,"EAP","Fuerza de trabajo","LFS","Estadísticas sobre la Fuerza Laboral (LFS)"
"EAP_DWAP_SEX_AGE_EDU_RT_A","EAP_DWAP_SEX_AGE_EDU_RT","Tasa de participación en la fuerza de trabajo según sexo, edad y educación (%)","A","Anual","EAP_DWAP_RT","Tasa de participación en la fuerza de trabajo (definición anterior de la OIT - CIET13)","SEX_AGE_EDU","sexo, edad, educación",1970,2025,"02/10/2026 07:04:13",1526772,1726748,193,,"EAP","Fuerza de trabajo","EMI","Indicadores de Educación y Desajuste (EMI)"
"EAP_DWAP_SEX_AGE_EDU_RT_Q","EAP_DWAP_SEX_AGE_EDU_RT","Tasa de participación en la fuerza de trabajo según sexo, edad y educación (%)","Q","Trimestral","EAP_DWAP_RT","Tasa de participación en la fuerza de trabajo (definición anterior de la OIT - CIET13)","SEX_AGE_EDU","sexo, edad, educación",1987,2026,"02/10/2026 07:05:16",2888380,3146764,103,,"EAP","Fuerza de trabajo","EMI","Indicadores de Educación y Desajuste (EMI)"
"EAP_DWAP_SEX_AGE_EDU_RT_M","EAP_DWAP_SEX_AGE_EDU_RT","Tasa de participación en la fuerza de trabajo según sexo, edad y educación (%)","M","Mensual","EAP_DWAP_RT","Tasa de participación en la fuerza de trabajo (definición anterior de la OIT - CIET13)","SEX_AGE_EDU","sexo, edad, educación",1990,2026,"16/09/2026 07:31:16",443302,448987,15,,"EAP","Fuerza de trabajo","EMI","Indicadores de Educación y Desajuste (EMI)"
"EAP_DWAP_SEX_AGE_GEO_RT_A","EAP_DWAP_SEX_AGE_GEO_RT","Tasa de participación en la fuerza de trabajo según sexo, edad y zonas rurales / urbanas (%)","A","Anual","EAP_DWAP_RT","Tasa de participación en la fuerza de trabajo (definición anterior de la OIT - CIET13)","SEX_AGE_GEO","sexo, edad, zonas rurales/urbanes",1970,2025,"02/10/2026 07:15:05",295886,323357,160,,"EAP","Fuerza de trabajo","RURBAN","Mercados Laborales Rurales y Urbanos (RURBAN)"
"EAP_DWAP_SEX_AGE_GEO_RT_Q","EAP_DWAP_SEX_AGE_GEO_RT","Tasa de participación en la fuerza de trabajo según sexo, edad y zonas rurales / urbanas (%)","Q","Trimestral","EAP_DWAP_RT","Tasa de participación en la fuerza de trabajo (definición anterior de la OIT - CIET13)","SEX_AGE_GEO","sexo, edad, zonas rurales/urbanes",1987,2026,"02/10/2026 07:16:10",761903,786815,89,,"EAP","Fuerza de trabajo","RURBAN","Mercados Laborales Rurales y Urbanos (RURBAN)"
"EAP_DWAP_SEX_AGE_GEO_RT_M","EAP_DWAP_SEX_AGE_GEO_RT","Tasa de participación en la fuerza de trabajo según sexo, edad y zonas rurales / urbanas (%)","M","Mensual","EAP_DWAP_RT","Tasa de participación en la fuerza de trabajo (definición anterior de la OIT - CIET13)","SEX_AGE_GEO","sexo, edad, zonas rurales/urbanes",2000,2026,"16/09/2026 08:32:07",158124,161526,15,,"EAP","Fuerza de trabajo","RURBAN","Mercados Laborales Rurales y Urbanos (RURBAN)"
"EAP_DWAP_SEX_AGE_MTS_RT_A","EAP_DWAP_SEX_AGE_MTS_RT","Tasa de participacion en la fuerza de trabajo según sexo y estado civil (%)","A","Anual","EAP_DWAP_RT","Tasa de participación en la fuerza de trabajo (definición anterior de la OIT - CIET13)","SEX_AGE_MTS","sexo, edad, estado civil",1970,2025,"02/10/2026 07:07:11",789069,898803,177,,"EAP","Fuerza de trabajo","GEND","Indicadores de Igualdad de Género y No Discriminación (GEND)"
"EAP_DWAP_SEX_AGE_MTS_RT_Q","EAP_DWAP_SEX_AGE_MTS_RT","Tasa de participacion en la fuerza de trabajo según sexo y estado civil (%)","Q","Trimestral","EAP_DWAP_RT","Tasa de participación en la fuerza de trabajo (definición anterior de la OIT - CIET13)","SEX_AGE_MTS","sexo, edad, estado civil",1987,2026,"02/10/2026 07:08:13",1179560,1181648,83,,"EAP","Fuerza de trabajo","GEND","Indicadores de Igualdad de Género y No Discriminación (GEND)"
"EAP_DWAP_SEX_AGE_DSB_RT_A","EAP_DWAP_SEX_AGE_DSB_RT","Tasa de participación en la fuerza de trabajo según sexo, edad y situación en términos de discapacidad (%)","A","Anual","EAP_DWAP_RT","Tasa de participación en la fuerza de trabajo (definición anterior de la OIT - CIET13)","SEX_AGE_DSB","sexo, edad, situación en términos de discapacidad",1996,2025,"02/10/2026 07:02:05",82500,86550,128,,"EAP","Fuerza de trabajo","DLMI","Indicadores del mercado laboral de discapacidad"
"EAP_DWAP_SEX_AGE_DSB_RT_Q","EAP_DWAP_SEX_AGE_DSB_RT","Tasa de participación en la fuerza de trabajo según sexo, edad y situación en términos de discapacidad (%)","Q","Trimestral","EAP_DWAP_RT","Tasa de participación en la fuerza de trabajo (definición anterior de la OIT - CIET13)","SEX_AGE_DSB","sexo, edad, situación en términos de discapacidad",1998,2026,"16/09/2026 07:14:26",50918,51242,27,,"EAP","Fuerza de trabajo","DLMI","Indicadores del mercado laboral de discapacidad"
"EAP_DWAP_SEX_AGE_CBR_RT_A","EAP_DWAP_SEX_AGE_CBR_RT","Tasa de participación en la fuerza de trabajo según sexo, edad y lugar de nacimiento (%)","A","Anual","EAP_DWAP_RT","Tasa de participación en la fuerza de trabajo (definición anterior de la OIT - CIET13)","SEX_AGE_CBR","sexo, edad, lugar de nacimiento",1987,2025,"02/10/2026 07:09:04",138089,157805,149,,"MST","Stock internacional de migrantes","ILMS","Estadísticas de Migración Laboral Internacional (ILMS)"
"EAP_DWAP_SEX_AGE_CCT_RT_A","EAP_DWAP_SEX_AGE_CCT_RT","Tasa de participación en la fuerza de trabajo según sexo, edad y nacionalidad (%)","A","Anual","EAP_DWAP_RT","Tasa de participación en la fuerza de trabajo (definición anterior de la OIT - CIET13)","SEX_AGE_CCT","sexo, edad, ciudadania",1991,2025,"24/09/2026 07:07:04",123981,144031,141,,"MST","Stock internacional de migrantes","ILMS","Estadísticas de Migración Laboral Internacional (ILMS)"
"EAP_DWAP_SEX_EDU_RT_A","EAP_DWAP_SEX_EDU_RT","Tasa de participación en la fuerza de trabajo según sexo y educación (%)","A","Anual","EAP_DWAP_RT","Tasa de participación en la fuerza de trabajo (definición anterior de la OIT - CIET13)","SEX_EDU","sexo, educación",1970,2025,"02/10/2026 07:04:13",96457,109026,182,,"EAP","Fuerza de trabajo","EMI","Indicadores de Educación y Desajuste (EMI)"
"EAP_DWAP_SEX_EDU_RT_Q","EAP_DWAP_SEX_EDU_RT","Tasa de participación en la fuerza de trabajo según sexo y educación (%)","Q","Trimestral","EAP_DWAP_RT","Tasa de participación en la fuerza de trabajo (definición anterior de la OIT - CIET13)","SEX_EDU","sexo, educación",1987,2026,"02/10/2026 07:05:16",251358,272409,102,,"EAP","Fuerza de trabajo","EMI","Indicadores de Educación y Desajuste (EMI)"
"EAP_DWAP_SEX_EDU_RT_M","EAP_DWAP_SEX_EDU_RT","Tasa de participación en la fuerza de trabajo según sexo y educación (%)","M","Mensual","EAP_DWAP_RT","Tasa de participación en la fuerza de trabajo (definición anterior de la OIT - CIET13)","SEX_EDU","sexo, educación",1990,2026,"16/09/2026 07:31:16",50328,50994,15,,"EAP","Fuerza de trabajo","EMI","Indicadores de Educación y Desajuste (EMI)"
"EAP_DWAP_SEX_EDU_GEO_RT_A","EAP_DWAP_SEX_EDU_GEO_RT","Tasa de participación en la fuerza de trabajo según sexo, educación y áreas rurales / urbanas (%)","A","Anual","EAP_DWAP_RT","Tasa de participación en la fuerza de trabajo (definición anterior de la OIT - CIET13)","SEX_EDU_GEO","sexo, educación, zonas rurales/urbanes",1970,2025,"02/10/2026 07:03:13",227188,248233,147,,"EAP","Fuerza de trabajo","EMI","Indicadores de Educación y Desajuste (EMI)"
"EAP_DWAP_SEX_EDU_GEO_RT_Q","EAP_DWAP_SEX_EDU_GEO_RT","Tasa de participación en la fuerza de trabajo según sexo, educación y áreas rurales / urbanas (%)","Q","Trimestral","EAP_DWAP_RT","Tasa de participación en la fuerza de trabajo (definición anterior de la OIT - CIET13)","SEX_EDU_GEO","sexo, educación, zonas rurales/urbanes",1987,2026,"02/10/2026 07:05:16",234091,241885,85,,"EAP","Fuerza de trabajo","EMI","Indicadores de Educación y Desajuste (EMI)"
"EAP_DWAP_SEX_EDU_MTS_RT_A","EAP_DWAP_SEX_EDU_MTS_RT","Tasa de participación en la fuerza de trabajo según sexo, educación y estado civil (%)","A","Anual","EAP_DWAP_RT","Tasa de participación en la fuerza de trabajo (definición anterior de la OIT - CIET13)","SEX_EDU_MTS","sexo, educación, estado civil",1970,2025,"02/10/2026 07:04:13",626917,707579,175,,"EAP","Fuerza de trabajo","EMI","Indicadores de Educación y Desajuste (EMI)"
"EAP_DWAP_SEX_EDU_MTS_RT_Q","EAP_DWAP_SEX_EDU_MTS_RT","Tasa de participación en la fuerza de trabajo según sexo, educación y estado civil (%)","Q","Trimestral","EAP_DWAP_RT","Tasa de participación en la fuerza de trabajo (definición anterior de la OIT - CIET13)","SEX_EDU_MTS","sexo, educación, estado civil",1987,2026,"02/10/2026 07:05:16",198672,198888,80,,"EAP","Fuerza de trabajo","EMI","Indicadores de Educación y Desajuste (EMI)"
"EAP_DWAP_SEX_EDU_DSB_RT_A","EAP_DWAP_SEX_EDU_DSB_RT","Tasa de participación en la fuerza de trabajo según sexo, educación y situación en términos de discapacidad (%)","A","Anual","EAP_DWAP_RT","Tasa de participación en la fuerza de trabajo (definición anterior de la OIT - CIET13)","SEX_EDU_DSB","sexo, educación, situación en términos de discapacidad",1996,2025,"02/10/2026 07:02:05",48278,50330,126,,"EAP","Fuerza de trabajo","DLMI","Indicadores del mercado laboral de discapacidad"
"EAP_DWAP_SEX_EDU_CBR_RT_A","EAP_DWAP_SEX_EDU_CBR_RT","Tasa de participación en la fuerza de trabajo según sexo, edad y nacionalidad según sexo, educación y lugar de nacimiento (%)","A","Anual","EAP_DWAP_RT","Tasa de participación en la fuerza de trabajo (definición anterior de la OIT - CIET13)","SEX_EDU_CBR","sexo, educación, lugar de nacimiento",1987,2025,"02/10/2026 07:09:04",76923,86038,137,,"MST","Stock internacional de migrantes","ILMS","Estadísticas de Migración Laboral Internacional (ILMS)"
"EAP_DWAP_SEX_EDU_CCT_RT_A","EAP_DWAP_SEX_EDU_CCT_RT","Tasa de participación en la fuerza de trabajo según sexo, edad y nacionalidad según sexo, educación y nacionalidad (%)","A","Anual","EAP_DWAP_RT","Tasa de participación en la fuerza de trabajo (definición anterior de la OIT - CIET13)","SEX_EDU_CCT","sexo, educación, ciudadania",1991,2025,"24/09/2026 07:07:04",69155,78780,127,,"MST","Stock internacional de migrantes","ILMS","Estadísticas de Migración Laboral Internacional (ILMS)"
"EAP_DWAP_SEX_GEO_RT_A","EAP_DWAP_SEX_GEO_RT","Tasa de participación en la fuerza de trabajo según sexo y zonas rurales / urbanas (%)","A","Anual","EAP_DWAP_RT","Tasa de participación en la fuerza de trabajo (definición anterior de la OIT - CIET13)","SEX_GEO","sexo, zonas rurales/urbanes",1970,2025,"02/10/2026 07:15:05",18063,19671,148,,"EAP","Fuerza de trabajo","RURBAN","Mercados Laborales Rurales y Urbanos (RURBAN)"
"EAP_DWAP_SEX_GEO_RT_Q","EAP_DWAP_SEX_GEO_RT","Tasa de participación en la fuerza de trabajo según sexo y zonas rurales / urbanas (%)","Q","Trimestral","EAP_DWAP_RT","Tasa de participación en la fuerza de trabajo (definición anterior de la OIT - CIET13)","SEX_GEO","sexo, zonas rurales/urbanes",1987,2026,"02/10/2026 07:16:10",46709,48239,88,,"EAP","Fuerza de trabajo","RURBAN","Mercados Laborales Rurales y Urbanos (RURBAN)"
"EAP_DWAP_SEX_GEO_RT_M","EAP_DWAP_SEX_GEO_RT","Tasa de participación en la fuerza de trabajo según sexo y zonas rurales / urbanas (%)","M","Mensual","EAP_DWAP_RT","Tasa de participación en la fuerza de trabajo (definición anterior de la OIT - CIET13)","SEX_GEO","sexo, zonas rurales/urbanes",2000,2026,"16/09/2026 08:32:07",16488,16866,12,,"EAP","Fuerza de trabajo","RURBAN","Mercados Laborales Rurales y Urbanos (RURBAN)"
"EAP_DWAP_SEX_GEO_MTS_RT_A","EAP_DWAP_SEX_GEO_MTS_RT","Tasa de participación en la fuerza de trabajo según sexo, zonas rurales / urbanas y estado civil (%)","A","Anual","EAP_DWAP_RT","Tasa de participación en la fuerza de trabajo (definición anterior de la OIT - CIET13)","SEX_GEO_MTS","sexo, zonas rurales/urbanes, estado civil",1970,2025,"02/10/2026 07:15:05",109155,120633,144,,"EAP","Fuerza de trabajo","RURBAN","Mercados Laborales Rurales y Urbanos (RURBAN)"
"EAP_DWAP_SEX_GEO_MTS_RT_Q","EAP_DWAP_SEX_GEO_MTS_RT","Tasa de participación en la fuerza de trabajo según sexo, zonas rurales / urbanas y estado civil (%)","Q","Trimestral","EAP_DWAP_RT","Tasa de participación en la fuerza de trabajo (definición anterior de la OIT - CIET13)","SEX_GEO_MTS","sexo, zonas rurales/urbanes, estado civil",1987,2026,"02/10/2026 07:16:10",187040,187364,62,,"EAP","Fuerza de trabajo","RURBAN","Mercados Laborales Rurales y Urbanos (RURBAN)"
"EAP_DWAP_SEX_GEO_DSB_RT_A","EAP_DWAP_SEX_GEO_DSB_RT","Tasa de participación en la fuerza de trabajo según sexo, zonas rurales / urbanas and situación en términos de discapacidad (%)","A","Anual","EAP_DWAP_RT","Tasa de participación en la fuerza de trabajo (definición anterior de la OIT - CIET13)","SEX_GEO_DSB","sexo, zonas rurales/urbanes, situación en términos de discapacidad",1996,2025,"24/09/2026 07:02:05",24375,25401,105,,"EAP","Fuerza de trabajo","DLMI","Indicadores del mercado laboral de discapacidad"
"EAP_DWAP_SEX_GEO_DSB_RT_Q","EAP_DWAP_SEX_GEO_DSB_RT","Tasa de participación en la fuerza de trabajo según sexo, zonas rurales / urbanas and situación en términos de discapacidad (%)","Q","Trimestral","EAP_DWAP_RT","Tasa de participación en la fuerza de trabajo (definición anterior de la OIT - CIET13)","SEX_GEO_DSB","sexo, zonas rurales/urbanes, situación en términos de discapacidad",2009,2026,"16/09/2026 07:14:26",12878,12986,23,,"EAP","Fuerza de trabajo","DLMI","Indicadores del mercado laboral de discapacidad"
"EAP_DWAP_SEX_MTS_RT_A","EAP_DWAP_SEX_MTS_RT","Tasa de participacion en la fuerza de trabajo según sexo y estado civil (%)","A","Anual","EAP_DWAP_RT","Tasa de participación en la fuerza de trabajo (definición anterior de la OIT - CIET13)","SEX_MTS","sexo, estado civil",1970,2025,"02/10/2026 07:07:11",50674,57850,177,,"EAP","Fuerza de trabajo","GEND","Indicadores de Igualdad de Género y No Discriminación (GEND)"
"EAP_DWAP_SEX_MTS_RT_Q","EAP_DWAP_SEX_MTS_RT","Tasa de participacion en la fuerza de trabajo según sexo y estado civil (%)","Q","Trimestral","EAP_DWAP_RT","Tasa de participación en la fuerza de trabajo (definición anterior de la OIT - CIET13)","SEX_MTS","sexo, estado civil",1987,2026,"02/10/2026 07:08:13",103497,103686,83,,"EAP","Fuerza de trabajo","GEND","Indicadores de Igualdad de Género y No Discriminación (GEND)"
"EAP_DWAP_SEX_MTS_RT_M","EAP_DWAP_SEX_MTS_RT","Tasa de participacion en la fuerza de trabajo según sexo y estado civil (%)","M","Mensual","EAP_DWAP_RT","Tasa de participación en la fuerza de trabajo (definición anterior de la OIT - CIET13)","SEX_MTS","sexo, estado civil",1994,2026,"16/09/2026 08:03:05",28800,28800,15,,"EAP","Fuerza de trabajo","GEND","Indicadores de Igualdad de Género y No Discriminación (GEND)"
"EAP_DWAP_SEX_MTS_DSB_RT_A","EAP_DWAP_SEX_MTS_DSB_RT","Tasa de participación en la fuerza de trabajo según sexo, estado civil and situación en términos de discapacidad (%)","A","Anual","EAP_DWAP_RT","Tasa de participación en la fuerza de trabajo (definición anterior de la OIT - CIET13)","SEX_MTS_DSB","sexo, estado civil, situación en términos de discapacidad",1996,2025,"02/10/2026 07:02:05",81515,85379,127,,"EAP","Fuerza de trabajo","DLMI","Indicadores del mercado laboral de discapacidad"
"EAP_DWAP_SEX_MTS_DSB_RT_Q","EAP_DWAP_SEX_MTS_DSB_RT","Tasa de participación en la fuerza de trabajo según sexo, estado civil and situación en términos de discapacidad (%)","Q","Trimestral","EAP_DWAP_RT","Tasa de participación en la fuerza de trabajo (definición anterior de la OIT - CIET13)","SEX_MTS_DSB","sexo, estado civil, situación en términos de discapacidad",1998,2026,"16/09/2026 07:14:26",16651,16651,27,,"EAP","Fuerza de trabajo","DLMI","Indicadores del mercado laboral de discapacidad"
"EAP_DWAP_SEX_DSB_RT_A","EAP_DWAP_SEX_DSB_RT","Tasa de participación en la fuerza de trabajo según sexo y situación en términos de discapacidad (%)","A","Anual","EAP_DWAP_RT","Tasa de participación en la fuerza de trabajo (definición anterior de la OIT - CIET13)","SEX_DSB","sexo, situación en términos de discapacidad",1996,2025,"02/10/2026 07:02:05",9244,9928,128,,"EAP","Fuerza de trabajo","DLMI","Indicadores del mercado laboral de discapacidad"
"EAP_DWAP_SEX_DSB_RT_Q","EAP_DWAP_SEX_DSB_RT","Tasa de participación en la fuerza de trabajo según sexo y situación en términos de discapacidad (%)","Q","Trimestral","EAP_DWAP_RT","Tasa de participación en la fuerza de trabajo (definición anterior de la OIT - CIET13)","SEX_DSB","sexo, situación en términos de discapacidad",1998,2026,"16/09/2026 07:14:26",5704,5740,27,,"EAP","Fuerza de trabajo","DLMI","Indicadores del mercado laboral de discapacidad"
"GED_PLFP_SEX_HHT_RT_A","GED_PLFP_SEX_HHT_RT","Tasa de participación en la fuerza de trabajo para personas de 25 a 54 años según sexo y tipo de hogar (%)","A","Anual","GED_PLFP_RT","Tasa de participación en la fuerza de trabajo para personas de 25 a 54 años (definición anterior de la OIT - CIET13)","SEX_HHT","sexo, tipo de hogar",2000,2026,"02/09/2026 07:06:04",20503,21727,121,,"EAP","Fuerza de trabajo","GEND","Indicadores de Igualdad de Género y No Discriminación (GEND)"
"GED_PLFP_SEX_HHT_GEO_RT_A","GED_PLFP_SEX_HHT_GEO_RT","Tasa de participación en la fuerza de trabajo para personas de 25 a 54 años según sexo, tipo de hogar y zonas rurales / urbanas (%)","A","Anual","GED_PLFP_RT","Tasa de participación en la fuerza de trabajo para personas de 25 a 54 años (definición anterior de la OIT - CIET13)","SEX_HHT_GEO","sexo, tipo de hogar, zonas rurales/urbanes",2000,2026,"02/09/2026 07:06:04",61348,65020,121,,"EAP","Fuerza de trabajo","GEND","Indicadores de Igualdad de Género y No Discriminación (GEND)"
"GED_PLFP_SEX_HHT_CHL_RT_A","GED_PLFP_SEX_HHT_CHL_RT","Tasa de participación en la fuerza de trabajo para personas de 25 a 54 años según sexo, tipo de hogar y presencia de niños (%)","A","Anual","GED_PLFP_RT","Tasa de participación en la fuerza de trabajo para personas de 25 a 54 años (definición anterior de la OIT - CIET13)","SEX_HHT_CHL","sexo, tipo de hogar, presencia de niños",2000,2026,"02/09/2026 07:06:04",163384,174433,153,,"EAP","Fuerza de trabajo","GEND","Indicadores de Igualdad de Género y No Discriminación (GEND)"
"EMP_TEMP_SEX_AGE_NB_A","EMP_TEMP_SEX_AGE_NB","Ocupación según sexo y edad (millares)","A","Anual","EMP_TEMP_NB","Ocupación (definición anterior de la OIT - CIET13)","SEX_AGE","sexo, edad",1947,2025,"02/10/2026 07:12:21",308477,393406,226,,"EMP","Ocupación","LFS","Estadísticas sobre la Fuerza Laboral (LFS)"
"EMP_TEMP_SEX_AGE_NB_Q","EMP_TEMP_SEX_AGE_NB","Ocupación según sexo y edad (millares)","Q","Trimestral","EMP_TEMP_NB","Ocupación (definición anterior de la OIT - CIET13)","SEX_AGE","sexo, edad",1948,2026,"02/10/2026 07:13:20",680243,740367,124,,"EMP","Ocupación","LFS","Estadísticas sobre la Fuerza Laboral (LFS)"
"EMP_TEMP_SEX_AGE_NB_M","EMP_TEMP_SEX_AGE_NB","Ocupación según sexo y edad (millares)","M","Mensual","EMP_TEMP_NB","Ocupación (definición anterior de la OIT - CIET13)","SEX_AGE","sexo, edad",1948,2026,"20/09/2026 07:29:34",299163,301191,66,,"EMP","Ocupación","LFS","Estadísticas sobre la Fuerza Laboral (LFS)"
"EMP_TEMP_SEX_AGE_EDU_NB_A","EMP_TEMP_SEX_AGE_EDU_NB","Ocupación según sexo, edad y educación (millares)","A","Anual","EMP_TEMP_NB","Ocupación (definición anterior de la OIT - CIET13)","SEX_AGE_EDU","sexo, edad, educación",1970,2025,"02/10/2026 07:04:13",1547739,1879783,205,,"EMP","Ocupación","EMI","Indicadores de Educación y Desajuste (EMI)"
"EMP_TEMP_SEX_AGE_EDU_NB_Q","EMP_TEMP_SEX_AGE_EDU_NB","Ocupación según sexo, edad y educación (millares)","Q","Trimestral","EMP_TEMP_NB","Ocupación (definición anterior de la OIT - CIET13)","SEX_AGE_EDU","sexo, edad, educación",1980,2026,"02/10/2026 07:06:17",2864370,3121529,102,,"EMP","Ocupación","EMI","Indicadores de Educación y Desajuste (EMI)"
"EMP_TEMP_SEX_AGE_EDU_NB_M","EMP_TEMP_SEX_AGE_EDU_NB","Ocupación según sexo, edad y educación (millares)","M","Mensual","EMP_TEMP_NB","Ocupación (definición anterior de la OIT - CIET13)","SEX_AGE_EDU","sexo, edad, educación",1982,2026,"16/09/2026 07:31:16",445156,450802,15,,"EMP","Ocupación","EMI","Indicadores de Educación y Desajuste (EMI)"
"EMP_TEMP_SEX_AGE_GEO_NB_A","EMP_TEMP_SEX_AGE_GEO_NB","Ocupación según sexo, edad y zonas rurales / urbanas (millares)","A","Anual","EMP_TEMP_NB","Ocupación (definición anterior de la OIT - CIET13)","SEX_AGE_GEO","sexo, edad, zonas rurales/urbanes",1952,2025,"02/10/2026 07:15:05",299784,394047,169,,"EMP","Ocupación","RURBAN","Mercados Laborales Rurales y Urbanos (RURBAN)"
"EMP_TEMP_SEX_AGE_GEO_NB_Q","EMP_TEMP_SEX_AGE_GEO_NB","Ocupación según sexo, edad y zonas rurales / urbanas (millares)","Q","Trimestral","EMP_TEMP_NB","Ocupación (definición anterior de la OIT - CIET13)","SEX_AGE_GEO","sexo, edad, zonas rurales/urbanes",1987,2026,"02/10/2026 07:16:10",763031,787943,90,,"EMP","Ocupación","RURBAN","Mercados Laborales Rurales y Urbanos (RURBAN)"
"EMP_TEMP_SEX_AGE_GEO_NB_M","EMP_TEMP_SEX_AGE_GEO_NB","Ocupación según sexo, edad y zonas rurales / urbanas (millares)","M","Mensual","EMP_TEMP_NB","Ocupación (definición anterior de la OIT - CIET13)","SEX_AGE_GEO","sexo, edad, zonas rurales/urbanes",2000,2026,"16/09/2026 08:32:07",158161,161563,15,,"EMP","Ocupación","RURBAN","Mercados Laborales Rurales y Urbanos (RURBAN)"
"EMP_TEMP_SEX_AGE_MTS_NB_A","EMP_TEMP_SEX_AGE_MTS_NB","Ocupación según sexo, edad y estado civil (millares)","A","Anual","EMP_TEMP_NB","Ocupación (definición anterior de la OIT - CIET13)","SEX_AGE_MTS","sexo, edad, estado civil",1970,2025,"02/10/2026 07:07:11",831963,1106771,176,,"EMP","Ocupación","GEND","Indicadores de Igualdad de Género y No Discriminación (GEND)"
"EMP_TEMP_SEX_AGE_MTS_NB_Q","EMP_TEMP_SEX_AGE_MTS_NB","Ocupación según sexo, edad y estado civil (millares)","Q","Trimestral","EMP_TEMP_NB","Ocupación (definición anterior de la OIT - CIET13)","SEX_AGE_MTS","sexo, edad, estado civil",1987,2026,"02/10/2026 07:08:13",1169722,1171801,82,,"EMP","Ocupación","GEND","Indicadores de Igualdad de Género y No Discriminación (GEND)"
"EMP_TEMP_SEX_AGE_DSB_NB_A","EMP_TEMP_SEX_AGE_DSB_NB","Ocupación según sexo, edad y situación en términos de discapacidad (millares)","A","Anual","EMP_TEMP_NB","Ocupación (definición anterior de la OIT - CIET13)","SEX_AGE_DSB","sexo, edad, situación en términos de discapacidad",1996,2025,"02/10/2026 07:02:05",81978,86028,127,,"EMP","Ocupación","DLMI","Indicadores del mercado laboral de discapacidad"
"EMP_TEMP_SEX_AGE_DSB_NB_Q","EMP_TEMP_SEX_AGE_DSB_NB","Ocupación según sexo, edad y situación en términos de discapacidad (millares)","Q","Trimestral","EMP_TEMP_NB","Ocupación (definición anterior de la OIT - CIET13)","SEX_AGE_DSB","sexo, edad, situación en términos de discapacidad",1998,2026,"16/09/2026 07:14:26",50879,51203,27,,"EMP","Ocupación","DLMI","Indicadores del mercado laboral de discapacidad"
"EMP_TEMP_SEX_AGE_CBR_NB_A","EMP_TEMP_SEX_AGE_CBR_NB","Ocupación según sexo, edad y lugar de nacimiento (millares)","A","Anual","EMP_TEMP_NB","Ocupación (definición anterior de la OIT - CIET13)","SEX_AGE_CBR","sexo, edad, lugar de nacimiento",1987,2025,"02/10/2026 07:09:04",140094,161235,156,,"MST","Stock internacional de migrantes","ILMS","Estadísticas de Migración Laboral Internacional (ILMS)"
"EMP_TEMP_SEX_AGE_CCT_NB_A","EMP_TEMP_SEX_AGE_CCT_NB","Ocupación según sexo, edad y nacionalidad (millares)","A","Anual","EMP_TEMP_NB","Ocupación (definición anterior de la OIT - CIET13)","SEX_AGE_CCT","sexo, edad, ciudadania",1990,2025,"24/09/2026 07:07:04",124064,145463,147,,"MST","Stock internacional de migrantes","ILMS","Estadísticas de Migración Laboral Internacional (ILMS)"
"EMP_TEMP_AGE_STE_NB_A","EMP_TEMP_AGE_STE_NB","Ocupación según edad y situación en la ocupación (millares)","A","Anual","EMP_TEMP_NB","Ocupación (definición anterior de la OIT - CIET13)","AGE_STE","edad, situación en el empleo",1970,2025,"02/10/2026 07:12:21",402706,450889,267,"Y","EMP","Ocupación","LFS","Estadísticas sobre la Fuerza Laboral (LFS)"
"EMP_TEMP_SEX_AGE_STE_NB_A","EMP_TEMP_SEX_AGE_STE_NB","Ocupación según sexo, edad y situación en la ocupación (millares)","A","Anual","EMP_TEMP_NB","Ocupación (definición anterior de la OIT - CIET13)","SEX_AGE_STE","sexo, edad, situación en el empleo",1970,2025,"02/10/2026 07:12:21",600079,682341,180,,"EMP","Ocupación","LFS","Estadísticas sobre la Fuerza Laboral (LFS)"
"EMP_TEMP_SEX_AGE_STE_NB_Q","EMP_TEMP_SEX_AGE_STE_NB","Ocupación según sexo, edad y situación en la ocupación (millares)","Q","Trimestral","EMP_TEMP_NB","Ocupación (definición anterior de la OIT - CIET13)","SEX_AGE_STE","sexo, edad, situación en el empleo",1976,2026,"02/10/2026 07:13:20",1478131,1630102,103,,"EMP","Ocupación","LFS","Estadísticas sobre la Fuerza Laboral (LFS)"
"EMP_TEMP_SEX_AGE_ECO_NB_A","EMP_TEMP_SEX_AGE_ECO_NB","Ocupación según sexo, edad y actividad económica (millares)","A","Anual","EMP_TEMP_NB","Ocupación (definición anterior de la OIT - CIET13)","SEX_AGE_ECO","sexo, edad, actividad económica",1970,2025,"02/10/2026 07:12:21",2800009,3581941,181,,"EMP","Ocupación","LFS","Estadísticas sobre la Fuerza Laboral (LFS)"
"EMP_TEMP_SEX_AGE_ECO_NB_Q","EMP_TEMP_SEX_AGE_ECO_NB","Ocupación según sexo, edad y actividad económica (millares)","Q","Trimestral","EMP_TEMP_NB","Ocupación (definición anterior de la OIT - CIET13)","SEX_AGE_ECO","sexo, edad, actividad económica",1976,2026,"02/10/2026 07:13:20",2266473,2434756,102,,"EMP","Ocupación","LFS","Estadísticas sobre la Fuerza Laboral (LFS)"
"EMP_TEMP_SEX_AGE_OCU_NB_A","EMP_TEMP_SEX_AGE_OCU_NB","Ocupación según sexo, edad y ocupación (millares)","A","Anual","EMP_TEMP_NB","Ocupación (definición anterior de la OIT - CIET13)","SEX_AGE_OCU","sexo, edad, ocupación",1982,2025,"02/10/2026 07:12:21",1234417,1681311,178,,"EMP","Ocupación","LFS","Estadísticas sobre la Fuerza Laboral (LFS)"
"EMP_TEMP_SEX_AGE_OCU_NB_Q","EMP_TEMP_SEX_AGE_OCU_NB","Ocupación según sexo, edad y ocupación (millares)","Q","Trimestral","EMP_TEMP_NB","Ocupación (definición anterior de la OIT - CIET13)","SEX_AGE_OCU","sexo, edad, ocupación",1992,2026,"02/10/2026 07:13:20",1449217,1614408,100,,"EMP","Ocupación","LFS","Estadísticas sobre la Fuerza Laboral (LFS)"
"EMP_TEMP_SEX_AGE_INS_NB_A","EMP_TEMP_SEX_AGE_INS_NB","Ocupación según sexo, edad y sector público/privado (millares)","A","Anual","EMP_TEMP_NB","Ocupación (definición anterior de la OIT - CIET13)","SEX_AGE_INS","sexo, edad, sector público/privado",1976,2025,"02/10/2026 07:12:21",233287,254522,150,,"EMP","Ocupación","LFS","Estadísticas sobre la Fuerza Laboral (LFS)"
"EMP_TEMP_SEX_AGE_INS_NB_Q","EMP_TEMP_SEX_AGE_INS_NB","Ocupación según sexo, edad y sector público/privado (millares)","Q","Trimestral","EMP_TEMP_NB","Ocupación (definición anterior de la OIT - CIET13)","SEX_AGE_INS","sexo, edad, sector público/privado",1976,2026,"02/10/2026 07:13:20",307361,309708,76,,"EMP","Ocupación","LFS","Estadísticas sobre la Fuerza Laboral (LFS)"
"EMP_TEMP_SEX_AGE_JBT_NB_A","EMP_TEMP_SEX_AGE_JBT_NB","Ocupación según sexo, edad y ordenamiento del tiempo de trabajo (millares)","A","Anual","EMP_TEMP_NB","Ocupación (definición anterior de la OIT - CIET13)","SEX_AGE_JBT","sexo, edad, ordenamiento del tiempo de trabajo",1976,2025,"02/10/2026 07:00:09",366682,495952,189,,"EMP","Ocupación","COND","Estadísticas de Salarios y Tiempo de Trabajo (COND)"
"EMP_TEMP_SEX_AGE_JBT_NB_Q","EMP_TEMP_SEX_AGE_JBT_NB","Ocupación según sexo, edad y ordenamiento del tiempo de trabajo (millares)","Q","Trimestral","EMP_TEMP_NB","Ocupación (definición anterior de la OIT - CIET13)","SEX_AGE_JBT","sexo, edad, ordenamiento del tiempo de trabajo",1976,2026,"02/10/2026 07:01:11",988371,1095308,103,,"EMP","Ocupación","COND","Estadísticas de Salarios y Tiempo de Trabajo (COND)"
"EMP_TEMP_SEX_AGE_JBT_NB_M","EMP_TEMP_SEX_AGE_JBT_NB","Ocupación según sexo, edad y ordenamiento del tiempo de trabajo (millares)","M","Mensual","EMP_TEMP_NB","Ocupación (definición anterior de la OIT - CIET13)","SEX_AGE_JBT","sexo, edad, ordenamiento del tiempo de trabajo",1976,2026,"16/09/2026 07:05:10",113046,114180,17,,"EMP","Ocupación","COND","Estadísticas de Salarios y Tiempo de Trabajo (COND)"
"EMP_TEMP_SEX_AGE_CLA_NB_A","EMP_TEMP_SEX_AGE_CLA_NB","Ocupación según sexo, edad y clase económica (millares)","A","Anual","EMP_TEMP_NB","Ocupación (definición anterior de la OIT - CIET13)","SEX_AGE_CLA","sexo, edad, clase económica",1991,2025,"24/09/2026 07:10:19",106612,107077,140,"Y","POV","Pobreza laboral","LFS","Estadísticas sobre la Fuerza Laboral (LFS)"
"EMP_TEMP_SEX_EDU_NB_A","EMP_TEMP_SEX_EDU_NB","Ocupación según sexo y educación (millares)","A","Anual","EMP_TEMP_NB","Ocupación (definición anterior de la OIT - CIET13)","SEX_EDU","sexo, educación",1970,2025,"02/10/2026 07:04:13",96041,116390,181,,"EMP","Ocupación","EMI","Indicadores de Educación y Desajuste (EMI)"
"EMP_TEMP_SEX_EDU_NB_Q","EMP_TEMP_SEX_EDU_NB","Ocupación según sexo y educación (millares)","Q","Trimestral","EMP_TEMP_NB","Ocupación (definición anterior de la OIT - CIET13)","SEX_EDU","sexo, educación",1987,2026,"02/10/2026 07:06:17",248980,270022,101,,"EMP","Ocupación","EMI","Indicadores de Educación y Desajuste (EMI)"
"EMP_TEMP_SEX_EDU_NB_M","EMP_TEMP_SEX_EDU_NB","Ocupación según sexo y educación (millares)","M","Mensual","EMP_TEMP_NB","Ocupación (definición anterior de la OIT - CIET13)","SEX_EDU","sexo, educación",1990,2026,"16/09/2026 07:31:16",50313,50976,15,,"EMP","Ocupación","EMI","Indicadores de Educación y Desajuste (EMI)"
"EMP_TEMP_SEX_EDU_GEO_NB_A","EMP_TEMP_SEX_EDU_GEO_NB","Ocupación según sexo, educación y áreas rurales / urbanas (millares)","A","Anual","EMP_TEMP_NB","Ocupación (definición anterior de la OIT - CIET13)","SEX_EDU_GEO","sexo, educación, zonas rurales/urbanes",1970,2025,"02/10/2026 07:03:13",227442,269320,147,,"EMP","Ocupación","EMI","Indicadores de Educación y Desajuste (EMI)"
"EMP_TEMP_SEX_EDU_GEO_NB_Q","EMP_TEMP_SEX_EDU_GEO_NB","Ocupación según sexo, educación y áreas rurales / urbanas (millares)","Q","Trimestral","EMP_TEMP_NB","Ocupación (definición anterior de la OIT - CIET13)","SEX_EDU_GEO","sexo, educación, zonas rurales/urbanes",1987,2026,"02/10/2026 07:06:17",233588,241349,85,,"EMP","Ocupación","EMI","Indicadores de Educación y Desajuste (EMI)"
"EMP_TEMP_SEX_EDU_MTS_NB_A","EMP_TEMP_SEX_EDU_MTS_NB","Ocupación según sexo, educación y estado civil (millares)","A","Anual","EMP_TEMP_NB","Ocupación (definición anterior de la OIT - CIET13)","SEX_EDU_MTS","sexo, educación, estado civil",1970,2025,"02/10/2026 07:04:13",638283,773733,174,,"EMP","Ocupación","EMI","Indicadores de Educación y Desajuste (EMI)"
"EMP_TEMP_SEX_EDU_MTS_NB_Q","EMP_TEMP_SEX_EDU_MTS_NB","Ocupación según sexo, educación y estado civil (millares)","Q","Trimestral","EMP_TEMP_NB","Ocupación (definición anterior de la OIT - CIET13)","SEX_EDU_MTS","sexo, educación, estado civil",1987,2026,"02/10/2026 07:06:17",196804,197020,79,,"EMP","Ocupación","EMI","Indicadores de Educación y Desajuste (EMI)"
"EMP_TEMP_SEX_EDU_DSB_NB_A","EMP_TEMP_SEX_EDU_DSB_NB","Ocupación según sexo, educación y situación en términos de discapacidad (millares)","A","Anual","EMP_TEMP_NB","Ocupación (definición anterior de la OIT - CIET13)","SEX_EDU_DSB","sexo, educación, situación en términos de discapacidad",1996,2025,"02/10/2026 07:02:05",47851,49894,126,,"EMP","Ocupación","DLMI","Indicadores del mercado laboral de discapacidad"
"EMP_TEMP_SEX_EDU_CBR_NB_A","EMP_TEMP_SEX_EDU_CBR_NB","Ocupación según sexo, educación y lugar de nacimiento (millares)","A","Anual","EMP_TEMP_NB","Ocupación (definición anterior de la OIT - CIET13)","SEX_EDU_CBR","sexo, educación, lugar de nacimiento",1987,2025,"02/10/2026 07:09:04",76750,85857,137,,"MST","Stock internacional de migrantes","ILMS","Estadísticas de Migración Laboral Internacional (ILMS)"
"EMP_TEMP_SEX_EDU_CCT_NB_A","EMP_TEMP_SEX_EDU_CCT_NB","Ocupación según sexo, educación y nacionalidad (millares)","A","Anual","EMP_TEMP_NB","Ocupación (definición anterior de la OIT - CIET13)","SEX_EDU_CCT","sexo, educación, ciudadania",1991,2025,"24/09/2026 07:07:04",68405,78025,126,,"MST","Stock internacional de migrantes","ILMS","Estadísticas de Migración Laboral Internacional (ILMS)"
"EMP_TEMP_SEX_GEO_NB_A","EMP_TEMP_SEX_GEO_NB","Ocupación según sexo y zonas rurales / urbanas (millares)","A","Anual","EMP_TEMP_NB","Ocupación (definición anterior de la OIT - CIET13)","SEX_GEO","sexo, zonas rurales/urbanes",1970,2025,"02/10/2026 07:15:05",18153,23814,148,,"EMP","Ocupación","RURBAN","Mercados Laborales Rurales y Urbanos (RURBAN)"
"EMP_TEMP_SEX_GEO_NB_Q","EMP_TEMP_SEX_GEO_NB","Ocupación según sexo y zonas rurales / urbanas (millares)","Q","Trimestral","EMP_TEMP_NB","Ocupación (definición anterior de la OIT - CIET13)","SEX_GEO","sexo, zonas rurales/urbanes",1987,2026,"02/10/2026 07:16:10",46709,48239,88,,"EMP","Ocupación","RURBAN","Mercados Laborales Rurales y Urbanos (RURBAN)"
"EMP_TEMP_SEX_GEO_NB_M","EMP_TEMP_SEX_GEO_NB","Ocupación según sexo y zonas rurales / urbanas (millares)","M","Mensual","EMP_TEMP_NB","Ocupación (definición anterior de la OIT - CIET13)","SEX_GEO","sexo, zonas rurales/urbanes",2000,2026,"16/09/2026 08:32:07",16488,16866,12,,"EMP","Ocupación","RURBAN","Mercados Laborales Rurales y Urbanos (RURBAN)"
"EMP_TEMP_SEX_GEO_MTS_NB_A","EMP_TEMP_SEX_GEO_MTS_NB","Ocupación según sexo, zonas rurales / urbanas y estado civil (millares)","A","Anual","EMP_TEMP_NB","Ocupación (definición anterior de la OIT - CIET13)","SEX_GEO_MTS","sexo, zonas rurales/urbanes, estado civil",1970,2025,"02/10/2026 07:15:05",120211,159793,145,,"EMP","Ocupación","RURBAN","Mercados Laborales Rurales y Urbanos (RURBAN)"
"EMP_TEMP_SEX_GEO_MTS_NB_Q","EMP_TEMP_SEX_GEO_MTS_NB","Ocupación según sexo, zonas rurales / urbanas y estado civil (millares)","Q","Trimestral","EMP_TEMP_NB","Ocupación (definición anterior de la OIT - CIET13)","SEX_GEO_MTS","sexo, zonas rurales/urbanes, estado civil",1987,2026,"02/10/2026 07:16:10",186927,187251,62,,"EMP","Ocupación","RURBAN","Mercados Laborales Rurales y Urbanos (RURBAN)"
"EMP_TEMP_SEX_GEO_DSB_NB_A","EMP_TEMP_SEX_GEO_DSB_NB","Ocupación según sexo, zonas rurales / urbanas y situación en términos de discapacidad (millares)","A","Anual","EMP_TEMP_NB","Ocupación (definición anterior de la OIT - CIET13)","SEX_GEO_DSB","sexo, zonas rurales/urbanes, situación en términos de discapacidad",1996,2025,"24/09/2026 07:02:05",24369,25395,105,,"EMP","Ocupación","DLMI","Indicadores del mercado laboral de discapacidad"
"EMP_TEMP_SEX_GEO_DSB_NB_Q","EMP_TEMP_SEX_GEO_DSB_NB","Ocupación según sexo, zonas rurales / urbanas y situación en términos de discapacidad (millares)","Q","Trimestral","EMP_TEMP_NB","Ocupación (definición anterior de la OIT - CIET13)","SEX_GEO_DSB","sexo, zonas rurales/urbanes, situación en términos de discapacidad",2009,2026,"16/09/2026 07:14:26",12872,12980,23,,"EMP","Ocupación","DLMI","Indicadores del mercado laboral de discapacidad"
"EMP_TEMP_SEX_MTS_NB_A","EMP_TEMP_SEX_MTS_NB","Ocupación según sexo y estado civil (millares)","A","Anual","EMP_TEMP_NB","Ocupación (definición anterior de la OIT - CIET13)","SEX_MTS","sexo, estado civil",1970,2025,"02/10/2026 07:07:11",53632,71983,176,,"EMP","Ocupación","GEND","Indicadores de Igualdad de Género y No Discriminación (GEND)"
"EMP_TEMP_SEX_MTS_NB_Q","EMP_TEMP_SEX_MTS_NB","Ocupación según sexo y estado civil (millares)","Q","Trimestral","EMP_TEMP_NB","Ocupación (definición anterior de la OIT - CIET13)","SEX_MTS","sexo, estado civil",1987,2026,"02/10/2026 07:08:13",102705,102894,82,,"EMP","Ocupación","GEND","Indicadores de Igualdad de Género y No Discriminación (GEND)"
"EMP_TEMP_SEX_MTS_NB_M","EMP_TEMP_SEX_MTS_NB","Ocupación según sexo y estado civil (millares)","M","Mensual","EMP_TEMP_NB","Ocupación (definición anterior de la OIT - CIET13)","SEX_MTS","sexo, estado civil",1994,2026,"16/09/2026 08:03:05",28797,28797,15,,"EMP","Ocupación","GEND","Indicadores de Igualdad de Género y No Discriminación (GEND)"
"EMP_TEMP_SEX_MTS_DSB_NB_A","EMP_TEMP_SEX_MTS_DSB_NB","Ocupación según sexo, estado civil y situación en términos de discapacidad (millares)","A","Anual","EMP_TEMP_NB","Ocupación (definición anterior de la OIT - CIET13)","SEX_MTS_DSB","sexo, estado civil, situación en términos de discapacidad",1996,2025,"02/10/2026 07:02:05",81199,85063,127,,"EMP","Ocupación","DLMI","Indicadores del mercado laboral de discapacidad"
"EMP_TEMP_SEX_MTS_DSB_NB_Q","EMP_TEMP_SEX_MTS_DSB_NB","Ocupación según sexo, estado civil y situación en términos de discapacidad (millares)","Q","Trimestral","EMP_TEMP_NB","Ocupación (definición anterior de la OIT - CIET13)","SEX_MTS_DSB","sexo, estado civil, situación en términos de discapacidad",1998,2026,"16/09/2026 07:14:26",16642,16642,27,,"EMP","Ocupación","DLMI","Indicadores del mercado laboral de discapacidad"
"EMP_TEMP_SEX_DSB_NB_A","EMP_TEMP_SEX_DSB_NB","Ocupación según sexo y situación en términos de discapacidad (millares)","A","Anual","EMP_TEMP_NB","Ocupación (definición anterior de la OIT - CIET13)","SEX_DSB","sexo, situación en términos de discapacidad",1996,2025,"02/10/2026 07:02:05",9253,9937,129,,"EMP","Ocupación","DLMI","Indicadores del mercado laboral de discapacidad"
"EMP_TEMP_SEX_DSB_NB_Q","EMP_TEMP_SEX_DSB_NB","Ocupación según sexo y situación en términos de discapacidad (millares)","Q","Trimestral","EMP_TEMP_NB","Ocupación (definición anterior de la OIT - CIET13)","SEX_DSB","sexo, situación en términos de discapacidad",1998,2026,"16/09/2026 07:14:26",5701,5737,27,,"EMP","Ocupación","DLMI","Indicadores del mercado laboral de discapacidad"
"EMP_TEMP_SEX_STE_NB_A","EMP_TEMP_SEX_STE_NB","Ocupación según sexo y situación en la ocupación (millares)","A","Anual","EMP_TEMP_NB","Ocupación (definición anterior de la OIT - CIET13)","SEX_STE","sexo, situación en el empleo",1948,2025,"02/10/2026 07:12:21",151281,178689,301,"Y","EMP","Ocupación","LFS","Estadísticas sobre la Fuerza Laboral (LFS)"
"EMP_TEMP_SEX_STE_NB_Q","EMP_TEMP_SEX_STE_NB","Ocupación según sexo y situación en la ocupación (millares)","Q","Trimestral","EMP_TEMP_NB","Ocupación (definición anterior de la OIT - CIET13)","SEX_STE","sexo, situación en el empleo",1948,2026,"02/10/2026 07:13:20",194406,212002,106,,"EMP","Ocupación","LFS","Estadísticas sobre la Fuerza Laboral (LFS)"
"EMP_TEMP_SEX_STE_NB_M","EMP_TEMP_SEX_STE_NB","Ocupación según sexo y situación en la ocupación (millares)","M","Mensual","EMP_TEMP_NB","Ocupación (definición anterior de la OIT - CIET13)","SEX_STE","sexo, situación en el empleo",1948,2026,"16/09/2026 08:19:15",53342,53846,19,,"EMP","Ocupación","LFS","Estadísticas sobre la Fuerza Laboral (LFS)"
"EMP_TEMP_SEX_STE_EDU_NB_A","EMP_TEMP_SEX_STE_EDU_NB","Ocupación según sexo, situación en la ocupación y educación (millares)","A","Anual","EMP_TEMP_NB","Ocupación (definición anterior de la OIT - CIET13)","SEX_STE_EDU","sexo, situación en el empleo, educación",1970,2025,"02/10/2026 07:04:13",754545,854313,178,,"EMP","Ocupación","EMI","Indicadores de Educación y Desajuste (EMI)"
"EMP_TEMP_SEX_STE_GEO_NB_A","EMP_TEMP_SEX_STE_GEO_NB","Ocupación según sexo, situación en la ocupación y zonas rurales / urbanas (millares)","A","Anual","EMP_TEMP_NB","Ocupación (definición anterior de la OIT - CIET13)","SEX_STE_GEO","sexo, situación en el empleo, zonas rurales/urbanes",1970,2025,"02/10/2026 07:15:05",149451,161902,147,,"EMP","Ocupación","RURBAN","Mercados Laborales Rurales y Urbanos (RURBAN)"
"EMP_TEMP_SEX_STE_MTS_NB_A","EMP_TEMP_SEX_STE_MTS_NB","Ocupación según sexo, situación en la ocupación y estado civil (millares)","A","Anual","EMP_TEMP_NB","Ocupación (definición anterior de la OIT - CIET13)","SEX_STE_MTS","sexo, situación en el empleo, estado civil",1970,2025,"02/10/2026 07:07:11",423182,480529,173,,"EMP","Ocupación","GEND","Indicadores de Igualdad de Género y No Discriminación (GEND)"
"EMP_TEMP_SEX_STE_MTS_NB_Q","EMP_TEMP_SEX_STE_MTS_NB","Ocupación según sexo, situación en la ocupación y estado civil (millares)","Q","Trimestral","EMP_TEMP_NB","Ocupación (definición anterior de la OIT - CIET13)","SEX_STE_MTS","sexo, situación en el empleo, estado civil",1987,2026,"02/10/2026 07:08:13",137559,137748,81,,"EMP","Ocupación","GEND","Indicadores de Igualdad de Género y No Discriminación (GEND)"
"EMP_TEMP_SEX_STE_DSB_NB_A","EMP_TEMP_SEX_STE_DSB_NB","Ocupación según sexo, situación en la ocupación y situación en términos de discapacidad (millares)","A","Anual","EMP_TEMP_NB","Ocupación (definición anterior de la OIT - CIET13)","SEX_STE_DSB","sexo, situación en el empleo, situación en términos de discapacidad",1996,2025,"02/10/2026 07:02:05",78207,82008,126,,"EMP","Ocupación","DLMI","Indicadores del mercado laboral de discapacidad"
"EMP_TEMP_SEX_STE_CBR_NB_A","EMP_TEMP_SEX_STE_CBR_NB","Ocupación según sexo, situación en la ocupación y lugar de nacimiento (millares)","A","Anual","EMP_TEMP_NB","Ocupación (definición anterior de la OIT - CIET13)","SEX_STE_CBR","sexo, situación en el empleo, lugar de nacimiento",1987,2025,"02/10/2026 07:09:04",123365,139971,155,,"MST","Stock internacional de migrantes","ILMS","Estadísticas de Migración Laboral Internacional (ILMS)"
"EMP_TEMP_SEX_STE_CCT_NB_A","EMP_TEMP_SEX_STE_CCT_NB","Ocupación según sexo, situación en la ocupación y nacionalidad (millares)","A","Anual","EMP_TEMP_NB","Ocupación (definición anterior de la OIT - CIET13)","SEX_STE_CCT","sexo, situación en el empleo, ciudadania",1991,2025,"24/09/2026 07:07:04",110565,127351,140,,"MST","Stock internacional de migrantes","ILMS","Estadísticas de Migración Laboral Internacional (ILMS)"
"EMP_TEMP_SEX_STE_ECO_NB_A","EMP_TEMP_SEX_STE_ECO_NB","Ocupación según sexo, situación en la ocupación y actividad económica (millares)","A","Anual","EMP_TEMP_NB","Ocupación (definición anterior de la OIT - CIET13)","SEX_STE_ECO","sexo, situación en el empleo, actividad económica",1970,2025,"02/10/2026 07:12:21",1839271,2048179,179,,"EMP","Ocupación","LFS","Estadísticas sobre la Fuerza Laboral (LFS)"
"EMP_TEMP_SEX_STE_ECO_NB_Q","EMP_TEMP_SEX_STE_ECO_NB","Ocupación según sexo, situación en la ocupación y actividad económica (millares)","Q","Trimestral","EMP_TEMP_NB","Ocupación (definición anterior de la OIT - CIET13)","SEX_STE_ECO","sexo, situación en el empleo, actividad económica",1976,2026,"02/10/2026 07:13:20",1958415,2116230,101,,"EMP","Ocupación","LFS","Estadísticas sobre la Fuerza Laboral (LFS)"
"EMP_TEMP_SEX_STE_OCU_NB_A","EMP_TEMP_SEX_STE_OCU_NB","Ocupación según sexo, situación en la ocupación y ocupación (millares)","A","Anual","EMP_TEMP_NB","Ocupación (definición anterior de la OIT - CIET13)","SEX_STE_OCU","sexo, situación en el empleo, ocupación",1982,2025,"02/10/2026 07:12:21",876339,1001958,176,,"EMP","Ocupación","LFS","Estadísticas sobre la Fuerza Laboral (LFS)"
"EMP_TEMP_SEX_STE_OCU_NB_Q","EMP_TEMP_SEX_STE_OCU_NB","Ocupación según sexo, situación en la ocupación y ocupación (millares)","Q","Trimestral","EMP_TEMP_NB","Ocupación (definición anterior de la OIT - CIET13)","SEX_STE_OCU","sexo, situación en el empleo, ocupación",1992,2026,"02/10/2026 07:13:20",2236105,2484723,100,,"EMP","Ocupación","LFS","Estadísticas sobre la Fuerza Laboral (LFS)"
"EMP_TEMP_SEX_STE_INS_NB_A","EMP_TEMP_SEX_STE_INS_NB","Ocupación según sexo, situación en el empleo y sector público/privado (millares)","A","Anual","EMP_TEMP_NB","Ocupación (definición anterior de la OIT - CIET13)","SEX_STE_INS","sexo, situación en el empleo, sector público/privado",1976,2025,"02/10/2026 07:12:21",110535,119982,149,,"EMP","Ocupación","LFS","Estadísticas sobre la Fuerza Laboral (LFS)"
"EMP_TEMP_SEX_STE_INS_NB_Q","EMP_TEMP_SEX_STE_INS_NB","Ocupación según sexo, situación en el empleo y sector público/privado (millares)","Q","Trimestral","EMP_TEMP_NB","Ocupación (definición anterior de la OIT - CIET13)","SEX_STE_INS","sexo, situación en el empleo, sector público/privado",1976,2026,"02/10/2026 07:13:20",103894,104647,76,,"EMP","Ocupación","LFS","Estadísticas sobre la Fuerza Laboral (LFS)"
"EMP_TEMP_SEX_STE_EST_NB_A","EMP_TEMP_SEX_STE_EST_NB","Ocupación según sexo, situación en la ocupación y tamaño del establecimiento (millares)","A","Anual","EMP_TEMP_NB","Ocupación (definición anterior de la OIT - CIET13)","SEX_STE_EST","sexo, situación en el empleo, tamaño del establecimiento",1989,2025,"02/10/2026 07:12:21",261254,284056,115,,"EMP","Ocupación","LFS","Estadísticas sobre la Fuerza Laboral (LFS)"
"EMP_TEMP_SEX_STE_EST_NB_Q","EMP_TEMP_SEX_STE_EST_NB","Ocupación según sexo, situación en la ocupación y tamaño del establecimiento (millares)","Q","Trimestral","EMP_TEMP_NB","Ocupación (definición anterior de la OIT - CIET13)","SEX_STE_EST","sexo, situación en el empleo, tamaño del establecimiento",1989,2026,"02/10/2026 07:13:20",116667,117174,59,,"EMP","Ocupación","LFS","Estadísticas sobre la Fuerza Laboral (LFS)"
"EMP_TEMP_SEX_STE_MJH_NB_A","EMP_TEMP_SEX_STE_MJH_NB","Ocupación según sexo, situación en el empleo y tenencia de múltiples empleos (millares)","A","Anual","EMP_TEMP_NB","Ocupación (definición anterior de la OIT - CIET13)","SEX_STE_MJH","sexo, situación en el empleo, tenencia de múltiples empleos",1976,2025,"02/10/2026 07:12:21",180300,205025,170,,"EMP","Ocupación","LFS","Estadísticas sobre la Fuerza Laboral (LFS)"
"EMP_TEMP_SEX_ECO_NB_A","EMP_TEMP_SEX_ECO_NB","Ocupación según sexo y actividad económica (millares)","A","Anual","EMP_TEMP_NB","Ocupación (definición anterior de la OIT - CIET13)","SEX_ECO","sexo, actividad económica",1947,2027,"02/10/2026 07:12:21",524320,616897,312,"Y","EMP","Ocupación","LFS","Estadísticas sobre la Fuerza Laboral (LFS)"
"EMP_TEMP_SEX_ECO_NB_Q","EMP_TEMP_SEX_ECO_NB","Ocupación según sexo y actividad económica (millares)","Q","Trimestral","EMP_TEMP_NB","Ocupación (definición anterior de la OIT - CIET13)","SEX_ECO","sexo, actividad económica",1948,2026,"02/10/2026 07:13:20",723583,768074,123,,"EMP","Ocupación","LFS","Estadísticas sobre la Fuerza Laboral (LFS)"
"EMP_TEMP_SEX_ECO_NB_M","EMP_TEMP_SEX_ECO_NB","Ocupación según sexo y actividad económica (millares)","M","Mensual","EMP_TEMP_NB","Ocupación (definición anterior de la OIT - CIET13)","SEX_ECO","sexo, actividad económica",1948,2026,"20/09/2026 07:29:34",186277,187807,66,,"EMP","Ocupación","LFS","Estadísticas sobre la Fuerza Laboral (LFS)"
"EMP_TEMP_SEX_ECO_EDU_NB_A","EMP_TEMP_SEX_ECO_EDU_NB","Ocupación según sexo, actividad económica y educación (millares)","A","Anual","EMP_TEMP_NB","Ocupación (definición anterior de la OIT - CIET13)","SEX_ECO_EDU","sexo, actividad económica, educación",1970,2025,"02/10/2026 07:04:13",2773246,3282557,197,,"EMP","Ocupación","EMI","Indicadores de Educación y Desajuste (EMI)"
"EMP_TEMP_SEX_ECO_EDU_NB_Q","EMP_TEMP_SEX_ECO_EDU_NB","Ocupación según sexo, actividad económica y educación (millares)","Q","Trimestral","EMP_TEMP_NB","Ocupación (definición anterior de la OIT - CIET13)","SEX_ECO_EDU","sexo, actividad económica, educación",1980,2026,"02/10/2026 07:06:17",4766482,5085125,100,,"EMP","Ocupación","EMI","Indicadores de Educación y Desajuste (EMI)"
"EMP_TEMP_SEX_ECO_GEO_NB_A","EMP_TEMP_SEX_ECO_GEO_NB","Ocupación según sexo, actividad económica y zonas rurales / urbanas (millares)","A","Anual","EMP_TEMP_NB","Ocupación (definición anterior de la OIT - CIET13)","SEX_ECO_GEO","sexo, actividad económica, zonas rurales/urbanes",1952,2025,"02/10/2026 07:15:05",231035,303269,168,,"EMP","Ocupación","RURBAN","Mercados Laborales Rurales y Urbanos (RURBAN)"
"EMP_TEMP_SEX_ECO_MTS_NB_A","EMP_TEMP_SEX_ECO_MTS_NB","Ocupación según sexo, actividad económica y estado civil (millares)","A","Anual","EMP_TEMP_NB","Ocupación (definición anterior de la OIT - CIET13)","SEX_ECO_MTS","sexo, actividad económica, estado civil",1970,2025,"02/10/2026 07:07:11",648866,853092,174,,"EMP","Ocupación","GEND","Indicadores de Igualdad de Género y No Discriminación (GEND)"
"EMP_TEMP_SEX_ECO_MTS_NB_Q","EMP_TEMP_SEX_ECO_MTS_NB","Ocupación según sexo, actividad económica y estado civil (millares)","Q","Trimestral","EMP_TEMP_NB","Ocupación (definición anterior de la OIT - CIET13)","SEX_ECO_MTS","sexo, actividad económica, estado civil",1989,2026,"02/10/2026 07:08:13",478257,478986,78,,"EMP","Ocupación","GEND","Indicadores de Igualdad de Género y No Discriminación (GEND)"
"EMP_TEMP_SEX_ECO_DSB_NB_A","EMP_TEMP_SEX_ECO_DSB_NB","Ocupación según sexo, actividad económica y situación en términos de discapacidad (millares)","A","Anual","EMP_TEMP_NB","Ocupación (definición anterior de la OIT - CIET13)","SEX_ECO_DSB","sexo, actividad económica, situación en términos de discapacidad",1996,2025,"02/10/2026 07:02:05",113575,118360,124,,"EMP","Ocupación","DLMI","Indicadores del mercado laboral de discapacidad"
"EMP_TEMP_SEX_ECO_CBR_NB_A","EMP_TEMP_SEX_ECO_CBR_NB","Ocupación según sexo, actividad económica y lugar de nacimiento (millares)","A","Anual","EMP_TEMP_NB","Ocupación (definición anterior de la OIT - CIET13)","SEX_ECO_CBR","sexo, actividad económica, lugar de nacimiento",1989,2025,"02/10/2026 07:09:04",466652,518860,157,,"MST","Stock internacional de migrantes","ILMS","Estadísticas de Migración Laboral Internacional (ILMS)"
"EMP_TEMP_SEX_ECO_CCT_NB_A","EMP_TEMP_SEX_ECO_CCT_NB","Ocupación según sexo, actividad económica y nacionalidad (millares)","A","Anual","EMP_TEMP_NB","Ocupación (definición anterior de la OIT - CIET13)","SEX_ECO_CCT","sexo, actividad económica, ciudadania",1990,2025,"24/09/2026 07:07:04",420119,466662,146,,"MST","Stock internacional de migrantes","ILMS","Estadísticas de Migración Laboral Internacional (ILMS)"
"EMP_TEMP_ECO_OCU_NB_A","EMP_TEMP_ECO_OCU_NB","Ocupación según actividad económica y ocupación (millares)","A","Anual","EMP_TEMP_NB","Ocupación (definición anterior de la OIT - CIET13)","ECO_OCU","actividad económica, ocupación",1982,2025,"02/10/2026 07:12:21",1121181,1445657,188,,"EMP","Ocupación","LFS","Estadísticas sobre la Fuerza Laboral (LFS)"
"EMP_TEMP_ECO_OCU_NB_Q","EMP_TEMP_ECO_OCU_NB","Ocupación según actividad económica y ocupación (millares)","Q","Trimestral","EMP_TEMP_NB","Ocupación (definición anterior de la OIT - CIET13)","ECO_OCU","actividad económica, ocupación",1992,2026,"02/10/2026 07:13:20",1187079,1279123,99,,"EMP","Ocupación","LFS","Estadísticas sobre la Fuerza Laboral (LFS)"
"EMP_TEMP_SEX_ECO_INS_NB_A","EMP_TEMP_SEX_ECO_INS_NB","Ocupación según sexo, actividad económica y sector público/privado (millares)","A","Anual","EMP_TEMP_NB","Ocupación (definición anterior de la OIT - CIET13)","SEX_ECO_INS","sexo, actividad económica, sector público/privado",1976,2025,"02/10/2026 07:12:21",438014,476086,149,,"EMP","Ocupación","LFS","Estadísticas sobre la Fuerza Laboral (LFS)"
"EMP_TEMP_SEX_ECO_INS_NB_Q","EMP_TEMP_SEX_ECO_INS_NB","Ocupación según sexo, actividad económica y sector público/privado (millares)","Q","Trimestral","EMP_TEMP_NB","Ocupación (definición anterior de la OIT - CIET13)","SEX_ECO_INS","sexo, actividad económica, sector público/privado",1976,2026,"02/10/2026 07:13:20",422006,424937,75,,"EMP","Ocupación","LFS","Estadísticas sobre la Fuerza Laboral (LFS)"
"EMP_TEMP_SEX_ECO_INS_NB_M","EMP_TEMP_SEX_ECO_INS_NB","Ocupación según sexo, actividad económica y sector público/privado (millares)","M","Mensual","EMP_TEMP_NB","Ocupación (definición anterior de la OIT - CIET13)","SEX_ECO_INS","sexo, actividad económica, sector público/privado",1976,2026,"16/09/2026 08:19:15",128039,130199,14,,"EMP","Ocupación","LFS","Estadísticas sobre la Fuerza Laboral (LFS)"
"EMP_TEMP_SEX_ECO_EST_NB_A","EMP_TEMP_SEX_ECO_EST_NB","Ocupación según sexo, actividad económica y tamaño del establecimiento (millares)","A","Anual","EMP_TEMP_NB","Ocupación (definición anterior de la OIT - CIET13)","SEX_ECO_EST","sexo, actividad económica, tamaño del establecimiento",1989,2025,"02/10/2026 07:12:21",673583,732109,115,,"EMP","Ocupación","LFS","Estadísticas sobre la Fuerza Laboral (LFS)"
"EMP_TEMP_SEX_ECO_EST_NB_Q","EMP_TEMP_SEX_ECO_EST_NB","Ocupación según sexo, actividad económica y tamaño del establecimiento (millares)","Q","Trimestral","EMP_TEMP_NB","Ocupación (definición anterior de la OIT - CIET13)","SEX_ECO_EST","sexo, actividad económica, tamaño del establecimiento",1989,2026,"02/10/2026 07:13:20",193496,194309,58,,"EMP","Ocupación","LFS","Estadísticas sobre la Fuerza Laboral (LFS)"
"EMP_TEMP_SEX_EC2_NB_A","EMP_TEMP_SEX_EC2_NB","Ocupación según sexo y actividad económica - nivel 2 de la CIIU (millares)","A","Anual","EMP_TEMP_NB","Ocupación (definición anterior de la OIT - CIET13)","SEX_EC2","sexo, actividad económica - nivel 2 de la ciiu",1989,2025,"02/10/2026 07:12:21",461118,498915,160,,"EMP","Ocupación","LFS","Estadísticas sobre la Fuerza Laboral (LFS)"
"EMP_TEMP_SEX_ECO_MJH_NB_A","EMP_TEMP_SEX_ECO_MJH_NB","Ocupación según sexo, actividad económica y tenencia de múltiples empleos (millares)","A","Anual","EMP_TEMP_NB","Ocupación (definición anterior de la OIT - CIET13)","SEX_ECO_MJH","sexo, actividad económica, tenencia de múltiples empleos",1976,2025,"02/10/2026 07:12:21",269316,300254,169,,"EMP","Ocupación","LFS","Estadísticas sobre la Fuerza Laboral (LFS)"
"EMP_TEMP_SEX_ECO_MJH_NB_Q","EMP_TEMP_SEX_ECO_MJH_NB","Ocupación según sexo, actividad económica y tenencia de múltiples empleos (millares)","Q","Trimestral","EMP_TEMP_NB","Ocupación (definición anterior de la OIT - CIET13)","SEX_ECO_MJH","sexo, actividad económica, tenencia de múltiples empleos",1976,2026,"02/10/2026 07:13:20",309406,332944,99,,"EMP","Ocupación","LFS","Estadísticas sobre la Fuerza Laboral (LFS)"
"EMP_TEMP_AGE_EC2_NB_A","EMP_TEMP_AGE_EC2_NB","Ocupación según edad y actividad económica - nivel 2 de la CIIU (millares)","A","Anual","EMP_TEMP_NB","Ocupación (definición anterior de la OIT - CIET13)","AGE_EC2","edad, actividad económica - nivel 2 de la ciiu",1989,2025,"02/10/2026 07:12:21",302837,323948,140,,"EMP","Ocupación","LFS","Estadísticas sobre la Fuerza Laboral (LFS)"
"EMP_TEMP_SEX_EDU_EC2_NB_A","EMP_TEMP_SEX_EDU_EC2_NB","Ocupación según sexo, educación y actividad económica - nivel 2 de la CIIU (millares)","A","Anual","EMP_TEMP_NB","Ocupación (definición anterior de la OIT - CIET13)","SEX_EDU_EC2","sexo, educación, actividad económica - nivel 2 de la ciiu",1991,2025,"02/10/2026 07:03:13",1380444,1473041,137,,"EMP","Ocupación","EMI","Indicadores de Educación y Desajuste (EMI)"
"EMP_TEMP_SEX_STE_EC2_NB_A","EMP_TEMP_SEX_STE_EC2_NB","Ocupación según sexo, situación en el empleo y actividad económica - nivel 2 de la CIIU (millares)","A","Anual","EMP_TEMP_NB","Ocupación (definición anterior de la OIT - CIET13)","SEX_STE_EC2","sexo, situación en el empleo, actividad económica - nivel 2 de la ciiu",1989,2025,"02/10/2026 07:12:21",921873,986952,140,,"EMP","Ocupación","LFS","Estadísticas sobre la Fuerza Laboral (LFS)"
"EMP_TEMP_SEX_OCU_EC2_NB_A","EMP_TEMP_SEX_OCU_EC2_NB","Ocupación según sexo, ocupación y actividad económica - nivel 2 de la CIIU (millares)","A","Anual","EMP_TEMP_NB","Ocupación (definición anterior de la OIT - CIET13)","SEX_OCU_EC2","sexo, ocupación, actividad económica - nivel 2 de la ciiu",1991,2025,"02/10/2026 07:12:21",3499838,3742005,135,,"EMP","Ocupación","LFS","Estadísticas sobre la Fuerza Laboral (LFS)"
"EMP_TEMP_SEX_IFL_EDU_NB_A","EMP_TEMP_SEX_IFL_EDU_NB","Ocupación según sexo, trabajo informal/formal y educación (millares)","A","Anual","EMP_TEMP_NB","Ocupación (definición anterior de la OIT - CIET13)","SEX_IFL_EDU","sexo, trabajo informal/formal, educación",1999,2025,"02/10/2026 07:04:13",128468,135967,146,,"IFL","Economía informal","EMI","Indicadores de Educación y Desajuste (EMI)"
"EMP_TEMP_SEX_IFL_EDU_NB_Q","EMP_TEMP_SEX_IFL_EDU_NB","Ocupación según sexo, trabajo informal/formal y educación (millares)","Q","Trimestral","EMP_TEMP_NB","Ocupación (definición anterior de la OIT - CIET13)","SEX_IFL_EDU","sexo, trabajo informal/formal, educación",1995,2026,"02/10/2026 07:06:17",89965,91084,52,,"IFL","Economía informal","EMI","Indicadores de Educación y Desajuste (EMI)"
"EMP_TEMP_SEX_IFL_GEO_NB_A","EMP_TEMP_SEX_IFL_GEO_NB","Ocupación según sexo, trabajo informal/formal y zonas rurales / urbanas (millares)","A","Anual","EMP_TEMP_NB","Ocupación (definición anterior de la OIT - CIET13)","SEX_IFL_GEO","sexo, trabajo informal/formal, zonas rurales/urbanes",1999,2025,"02/10/2026 07:15:05",31232,32690,121,,"IFL","Economía informal","RURBAN","Mercados Laborales Rurales y Urbanos (RURBAN)"
"EMP_TEMP_SEX_IFL_GEO_NB_Q","EMP_TEMP_SEX_IFL_GEO_NB","Ocupación según sexo, trabajo informal/formal y zonas rurales / urbanas (millares)","Q","Trimestral","EMP_TEMP_NB","Ocupación (definición anterior de la OIT - CIET13)","SEX_IFL_GEO","sexo, trabajo informal/formal, zonas rurales/urbanes",1995,2026,"02/10/2026 07:16:10",42526,43120,46,,"IFL","Economía informal","RURBAN","Mercados Laborales Rurales y Urbanos (RURBAN)"
"EMP_TEMP_SEX_IFL_MTS_NB_A","EMP_TEMP_SEX_IFL_MTS_NB","Ocupación según sexo, trabajo informal/formal y estado civil (millares)","A","Anual","EMP_TEMP_NB","Ocupación (definición anterior de la OIT - CIET13)","SEX_IFL_MTS","sexo, trabajo informal/formal, estado civil",1999,2025,"02/10/2026 07:00:09",103617,108570,142,,"IFL","Economía informal","COND","Estadísticas de Salarios y Tiempo de Trabajo (COND)"
"EMP_TEMP_SEX_IFL_MTS_NB_Q","EMP_TEMP_SEX_IFL_MTS_NB","Ocupación según sexo, trabajo informal/formal y estado civil (millares)","Q","Trimestral","EMP_TEMP_NB","Ocupación (definición anterior de la OIT - CIET13)","SEX_IFL_MTS","sexo, trabajo informal/formal, estado civil",1995,2026,"02/10/2026 07:01:11",85534,85912,50,,"IFL","Economía informal","COND","Estadísticas de Salarios y Tiempo de Trabajo (COND)"
"EMP_TEMP_SEX_IFL_DSB_NB_A","EMP_TEMP_SEX_IFL_DSB_NB","Ocupación según sexo, trabajo informal/formal y situación en términos de discapacidad (millares)","A","Anual","EMP_TEMP_NB","Ocupación (definición anterior de la OIT - CIET13)","SEX_IFL_DSB","sexo, trabajo informal/formal, situación en términos de discapacidad",2006,2025,"02/10/2026 07:02:05",20139,20220,103,,"IFL","Economía informal","DLMI","Indicadores del mercado laboral de discapacidad"
"EMP_TEMP_SEX_IFL_DSB_NB_Q","EMP_TEMP_SEX_IFL_DSB_NB","Ocupación según sexo, trabajo informal/formal y situación en términos de discapacidad (millares)","Q","Trimestral","EMP_TEMP_NB","Ocupación (definición anterior de la OIT - CIET13)","SEX_IFL_DSB","sexo, trabajo informal/formal, situación en términos de discapacidad",2010,2026,"16/09/2026 07:14:26",10541,10649,23,,"IFL","Economía informal","DLMI","Indicadores del mercado laboral de discapacidad"
"EMP_TEMP_SEX_IFL_ECO_NB_A","EMP_TEMP_SEX_IFL_ECO_NB","Ocupación según sexo, trabajo informal/formal y actividad económica (millares)","A","Anual","EMP_TEMP_NB","Ocupación (definición anterior de la OIT - CIET13)","SEX_IFL_ECO","sexo, trabajo informal/formal, actividad económica",1999,2025,"02/10/2026 07:12:21",366427,385412,147,,"IFL","Economía informal","LFS","Estadísticas sobre la Fuerza Laboral (LFS)"
"EMP_TEMP_SEX_IFL_ECO_NB_Q","EMP_TEMP_SEX_IFL_ECO_NB","Ocupación según sexo, trabajo informal/formal y actividad económica (millares)","Q","Trimestral","EMP_TEMP_NB","Ocupación (definición anterior de la OIT - CIET13)","SEX_IFL_ECO","sexo, trabajo informal/formal, actividad económica",1995,2026,"02/10/2026 07:13:20",223645,226372,53,,"IFL","Economía informal","LFS","Estadísticas sobre la Fuerza Laboral (LFS)"
"EMP_TEMP_SEX_IFL_EC2_NB_A","EMP_TEMP_SEX_IFL_EC2_NB","Ocupación según sexo, trabajo informal/formal y actividad económica - nivel 2 de la CIIU (millares)","A","Anual","EMP_TEMP_NB","Ocupación (definición anterior de la OIT - CIET13)","SEX_IFL_EC2","sexo, trabajo informal/formal, actividad económica - nivel 2 de la ciiu",1997,2025,"02/10/2026 07:12:21",467574,483602,107,,"IFL","Economía informal","LFS","Estadísticas sobre la Fuerza Laboral (LFS)"
"EMP_TEMP_SEX_IFL_OCU_NB_A","EMP_TEMP_SEX_IFL_OCU_NB","Ocupación según sexo, trabajo informal/formal y ocupación (millares)","A","Anual","EMP_TEMP_NB","Ocupación (definición anterior de la OIT - CIET13)","SEX_IFL_OCU","sexo, trabajo informal/formal, ocupación",1999,2025,"02/10/2026 07:12:21",186997,196839,142,,"IFL","Economía informal","LFS","Estadísticas sobre la Fuerza Laboral (LFS)"
"EMP_TEMP_SEX_IFL_OCU_NB_Q","EMP_TEMP_SEX_IFL_OCU_NB","Ocupación según sexo, trabajo informal/formal y ocupación (millares)","Q","Trimestral","EMP_TEMP_NB","Ocupación (definición anterior de la OIT - CIET13)","SEX_IFL_OCU","sexo, trabajo informal/formal, ocupación",1995,2026,"02/10/2026 07:13:20",82241,83309,54,,"IFL","Economía informal","LFS","Estadísticas sobre la Fuerza Laboral (LFS)"
"EMP_TEMP_SEX_IFL_INS_NB_A","EMP_TEMP_SEX_IFL_INS_NB","Ocupación según sexo, trabajo informal/formal y sector público/privado (millares)","A","Anual","EMP_TEMP_NB","Ocupación (definición anterior de la OIT - CIET13)","SEX_IFL_INS","sexo, trabajo informal/formal, sector público/privado",1999,2025,"02/10/2026 07:12:21",22064,23694,115,,"IFL","Economía informal","LFS","Estadísticas sobre la Fuerza Laboral (LFS)"
"EMP_TEMP_SEX_IFL_INS_NB_Q","EMP_TEMP_SEX_IFL_INS_NB","Ocupación según sexo, trabajo informal/formal y sector público/privado (millares)","Q","Trimestral","EMP_TEMP_NB","Ocupación (definición anterior de la OIT - CIET13)","SEX_IFL_INS","sexo, trabajo informal/formal, sector público/privado",1995,2026,"02/10/2026 07:13:20",49205,49940,52,,"IFL","Economía informal","LFS","Estadísticas sobre la Fuerza Laboral (LFS)"
"EMP_TEMP_SEX_IFL_JBT_NB_A","EMP_TEMP_SEX_IFL_JBT_NB","Ocupación según sexo, trabajo informal/formal y ordenamiento del tiempo de trabajo (millares)","A","Anual","EMP_TEMP_NB","Ocupación (definición anterior de la OIT - CIET13)","SEX_IFL_JBT","sexo, trabajo informal/formal, ordenamiento del tiempo de trabajo",1999,2025,"02/10/2026 07:12:21",36036,37821,144,,"IFL","Economía informal","LFS","Estadísticas sobre la Fuerza Laboral (LFS)"
"EMP_TEMP_SEX_EST_EC2_NB_A","EMP_TEMP_SEX_EST_EC2_NB","Ocupación según sexo, tamaño del establecimiento y actividad económica - nivel 2 de la CIIU (millares)","A","Anual","EMP_TEMP_NB","Ocupación (definición anterior de la OIT - CIET13)","SEX_EST_EC2","sexo, tamaño del establecimiento, actividad económica - nivel 2 de la ciiu",1989,2025,"02/10/2026 07:12:21",802869,844774,105,,"EMP","Ocupación","LFS","Estadísticas sobre la Fuerza Laboral (LFS)"
"EMP_TEMP_SEX_OCU_NB_A","EMP_TEMP_SEX_OCU_NB","Ocupación según sexo y ocupación (millares)","A","Anual","EMP_TEMP_NB","Ocupación (definición anterior de la OIT - CIET13)","SEX_OCU","sexo, ocupación",1969,2025,"02/10/2026 07:12:21",228261,273520,296,"Y","EMP","Ocupación","LFS","Estadísticas sobre la Fuerza Laboral (LFS)"
"EMP_TEMP_SEX_OCU_NB_Q","EMP_TEMP_SEX_OCU_NB","Ocupación según sexo y ocupación (millares)","Q","Trimestral","EMP_TEMP_NB","Ocupación (definición anterior de la OIT - CIET13)","SEX_OCU","sexo, ocupación",1992,2026,"02/10/2026 07:13:20",322123,357727,103,,"EMP","Ocupación","LFS","Estadísticas sobre la Fuerza Laboral (LFS)"
"EMP_TEMP_SEX_OCU_NB_M","EMP_TEMP_SEX_OCU_NB","Ocupación según sexo y ocupación (millares)","M","Mensual","EMP_TEMP_NB","Ocupación (definición anterior de la OIT - CIET13)","SEX_OCU","sexo, ocupación",2000,2026,"16/09/2026 08:19:15",44309,44939,16,,"EMP","Ocupación","LFS","Estadísticas sobre la Fuerza Laboral (LFS)"
"EMP_TEMP_SEX_OCU_EDU_NB_A","EMP_TEMP_SEX_OCU_EDU_NB","Ocupación según sexo, ocupación y educación (millares)","A","Anual","EMP_TEMP_NB","Ocupación (definición anterior de la OIT - CIET13)","SEX_OCU_EDU","sexo, ocupación, educación",1982,2025,"02/10/2026 07:04:13",1295193,1584585,176,,"EMP","Ocupación","EMI","Indicadores de Educación y Desajuste (EMI)"
"EMP_TEMP_SEX_OCU_EDU_NB_Q","EMP_TEMP_SEX_OCU_EDU_NB","Ocupación según sexo, ocupación y educación (millares)","Q","Trimestral","EMP_TEMP_NB","Ocupación (definición anterior de la OIT - CIET13)","SEX_OCU_EDU","sexo, ocupación, educación",1992,2026,"02/10/2026 07:06:17",1068275,1166010,97,,"EMP","Ocupación","EMI","Indicadores de Educación y Desajuste (EMI)"
"EMP_TEMP_SEX_OCU_GEO_NB_A","EMP_TEMP_SEX_OCU_GEO_NB","Ocupación según sexo, ocupación y zonas rurales / urbanas (millares)","A","Anual","EMP_TEMP_NB","Ocupación (definición anterior de la OIT - CIET13)","SEX_OCU_GEO","sexo, ocupación, zonas rurales/urbanes",1989,2025,"02/10/2026 07:15:05",275551,366097,142,,"EMP","Ocupación","RURBAN","Mercados Laborales Rurales y Urbanos (RURBAN)"
"EMP_TEMP_SEX_OCU_MTS_NB_A","EMP_TEMP_SEX_OCU_MTS_NB","Ocupación según sexo, ocupación y estado civil (millares)","A","Anual","EMP_TEMP_NB","Ocupación (definición anterior de la OIT - CIET13)","SEX_OCU_MTS","sexo, ocupación, estado civil",1982,2025,"02/10/2026 07:07:11",742012,1014466,171,,"EMP","Ocupación","GEND","Indicadores de Igualdad de Género y No Discriminación (GEND)"
"EMP_TEMP_SEX_OCU_MTS_NB_Q","EMP_TEMP_SEX_OCU_MTS_NB","Ocupación según sexo, ocupación y estado civil (millares)","Q","Trimestral","EMP_TEMP_NB","Ocupación (definición anterior de la OIT - CIET13)","SEX_OCU_MTS","sexo, ocupación, estado civil",1993,2026,"02/10/2026 07:08:13",182449,182764,79,,"EMP","Ocupación","GEND","Indicadores de Igualdad de Género y No Discriminación (GEND)"
"EMP_TEMP_SEX_OCU_DSB_NB_A","EMP_TEMP_SEX_OCU_DSB_NB","Ocupación según sexo, ocupación y situación en términos de discapacidad (millares)","A","Anual","EMP_TEMP_NB","Ocupación (definición anterior de la OIT - CIET13)","SEX_OCU_DSB","sexo, ocupación, situación en términos de discapacidad",1996,2025,"02/10/2026 07:02:05",42575,44474,123,,"EMP","Ocupación","DLMI","Indicadores del mercado laboral de discapacidad"
"EMP_TEMP_SEX_OCU_CBR_NB_A","EMP_TEMP_SEX_OCU_CBR_NB","Ocupación según sexo, ocupación y lugar de nacimiento (millares)","A","Anual","EMP_TEMP_NB","Ocupación (definición anterior de la OIT - CIET13)","SEX_OCU_CBR","sexo, ocupación, lugar de nacimiento",1989,2025,"02/10/2026 07:09:04",226962,259401,146,,"MST","Stock internacional de migrantes","ILMS","Estadísticas de Migración Laboral Internacional (ILMS)"
"EMP_TEMP_SEX_OCU_CCT_NB_A","EMP_TEMP_SEX_OCU_CCT_NB","Ocupación según sexo, ocupación y nacionalidad (millares)","A","Anual","EMP_TEMP_NB","Ocupación (definición anterior de la OIT - CIET13)","SEX_OCU_CCT","sexo, ocupación, ciudadania",1991,2025,"24/09/2026 07:07:04",204539,237219,131,,"MST","Stock internacional de migrantes","ILMS","Estadísticas de Migración Laboral Internacional (ILMS)"
"EMP_TEMP_SEX_OCU_INS_NB_A","EMP_TEMP_SEX_OCU_INS_NB","Ocupación según sexo, ocupación y sector público/privado (millares)","A","Anual","EMP_TEMP_NB","Ocupación (definición anterior de la OIT - CIET13)","SEX_OCU_INS","sexo, ocupación, sector público/privado",1991,2025,"02/10/2026 07:12:21",204232,222743,143,,"EMP","Ocupación","LFS","Estadísticas sobre la Fuerza Laboral (LFS)"
"EMP_TEMP_SEX_OCU_INS_NB_Q","EMP_TEMP_SEX_OCU_INS_NB","Ocupación según sexo, ocupación y sector público/privado (millares)","Q","Trimestral","EMP_TEMP_NB","Ocupación (definición anterior de la OIT - CIET13)","SEX_OCU_INS","sexo, ocupación, sector público/privado",1993,2026,"02/10/2026 07:13:20",483153,486846,74,,"EMP","Ocupación","LFS","Estadísticas sobre la Fuerza Laboral (LFS)"
"EMP_TEMP_SEX_OCU_EST_NB_A","EMP_TEMP_SEX_OCU_EST_NB","Ocupación según sexo, ocupación y tamaño del establecimiento (millares)","A","Anual","EMP_TEMP_NB","Ocupación (definición anterior de la OIT - CIET13)","SEX_OCU_EST","sexo, ocupación, tamaño del establecimiento",1991,2025,"02/10/2026 07:12:21",295155,322403,108,,"EMP","Ocupación","LFS","Estadísticas sobre la Fuerza Laboral (LFS)"
"EMP_TEMP_SEX_OCU_EST_NB_Q","EMP_TEMP_SEX_OCU_EST_NB","Ocupación según sexo, ocupación y tamaño del establecimiento (millares)","Q","Trimestral","EMP_TEMP_NB","Ocupación (definición anterior de la OIT - CIET13)","SEX_OCU_EST","sexo, ocupación, tamaño del establecimiento",1993,2026,"02/10/2026 07:13:20",168442,169171,58,,"EMP","Ocupación","LFS","Estadísticas sobre la Fuerza Laboral (LFS)"
"EMP_TEMP_SEX_OCU_MJH_NB_A","EMP_TEMP_SEX_OCU_MJH_NB","Ocupación según sexo, ocupación y tenencia de múltiples empleos (millares)","A","Anual","EMP_TEMP_NB","Ocupación (definición anterior de la OIT - CIET13)","SEX_OCU_MJH","sexo, ocupación, tenencia de múltiples empleos",1989,2025,"02/10/2026 07:12:21",313625,360672,165,,"EMP","Ocupación","LFS","Estadísticas sobre la Fuerza Laboral (LFS)"
"EMP_TEMP_SEX_OCU_MJH_NB_Q","EMP_TEMP_SEX_OCU_MJH_NB","Ocupación según sexo, ocupación y tenencia de múltiples empleos (millares)","Q","Trimestral","EMP_TEMP_NB","Ocupación (definición anterior de la OIT - CIET13)","SEX_OCU_MJH","sexo, ocupación, tenencia de múltiples empleos",1992,2026,"02/10/2026 07:13:20",263197,294676,98,,"EMP","Ocupación","LFS","Estadísticas sobre la Fuerza Laboral (LFS)"
"EMP_TEMP_SEX_OC2_NB_A","EMP_TEMP_SEX_OC2_NB","Ocupación según sexo y ocupación - nivel 2 de la CIUO (millares)","A","Anual","EMP_TEMP_NB","Ocupación (definición anterior de la OIT - CIET13)","SEX_OC2","sexo, ocupación - nivel 2 de la ciuo",1991,2025,"02/10/2026 07:12:21",221096,298893,160,,"EMP","Ocupación","LFS","Estadísticas sobre la Fuerza Laboral (LFS)"
"EMP_TEMP_SEX_GAI_NB_A","EMP_TEMP_SEX_GAI_NB","Ocupación según sexo y nivel de exposición a la IA generativa (millares)","A","Anual","EMP_TEMP_NB","Ocupación (definición anterior de la OIT - CIET13)","SEX_GAI","sexo, nivel de exposición a la ia generativa",1996,2025,"27/09/2026 07:12:08",13068,13635,125,,"EMP","Ocupación","LFS","Estadísticas sobre la Fuerza Laboral (LFS)"
"EMP_TEMP_SEX_GAI_NB_Q","EMP_TEMP_SEX_GAI_NB","Ocupación según sexo y nivel de exposición a la IA generativa (millares)","Q","Trimestral","EMP_TEMP_NB","Ocupación (definición anterior de la OIT - CIET13)","SEX_GAI","sexo, nivel de exposición a la ia generativa",1996,2026,"24/09/2026 07:11:06",26338,26632,45,,"EMP","Ocupación","LFS","Estadísticas sobre la Fuerza Laboral (LFS)"
"EMP_TEMP_SEX_GAI_NB_M","EMP_TEMP_SEX_GAI_NB","Ocupación según sexo y nivel de exposición a la IA generativa (millares)","M","Mensual","EMP_TEMP_NB","Ocupación (definición anterior de la OIT - CIET13)","SEX_GAI","sexo, nivel de exposición a la ia generativa",2011,2026,"02/09/2026 07:11:06",11655,12537,7,,"EMP","Ocupación","LFS","Estadísticas sobre la Fuerza Laboral (LFS)"
"EMP_TEMP_SEX_AGE_GAI_NB_A","EMP_TEMP_SEX_AGE_GAI_NB","Ocupación según sexo, edad y nivel de exposición a la IA generativa (millares)","A","Anual","EMP_TEMP_NB","Ocupación (definición anterior de la OIT - CIET13)","SEX_AGE_GAI","sexo, edad, nivel de exposición a la ia generativa",1996,2025,"27/09/2026 07:12:08",48951,51219,125,,"EMP","Ocupación","LFS","Estadísticas sobre la Fuerza Laboral (LFS)"
"EMP_TEMP_SEX_AGE_GAI_NB_Q","EMP_TEMP_SEX_AGE_GAI_NB","Ocupación según sexo, edad y nivel de exposición a la IA generativa (millares)","Q","Trimestral","EMP_TEMP_NB","Ocupación (definición anterior de la OIT - CIET13)","SEX_AGE_GAI","sexo, edad, nivel de exposición a la ia generativa",1996,2026,"25/09/2026 07:09:28",104924,106100,45,,"EMP","Ocupación","LFS","Estadísticas sobre la Fuerza Laboral (LFS)"
"EMP_TEMP_AGE_OC2_NB_A","EMP_TEMP_AGE_OC2_NB","Ocupación según edad y ocupación - nivel 2 de la CIUO (millares)","A","Anual","EMP_TEMP_NB","Ocupación (definición anterior de la OIT - CIET13)","AGE_OC2","edad, ocupación - nivel 2 de la ciuo",1991,2025,"02/10/2026 07:12:21",216165,291337,160,,"EMP","Ocupación","LFS","Estadísticas sobre la Fuerza Laboral (LFS)"
"EMP_TEMP_SEX_INS_NB_A","EMP_TEMP_SEX_INS_NB","Ocupación según sexo y sector público/privado (millares)","A","Anual","EMP_TEMP_NB","Ocupación (definición anterior de la OIT - CIET13)","SEX_INS","sexo, sector público/privado",1976,2025,"02/10/2026 07:12:21",17855,19730,196,,"EMP","Ocupación","LFS","Estadísticas sobre la Fuerza Laboral (LFS)"
"EMP_TEMP_SEX_INS_NB_Q","EMP_TEMP_SEX_INS_NB","Ocupación según sexo y sector público/privado (millares)","Q","Trimestral","EMP_TEMP_NB","Ocupación (definición anterior de la OIT - CIET13)","SEX_INS","sexo, sector público/privado",1976,2026,"02/10/2026 07:13:20",34197,34464,76,,"EMP","Ocupación","LFS","Estadísticas sobre la Fuerza Laboral (LFS)"
"EMP_TEMP_SEX_INS_GEO_NB_A","EMP_TEMP_SEX_INS_GEO_NB","Ocupación según sexo, sector público/privado y zonas rurales / urbanas (millares)","A","Anual","EMP_TEMP_NB","Ocupación (definición anterior de la OIT - CIET13)","SEX_INS_GEO","sexo, sector público/privado, zonas rurales/urbanes",1987,2025,"02/10/2026 07:15:05",29994,33306,112,,"EMP","Ocupación","RURBAN","Mercados Laborales Rurales y Urbanos (RURBAN)"
"EMP_TEMP_SEX_INS_GEO_NB_Q","EMP_TEMP_SEX_INS_GEO_NB","Ocupación según sexo, sector público/privado y zonas rurales / urbanas (millares)","Q","Trimestral","EMP_TEMP_NB","Ocupación (definición anterior de la OIT - CIET13)","SEX_INS_GEO","sexo, sector público/privado, zonas rurales/urbanes",1987,2026,"02/10/2026 07:16:10",63375,64095,56,,"EMP","Ocupación","RURBAN","Mercados Laborales Rurales y Urbanos (RURBAN)"
"EMP_TEMP_SEX_INS_EDU_NB_A","EMP_TEMP_SEX_INS_EDU_NB","Ocupación según sexo, sector público/privado y educación (millares)","A","Anual","EMP_TEMP_NB","Ocupación (definición anterior de la OIT - CIET13)","SEX_INS_EDU","sexo, sector público/privado, educación",1987,2025,"02/10/2026 07:04:13",189512,208543,148,,"EMP","Ocupación","EMI","Indicadores de Educación y Desajuste (EMI)"
"EMP_TEMP_SEX_INS_EDU_NB_Q","EMP_TEMP_SEX_INS_EDU_NB","Ocupación según sexo, sector público/privado y educación (millares)","Q","Trimestral","EMP_TEMP_NB","Ocupación (definición anterior de la OIT - CIET13)","SEX_INS_EDU","sexo, sector público/privado, educación",1987,2026,"02/10/2026 07:06:17",425551,428614,73,,"EMP","Ocupación","EMI","Indicadores de Educación y Desajuste (EMI)"
"EMP_TEMP_SEX_INS_MTS_NB_A","EMP_TEMP_SEX_INS_MTS_NB","Ocupación según sexo, sector público/privado y estado civil (millares)","A","Anual","EMP_TEMP_NB","Ocupación (definición anterior de la OIT - CIET13)","SEX_INS_MTS","sexo, sector público/privado, estado civil",1987,2025,"02/10/2026 07:07:11",115301,126443,144,,"EMP","Ocupación","GEND","Indicadores de Igualdad de Género y No Discriminación (GEND)"
"EMP_TEMP_SEX_INS_MTS_NB_Q","EMP_TEMP_SEX_INS_MTS_NB","Ocupación según sexo, sector público/privado y estado civil (millares)","Q","Trimestral","EMP_TEMP_NB","Ocupación (definición anterior de la OIT - CIET13)","SEX_INS_MTS","sexo, sector público/privado, estado civil",1987,2026,"02/10/2026 07:08:13",97419,97608,71,,"EMP","Ocupación","GEND","Indicadores de Igualdad de Género y No Discriminación (GEND)"
"EMP_TEMP_SEX_INS_DSB_NB_A","EMP_TEMP_SEX_INS_DSB_NB","Ocupación según sexo, sector público/privado y situación en términos de discapacidad (millares)","A","Anual","EMP_TEMP_NB","Ocupación (definición anterior de la OIT - CIET13)","SEX_INS_DSB","sexo, sector público/privado, situación en términos de discapacidad",1997,2025,"02/10/2026 07:02:05",10757,11360,94,,"EMP","Ocupación","DLMI","Indicadores del mercado laboral de discapacidad"
"EMP_TEMP_SEX_INS_DSB_NB_Q","EMP_TEMP_SEX_INS_DSB_NB","Ocupación según sexo, sector público/privado y situación en términos de discapacidad (millares)","Q","Trimestral","EMP_TEMP_NB","Ocupación (definición anterior de la OIT - CIET13)","SEX_INS_DSB","sexo, sector público/privado, situación en términos de discapacidad",1998,2026,"16/09/2026 07:14:26",16998,17106,27,,"EMP","Ocupación","DLMI","Indicadores del mercado laboral de discapacidad"
"EMP_TEMP_SEX_EST_NB_A","EMP_TEMP_SEX_EST_NB","Ocupación según sexo y tamaño del establecimiento (millares)","A","Anual","EMP_TEMP_NB","Ocupación (definición anterior de la OIT - CIET13)","SEX_EST","sexo, tamaño del establecimiento",1989,2025,"02/10/2026 07:12:21",32957,35861,115,,"EMP","Ocupación","LFS","Estadísticas sobre la Fuerza Laboral (LFS)"
"EMP_TEMP_SEX_EST_NB_Q","EMP_TEMP_SEX_EST_NB","Ocupación según sexo y tamaño del establecimiento (millares)","Q","Trimestral","EMP_TEMP_NB","Ocupación (definición anterior de la OIT - CIET13)","SEX_EST","sexo, tamaño del establecimiento",1989,2026,"02/10/2026 07:13:20",78918,79347,59,,"EMP","Ocupación","LFS","Estadísticas sobre la Fuerza Laboral (LFS)"
"EMP_TEMP_SEX_EST_NB_M","EMP_TEMP_SEX_EST_NB","Ocupación según sexo y tamaño del establecimiento (millares)","M","Mensual","EMP_TEMP_NB","Ocupación (definición anterior de la OIT - CIET13)","SEX_EST","sexo, tamaño del establecimiento",2000,2026,"16/09/2026 08:19:15",22962,22962,9,,"EMP","Ocupación","LFS","Estadísticas sobre la Fuerza Laboral (LFS)"
"EMP_TEMP_SEX_EST_GEO_NB_A","EMP_TEMP_SEX_EST_GEO_NB","Ocupación según sexo, tamaño del establecimiento y zonas rurales / urbanas (millares)","A","Anual","EMP_TEMP_NB","Ocupación (definición anterior de la OIT - CIET13)","SEX_EST_GEO","sexo, tamaño del establecimiento, zonas rurales/urbanes",1990,2025,"02/10/2026 07:15:05",78070,84634,94,,"EMP","Ocupación","RURBAN","Mercados Laborales Rurales y Urbanos (RURBAN)"
"EMP_TEMP_SEX_EST_GEO_NB_Q","EMP_TEMP_SEX_EST_GEO_NB","Ocupación según sexo, tamaño del establecimiento y zonas rurales / urbanas (millares)","Q","Trimestral","EMP_TEMP_NB","Ocupación (definición anterior de la OIT - CIET13)","SEX_EST_GEO","sexo, tamaño del establecimiento, zonas rurales/urbanes",1992,2026,"02/10/2026 07:16:10",167031,167967,47,,"EMP","Ocupación","RURBAN","Mercados Laborales Rurales y Urbanos (RURBAN)"
"EMP_TEMP_SEX_EST_MTS_NB_A","EMP_TEMP_SEX_EST_MTS_NB","Ocupación según sexo, tamaño del establecimiento y estado civil (millares)","A","Anual","EMP_TEMP_NB","Ocupación (definición anterior de la OIT - CIET13)","SEX_EST_MTS","sexo, tamaño del establecimiento, estado civil",1989,2025,"02/10/2026 07:07:11",264537,288300,111,,"EMP","Ocupación","GEND","Indicadores de Igualdad de Género y No Discriminación (GEND)"
"EMP_TEMP_SEX_EST_MTS_NB_Q","EMP_TEMP_SEX_EST_MTS_NB","Ocupación según sexo, tamaño del establecimiento y estado civil (millares)","Q","Trimestral","EMP_TEMP_NB","Ocupación (definición anterior de la OIT - CIET13)","SEX_EST_MTS","sexo, tamaño del establecimiento, estado civil",1989,2026,"02/10/2026 07:08:13",217679,218498,56,,"EMP","Ocupación","GEND","Indicadores de Igualdad de Género y No Discriminación (GEND)"
"EMP_TEMP_SEX_EST_DSB_NB_A","EMP_TEMP_SEX_EST_DSB_NB","Ocupación según sexo, tamaño del establecimiento y situación en términos de discapacidad (millares)","A","Anual","EMP_TEMP_NB","Ocupación (definición anterior de la OIT - CIET13)","SEX_EST_DSB","sexo, tamaño del establecimiento, situación en términos de discapacidad",2000,2025,"02/10/2026 07:02:05",9232,9385,62,,"EMP","Ocupación","DLMI","Indicadores del mercado laboral de discapacidad"
"EMP_TEMP_SEX_EST_DSB_NB_Q","EMP_TEMP_SEX_EST_DSB_NB","Ocupación según sexo, tamaño del establecimiento y situación en términos de discapacidad (millares)","Q","Trimestral","EMP_TEMP_NB","Ocupación (definición anterior de la OIT - CIET13)","SEX_EST_DSB","sexo, tamaño del establecimiento, situación en términos de discapacidad",2010,2026,"16/09/2026 07:14:26",13881,14061,21,,"EMP","Ocupación","DLMI","Indicadores del mercado laboral de discapacidad"
"EMP_TEMP_SEX_HOW_NB_A","EMP_TEMP_SEX_HOW_NB","Ocupación según sexo y horas semanales efectivamente trabajadas (millares)","A","Anual","EMP_TEMP_NB","Ocupación (definición anterior de la OIT - CIET13)","SEX_HOW","sexo, horas semanales efectivamente trabajadas",1976,2025,"02/10/2026 07:00:09",62057,67589,180,,"EMP","Ocupación","COND","Estadísticas de Salarios y Tiempo de Trabajo (COND)"
"EMP_TEMP_SEX_HOW_NB_Q","EMP_TEMP_SEX_HOW_NB","Ocupación según sexo y horas semanales efectivamente trabajadas (millares)","Q","Trimestral","EMP_TEMP_NB","Ocupación (definición anterior de la OIT - CIET13)","SEX_HOW","sexo, horas semanales efectivamente trabajadas",1976,2026,"02/10/2026 07:01:11",161120,173807,97,,"EMP","Ocupación","COND","Estadísticas de Salarios y Tiempo de Trabajo (COND)"
"EMP_TEMP_SEX_HOW_EDU_NB_A","EMP_TEMP_SEX_HOW_EDU_NB","Ocupación según sexo, por horas semanales efectivamente trabajadas y educación (millares)","A","Anual","EMP_TEMP_NB","Ocupación (definición anterior de la OIT - CIET13)","SEX_HOW_EDU","sexo, horas semanales efectivamente trabajadas, educación",1987,2025,"02/10/2026 07:03:13",651559,713554,161,,"EMP","Ocupación","EMI","Indicadores de Educación y Desajuste (EMI)"
"EMP_TEMP_SEX_HOW_EDU_NB_Q","EMP_TEMP_SEX_HOW_EDU_NB","Ocupación según sexo, por horas semanales efectivamente trabajadas y educación (millares)","Q","Trimestral","EMP_TEMP_NB","Ocupación (definición anterior de la OIT - CIET13)","SEX_HOW_EDU","sexo, horas semanales efectivamente trabajadas, educación",1987,2026,"02/10/2026 07:06:17",763450,827905,95,,"EMP","Ocupación","EMI","Indicadores de Educación y Desajuste (EMI)"
"EMP_TEMP_SEX_HOW_GEO_NB_A","EMP_TEMP_SEX_HOW_GEO_NB","Asalariados según sexo, por horas semanales efectivamente trabajadas y zonas rurales / urbanas (millares)","A","Anual","EMP_TEMP_NB","Ocupación (definición anterior de la OIT - CIET13)","SEX_HOW_GEO","sexo, horas semanales efectivamente trabajadas, zonas rurales/urbanes",1987,2025,"02/10/2026 07:15:05",131443,136366,134,,"EMP","Ocupación","RURBAN","Mercados Laborales Rurales y Urbanos (RURBAN)"
"EMP_TEMP_SEX_HOW_GEO_NB_Q","EMP_TEMP_SEX_HOW_GEO_NB","Asalariados según sexo, por horas semanales efectivamente trabajadas y zonas rurales / urbanas (millares)","Q","Trimestral","EMP_TEMP_NB","Ocupación (definición anterior de la OIT - CIET13)","SEX_HOW_GEO","sexo, horas semanales efectivamente trabajadas, zonas rurales/urbanes",1987,2026,"02/10/2026 07:16:10",360442,361774,82,,"EMP","Ocupación","RURBAN","Mercados Laborales Rurales y Urbanos (RURBAN)"
"EMP_TEMP_SEX_HOW_MTS_NB_A","EMP_TEMP_SEX_HOW_MTS_NB","Asalariados según sexo, por horas semanales efectivamente trabajadas y estado civil (millares)","A","Anual","EMP_TEMP_NB","Ocupación (definición anterior de la OIT - CIET13)","SEX_HOW_MTS","sexo, horas semanales efectivamente trabajadas, estado civil",1983,2025,"02/10/2026 07:07:11",336064,370783,157,,"EMP","Ocupación","GEND","Indicadores de Igualdad de Género y No Discriminación (GEND)"
"EMP_TEMP_SEX_HOW_MTS_NB_Q","EMP_TEMP_SEX_HOW_MTS_NB","Asalariados según sexo, por horas semanales efectivamente trabajadas y estado civil (millares)","Q","Trimestral","EMP_TEMP_NB","Ocupación (definición anterior de la OIT - CIET13)","SEX_HOW_MTS","sexo, horas semanales efectivamente trabajadas, estado civil",1987,2026,"02/10/2026 07:08:13",287260,287476,73,,"EMP","Ocupación","GEND","Indicadores de Igualdad de Género y No Discriminación (GEND)"
"EMP_TEMP_SEX_HOW_DSB_NB_A","EMP_TEMP_SEX_HOW_DSB_NB","Ocupación según sexo, por horas semanales efectivamente trabajadas y situación en términos de discapacidad (millares)","A","Anual","EMP_TEMP_NB","Ocupación (definición anterior de la OIT - CIET13)","SEX_HOW_DSB","sexo, horas semanales efectivamente trabajadas, situación en términos de discapacidad",1997,2025,"24/09/2026 07:02:05",23365,24277,77,,"EMP","Ocupación","DLMI","Indicadores del mercado laboral de discapacidad"
"EMP_TEMP_SEX_HOW_DSB_NB_Q","EMP_TEMP_SEX_HOW_DSB_NB","Ocupación según sexo, por horas semanales efectivamente trabajadas y situación en términos de discapacidad (millares)","Q","Trimestral","EMP_TEMP_NB","Ocupación (definición anterior de la OIT - CIET13)","SEX_HOW_DSB","sexo, horas semanales efectivamente trabajadas, situación en términos de discapacidad",1998,2026,"16/09/2026 07:14:26",43115,43430,26,,"EMP","Ocupación","DLMI","Indicadores del mercado laboral de discapacidad"
"EMP_TEMP_SEX_MJH_NB_A","EMP_TEMP_SEX_MJH_NB","Ocupación según sexo y tenencia de múltiples empleos (millares)","A","Anual","EMP_TEMP_NB","Ocupación (definición anterior de la OIT - CIET13)","SEX_MJH","sexo, tenencia de múltiples empleos",1976,2025,"02/10/2026 07:12:21",22260,25449,170,,"EMP","Ocupación","LFS","Estadísticas sobre la Fuerza Laboral (LFS)"
"EMP_TEMP_SEX_MJH_NB_Q","EMP_TEMP_SEX_MJH_NB","Ocupación según sexo y tenencia de múltiples empleos (millares)","Q","Trimestral","EMP_TEMP_NB","Ocupación (definición anterior de la OIT - CIET13)","SEX_MJH","sexo, tenencia de múltiples empleos",1976,2026,"02/10/2026 07:13:20",59157,65841,100,,"EMP","Ocupación","LFS","Estadísticas sobre la Fuerza Laboral (LFS)"
"EMP_TEMP_SEX_MJH_GEO_NB_A","EMP_TEMP_SEX_MJH_GEO_NB","Ocupación según sexo, tenencia de múltiples empleos y zonas rurales / urbanas (millares)","A","Anual","EMP_TEMP_NB","Ocupación (definición anterior de la OIT - CIET13)","SEX_MJH_GEO","sexo, tenencia de múltiples empleos, zonas rurales/urbanes",1987,2025,"02/10/2026 07:15:05",50935,55711,138,,"EMP","Ocupación","RURBAN","Mercados Laborales Rurales y Urbanos (RURBAN)"
"EMP_TEMP_SEX_MJH_GEO_NB_Q","EMP_TEMP_SEX_MJH_GEO_NB","Ocupación según sexo, tenencia de múltiples empleos y zonas rurales / urbanas (millares)","Q","Trimestral","EMP_TEMP_NB","Ocupación (definición anterior de la OIT - CIET13)","SEX_MJH_GEO","sexo, tenencia de múltiples empleos, zonas rurales/urbanes",1987,2026,"02/10/2026 07:16:10",133878,139005,83,,"EMP","Ocupación","RURBAN","Mercados Laborales Rurales y Urbanos (RURBAN)"
"EMP_TEMP_SEX_MJH_EDU_NB_A","EMP_TEMP_SEX_MJH_EDU_NB","Ocupación según sexo, tenencia de múltiples empleos y educación (millares)","A","Anual","EMP_TEMP_NB","Ocupación (definición anterior de la OIT - CIET13)","SEX_MJH_EDU","sexo, tenencia de múltiples empleos, educación",1987,2025,"02/10/2026 07:04:13",266880,300834,169,,"EMP","Ocupación","EMI","Indicadores de Educación y Desajuste (EMI)"
"EMP_TEMP_SEX_MJH_EDU_NB_Q","EMP_TEMP_SEX_MJH_EDU_NB","Ocupación según sexo, tenencia de múltiples empleos y educación (millares)","Q","Trimestral","EMP_TEMP_NB","Ocupación (definición anterior de la OIT - CIET13)","SEX_MJH_EDU","sexo, tenencia de múltiples empleos, educación",1987,2026,"02/10/2026 07:06:17",286986,317598,98,,"EMP","Ocupación","EMI","Indicadores de Educación y Desajuste (EMI)"
"EMP_TEMP_SEX_MJH_MTS_NB_A","EMP_TEMP_SEX_MJH_MTS_NB","Ocupación según sexo, tenencia de múltiples empleos y estado civil (millares)","A","Anual","EMP_TEMP_NB","Ocupación (definición anterior de la OIT - CIET13)","SEX_MJH_MTS","sexo, tenencia de múltiples empleos, estado civil",1983,2025,"02/10/2026 07:07:11",139204,158380,165,,"EMP","Ocupación","GEND","Indicadores de Igualdad de Género y No Discriminación (GEND)"
"EMP_TEMP_SEX_MJH_MTS_NB_Q","EMP_TEMP_SEX_MJH_MTS_NB","Ocupación según sexo, tenencia de múltiples empleos y estado civil (millares)","Q","Trimestral","EMP_TEMP_NB","Ocupación (definición anterior de la OIT - CIET13)","SEX_MJH_MTS","sexo, tenencia de múltiples empleos, estado civil",1987,2026,"02/10/2026 07:08:13",115334,115523,79,,"EMP","Ocupación","GEND","Indicadores de Igualdad de Género y No Discriminación (GEND)"
"EMP_TEMP_SEX_MJH_DSB_NB_A","EMP_TEMP_SEX_MJH_DSB_NB","Ocupación según sexo, tenencia de múltiples empleos y situación en términos de discapacidad (millares)","A","Anual","EMP_TEMP_NB","Ocupación (definición anterior de la OIT - CIET13)","SEX_MJH_DSB","sexo, tenencia de múltiples empleos, situación en términos de discapacidad",1996,2025,"02/10/2026 07:02:05",26757,28026,117,,"EMP","Ocupación","DLMI","Indicadores del mercado laboral de discapacidad"
"EMP_TEMP_SEX_MJH_DSB_NB_Q","EMP_TEMP_SEX_MJH_DSB_NB","Ocupación según sexo, tenencia de múltiples empleos y situación en términos de discapacidad (millares)","Q","Trimestral","EMP_TEMP_NB","Ocupación (definición anterior de la OIT - CIET13)","SEX_MJH_DSB","sexo, tenencia de múltiples empleos, situación en términos de discapacidad",1998,2026,"16/09/2026 07:14:26",17205,17205,27,,"EMP","Ocupación","DLMI","Indicadores del mercado laboral de discapacidad"
"EMP_TEMP_SEX_SKN_EDU_NB_A","EMP_TEMP_SEX_SKN_EDU_NB","Ocupación según sexo, desajuste del nivel educativo - enfoque normativo y educación (millares)","A","Anual","EMP_TEMP_NB","Ocupación (definición anterior de la OIT - CIET13)","SEX_SKN_EDU","sexo, desajuste educativo - enfoque normativo, educación",2001,2026,"02/09/2026 07:03:04",118293,132303,164,,"SKL","Competencias y aprendizaje","EMI","Indicadores de Educación y Desajuste (EMI)"
"EMP_TEMP_SEX_SKS_GEO_NB_A","EMP_TEMP_SEX_SKS_GEO_NB","Ocupación según sexo, desajuste del nivel educativo - enfoque estadístico y zonas rurales / urbanas (millares)","A","Anual","EMP_TEMP_NB","Ocupación (definición anterior de la OIT - CIET13)","SEX_SKS_GEO","sexo, desajuste educativo - enfoque estadístico, zonas rurales/urbanes",2001,2026,"02/09/2026 07:03:04",55835,59051,123,,"SKL","Competencias y aprendizaje","EMI","Indicadores de Educación y Desajuste (EMI)"
"EMP_TEMP_SEX_SKN_GEO_NB_A","EMP_TEMP_SEX_SKN_GEO_NB","Ocupación según sexo, desajuste del nivel educativo - enfoque normativo y zonas rurales / urbanas (millares)","A","Anual","EMP_TEMP_NB","Ocupación (definición anterior de la OIT - CIET13)","SEX_SKN_GEO","sexo, desajuste educativo - enfoque normativo, zonas rurales/urbanes",2001,2026,"02/09/2026 07:03:04",62626,67411,132,,"SKL","Competencias y aprendizaje","EMI","Indicadores de Educación y Desajuste (EMI)"
"EMP_TEMP_SEX_SKS_MTS_NB_A","EMP_TEMP_SEX_SKS_MTS_NB","Ocupación según sexo, desajuste del nivel educativo - enfoque estadístico y estado civil (millares)","A","Anual","EMP_TEMP_NB","Ocupación (definición anterior de la OIT - CIET13)","SEX_SKS_MTS","sexo, desajuste educativo - enfoque estadístico, estado civil",2001,2026,"02/09/2026 07:03:04",50259,53625,124,,"SKL","Competencias y aprendizaje","EMI","Indicadores de Educación y Desajuste (EMI)"
"EMP_TEMP_SEX_SKN_MTS_NB_A","EMP_TEMP_SEX_SKN_MTS_NB","Ocupación según sexo, desajuste del nivel educativo - enfoque normativo y estado civil (millares)","A","Anual","EMP_TEMP_NB","Ocupación (definición anterior de la OIT - CIET13)","SEX_SKN_MTS","sexo, desajuste educativo - enfoque normativo, estado civil",2001,2026,"02/09/2026 07:03:04",59577,65031,139,,"SKL","Competencias y aprendizaje","EMI","Indicadores de Educación y Desajuste (EMI)"
"EMP_TEMP_SEX_SKS_DSB_NB_A","EMP_TEMP_SEX_SKS_DSB_NB","Ocupación según sexo, desajuste del nivel educativo - enfoque estadístico y situación en términos de discapacidad (millares)","A","Anual","EMP_TEMP_NB","Ocupación (definición anterior de la OIT - CIET13)","SEX_SKS_DSB","sexo, desajuste educativo - enfoque estadístico, situación en términos de discapacidad",2002,2025,"11/08/2026 07:03:27",11903,12575,77,,"SKL","Competencias y aprendizaje","EMI","Indicadores de Educación y Desajuste (EMI)"
"EMP_TEMP_SEX_SKN_DSB_NB_A","EMP_TEMP_SEX_SKN_DSB_NB","Ocupación según sexo, desajuste del nivel educativo - enfoque normativo y situación en términos de discapacidad (millares)","A","Anual","EMP_TEMP_NB","Ocupación (definición anterior de la OIT - CIET13)","SEX_SKN_DSB","sexo, desajuste educativo - enfoque normativo, situación en términos de discapacidad",2002,2025,"11/08/2026 07:03:27",14607,15723,89,,"SKL","Competencias y aprendizaje","EMI","Indicadores de Educación y Desajuste (EMI)"
"EMP_TEMP_SEX_SKS_CBR_NB_A","EMP_TEMP_SEX_SKS_CBR_NB","Ocupación según sexo, desajuste del nivel educativo - enfoque estadístico y lugar de nacimiento (millares)","A","Anual","EMP_TEMP_NB","Ocupación (definición anterior de la OIT - CIET13)","SEX_SKS_CBR","sexo, desajuste educativo - enfoque estadístico, lugar de nacimiento",2001,2026,"02/09/2026 07:03:04",51958,54767,117,,"SKL","Competencias y aprendizaje","EMI","Indicadores de Educación y Desajuste (EMI)"
"EMP_TEMP_SEX_SKN_CBR_NB_A","EMP_TEMP_SEX_SKN_CBR_NB","Ocupación según sexo, desajuste del nivel educativo - enfoque normativo y lugar de nacimiento (millares)","A","Anual","EMP_TEMP_NB","Ocupación (definición anterior de la OIT - CIET13)","SEX_SKN_CBR","sexo, desajuste educativo - enfoque normativo, lugar de nacimiento",2001,2026,"02/09/2026 07:03:04",55442,59994,127,,"SKL","Competencias y aprendizaje","EMI","Indicadores de Educación y Desajuste (EMI)"
"EMP_TEMP_SEX_SKS_CCT_NB_A","EMP_TEMP_SEX_SKS_CCT_NB","Ocupación según sexo, desajuste del nivel educativo - enfoque estadístico y nacionalidad (millares)","A","Anual","EMP_TEMP_NB","Ocupación (definición anterior de la OIT - CIET13)","SEX_SKS_CCT","sexo, desajuste educativo - enfoque estadístico, ciudadania",2001,2025,"11/08/2026 07:03:27",44840,47015,103,,"SKL","Competencias y aprendizaje","EMI","Indicadores de Educación y Desajuste (EMI)"
"EMP_TEMP_SEX_SKN_CCT_NB_A","EMP_TEMP_SEX_SKN_CCT_NB","Ocupación según sexo, desajuste del nivel educativo - enfoque normativo y nacionalidad (millares)","A","Anual","EMP_TEMP_NB","Ocupación (definición anterior de la OIT - CIET13)","SEX_SKN_CCT","sexo, desajuste educativo - enfoque normativo, ciudadania",2001,2025,"11/08/2026 07:03:27",48632,53102,112,,"SKL","Competencias y aprendizaje","EMI","Indicadores de Educación y Desajuste (EMI)"
"EMP_TEMP_SEX_SKS_STE_NB_A","EMP_TEMP_SEX_SKS_STE_NB","Ocupación según sexo, desajuste del nivel educativo - enfoque estadístico y situación en la ocupación (millares)","A","Anual","EMP_TEMP_NB","Ocupación (definición anterior de la OIT - CIET13)","SEX_SKS_STE","sexo, desajuste educativo - enfoque estadístico, situación en el empleo",2001,2026,"02/09/2026 07:03:04",74619,81138,148,,"SKL","Competencias y aprendizaje","EMI","Indicadores de Educación y Desajuste (EMI)"
"EMP_TEMP_SEX_SKN_STE_NB_A","EMP_TEMP_SEX_SKN_STE_NB","Ocupación según sexo, desajuste del nivel educativo - enfoque normativo y situación en la ocupación (millares)","A","Anual","EMP_TEMP_NB","Ocupación (definición anterior de la OIT - CIET13)","SEX_SKN_STE","sexo, desajuste educativo - enfoque normativo, situación en el empleo",2001,2026,"02/09/2026 07:03:04",84240,93921,162,,"SKL","Competencias y aprendizaje","EMI","Indicadores de Educación y Desajuste (EMI)"
"EMP_TEMP_SEX_SKS_IFL_NB_A","EMP_TEMP_SEX_SKS_IFL_NB","Ocupación según sexo, desajuste del nivel educativo - enfoque estadístico y naturaleza del trabajo (informal / formal) (millares)","A","Anual","EMP_TEMP_NB","Ocupación (definición anterior de la OIT - CIET13)","SEX_SKS_IFL","sexo, desajuste educativo - enfoque estadístico, trabajo informal/formal",2001,2026,"02/09/2026 07:03:04",26543,27719,95,,"SKL","Competencias y aprendizaje","EMI","Indicadores de Educación y Desajuste (EMI)"
"EMP_TEMP_SEX_SKN_IFL_NB_A","EMP_TEMP_SEX_SKN_IFL_NB","Ocupación según sexo, desajuste del nivel educativo - enfoque normativo y naturaleza del trabajo (informal / formal) (millares)","A","Anual","EMP_TEMP_NB","Ocupación (definición anterior de la OIT - CIET13)","SEX_SKN_IFL","sexo, desajuste educativo - enfoque normativo, trabajo informal/formal",2001,2026,"02/09/2026 07:03:04",31407,33438,108,,"SKL","Competencias y aprendizaje","EMI","Indicadores de Educación y Desajuste (EMI)"
"EMP_TEMP_SEX_SKS_ECO_NB_A","EMP_TEMP_SEX_SKS_ECO_NB","Ocupación según sexo, desajuste del nivel educativo - enfoque estadístico y actividad económica (millares)","A","Anual","EMP_TEMP_NB","Ocupación (definición anterior de la OIT - CIET13)","SEX_SKS_ECO","sexo, desajuste educativo - enfoque estadístico, actividad económica",2001,2026,"02/09/2026 07:03:04",283642,307252,148,,"SKL","Competencias y aprendizaje","EMI","Indicadores de Educación y Desajuste (EMI)"
"EMP_TEMP_SEX_SKN_ECO_NB_A","EMP_TEMP_SEX_SKN_ECO_NB","Ocupación según sexo, desajuste del nivel educativo - enfoque normativo y actividad económica (millares)","A","Anual","EMP_TEMP_NB","Ocupación (definición anterior de la OIT - CIET13)","SEX_SKN_ECO","sexo, desajuste educativo - enfoque normativo, actividad económica",2001,2026,"02/09/2026 07:03:04",318834,351534,163,,"SKL","Competencias y aprendizaje","EMI","Indicadores de Educación y Desajuste (EMI)"
"POP_XVET_SEX_EDU_NB_A","POP_XVET_SEX_EDU_NB","Población en edad de trabajar con formación profesional según sexo y educación (millares)","A","Anual","POP_XVET_NB","Población en edad de trabajar con formación profesional","SEX_EDU","sexo, educación",1990,2026,"02/09/2026 07:03:04",9855,12371,153,,"SKL","Competencias y aprendizaje","EMI","Indicadores de Educación y Desajuste (EMI)"
"POP_XVET_SEX_AGE_NB_A","POP_XVET_SEX_AGE_NB","Población en edad de trabajar con formación profesional según sexo y edad (millares)","A","Anual","POP_XVET_NB","Población en edad de trabajar con formación profesional","SEX_AGE","sexo, edad",1990,2026,"02/09/2026 07:03:04",17925,21983,153,,"SKL","Competencias y aprendizaje","EMI","Indicadores de Educación y Desajuste (EMI)"
"POP_3VET_SEX_AGE_NB_A","POP_3VET_SEX_AGE_NB","Población joven en edad de trabajar con formación profesional según sexo y edad (millares)","A","Anual","POP_3VET_NB","Población joven en edad de trabajar con formación profesional","SEX_AGE","sexo, edad",1990,2026,"02/09/2026 07:15:04",14427,18842,155,,"SKL","Competencias y aprendizaje","YOUTHSTATS","Indicadores del Mercado Laboral Juvenil (YouthSTATS)"
"POP_3WBL_SEX_WBL_NB_A","POP_3WBL_SEX_WBL_NB","Jóvenes que aprenden en el trabajo según sexo y tipo de becario (millares)","A","Anual","POP_3WBL_NB","Jóvenes que aprenden en el trabajo","SEX_WBL","sexo, tipo de becario",1996,2025,"11/08/2026 07:12:07",10926,11052,101,,"SKL","Competencias y aprendizaje","YOUTHSTATS","Indicadores del Mercado Laboral Juvenil (YouthSTATS)"
"POP_3WBL_SEX_WBL_RT_A","POP_3WBL_SEX_WBL_RT","Tasa de participación de los jóvenes en la formación en alternancia según sexo y tipo de becario (por 1000 personas)","A","Anual","POP_3WBL_RT","Tasa de participación de los jóvenes en la formación en alternancia","SEX_WBL","sexo, tipo de becario",2000,2025,"13/08/2026 08:54:14",10600,10726,101,,"SKL","Competencias y aprendizaje","YOUTHSTATS","Indicadores del Mercado Laboral Juvenil (YouthSTATS)"
"POP_XWBL_SEX_AGE_WBL_NB_A","POP_XWBL_SEX_AGE_WBL_NB","Aprendizaje en alternancia según sexo, edad y tipo de becario (millares)","A","Anual","POP_XWBL_NB","Aprendizaje en alternancia","SEX_AGE_WBL","sexo, edad, tipo de becario",1996,2025,"11/08/2026 07:03:27",41763,42015,96,,"SKL","Competencias y aprendizaje","EMI","Indicadores de Educación y Desajuste (EMI)"
"POP_XWBL_SEX_EDU_WBL_NB_A","POP_XWBL_SEX_EDU_WBL_NB","Aprendizaje en alternancia según sexo, educación y tipo de becario (millares)","A","Anual","POP_XWBL_NB","Aprendizaje en alternancia","SEX_EDU_WBL","sexo, educación, tipo de becario",1996,2025,"11/08/2026 07:03:27",47478,47748,95,,"SKL","Competencias y aprendizaje","EMI","Indicadores de Educación y Desajuste (EMI)"
"POP_XWBL_SEX_AGE_WBL_RT_A","POP_XWBL_SEX_AGE_WBL_RT","Tasa de participación en la formación en alternancia según sexo, edad y tipo de becario (por 1000 personas)","A","Anual","POP_XWBL_RT","Tasa de participación en la formación en alternancia","SEX_AGE_WBL","sexo, edad, tipo de becario",1996,2025,"13/08/2026 08:06:18",39716,39962,96,,"SKL","Competencias y aprendizaje","EMI","Indicadores de Educación y Desajuste (EMI)"
"EMP_TEM1_SEX_AGE_NB_Q","EMP_TEM1_SEX_AGE_NB","Ocupación, DES según sexo y edad (millares)","Q","Trimestral","EMP_TEM1_NB","Ocupación, DES (definición anterior de la OIT - CIET13)","SEX_AGE","sexo, edad",1955,2026,"01/10/2026 07:02:38",116886,118038,72,,"EMP","Ocupación","LFS","Estadísticas sobre la Fuerza Laboral (LFS)"
"EMP_TEM1_SEX_AGE_NB_M","EMP_TEM1_SEX_AGE_NB","Ocupación, DES según sexo y edad (millares)","M","Mensual","EMP_TEM1_NB","Ocupación, DES (definición anterior de la OIT - CIET13)","SEX_AGE","sexo, edad",1955,2026,"27/09/2026 07:14:34",94657,94657,8,,"EMP","Ocupación","LFS","Estadísticas sobre la Fuerza Laboral (LFS)"
"EMP_TEM1_SEX_ECO_NB_Q","EMP_TEM1_SEX_ECO_NB","Ocupación, DES según sexo y actividad económica y edad (millares)","Q","Trimestral","EMP_TEM1_NB","Ocupación, DES (definición anterior de la OIT - CIET13)","SEX_ECO","sexo, actividad económica",1955,2026,"01/10/2026 07:02:38",88980,89364,72,,"EMP","Ocupación","LFS","Estadísticas sobre la Fuerza Laboral (LFS)"
"EMP_TEM1_SEX_ECO_NB_M","EMP_TEM1_SEX_ECO_NB","Ocupación, DES según sexo y actividad económica y edad (millares)","M","Mensual","EMP_TEM1_NB","Ocupación, DES (definición anterior de la OIT - CIET13)","SEX_ECO","sexo, actividad económica",1955,2026,"20/09/2026 07:29:34",41744,41744,8,,"EMP","Ocupación","LFS","Estadísticas sobre la Fuerza Laboral (LFS)"
"EMP_DWAP_SEX_AGE_RT_A","EMP_DWAP_SEX_AGE_RT","Razón ocupación-población en edad de trabajar según sexo y edad (%)","A","Anual","EMP_DWAP_RT","Razón ocupación-población en edad de trabajar (definición anterior de la OIT - CIET13)","SEX_AGE","sexo, edad",1947,2027,"02/10/2026 07:12:21",321127,361409,312,"Y","EMP","Ocupación","LFS","Estadísticas sobre la Fuerza Laboral (LFS)"
"EMP_DWAP_SEX_AGE_RT_Q","EMP_DWAP_SEX_AGE_RT","Razón ocupación-población en edad de trabajar según sexo y edad (%)","Q","Trimestral","EMP_DWAP_RT","Razón ocupación-población en edad de trabajar (definición anterior de la OIT - CIET13)","SEX_AGE","sexo, edad",1948,2026,"02/10/2026 07:13:20",664819,724714,115,,"EMP","Ocupación","LFS","Estadísticas sobre la Fuerza Laboral (LFS)"
"EMP_DWAP_SEX_AGE_RT_M","EMP_DWAP_SEX_AGE_RT","Razón ocupación-población en edad de trabajar según sexo y edad (%)","M","Mensual","EMP_DWAP_RT","Razón ocupación-población en edad de trabajar (definición anterior de la OIT - CIET13)","SEX_AGE","sexo, edad",1948,2026,"20/09/2026 07:29:34",286841,288857,47,,"EMP","Ocupación","LFS","Estadísticas sobre la Fuerza Laboral (LFS)"
"EMP_DWAP_SEX_AGE_EDU_RT_A","EMP_DWAP_SEX_AGE_EDU_RT","Razón ocupación-población en edad de trabajar según sexo, edad y educación (%)","A","Anual","EMP_DWAP_RT","Razón ocupación-población en edad de trabajar (definición anterior de la OIT - CIET13)","SEX_AGE_EDU","sexo, edad, educación",1970,2025,"02/10/2026 07:04:13",1520508,1720016,194,,"EMP","Ocupación","EMI","Indicadores de Educación y Desajuste (EMI)"
"EMP_DWAP_SEX_AGE_EDU_RT_Q","EMP_DWAP_SEX_AGE_EDU_RT","Razón ocupación-población en edad de trabajar según sexo, edad y educación (%)","Q","Trimestral","EMP_DWAP_RT","Razón ocupación-población en edad de trabajar (definición anterior de la OIT - CIET13)","SEX_AGE_EDU","sexo, edad, educación",1987,2026,"02/10/2026 07:05:16",2872723,3129882,103,,"EMP","Ocupación","EMI","Indicadores de Educación y Desajuste (EMI)"
"EMP_DWAP_SEX_AGE_EDU_RT_M","EMP_DWAP_SEX_AGE_EDU_RT","Razón ocupación-población en edad de trabajar según sexo, edad y educación (%)","M","Mensual","EMP_DWAP_RT","Razón ocupación-población en edad de trabajar (definición anterior de la OIT - CIET13)","SEX_AGE_EDU","sexo, edad, educación",1990,2026,"16/09/2026 07:31:16",442827,448473,15,,"EMP","Ocupación","EMI","Indicadores de Educación y Desajuste (EMI)"
"EMP_DWAP_SEX_AGE_GEO_RT_A","EMP_DWAP_SEX_AGE_GEO_RT","Razón ocupación-población en edad de trabajar según sexo, edad y zonas rurales / urbanas (%)","A","Anual","EMP_DWAP_RT","Razón ocupación-población en edad de trabajar (definición anterior de la OIT - CIET13)","SEX_AGE_GEO","sexo, edad, zonas rurales/urbanes",1970,2025,"02/10/2026 07:15:05",295763,323363,160,,"EMP","Ocupación","RURBAN","Mercados Laborales Rurales y Urbanos (RURBAN)"
"EMP_DWAP_SEX_AGE_GEO_RT_Q","EMP_DWAP_SEX_AGE_GEO_RT","Razón ocupación-población en edad de trabajar según sexo, edad y zonas rurales / urbanas (%)","Q","Trimestral","EMP_DWAP_RT","Razón ocupación-población en edad de trabajar (definición anterior de la OIT - CIET13)","SEX_AGE_GEO","sexo, edad, zonas rurales/urbanes",1987,2026,"02/10/2026 07:16:10",761809,786721,89,,"EMP","Ocupación","RURBAN","Mercados Laborales Rurales y Urbanos (RURBAN)"
"EMP_DWAP_SEX_AGE_GEO_RT_M","EMP_DWAP_SEX_AGE_GEO_RT","Razón ocupación-población en edad de trabajar según sexo, edad y zonas rurales / urbanas (%)","M","Mensual","EMP_DWAP_RT","Razón ocupación-población en edad de trabajar (definición anterior de la OIT - CIET13)","SEX_AGE_GEO","sexo, edad, zonas rurales/urbanes",2000,2026,"16/09/2026 08:32:07",158121,161523,14,,"EMP","Ocupación","RURBAN","Mercados Laborales Rurales y Urbanos (RURBAN)"
"EMP_DWAP_SEX_AGE_MTS_RT_A","EMP_DWAP_SEX_AGE_MTS_RT","Razon ocupación-poblacion en edad de trabajar según sexo, edad y estado civil (%)","A","Anual","EMP_DWAP_RT","Razón ocupación-población en edad de trabajar (definición anterior de la OIT - CIET13)","SEX_AGE_MTS","sexo, edad, estado civil",1970,2025,"02/10/2026 07:07:11",787238,896681,177,,"EMP","Ocupación","GEND","Indicadores de Igualdad de Género y No Discriminación (GEND)"
"EMP_DWAP_SEX_AGE_MTS_RT_Q","EMP_DWAP_SEX_AGE_MTS_RT","Razon ocupación-poblacion en edad de trabajar según sexo, edad y estado civil (%)","Q","Trimestral","EMP_DWAP_RT","Razón ocupación-población en edad de trabajar (definición anterior de la OIT - CIET13)","SEX_AGE_MTS","sexo, edad, estado civil",1987,2026,"02/10/2026 07:08:13",1175750,1177829,83,,"EMP","Ocupación","GEND","Indicadores de Igualdad de Género y No Discriminación (GEND)"
"EMP_DWAP_SEX_AGE_DSB_RT_A","EMP_DWAP_SEX_AGE_DSB_RT","Razón ocupación-población en edad de trabajar según sexo, edad y situación en términos de discapacidad (%)","A","Anual","EMP_DWAP_RT","Razón ocupación-población en edad de trabajar (definición anterior de la OIT - CIET13)","SEX_AGE_DSB","sexo, edad, situación en términos de discapacidad",1996,2025,"02/10/2026 07:02:05",82048,86098,128,,"EMP","Ocupación","DLMI","Indicadores del mercado laboral de discapacidad"
"EMP_DWAP_SEX_AGE_DSB_RT_Q","EMP_DWAP_SEX_AGE_DSB_RT","Razón ocupación-población en edad de trabajar según sexo, edad y situación en términos de discapacidad (%)","Q","Trimestral","EMP_DWAP_RT","Razón ocupación-población en edad de trabajar (definición anterior de la OIT - CIET13)","SEX_AGE_DSB","sexo, edad, situación en términos de discapacidad",1998,2026,"16/09/2026 07:14:26",50879,51203,27,,"EMP","Ocupación","DLMI","Indicadores del mercado laboral de discapacidad"
"EMP_DWAP_SEX_AGE_CBR_RT_A","EMP_DWAP_SEX_AGE_CBR_RT","Razón ocupación-población en edad de trabajar según sexo, edad y lugar de nacimiento (%)","A","Anual","EMP_DWAP_RT","Razón ocupación-población en edad de trabajar (definición anterior de la OIT - CIET13)","SEX_AGE_CBR","sexo, edad, lugar de nacimiento",1987,2025,"02/10/2026 07:09:04",138366,158497,151,,"MST","Stock internacional de migrantes","ILMS","Estadísticas de Migración Laboral Internacional (ILMS)"
"EMP_DWAP_SEX_AGE_CCT_RT_A","EMP_DWAP_SEX_AGE_CCT_RT","Razón ocupación-población en edad de trabajar según sexo, edad y nacionalidad (%)","A","Anual","EMP_DWAP_RT","Razón ocupación-población en edad de trabajar (definición anterior de la OIT - CIET13)","SEX_AGE_CCT","sexo, edad, ciudadania",1991,2025,"24/09/2026 07:07:04",123473,143927,142,,"MST","Stock internacional de migrantes","ILMS","Estadísticas de Migración Laboral Internacional (ILMS)"
"EMP_DWAP_SEX_EDU_RT_A","EMP_DWAP_SEX_EDU_RT","Razón ocupación-población en edad de trabajar según sexo y educación (%)","A","Anual","EMP_DWAP_RT","Razón ocupación-población en edad de trabajar (definición anterior de la OIT - CIET13)","SEX_EDU","sexo, educación",1970,2025,"02/10/2026 07:04:13",96482,109048,183,,"EMP","Ocupación","EMI","Indicadores de Educación y Desajuste (EMI)"
"EMP_DWAP_SEX_EDU_RT_Q","EMP_DWAP_SEX_EDU_RT","Razón ocupación-población en edad de trabajar según sexo y educación (%)","Q","Trimestral","EMP_DWAP_RT","Razón ocupación-población en edad de trabajar (definición anterior de la OIT - CIET13)","SEX_EDU","sexo, educación",1987,2026,"02/10/2026 07:05:16",250840,271882,102,,"EMP","Ocupación","EMI","Indicadores de Educación y Desajuste (EMI)"
"EMP_DWAP_SEX_EDU_RT_M","EMP_DWAP_SEX_EDU_RT","Razón ocupación-población en edad de trabajar según sexo y educación (%)","M","Mensual","EMP_DWAP_RT","Razón ocupación-población en edad de trabajar (definición anterior de la OIT - CIET13)","SEX_EDU","sexo, educación",1990,2026,"16/09/2026 07:31:16",50313,50976,15,,"EMP","Ocupación","EMI","Indicadores de Educación y Desajuste (EMI)"
"EMP_DWAP_SEX_EDU_GEO_RT_A","EMP_DWAP_SEX_EDU_GEO_RT","Razon ocupación-poblacion en edad de trabajar según sexo, educación y áreas rurales / urbanas (%)","A","Anual","EMP_DWAP_RT","Razón ocupación-población en edad de trabajar (definición anterior de la OIT - CIET13)","SEX_EDU_GEO","sexo, educación, zonas rurales/urbanes",1970,2025,"02/10/2026 07:03:13",226858,247888,147,,"EMP","Ocupación","EMI","Indicadores de Educación y Desajuste (EMI)"
"EMP_DWAP_SEX_EDU_GEO_RT_Q","EMP_DWAP_SEX_EDU_GEO_RT","Razon ocupación-poblacion en edad de trabajar según sexo, educación y áreas rurales / urbanas (%)","Q","Trimestral","EMP_DWAP_RT","Razón ocupación-población en edad de trabajar (definición anterior de la OIT - CIET13)","SEX_EDU_GEO","sexo, educación, zonas rurales/urbanes",1987,2026,"02/10/2026 07:05:16",233588,241349,85,,"EMP","Ocupación","EMI","Indicadores de Educación y Desajuste (EMI)"
"EMP_DWAP_SEX_EDU_MTS_RT_A","EMP_DWAP_SEX_EDU_MTS_RT","Razon ocupación-poblacion en edad de trabajar según sexo, educación y estado civil (%)","A","Anual","EMP_DWAP_RT","Razón ocupación-población en edad de trabajar (definición anterior de la OIT - CIET13)","SEX_EDU_MTS","sexo, educación, estado civil",1970,2025,"02/10/2026 07:04:13",625220,705768,175,,"EMP","Ocupación","EMI","Indicadores de Educación y Desajuste (EMI)"
"EMP_DWAP_SEX_EDU_MTS_RT_Q","EMP_DWAP_SEX_EDU_MTS_RT","Razon ocupación-poblacion en edad de trabajar según sexo, educación y estado civil (%)","Q","Trimestral","EMP_DWAP_RT","Razón ocupación-población en edad de trabajar (definición anterior de la OIT - CIET13)","SEX_EDU_MTS","sexo, educación, estado civil",1987,2026,"02/10/2026 07:05:16",198094,198310,80,,"EMP","Ocupación","EMI","Indicadores de Educación y Desajuste (EMI)"
"EMP_DWAP_SEX_EDU_DSB_RT_A","EMP_DWAP_SEX_EDU_DSB_RT","Razón ocupación-población en edad de trabajar según sexo, educación y situación en términos de discapacidad (%)","A","Anual","EMP_DWAP_RT","Razón ocupación-población en edad de trabajar (definición anterior de la OIT - CIET13)","SEX_EDU_DSB","sexo, educación, situación en términos de discapacidad",1996,2025,"02/10/2026 07:02:05",47905,49948,127,,"EMP","Ocupación","DLMI","Indicadores del mercado laboral de discapacidad"
"EMP_DWAP_SEX_EDU_CBR_RT_A","EMP_DWAP_SEX_EDU_CBR_RT","Razón ocupación-población en edad de trabajar según sexo, educación y lugar de nacimiento (%)","A","Anual","EMP_DWAP_RT","Razón ocupación-población en edad de trabajar (definición anterior de la OIT - CIET13)","SEX_EDU_CBR","sexo, educación, lugar de nacimiento",1987,2025,"02/10/2026 07:09:04",76543,85640,137,,"MST","Stock internacional de migrantes","ILMS","Estadísticas de Migración Laboral Internacional (ILMS)"
"EMP_DWAP_SEX_EDU_CCT_RT_A","EMP_DWAP_SEX_EDU_CCT_RT","Razón ocupación-población en edad de trabajar según sexo, educación y nacionalidad (%)","A","Anual","EMP_DWAP_RT","Razón ocupación-población en edad de trabajar (definición anterior de la OIT - CIET13)","SEX_EDU_CCT","sexo, educación, ciudadania",1991,2025,"24/09/2026 07:07:04",68484,78094,127,,"MST","Stock internacional de migrantes","ILMS","Estadísticas de Migración Laboral Internacional (ILMS)"
"EMP_DWAP_SEX_GEO_RT_A","EMP_DWAP_SEX_GEO_RT","Razón ocupación-población en edad de trabajar según sexo y zonas rurales / urbanas (%)","A","Anual","EMP_DWAP_RT","Razón ocupación-población en edad de trabajar (definición anterior de la OIT - CIET13)","SEX_GEO","sexo, zonas rurales/urbanes",1970,2025,"02/10/2026 07:15:05",18063,19671,148,,"EMP","Ocupación","RURBAN","Mercados Laborales Rurales y Urbanos (RURBAN)"
"EMP_DWAP_SEX_GEO_RT_Q","EMP_DWAP_SEX_GEO_RT","Razón ocupación-población en edad de trabajar según sexo y zonas rurales / urbanas (%)","Q","Trimestral","EMP_DWAP_RT","Razón ocupación-población en edad de trabajar (definición anterior de la OIT - CIET13)","SEX_GEO","sexo, zonas rurales/urbanes",1987,2026,"02/10/2026 07:16:10",46709,48239,88,,"EMP","Ocupación","RURBAN","Mercados Laborales Rurales y Urbanos (RURBAN)"
"EMP_DWAP_SEX_GEO_RT_M","EMP_DWAP_SEX_GEO_RT","Razón ocupación-población en edad de trabajar según sexo y zonas rurales / urbanas (%)","M","Mensual","EMP_DWAP_RT","Razón ocupación-población en edad de trabajar (definición anterior de la OIT - CIET13)","SEX_GEO","sexo, zonas rurales/urbanes",2000,2026,"16/09/2026 08:32:07",16488,16866,12,,"EMP","Ocupación","RURBAN","Mercados Laborales Rurales y Urbanos (RURBAN)"
"EMP_DWAP_SEX_GEO_MTS_RT_A","EMP_DWAP_SEX_GEO_MTS_RT","Razón ocupación-población en edad de trabajar según sexo, zonas rurales / urbanas y estado civil (%)","A","Anual","EMP_DWAP_RT","Razón ocupación-población en edad de trabajar (definición anterior de la OIT - CIET13)","SEX_GEO_MTS","sexo, zonas rurales/urbanes, estado civil",1970,2025,"02/10/2026 07:15:05",109105,120568,144,,"EMP","Ocupación","RURBAN","Mercados Laborales Rurales y Urbanos (RURBAN)"
"EMP_DWAP_SEX_GEO_MTS_RT_Q","EMP_DWAP_SEX_GEO_MTS_RT","Razón ocupación-población en edad de trabajar según sexo, zonas rurales / urbanas y estado civil (%)","Q","Trimestral","EMP_DWAP_RT","Razón ocupación-población en edad de trabajar (definición anterior de la OIT - CIET13)","SEX_GEO_MTS","sexo, zonas rurales/urbanes, estado civil",1987,2026,"02/10/2026 07:16:10",186927,187251,62,,"EMP","Ocupación","RURBAN","Mercados Laborales Rurales y Urbanos (RURBAN)"
"EMP_DWAP_SEX_GEO_DSB_RT_A","EMP_DWAP_SEX_GEO_DSB_RT","Razón ocupación-población en edad de trabajar según sexo, zonas rurales / urbanas y situación en términos de discapacidad (%)","A","Anual","EMP_DWAP_RT","Razón ocupación-población en edad de trabajar (definición anterior de la OIT - CIET13)","SEX_GEO_DSB","sexo, zonas rurales/urbanes, situación en términos de discapacidad",1996,2025,"24/09/2026 07:02:05",24369,25395,105,,"EMP","Ocupación","DLMI","Indicadores del mercado laboral de discapacidad"
"EMP_DWAP_SEX_GEO_DSB_RT_Q","EMP_DWAP_SEX_GEO_DSB_RT","Razón ocupación-población en edad de trabajar según sexo, zonas rurales / urbanas y situación en términos de discapacidad (%)","Q","Trimestral","EMP_DWAP_RT","Razón ocupación-población en edad de trabajar (definición anterior de la OIT - CIET13)","SEX_GEO_DSB","sexo, zonas rurales/urbanes, situación en términos de discapacidad",2009,2026,"16/09/2026 07:14:26",12872,12980,23,,"EMP","Ocupación","DLMI","Indicadores del mercado laboral de discapacidad"
"EMP_DWAP_SEX_MTS_RT_A","EMP_DWAP_SEX_MTS_RT","Razon ocupación-poblacion en edad de trabajar según sexo y estado civil (%)","A","Anual","EMP_DWAP_RT","Razón ocupación-población en edad de trabajar (definición anterior de la OIT - CIET13)","SEX_MTS","sexo, estado civil",1970,2025,"02/10/2026 07:07:11",50641,57808,177,,"EMP","Ocupación","GEND","Indicadores de Igualdad de Género y No Discriminación (GEND)"
"EMP_DWAP_SEX_MTS_RT_Q","EMP_DWAP_SEX_MTS_RT","Razon ocupación-poblacion en edad de trabajar según sexo y estado civil (%)","Q","Trimestral","EMP_DWAP_RT","Razón ocupación-población en edad de trabajar (definición anterior de la OIT - CIET13)","SEX_MTS","sexo, estado civil",1987,2026,"02/10/2026 07:08:13",103389,103578,83,,"EMP","Ocupación","GEND","Indicadores de Igualdad de Género y No Discriminación (GEND)"
"EMP_DWAP_SEX_MTS_RT_M","EMP_DWAP_SEX_MTS_RT","Razon ocupación-poblacion en edad de trabajar según sexo y estado civil (%)","M","Mensual","EMP_DWAP_RT","Razón ocupación-población en edad de trabajar (definición anterior de la OIT - CIET13)","SEX_MTS","sexo, estado civil",1994,2026,"16/09/2026 08:03:05",28797,28797,15,,"EMP","Ocupación","GEND","Indicadores de Igualdad de Género y No Discriminación (GEND)"
"EMP_DWAP_SEX_MTS_DSB_RT_A","EMP_DWAP_SEX_MTS_DSB_RT","Razón ocupación-población en edad de trabajar según sexo, estado civil y situación en términos de discapacidad (%)","A","Anual","EMP_DWAP_RT","Razón ocupación-población en edad de trabajar (definición anterior de la OIT - CIET13)","SEX_MTS_DSB","sexo, estado civil, situación en términos de discapacidad",1996,2025,"02/10/2026 07:02:05",81199,85063,127,,"EMP","Ocupación","DLMI","Indicadores del mercado laboral de discapacidad"
"EMP_DWAP_SEX_MTS_DSB_RT_Q","EMP_DWAP_SEX_MTS_DSB_RT","Razón ocupación-población en edad de trabajar según sexo, estado civil y situación en términos de discapacidad (%)","Q","Trimestral","EMP_DWAP_RT","Razón ocupación-población en edad de trabajar (definición anterior de la OIT - CIET13)","SEX_MTS_DSB","sexo, estado civil, situación en términos de discapacidad",1998,2026,"16/09/2026 07:14:26",16642,16642,27,,"EMP","Ocupación","DLMI","Indicadores del mercado laboral de discapacidad"
"EMP_DWAP_SEX_DSB_RT_A","EMP_DWAP_SEX_DSB_RT","Razón ocupación-población en edad de trabajar según sexo y situación en términos de discapacidad (%)","A","Anual","EMP_DWAP_RT","Razón ocupación-población en edad de trabajar (definición anterior de la OIT - CIET13)","SEX_DSB","sexo, situación en términos de discapacidad",1996,2025,"02/10/2026 07:02:05",9244,9928,128,,"EMP","Ocupación","DLMI","Indicadores del mercado laboral de discapacidad"
"EMP_DWAP_SEX_DSB_RT_Q","EMP_DWAP_SEX_DSB_RT","Razón ocupación-población en edad de trabajar según sexo y situación en términos de discapacidad (%)","Q","Trimestral","EMP_DWAP_RT","Razón ocupación-población en edad de trabajar (definición anterior de la OIT - CIET13)","SEX_DSB","sexo, situación en términos de discapacidad",1998,2026,"16/09/2026 07:14:26",5701,5737,27,,"EMP","Ocupación","DLMI","Indicadores del mercado laboral de discapacidad"
"GED_PEPR_SEX_HHT_CHL_RT_A","GED_PEPR_SEX_HHT_CHL_RT","Relación ocupación-poblaciónpara personas de 25 a 54 años según sexo, tipo de hogar y presencia de niños (%)","A","Anual","GED_PEPR_RT","Relación ocupación-población para personas de 25 a 54 años (definición anterior de la OIT - CIET13)","SEX_HHT_CHL","sexo, tipo de hogar, presencia de niños",2000,2026,"02/09/2026 07:06:04",163374,174423,153,,"EMP","Ocupación","GEND","Indicadores de Igualdad de Género y No Discriminación (GEND)"
"GED_PEPR_SEX_HHT_GEO_RT_A","GED_PEPR_SEX_HHT_GEO_RT","Relación ocupación-poblaciónpara personas de 25 a 54 años según sexo, tipo de hogar y zonas rurales / urbanas (%)","A","Anual","GED_PEPR_RT","Relación ocupación-población para personas de 25 a 54 años (definición anterior de la OIT - CIET13)","SEX_HHT_GEO","sexo, tipo de hogar, zonas rurales/urbanes",2000,2026,"02/09/2026 07:06:04",61348,65020,121,,"EMP","Ocupación","GEND","Indicadores de Igualdad de Género y No Discriminación (GEND)"
"EMP_DWA1_SEX_AGE_RT_Q","EMP_DWA1_SEX_AGE_RT","Razón ocupación-población en edad de trabajar, DES según sexo y edad (%)","Q","Trimestral","EMP_DWA1_RT","Razón ocupación-población en edad de trabajar, DES (definición anterior de la OIT - CIET13)","SEX_AGE","sexo, edad",1955,2026,"27/09/2026 07:17:12",61107,61107,24,,"EMP","Ocupación","LFS","Estadísticas sobre la Fuerza Laboral (LFS)"
"EMP_DWA1_SEX_AGE_RT_M","EMP_DWA1_SEX_AGE_RT","Razón ocupación-población en edad de trabajar, DES según sexo y edad (%)","M","Mensual","EMP_DWA1_RT","Razón ocupación-población en edad de trabajar, DES (definición anterior de la OIT - CIET13)","SEX_AGE","sexo, edad",1955,2026,"27/09/2026 07:14:34",67767,67767,8,,"EMP","Ocupación","LFS","Estadísticas sobre la Fuerza Laboral (LFS)"
"EMP_PTER_SEX_RT_A","EMP_PTER_SEX_RT","Tasa de ocupación a tiempo parcial según sexo (%)","A","Anual","EMP_PTER_RT","Tasa de ocupación a tiempo parcial (definición anterior de la OIT - CIET13)","SEX","sexo",1976,2025,"02/10/2026 07:00:09",7398,8394,171,,"EMP","Ocupación","COND","Estadísticas de Salarios y Tiempo de Trabajo (COND)"
"EMP_NIFL_SEX_NB_A","EMP_NIFL_SEX_NB","Ocupación informal según sexo (millares)","A","Anual","EMP_NIFL_NB","Ocupación informal (definición anterior de la OIT - CIET13)","SEX","sexo",1997,2027,"02/10/2026 07:12:21",10369,10577,234,"Y","IFL","Economía informal","LFS","Estadísticas sobre la Fuerza Laboral (LFS)"
"EMP_NIFL_SEX_NB_Q","EMP_NIFL_SEX_NB","Ocupación informal según sexo (millares)","Q","Trimestral","EMP_NIFL_NB","Ocupación informal (definición anterior de la OIT - CIET13)","SEX","sexo",1995,2026,"02/10/2026 07:13:20",5856,5934,54,,"IFL","Economía informal","LFS","Estadísticas sobre la Fuerza Laboral (LFS)"
"EMP_NIFL_SEX_NB_M","EMP_NIFL_SEX_NB","Ocupación informal según sexo (millares)","M","Mensual","EMP_NIFL_NB","Ocupación informal (definición anterior de la OIT - CIET13)","SEX","sexo",2006,2026,"16/09/2026 08:19:15",3957,4083,10,,"IFL","Economía informal","LFS","Estadísticas sobre la Fuerza Laboral (LFS)"
"EMP_NIFL_SEX_AGE_NB_A","EMP_NIFL_SEX_AGE_NB","Ocupación informal según sexo y edad (millares)","A","Anual","EMP_NIFL_NB","Ocupación informal (definición anterior de la OIT - CIET13)","SEX_AGE","sexo, edad",1997,2025,"02/10/2026 07:12:21",114715,120504,147,,"IFL","Economía informal","LFS","Estadísticas sobre la Fuerza Laboral (LFS)"
"EMP_NIFL_SEX_AGE_NB_Q","EMP_NIFL_SEX_AGE_NB","Ocupación informal según sexo y edad (millares)","Q","Trimestral","EMP_NIFL_NB","Ocupación informal (definición anterior de la OIT - CIET13)","SEX_AGE","sexo, edad",1995,2026,"02/10/2026 07:13:20",163331,165506,54,,"IFL","Economía informal","LFS","Estadísticas sobre la Fuerza Laboral (LFS)"
"EMP_NIFL_SEX_AGE_NB_M","EMP_NIFL_SEX_AGE_NB","Ocupación informal según sexo y edad (millares)","M","Mensual","EMP_NIFL_NB","Ocupación informal (definición anterior de la OIT - CIET13)","SEX_AGE","sexo, edad",2006,2026,"16/09/2026 08:19:15",63276,65292,10,,"IFL","Economía informal","LFS","Estadísticas sobre la Fuerza Laboral (LFS)"
"EMP_NIFL_SEX_AGE_EDU_NB_A","EMP_NIFL_SEX_AGE_EDU_NB","Ocupación informal según sexo, edad y educación (millares)","A","Anual","EMP_NIFL_NB","Ocupación informal (definición anterior de la OIT - CIET13)","SEX_AGE_EDU","sexo, edad, educación",1997,2025,"02/10/2026 07:04:13",657059,695169,147,,"IFL","Economía informal","EMI","Indicadores de Educación y Desajuste (EMI)"
"EMP_NIFL_SEX_AGE_EDU_NB_Q","EMP_NIFL_SEX_AGE_EDU_NB","Ocupación informal según sexo, edad y educación (millares)","Q","Trimestral","EMP_NIFL_NB","Ocupación informal (definición anterior de la OIT - CIET13)","SEX_AGE_EDU","sexo, edad, educación",1995,2026,"02/10/2026 07:05:16",881855,891363,52,,"IFL","Economía informal","EMI","Indicadores de Educación y Desajuste (EMI)"
"EMP_NIFL_SEX_AGE_EDU_NB_M","EMP_NIFL_SEX_AGE_EDU_NB","Ocupación informal según sexo, edad y educación (millares)","M","Mensual","EMP_NIFL_NB","Ocupación informal (definición anterior de la OIT - CIET13)","SEX_AGE_EDU","sexo, edad, educación",2006,2026,"16/09/2026 07:31:16",184061,189309,10,,"IFL","Economía informal","EMI","Indicadores de Educación y Desajuste (EMI)"
"EMP_NIFL_SEX_AGE_GEO_NB_A","EMP_NIFL_SEX_AGE_GEO_NB","Ocupación informal según sexo, edad y zonas rurales / urbanes (millares)","A","Anual","EMP_NIFL_NB","Ocupación informal (definición anterior de la OIT - CIET13)","SEX_AGE_GEO","sexo, edad, zonas rurales/urbanes",1999,2025,"02/10/2026 07:15:05",169492,177412,122,,"IFL","Economía informal","RURBAN","Mercados Laborales Rurales y Urbanos (RURBAN)"
"EMP_NIFL_SEX_AGE_GEO_NB_Q","EMP_NIFL_SEX_AGE_GEO_NB","Ocupación informal según sexo, edad y zonas rurales / urbanes (millares)","Q","Trimestral","EMP_NIFL_NB","Ocupación informal (definición anterior de la OIT - CIET13)","SEX_AGE_GEO","sexo, edad, zonas rurales/urbanes",1995,2026,"02/10/2026 07:16:10",228137,231449,46,,"IFL","Economía informal","RURBAN","Mercados Laborales Rurales y Urbanos (RURBAN)"
"EMP_NIFL_SEX_AGE_GEO_NB_M","EMP_NIFL_SEX_AGE_GEO_NB","Ocupación informal según sexo, edad y zonas rurales / urbanes (millares)","M","Mensual","EMP_NIFL_NB","Ocupación informal (definición anterior de la OIT - CIET13)","SEX_AGE_GEO","sexo, edad, zonas rurales/urbanes",2006,2026,"16/09/2026 08:32:07",95661,99057,9,,"IFL","Economía informal","RURBAN","Mercados Laborales Rurales y Urbanos (RURBAN)"
"EMP_NIFL_SEX_AGE_MTS_NB_A","EMP_NIFL_SEX_AGE_MTS_NB","Ocupación informal según sexo, edad y estado civil (millares)","A","Anual","EMP_NIFL_NB","Ocupación informal (definición anterior de la OIT - CIET13)","SEX_AGE_MTS","sexo, edad, estado civil",1999,2025,"02/10/2026 07:07:11",508346,533393,142,,"IFL","Economía informal","GEND","Indicadores de Igualdad de Género y No Discriminación (GEND)"
"EMP_NIFL_SEX_AGE_MTS_NB_Q","EMP_NIFL_SEX_AGE_MTS_NB","Ocupación informal según sexo, edad y estado civil (millares)","Q","Trimestral","EMP_NIFL_NB","Ocupación informal (definición anterior de la OIT - CIET13)","SEX_AGE_MTS","sexo, edad, estado civil",1995,2026,"02/10/2026 07:08:13",495278,497357,50,,"IFL","Economía informal","GEND","Indicadores de Igualdad de Género y No Discriminación (GEND)"
"EMP_NIFL_SEX_AGE_DSB_NB_A","EMP_NIFL_SEX_AGE_DSB_NB","Ocupación informal según sexo, edad y situación en términos de discapacidad (millares)","A","Anual","EMP_NIFL_NB","Ocupación informal (definición anterior de la OIT - CIET13)","SEX_AGE_DSB","sexo, edad, situación en términos de discapacidad",2006,2025,"02/10/2026 07:02:05",55787,56030,103,,"IFL","Economía informal","DLMI","Indicadores del mercado laboral de discapacidad"
"EMP_NIFL_SEX_AGE_DSB_NB_Q","EMP_NIFL_SEX_AGE_DSB_NB","Ocupación informal según sexo, edad y situación en términos de discapacidad (millares)","Q","Trimestral","EMP_NIFL_NB","Ocupación informal (definición anterior de la OIT - CIET13)","SEX_AGE_DSB","sexo, edad, situación en términos de discapacidad",2010,2026,"16/09/2026 07:14:26",31190,31514,23,,"IFL","Economía informal","DLMI","Indicadores del mercado laboral de discapacidad"
"EMP_NIFL_SEX_EDU_NB_A","EMP_NIFL_SEX_EDU_NB","Ocupación informal según sexo y educación (millares)","A","Anual","EMP_NIFL_NB","Ocupación informal (definición anterior de la OIT - CIET13)","SEX_EDU","sexo, educación",1997,2025,"02/10/2026 07:04:13",43358,45870,147,,"IFL","Economía informal","EMI","Indicadores de Educación y Desajuste (EMI)"
"EMP_NIFL_SEX_EDU_NB_Q","EMP_NIFL_SEX_EDU_NB","Ocupación informal según sexo y educación (millares)","Q","Trimestral","EMP_NIFL_NB","Ocupación informal (definición anterior de la OIT - CIET13)","SEX_EDU","sexo, educación",1995,2026,"02/10/2026 07:05:16",80340,81219,52,,"IFL","Economía informal","EMI","Indicadores de Educación y Desajuste (EMI)"
"EMP_NIFL_SEX_EDU_NB_M","EMP_NIFL_SEX_EDU_NB","Ocupación informal según sexo y educación (millares)","M","Mensual","EMP_NIFL_NB","Ocupación informal (definición anterior de la OIT - CIET13)","SEX_EDU","sexo, educación",2006,2026,"16/09/2026 07:31:16",21192,21840,10,,"IFL","Economía informal","EMI","Indicadores de Educación y Desajuste (EMI)"
"EMP_NIFL_SEX_EDU_GEO_NB_A","EMP_NIFL_SEX_EDU_GEO_NB","Ocupación informal según sexo, educación y zonas rurales / urbanes (millares)","A","Anual","EMP_NIFL_NB","Ocupación informal (definición anterior de la OIT - CIET13)","SEX_EDU_GEO","sexo, educación, zonas rurales/urbanes",1999,2025,"02/10/2026 07:15:05",109360,115519,122,,"IFL","Economía informal","RURBAN","Mercados Laborales Rurales y Urbanos (RURBAN)"
"EMP_NIFL_SEX_EDU_GEO_NB_Q","EMP_NIFL_SEX_EDU_GEO_NB","Ocupación informal según sexo, educación y zonas rurales / urbanes (millares)","Q","Trimestral","EMP_NIFL_NB","Ocupación informal (definición anterior de la OIT - CIET13)","SEX_EDU_GEO","sexo, educación, zonas rurales/urbanes",1995,2026,"02/10/2026 07:16:10",75648,76734,45,,"IFL","Economía informal","RURBAN","Mercados Laborales Rurales y Urbanos (RURBAN)"
"EMP_NIFL_SEX_EDU_MTS_NB_A","EMP_NIFL_SEX_EDU_MTS_NB","Ocupación informal según sexo, educación y estado civil (millares)","A","Anual","EMP_NIFL_NB","Ocupación informal (definición anterior de la OIT - CIET13)","SEX_EDU_MTS","sexo, educación, estado civil",1997,2025,"02/10/2026 07:04:13",340350,359967,143,,"IFL","Economía informal","EMI","Indicadores de Educación y Desajuste (EMI)"
"EMP_NIFL_SEX_EDU_MTS_NB_Q","EMP_NIFL_SEX_EDU_MTS_NB","Ocupación informal según sexo, educación y estado civil (millares)","Q","Trimestral","EMP_NIFL_NB","Ocupación informal (definición anterior de la OIT - CIET13)","SEX_EDU_MTS","sexo, educación, estado civil",1995,2026,"02/10/2026 07:05:16",83092,83305,49,,"IFL","Economía informal","EMI","Indicadores de Educación y Desajuste (EMI)"
"EMP_NIFL_SEX_EDU_DSB_NB_A","EMP_NIFL_SEX_EDU_DSB_NB","Ocupación informal según sexo, educación y situación en términos de discapacidad (millares)","A","Anual","EMP_NIFL_NB","Ocupación informal (definición anterior de la OIT - CIET13)","SEX_EDU_DSB","sexo, educación, situación en términos de discapacidad",2006,2025,"02/10/2026 07:02:05",31791,31932,102,,"IFL","Economía informal","DLMI","Indicadores del mercado laboral de discapacidad"
"EMP_NIFL_SEX_GEO_NB_A","EMP_NIFL_SEX_GEO_NB","Ocupación informal según sexo y zonas rurales / urbanas (millares)","A","Anual","EMP_NIFL_NB","Ocupación informal (definición anterior de la OIT - CIET13)","SEX_GEO","sexo, zonas rurales/urbanes",1999,2025,"02/10/2026 07:15:05",10656,11151,122,,"IFL","Economía informal","RURBAN","Mercados Laborales Rurales y Urbanos (RURBAN)"
"EMP_NIFL_SEX_GEO_NB_Q","EMP_NIFL_SEX_GEO_NB","Ocupación informal según sexo y zonas rurales / urbanas (millares)","Q","Trimestral","EMP_NIFL_NB","Ocupación informal (definición anterior de la OIT - CIET13)","SEX_GEO","sexo, zonas rurales/urbanes",1995,2026,"02/10/2026 07:16:10",14309,14516,46,,"IFL","Economía informal","RURBAN","Mercados Laborales Rurales y Urbanos (RURBAN)"
"EMP_NIFL_SEX_GEO_NB_M","EMP_NIFL_SEX_GEO_NB","Ocupación informal según sexo y zonas rurales / urbanas (millares)","M","Mensual","EMP_NIFL_NB","Ocupación informal (definición anterior de la OIT - CIET13)","SEX_GEO","sexo, zonas rurales/urbanes",2006,2026,"16/09/2026 08:32:07",10629,11007,9,,"IFL","Economía informal","RURBAN","Mercados Laborales Rurales y Urbanos (RURBAN)"
"EMP_NIFL_SEX_GEO_MTS_NB_A","EMP_NIFL_SEX_GEO_MTS_NB","Ocupación informal según sexo, zonas rurales / urbanes y estado civil (millares)","A","Anual","EMP_NIFL_NB","Ocupación informal (definición anterior de la OIT - CIET13)","SEX_GEO_MTS","sexo, zonas rurales/urbanes, estado civil",1999,2025,"02/10/2026 07:15:05",89019,92781,120,,"IFL","Economía informal","RURBAN","Mercados Laborales Rurales y Urbanos (RURBAN)"
"EMP_NIFL_SEX_GEO_MTS_NB_Q","EMP_NIFL_SEX_GEO_MTS_NB","Ocupación informal según sexo, zonas rurales / urbanes y estado civil (millares)","Q","Trimestral","EMP_NIFL_NB","Ocupación informal (definición anterior de la OIT - CIET13)","SEX_GEO_MTS","sexo, zonas rurales/urbanes, estado civil",1995,2026,"02/10/2026 07:16:10",111309,111633,45,,"IFL","Economía informal","RURBAN","Mercados Laborales Rurales y Urbanos (RURBAN)"
"EMP_NIFL_SEX_GEO_DSB_NB_A","EMP_NIFL_SEX_GEO_DSB_NB","Ocupación informal según sexo, zonas rurales / urbanes y situación en términos de discapacidad (millares)","A","Anual","EMP_NIFL_NB","Ocupación informal (definición anterior de la OIT - CIET13)","SEX_GEO_DSB","sexo, zonas rurales/urbanes, situación en términos de discapacidad",2006,2025,"24/09/2026 07:02:05",17967,18048,86,,"IFL","Economía informal","DLMI","Indicadores del mercado laboral de discapacidad"
"EMP_NIFL_SEX_GEO_DSB_NB_Q","EMP_NIFL_SEX_GEO_DSB_NB","Ocupación informal según sexo, zonas rurales / urbanes y situación en términos de discapacidad (millares)","Q","Trimestral","EMP_NIFL_NB","Ocupación informal (definición anterior de la OIT - CIET13)","SEX_GEO_DSB","sexo, zonas rurales/urbanes, situación en términos de discapacidad",2010,2026,"16/09/2026 07:14:26",9942,10050,21,,"IFL","Economía informal","DLMI","Indicadores del mercado laboral de discapacidad"
"EMP_NIFL_SEX_MTS_NB_A","EMP_NIFL_SEX_MTS_NB","Ocupación informal según sexo y estado civil (millares)","A","Anual","EMP_NIFL_NB","Ocupación informal (definición anterior de la OIT - CIET13)","SEX_MTS","sexo, estado civil",1999,2025,"02/10/2026 07:07:11",34287,35931,142,,"IFL","Economía informal","GEND","Indicadores de Igualdad de Género y No Discriminación (GEND)"
"EMP_NIFL_SEX_MTS_NB_Q","EMP_NIFL_SEX_MTS_NB","Ocupación informal según sexo y estado civil (millares)","Q","Trimestral","EMP_NIFL_NB","Ocupación informal (definición anterior de la OIT - CIET13)","SEX_MTS","sexo, estado civil",1995,2026,"02/10/2026 07:08:13",44811,45000,50,,"IFL","Economía informal","GEND","Indicadores de Igualdad de Género y No Discriminación (GEND)"
"EMP_NIFL_SEX_MTS_NB_M","EMP_NIFL_SEX_MTS_NB","Ocupación informal según sexo y estado civil (millares)","M","Mensual","EMP_NIFL_NB","Ocupación informal (definición anterior de la OIT - CIET13)","SEX_MTS","sexo, estado civil",2006,2026,"16/09/2026 08:03:05",11574,11574,9,,"IFL","Economía informal","GEND","Indicadores de Igualdad de Género y No Discriminación (GEND)"
"EMP_NIFL_SEX_MTS_DSB_NB_A","EMP_NIFL_SEX_MTS_DSB_NB","Ocupación informal según sexo, estado civil y situación en términos de discapacidad (millares)","A","Anual","EMP_NIFL_NB","Ocupación informal (definición anterior de la OIT - CIET13)","SEX_MTS_DSB","sexo, estado civil, situación en términos de discapacidad",2007,2025,"02/10/2026 07:02:05",54344,54503,102,,"IFL","Economía informal","DLMI","Indicadores del mercado laboral de discapacidad"
"EMP_NIFL_SEX_MTS_DSB_NB_Q","EMP_NIFL_SEX_MTS_DSB_NB","Ocupación informal según sexo, estado civil y situación en términos de discapacidad (millares)","Q","Trimestral","EMP_NIFL_NB","Ocupación informal (definición anterior de la OIT - CIET13)","SEX_MTS_DSB","sexo, estado civil, situación en términos de discapacidad",2013,2026,"16/09/2026 07:14:26",9937,9937,23,,"IFL","Economía informal","DLMI","Indicadores del mercado laboral de discapacidad"
"EMP_NIFL_SEX_DSB_NB_A","EMP_NIFL_SEX_DSB_NB","Ocupación informal según sexo y situación en términos de discapacidad (millares)","A","Anual","EMP_NIFL_NB","Ocupación informal (definición anterior de la OIT - CIET13)","SEX_DSB","sexo, situación en términos de discapacidad",2006,2025,"02/10/2026 07:02:05",6697,6724,103,,"IFL","Economía informal","DLMI","Indicadores del mercado laboral de discapacidad"
"EMP_NIFL_SEX_DSB_NB_Q","EMP_NIFL_SEX_DSB_NB","Ocupación informal según sexo y situación en términos de discapacidad (millares)","Q","Trimestral","EMP_NIFL_NB","Ocupación informal (definición anterior de la OIT - CIET13)","SEX_DSB","sexo, situación en términos de discapacidad",2010,2026,"16/09/2026 07:14:26",3511,3547,23,,"IFL","Economía informal","DLMI","Indicadores del mercado laboral de discapacidad"
"EMP_NIFL_SEX_AGE_ECO_NB_A","EMP_NIFL_SEX_AGE_ECO_NB","Ocupación informal según sexo, edad y actividad económica (millares)","A","Anual","EMP_NIFL_NB","Ocupación informal (definición anterior de la OIT - CIET13)","SEX_AGE_ECO","sexo, edad, actividad económica",1997,2025,"02/10/2026 07:12:21",1361401,1433093,147,,"IFL","Economía informal","LFS","Estadísticas sobre la Fuerza Laboral (LFS)"
"EMP_NIFL_SEX_AGE_ECO_NB_Q","EMP_NIFL_SEX_AGE_ECO_NB","Ocupación informal según sexo, edad y actividad económica (millares)","Q","Trimestral","EMP_NIFL_NB","Ocupación informal (definición anterior de la OIT - CIET13)","SEX_AGE_ECO","sexo, edad, actividad económica",1995,2026,"02/10/2026 07:13:20",659429,667709,53,,"IFL","Economía informal","LFS","Estadísticas sobre la Fuerza Laboral (LFS)"
"EMP_NIFL_SEX_AGE_OCU_NB_A","EMP_NIFL_SEX_AGE_OCU_NB","Ocupación informal según sexo, edad y ocupación (millares)","A","Anual","EMP_NIFL_NB","Ocupación informal (definición anterior de la OIT - CIET13)","SEX_AGE_OCU","sexo, edad, ocupación",1999,2025,"02/10/2026 07:12:21",650024,684777,142,,"IFL","Economía informal","LFS","Estadísticas sobre la Fuerza Laboral (LFS)"
"EMP_NIFL_SEX_AGE_OCU_NB_Q","EMP_NIFL_SEX_AGE_OCU_NB","Ocupación informal según sexo, edad y ocupación (millares)","Q","Trimestral","EMP_NIFL_NB","Ocupación informal (definición anterior de la OIT - CIET13)","SEX_AGE_OCU","sexo, edad, ocupación",1995,2026,"02/10/2026 07:13:20",410591,415865,54,,"IFL","Economía informal","LFS","Estadísticas sobre la Fuerza Laboral (LFS)"
"EMP_NIFL_SEX_AGE_INS_NB_A","EMP_NIFL_SEX_AGE_INS_NB","Ocupación informal según sexo, edad y sector público/privado (millares)","A","Anual","EMP_NIFL_NB","Ocupación informal (definición anterior de la OIT - CIET13)","SEX_AGE_INS","sexo, edad, sector público/privado",1997,2025,"02/10/2026 07:12:21",118367,126891,115,,"IFL","Economía informal","LFS","Estadísticas sobre la Fuerza Laboral (LFS)"
"EMP_NIFL_SEX_AGE_INS_NB_Q","EMP_NIFL_SEX_AGE_INS_NB","Ocupación informal según sexo, edad y sector público/privado (millares)","Q","Trimestral","EMP_NIFL_NB","Ocupación informal (definición anterior de la OIT - CIET13)","SEX_AGE_INS","sexo, edad, sector público/privado",1995,2026,"02/10/2026 07:13:20",144334,146468,52,,"IFL","Economía informal","LFS","Estadísticas sobre la Fuerza Laboral (LFS)"
"EMP_NIFL_SEX_AGE_JBT_NB_A","EMP_NIFL_SEX_AGE_JBT_NB","Ocupación informal según sexo, edad y ordenamiento del tiempo de trabajo (millares)","A","Anual","EMP_NIFL_NB","Ocupación informal (definición anterior de la OIT - CIET13)","SEX_AGE_JBT","sexo, edad, ordenamiento del tiempo de trabajo",1997,2025,"02/10/2026 07:12:21",196073,205739,144,,"IFL","Economía informal","LFS","Estadísticas sobre la Fuerza Laboral (LFS)"
"EMP_NIFL_SEX_AGE_JBT_NB_Q","EMP_NIFL_SEX_AGE_JBT_NB","Ocupación informal según sexo, edad y ordenamiento del tiempo de trabajo (millares)","Q","Trimestral","EMP_NIFL_NB","Ocupación informal (definición anterior de la OIT - CIET13)","SEX_AGE_JBT","sexo, edad, ordenamiento del tiempo de trabajo",1995,2026,"02/10/2026 07:13:20",279171,282771,54,,"IFL","Economía informal","LFS","Estadísticas sobre la Fuerza Laboral (LFS)"
"EMP_NIFL_SEX_AGE_JBT_NB_M","EMP_NIFL_SEX_AGE_JBT_NB","Ocupación informal según sexo, edad y ordenamiento del tiempo de trabajo (millares)","M","Mensual","EMP_NIFL_NB","Ocupación informal (definición anterior de la OIT - CIET13)","SEX_AGE_JBT","sexo, edad, ordenamiento del tiempo de trabajo",2006,2026,"16/09/2026 08:19:15",35556,36690,10,,"IFL","Economía informal","LFS","Estadísticas sobre la Fuerza Laboral (LFS)"
"EMP_NIFL_SEX_ECO_NB_A","EMP_NIFL_SEX_ECO_NB","Ocupación informal según sexo y actividad económica (millares)","A","Anual","EMP_NIFL_NB","Ocupación informal (definición anterior de la OIT - CIET13)","SEX_ECO","sexo, actividad económica",1997,2025,"02/10/2026 07:12:21",122372,128696,147,,"IFL","Economía informal","LFS","Estadísticas sobre la Fuerza Laboral (LFS)"
"EMP_NIFL_SEX_ECO_NB_Q","EMP_NIFL_SEX_ECO_NB","Ocupación informal según sexo y actividad económica (millares)","Q","Trimestral","EMP_NIFL_NB","Ocupación informal (definición anterior de la OIT - CIET13)","SEX_ECO","sexo, actividad económica",1995,2026,"02/10/2026 07:13:20",189079,191395,53,,"IFL","Economía informal","LFS","Estadísticas sobre la Fuerza Laboral (LFS)"
"EMP_NIFL_SEX_ECO_NB_M","EMP_NIFL_SEX_ECO_NB","Ocupación informal según sexo y actividad económica (millares)","M","Mensual","EMP_NIFL_NB","Ocupación informal (definición anterior de la OIT - CIET13)","SEX_ECO","sexo, actividad económica",2006,2026,"16/09/2026 08:19:15",50383,51880,10,,"IFL","Economía informal","LFS","Estadísticas sobre la Fuerza Laboral (LFS)"
"EMP_NIFL_SEX_ECO_EDU_NB_A","EMP_NIFL_SEX_ECO_EDU_NB","Ocupación informal según sexo, actividad económica y educación (millares)","A","Anual","EMP_NIFL_NB","Ocupación informal (definición anterior de la OIT - CIET13)","SEX_ECO_EDU","sexo, actividad económica, educación",1997,2025,"02/10/2026 07:04:13",1175086,1245413,147,,"IFL","Economía informal","EMI","Indicadores de Educación y Desajuste (EMI)"
"EMP_NIFL_SEX_ECO_EDU_NB_Q","EMP_NIFL_SEX_ECO_EDU_NB","Ocupación informal según sexo, actividad económica y educación (millares)","Q","Trimestral","EMP_NIFL_NB","Ocupación informal (definición anterior de la OIT - CIET13)","SEX_ECO_EDU","sexo, actividad económica, educación",1995,2026,"02/10/2026 07:05:16",1460865,1476171,51,,"IFL","Economía informal","EMI","Indicadores de Educación y Desajuste (EMI)"
"EMP_NIFL_SEX_ECO_GEO_NB_A","EMP_NIFL_SEX_ECO_GEO_NB","Ocupación informal según sexo, actividad económica y zonas rurales / urbanes (millares)","A","Anual","EMP_NIFL_NB","Ocupación informal (definición anterior de la OIT - CIET13)","SEX_ECO_GEO","sexo, actividad económica, zonas rurales/urbanes",1999,2025,"02/10/2026 07:15:05",132282,138711,122,,"IFL","Economía informal","RURBAN","Mercados Laborales Rurales y Urbanos (RURBAN)"
"EMP_NIFL_SEX_ECO_MTS_NB_A","EMP_NIFL_SEX_ECO_MTS_NB","Ocupación informal según sexo, actividad económica y estado civil (millares)","A","Anual","EMP_NIFL_NB","Ocupación informal (definición anterior de la OIT - CIET13)","SEX_ECO_MTS","sexo, actividad económica, estado civil",1999,2025,"02/10/2026 07:07:11",406389,426727,142,,"IFL","Economía informal","GEND","Indicadores de Igualdad de Género y No Discriminación (GEND)"
"EMP_NIFL_SEX_ECO_MTS_NB_Q","EMP_NIFL_SEX_ECO_MTS_NB","Ocupación informal según sexo, actividad económica y estado civil (millares)","Q","Trimestral","EMP_NIFL_NB","Ocupación informal (definición anterior de la OIT - CIET13)","SEX_ECO_MTS","sexo, actividad económica, estado civil",1995,2026,"02/10/2026 07:08:13",201801,202530,49,,"IFL","Economía informal","GEND","Indicadores de Igualdad de Género y No Discriminación (GEND)"
"EMP_NIFL_SEX_ECO_DSB_NB_A","EMP_NIFL_SEX_ECO_DSB_NB","Ocupación informal según sexo, actividad económica y situación en términos de discapacidad (millares)","A","Anual","EMP_NIFL_NB","Ocupación informal (definición anterior de la OIT - CIET13)","SEX_ECO_DSB","sexo, actividad económica, situación en términos de discapacidad",2006,2025,"02/10/2026 07:02:05",77908,78262,102,,"IFL","Economía informal","DLMI","Indicadores del mercado laboral de discapacidad"
"EMP_NIFL_ECO_OCU_NB_A","EMP_NIFL_ECO_OCU_NB","Ocupación informal según actividad económica y ocupación (millares)","A","Anual","EMP_NIFL_NB","Ocupación informal (definición anterior de la OIT - CIET13)","ECO_OCU","actividad económica, ocupación",1999,2025,"02/10/2026 07:12:21",485078,511925,142,,"IFL","Economía informal","LFS","Estadísticas sobre la Fuerza Laboral (LFS)"
"EMP_NIFL_ECO_OCU_NB_Q","EMP_NIFL_ECO_OCU_NB","Ocupación informal según actividad económica y ocupación (millares)","Q","Trimestral","EMP_NIFL_NB","Ocupación informal (definición anterior de la OIT - CIET13)","ECO_OCU","actividad económica, ocupación",1995,2026,"02/10/2026 07:13:20",325419,329312,53,,"IFL","Economía informal","LFS","Estadísticas sobre la Fuerza Laboral (LFS)"
"EMP_NIFL_SEX_ECO_INS_NB_A","EMP_NIFL_SEX_ECO_INS_NB","Ocupación informal según sexo, actividad económica y sector público/privado (millares)","A","Anual","EMP_NIFL_NB","Ocupación informal (definición anterior de la OIT - CIET13)","SEX_ECO_INS","sexo, actividad económica, sector público/privado",1997,2025,"02/10/2026 07:12:21",222522,237441,115,,"IFL","Economía informal","LFS","Estadísticas sobre la Fuerza Laboral (LFS)"
"EMP_NIFL_SEX_ECO_INS_NB_Q","EMP_NIFL_SEX_ECO_INS_NB","Ocupación informal según sexo, actividad económica y sector público/privado (millares)","Q","Trimestral","EMP_NIFL_NB","Ocupación informal (definición anterior de la OIT - CIET13)","SEX_ECO_INS","sexo, actividad económica, sector público/privado",1995,2026,"02/10/2026 07:13:20",195774,198282,51,,"IFL","Economía informal","LFS","Estadísticas sobre la Fuerza Laboral (LFS)"
"EMP_NIFL_SEX_ECO_INS_NB_M","EMP_NIFL_SEX_ECO_INS_NB","Ocupación informal según sexo, actividad económica y sector público/privado (millares)","M","Mensual","EMP_NIFL_NB","Ocupación informal (definición anterior de la OIT - CIET13)","SEX_ECO_INS","sexo, actividad económica, sector público/privado",2006,2026,"16/09/2026 08:19:15",49464,51165,9,,"IFL","Economía informal","LFS","Estadísticas sobre la Fuerza Laboral (LFS)"
"EMP_NIFL_SEX_ECO_EST_NB_A","EMP_NIFL_SEX_ECO_EST_NB","Ocupación informal según sexo, actividad económica y tamaño del establecimiento (millares)","A","Anual","EMP_NIFL_NB","Ocupación informal (definición anterior de la OIT - CIET13)","SEX_ECO_EST","sexo, actividad económica, tamaño del establecimiento",1997,2025,"02/10/2026 07:12:21",458769,490294,99,,"IFL","Economía informal","LFS","Estadísticas sobre la Fuerza Laboral (LFS)"
"EMP_NIFL_SEX_ECO_EST_NB_Q","EMP_NIFL_SEX_ECO_EST_NB","Ocupación informal según sexo, actividad económica y tamaño del establecimiento (millares)","Q","Trimestral","EMP_NIFL_NB","Ocupación informal (definición anterior de la OIT - CIET13)","SEX_ECO_EST","sexo, actividad económica, tamaño del establecimiento",1995,2026,"02/10/2026 07:13:20",122554,123364,45,,"IFL","Economía informal","LFS","Estadísticas sobre la Fuerza Laboral (LFS)"
"EMP_NIFL_SEX_EC2_NB_A","EMP_NIFL_SEX_EC2_NB","Ocupación informal según sexo y actividad económica - nivel 2 de la CIIU (millares)","A","Anual","EMP_NIFL_NB","Ocupación informal (definición anterior de la OIT - CIET13)","SEX_EC2","sexo, actividad económica - nivel 2 de la ciiu",1997,2025,"02/10/2026 07:12:21",151638,156921,107,,"IFL","Economía informal","LFS","Estadísticas sobre la Fuerza Laboral (LFS)"
"EMP_NIFL_AGE_EC2_NB_A","EMP_NIFL_AGE_EC2_NB","Ocupación informal según edad y actividad económica - nivel 2 de la CIIU (millares)","A","Anual","EMP_NIFL_NB","Ocupación informal (definición anterior de la OIT - CIET13)","AGE_EC2","edad, actividad económica - nivel 2 de la ciiu",1997,2025,"02/10/2026 07:12:21",140972,145866,107,,"IFL","Economía informal","LFS","Estadísticas sobre la Fuerza Laboral (LFS)"
"EMP_NIFL_SEX_OCU_NB_A","EMP_NIFL_SEX_OCU_NB","Ocupación informal según sexo y ocupación (millares)","A","Anual","EMP_NIFL_NB","Ocupación informal (definición anterior de la OIT - CIET13)","SEX_OCU","sexo, ocupación",1999,2025,"02/10/2026 07:12:21",62503,65780,142,,"IFL","Economía informal","LFS","Estadísticas sobre la Fuerza Laboral (LFS)"
"EMP_NIFL_SEX_OCU_NB_Q","EMP_NIFL_SEX_OCU_NB","Ocupación informal según sexo y ocupación (millares)","Q","Trimestral","EMP_NIFL_NB","Ocupación informal (definición anterior de la OIT - CIET13)","SEX_OCU","sexo, ocupación",1995,2026,"02/10/2026 07:13:20",87505,88651,54,,"IFL","Economía informal","LFS","Estadísticas sobre la Fuerza Laboral (LFS)"
"EMP_NIFL_SEX_OCU_NB_M","EMP_NIFL_SEX_OCU_NB","Ocupación informal según sexo y ocupación (millares)","M","Mensual","EMP_NIFL_NB","Ocupación informal (definición anterior de la OIT - CIET13)","SEX_OCU","sexo, ocupación",2006,2026,"16/09/2026 08:19:15",17381,17888,10,,"IFL","Economía informal","LFS","Estadísticas sobre la Fuerza Laboral (LFS)"
"EMP_NIFL_SEX_OCU_EDU_NB_A","EMP_NIFL_SEX_OCU_EDU_NB","Ocupación informal según sexo, ocupación y educación (millares)","A","Anual","EMP_NIFL_NB","Ocupación informal (definición anterior de la OIT - CIET13)","SEX_OCU_EDU","sexo, ocupación, educación",1999,2025,"02/10/2026 07:04:13",577482,612223,142,,"IFL","Economía informal","EMI","Indicadores de Educación y Desajuste (EMI)"
"EMP_NIFL_SEX_OCU_EDU_NB_Q","EMP_NIFL_SEX_OCU_EDU_NB","Ocupación informal según sexo, ocupación y educación (millares)","Q","Trimestral","EMP_NIFL_NB","Ocupación informal (definición anterior de la OIT - CIET13)","SEX_OCU_EDU","sexo, ocupación, educación",1995,2026,"02/10/2026 07:06:17",334949,338300,52,,"IFL","Economía informal","EMI","Indicadores de Educación y Desajuste (EMI)"
"EMP_NIFL_SEX_OCU_GEO_NB_A","EMP_NIFL_SEX_OCU_GEO_NB","Ocupación informal según sexo, ocupación y zonas rurales / urbanes (millares)","A","Anual","EMP_NIFL_NB","Ocupación informal (definición anterior de la OIT - CIET13)","SEX_OCU_GEO","sexo, ocupación, zonas rurales/urbanes",1999,2025,"02/10/2026 07:15:05",159039,166713,119,,"IFL","Economía informal","RURBAN","Mercados Laborales Rurales y Urbanos (RURBAN)"
"EMP_NIFL_SEX_OCU_MTS_NB_A","EMP_NIFL_SEX_OCU_MTS_NB","Ocupación informal según sexo, ocupación y estado civil (millares)","A","Anual","EMP_NIFL_NB","Ocupación informal (definición anterior de la OIT - CIET13)","SEX_OCU_MTS","sexo, ocupación, estado civil",1999,2025,"02/10/2026 07:07:11",476612,500763,137,,"IFL","Economía informal","GEND","Indicadores de Igualdad de Género y No Discriminación (GEND)"
"EMP_NIFL_SEX_OCU_MTS_NB_Q","EMP_NIFL_SEX_OCU_MTS_NB","Ocupación informal según sexo, ocupación y estado civil (millares)","Q","Trimestral","EMP_NIFL_NB","Ocupación informal (definición anterior de la OIT - CIET13)","SEX_OCU_MTS","sexo, ocupación, estado civil",1995,2026,"02/10/2026 07:08:13",72129,72390,50,,"IFL","Economía informal","GEND","Indicadores de Igualdad de Género y No Discriminación (GEND)"
"EMP_NIFL_SEX_OCU_DSB_NB_A","EMP_NIFL_SEX_OCU_DSB_NB","Ocupación informal según sexo, ocupación y situación en términos de discapacidad (millares)","A","Anual","EMP_NIFL_NB","Ocupación informal (definición anterior de la OIT - CIET13)","SEX_OCU_DSB","sexo, ocupación, situación en términos de discapacidad",2006,2025,"02/10/2026 07:02:05",29395,29530,102,,"IFL","Economía informal","DLMI","Indicadores del mercado laboral de discapacidad"
"EMP_NIFL_SEX_OCU_INS_NB_A","EMP_NIFL_SEX_OCU_INS_NB","Ocupación informal según sexo, ocupación y sector público/privado (millares)","A","Anual","EMP_NIFL_NB","Ocupación informal (definición anterior de la OIT - CIET13)","SEX_OCU_INS","sexo, ocupación, sector público/privado",1999,2025,"02/10/2026 07:12:21",108401,116356,110,,"IFL","Economía informal","LFS","Estadísticas sobre la Fuerza Laboral (LFS)"
"EMP_NIFL_SEX_OCU_INS_NB_Q","EMP_NIFL_SEX_OCU_INS_NB","Ocupación informal según sexo, ocupación y sector público/privado (millares)","Q","Trimestral","EMP_NIFL_NB","Ocupación informal (definición anterior de la OIT - CIET13)","SEX_OCU_INS","sexo, ocupación, sector público/privado",1995,2026,"02/10/2026 07:13:20",232891,235888,52,,"IFL","Economía informal","LFS","Estadísticas sobre la Fuerza Laboral (LFS)"
"EMP_NIFL_SEX_OCU_EST_NB_A","EMP_NIFL_SEX_OCU_EST_NB","Ocupación informal según sexo, ocupación y tamaño del establecimiento (millares)","A","Anual","EMP_NIFL_NB","Ocupación informal (definición anterior de la OIT - CIET13)","SEX_OCU_EST","sexo, ocupación, tamaño del establecimiento",1999,2025,"02/10/2026 07:12:21",198174,212185,93,,"IFL","Economía informal","LFS","Estadísticas sobre la Fuerza Laboral (LFS)"
"EMP_NIFL_SEX_OCU_EST_NB_Q","EMP_NIFL_SEX_OCU_EST_NB","Ocupación informal según sexo, ocupación y tamaño del establecimiento (millares)","Q","Trimestral","EMP_NIFL_NB","Ocupación informal (definición anterior de la OIT - CIET13)","SEX_OCU_EST","sexo, ocupación, tamaño del establecimiento",1995,2026,"02/10/2026 07:13:20",101431,102121,46,,"IFL","Economía informal","LFS","Estadísticas sobre la Fuerza Laboral (LFS)"
"EMP_NIFL_SEX_OC2_NB_A","EMP_NIFL_SEX_OC2_NB","Ocupación informal según sexo y ocupación - nivel 2 de la CIUO (millares)","A","Anual","EMP_NIFL_NB","Ocupación informal (definición anterior de la OIT - CIET13)","SEX_OC2","sexo, ocupación - nivel 2 de la ciuo",1999,2025,"02/10/2026 07:12:21",125077,129735,130,,"IFL","Economía informal","LFS","Estadísticas sobre la Fuerza Laboral (LFS)"
"EMP_NIFL_AGE_OC2_NB_A","EMP_NIFL_AGE_OC2_NB","Ocupación informal según edad y ocupación - nivel 2 de la CIUO (millares)","A","Anual","EMP_NIFL_NB","Ocupación informal (definición anterior de la OIT - CIET13)","AGE_OC2","edad, ocupación - nivel 2 de la ciuo",1999,2025,"02/10/2026 07:12:21",113995,118349,130,,"IFL","Economía informal","LFS","Estadísticas sobre la Fuerza Laboral (LFS)"
"EMP_NIFL_SEX_INS_NB_A","EMP_NIFL_SEX_INS_NB","Ocupación informal según sexo y sector público/privado (millares)","A","Anual","EMP_NIFL_NB","Ocupación informal (definición anterior de la OIT - CIET13)","SEX_INS","sexo, sector público/privado",1997,2025,"02/10/2026 07:12:21",7488,8033,115,,"IFL","Economía informal","LFS","Estadísticas sobre la Fuerza Laboral (LFS)"
"EMP_NIFL_SEX_INS_NB_Q","EMP_NIFL_SEX_INS_NB","Ocupación informal según sexo y sector público/privado (millares)","Q","Trimestral","EMP_NIFL_NB","Ocupación informal (definición anterior de la OIT - CIET13)","SEX_INS","sexo, sector público/privado",1995,2026,"02/10/2026 07:13:20",16463,16718,52,,"IFL","Economía informal","LFS","Estadísticas sobre la Fuerza Laboral (LFS)"
"EMP_NIFL_SEX_INS_GEO_NB_A","EMP_NIFL_SEX_INS_GEO_NB","Ocupación informal según sexo, sector público/privado y zonas rurales / urbanes (millares)","A","Anual","EMP_NIFL_NB","Ocupación informal (definición anterior de la OIT - CIET13)","SEX_INS_GEO","sexo, sector público/privado, zonas rurales/urbanes",1999,2025,"02/10/2026 07:15:05",18316,19597,92,,"IFL","Economía informal","RURBAN","Mercados Laborales Rurales y Urbanos (RURBAN)"
"EMP_NIFL_SEX_INS_GEO_NB_Q","EMP_NIFL_SEX_INS_GEO_NB","Ocupación informal según sexo, sector público/privado y zonas rurales / urbanes (millares)","Q","Trimestral","EMP_NIFL_NB","Ocupación informal (definición anterior de la OIT - CIET13)","SEX_INS_GEO","sexo, sector público/privado, zonas rurales/urbanes",1995,2026,"02/10/2026 07:16:10",39203,39866,44,,"IFL","Economía informal","RURBAN","Mercados Laborales Rurales y Urbanos (RURBAN)"
"EMP_NIFL_SEX_INS_MTS_NB_A","EMP_NIFL_SEX_INS_MTS_NB","Ocupación informal según sexo, sector público/privado y estado civil (millares)","A","Anual","EMP_NIFL_NB","Ocupación informal (definición anterior de la OIT - CIET13)","SEX_INS_MTS","sexo, sector público/privado, estado civil",1999,2025,"02/10/2026 07:07:11",59263,63904,110,,"IFL","Economía informal","GEND","Indicadores de Igualdad de Género y No Discriminación (GEND)"
"EMP_NIFL_SEX_INS_MTS_NB_Q","EMP_NIFL_SEX_INS_MTS_NB","Ocupación informal según sexo, sector público/privado y estado civil (millares)","Q","Trimestral","EMP_NIFL_NB","Ocupación informal (definición anterior de la OIT - CIET13)","SEX_INS_MTS","sexo, sector público/privado, estado civil",1995,2026,"02/10/2026 07:08:13",44473,44662,48,,"IFL","Economía informal","GEND","Indicadores de Igualdad de Género y No Discriminación (GEND)"
"EMP_NIFL_SEX_INS_DSB_NB_A","EMP_NIFL_SEX_INS_DSB_NB","Ocupación informal según sexo, sector público/privado y situación en términos de discapacidad (millares)","A","Anual","EMP_NIFL_NB","Ocupación informal (definición anterior de la OIT - CIET13)","SEX_INS_DSB","sexo, sector público/privado, situación en términos de discapacidad",2006,2025,"02/10/2026 07:02:05",6321,6402,73,,"IFL","Economía informal","DLMI","Indicadores del mercado laboral de discapacidad"
"EMP_NIFL_SEX_INS_DSB_NB_Q","EMP_NIFL_SEX_INS_DSB_NB","Ocupación informal según sexo, sector público/privado y situación en términos de discapacidad (millares)","Q","Trimestral","EMP_NIFL_NB","Ocupación informal (definición anterior de la OIT - CIET13)","SEX_INS_DSB","sexo, sector público/privado, situación en términos de discapacidad",2010,2026,"16/09/2026 07:14:26",10429,10537,23,,"IFL","Economía informal","DLMI","Indicadores del mercado laboral de discapacidad"
"EMP_NIFL_SEX_EST_NB_A","EMP_NIFL_SEX_EST_NB","Ocupación informal según sexo y tamaño del establecimiento (millares)","A","Anual","EMP_NIFL_NB","Ocupación informal (definición anterior de la OIT - CIET13)","SEX_EST","sexo, tamaño del establecimiento",1997,2025,"02/10/2026 07:12:21",23151,24732,99,,"IFL","Economía informal","LFS","Estadísticas sobre la Fuerza Laboral (LFS)"
"EMP_NIFL_SEX_EST_NB_Q","EMP_NIFL_SEX_EST_NB","Ocupación informal según sexo y tamaño del establecimiento (millares)","Q","Trimestral","EMP_NIFL_NB","Ocupación informal (definición anterior de la OIT - CIET13)","SEX_EST","sexo, tamaño del establecimiento",1995,2026,"02/10/2026 07:13:20",52857,53286,46,,"IFL","Economía informal","LFS","Estadísticas sobre la Fuerza Laboral (LFS)"
"EMP_NIFL_SEX_EST_NB_M","EMP_NIFL_SEX_EST_NB","Ocupación informal según sexo y tamaño del establecimiento (millares)","M","Mensual","EMP_NIFL_NB","Ocupación informal (definición anterior de la OIT - CIET13)","SEX_EST","sexo, tamaño del establecimiento",2006,2026,"16/09/2026 08:19:15",13341,13341,8,,"IFL","Economía informal","LFS","Estadísticas sobre la Fuerza Laboral (LFS)"
"EMP_NIFL_SEX_EST_GEO_NB_A","EMP_NIFL_SEX_EST_GEO_NB","Ocupación informal según sexo, tamaño del establecimiento y zonas rurales / urbanes (millares)","A","Anual","EMP_NIFL_NB","Ocupación informal (definición anterior de la OIT - CIET13)","SEX_EST_GEO","sexo, tamaño del establecimiento, zonas rurales/urbanes",1999,2025,"02/10/2026 07:15:05",61153,65077,84,,"IFL","Economía informal","RURBAN","Mercados Laborales Rurales y Urbanos (RURBAN)"
"EMP_NIFL_SEX_EST_GEO_NB_Q","EMP_NIFL_SEX_EST_GEO_NB","Ocupación informal según sexo, tamaño del establecimiento y zonas rurales / urbanes (millares)","Q","Trimestral","EMP_NIFL_NB","Ocupación informal (definición anterior de la OIT - CIET13)","SEX_EST_GEO","sexo, tamaño del establecimiento, zonas rurales/urbanes",1995,2026,"02/10/2026 07:16:10",135977,136913,40,,"IFL","Economía informal","RURBAN","Mercados Laborales Rurales y Urbanos (RURBAN)"
"EMP_NIFL_SEX_EST_MTS_NB_A","EMP_NIFL_SEX_EST_MTS_NB","Ocupación informal según sexo, tamaño del establecimiento y estado civil (millares)","A","Anual","EMP_NIFL_NB","Ocupación informal (definición anterior de la OIT - CIET13)","SEX_EST_MTS","sexo, tamaño del establecimiento, estado civil",1999,2025,"02/10/2026 07:07:11",186651,201303,95,,"IFL","Economía informal","GEND","Indicadores de Igualdad de Género y No Discriminación (GEND)"
"EMP_NIFL_SEX_EST_MTS_NB_Q","EMP_NIFL_SEX_EST_MTS_NB","Ocupación informal según sexo, tamaño del establecimiento y estado civil (millares)","Q","Trimestral","EMP_NIFL_NB","Ocupación informal (definición anterior de la OIT - CIET13)","SEX_EST_MTS","sexo, tamaño del establecimiento, estado civil",1995,2026,"02/10/2026 07:08:13",144113,144932,43,,"IFL","Economía informal","GEND","Indicadores de Igualdad de Género y No Discriminación (GEND)"
"EMP_NIFL_SEX_EST_DSB_NB_A","EMP_NIFL_SEX_EST_DSB_NB","Ocupación informal según sexo, tamaño del establecimiento y situación en términos de discapacidad (millares)","A","Anual","EMP_NIFL_NB","Ocupación informal (definición anterior de la OIT - CIET13)","SEX_EST_DSB","sexo, tamaño del establecimiento, situación en términos de discapacidad",2006,2025,"02/10/2026 07:02:05",7530,7620,57,,"IFL","Economía informal","DLMI","Indicadores del mercado laboral de discapacidad"
"EMP_NIFL_SEX_EST_DSB_NB_Q","EMP_NIFL_SEX_EST_DSB_NB","Ocupación informal según sexo, tamaño del establecimiento y situación en términos de discapacidad (millares)","Q","Trimestral","EMP_NIFL_NB","Ocupación informal (definición anterior de la OIT - CIET13)","SEX_EST_DSB","sexo, tamaño del establecimiento, situación en términos de discapacidad",2010,2026,"16/09/2026 07:14:26",13350,13530,21,,"IFL","Economía informal","DLMI","Indicadores del mercado laboral de discapacidad"
"EMP_NIFL_SEX_STE_NB_A","EMP_NIFL_SEX_STE_NB","Ocupación informal según sexo y situación en la ocupación (millares)","A","Anual","EMP_NIFL_NB","Ocupación informal (definición anterior de la OIT - CIET13)","SEX_STE","sexo, situación en el empleo",1997,2025,"02/10/2026 07:12:21",36453,38244,147,,"IFL","Economía informal","LFS","Estadísticas sobre la Fuerza Laboral (LFS)"
"EMP_NIFL_SEX_STE_NB_Q","EMP_NIFL_SEX_STE_NB","Ocupación informal según sexo y situación en la ocupación (millares)","Q","Trimestral","EMP_NIFL_NB","Ocupación informal (definición anterior de la OIT - CIET13)","SEX_STE","sexo, situación en el empleo",1995,2026,"02/10/2026 07:13:20",19938,20229,54,,"IFL","Economía informal","LFS","Estadísticas sobre la Fuerza Laboral (LFS)"
"EMP_NIFL_SEX_HOW_NB_A","EMP_NIFL_SEX_HOW_NB","Ocupación informal según sexo y por horas semanales efectivamente trabajadas (millares)","A","Anual","EMP_NIFL_NB","Ocupación informal (definición anterior de la OIT - CIET13)","SEX_HOW","sexo, horas semanales efectivamente trabajadas",1997,2025,"02/10/2026 07:00:09",18491,19607,107,,"IFL","Economía informal","COND","Estadísticas de Salarios y Tiempo de Trabajo (COND)"
"EMP_NIFL_SEX_HOW_NB_Q","EMP_NIFL_SEX_HOW_NB","Ocupación informal según sexo y por horas semanales efectivamente trabajadas (millares)","Q","Trimestral","EMP_NIFL_NB","Ocupación informal (definición anterior de la OIT - CIET13)","SEX_HOW","sexo, horas semanales efectivamente trabajadas",1995,2026,"02/10/2026 07:01:11",43905,44445,52,,"IFL","Economía informal","COND","Estadísticas de Salarios y Tiempo de Trabajo (COND)"
"EMP_NIFL_SEX_RT_A","EMP_NIFL_SEX_RT","Tasa de la ocupación informal según sexo (%)","A","Anual","EMP_NIFL_RT","Tasa de la ocupación informal (definición anterior de la OIT - CIET13)","SEX","sexo",1997,2027,"02/10/2026 07:12:21",10369,10577,234,"Y","IFL","Economía informal","LFS","Estadísticas sobre la Fuerza Laboral (LFS)"
"EMP_NIFL_SEX_RT_Q","EMP_NIFL_SEX_RT","Tasa de la ocupación informal según sexo (%)","Q","Trimestral","EMP_NIFL_RT","Tasa de la ocupación informal (definición anterior de la OIT - CIET13)","SEX","sexo",1995,2026,"02/10/2026 07:13:20",5856,5934,54,,"IFL","Economía informal","LFS","Estadísticas sobre la Fuerza Laboral (LFS)"
"EMP_NIFL_SEX_RT_M","EMP_NIFL_SEX_RT","Tasa de la ocupación informal según sexo (%)","M","Mensual","EMP_NIFL_RT","Tasa de la ocupación informal (definición anterior de la OIT - CIET13)","SEX","sexo",2006,2026,"16/09/2026 08:19:15",3957,4083,10,,"IFL","Economía informal","LFS","Estadísticas sobre la Fuerza Laboral (LFS)"
"EMP_NIFL_SEX_AGE_RT_A","EMP_NIFL_SEX_AGE_RT","Tasa de la ocupación informal según sexo y edad (%)","A","Anual","EMP_NIFL_RT","Tasa de la ocupación informal (definición anterior de la OIT - CIET13)","SEX_AGE","sexo, edad",1997,2025,"02/10/2026 07:12:21",110281,115863,147,,"IFL","Economía informal","LFS","Estadísticas sobre la Fuerza Laboral (LFS)"
"EMP_NIFL_SEX_AGE_RT_Q","EMP_NIFL_SEX_AGE_RT","Tasa de la ocupación informal según sexo y edad (%)","Q","Trimestral","EMP_NIFL_RT","Tasa de la ocupación informal (definición anterior de la OIT - CIET13)","SEX_AGE","sexo, edad",1995,2026,"02/10/2026 07:13:20",157482,159579,54,,"IFL","Economía informal","LFS","Estadísticas sobre la Fuerza Laboral (LFS)"
"EMP_NIFL_SEX_AGE_RT_M","EMP_NIFL_SEX_AGE_RT","Tasa de la ocupación informal según sexo y edad (%)","M","Mensual","EMP_NIFL_RT","Tasa de la ocupación informal (definición anterior de la OIT - CIET13)","SEX_AGE","sexo, edad",2006,2026,"16/09/2026 08:19:15",59314,61204,10,,"IFL","Economía informal","LFS","Estadísticas sobre la Fuerza Laboral (LFS)"
"EMP_NIFL_SEX_AGE_EDU_RT_A","EMP_NIFL_SEX_AGE_EDU_RT","Tasa de la ocupación informal según sexo, edad y educación (%)","A","Anual","EMP_NIFL_RT","Tasa de la ocupación informal (definición anterior de la OIT - CIET13)","SEX_AGE_EDU","sexo, edad, educación",1997,2025,"02/10/2026 07:04:13",604741,639943,147,,"IFL","Economía informal","EMI","Indicadores de Educación y Desajuste (EMI)"
"EMP_NIFL_SEX_AGE_EDU_RT_Q","EMP_NIFL_SEX_AGE_EDU_RT","Tasa de la ocupación informal según sexo, edad y educación (%)","Q","Trimestral","EMP_NIFL_RT","Tasa de la ocupación informal (definición anterior de la OIT - CIET13)","SEX_AGE_EDU","sexo, edad, educación",1995,2026,"02/10/2026 07:05:16",796150,804734,52,,"IFL","Economía informal","EMI","Indicadores de Educación y Desajuste (EMI)"
"EMP_NIFL_SEX_AGE_EDU_RT_M","EMP_NIFL_SEX_AGE_EDU_RT","Tasa de la ocupación informal según sexo, edad y educación (%)","M","Mensual","EMP_NIFL_RT","Tasa de la ocupación informal (definición anterior de la OIT - CIET13)","SEX_AGE_EDU","sexo, edad, educación",2006,2026,"16/09/2026 07:31:16",162238,166895,10,,"IFL","Economía informal","EMI","Indicadores de Educación y Desajuste (EMI)"
"EMP_NIFL_SEX_AGE_GEO_RT_A","EMP_NIFL_SEX_AGE_GEO_RT","Tasa de la ocupación informal según sexo, edad y zonas rurales / urbanes (%)","A","Anual","EMP_NIFL_RT","Tasa de la ocupación informal (definición anterior de la OIT - CIET13)","SEX_AGE_GEO","sexo, edad, zonas rurales/urbanes",1999,2025,"02/10/2026 07:15:05",158185,165606,122,,"IFL","Economía informal","RURBAN","Mercados Laborales Rurales y Urbanos (RURBAN)"
"EMP_NIFL_SEX_AGE_GEO_RT_Q","EMP_NIFL_SEX_AGE_GEO_RT","Tasa de la ocupación informal según sexo, edad y zonas rurales / urbanes (%)","Q","Trimestral","EMP_NIFL_RT","Tasa de la ocupación informal (definición anterior de la OIT - CIET13)","SEX_AGE_GEO","sexo, edad, zonas rurales/urbanes",1995,2026,"02/10/2026 07:16:10",213814,216916,46,,"IFL","Economía informal","RURBAN","Mercados Laborales Rurales y Urbanos (RURBAN)"
"EMP_NIFL_SEX_AGE_GEO_RT_M","EMP_NIFL_SEX_AGE_GEO_RT","Tasa de la ocupación informal según sexo, edad y zonas rurales / urbanes (%)","M","Mensual","EMP_NIFL_RT","Tasa de la ocupación informal (definición anterior de la OIT - CIET13)","SEX_AGE_GEO","sexo, edad, zonas rurales/urbanes",2006,2026,"16/09/2026 08:32:07",85026,88015,9,,"IFL","Economía informal","RURBAN","Mercados Laborales Rurales y Urbanos (RURBAN)"
"EMP_NIFL_SEX_AGE_MTS_RT_A","EMP_NIFL_SEX_AGE_MTS_RT","Tasa de la ocupación informal según sexo, edad y estado civil (%)","A","Anual","EMP_NIFL_RT","Tasa de la ocupación informal (definición anterior de la OIT - CIET13)","SEX_AGE_MTS","sexo, edad, estado civil",1999,2025,"02/10/2026 07:07:11",469225,492548,142,,"IFL","Economía informal","GEND","Indicadores de Igualdad de Género y No Discriminación (GEND)"
"EMP_NIFL_SEX_AGE_MTS_RT_Q","EMP_NIFL_SEX_AGE_MTS_RT","Tasa de la ocupación informal según sexo, edad y estado civil (%)","Q","Trimestral","EMP_NIFL_RT","Tasa de la ocupación informal (definición anterior de la OIT - CIET13)","SEX_AGE_MTS","sexo, edad, estado civil",1995,2026,"02/10/2026 07:08:13",450438,452336,50,,"IFL","Economía informal","GEND","Indicadores de Igualdad de Género y No Discriminación (GEND)"
"EMP_NIFL_SEX_AGE_DSB_RT_A","EMP_NIFL_SEX_AGE_DSB_RT","Tasa de la ocupación informal según sexo, edad y situación en términos de discapacidad (%)","A","Anual","EMP_NIFL_RT","Tasa de la ocupación informal (definición anterior de la OIT - CIET13)","SEX_AGE_DSB","sexo, edad, situación en términos de discapacidad",2006,2025,"02/10/2026 07:02:05",49120,49336,103,,"IFL","Economía informal","DLMI","Indicadores del mercado laboral de discapacidad"
"EMP_NIFL_SEX_AGE_DSB_RT_Q","EMP_NIFL_SEX_AGE_DSB_RT","Tasa de la ocupación informal según sexo, edad y situación en términos de discapacidad (%)","Q","Trimestral","EMP_NIFL_RT","Tasa de la ocupación informal (definición anterior de la OIT - CIET13)","SEX_AGE_DSB","sexo, edad, situación en términos de discapacidad",2010,2026,"16/09/2026 07:14:26",27447,27735,23,,"IFL","Economía informal","DLMI","Indicadores del mercado laboral de discapacidad"
"EMP_NIFL_SEX_EDU_RT_A","EMP_NIFL_SEX_EDU_RT","Tasa de la ocupación informal según sexo y educación (%)","A","Anual","EMP_NIFL_RT","Tasa de la ocupación informal (definición anterior de la OIT - CIET13)","SEX_EDU","sexo, educación",1997,2025,"02/10/2026 07:04:13",42956,45449,147,,"IFL","Economía informal","EMI","Indicadores de Educación y Desajuste (EMI)"
"EMP_NIFL_SEX_EDU_RT_Q","EMP_NIFL_SEX_EDU_RT","Tasa de la ocupación informal según sexo y educación (%)","Q","Trimestral","EMP_NIFL_RT","Tasa de la ocupación informal (definición anterior de la OIT - CIET13)","SEX_EDU","sexo, educación",1995,2026,"02/10/2026 07:05:16",79404,80267,52,,"IFL","Economía informal","EMI","Indicadores de Educación y Desajuste (EMI)"
"EMP_NIFL_SEX_EDU_RT_M","EMP_NIFL_SEX_EDU_RT","Tasa de la ocupación informal según sexo y educación (%)","M","Mensual","EMP_NIFL_RT","Tasa de la ocupación informal (definición anterior de la OIT - CIET13)","SEX_EDU","sexo, educación",2006,2026,"16/09/2026 07:31:16",21050,21691,10,,"IFL","Economía informal","EMI","Indicadores de Educación y Desajuste (EMI)"
"EMP_NIFL_SEX_EDU_GEO_RT_A","EMP_NIFL_SEX_EDU_GEO_RT","Tasa de la ocupación informal según sexo, educación y zonas rurales / urbanes (%)","A","Anual","EMP_NIFL_RT","Tasa de la ocupación informal (definición anterior de la OIT - CIET13)","SEX_EDU_GEO","sexo, educación, zonas rurales/urbanes",1999,2025,"02/10/2026 07:15:05",107992,114054,122,,"IFL","Economía informal","RURBAN","Mercados Laborales Rurales y Urbanos (RURBAN)"
"EMP_NIFL_SEX_EDU_GEO_RT_Q","EMP_NIFL_SEX_EDU_GEO_RT","Tasa de la ocupación informal según sexo, educación y zonas rurales / urbanes (%)","Q","Trimestral","EMP_NIFL_RT","Tasa de la ocupación informal (definición anterior de la OIT - CIET13)","SEX_EDU_GEO","sexo, educación, zonas rurales/urbanes",1995,2026,"02/10/2026 07:16:10",75150,76209,45,,"IFL","Economía informal","RURBAN","Mercados Laborales Rurales y Urbanos (RURBAN)"
"EMP_NIFL_SEX_EDU_MTS_RT_A","EMP_NIFL_SEX_EDU_MTS_RT","Tasa de la ocupación informal según sexo, educación y estado civil (%)","A","Anual","EMP_NIFL_RT","Tasa de la ocupación informal (definición anterior de la OIT - CIET13)","SEX_EDU_MTS","sexo, educación, estado civil",1997,2025,"02/10/2026 07:04:13",331488,350654,143,,"IFL","Economía informal","EMI","Indicadores de Educación y Desajuste (EMI)"
"EMP_NIFL_SEX_EDU_MTS_RT_Q","EMP_NIFL_SEX_EDU_MTS_RT","Tasa de la ocupación informal según sexo, educación y estado civil (%)","Q","Trimestral","EMP_NIFL_RT","Tasa de la ocupación informal (definición anterior de la OIT - CIET13)","SEX_EDU_MTS","sexo, educación, estado civil",1995,2026,"02/10/2026 07:05:16",82020,82229,49,,"IFL","Economía informal","EMI","Indicadores de Educación y Desajuste (EMI)"
"EMP_NIFL_SEX_EDU_DSB_RT_A","EMP_NIFL_SEX_EDU_DSB_RT","Tasa de la ocupación informal según sexo, educación y situación en términos de discapacidad (%)","A","Anual","EMP_NIFL_RT","Tasa de la ocupación informal (definición anterior de la OIT - CIET13)","SEX_EDU_DSB","sexo, educación, situación en términos de discapacidad",2006,2025,"02/10/2026 07:02:05",30678,30819,102,,"IFL","Economía informal","DLMI","Indicadores del mercado laboral de discapacidad"
"EMP_NIFL_SEX_GEO_RT_A","EMP_NIFL_SEX_GEO_RT","Tasa de la ocupación informal según sexo y zonas rurales / urbanas (%)","A","Anual","EMP_NIFL_RT","Tasa de la ocupación informal (definición anterior de la OIT - CIET13)","SEX_GEO","sexo, zonas rurales/urbanes",1999,2025,"02/10/2026 07:15:05",10655,11150,122,,"IFL","Economía informal","RURBAN","Mercados Laborales Rurales y Urbanos (RURBAN)"
"EMP_NIFL_SEX_GEO_RT_Q","EMP_NIFL_SEX_GEO_RT","Tasa de la ocupación informal según sexo y zonas rurales / urbanas (%)","Q","Trimestral","EMP_NIFL_RT","Tasa de la ocupación informal (definición anterior de la OIT - CIET13)","SEX_GEO","sexo, zonas rurales/urbanes",1995,2026,"02/10/2026 07:16:10",14309,14516,46,,"IFL","Economía informal","RURBAN","Mercados Laborales Rurales y Urbanos (RURBAN)"
"EMP_NIFL_SEX_GEO_RT_M","EMP_NIFL_SEX_GEO_RT","Tasa de la ocupación informal según sexo y zonas rurales / urbanas (%)","M","Mensual","EMP_NIFL_RT","Tasa de la ocupación informal (definición anterior de la OIT - CIET13)","SEX_GEO","sexo, zonas rurales/urbanes",2006,2026,"16/09/2026 08:32:07",10629,11007,9,,"IFL","Economía informal","RURBAN","Mercados Laborales Rurales y Urbanos (RURBAN)"
"EMP_NIFL_SEX_GEO_MTS_RT_A","EMP_NIFL_SEX_GEO_MTS_RT","Tasa de la ocupación informal según sexo, zonas rurales / urbanes y estado civil (%)","A","Anual","EMP_NIFL_RT","Tasa de la ocupación informal (definición anterior de la OIT - CIET13)","SEX_GEO_MTS","sexo, zonas rurales/urbanes, estado civil",1999,2025,"02/10/2026 07:15:05",87753,91495,120,,"IFL","Economía informal","RURBAN","Mercados Laborales Rurales y Urbanos (RURBAN)"
"EMP_NIFL_SEX_GEO_MTS_RT_Q","EMP_NIFL_SEX_GEO_MTS_RT","Tasa de la ocupación informal según sexo, zonas rurales / urbanes y estado civil (%)","Q","Trimestral","EMP_NIFL_RT","Tasa de la ocupación informal (definición anterior de la OIT - CIET13)","SEX_GEO_MTS","sexo, zonas rurales/urbanes, estado civil",1995,2026,"02/10/2026 07:16:10",110852,111176,45,,"IFL","Economía informal","RURBAN","Mercados Laborales Rurales y Urbanos (RURBAN)"
"EMP_NIFL_SEX_GEO_DSB_RT_A","EMP_NIFL_SEX_GEO_DSB_RT","Tasa de la ocupación informal según sexo, zonas rurales / urbanes y situación en términos de discapacidad (%)","A","Anual","EMP_NIFL_RT","Tasa de la ocupación informal (definición anterior de la OIT - CIET13)","SEX_GEO_DSB","sexo, zonas rurales/urbanes, situación en términos de discapacidad",2006,2025,"24/09/2026 07:02:05",17624,17705,86,,"IFL","Economía informal","DLMI","Indicadores del mercado laboral de discapacidad"
"EMP_NIFL_SEX_GEO_DSB_RT_Q","EMP_NIFL_SEX_GEO_DSB_RT","Tasa de la ocupación informal según sexo, zonas rurales / urbanes y situación en términos de discapacidad (%)","Q","Trimestral","EMP_NIFL_RT","Tasa de la ocupación informal (definición anterior de la OIT - CIET13)","SEX_GEO_DSB","sexo, zonas rurales/urbanes, situación en términos de discapacidad",2010,2026,"16/09/2026 07:14:26",9904,10012,21,,"IFL","Economía informal","DLMI","Indicadores del mercado laboral de discapacidad"
"EMP_NIFL_SEX_MTS_RT_A","EMP_NIFL_SEX_MTS_RT","Tasa de la ocupación informal según sexo y estado civil (%)","A","Anual","EMP_NIFL_RT","Tasa de la ocupación informal (definición anterior de la OIT - CIET13)","SEX_MTS","sexo, estado civil",1999,2025,"02/10/2026 07:07:11",33881,35513,142,,"IFL","Economía informal","GEND","Indicadores de Igualdad de Género y No Discriminación (GEND)"
"EMP_NIFL_SEX_MTS_RT_Q","EMP_NIFL_SEX_MTS_RT","Tasa de la ocupación informal según sexo y estado civil (%)","Q","Trimestral","EMP_NIFL_RT","Tasa de la ocupación informal (definición anterior de la OIT - CIET13)","SEX_MTS","sexo, estado civil",1995,2026,"02/10/2026 07:08:13",44606,44794,50,,"IFL","Economía informal","GEND","Indicadores de Igualdad de Género y No Discriminación (GEND)"
"EMP_NIFL_SEX_MTS_RT_M","EMP_NIFL_SEX_MTS_RT","Tasa de la ocupación informal según sexo y estado civil (%)","M","Mensual","EMP_NIFL_RT","Tasa de la ocupación informal (definición anterior de la OIT - CIET13)","SEX_MTS","sexo, estado civil",2006,2026,"16/09/2026 08:03:05",11504,11504,9,,"IFL","Economía informal","GEND","Indicadores de Igualdad de Género y No Discriminación (GEND)"
"EMP_NIFL_SEX_MTS_DSB_RT_A","EMP_NIFL_SEX_MTS_DSB_RT","Tasa de la ocupación informal según sexo, estado civil y situación en términos de discapacidad (%)","A","Anual","EMP_NIFL_RT","Tasa de la ocupación informal (definición anterior de la OIT - CIET13)","SEX_MTS_DSB","sexo, estado civil, situación en términos de discapacidad",2007,2025,"02/10/2026 07:02:05",52411,52570,102,,"IFL","Economía informal","DLMI","Indicadores del mercado laboral de discapacidad"
"EMP_NIFL_SEX_MTS_DSB_RT_Q","EMP_NIFL_SEX_MTS_DSB_RT","Tasa de la ocupación informal según sexo, estado civil y situación en términos de discapacidad (%)","Q","Trimestral","EMP_NIFL_RT","Tasa de la ocupación informal (definición anterior de la OIT - CIET13)","SEX_MTS_DSB","sexo, estado civil, situación en términos de discapacidad",2013,2026,"16/09/2026 07:14:26",9878,9878,23,,"IFL","Economía informal","DLMI","Indicadores del mercado laboral de discapacidad"
"EMP_NIFL_SEX_DSB_RT_A","EMP_NIFL_SEX_DSB_RT","Tasa de la ocupación informal según sexo y situación en términos de discapacidad (%)","A","Anual","EMP_NIFL_RT","Tasa de la ocupación informal (definición anterior de la OIT - CIET13)","SEX_DSB","sexo, situación en términos de discapacidad",2006,2025,"02/10/2026 07:02:05",6617,6644,103,,"IFL","Economía informal","DLMI","Indicadores del mercado laboral de discapacidad"
"EMP_NIFL_SEX_DSB_RT_Q","EMP_NIFL_SEX_DSB_RT","Tasa de la ocupación informal según sexo y situación en términos de discapacidad (%)","Q","Trimestral","EMP_NIFL_RT","Tasa de la ocupación informal (definición anterior de la OIT - CIET13)","SEX_DSB","sexo, situación en términos de discapacidad",2010,2026,"16/09/2026 07:14:26",3496,3532,23,,"IFL","Economía informal","DLMI","Indicadores del mercado laboral de discapacidad"
"EMP_NIFL_SEX_AGE_ECO_RT_A","EMP_NIFL_SEX_AGE_ECO_RT","Tasa de la ocupación informal según sexo, edad y actividad económica (%)","A","Anual","EMP_NIFL_RT","Tasa de la ocupación informal (definición anterior de la OIT - CIET13)","SEX_AGE_ECO","sexo, edad, actividad económica",1997,2025,"02/10/2026 07:12:21",1209225,1273175,147,,"IFL","Economía informal","LFS","Estadísticas sobre la Fuerza Laboral (LFS)"
"EMP_NIFL_SEX_AGE_ECO_RT_Q","EMP_NIFL_SEX_AGE_ECO_RT","Tasa de la ocupación informal según sexo, edad y actividad económica (%)","Q","Trimestral","EMP_NIFL_RT","Tasa de la ocupación informal (definición anterior de la OIT - CIET13)","SEX_AGE_ECO","sexo, edad, actividad económica",1995,2026,"02/10/2026 07:13:20",575228,582460,53,,"IFL","Economía informal","LFS","Estadísticas sobre la Fuerza Laboral (LFS)"
"EMP_NIFL_SEX_AGE_OCU_RT_A","EMP_NIFL_SEX_AGE_OCU_RT","Tasa de la ocupación informal según sexo, edad y ocupación (%)","A","Anual","EMP_NIFL_RT","Tasa de la ocupación informal (definición anterior de la OIT - CIET13)","SEX_AGE_OCU","sexo, edad, ocupación",1999,2025,"02/10/2026 07:12:21",576977,608038,142,,"IFL","Economía informal","LFS","Estadísticas sobre la Fuerza Laboral (LFS)"
"EMP_NIFL_SEX_AGE_OCU_RT_Q","EMP_NIFL_SEX_AGE_OCU_RT","Tasa de la ocupación informal según sexo, edad y ocupación (%)","Q","Trimestral","EMP_NIFL_RT","Tasa de la ocupación informal (definición anterior de la OIT - CIET13)","SEX_AGE_OCU","sexo, edad, ocupación",1995,2026,"02/10/2026 07:13:20",378217,383109,54,,"IFL","Economía informal","LFS","Estadísticas sobre la Fuerza Laboral (LFS)"
"EMP_NIFL_SEX_AGE_INS_RT_A","EMP_NIFL_SEX_AGE_INS_RT","Tasa de la ocupación informal según sexo, edad y sector público/privado (%)","A","Anual","EMP_NIFL_RT","Tasa de la ocupación informal (definición anterior de la OIT - CIET13)","SEX_AGE_INS","sexo, edad, sector público/privado",1997,2025,"02/10/2026 07:12:21",110138,118067,115,,"IFL","Economía informal","LFS","Estadísticas sobre la Fuerza Laboral (LFS)"
"EMP_NIFL_SEX_AGE_INS_RT_Q","EMP_NIFL_SEX_AGE_INS_RT","Tasa de la ocupación informal según sexo, edad y sector público/privado (%)","Q","Trimestral","EMP_NIFL_RT","Tasa de la ocupación informal (definición anterior de la OIT - CIET13)","SEX_AGE_INS","sexo, edad, sector público/privado",1995,2026,"02/10/2026 07:13:20",127215,129084,52,,"IFL","Economía informal","LFS","Estadísticas sobre la Fuerza Laboral (LFS)"
"EMP_NIFL_SEX_AGE_JBT_RT_A","EMP_NIFL_SEX_AGE_JBT_RT","Tasa de la ocupación informal según sexo, edad y ordenamiento del tiempo de trabajo (%)","A","Anual","EMP_NIFL_RT","Tasa de la ocupación informal (definición anterior de la OIT - CIET13)","SEX_AGE_JBT","sexo, edad, ordenamiento del tiempo de trabajo",1997,2025,"02/10/2026 07:12:21",182663,191703,144,,"IFL","Economía informal","LFS","Estadísticas sobre la Fuerza Laboral (LFS)"
"EMP_NIFL_SEX_AGE_JBT_RT_Q","EMP_NIFL_SEX_AGE_JBT_RT","Tasa de la ocupación informal según sexo, edad y ordenamiento del tiempo de trabajo (%)","Q","Trimestral","EMP_NIFL_RT","Tasa de la ocupación informal (definición anterior de la OIT - CIET13)","SEX_AGE_JBT","sexo, edad, ordenamiento del tiempo de trabajo",1995,2026,"02/10/2026 07:13:20",261439,264814,54,,"IFL","Economía informal","LFS","Estadísticas sobre la Fuerza Laboral (LFS)"
"EMP_NIFL_SEX_AGE_JBT_RT_M","EMP_NIFL_SEX_AGE_JBT_RT","Tasa de la ocupación informal según sexo, edad y ordenamiento del tiempo de trabajo (%)","M","Mensual","EMP_NIFL_RT","Tasa de la ocupación informal (definición anterior de la OIT - CIET13)","SEX_AGE_JBT","sexo, edad, ordenamiento del tiempo de trabajo",2006,2026,"16/09/2026 08:19:15",35523,36657,10,,"IFL","Economía informal","LFS","Estadísticas sobre la Fuerza Laboral (LFS)"
"EMP_NIFL_SEX_ECO_RT_A","EMP_NIFL_SEX_ECO_RT","Tasa de la ocupación informal según sexo y actividad económica (%)","A","Anual","EMP_NIFL_RT","Tasa de la ocupación informal (definición anterior de la OIT - CIET13)","SEX_ECO","sexo, actividad económica",1997,2025,"02/10/2026 07:12:21",119912,126128,147,,"IFL","Economía informal","LFS","Estadísticas sobre la Fuerza Laboral (LFS)"
"EMP_NIFL_SEX_ECO_RT_Q","EMP_NIFL_SEX_ECO_RT","Tasa de la ocupación informal según sexo y actividad económica (%)","Q","Trimestral","EMP_NIFL_RT","Tasa de la ocupación informal (definición anterior de la OIT - CIET13)","SEX_ECO","sexo, actividad económica",1995,2026,"02/10/2026 07:13:20",184545,186802,53,,"IFL","Economía informal","LFS","Estadísticas sobre la Fuerza Laboral (LFS)"
"EMP_NIFL_SEX_ECO_RT_M","EMP_NIFL_SEX_ECO_RT","Tasa de la ocupación informal según sexo y actividad económica (%)","M","Mensual","EMP_NIFL_RT","Tasa de la ocupación informal (definición anterior de la OIT - CIET13)","SEX_ECO","sexo, actividad económica",2006,2026,"16/09/2026 08:19:15",49809,51274,10,,"IFL","Economía informal","LFS","Estadísticas sobre la Fuerza Laboral (LFS)"
"EMP_NIFL_SEX_ECO_EDU_RT_A","EMP_NIFL_SEX_ECO_EDU_RT","Tasa de la ocupación informal según sexo, actividad económica y educación (%)","A","Anual","EMP_NIFL_RT","Tasa de la ocupación informal (definición anterior de la OIT - CIET13)","SEX_ECO_EDU","sexo, actividad económica, educación",1997,2025,"02/10/2026 07:04:13",1111640,1177982,147,,"IFL","Economía informal","EMI","Indicadores de Educación y Desajuste (EMI)"
"EMP_NIFL_SEX_ECO_EDU_RT_Q","EMP_NIFL_SEX_ECO_EDU_RT","Tasa de la ocupación informal según sexo, actividad económica y educación (%)","Q","Trimestral","EMP_NIFL_RT","Tasa de la ocupación informal (definición anterior de la OIT - CIET13)","SEX_ECO_EDU","sexo, actividad económica, educación",1995,2026,"02/10/2026 07:05:16",1388714,1403133,51,,"IFL","Economía informal","EMI","Indicadores de Educación y Desajuste (EMI)"
"EMP_NIFL_SEX_ECO_GEO_RT_A","EMP_NIFL_SEX_ECO_GEO_RT","Tasa de la ocupación informal según sexo, actividad económica y zonas rurales / urbanes (%)","A","Anual","EMP_NIFL_RT","Tasa de la ocupación informal (definición anterior de la OIT - CIET13)","SEX_ECO_GEO","sexo, actividad económica, zonas rurales/urbanes",1999,2025,"02/10/2026 07:15:05",129961,136300,122,,"IFL","Economía informal","RURBAN","Mercados Laborales Rurales y Urbanos (RURBAN)"
"EMP_NIFL_SEX_ECO_MTS_RT_A","EMP_NIFL_SEX_ECO_MTS_RT","Tasa de la ocupación informal según sexo, actividad económica y estado civil (%)","A","Anual","EMP_NIFL_RT","Tasa de la ocupación informal (definición anterior de la OIT - CIET13)","SEX_ECO_MTS","sexo, actividad económica, estado civil",1999,2025,"02/10/2026 07:07:11",392359,412183,142,,"IFL","Economía informal","GEND","Indicadores de Igualdad de Género y No Discriminación (GEND)"
"EMP_NIFL_SEX_ECO_MTS_RT_Q","EMP_NIFL_SEX_ECO_MTS_RT","Tasa de la ocupación informal según sexo, actividad económica y estado civil (%)","Q","Trimestral","EMP_NIFL_RT","Tasa de la ocupación informal (definición anterior de la OIT - CIET13)","SEX_ECO_MTS","sexo, actividad económica, estado civil",1995,2026,"02/10/2026 07:08:13",197837,198557,49,,"IFL","Economía informal","GEND","Indicadores de Igualdad de Género y No Discriminación (GEND)"
"EMP_NIFL_SEX_ECO_DSB_RT_A","EMP_NIFL_SEX_ECO_DSB_RT","Tasa de la ocupación informal según sexo, actividad económica y situación en términos de discapacidad (%)","A","Anual","EMP_NIFL_RT","Tasa de la ocupación informal (definición anterior de la OIT - CIET13)","SEX_ECO_DSB","sexo, actividad económica, situación en términos de discapacidad",2006,2025,"02/10/2026 07:02:05",74599,74950,102,,"IFL","Economía informal","DLMI","Indicadores del mercado laboral de discapacidad"
"EMP_NIFL_ECO_OCU_RT_A","EMP_NIFL_ECO_OCU_RT","Tasa de la ocupación informal según actividad económica y ocupación (%)","A","Anual","EMP_NIFL_RT","Tasa de la ocupación informal (definición anterior de la OIT - CIET13)","ECO_OCU","actividad económica, ocupación",1999,2025,"02/10/2026 07:12:21",484895,511741,142,,"IFL","Economía informal","LFS","Estadísticas sobre la Fuerza Laboral (LFS)"
"EMP_NIFL_ECO_OCU_RT_Q","EMP_NIFL_ECO_OCU_RT","Tasa de la ocupación informal según actividad económica y ocupación (%)","Q","Trimestral","EMP_NIFL_RT","Tasa de la ocupación informal (definición anterior de la OIT - CIET13)","ECO_OCU","actividad económica, ocupación",1995,2026,"02/10/2026 07:13:20",324939,328818,53,,"IFL","Economía informal","LFS","Estadísticas sobre la Fuerza Laboral (LFS)"
"EMP_NIFL_SEX_ECO_INS_RT_A","EMP_NIFL_SEX_ECO_INS_RT","Tasa de la ocupación informal según sexo, actividad económica y sector público/privado (%)","A","Anual","EMP_NIFL_RT","Tasa de la ocupación informal (definición anterior de la OIT - CIET13)","SEX_ECO_INS","sexo, actividad económica, sector público/privado",1997,2025,"02/10/2026 07:12:21",214795,229159,115,,"IFL","Economía informal","LFS","Estadísticas sobre la Fuerza Laboral (LFS)"
"EMP_NIFL_SEX_ECO_INS_RT_Q","EMP_NIFL_SEX_ECO_INS_RT","Tasa de la ocupación informal según sexo, actividad económica y sector público/privado (%)","Q","Trimestral","EMP_NIFL_RT","Tasa de la ocupación informal (definición anterior de la OIT - CIET13)","SEX_ECO_INS","sexo, actividad económica, sector público/privado",1995,2026,"02/10/2026 07:13:20",190333,192721,51,,"IFL","Economía informal","LFS","Estadísticas sobre la Fuerza Laboral (LFS)"
"EMP_NIFL_SEX_ECO_INS_RT_M","EMP_NIFL_SEX_ECO_INS_RT","Tasa de la ocupación informal según sexo, actividad económica y sector público/privado (%)","M","Mensual","EMP_NIFL_RT","Tasa de la ocupación informal (definición anterior de la OIT - CIET13)","SEX_ECO_INS","sexo, actividad económica, sector público/privado",2006,2026,"16/09/2026 08:19:15",48397,49947,9,,"IFL","Economía informal","LFS","Estadísticas sobre la Fuerza Laboral (LFS)"
"EMP_NIFL_SEX_ECO_EST_RT_A","EMP_NIFL_SEX_ECO_EST_RT","Tasa de la ocupación informal según sexo, actividad económica y tamaño del establecimiento (%)","A","Anual","EMP_NIFL_RT","Tasa de la ocupación informal (definición anterior de la OIT - CIET13)","SEX_ECO_EST","sexo, actividad económica, tamaño del establecimiento",1997,2025,"02/10/2026 07:12:21",443883,474323,99,,"IFL","Economía informal","LFS","Estadísticas sobre la Fuerza Laboral (LFS)"
"EMP_NIFL_SEX_ECO_EST_RT_Q","EMP_NIFL_SEX_ECO_EST_RT","Tasa de la ocupación informal según sexo, actividad económica y tamaño del establecimiento (%)","Q","Trimestral","EMP_NIFL_RT","Tasa de la ocupación informal (definición anterior de la OIT - CIET13)","SEX_ECO_EST","sexo, actividad económica, tamaño del establecimiento",1995,2026,"02/10/2026 07:13:20",120325,121123,45,,"IFL","Economía informal","LFS","Estadísticas sobre la Fuerza Laboral (LFS)"
"EMP_NIFL_SEX_EC2_RT_A","EMP_NIFL_SEX_EC2_RT","Tasa de la ocupación informal según sexo y actividad económica - nivel 2 de la CIIU (%)","A","Anual","EMP_NIFL_RT","Tasa de la ocupación informal (definición anterior de la OIT - CIET13)","SEX_EC2","sexo, actividad económica - nivel 2 de la ciiu",1997,2025,"02/10/2026 07:12:21",141586,146496,107,,"IFL","Economía informal","LFS","Estadísticas sobre la Fuerza Laboral (LFS)"
"EMP_NIFL_AGE_EC2_RT_A","EMP_NIFL_AGE_EC2_RT","Tasa de la ocupación informal según edad y actividad económica - nivel 2 de la CIIU (%)","A","Anual","EMP_NIFL_RT","Tasa de la ocupación informal (definición anterior de la OIT - CIET13)","AGE_EC2","edad, actividad económica - nivel 2 de la ciiu",1997,2025,"02/10/2026 07:12:21",140972,145866,107,,"IFL","Economía informal","LFS","Estadísticas sobre la Fuerza Laboral (LFS)"
"EMP_NIFL_SEX_OCU_RT_A","EMP_NIFL_SEX_OCU_RT","Tasa de la ocupación informal según sexo y ocupación (%)","A","Anual","EMP_NIFL_RT","Tasa de la ocupación informal (definición anterior de la OIT - CIET13)","SEX_OCU","sexo, ocupación",1999,2025,"02/10/2026 07:12:21",61446,64687,142,,"IFL","Economía informal","LFS","Estadísticas sobre la Fuerza Laboral (LFS)"
"EMP_NIFL_SEX_OCU_RT_Q","EMP_NIFL_SEX_OCU_RT","Tasa de la ocupación informal según sexo y ocupación (%)","Q","Trimestral","EMP_NIFL_RT","Tasa de la ocupación informal (definición anterior de la OIT - CIET13)","SEX_OCU","sexo, ocupación",1995,2026,"02/10/2026 07:13:20",86242,87377,54,,"IFL","Economía informal","LFS","Estadísticas sobre la Fuerza Laboral (LFS)"
"EMP_NIFL_SEX_OCU_RT_M","EMP_NIFL_SEX_OCU_RT","Tasa de la ocupación informal según sexo y ocupación (%)","M","Mensual","EMP_NIFL_RT","Tasa de la ocupación informal (definición anterior de la OIT - CIET13)","SEX_OCU","sexo, ocupación",2006,2026,"16/09/2026 08:19:15",17171,17678,10,,"IFL","Economía informal","LFS","Estadísticas sobre la Fuerza Laboral (LFS)"
"EMP_NIFL_SEX_OCU_EDU_RT_A","EMP_NIFL_SEX_OCU_EDU_RT","Tasa de la ocupación informal según sexo, ocupación y educación (%)","A","Anual","EMP_NIFL_RT","Tasa de la ocupación informal (definición anterior de la OIT - CIET13)","SEX_OCU_EDU","sexo, ocupación, educación",1999,2025,"02/10/2026 07:04:13",552113,585237,142,,"IFL","Economía informal","EMI","Indicadores de Educación y Desajuste (EMI)"
"EMP_NIFL_SEX_OCU_EDU_RT_Q","EMP_NIFL_SEX_OCU_EDU_RT","Tasa de la ocupación informal según sexo, ocupación y educación (%)","Q","Trimestral","EMP_NIFL_RT","Tasa de la ocupación informal (definición anterior de la OIT - CIET13)","SEX_OCU_EDU","sexo, ocupación, educación",1995,2026,"02/10/2026 07:06:17",324095,327308,52,,"IFL","Economía informal","EMI","Indicadores de Educación y Desajuste (EMI)"
"EMP_NIFL_SEX_OCU_GEO_RT_A","EMP_NIFL_SEX_OCU_GEO_RT","Tasa de la ocupación informal según sexo, ocupación y zonas rurales / urbanes (%)","A","Anual","EMP_NIFL_RT","Tasa de la ocupación informal (definición anterior de la OIT - CIET13)","SEX_OCU_GEO","sexo, ocupación, zonas rurales/urbanes",1999,2025,"02/10/2026 07:15:05",155102,162645,119,,"IFL","Economía informal","RURBAN","Mercados Laborales Rurales y Urbanos (RURBAN)"
"EMP_NIFL_SEX_OCU_MTS_RT_A","EMP_NIFL_SEX_OCU_MTS_RT","Tasa de la ocupación informal según sexo, ocupación y estado civil (%)","A","Anual","EMP_NIFL_RT","Tasa de la ocupación informal (definición anterior de la OIT - CIET13)","SEX_OCU_MTS","sexo, ocupación, estado civil",1999,2025,"02/10/2026 07:07:11",457192,480678,137,,"IFL","Economía informal","GEND","Indicadores de Igualdad de Género y No Discriminación (GEND)"
"EMP_NIFL_SEX_OCU_MTS_RT_Q","EMP_NIFL_SEX_OCU_MTS_RT","Tasa de la ocupación informal según sexo, ocupación y estado civil (%)","Q","Trimestral","EMP_NIFL_RT","Tasa de la ocupación informal (definición anterior de la OIT - CIET13)","SEX_OCU_MTS","sexo, ocupación, estado civil",1995,2026,"02/10/2026 07:08:13",70814,71072,50,,"IFL","Economía informal","GEND","Indicadores de Igualdad de Género y No Discriminación (GEND)"
"EMP_NIFL_SEX_OCU_DSB_RT_A","EMP_NIFL_SEX_OCU_DSB_RT","Tasa de la ocupación informal según sexo, ocupación y situación en términos de discapacidad (%)","A","Anual","EMP_NIFL_RT","Tasa de la ocupación informal (definición anterior de la OIT - CIET13)","SEX_OCU_DSB","sexo, ocupación, situación en términos de discapacidad",2006,2025,"02/10/2026 07:02:05",28305,28439,102,,"IFL","Economía informal","DLMI","Indicadores del mercado laboral de discapacidad"
"EMP_NIFL_SEX_OCU_INS_RT_A","EMP_NIFL_SEX_OCU_INS_RT","Tasa de la ocupación informal según sexo, ocupación y sector público/privado (%)","A","Anual","EMP_NIFL_RT","Tasa de la ocupación informal (definición anterior de la OIT - CIET13)","SEX_OCU_INS","sexo, ocupación, sector público/privado",1999,2025,"02/10/2026 07:12:21",105835,113606,110,,"IFL","Economía informal","LFS","Estadísticas sobre la Fuerza Laboral (LFS)"
"EMP_NIFL_SEX_OCU_INS_RT_Q","EMP_NIFL_SEX_OCU_INS_RT","Tasa de la ocupación informal según sexo, ocupación y sector público/privado (%)","Q","Trimestral","EMP_NIFL_RT","Tasa de la ocupación informal (definición anterior de la OIT - CIET13)","SEX_OCU_INS","sexo, ocupación, sector público/privado",1995,2026,"02/10/2026 07:13:20",225533,228443,52,,"IFL","Economía informal","LFS","Estadísticas sobre la Fuerza Laboral (LFS)"
"EMP_NIFL_SEX_OCU_EST_RT_A","EMP_NIFL_SEX_OCU_EST_RT","Tasa de la ocupación informal según sexo, ocupación y tamaño del establecimiento (%)","A","Anual","EMP_NIFL_RT","Tasa de la ocupación informal (definición anterior de la OIT - CIET13)","SEX_OCU_EST","sexo, ocupación, tamaño del establecimiento",1999,2025,"02/10/2026 07:12:21",194039,207723,93,,"IFL","Economía informal","LFS","Estadísticas sobre la Fuerza Laboral (LFS)"
"EMP_NIFL_SEX_OCU_EST_RT_Q","EMP_NIFL_SEX_OCU_EST_RT","Tasa de la ocupación informal según sexo, ocupación y tamaño del establecimiento (%)","Q","Trimestral","EMP_NIFL_RT","Tasa de la ocupación informal (definición anterior de la OIT - CIET13)","SEX_OCU_EST","sexo, ocupación, tamaño del establecimiento",1995,2026,"02/10/2026 07:13:20",99576,100260,46,,"IFL","Economía informal","LFS","Estadísticas sobre la Fuerza Laboral (LFS)"
"EMP_NIFL_SEX_OC2_RT_A","EMP_NIFL_SEX_OC2_RT","Tasa de la ocupación informal según sexo y ocupación - nivel 2 de la CIUO (%)","A","Anual","EMP_NIFL_RT","Tasa de la ocupación informal (definición anterior de la OIT - CIET13)","SEX_OC2","sexo, ocupación - nivel 2 de la ciuo",1999,2025,"02/10/2026 07:12:21",117258,121718,130,,"IFL","Economía informal","LFS","Estadísticas sobre la Fuerza Laboral (LFS)"
"EMP_NIFL_AGE_OC2_RT_A","EMP_NIFL_AGE_OC2_RT","Tasa de la ocupación informal según edad y ocupación - nivel 2 de la CIUO (%)","A","Anual","EMP_NIFL_RT","Tasa de la ocupación informal (definición anterior de la OIT - CIET13)","AGE_OC2","edad, ocupación - nivel 2 de la ciuo",1999,2025,"02/10/2026 07:12:21",113995,118349,130,,"IFL","Economía informal","LFS","Estadísticas sobre la Fuerza Laboral (LFS)"
"EMP_NIFL_SEX_INS_RT_A","EMP_NIFL_SEX_INS_RT","Tasa de la ocupación informal según sexo y sector público/privado (%)","A","Anual","EMP_NIFL_RT","Tasa de la ocupación informal (definición anterior de la OIT - CIET13)","SEX_INS","sexo, sector público/privado",1997,2025,"02/10/2026 07:12:21",7472,8014,115,,"IFL","Economía informal","LFS","Estadísticas sobre la Fuerza Laboral (LFS)"
"EMP_NIFL_SEX_INS_RT_Q","EMP_NIFL_SEX_INS_RT","Tasa de la ocupación informal según sexo y sector público/privado (%)","Q","Trimestral","EMP_NIFL_RT","Tasa de la ocupación informal (definición anterior de la OIT - CIET13)","SEX_INS","sexo, sector público/privado",1995,2026,"02/10/2026 07:13:20",16391,16639,52,,"IFL","Economía informal","LFS","Estadísticas sobre la Fuerza Laboral (LFS)"
"EMP_NIFL_SEX_INS_GEO_RT_A","EMP_NIFL_SEX_INS_GEO_RT","Tasa de la ocupación informal según sexo, sector público/privado y zonas rurales / urbanes (%)","A","Anual","EMP_NIFL_RT","Tasa de la ocupación informal (definición anterior de la OIT - CIET13)","SEX_INS_GEO","sexo, sector público/privado, zonas rurales/urbanes",1999,2025,"02/10/2026 07:15:05",18260,19516,92,,"IFL","Economía informal","RURBAN","Mercados Laborales Rurales y Urbanos (RURBAN)"
"EMP_NIFL_SEX_INS_GEO_RT_Q","EMP_NIFL_SEX_INS_GEO_RT","Tasa de la ocupación informal según sexo, sector público/privado y zonas rurales / urbanes (%)","Q","Trimestral","EMP_NIFL_RT","Tasa de la ocupación informal (definición anterior de la OIT - CIET13)","SEX_INS_GEO","sexo, sector público/privado, zonas rurales/urbanes",1995,2026,"02/10/2026 07:16:10",38965,39614,44,,"IFL","Economía informal","RURBAN","Mercados Laborales Rurales y Urbanos (RURBAN)"
"EMP_NIFL_SEX_INS_MTS_RT_A","EMP_NIFL_SEX_INS_MTS_RT","Tasa de la ocupación informal según sexo, sector público/privado y estado civil (%)","A","Anual","EMP_NIFL_RT","Tasa de la ocupación informal (definición anterior de la OIT - CIET13)","SEX_INS_MTS","sexo, sector público/privado, estado civil",1999,2025,"02/10/2026 07:07:11",58525,63049,110,,"IFL","Economía informal","GEND","Indicadores de Igualdad de Género y No Discriminación (GEND)"
"EMP_NIFL_SEX_INS_MTS_RT_Q","EMP_NIFL_SEX_INS_MTS_RT","Tasa de la ocupación informal según sexo, sector público/privado y estado civil (%)","Q","Trimestral","EMP_NIFL_RT","Tasa de la ocupación informal (definición anterior de la OIT - CIET13)","SEX_INS_MTS","sexo, sector público/privado, estado civil",1995,2026,"02/10/2026 07:08:13",44019,44208,48,,"IFL","Economía informal","GEND","Indicadores de Igualdad de Género y No Discriminación (GEND)"
"EMP_NIFL_SEX_INS_DSB_RT_A","EMP_NIFL_SEX_INS_DSB_RT","Tasa de la ocupación informal según sexo, sector público/privado y situación en términos de discapacidad (%)","A","Anual","EMP_NIFL_RT","Tasa de la ocupación informal (definición anterior de la OIT - CIET13)","SEX_INS_DSB","sexo, sector público/privado, situación en términos de discapacidad",2006,2025,"02/10/2026 07:02:05",6216,6297,73,,"IFL","Economía informal","DLMI","Indicadores del mercado laboral de discapacidad"
"EMP_NIFL_SEX_INS_DSB_RT_Q","EMP_NIFL_SEX_INS_DSB_RT","Tasa de la ocupación informal según sexo, sector público/privado y situación en términos de discapacidad (%)","Q","Trimestral","EMP_NIFL_RT","Tasa de la ocupación informal (definición anterior de la OIT - CIET13)","SEX_INS_DSB","sexo, sector público/privado, situación en términos de discapacidad",2010,2026,"16/09/2026 07:14:26",10227,10333,23,,"IFL","Economía informal","DLMI","Indicadores del mercado laboral de discapacidad"
"EMP_NIFL_SEX_EST_RT_A","EMP_NIFL_SEX_EST_RT","Tasa de la ocupación informal según sexo y tamaño del establecimiento (%)","A","Anual","EMP_NIFL_RT","Tasa de la ocupación informal (definición anterior de la OIT - CIET13)","SEX_EST","sexo, tamaño del establecimiento",1997,2025,"02/10/2026 07:12:21",23112,24693,99,,"IFL","Economía informal","LFS","Estadísticas sobre la Fuerza Laboral (LFS)"
"EMP_NIFL_SEX_EST_RT_Q","EMP_NIFL_SEX_EST_RT","Tasa de la ocupación informal según sexo y tamaño del establecimiento (%)","Q","Trimestral","EMP_NIFL_RT","Tasa de la ocupación informal (definición anterior de la OIT - CIET13)","SEX_EST","sexo, tamaño del establecimiento",1995,2026,"02/10/2026 07:13:20",52721,53150,46,,"IFL","Economía informal","LFS","Estadísticas sobre la Fuerza Laboral (LFS)"
"EMP_NIFL_SEX_EST_RT_M","EMP_NIFL_SEX_EST_RT","Tasa de la ocupación informal según sexo y tamaño del establecimiento (%)","M","Mensual","EMP_NIFL_RT","Tasa de la ocupación informal (definición anterior de la OIT - CIET13)","SEX_EST","sexo, tamaño del establecimiento",2006,2026,"16/09/2026 08:19:15",13313,13313,8,,"IFL","Economía informal","LFS","Estadísticas sobre la Fuerza Laboral (LFS)"
"EMP_NIFL_SEX_EST_GEO_RT_A","EMP_NIFL_SEX_EST_GEO_RT","Tasa de la ocupación informal según sexo, tamaño del establecimiento y zonas rurales / urbanes (%)","A","Anual","EMP_NIFL_RT","Tasa de la ocupación informal (definición anterior de la OIT - CIET13)","SEX_EST_GEO","sexo, tamaño del establecimiento, zonas rurales/urbanes",1999,2025,"02/10/2026 07:15:05",61000,64907,84,,"IFL","Economía informal","RURBAN","Mercados Laborales Rurales y Urbanos (RURBAN)"
"EMP_NIFL_SEX_EST_GEO_RT_Q","EMP_NIFL_SEX_EST_GEO_RT","Tasa de la ocupación informal según sexo, tamaño del establecimiento y zonas rurales / urbanes (%)","Q","Trimestral","EMP_NIFL_RT","Tasa de la ocupación informal (definición anterior de la OIT - CIET13)","SEX_EST_GEO","sexo, tamaño del establecimiento, zonas rurales/urbanes",1995,2026,"02/10/2026 07:16:10",135460,136396,40,,"IFL","Economía informal","RURBAN","Mercados Laborales Rurales y Urbanos (RURBAN)"
"EMP_NIFL_SEX_EST_MTS_RT_A","EMP_NIFL_SEX_EST_MTS_RT","Tasa de la ocupación informal según sexo, tamaño del establecimiento y estado civil (%)","A","Anual","EMP_NIFL_RT","Tasa de la ocupación informal (definición anterior de la OIT - CIET13)","SEX_EST_MTS","sexo, tamaño del establecimiento, estado civil",1999,2025,"02/10/2026 07:07:11",184276,198733,95,,"IFL","Economía informal","GEND","Indicadores de Igualdad de Género y No Discriminación (GEND)"
"EMP_NIFL_SEX_EST_MTS_RT_Q","EMP_NIFL_SEX_EST_MTS_RT","Tasa de la ocupación informal según sexo, tamaño del establecimiento y estado civil (%)","Q","Trimestral","EMP_NIFL_RT","Tasa de la ocupación informal (definición anterior de la OIT - CIET13)","SEX_EST_MTS","sexo, tamaño del establecimiento, estado civil",1995,2026,"02/10/2026 07:08:13",142946,143765,43,,"IFL","Economía informal","GEND","Indicadores de Igualdad de Género y No Discriminación (GEND)"
"EMP_NIFL_SEX_EST_DSB_RT_A","EMP_NIFL_SEX_EST_DSB_RT","Tasa de la ocupación informal según sexo, tamaño del establecimiento y situación en términos de discapacidad (%)","A","Anual","EMP_NIFL_RT","Tasa de la ocupación informal (definición anterior de la OIT - CIET13)","SEX_EST_DSB","sexo, tamaño del establecimiento, situación en términos de discapacidad",2006,2025,"02/10/2026 07:02:05",7423,7513,57,,"IFL","Economía informal","DLMI","Indicadores del mercado laboral de discapacidad"
"EMP_NIFL_SEX_EST_DSB_RT_Q","EMP_NIFL_SEX_EST_DSB_RT","Tasa de la ocupación informal según sexo, tamaño del establecimiento y situación en términos de discapacidad (%)","Q","Trimestral","EMP_NIFL_RT","Tasa de la ocupación informal (definición anterior de la OIT - CIET13)","SEX_EST_DSB","sexo, tamaño del establecimiento, situación en términos de discapacidad",2010,2026,"16/09/2026 07:14:26",13084,13259,21,,"IFL","Economía informal","DLMI","Indicadores del mercado laboral de discapacidad"
"EMP_NIFL_SEX_STE_RT_A","EMP_NIFL_SEX_STE_RT","Tasa de la ocupación informal según situación en la ocupación (según sexo) (%)","A","Anual","EMP_NIFL_RT","Tasa de la ocupación informal (definición anterior de la OIT - CIET13)","SEX_STE","sexo, situación en el empleo",1997,2025,"02/10/2026 07:12:21",36155,37936,147,,"IFL","Economía informal","LFS","Estadísticas sobre la Fuerza Laboral (LFS)"
"EMP_NIFL_SEX_STE_RT_Q","EMP_NIFL_SEX_STE_RT","Tasa de la ocupación informal según situación en la ocupación (según sexo) (%)","Q","Trimestral","EMP_NIFL_RT","Tasa de la ocupación informal (definición anterior de la OIT - CIET13)","SEX_STE","sexo, situación en el empleo",1995,2026,"02/10/2026 07:13:20",19819,20110,53,,"IFL","Economía informal","LFS","Estadísticas sobre la Fuerza Laboral (LFS)"
"EMP_NIFL_SEX_HOW_RT_A","EMP_NIFL_SEX_HOW_RT","Tasa de la ocupación informal según sexo y por horas semanales efectivamente trabajadas (%)","A","Anual","EMP_NIFL_RT","Tasa de la ocupación informal (definición anterior de la OIT - CIET13)","SEX_HOW","sexo, horas semanales efectivamente trabajadas",1997,2025,"02/10/2026 07:12:21",18451,19478,107,,"IFL","Economía informal","LFS","Estadísticas sobre la Fuerza Laboral (LFS)"
"EMP_NIFL_SEX_HOW_RT_Q","EMP_NIFL_SEX_HOW_RT","Tasa de la ocupación informal según sexo y por horas semanales efectivamente trabajadas (%)","Q","Trimestral","EMP_NIFL_RT","Tasa de la ocupación informal (definición anterior de la OIT - CIET13)","SEX_HOW","sexo, horas semanales efectivamente trabajadas",1995,2026,"02/10/2026 07:13:20",43791,44331,52,,"IFL","Economía informal","LFS","Estadísticas sobre la Fuerza Laboral (LFS)"
"EMP_PIFL_SEX_NB_A","EMP_PIFL_SEX_NB","Ocupación fuera del sector formal según sexo (millares)","A","Anual","EMP_PIFL_NB","Ocupación fuera del sector formal (definición anterior de la OIT - CIET13)","SEX","sexo",1997,2025,"02/10/2026 07:12:21",4105,4301,147,,"IFL","Economía informal","LFS","Estadísticas sobre la Fuerza Laboral (LFS)"
"EMP_PIFL_SEX_NB_Q","EMP_PIFL_SEX_NB","Ocupación fuera del sector formal según sexo (millares)","Q","Trimestral","EMP_PIFL_NB","Ocupación fuera del sector formal (definición anterior de la OIT - CIET13)","SEX","sexo",1995,2026,"02/10/2026 07:13:20",5793,5871,54,,"IFL","Economía informal","LFS","Estadísticas sobre la Fuerza Laboral (LFS)"
"EMP_PIFL_SEX_NB_M","EMP_PIFL_SEX_NB","Ocupación fuera del sector formal según sexo (millares)","M","Mensual","EMP_PIFL_NB","Ocupación fuera del sector formal (definición anterior de la OIT - CIET13)","SEX","sexo",2006,2026,"16/09/2026 08:19:15",3957,4083,10,,"IFL","Economía informal","LFS","Estadísticas sobre la Fuerza Laboral (LFS)"
"EMP_PIFL_SEX_AGE_NB_A","EMP_PIFL_SEX_AGE_NB","Ocupación fuera del sector formal según sexo y edad (millares)","A","Anual","EMP_PIFL_NB","Ocupación fuera del sector formal (definición anterior de la OIT - CIET13)","SEX_AGE","sexo, edad",1997,2025,"02/10/2026 07:12:21",114722,120175,147,,"IFL","Economía informal","LFS","Estadísticas sobre la Fuerza Laboral (LFS)"
"EMP_PIFL_SEX_AGE_NB_Q","EMP_PIFL_SEX_AGE_NB","Ocupación fuera del sector formal según sexo y edad (millares)","Q","Trimestral","EMP_PIFL_NB","Ocupación fuera del sector formal (definición anterior de la OIT - CIET13)","SEX_AGE","sexo, edad",1995,2026,"02/10/2026 07:13:20",161542,163717,54,,"IFL","Economía informal","LFS","Estadísticas sobre la Fuerza Laboral (LFS)"
"EMP_PIFL_SEX_AGE_NB_M","EMP_PIFL_SEX_AGE_NB","Ocupación fuera del sector formal según sexo y edad (millares)","M","Mensual","EMP_PIFL_NB","Ocupación fuera del sector formal (definición anterior de la OIT - CIET13)","SEX_AGE","sexo, edad",2006,2026,"16/09/2026 08:19:15",63276,65292,10,,"IFL","Economía informal","LFS","Estadísticas sobre la Fuerza Laboral (LFS)"
"EMP_PIFL_SEX_AGE_EDU_NB_A","EMP_PIFL_SEX_AGE_EDU_NB","Ocupación fuera del sector formal según sexo, edad y educación (millares)","A","Anual","EMP_PIFL_NB","Ocupación fuera del sector formal (definición anterior de la OIT - CIET13)","SEX_AGE_EDU","sexo, edad, educación",1997,2025,"02/10/2026 07:04:13",645785,682539,147,,"IFL","Economía informal","EMI","Indicadores de Educación y Desajuste (EMI)"
"EMP_PIFL_SEX_AGE_EDU_NB_Q","EMP_PIFL_SEX_AGE_EDU_NB","Ocupación fuera del sector formal según sexo, edad y educación (millares)","Q","Trimestral","EMP_PIFL_NB","Ocupación fuera del sector formal (definición anterior de la OIT - CIET13)","SEX_AGE_EDU","sexo, edad, educación",1995,2026,"02/10/2026 07:06:17",858929,868335,52,,"IFL","Economía informal","EMI","Indicadores de Educación y Desajuste (EMI)"
"EMP_PIFL_SEX_AGE_EDU_NB_M","EMP_PIFL_SEX_AGE_EDU_NB","Ocupación fuera del sector formal según sexo, edad y educación (millares)","M","Mensual","EMP_PIFL_NB","Ocupación fuera del sector formal (definición anterior de la OIT - CIET13)","SEX_AGE_EDU","sexo, edad, educación",2006,2026,"16/09/2026 07:31:16",183108,188323,10,,"IFL","Economía informal","EMI","Indicadores de Educación y Desajuste (EMI)"
"EMP_PIFL_SEX_AGE_GEO_NB_A","EMP_PIFL_SEX_AGE_GEO_NB","Ocupación fuera del sector formal según sexo, edad y zonas rurales / urbanes (millares)","A","Anual","EMP_PIFL_NB","Ocupación fuera del sector formal (definición anterior de la OIT - CIET13)","SEX_AGE_GEO","sexo, edad, zonas rurales/urbanes",1997,2025,"02/10/2026 07:15:05",170425,177769,122,,"IFL","Economía informal","RURBAN","Mercados Laborales Rurales y Urbanos (RURBAN)"
"EMP_PIFL_SEX_AGE_GEO_NB_Q","EMP_PIFL_SEX_AGE_GEO_NB","Ocupación fuera del sector formal según sexo, edad y zonas rurales / urbanes (millares)","Q","Trimestral","EMP_PIFL_NB","Ocupación fuera del sector formal (definición anterior de la OIT - CIET13)","SEX_AGE_GEO","sexo, edad, zonas rurales/urbanes",1995,2026,"02/10/2026 07:16:10",225036,228348,46,,"IFL","Economía informal","RURBAN","Mercados Laborales Rurales y Urbanos (RURBAN)"
"EMP_PIFL_SEX_AGE_GEO_NB_M","EMP_PIFL_SEX_AGE_GEO_NB","Ocupación fuera del sector formal según sexo, edad y zonas rurales / urbanes (millares)","M","Mensual","EMP_PIFL_NB","Ocupación fuera del sector formal (definición anterior de la OIT - CIET13)","SEX_AGE_GEO","sexo, edad, zonas rurales/urbanes",2006,2026,"16/09/2026 08:32:07",95661,99053,9,,"IFL","Economía informal","RURBAN","Mercados Laborales Rurales y Urbanos (RURBAN)"
"EMP_PIFL_SEX_AGE_MTS_NB_A","EMP_PIFL_SEX_AGE_MTS_NB","Ocupación fuera del sector formal según sexo, edad y estado civil (millares)","A","Anual","EMP_PIFL_NB","Ocupación fuera del sector formal (definición anterior de la OIT - CIET13)","SEX_AGE_MTS","sexo, edad, estado civil",1997,2025,"02/10/2026 07:07:11",512320,537712,142,,"IFL","Economía informal","GEND","Indicadores de Igualdad de Género y No Discriminación (GEND)"
"EMP_PIFL_SEX_AGE_MTS_NB_Q","EMP_PIFL_SEX_AGE_MTS_NB","Ocupación fuera del sector formal según sexo, edad y estado civil (millares)","Q","Trimestral","EMP_PIFL_NB","Ocupación fuera del sector formal (definición anterior de la OIT - CIET13)","SEX_AGE_MTS","sexo, edad, estado civil",1995,2026,"02/10/2026 07:08:13",492920,494999,50,,"IFL","Economía informal","GEND","Indicadores de Igualdad de Género y No Discriminación (GEND)"
"EMP_PIFL_SEX_AGE_DSB_NB_A","EMP_PIFL_SEX_AGE_DSB_NB","Ocupación fuera del sector formal según sexo, edad y situación en términos de discapacidad (millares)","A","Anual","EMP_PIFL_NB","Ocupación fuera del sector formal (definición anterior de la OIT - CIET13)","SEX_AGE_DSB","sexo, edad, situación en términos de discapacidad",2005,2025,"02/10/2026 07:02:05",55735,55978,103,,"IFL","Economía informal","DLMI","Indicadores del mercado laboral de discapacidad"
"EMP_PIFL_SEX_AGE_DSB_NB_Q","EMP_PIFL_SEX_AGE_DSB_NB","Ocupación fuera del sector formal según sexo, edad y situación en términos de discapacidad (millares)","Q","Trimestral","EMP_PIFL_NB","Ocupación fuera del sector formal (definición anterior de la OIT - CIET13)","SEX_AGE_DSB","sexo, edad, situación en términos de discapacidad",2010,2026,"16/09/2026 07:14:26",31112,31436,23,,"IFL","Economía informal","DLMI","Indicadores del mercado laboral de discapacidad"
"EMP_PIFL_SEX_EDU_NB_A","EMP_PIFL_SEX_EDU_NB","Ocupación fuera del sector formal según sexo y educación (millares)","A","Anual","EMP_PIFL_NB","Ocupación fuera del sector formal (definición anterior de la OIT - CIET13)","SEX_EDU","sexo, educación",1997,2025,"02/10/2026 07:04:13",42976,45443,147,,"IFL","Economía informal","EMI","Indicadores de Educación y Desajuste (EMI)"
"EMP_PIFL_SEX_EDU_NB_Q","EMP_PIFL_SEX_EDU_NB","Ocupación fuera del sector formal según sexo y educación (millares)","Q","Trimestral","EMP_PIFL_NB","Ocupación fuera del sector formal (definición anterior de la OIT - CIET13)","SEX_EDU","sexo, educación",1995,2026,"02/10/2026 07:06:17",78371,79247,52,,"IFL","Economía informal","EMI","Indicadores de Educación y Desajuste (EMI)"
"EMP_PIFL_SEX_EDU_NB_M","EMP_PIFL_SEX_EDU_NB","Ocupación fuera del sector formal según sexo y educación (millares)","M","Mensual","EMP_PIFL_NB","Ocupación fuera del sector formal (definición anterior de la OIT - CIET13)","SEX_EDU","sexo, educación",2006,2026,"16/09/2026 07:31:16",21171,21819,10,,"IFL","Economía informal","EMI","Indicadores de Educación y Desajuste (EMI)"
"EMP_PIFL_SEX_EDU_GEO_NB_A","EMP_PIFL_SEX_EDU_GEO_NB","Ocupación fuera del sector formal según sexo, educación y zonas rurales / urbanes (millares)","A","Anual","EMP_PIFL_NB","Ocupación fuera del sector formal (definición anterior de la OIT - CIET13)","SEX_EDU_GEO","sexo, educación, zonas rurales/urbanes",1997,2025,"02/10/2026 07:15:05",108356,114329,122,,"IFL","Economía informal","RURBAN","Mercados Laborales Rurales y Urbanos (RURBAN)"
"EMP_PIFL_SEX_EDU_GEO_NB_Q","EMP_PIFL_SEX_EDU_GEO_NB","Ocupación fuera del sector formal según sexo, educación y zonas rurales / urbanes (millares)","Q","Trimestral","EMP_PIFL_NB","Ocupación fuera del sector formal (definición anterior de la OIT - CIET13)","SEX_EDU_GEO","sexo, educación, zonas rurales/urbanes",1995,2026,"02/10/2026 07:16:10",74396,75467,45,,"IFL","Economía informal","RURBAN","Mercados Laborales Rurales y Urbanos (RURBAN)"
"EMP_PIFL_SEX_EDU_MTS_NB_A","EMP_PIFL_SEX_EDU_MTS_NB","Ocupación fuera del sector formal según sexo, educación y estado civil (millares)","A","Anual","EMP_PIFL_NB","Ocupación fuera del sector formal (definición anterior de la OIT - CIET13)","SEX_EDU_MTS","sexo, educación, estado civil",1997,2025,"02/10/2026 07:04:13",336370,355909,143,,"IFL","Economía informal","EMI","Indicadores de Educación y Desajuste (EMI)"
"EMP_PIFL_SEX_EDU_MTS_NB_Q","EMP_PIFL_SEX_EDU_MTS_NB","Ocupación fuera del sector formal según sexo, educación y estado civil (millares)","Q","Trimestral","EMP_PIFL_NB","Ocupación fuera del sector formal (definición anterior de la OIT - CIET13)","SEX_EDU_MTS","sexo, educación, estado civil",1995,2026,"02/10/2026 07:06:17",82547,82757,49,,"IFL","Economía informal","EMI","Indicadores de Educación y Desajuste (EMI)"
"EMP_PIFL_SEX_EDU_DSB_NB_A","EMP_PIFL_SEX_EDU_DSB_NB","Ocupación fuera del sector formal según sexo, educación y situación en términos de discapacidad (millares)","A","Anual","EMP_PIFL_NB","Ocupación fuera del sector formal (definición anterior de la OIT - CIET13)","SEX_EDU_DSB","sexo, educación, situación en términos de discapacidad",2005,2025,"02/10/2026 07:02:05",31679,31820,102,,"IFL","Economía informal","DLMI","Indicadores del mercado laboral de discapacidad"
"EMP_PIFL_SEX_GEO_NB_A","EMP_PIFL_SEX_GEO_NB","Ocupación fuera del sector formal según sexo y zonas rurales / urbanas (millares)","A","Anual","EMP_PIFL_NB","Ocupación fuera del sector formal (definición anterior de la OIT - CIET13)","SEX_GEO","sexo, zonas rurales/urbanes",1997,2025,"02/10/2026 07:15:05",10707,11166,122,,"IFL","Economía informal","RURBAN","Mercados Laborales Rurales y Urbanos (RURBAN)"
"EMP_PIFL_SEX_GEO_NB_Q","EMP_PIFL_SEX_GEO_NB","Ocupación fuera del sector formal según sexo y zonas rurales / urbanas (millares)","Q","Trimestral","EMP_PIFL_NB","Ocupación fuera del sector formal (definición anterior de la OIT - CIET13)","SEX_GEO","sexo, zonas rurales/urbanes",1995,2026,"02/10/2026 07:16:10",14117,14324,46,,"IFL","Economía informal","RURBAN","Mercados Laborales Rurales y Urbanos (RURBAN)"
"EMP_PIFL_SEX_GEO_NB_M","EMP_PIFL_SEX_GEO_NB","Ocupación fuera del sector formal según sexo y zonas rurales / urbanas (millares)","M","Mensual","EMP_PIFL_NB","Ocupación fuera del sector formal (definición anterior de la OIT - CIET13)","SEX_GEO","sexo, zonas rurales/urbanes",2006,2026,"16/09/2026 08:32:07",10629,11007,9,,"IFL","Economía informal","RURBAN","Mercados Laborales Rurales y Urbanos (RURBAN)"
"EMP_PIFL_SEX_GEO_MTS_NB_A","EMP_PIFL_SEX_GEO_MTS_NB","Ocupación fuera del sector formal según sexo, zonas rurales / urbanes y estado civil (millares)","A","Anual","EMP_PIFL_NB","Ocupación fuera del sector formal (definición anterior de la OIT - CIET13)","SEX_GEO_MTS","sexo, zonas rurales/urbanes, estado civil",1997,2025,"02/10/2026 07:15:05",89647,93478,120,,"IFL","Economía informal","RURBAN","Mercados Laborales Rurales y Urbanos (RURBAN)"
"EMP_PIFL_SEX_GEO_MTS_NB_Q","EMP_PIFL_SEX_GEO_MTS_NB","Ocupación fuera del sector formal según sexo, zonas rurales / urbanes y estado civil (millares)","Q","Trimestral","EMP_PIFL_NB","Ocupación fuera del sector formal (definición anterior de la OIT - CIET13)","SEX_GEO_MTS","sexo, zonas rurales/urbanes, estado civil",1995,2026,"02/10/2026 07:16:10",111154,111478,45,,"IFL","Economía informal","RURBAN","Mercados Laborales Rurales y Urbanos (RURBAN)"
"EMP_PIFL_SEX_GEO_DSB_NB_A","EMP_PIFL_SEX_GEO_DSB_NB","Ocupación fuera del sector formal según sexo, zonas rurales / urbanes y situación en términos de discapacidad (millares)","A","Anual","EMP_PIFL_NB","Ocupación fuera del sector formal (definición anterior de la OIT - CIET13)","SEX_GEO_DSB","sexo, zonas rurales/urbanes, situación en términos de discapacidad",2006,2025,"24/09/2026 07:02:05",17976,18057,86,,"IFL","Economía informal","DLMI","Indicadores del mercado laboral de discapacidad"
"EMP_PIFL_SEX_GEO_DSB_NB_Q","EMP_PIFL_SEX_GEO_DSB_NB","Ocupación fuera del sector formal según sexo, zonas rurales / urbanes y situación en términos de discapacidad (millares)","Q","Trimestral","EMP_PIFL_NB","Ocupación fuera del sector formal (definición anterior de la OIT - CIET13)","SEX_GEO_DSB","sexo, zonas rurales/urbanes, situación en términos de discapacidad",2010,2026,"16/09/2026 07:14:26",9938,10046,21,,"IFL","Economía informal","DLMI","Indicadores del mercado laboral de discapacidad"
"EMP_PIFL_SEX_MTS_NB_A","EMP_PIFL_SEX_MTS_NB","Ocupación fuera del sector formal según sexo y estado civil (millares)","A","Anual","EMP_PIFL_NB","Ocupación fuera del sector formal (definición anterior de la OIT - CIET13)","SEX_MTS","sexo, estado civil",1997,2025,"02/10/2026 07:07:11",34569,36234,142,,"IFL","Economía informal","GEND","Indicadores de Igualdad de Género y No Discriminación (GEND)"
"EMP_PIFL_SEX_MTS_NB_Q","EMP_PIFL_SEX_MTS_NB","Ocupación fuera del sector formal según sexo y estado civil (millares)","Q","Trimestral","EMP_PIFL_NB","Ocupación fuera del sector formal (definición anterior de la OIT - CIET13)","SEX_MTS","sexo, estado civil",1995,2026,"02/10/2026 07:08:13",44736,44925,50,,"IFL","Economía informal","GEND","Indicadores de Igualdad de Género y No Discriminación (GEND)"
"EMP_PIFL_SEX_MTS_NB_M","EMP_PIFL_SEX_MTS_NB","Ocupación fuera del sector formal según sexo y estado civil (millares)","M","Mensual","EMP_PIFL_NB","Ocupación fuera del sector formal (definición anterior de la OIT - CIET13)","SEX_MTS","sexo, estado civil",2006,2026,"16/09/2026 08:03:05",11544,11544,9,,"IFL","Economía informal","GEND","Indicadores de Igualdad de Género y No Discriminación (GEND)"
"EMP_PIFL_SEX_MTS_DSB_NB_A","EMP_PIFL_SEX_MTS_DSB_NB","Ocupación fuera del sector formal según sexo, estado civil y situación en términos de discapacidad (millares)","A","Anual","EMP_PIFL_NB","Ocupación fuera del sector formal (definición anterior de la OIT - CIET13)","SEX_MTS_DSB","sexo, estado civil, situación en términos de discapacidad",2005,2025,"02/10/2026 07:02:05",54599,54758,102,,"IFL","Economía informal","DLMI","Indicadores del mercado laboral de discapacidad"
"EMP_PIFL_SEX_MTS_DSB_NB_Q","EMP_PIFL_SEX_MTS_DSB_NB","Ocupación fuera del sector formal según sexo, estado civil y situación en términos de discapacidad (millares)","Q","Trimestral","EMP_PIFL_NB","Ocupación fuera del sector formal (definición anterior de la OIT - CIET13)","SEX_MTS_DSB","sexo, estado civil, situación en términos de discapacidad",2013,2026,"16/09/2026 07:14:26",9923,9923,23,,"IFL","Economía informal","DLMI","Indicadores del mercado laboral de discapacidad"
"EMP_PIFL_SEX_DSB_NB_A","EMP_PIFL_SEX_DSB_NB","Ocupación fuera del sector formal según sexo y situación en términos de discapacidad (millares)","A","Anual","EMP_PIFL_NB","Ocupación fuera del sector formal (definición anterior de la OIT - CIET13)","SEX_DSB","sexo, situación en términos de discapacidad",2005,2025,"02/10/2026 07:02:05",6706,6733,103,,"IFL","Economía informal","DLMI","Indicadores del mercado laboral de discapacidad"
"EMP_PIFL_SEX_DSB_NB_Q","EMP_PIFL_SEX_DSB_NB","Ocupación fuera del sector formal según sexo y situación en términos de discapacidad (millares)","Q","Trimestral","EMP_PIFL_NB","Ocupación fuera del sector formal (definición anterior de la OIT - CIET13)","SEX_DSB","sexo, situación en términos de discapacidad",2010,2026,"16/09/2026 07:14:26",3508,3544,23,,"IFL","Economía informal","DLMI","Indicadores del mercado laboral de discapacidad"
"EMP_PIFL_SEX_AGE_ECO_NB_A","EMP_PIFL_SEX_AGE_ECO_NB","Ocupación fuera del sector formal según sexo, edad y actividad económica (millares)","A","Anual","EMP_PIFL_NB","Ocupación fuera del sector formal (definición anterior de la OIT - CIET13)","SEX_AGE_ECO","sexo, edad, actividad económica",1997,2025,"02/10/2026 07:12:21",1313690,1378361,147,,"IFL","Economía informal","LFS","Estadísticas sobre la Fuerza Laboral (LFS)"
"EMP_PIFL_SEX_AGE_ECO_NB_Q","EMP_PIFL_SEX_AGE_ECO_NB","Ocupación fuera del sector formal según sexo, edad y actividad económica (millares)","Q","Trimestral","EMP_PIFL_NB","Ocupación fuera del sector formal (definición anterior de la OIT - CIET13)","SEX_AGE_ECO","sexo, edad, actividad económica",1995,2026,"02/10/2026 07:13:20",646516,654781,53,,"IFL","Economía informal","LFS","Estadísticas sobre la Fuerza Laboral (LFS)"
"EMP_PIFL_SEX_AGE_OCU_NB_A","EMP_PIFL_SEX_AGE_OCU_NB","Ocupación fuera del sector formal según sexo, edad y ocupación (millares)","A","Anual","EMP_PIFL_NB","Ocupación fuera del sector formal (definición anterior de la OIT - CIET13)","SEX_AGE_OCU","sexo, edad, ocupación",1999,2025,"02/10/2026 07:12:21",630386,661577,142,,"IFL","Economía informal","LFS","Estadísticas sobre la Fuerza Laboral (LFS)"
"EMP_PIFL_SEX_AGE_OCU_NB_Q","EMP_PIFL_SEX_AGE_OCU_NB","Ocupación fuera del sector formal según sexo, edad y ocupación (millares)","Q","Trimestral","EMP_PIFL_NB","Ocupación fuera del sector formal (definición anterior de la OIT - CIET13)","SEX_AGE_OCU","sexo, edad, ocupación",1995,2026,"02/10/2026 07:13:20",395387,400526,54,,"IFL","Economía informal","LFS","Estadísticas sobre la Fuerza Laboral (LFS)"
"EMP_PIFL_SEX_AGE_INS_NB_A","EMP_PIFL_SEX_AGE_INS_NB","Ocupación fuera del sector formal según sexo, edad y sector público/privado (millares)","A","Anual","EMP_PIFL_NB","Ocupación fuera del sector formal (definición anterior de la OIT - CIET13)","SEX_AGE_INS","sexo, edad, sector público/privado",1997,2025,"02/10/2026 07:12:21",86911,93199,115,,"IFL","Economía informal","LFS","Estadísticas sobre la Fuerza Laboral (LFS)"
"EMP_PIFL_SEX_AGE_INS_NB_Q","EMP_PIFL_SEX_AGE_INS_NB","Ocupación fuera del sector formal según sexo, edad y sector público/privado (millares)","Q","Trimestral","EMP_PIFL_NB","Ocupación fuera del sector formal (definición anterior de la OIT - CIET13)","SEX_AGE_INS","sexo, edad, sector público/privado",1995,2026,"02/10/2026 07:13:20",104377,106130,52,,"IFL","Economía informal","LFS","Estadísticas sobre la Fuerza Laboral (LFS)"
"EMP_PIFL_SEX_AGE_JBT_NB_A","EMP_PIFL_SEX_AGE_JBT_NB","Ocupación fuera del sector formal según sexo, edad y ordenamiento del tiempo de trabajo (millares)","A","Anual","EMP_PIFL_NB","Ocupación fuera del sector formal (definición anterior de la OIT - CIET13)","SEX_AGE_JBT","sexo, edad, ordenamiento del tiempo de trabajo",1997,2025,"02/10/2026 07:12:21",196106,205034,144,,"IFL","Economía informal","LFS","Estadísticas sobre la Fuerza Laboral (LFS)"
"EMP_PIFL_SEX_AGE_JBT_NB_Q","EMP_PIFL_SEX_AGE_JBT_NB","Ocupación fuera del sector formal según sexo, edad y ordenamiento del tiempo de trabajo (millares)","Q","Trimestral","EMP_PIFL_NB","Ocupación fuera del sector formal (definición anterior de la OIT - CIET13)","SEX_AGE_JBT","sexo, edad, ordenamiento del tiempo de trabajo",1995,2026,"02/10/2026 07:13:20",275957,279557,54,,"IFL","Economía informal","LFS","Estadísticas sobre la Fuerza Laboral (LFS)"
"EMP_PIFL_SEX_AGE_JBT_NB_M","EMP_PIFL_SEX_AGE_JBT_NB","Ocupación fuera del sector formal según sexo, edad y ordenamiento del tiempo de trabajo (millares)","M","Mensual","EMP_PIFL_NB","Ocupación fuera del sector formal (definición anterior de la OIT - CIET13)","SEX_AGE_JBT","sexo, edad, ordenamiento del tiempo de trabajo",2006,2026,"16/09/2026 08:19:15",35544,36678,10,,"IFL","Economía informal","LFS","Estadísticas sobre la Fuerza Laboral (LFS)"
"EMP_PIFL_SEX_ECO_NB_A","EMP_PIFL_SEX_ECO_NB","Ocupación fuera del sector formal según sexo y actividad económica (millares)","A","Anual","EMP_PIFL_NB","Ocupación fuera del sector formal (definición anterior de la OIT - CIET13)","SEX_ECO","sexo, actividad económica",1997,2025,"02/10/2026 07:12:21",118438,124183,147,,"IFL","Economía informal","LFS","Estadísticas sobre la Fuerza Laboral (LFS)"
"EMP_PIFL_SEX_ECO_NB_Q","EMP_PIFL_SEX_ECO_NB","Ocupación fuera del sector formal según sexo y actividad económica (millares)","Q","Trimestral","EMP_PIFL_NB","Ocupación fuera del sector formal (definición anterior de la OIT - CIET13)","SEX_ECO","sexo, actividad económica",1995,2026,"02/10/2026 07:13:20",180569,182807,53,,"IFL","Economía informal","LFS","Estadísticas sobre la Fuerza Laboral (LFS)"
"EMP_PIFL_SEX_ECO_NB_M","EMP_PIFL_SEX_ECO_NB","Ocupación fuera del sector formal según sexo y actividad económica (millares)","M","Mensual","EMP_PIFL_NB","Ocupación fuera del sector formal (definición anterior de la OIT - CIET13)","SEX_ECO","sexo, actividad económica",2006,2026,"16/09/2026 08:19:15",50193,51681,10,,"IFL","Economía informal","LFS","Estadísticas sobre la Fuerza Laboral (LFS)"
"EMP_PIFL_SEX_ECO_EDU_NB_A","EMP_PIFL_SEX_ECO_EDU_NB","Ocupación fuera del sector formal según sexo, actividad económica y educación (millares)","A","Anual","EMP_PIFL_NB","Ocupación fuera del sector formal (definición anterior de la OIT - CIET13)","SEX_ECO_EDU","sexo, actividad económica, educación",1997,2025,"02/10/2026 07:04:13",1103534,1162705,147,,"IFL","Economía informal","EMI","Indicadores de Educación y Desajuste (EMI)"
"EMP_PIFL_SEX_ECO_EDU_NB_Q","EMP_PIFL_SEX_ECO_EDU_NB","Ocupación fuera del sector formal según sexo, actividad económica y educación (millares)","Q","Trimestral","EMP_PIFL_NB","Ocupación fuera del sector formal (definición anterior de la OIT - CIET13)","SEX_ECO_EDU","sexo, actividad económica, educación",1995,2026,"02/10/2026 07:06:17",1381736,1396538,51,,"IFL","Economía informal","EMI","Indicadores de Educación y Desajuste (EMI)"
"EMP_PIFL_SEX_ECO_GEO_NB_A","EMP_PIFL_SEX_ECO_GEO_NB","Ocupación fuera del sector formal según sexo, actividad económica y zonas rurales / urbanes (millares)","A","Anual","EMP_PIFL_NB","Ocupación fuera del sector formal (definición anterior de la OIT - CIET13)","SEX_ECO_GEO","sexo, actividad económica, zonas rurales/urbanes",1997,2025,"02/10/2026 07:15:05",132150,137657,122,,"IFL","Economía informal","RURBAN","Mercados Laborales Rurales y Urbanos (RURBAN)"
"EMP_PIFL_SEX_ECO_MTS_NB_A","EMP_PIFL_SEX_ECO_MTS_NB","Ocupación fuera del sector formal según sexo, actividad económica y estado civil (millares)","A","Anual","EMP_PIFL_NB","Ocupación fuera del sector formal (definición anterior de la OIT - CIET13)","SEX_ECO_MTS","sexo, actividad económica, estado civil",1997,2025,"02/10/2026 07:07:11",406021,424966,142,,"IFL","Economía informal","GEND","Indicadores de Igualdad de Género y No Discriminación (GEND)"
"EMP_PIFL_SEX_ECO_MTS_NB_Q","EMP_PIFL_SEX_ECO_MTS_NB","Ocupación fuera del sector formal según sexo, actividad económica y estado civil (millares)","Q","Trimestral","EMP_PIFL_NB","Ocupación fuera del sector formal (definición anterior de la OIT - CIET13)","SEX_ECO_MTS","sexo, actividad económica, estado civil",1995,2026,"02/10/2026 07:08:13",200433,201159,49,,"IFL","Economía informal","GEND","Indicadores de Igualdad de Género y No Discriminación (GEND)"
"EMP_PIFL_SEX_ECO_DSB_NB_A","EMP_PIFL_SEX_ECO_DSB_NB","Ocupación fuera del sector formal según sexo, actividad económica y situación en términos de discapacidad (millares)","A","Anual","EMP_PIFL_NB","Ocupación fuera del sector formal (definición anterior de la OIT - CIET13)","SEX_ECO_DSB","sexo, actividad económica, situación en términos de discapacidad",2005,2025,"02/10/2026 07:02:05",76991,77345,102,,"IFL","Economía informal","DLMI","Indicadores del mercado laboral de discapacidad"
"EMP_PIFL_ECO_OCU_NB_A","EMP_PIFL_ECO_OCU_NB","Ocupación fuera del sector formal según actividad económica y ocupación (millares)","A","Anual","EMP_PIFL_NB","Ocupación fuera del sector formal (definición anterior de la OIT - CIET13)","ECO_OCU","actividad económica, ocupación",1999,2025,"02/10/2026 07:12:21",444655,467473,142,,"IFL","Economía informal","LFS","Estadísticas sobre la Fuerza Laboral (LFS)"
"EMP_PIFL_ECO_OCU_NB_Q","EMP_PIFL_ECO_OCU_NB","Ocupación fuera del sector formal según actividad económica y ocupación (millares)","Q","Trimestral","EMP_PIFL_NB","Ocupación fuera del sector formal (definición anterior de la OIT - CIET13)","ECO_OCU","actividad económica, ocupación",1995,2026,"02/10/2026 07:13:20",306527,310154,53,,"IFL","Economía informal","LFS","Estadísticas sobre la Fuerza Laboral (LFS)"
"EMP_PIFL_SEX_ECO_INS_NB_A","EMP_PIFL_SEX_ECO_INS_NB","Ocupación fuera del sector formal según sexo, actividad económica y sector público/privado (millares)","A","Anual","EMP_PIFL_NB","Ocupación fuera del sector formal (definición anterior de la OIT - CIET13)","SEX_ECO_INS","sexo, actividad económica, sector público/privado",1997,2025,"02/10/2026 07:12:21",165569,176759,115,,"IFL","Economía informal","LFS","Estadísticas sobre la Fuerza Laboral (LFS)"
"EMP_PIFL_SEX_ECO_INS_NB_Q","EMP_PIFL_SEX_ECO_INS_NB","Ocupación fuera del sector formal según sexo, actividad económica y sector público/privado (millares)","Q","Trimestral","EMP_PIFL_NB","Ocupación fuera del sector formal (definición anterior de la OIT - CIET13)","SEX_ECO_INS","sexo, actividad económica, sector público/privado",1995,2026,"02/10/2026 07:13:20",147911,150038,51,,"IFL","Economía informal","LFS","Estadísticas sobre la Fuerza Laboral (LFS)"
"EMP_PIFL_SEX_ECO_INS_NB_M","EMP_PIFL_SEX_ECO_INS_NB","Ocupación fuera del sector formal según sexo, actividad económica y sector público/privado (millares)","M","Mensual","EMP_PIFL_NB","Ocupación fuera del sector formal (definición anterior de la OIT - CIET13)","SEX_ECO_INS","sexo, actividad económica, sector público/privado",2006,2026,"16/09/2026 08:19:15",37890,39528,9,,"IFL","Economía informal","LFS","Estadísticas sobre la Fuerza Laboral (LFS)"
"EMP_PIFL_SEX_ECO_EST_NB_A","EMP_PIFL_SEX_ECO_EST_NB","Ocupación fuera del sector formal según sexo, actividad económica y tamaño del establecimiento (millares)","A","Anual","EMP_PIFL_NB","Ocupación fuera del sector formal (definición anterior de la OIT - CIET13)","SEX_ECO_EST","sexo, actividad económica, tamaño del establecimiento",1997,2025,"02/10/2026 07:12:21",421267,449794,99,,"IFL","Economía informal","LFS","Estadísticas sobre la Fuerza Laboral (LFS)"
"EMP_PIFL_SEX_ECO_EST_NB_Q","EMP_PIFL_SEX_ECO_EST_NB","Ocupación fuera del sector formal según sexo, actividad económica y tamaño del establecimiento (millares)","Q","Trimestral","EMP_PIFL_NB","Ocupación fuera del sector formal (definición anterior de la OIT - CIET13)","SEX_ECO_EST","sexo, actividad económica, tamaño del establecimiento",1995,2026,"02/10/2026 07:13:20",116965,117712,45,,"IFL","Economía informal","LFS","Estadísticas sobre la Fuerza Laboral (LFS)"
"EMP_PIFL_SEX_EC2_NB_A","EMP_PIFL_SEX_EC2_NB","Ocupación fuera del sector formal según sexo y actividad económica - nivel 2 de la CIIU (millares)","A","Anual","EMP_PIFL_NB","Ocupación fuera del sector formal (definición anterior de la OIT - CIET13)","SEX_EC2","sexo, actividad económica - nivel 2 de la ciiu",1997,2025,"02/10/2026 07:12:21",138884,143729,107,,"IFL","Economía informal","LFS","Estadísticas sobre la Fuerza Laboral (LFS)"
"EMP_PIFL_AGE_EC2_NB_A","EMP_PIFL_AGE_EC2_NB","Ocupación fuera del sector formal según edad y actividad económica - nivel 2 de la CIIU (millares)","A","Anual","EMP_PIFL_NB","Ocupación fuera del sector formal (definición anterior de la OIT - CIET13)","AGE_EC2","edad, actividad económica - nivel 2 de la ciiu",1997,2025,"02/10/2026 07:12:21",126880,131298,107,,"IFL","Economía informal","LFS","Estadísticas sobre la Fuerza Laboral (LFS)"
"EMP_PIFL_SEX_OCU_NB_A","EMP_PIFL_SEX_OCU_NB","Ocupación fuera del sector formal según sexo y ocupación (millares)","A","Anual","EMP_PIFL_NB","Ocupación fuera del sector formal (definición anterior de la OIT - CIET13)","SEX_OCU","sexo, ocupación",1999,2025,"02/10/2026 07:12:21",60803,63758,142,,"IFL","Economía informal","LFS","Estadísticas sobre la Fuerza Laboral (LFS)"
"EMP_PIFL_SEX_OCU_NB_Q","EMP_PIFL_SEX_OCU_NB","Ocupación fuera del sector formal según sexo y ocupación (millares)","Q","Trimestral","EMP_PIFL_NB","Ocupación fuera del sector formal (definición anterior de la OIT - CIET13)","SEX_OCU","sexo, ocupación",1995,2026,"02/10/2026 07:13:20",84401,85517,54,,"IFL","Economía informal","LFS","Estadísticas sobre la Fuerza Laboral (LFS)"
"EMP_PIFL_SEX_OCU_NB_M","EMP_PIFL_SEX_OCU_NB","Ocupación fuera del sector formal según sexo y ocupación (millares)","M","Mensual","EMP_PIFL_NB","Ocupación fuera del sector formal (definición anterior de la OIT - CIET13)","SEX_OCU","sexo, ocupación",2006,2026,"16/09/2026 08:19:15",17168,17675,10,,"IFL","Economía informal","LFS","Estadísticas sobre la Fuerza Laboral (LFS)"
"EMP_PIFL_SEX_OCU_EDU_NB_A","EMP_PIFL_SEX_OCU_EDU_NB","Ocupación fuera del sector formal según sexo, ocupación y educación (millares)","A","Anual","EMP_PIFL_NB","Ocupación fuera del sector formal (definición anterior de la OIT - CIET13)","SEX_OCU_EDU","sexo, ocupación, educación",1999,2025,"02/10/2026 07:04:13",551518,582478,142,,"IFL","Economía informal","EMI","Indicadores de Educación y Desajuste (EMI)"
"EMP_PIFL_SEX_OCU_EDU_NB_Q","EMP_PIFL_SEX_OCU_EDU_NB","Ocupación fuera del sector formal según sexo, ocupación y educación (millares)","Q","Trimestral","EMP_PIFL_NB","Ocupación fuera del sector formal (definición anterior de la OIT - CIET13)","SEX_OCU_EDU","sexo, ocupación, educación",1995,2026,"02/10/2026 07:06:17",322068,325329,52,,"IFL","Economía informal","EMI","Indicadores de Educación y Desajuste (EMI)"
"EMP_PIFL_SEX_OCU_GEO_NB_A","EMP_PIFL_SEX_OCU_GEO_NB","Ocupación fuera del sector formal según sexo, ocupación y zonas rurales / urbanes (millares)","A","Anual","EMP_PIFL_NB","Ocupación fuera del sector formal (definición anterior de la OIT - CIET13)","SEX_OCU_GEO","sexo, ocupación, zonas rurales/urbanes",1999,2025,"02/10/2026 07:15:05",154593,161176,119,,"IFL","Economía informal","RURBAN","Mercados Laborales Rurales y Urbanos (RURBAN)"
"EMP_PIFL_SEX_OCU_MTS_NB_A","EMP_PIFL_SEX_OCU_MTS_NB","Ocupación fuera del sector formal según sexo, ocupación y estado civil (millares)","A","Anual","EMP_PIFL_NB","Ocupación fuera del sector formal (definición anterior de la OIT - CIET13)","SEX_OCU_MTS","sexo, ocupación, estado civil",1999,2025,"02/10/2026 07:07:11",464698,487428,137,,"IFL","Economía informal","GEND","Indicadores de Igualdad de Género y No Discriminación (GEND)"
"EMP_PIFL_SEX_OCU_MTS_NB_Q","EMP_PIFL_SEX_OCU_MTS_NB","Ocupación fuera del sector formal según sexo, ocupación y estado civil (millares)","Q","Trimestral","EMP_PIFL_NB","Ocupación fuera del sector formal (definición anterior de la OIT - CIET13)","SEX_OCU_MTS","sexo, ocupación, estado civil",1995,2026,"02/10/2026 07:08:13",70719,70971,50,,"IFL","Economía informal","GEND","Indicadores de Igualdad de Género y No Discriminación (GEND)"
"EMP_PIFL_SEX_OCU_DSB_NB_A","EMP_PIFL_SEX_OCU_DSB_NB","Ocupación fuera del sector formal según sexo, ocupación y situación en términos de discapacidad (millares)","A","Anual","EMP_PIFL_NB","Ocupación fuera del sector formal (definición anterior de la OIT - CIET13)","SEX_OCU_DSB","sexo, ocupación, situación en términos de discapacidad",2005,2025,"02/10/2026 07:02:05",28899,29031,102,,"IFL","Economía informal","DLMI","Indicadores del mercado laboral de discapacidad"
"EMP_PIFL_SEX_OCU_INS_NB_A","EMP_PIFL_SEX_OCU_INS_NB","Ocupación fuera del sector formal según sexo, ocupación y sector público/privado (millares)","A","Anual","EMP_PIFL_NB","Ocupación fuera del sector formal (definición anterior de la OIT - CIET13)","SEX_OCU_INS","sexo, ocupación, sector público/privado",1999,2025,"02/10/2026 07:12:21",77498,83255,110,,"IFL","Economía informal","LFS","Estadísticas sobre la Fuerza Laboral (LFS)"
"EMP_PIFL_SEX_OCU_INS_NB_Q","EMP_PIFL_SEX_OCU_INS_NB","Ocupación fuera del sector formal según sexo, ocupación y sector público/privado (millares)","Q","Trimestral","EMP_PIFL_NB","Ocupación fuera del sector formal (definición anterior de la OIT - CIET13)","SEX_OCU_INS","sexo, ocupación, sector público/privado",1995,2026,"02/10/2026 07:13:20",166687,169105,52,,"IFL","Economía informal","LFS","Estadísticas sobre la Fuerza Laboral (LFS)"
"EMP_PIFL_SEX_OCU_EST_NB_A","EMP_PIFL_SEX_OCU_EST_NB","Ocupación fuera del sector formal según sexo, ocupación y tamaño del establecimiento (millares)","A","Anual","EMP_PIFL_NB","Ocupación fuera del sector formal (definición anterior de la OIT - CIET13)","SEX_OCU_EST","sexo, ocupación, tamaño del establecimiento",1999,2025,"02/10/2026 07:12:21",184114,197179,93,,"IFL","Economía informal","LFS","Estadísticas sobre la Fuerza Laboral (LFS)"
"EMP_PIFL_SEX_OCU_EST_NB_Q","EMP_PIFL_SEX_OCU_EST_NB","Ocupación fuera del sector formal según sexo, ocupación y tamaño del establecimiento (millares)","Q","Trimestral","EMP_PIFL_NB","Ocupación fuera del sector formal (definición anterior de la OIT - CIET13)","SEX_OCU_EST","sexo, ocupación, tamaño del establecimiento",1995,2026,"02/10/2026 07:13:20",94591,95200,46,,"IFL","Economía informal","LFS","Estadísticas sobre la Fuerza Laboral (LFS)"
"EMP_PIFL_SEX_OC2_NB_A","EMP_PIFL_SEX_OC2_NB","Ocupación fuera del sector formal según sexo y ocupación - nivel 2 de la CIUO (millares)","A","Anual","EMP_PIFL_NB","Ocupación fuera del sector formal (definición anterior de la OIT - CIET13)","SEX_OC2","sexo, ocupación - nivel 2 de la ciuo",1999,2025,"02/10/2026 07:12:21",119640,123578,130,,"IFL","Economía informal","LFS","Estadísticas sobre la Fuerza Laboral (LFS)"
"EMP_PIFL_AGE_OC2_NB_A","EMP_PIFL_AGE_OC2_NB","Ocupación fuera del sector formal según edad y ocupación - nivel 2 de la CIUO (millares)","A","Anual","EMP_PIFL_NB","Ocupación fuera del sector formal (definición anterior de la OIT - CIET13)","AGE_OC2","edad, ocupación - nivel 2 de la ciuo",1999,2025,"02/10/2026 07:12:21",107436,111128,130,,"IFL","Economía informal","LFS","Estadísticas sobre la Fuerza Laboral (LFS)"
"EMP_PIFL_SEX_INS_NB_A","EMP_PIFL_SEX_INS_NB","Ocupación fuera del sector formal según sexo y sector público/privado (millares)","A","Anual","EMP_PIFL_NB","Ocupación fuera del sector formal (definición anterior de la OIT - CIET13)","SEX_INS","sexo, sector público/privado",1997,2025,"02/10/2026 07:12:21",5721,6128,115,,"IFL","Economía informal","LFS","Estadísticas sobre la Fuerza Laboral (LFS)"
"EMP_PIFL_SEX_INS_NB_Q","EMP_PIFL_SEX_INS_NB","Ocupación fuera del sector formal según sexo y sector público/privado (millares)","Q","Trimestral","EMP_PIFL_NB","Ocupación fuera del sector formal (definición anterior de la OIT - CIET13)","SEX_INS","sexo, sector público/privado",1995,2026,"02/10/2026 07:13:20",11967,12168,52,,"IFL","Economía informal","LFS","Estadísticas sobre la Fuerza Laboral (LFS)"
"EMP_PIFL_SEX_INS_GEO_NB_A","EMP_PIFL_SEX_INS_GEO_NB","Ocupación fuera del sector formal según sexo, sector público/privado y zonas rurales / urbanes (millares)","A","Anual","EMP_PIFL_NB","Ocupación fuera del sector formal (definición anterior de la OIT - CIET13)","SEX_INS_GEO","sexo, sector público/privado, zonas rurales/urbanes",1997,2025,"02/10/2026 07:15:05",13798,14815,92,,"IFL","Economía informal","RURBAN","Mercados Laborales Rurales y Urbanos (RURBAN)"
"EMP_PIFL_SEX_INS_GEO_NB_Q","EMP_PIFL_SEX_INS_GEO_NB","Ocupación fuera del sector formal según sexo, sector público/privado y zonas rurales / urbanes (millares)","Q","Trimestral","EMP_PIFL_NB","Ocupación fuera del sector formal (definición anterior de la OIT - CIET13)","SEX_INS_GEO","sexo, sector público/privado, zonas rurales/urbanes",1995,2026,"02/10/2026 07:16:10",28257,28806,44,,"IFL","Economía informal","RURBAN","Mercados Laborales Rurales y Urbanos (RURBAN)"
"EMP_PIFL_SEX_INS_MTS_NB_A","EMP_PIFL_SEX_INS_MTS_NB","Ocupación fuera del sector formal según sexo, sector público/privado y estado civil (millares)","A","Anual","EMP_PIFL_NB","Ocupación fuera del sector formal (definición anterior de la OIT - CIET13)","SEX_INS_MTS","sexo, sector público/privado, estado civil",1997,2025,"02/10/2026 07:07:11",44718,48327,110,,"IFL","Economía informal","GEND","Indicadores de Igualdad de Género y No Discriminación (GEND)"
"EMP_PIFL_SEX_INS_MTS_NB_Q","EMP_PIFL_SEX_INS_MTS_NB","Ocupación fuera del sector formal según sexo, sector público/privado y estado civil (millares)","Q","Trimestral","EMP_PIFL_NB","Ocupación fuera del sector formal (definición anterior de la OIT - CIET13)","SEX_INS_MTS","sexo, sector público/privado, estado civil",1995,2026,"02/10/2026 07:08:13",32377,32503,48,,"IFL","Economía informal","GEND","Indicadores de Igualdad de Género y No Discriminación (GEND)"
"EMP_PIFL_SEX_INS_DSB_NB_A","EMP_PIFL_SEX_INS_DSB_NB","Ocupación fuera del sector formal según sexo, sector público/privado y situación en términos de discapacidad (millares)","A","Anual","EMP_PIFL_NB","Ocupación fuera del sector formal (definición anterior de la OIT - CIET13)","SEX_INS_DSB","sexo, sector público/privado, situación en términos de discapacidad",2005,2025,"02/10/2026 07:02:05",4974,5028,73,,"IFL","Economía informal","DLMI","Indicadores del mercado laboral de discapacidad"
"EMP_PIFL_SEX_INS_DSB_NB_Q","EMP_PIFL_SEX_INS_DSB_NB","Ocupación fuera del sector formal según sexo, sector público/privado y situación en términos de discapacidad (millares)","Q","Trimestral","EMP_PIFL_NB","Ocupación fuera del sector formal (definición anterior de la OIT - CIET13)","SEX_INS_DSB","sexo, sector público/privado, situación en términos de discapacidad",2010,2026,"16/09/2026 07:14:26",7995,8067,23,,"IFL","Economía informal","DLMI","Indicadores del mercado laboral de discapacidad"
"EMP_PIFL_SEX_EST_NB_A","EMP_PIFL_SEX_EST_NB","Ocupación fuera del sector formal según sexo y tamaño del establecimiento (millares)","A","Anual","EMP_PIFL_NB","Ocupación fuera del sector formal (definición anterior de la OIT - CIET13)","SEX_EST","sexo, tamaño del establecimiento",1997,2025,"02/10/2026 07:12:21",22790,24371,99,,"IFL","Economía informal","LFS","Estadísticas sobre la Fuerza Laboral (LFS)"
"EMP_PIFL_SEX_EST_NB_Q","EMP_PIFL_SEX_EST_NB","Ocupación fuera del sector formal según sexo y tamaño del establecimiento (millares)","Q","Trimestral","EMP_PIFL_NB","Ocupación fuera del sector formal (definición anterior de la OIT - CIET13)","SEX_EST","sexo, tamaño del establecimiento",1995,2026,"02/10/2026 07:13:20",51240,51651,46,,"IFL","Economía informal","LFS","Estadísticas sobre la Fuerza Laboral (LFS)"
"EMP_PIFL_SEX_EST_NB_M","EMP_PIFL_SEX_EST_NB","Ocupación fuera del sector formal según sexo y tamaño del establecimiento (millares)","M","Mensual","EMP_PIFL_NB","Ocupación fuera del sector formal (definición anterior de la OIT - CIET13)","SEX_EST","sexo, tamaño del establecimiento",2006,2026,"16/09/2026 08:19:15",12765,12765,8,,"IFL","Economía informal","LFS","Estadísticas sobre la Fuerza Laboral (LFS)"
"EMP_PIFL_SEX_EST_GEO_NB_A","EMP_PIFL_SEX_EST_GEO_NB","Ocupación fuera del sector formal según sexo, tamaño del establecimiento y zonas rurales / urbanes (millares)","A","Anual","EMP_PIFL_NB","Ocupación fuera del sector formal (definición anterior de la OIT - CIET13)","SEX_EST_GEO","sexo, tamaño del establecimiento, zonas rurales/urbanes",1997,2025,"02/10/2026 07:15:05",60206,63956,84,,"IFL","Economía informal","RURBAN","Mercados Laborales Rurales y Urbanos (RURBAN)"
"EMP_PIFL_SEX_EST_GEO_NB_Q","EMP_PIFL_SEX_EST_GEO_NB","Ocupación fuera del sector formal según sexo, tamaño del establecimiento y zonas rurales / urbanes (millares)","Q","Trimestral","EMP_PIFL_NB","Ocupación fuera del sector formal (definición anterior de la OIT - CIET13)","SEX_EST_GEO","sexo, tamaño del establecimiento, zonas rurales/urbanes",1995,2026,"02/10/2026 07:16:10",129919,130819,40,,"IFL","Economía informal","RURBAN","Mercados Laborales Rurales y Urbanos (RURBAN)"
"EMP_PIFL_SEX_EST_MTS_NB_A","EMP_PIFL_SEX_EST_MTS_NB","Ocupación fuera del sector formal según sexo, tamaño del establecimiento y estado civil (millares)","A","Anual","EMP_PIFL_NB","Ocupación fuera del sector formal (definición anterior de la OIT - CIET13)","SEX_EST_MTS","sexo, tamaño del establecimiento, estado civil",1997,2025,"02/10/2026 07:07:11",181442,195107,95,,"IFL","Economía informal","GEND","Indicadores de Igualdad de Género y No Discriminación (GEND)"
"EMP_PIFL_SEX_EST_MTS_NB_Q","EMP_PIFL_SEX_EST_MTS_NB","Ocupación fuera del sector formal según sexo, tamaño del establecimiento y estado civil (millares)","Q","Trimestral","EMP_PIFL_NB","Ocupación fuera del sector formal (definición anterior de la OIT - CIET13)","SEX_EST_MTS","sexo, tamaño del establecimiento, estado civil",1995,2026,"02/10/2026 07:08:13",139426,140206,43,,"IFL","Economía informal","GEND","Indicadores de Igualdad de Género y No Discriminación (GEND)"
"EMP_PIFL_SEX_EST_DSB_NB_A","EMP_PIFL_SEX_EST_DSB_NB","Ocupación fuera del sector formal según sexo, tamaño del establecimiento y situación en términos de discapacidad (millares)","A","Anual","EMP_PIFL_NB","Ocupación fuera del sector formal (definición anterior de la OIT - CIET13)","SEX_EST_DSB","sexo, tamaño del establecimiento, situación en términos de discapacidad",2006,2025,"02/10/2026 07:02:05",7247,7334,57,,"IFL","Economía informal","DLMI","Indicadores del mercado laboral de discapacidad"
"EMP_PIFL_SEX_EST_DSB_NB_Q","EMP_PIFL_SEX_EST_DSB_NB","Ocupación fuera del sector formal según sexo, tamaño del establecimiento y situación en términos de discapacidad (millares)","Q","Trimestral","EMP_PIFL_NB","Ocupación fuera del sector formal (definición anterior de la OIT - CIET13)","SEX_EST_DSB","sexo, tamaño del establecimiento, situación en términos de discapacidad",2010,2026,"16/09/2026 07:14:26",12582,12741,21,,"IFL","Economía informal","DLMI","Indicadores del mercado laboral de discapacidad"
"EMP_PIFL_SEX_STE_NB_A","EMP_PIFL_SEX_STE_NB","Ocupación fuera del sector formal según sexo y situación en la ocupación (millares)","A","Anual","EMP_PIFL_NB","Ocupación fuera del sector formal (definición anterior de la OIT - CIET13)","SEX_STE","sexo, situación en el empleo",1997,2025,"02/10/2026 07:12:21",36353,38012,147,,"IFL","Economía informal","LFS","Estadísticas sobre la Fuerza Laboral (LFS)"
"EMP_PIFL_SEX_STE_NB_Q","EMP_PIFL_SEX_STE_NB","Ocupación fuera del sector formal según sexo y situación en la ocupación (millares)","Q","Trimestral","EMP_PIFL_NB","Ocupación fuera del sector formal (definición anterior de la OIT - CIET13)","SEX_STE","sexo, situación en el empleo",1995,2026,"02/10/2026 07:13:20",19721,20012,54,,"IFL","Economía informal","LFS","Estadísticas sobre la Fuerza Laboral (LFS)"
"EMP_PIFL_SEX_HOW_NB_A","EMP_PIFL_SEX_HOW_NB","Ocupación fuera del sector formal según sexo y por horas semanales efectivamente trabajadas (millares)","A","Anual","EMP_PIFL_NB","Ocupación fuera del sector formal (definición anterior de la OIT - CIET13)","SEX_HOW","sexo, horas semanales efectivamente trabajadas",1997,2025,"02/10/2026 07:00:09",18338,19439,107,,"IFL","Economía informal","COND","Estadísticas de Salarios y Tiempo de Trabajo (COND)"
"EMP_PIFL_SEX_HOW_NB_Q","EMP_PIFL_SEX_HOW_NB","Ocupación fuera del sector formal según sexo y por horas semanales efectivamente trabajadas (millares)","Q","Trimestral","EMP_PIFL_NB","Ocupación fuera del sector formal (definición anterior de la OIT - CIET13)","SEX_HOW","sexo, horas semanales efectivamente trabajadas",1995,2026,"02/10/2026 07:01:11",43303,43843,52,,"IFL","Economía informal","COND","Estadísticas de Salarios y Tiempo de Trabajo (COND)"
"EMP_PIFL_SEX_RT_A","EMP_PIFL_SEX_RT","Proporción de la ocupación fuera del sector formal según sexo (%)","A","Anual","EMP_PIFL_RT","Proporción de la ocupación fuera del sector formal (definición anterior de la OIT - CIET13)","SEX","sexo",1997,2025,"02/10/2026 07:12:21",4105,4301,147,,"IFL","Economía informal","LFS","Estadísticas sobre la Fuerza Laboral (LFS)"
"EMP_PIFL_SEX_RT_Q","EMP_PIFL_SEX_RT","Proporción de la ocupación fuera del sector formal según sexo (%)","Q","Trimestral","EMP_PIFL_RT","Proporción de la ocupación fuera del sector formal (definición anterior de la OIT - CIET13)","SEX","sexo",1995,2026,"02/10/2026 07:13:20",5793,5871,54,,"IFL","Economía informal","LFS","Estadísticas sobre la Fuerza Laboral (LFS)"
"EMP_PIFL_SEX_RT_M","EMP_PIFL_SEX_RT","Proporción de la ocupación fuera del sector formal según sexo (%)","M","Mensual","EMP_PIFL_RT","Proporción de la ocupación fuera del sector formal (definición anterior de la OIT - CIET13)","SEX","sexo",2006,2026,"16/09/2026 08:19:15",3957,4083,10,,"IFL","Economía informal","LFS","Estadísticas sobre la Fuerza Laboral (LFS)"
"EMP_PIFL_SEX_AGE_RT_A","EMP_PIFL_SEX_AGE_RT","Proporción de la ocupación fuera del sector formal según sexo y edad (%)","A","Anual","EMP_PIFL_RT","Proporción de la ocupación fuera del sector formal (definición anterior de la OIT - CIET13)","SEX_AGE","sexo, edad",1997,2025,"02/10/2026 07:12:21",110339,115597,147,,"IFL","Economía informal","LFS","Estadísticas sobre la Fuerza Laboral (LFS)"
"EMP_PIFL_SEX_AGE_RT_Q","EMP_PIFL_SEX_AGE_RT","Proporción de la ocupación fuera del sector formal según sexo y edad (%)","Q","Trimestral","EMP_PIFL_RT","Proporción de la ocupación fuera del sector formal (definición anterior de la OIT - CIET13)","SEX_AGE","sexo, edad",1995,2026,"02/10/2026 07:13:20",155696,157793,54,,"IFL","Economía informal","LFS","Estadísticas sobre la Fuerza Laboral (LFS)"
"EMP_PIFL_SEX_AGE_RT_M","EMP_PIFL_SEX_AGE_RT","Proporción de la ocupación fuera del sector formal según sexo y edad (%)","M","Mensual","EMP_PIFL_RT","Proporción de la ocupación fuera del sector formal (definición anterior de la OIT - CIET13)","SEX_AGE","sexo, edad",2006,2026,"16/09/2026 08:19:15",59314,61204,10,,"IFL","Economía informal","LFS","Estadísticas sobre la Fuerza Laboral (LFS)"
"EMP_PIFL_SEX_AGE_EDU_RT_A","EMP_PIFL_SEX_AGE_EDU_RT","Proporción de la ocupación fuera del sector formal según sexo, edad y educación (%)","A","Anual","EMP_PIFL_RT","Proporción de la ocupación fuera del sector formal (definición anterior de la OIT - CIET13)","SEX_AGE_EDU","sexo, edad, educación",1997,2025,"02/10/2026 07:04:13",592927,626716,147,,"IFL","Economía informal","EMI","Indicadores de Educación y Desajuste (EMI)"
"EMP_PIFL_SEX_AGE_EDU_RT_Q","EMP_PIFL_SEX_AGE_EDU_RT","Proporción de la ocupación fuera del sector formal según sexo, edad y educación (%)","Q","Trimestral","EMP_PIFL_RT","Proporción de la ocupación fuera del sector formal (definición anterior de la OIT - CIET13)","SEX_AGE_EDU","sexo, edad, educación",1995,2026,"02/10/2026 07:06:17",773882,782352,52,,"IFL","Economía informal","EMI","Indicadores de Educación y Desajuste (EMI)"
"EMP_PIFL_SEX_AGE_EDU_RT_M","EMP_PIFL_SEX_AGE_EDU_RT","Proporción de la ocupación fuera del sector formal según sexo, edad y educación (%)","M","Mensual","EMP_PIFL_RT","Proporción de la ocupación fuera del sector formal (definición anterior de la OIT - CIET13)","SEX_AGE_EDU","sexo, edad, educación",2006,2026,"16/09/2026 07:31:16",161453,166080,10,,"IFL","Economía informal","EMI","Indicadores de Educación y Desajuste (EMI)"
"EMP_PIFL_SEX_AGE_GEO_RT_A","EMP_PIFL_SEX_AGE_GEO_RT","Proporción de la ocupación fuera del sector formal según sexo, edad y zonas rurales / urbanes (%)","A","Anual","EMP_PIFL_RT","Proporción de la ocupación fuera del sector formal (definición anterior de la OIT - CIET13)","SEX_AGE_GEO","sexo, edad, zonas rurales/urbanes",1997,2025,"02/10/2026 07:15:05",159097,165978,122,,"IFL","Economía informal","RURBAN","Mercados Laborales Rurales y Urbanos (RURBAN)"
"EMP_PIFL_SEX_AGE_GEO_RT_Q","EMP_PIFL_SEX_AGE_GEO_RT","Proporción de la ocupación fuera del sector formal según sexo, edad y zonas rurales / urbanes (%)","Q","Trimestral","EMP_PIFL_RT","Proporción de la ocupación fuera del sector formal (definición anterior de la OIT - CIET13)","SEX_AGE_GEO","sexo, edad, zonas rurales/urbanes",1995,2026,"02/10/2026 07:16:10",210827,213926,46,,"IFL","Economía informal","RURBAN","Mercados Laborales Rurales y Urbanos (RURBAN)"
"EMP_PIFL_SEX_AGE_GEO_RT_M","EMP_PIFL_SEX_AGE_GEO_RT","Proporción de la ocupación fuera del sector formal según sexo, edad y zonas rurales / urbanes (%)","M","Mensual","EMP_PIFL_RT","Proporción de la ocupación fuera del sector formal (definición anterior de la OIT - CIET13)","SEX_AGE_GEO","sexo, edad, zonas rurales/urbanes",2006,2026,"16/09/2026 08:32:07",85026,87992,9,,"IFL","Economía informal","RURBAN","Mercados Laborales Rurales y Urbanos (RURBAN)"
"EMP_PIFL_SEX_AGE_MTS_RT_A","EMP_PIFL_SEX_AGE_MTS_RT","Proporción de la ocupación fuera del sector formal según sexo, edad y estado civil (%)","A","Anual","EMP_PIFL_RT","Proporción de la ocupación fuera del sector formal (definición anterior de la OIT - CIET13)","SEX_AGE_MTS","sexo, edad, estado civil",1997,2025,"02/10/2026 07:07:11",472524,496087,142,,"IFL","Economía informal","GEND","Indicadores de Igualdad de Género y No Discriminación (GEND)"
"EMP_PIFL_SEX_AGE_MTS_RT_Q","EMP_PIFL_SEX_AGE_MTS_RT","Proporción de la ocupación fuera del sector formal según sexo, edad y estado civil (%)","Q","Trimestral","EMP_PIFL_RT","Proporción de la ocupación fuera del sector formal (definición anterior de la OIT - CIET13)","SEX_AGE_MTS","sexo, edad, estado civil",1995,2026,"02/10/2026 07:08:13",448113,450001,50,,"IFL","Economía informal","GEND","Indicadores de Igualdad de Género y No Discriminación (GEND)"
"EMP_PIFL_SEX_AGE_DSB_RT_A","EMP_PIFL_SEX_AGE_DSB_RT","Proporción de la ocupación fuera del sector formal según sexo, edad y situación en términos de discapacidad (%)","A","Anual","EMP_PIFL_RT","Proporción de la ocupación fuera del sector formal (definición anterior de la OIT - CIET13)","SEX_AGE_DSB","sexo, edad, situación en términos de discapacidad",2005,2025,"02/10/2026 07:02:05",49130,49346,103,,"IFL","Economía informal","DLMI","Indicadores del mercado laboral de discapacidad"
"EMP_PIFL_SEX_AGE_DSB_RT_Q","EMP_PIFL_SEX_AGE_DSB_RT","Proporción de la ocupación fuera del sector formal según sexo, edad y situación en términos de discapacidad (%)","Q","Trimestral","EMP_PIFL_RT","Proporción de la ocupación fuera del sector formal (definición anterior de la OIT - CIET13)","SEX_AGE_DSB","sexo, edad, situación en términos de discapacidad",2010,2026,"16/09/2026 07:14:26",27374,27662,23,,"IFL","Economía informal","DLMI","Indicadores del mercado laboral de discapacidad"
"EMP_PIFL_SEX_EDU_RT_A","EMP_PIFL_SEX_EDU_RT","Proporción de la ocupación fuera del sector formal según sexo y educación (%)","A","Anual","EMP_PIFL_RT","Proporción de la ocupación fuera del sector formal (definición anterior de la OIT - CIET13)","SEX_EDU","sexo, educación",1997,2025,"02/10/2026 07:04:13",42433,44868,147,,"IFL","Economía informal","EMI","Indicadores de Educación y Desajuste (EMI)"
"EMP_PIFL_SEX_EDU_RT_Q","EMP_PIFL_SEX_EDU_RT","Proporción de la ocupación fuera del sector formal según sexo y educación (%)","Q","Trimestral","EMP_PIFL_RT","Proporción de la ocupación fuera del sector formal (definición anterior de la OIT - CIET13)","SEX_EDU","sexo, educación",1995,2026,"02/10/2026 07:06:17",77280,78134,52,,"IFL","Economía informal","EMI","Indicadores de Educación y Desajuste (EMI)"
"EMP_PIFL_SEX_EDU_RT_M","EMP_PIFL_SEX_EDU_RT","Proporción de la ocupación fuera del sector formal según sexo y educación (%)","M","Mensual","EMP_PIFL_RT","Proporción de la ocupación fuera del sector formal (definición anterior de la OIT - CIET13)","SEX_EDU","sexo, educación",2006,2026,"16/09/2026 07:31:16",21023,21663,10,,"IFL","Economía informal","EMI","Indicadores de Educación y Desajuste (EMI)"
"EMP_PIFL_SEX_EDU_GEO_RT_A","EMP_PIFL_SEX_EDU_GEO_RT","Proporción de la ocupación fuera del sector formal según sexo, educación y zonas rurales / urbanes (%)","A","Anual","EMP_PIFL_RT","Proporción de la ocupación fuera del sector formal (definición anterior de la OIT - CIET13)","SEX_EDU_GEO","sexo, educación, zonas rurales/urbanes",1997,2025,"02/10/2026 07:15:05",106668,112512,122,,"IFL","Economía informal","RURBAN","Mercados Laborales Rurales y Urbanos (RURBAN)"
"EMP_PIFL_SEX_EDU_GEO_RT_Q","EMP_PIFL_SEX_EDU_GEO_RT","Proporción de la ocupación fuera del sector formal según sexo, educación y zonas rurales / urbanes (%)","Q","Trimestral","EMP_PIFL_RT","Proporción de la ocupación fuera del sector formal (definición anterior de la OIT - CIET13)","SEX_EDU_GEO","sexo, educación, zonas rurales/urbanes",1995,2026,"02/10/2026 07:16:10",73856,74903,45,,"IFL","Economía informal","RURBAN","Mercados Laborales Rurales y Urbanos (RURBAN)"
"EMP_PIFL_SEX_EDU_MTS_RT_A","EMP_PIFL_SEX_EDU_MTS_RT","Proporción de la ocupación fuera del sector formal según sexo, educación y estado civil (%)","A","Anual","EMP_PIFL_RT","Proporción de la ocupación fuera del sector formal (definición anterior de la OIT - CIET13)","SEX_EDU_MTS","sexo, educación, estado civil",1997,2025,"02/10/2026 07:04:13",326396,345364,143,,"IFL","Economía informal","EMI","Indicadores de Educación y Desajuste (EMI)"
"EMP_PIFL_SEX_EDU_MTS_RT_Q","EMP_PIFL_SEX_EDU_MTS_RT","Proporción de la ocupación fuera del sector formal según sexo, educación y estado civil (%)","Q","Trimestral","EMP_PIFL_RT","Proporción de la ocupación fuera del sector formal (definición anterior de la OIT - CIET13)","SEX_EDU_MTS","sexo, educación, estado civil",1995,2026,"02/10/2026 07:06:17",81443,81649,49,,"IFL","Economía informal","EMI","Indicadores de Educación y Desajuste (EMI)"
"EMP_PIFL_SEX_EDU_DSB_RT_A","EMP_PIFL_SEX_EDU_DSB_RT","Proporción de la ocupación fuera del sector formal según sexo, educación y situación en términos de discapacidad (%)","A","Anual","EMP_PIFL_RT","Proporción de la ocupación fuera del sector formal (definición anterior de la OIT - CIET13)","SEX_EDU_DSB","sexo, educación, situación en términos de discapacidad",2005,2025,"02/10/2026 07:02:05",30516,30657,102,,"IFL","Economía informal","DLMI","Indicadores del mercado laboral de discapacidad"
"EMP_PIFL_SEX_GEO_RT_A","EMP_PIFL_SEX_GEO_RT","Proporción de la ocupación fuera del sector formal según sexo y zonas rurales / urbanas (%)","A","Anual","EMP_PIFL_RT","Proporción de la ocupación fuera del sector formal (definición anterior de la OIT - CIET13)","SEX_GEO","sexo, zonas rurales/urbanes",1997,2025,"02/10/2026 07:15:05",10705,11164,122,,"IFL","Economía informal","RURBAN","Mercados Laborales Rurales y Urbanos (RURBAN)"
"EMP_PIFL_SEX_GEO_RT_Q","EMP_PIFL_SEX_GEO_RT","Proporción de la ocupación fuera del sector formal según sexo y zonas rurales / urbanas (%)","Q","Trimestral","EMP_PIFL_RT","Proporción de la ocupación fuera del sector formal (definición anterior de la OIT - CIET13)","SEX_GEO","sexo, zonas rurales/urbanes",1995,2026,"02/10/2026 07:16:10",14117,14324,46,,"IFL","Economía informal","RURBAN","Mercados Laborales Rurales y Urbanos (RURBAN)"
"EMP_PIFL_SEX_GEO_RT_M","EMP_PIFL_SEX_GEO_RT","Proporción de la ocupación fuera del sector formal según sexo y zonas rurales / urbanas (%)","M","Mensual","EMP_PIFL_RT","Proporción de la ocupación fuera del sector formal (definición anterior de la OIT - CIET13)","SEX_GEO","sexo, zonas rurales/urbanes",2006,2026,"16/09/2026 08:32:07",10629,11007,9,,"IFL","Economía informal","RURBAN","Mercados Laborales Rurales y Urbanos (RURBAN)"
"EMP_PIFL_SEX_GEO_MTS_RT_A","EMP_PIFL_SEX_GEO_MTS_RT","Proporción de la ocupación fuera del sector formal según sexo, zonas rurales / urbanes y estado civil (%)","A","Anual","EMP_PIFL_RT","Proporción de la ocupación fuera del sector formal (definición anterior de la OIT - CIET13)","SEX_GEO_MTS","sexo, zonas rurales/urbanes, estado civil",1997,2025,"02/10/2026 07:15:05",88285,92092,120,,"IFL","Economía informal","RURBAN","Mercados Laborales Rurales y Urbanos (RURBAN)"
"EMP_PIFL_SEX_GEO_MTS_RT_Q","EMP_PIFL_SEX_GEO_MTS_RT","Proporción de la ocupación fuera del sector formal según sexo, zonas rurales / urbanes y estado civil (%)","Q","Trimestral","EMP_PIFL_RT","Proporción de la ocupación fuera del sector formal (definición anterior de la OIT - CIET13)","SEX_GEO_MTS","sexo, zonas rurales/urbanes, estado civil",1995,2026,"02/10/2026 07:16:10",110674,110998,45,,"IFL","Economía informal","RURBAN","Mercados Laborales Rurales y Urbanos (RURBAN)"
"EMP_PIFL_SEX_GEO_DSB_RT_A","EMP_PIFL_SEX_GEO_DSB_RT","Proporción de la ocupación fuera del sector formal según sexo, zonas rurales / urbanes y situación en términos de discapacidad (%)","A","Anual","EMP_PIFL_RT","Proporción de la ocupación fuera del sector formal (definición anterior de la OIT - CIET13)","SEX_GEO_DSB","sexo, zonas rurales/urbanes, situación en términos de discapacidad",2006,2025,"24/09/2026 07:02:05",17638,17719,86,,"IFL","Economía informal","DLMI","Indicadores del mercado laboral de discapacidad"
"EMP_PIFL_SEX_GEO_DSB_RT_Q","EMP_PIFL_SEX_GEO_DSB_RT","Proporción de la ocupación fuera del sector formal según sexo, zonas rurales / urbanes y situación en términos de discapacidad (%)","Q","Trimestral","EMP_PIFL_RT","Proporción de la ocupación fuera del sector formal (definición anterior de la OIT - CIET13)","SEX_GEO_DSB","sexo, zonas rurales/urbanes, situación en términos de discapacidad",2010,2026,"16/09/2026 07:14:26",9890,9998,21,,"IFL","Economía informal","DLMI","Indicadores del mercado laboral de discapacidad"
"EMP_PIFL_SEX_MTS_RT_A","EMP_PIFL_SEX_MTS_RT","Proporción de la ocupación fuera del sector formal según sexo y estado civil (%)","A","Anual","EMP_PIFL_RT","Proporción de la ocupación fuera del sector formal (definición anterior de la OIT - CIET13)","SEX_MTS","sexo, estado civil",1997,2025,"02/10/2026 07:07:11",34132,35786,142,,"IFL","Economía informal","GEND","Indicadores de Igualdad de Género y No Discriminación (GEND)"
"EMP_PIFL_SEX_MTS_RT_Q","EMP_PIFL_SEX_MTS_RT","Proporción de la ocupación fuera del sector formal según sexo y estado civil (%)","Q","Trimestral","EMP_PIFL_RT","Proporción de la ocupación fuera del sector formal (definición anterior de la OIT - CIET13)","SEX_MTS","sexo, estado civil",1995,2026,"02/10/2026 07:08:13",44497,44685,50,,"IFL","Economía informal","GEND","Indicadores de Igualdad de Género y No Discriminación (GEND)"
"EMP_PIFL_SEX_MTS_RT_M","EMP_PIFL_SEX_MTS_RT","Proporción de la ocupación fuera del sector formal según sexo y estado civil (%)","M","Mensual","EMP_PIFL_RT","Proporción de la ocupación fuera del sector formal (definición anterior de la OIT - CIET13)","SEX_MTS","sexo, estado civil",2006,2026,"16/09/2026 08:03:05",11463,11463,9,,"IFL","Economía informal","GEND","Indicadores de Igualdad de Género y No Discriminación (GEND)"
"EMP_PIFL_SEX_MTS_DSB_RT_A","EMP_PIFL_SEX_MTS_DSB_RT","Proporción de la ocupación fuera del sector formal según sexo, estado civil y situación en términos de discapacidad (%)","A","Anual","EMP_PIFL_RT","Proporción de la ocupación fuera del sector formal (definición anterior de la OIT - CIET13)","SEX_MTS_DSB","sexo, estado civil, situación en términos de discapacidad",2005,2025,"02/10/2026 07:02:05",52594,52753,102,,"IFL","Economía informal","DLMI","Indicadores del mercado laboral de discapacidad"
"EMP_PIFL_SEX_MTS_DSB_RT_Q","EMP_PIFL_SEX_MTS_DSB_RT","Proporción de la ocupación fuera del sector formal según sexo, estado civil y situación en términos de discapacidad (%)","Q","Trimestral","EMP_PIFL_RT","Proporción de la ocupación fuera del sector formal (definición anterior de la OIT - CIET13)","SEX_MTS_DSB","sexo, estado civil, situación en términos de discapacidad",2013,2026,"16/09/2026 07:14:26",9860,9860,23,,"IFL","Economía informal","DLMI","Indicadores del mercado laboral de discapacidad"
"EMP_PIFL_SEX_DSB_RT_A","EMP_PIFL_SEX_DSB_RT","Proporción de la ocupación fuera del sector formal según sexo y situación en términos de discapacidad (%)","A","Anual","EMP_PIFL_RT","Proporción de la ocupación fuera del sector formal (definición anterior de la OIT - CIET13)","SEX_DSB","sexo, situación en términos de discapacidad",2005,2025,"02/10/2026 07:02:05",6631,6658,103,,"IFL","Economía informal","DLMI","Indicadores del mercado laboral de discapacidad"
"EMP_PIFL_SEX_DSB_RT_Q","EMP_PIFL_SEX_DSB_RT","Proporción de la ocupación fuera del sector formal según sexo y situación en términos de discapacidad (%)","Q","Trimestral","EMP_PIFL_RT","Proporción de la ocupación fuera del sector formal (definición anterior de la OIT - CIET13)","SEX_DSB","sexo, situación en términos de discapacidad",2010,2026,"16/09/2026 07:14:26",3492,3528,23,,"IFL","Economía informal","DLMI","Indicadores del mercado laboral de discapacidad"
"EMP_PIFL_SEX_AGE_ECO_RT_A","EMP_PIFL_SEX_AGE_ECO_RT","Proporción de la ocupación fuera del sector formal según sexo, edad y actividad económica (%)","A","Anual","EMP_PIFL_RT","Proporción de la ocupación fuera del sector formal (definición anterior de la OIT - CIET13)","SEX_AGE_ECO","sexo, edad, actividad económica",1997,2025,"02/10/2026 07:12:21",1162435,1219803,147,,"IFL","Economía informal","LFS","Estadísticas sobre la Fuerza Laboral (LFS)"
"EMP_PIFL_SEX_AGE_ECO_RT_Q","EMP_PIFL_SEX_AGE_ECO_RT","Proporción de la ocupación fuera del sector formal según sexo, edad y actividad económica (%)","Q","Trimestral","EMP_PIFL_RT","Proporción de la ocupación fuera del sector formal (definición anterior de la OIT - CIET13)","SEX_AGE_ECO","sexo, edad, actividad económica",1995,2026,"02/10/2026 07:13:20",561449,568642,53,,"IFL","Economía informal","LFS","Estadísticas sobre la Fuerza Laboral (LFS)"
"EMP_PIFL_SEX_AGE_OCU_RT_A","EMP_PIFL_SEX_AGE_OCU_RT","Proporción de la ocupación fuera del sector formal según sexo, edad y ocupación (%)","A","Anual","EMP_PIFL_RT","Proporción de la ocupación fuera del sector formal (definición anterior de la OIT - CIET13)","SEX_AGE_OCU","sexo, edad, ocupación",1999,2025,"02/10/2026 07:12:21",559312,587224,142,,"IFL","Economía informal","LFS","Estadísticas sobre la Fuerza Laboral (LFS)"
"EMP_PIFL_SEX_AGE_OCU_RT_Q","EMP_PIFL_SEX_AGE_OCU_RT","Proporción de la ocupación fuera del sector formal según sexo, edad y ocupación (%)","Q","Trimestral","EMP_PIFL_RT","Proporción de la ocupación fuera del sector formal (definición anterior de la OIT - CIET13)","SEX_AGE_OCU","sexo, edad, ocupación",1995,2026,"02/10/2026 07:13:20",363049,367808,54,,"IFL","Economía informal","LFS","Estadísticas sobre la Fuerza Laboral (LFS)"
"EMP_PIFL_SEX_AGE_INS_RT_A","EMP_PIFL_SEX_AGE_INS_RT","Proporción de la ocupación fuera del sector formal según sexo, edad y sector público/privado (%)","A","Anual","EMP_PIFL_RT","Proporción de la ocupación fuera del sector formal (definición anterior de la OIT - CIET13)","SEX_AGE_INS","sexo, edad, sector público/privado",1997,2025,"02/10/2026 07:12:21",80560,86402,115,,"IFL","Economía informal","LFS","Estadísticas sobre la Fuerza Laboral (LFS)"
"EMP_PIFL_SEX_AGE_INS_RT_Q","EMP_PIFL_SEX_AGE_INS_RT","Proporción de la ocupación fuera del sector formal según sexo, edad y sector público/privado (%)","Q","Trimestral","EMP_PIFL_RT","Proporción de la ocupación fuera del sector formal (definición anterior de la OIT - CIET13)","SEX_AGE_INS","sexo, edad, sector público/privado",1995,2026,"02/10/2026 07:13:20",92216,93769,52,,"IFL","Economía informal","LFS","Estadísticas sobre la Fuerza Laboral (LFS)"
"EMP_PIFL_SEX_AGE_JBT_RT_A","EMP_PIFL_SEX_AGE_JBT_RT","Proporción de la ocupación fuera del sector formal según sexo, edad y ordenamiento del tiempo de trabajo (%)","A","Anual","EMP_PIFL_RT","Proporción de la ocupación fuera del sector formal (definición anterior de la OIT - CIET13)","SEX_AGE_JBT","sexo, edad, ordenamiento del tiempo de trabajo",1997,2025,"02/10/2026 07:12:21",182735,191096,144,,"IFL","Economía informal","LFS","Estadísticas sobre la Fuerza Laboral (LFS)"
"EMP_PIFL_SEX_AGE_JBT_RT_Q","EMP_PIFL_SEX_AGE_JBT_RT","Proporción de la ocupación fuera del sector formal según sexo, edad y ordenamiento del tiempo de trabajo (%)","Q","Trimestral","EMP_PIFL_RT","Proporción de la ocupación fuera del sector formal (definición anterior de la OIT - CIET13)","SEX_AGE_JBT","sexo, edad, ordenamiento del tiempo de trabajo",1995,2026,"02/10/2026 07:13:20",258256,261631,54,,"IFL","Economía informal","LFS","Estadísticas sobre la Fuerza Laboral (LFS)"
"EMP_PIFL_SEX_AGE_JBT_RT_M","EMP_PIFL_SEX_AGE_JBT_RT","Proporción de la ocupación fuera del sector formal según sexo, edad y ordenamiento del tiempo de trabajo (%)","M","Mensual","EMP_PIFL_RT","Proporción de la ocupación fuera del sector formal (definición anterior de la OIT - CIET13)","SEX_AGE_JBT","sexo, edad, ordenamiento del tiempo de trabajo",2006,2026,"16/09/2026 08:19:15",35513,36647,10,,"IFL","Economía informal","LFS","Estadísticas sobre la Fuerza Laboral (LFS)"
"EMP_PIFL_SEX_ECO_RT_A","EMP_PIFL_SEX_ECO_RT","Proporción de la ocupación fuera del sector formal según sexo y actividad económica (%)","A","Anual","EMP_PIFL_RT","Proporción de la ocupación fuera del sector formal (definición anterior de la OIT - CIET13)","SEX_ECO","sexo, actividad económica",1997,2025,"02/10/2026 07:12:21",115189,120780,147,,"IFL","Economía informal","LFS","Estadísticas sobre la Fuerza Laboral (LFS)"
"EMP_PIFL_SEX_ECO_RT_Q","EMP_PIFL_SEX_ECO_RT","Proporción de la ocupación fuera del sector formal según sexo y actividad económica (%)","Q","Trimestral","EMP_PIFL_RT","Proporción de la ocupación fuera del sector formal (definición anterior de la OIT - CIET13)","SEX_ECO","sexo, actividad económica",1995,2026,"02/10/2026 07:13:20",174421,176595,53,,"IFL","Economía informal","LFS","Estadísticas sobre la Fuerza Laboral (LFS)"
"EMP_PIFL_SEX_ECO_RT_M","EMP_PIFL_SEX_ECO_RT","Proporción de la ocupación fuera del sector formal según sexo y actividad económica (%)","M","Mensual","EMP_PIFL_RT","Proporción de la ocupación fuera del sector formal (definición anterior de la OIT - CIET13)","SEX_ECO","sexo, actividad económica",2006,2026,"16/09/2026 08:19:15",49503,50957,10,,"IFL","Economía informal","LFS","Estadísticas sobre la Fuerza Laboral (LFS)"
"EMP_PIFL_SEX_ECO_EDU_RT_A","EMP_PIFL_SEX_ECO_EDU_RT","Proporción de la ocupación fuera del sector formal según sexo, actividad económica y educación (%)","A","Anual","EMP_PIFL_RT","Proporción de la ocupación fuera del sector formal (definición anterior de la OIT - CIET13)","SEX_ECO_EDU","sexo, actividad económica, educación",1997,2025,"02/10/2026 07:04:13",1034954,1090291,147,,"IFL","Economía informal","EMI","Indicadores de Educación y Desajuste (EMI)"
"EMP_PIFL_SEX_ECO_EDU_RT_Q","EMP_PIFL_SEX_ECO_EDU_RT","Proporción de la ocupación fuera del sector formal según sexo, actividad económica y educación (%)","Q","Trimestral","EMP_PIFL_RT","Proporción de la ocupación fuera del sector formal (definición anterior de la OIT - CIET13)","SEX_ECO_EDU","sexo, actividad económica, educación",1995,2026,"02/10/2026 07:06:17",1303547,1317400,51,,"IFL","Economía informal","EMI","Indicadores de Educación y Desajuste (EMI)"
"EMP_PIFL_SEX_ECO_GEO_RT_A","EMP_PIFL_SEX_ECO_GEO_RT","Proporción de la ocupación fuera del sector formal según sexo, actividad económica y zonas rurales / urbanes (%)","A","Anual","EMP_PIFL_RT","Proporción de la ocupación fuera del sector formal (definición anterior de la OIT - CIET13)","SEX_ECO_GEO","sexo, actividad económica, zonas rurales/urbanes",1997,2025,"02/10/2026 07:15:05",129317,134690,122,,"IFL","Economía informal","RURBAN","Mercados Laborales Rurales y Urbanos (RURBAN)"
"EMP_PIFL_SEX_ECO_MTS_RT_A","EMP_PIFL_SEX_ECO_MTS_RT","Proporción de la ocupación fuera del sector formal según sexo, actividad económica y estado civil (%)","A","Anual","EMP_PIFL_RT","Proporción de la ocupación fuera del sector formal (definición anterior de la OIT - CIET13)","SEX_ECO_MTS","sexo, actividad económica, estado civil",1997,2025,"02/10/2026 07:07:11",390528,408888,142,,"IFL","Economía informal","GEND","Indicadores de Igualdad de Género y No Discriminación (GEND)"
"EMP_PIFL_SEX_ECO_MTS_RT_Q","EMP_PIFL_SEX_ECO_MTS_RT","Proporción de la ocupación fuera del sector formal según sexo, actividad económica y estado civil (%)","Q","Trimestral","EMP_PIFL_RT","Proporción de la ocupación fuera del sector formal (definición anterior de la OIT - CIET13)","SEX_ECO_MTS","sexo, actividad económica, estado civil",1995,2026,"02/10/2026 07:08:13",195646,196349,49,,"IFL","Economía informal","GEND","Indicadores de Igualdad de Género y No Discriminación (GEND)"
"EMP_PIFL_SEX_ECO_DSB_RT_A","EMP_PIFL_SEX_ECO_DSB_RT","Proporción de la ocupación fuera del sector formal según sexo, actividad económica y situación en términos de discapacidad (%)","A","Anual","EMP_PIFL_RT","Proporción de la ocupación fuera del sector formal (definición anterior de la OIT - CIET13)","SEX_ECO_DSB","sexo, actividad económica, situación en términos de discapacidad",2005,2025,"02/10/2026 07:02:05",73533,73884,102,,"IFL","Economía informal","DLMI","Indicadores del mercado laboral de discapacidad"
"EMP_PIFL_ECO_OCU_RT_A","EMP_PIFL_ECO_OCU_RT","Proporción de la ocupación fuera del sector formal según actividad económica y ocupación (%)","A","Anual","EMP_PIFL_RT","Proporción de la ocupación fuera del sector formal (definición anterior de la OIT - CIET13)","ECO_OCU","actividad económica, ocupación",1999,2025,"02/10/2026 07:12:21",444406,467220,142,,"IFL","Economía informal","LFS","Estadísticas sobre la Fuerza Laboral (LFS)"
"EMP_PIFL_ECO_OCU_RT_Q","EMP_PIFL_ECO_OCU_RT","Proporción de la ocupación fuera del sector formal según actividad económica y ocupación (%)","Q","Trimestral","EMP_PIFL_RT","Proporción de la ocupación fuera del sector formal (definición anterior de la OIT - CIET13)","ECO_OCU","actividad económica, ocupación",1995,2026,"02/10/2026 07:13:20",305913,309530,53,,"IFL","Economía informal","LFS","Estadísticas sobre la Fuerza Laboral (LFS)"
"EMP_PIFL_SEX_ECO_INS_RT_A","EMP_PIFL_SEX_ECO_INS_RT","Proporción de la ocupación fuera del sector formal según sexo, actividad económica y sector público/privado (%)","A","Anual","EMP_PIFL_RT","Proporción de la ocupación fuera del sector formal (definición anterior de la OIT - CIET13)","SEX_ECO_INS","sexo, actividad económica, sector público/privado",1997,2025,"02/10/2026 07:12:21",160294,171117,115,,"IFL","Economía informal","LFS","Estadísticas sobre la Fuerza Laboral (LFS)"
"EMP_PIFL_SEX_ECO_INS_RT_Q","EMP_PIFL_SEX_ECO_INS_RT","Proporción de la ocupación fuera del sector formal según sexo, actividad económica y sector público/privado (%)","Q","Trimestral","EMP_PIFL_RT","Proporción de la ocupación fuera del sector formal (definición anterior de la OIT - CIET13)","SEX_ECO_INS","sexo, actividad económica, sector público/privado",1995,2026,"02/10/2026 07:13:20",144525,146583,51,,"IFL","Economía informal","LFS","Estadísticas sobre la Fuerza Laboral (LFS)"
"EMP_PIFL_SEX_ECO_INS_RT_M","EMP_PIFL_SEX_ECO_INS_RT","Proporción de la ocupación fuera del sector formal según sexo, actividad económica y sector público/privado (%)","M","Mensual","EMP_PIFL_RT","Proporción de la ocupación fuera del sector formal (definición anterior de la OIT - CIET13)","SEX_ECO_INS","sexo, actividad económica, sector público/privado",2006,2026,"16/09/2026 08:19:15",37505,39013,9,,"IFL","Economía informal","LFS","Estadísticas sobre la Fuerza Laboral (LFS)"
"EMP_PIFL_SEX_ECO_EST_RT_A","EMP_PIFL_SEX_ECO_EST_RT","Proporción de la ocupación fuera del sector formal según sexo, actividad económica y tamaño del establecimiento (%)","A","Anual","EMP_PIFL_RT","Proporción de la ocupación fuera del sector formal (definición anterior de la OIT - CIET13)","SEX_ECO_EST","sexo, actividad económica, tamaño del establecimiento",1997,2025,"02/10/2026 07:12:21",400811,427659,99,,"IFL","Economía informal","LFS","Estadísticas sobre la Fuerza Laboral (LFS)"
"EMP_PIFL_SEX_ECO_EST_RT_Q","EMP_PIFL_SEX_ECO_EST_RT","Proporción de la ocupación fuera del sector formal según sexo, actividad económica y tamaño del establecimiento (%)","Q","Trimestral","EMP_PIFL_RT","Proporción de la ocupación fuera del sector formal (definición anterior de la OIT - CIET13)","SEX_ECO_EST","sexo, actividad económica, tamaño del establecimiento",1995,2026,"02/10/2026 07:13:20",113179,113905,45,,"IFL","Economía informal","LFS","Estadísticas sobre la Fuerza Laboral (LFS)"
"EMP_PIFL_SEX_EC2_RT_A","EMP_PIFL_SEX_EC2_RT","Proporción de la ocupación fuera del sector formal según sexo y actividad económica - nivel 2 de la CIIU (%)","A","Anual","EMP_PIFL_RT","Proporción de la ocupación fuera del sector formal (definición anterior de la OIT - CIET13)","SEX_EC2","sexo, actividad económica - nivel 2 de la ciiu",1997,2025,"02/10/2026 07:12:21",126651,131051,107,,"IFL","Economía informal","LFS","Estadísticas sobre la Fuerza Laboral (LFS)"
"EMP_PIFL_AGE_EC2_RT_A","EMP_PIFL_AGE_EC2_RT","Proporción de la ocupación fuera del sector formal según edad y actividad económica - nivel 2 de la CIIU (%)","A","Anual","EMP_PIFL_RT","Proporción de la ocupación fuera del sector formal (definición anterior de la OIT - CIET13)","AGE_EC2","edad, actividad económica - nivel 2 de la ciiu",1997,2025,"02/10/2026 07:12:21",126880,131298,107,,"IFL","Economía informal","LFS","Estadísticas sobre la Fuerza Laboral (LFS)"
"EMP_PIFL_SEX_OCU_RT_A","EMP_PIFL_SEX_OCU_RT","Proporción de la ocupación fuera del sector formal según sexo y ocupación (%)","A","Anual","EMP_PIFL_RT","Proporción de la ocupación fuera del sector formal (definición anterior de la OIT - CIET13)","SEX_OCU","sexo, ocupación",1999,2025,"02/10/2026 07:12:21",59805,62724,142,,"IFL","Economía informal","LFS","Estadísticas sobre la Fuerza Laboral (LFS)"
"EMP_PIFL_SEX_OCU_RT_Q","EMP_PIFL_SEX_OCU_RT","Proporción de la ocupación fuera del sector formal según sexo y ocupación (%)","Q","Trimestral","EMP_PIFL_RT","Proporción de la ocupación fuera del sector formal (definición anterior de la OIT - CIET13)","SEX_OCU","sexo, ocupación",1995,2026,"02/10/2026 07:13:20",83025,84130,54,,"IFL","Economía informal","LFS","Estadísticas sobre la Fuerza Laboral (LFS)"
"EMP_PIFL_SEX_OCU_RT_M","EMP_PIFL_SEX_OCU_RT","Proporción de la ocupación fuera del sector formal según sexo y ocupación (%)","M","Mensual","EMP_PIFL_RT","Proporción de la ocupación fuera del sector formal (definición anterior de la OIT - CIET13)","SEX_OCU","sexo, ocupación",2006,2026,"16/09/2026 08:19:15",17013,17520,10,,"IFL","Economía informal","LFS","Estadísticas sobre la Fuerza Laboral (LFS)"
"EMP_PIFL_SEX_OCU_EDU_RT_A","EMP_PIFL_SEX_OCU_EDU_RT","Proporción de la ocupación fuera del sector formal según sexo, ocupación y educación (%)","A","Anual","EMP_PIFL_RT","Proporción de la ocupación fuera del sector formal (definición anterior de la OIT - CIET13)","SEX_OCU_EDU","sexo, ocupación, educación",1999,2025,"02/10/2026 07:04:13",525495,554855,142,,"IFL","Economía informal","EMI","Indicadores de Educación y Desajuste (EMI)"
"EMP_PIFL_SEX_OCU_EDU_RT_Q","EMP_PIFL_SEX_OCU_EDU_RT","Proporción de la ocupación fuera del sector formal según sexo, ocupación y educación (%)","Q","Trimestral","EMP_PIFL_RT","Proporción de la ocupación fuera del sector formal (definición anterior de la OIT - CIET13)","SEX_OCU_EDU","sexo, ocupación, educación",1995,2026,"02/10/2026 07:06:17",311059,314200,52,,"IFL","Economía informal","EMI","Indicadores de Educación y Desajuste (EMI)"
"EMP_PIFL_SEX_OCU_GEO_RT_A","EMP_PIFL_SEX_OCU_GEO_RT","Proporción de la ocupación fuera del sector formal según sexo, ocupación y zonas rurales / urbanes (%)","A","Anual","EMP_PIFL_RT","Proporción de la ocupación fuera del sector formal (definición anterior de la OIT - CIET13)","SEX_OCU_GEO","sexo, ocupación, zonas rurales/urbanes",1999,2025,"02/10/2026 07:15:05",150695,157110,119,,"IFL","Economía informal","RURBAN","Mercados Laborales Rurales y Urbanos (RURBAN)"
"EMP_PIFL_SEX_OCU_MTS_RT_A","EMP_PIFL_SEX_OCU_MTS_RT","Proporción de la ocupación fuera del sector formal según sexo, ocupación y estado civil (%)","A","Anual","EMP_PIFL_RT","Proporción de la ocupación fuera del sector formal (definición anterior de la OIT - CIET13)","SEX_OCU_MTS","sexo, ocupación, estado civil",1999,2025,"02/10/2026 07:07:11",444966,466886,137,,"IFL","Economía informal","GEND","Indicadores de Igualdad de Género y No Discriminación (GEND)"
"EMP_PIFL_SEX_OCU_MTS_RT_Q","EMP_PIFL_SEX_OCU_MTS_RT","Proporción de la ocupación fuera del sector formal según sexo, ocupación y estado civil (%)","Q","Trimestral","EMP_PIFL_RT","Proporción de la ocupación fuera del sector formal (definición anterior de la OIT - CIET13)","SEX_OCU_MTS","sexo, ocupación, estado civil",1995,2026,"02/10/2026 07:08:13",69536,69788,50,,"IFL","Economía informal","GEND","Indicadores de Igualdad de Género y No Discriminación (GEND)"
"EMP_PIFL_SEX_OCU_DSB_RT_A","EMP_PIFL_SEX_OCU_DSB_RT","Proporción de la ocupación fuera del sector formal según sexo, ocupación y situación en términos de discapacidad (%)","A","Anual","EMP_PIFL_RT","Proporción de la ocupación fuera del sector formal (definición anterior de la OIT - CIET13)","SEX_OCU_DSB","sexo, ocupación, situación en términos de discapacidad",2005,2025,"02/10/2026 07:02:05",27815,27945,102,,"IFL","Economía informal","DLMI","Indicadores del mercado laboral de discapacidad"
"EMP_PIFL_SEX_OCU_INS_RT_A","EMP_PIFL_SEX_OCU_INS_RT","Proporción de la ocupación fuera del sector formal según sexo, ocupación y sector público/privado (%)","A","Anual","EMP_PIFL_RT","Proporción de la ocupación fuera del sector formal (definición anterior de la OIT - CIET13)","SEX_OCU_INS","sexo, ocupación, sector público/privado",1999,2025,"02/10/2026 07:12:21",75911,81549,110,,"IFL","Economía informal","LFS","Estadísticas sobre la Fuerza Laboral (LFS)"
"EMP_PIFL_SEX_OCU_INS_RT_Q","EMP_PIFL_SEX_OCU_INS_RT","Proporción de la ocupación fuera del sector formal según sexo, ocupación y sector público/privado (%)","Q","Trimestral","EMP_PIFL_RT","Proporción de la ocupación fuera del sector formal (definición anterior de la OIT - CIET13)","SEX_OCU_INS","sexo, ocupación, sector público/privado",1995,2026,"02/10/2026 07:13:20",162809,165203,52,,"IFL","Economía informal","LFS","Estadísticas sobre la Fuerza Laboral (LFS)"
"EMP_PIFL_SEX_OCU_EST_RT_A","EMP_PIFL_SEX_OCU_EST_RT","Proporción de la ocupación fuera del sector formal según sexo, ocupación y tamaño del establecimiento (%)","A","Anual","EMP_PIFL_RT","Proporción de la ocupación fuera del sector formal (definición anterior de la OIT - CIET13)","SEX_OCU_EST","sexo, ocupación, tamaño del establecimiento",1999,2025,"02/10/2026 07:12:21",178058,190564,93,,"IFL","Economía informal","LFS","Estadísticas sobre la Fuerza Laboral (LFS)"
"EMP_PIFL_SEX_OCU_EST_RT_Q","EMP_PIFL_SEX_OCU_EST_RT","Proporción de la ocupación fuera del sector formal según sexo, ocupación y tamaño del establecimiento (%)","Q","Trimestral","EMP_PIFL_RT","Proporción de la ocupación fuera del sector formal (definición anterior de la OIT - CIET13)","SEX_OCU_EST","sexo, ocupación, tamaño del establecimiento",1995,2026,"02/10/2026 07:13:20",91792,92379,46,,"IFL","Economía informal","LFS","Estadísticas sobre la Fuerza Laboral (LFS)"
"EMP_PIFL_SEX_OC2_RT_A","EMP_PIFL_SEX_OC2_RT","Proporción de la ocupación fuera del sector formal según sexo y ocupación - nivel 2 de la CIUO (%)","A","Anual","EMP_PIFL_RT","Proporción de la ocupación fuera del sector formal (definición anterior de la OIT - CIET13)","SEX_OC2","sexo, ocupación - nivel 2 de la ciuo",1999,2025,"02/10/2026 07:12:21",110585,114340,130,,"IFL","Economía informal","LFS","Estadísticas sobre la Fuerza Laboral (LFS)"
"EMP_PIFL_AGE_OC2_RT_A","EMP_PIFL_AGE_OC2_RT","Proporción de la ocupación fuera del sector formal según edad y ocupación - nivel 2 de la CIUO (%)","A","Anual","EMP_PIFL_RT","Proporción de la ocupación fuera del sector formal (definición anterior de la OIT - CIET13)","AGE_OC2","edad, ocupación - nivel 2 de la ciuo",1999,2025,"02/10/2026 07:12:21",107436,111128,130,,"IFL","Economía informal","LFS","Estadísticas sobre la Fuerza Laboral (LFS)"
"EMP_PIFL_SEX_INS_RT_A","EMP_PIFL_SEX_INS_RT","Proporción de la ocupación fuera del sector formal según sexo y sector público/privado (%)","A","Anual","EMP_PIFL_RT","Proporción de la ocupación fuera del sector formal (definición anterior de la OIT - CIET13)","SEX_INS","sexo, sector público/privado",1997,2025,"02/10/2026 07:12:21",5611,6012,115,,"IFL","Economía informal","LFS","Estadísticas sobre la Fuerza Laboral (LFS)"
"EMP_PIFL_SEX_INS_RT_Q","EMP_PIFL_SEX_INS_RT","Proporción de la ocupación fuera del sector formal según sexo y sector público/privado (%)","Q","Trimestral","EMP_PIFL_RT","Proporción de la ocupación fuera del sector formal (definición anterior de la OIT - CIET13)","SEX_INS","sexo, sector público/privado",1995,2026,"02/10/2026 07:13:20",11794,11995,52,,"IFL","Economía informal","LFS","Estadísticas sobre la Fuerza Laboral (LFS)"
"EMP_PIFL_SEX_INS_GEO_RT_A","EMP_PIFL_SEX_INS_GEO_RT","Proporción de la ocupación fuera del sector formal según sexo, sector público/privado y zonas rurales / urbanes (%)","A","Anual","EMP_PIFL_RT","Proporción de la ocupación fuera del sector formal (definición anterior de la OIT - CIET13)","SEX_INS_GEO","sexo, sector público/privado, zonas rurales/urbanes",1997,2025,"02/10/2026 07:15:05",13564,14555,92,,"IFL","Economía informal","RURBAN","Mercados Laborales Rurales y Urbanos (RURBAN)"
"EMP_PIFL_SEX_INS_GEO_RT_Q","EMP_PIFL_SEX_INS_GEO_RT","Proporción de la ocupación fuera del sector formal según sexo, sector público/privado y zonas rurales / urbanes (%)","Q","Trimestral","EMP_PIFL_RT","Proporción de la ocupación fuera del sector formal (definición anterior de la OIT - CIET13)","SEX_INS_GEO","sexo, sector público/privado, zonas rurales/urbanes",1995,2026,"02/10/2026 07:16:10",27935,28484,44,,"IFL","Economía informal","RURBAN","Mercados Laborales Rurales y Urbanos (RURBAN)"
"EMP_PIFL_SEX_INS_MTS_RT_A","EMP_PIFL_SEX_INS_MTS_RT","Proporción de la ocupación fuera del sector formal según sexo, sector público/privado y estado civil (%)","A","Anual","EMP_PIFL_RT","Proporción de la ocupación fuera del sector formal (definición anterior de la OIT - CIET13)","SEX_INS_MTS","sexo, sector público/privado, estado civil",1997,2025,"02/10/2026 07:07:11",43853,47352,110,,"IFL","Economía informal","GEND","Indicadores de Igualdad de Género y No Discriminación (GEND)"
"EMP_PIFL_SEX_INS_MTS_RT_Q","EMP_PIFL_SEX_INS_MTS_RT","Proporción de la ocupación fuera del sector formal según sexo, sector público/privado y estado civil (%)","Q","Trimestral","EMP_PIFL_RT","Proporción de la ocupación fuera del sector formal (definición anterior de la OIT - CIET13)","SEX_INS_MTS","sexo, sector público/privado, estado civil",1995,2026,"02/10/2026 07:08:13",31809,31935,48,,"IFL","Economía informal","GEND","Indicadores de Igualdad de Género y No Discriminación (GEND)"
"EMP_PIFL_SEX_INS_DSB_RT_A","EMP_PIFL_SEX_INS_DSB_RT","Proporción de la ocupación fuera del sector formal según sexo, sector público/privado y situación en términos de discapacidad (%)","A","Anual","EMP_PIFL_RT","Proporción de la ocupación fuera del sector formal (definición anterior de la OIT - CIET13)","SEX_INS_DSB","sexo, sector público/privado, situación en términos de discapacidad",2005,2025,"02/10/2026 07:02:05",4879,4933,73,,"IFL","Economía informal","DLMI","Indicadores del mercado laboral de discapacidad"
"EMP_PIFL_SEX_INS_DSB_RT_Q","EMP_PIFL_SEX_INS_DSB_RT","Proporción de la ocupación fuera del sector formal según sexo, sector público/privado y situación en términos de discapacidad (%)","Q","Trimestral","EMP_PIFL_RT","Proporción de la ocupación fuera del sector formal (definición anterior de la OIT - CIET13)","SEX_INS_DSB","sexo, sector público/privado, situación en términos de discapacidad",2010,2026,"16/09/2026 07:14:26",7885,7957,23,,"IFL","Economía informal","DLMI","Indicadores del mercado laboral de discapacidad"
"EMP_PIFL_SEX_EST_RT_A","EMP_PIFL_SEX_EST_RT","Proporción de la ocupación fuera del sector formal según sexo y tamaño del establecimiento (%)","A","Anual","EMP_PIFL_RT","Proporción de la ocupación fuera del sector formal (definición anterior de la OIT - CIET13)","SEX_EST","sexo, tamaño del establecimiento",1997,2025,"02/10/2026 07:12:21",22598,24167,99,,"IFL","Economía informal","LFS","Estadísticas sobre la Fuerza Laboral (LFS)"
"EMP_PIFL_SEX_EST_RT_Q","EMP_PIFL_SEX_EST_RT","Proporción de la ocupación fuera del sector formal según sexo y tamaño del establecimiento (%)","Q","Trimestral","EMP_PIFL_RT","Proporción de la ocupación fuera del sector formal (definición anterior de la OIT - CIET13)","SEX_EST","sexo, tamaño del establecimiento",1995,2026,"02/10/2026 07:13:20",50469,50871,46,,"IFL","Economía informal","LFS","Estadísticas sobre la Fuerza Laboral (LFS)"
"EMP_PIFL_SEX_EST_RT_M","EMP_PIFL_SEX_EST_RT","Proporción de la ocupación fuera del sector formal según sexo y tamaño del establecimiento (%)","M","Mensual","EMP_PIFL_RT","Proporción de la ocupación fuera del sector formal (definición anterior de la OIT - CIET13)","SEX_EST","sexo, tamaño del establecimiento",2006,2026,"16/09/2026 08:19:15",12620,12620,8,,"IFL","Economía informal","LFS","Estadísticas sobre la Fuerza Laboral (LFS)"
"EMP_PIFL_SEX_EST_GEO_RT_A","EMP_PIFL_SEX_EST_GEO_RT","Proporción de la ocupación fuera del sector formal según sexo, tamaño del establecimiento y zonas rurales / urbanes (%)","A","Anual","EMP_PIFL_RT","Proporción de la ocupación fuera del sector formal (definición anterior de la OIT - CIET13)","SEX_EST_GEO","sexo, tamaño del establecimiento, zonas rurales/urbanes",1997,2025,"02/10/2026 07:15:05",59477,63143,84,,"IFL","Economía informal","RURBAN","Mercados Laborales Rurales y Urbanos (RURBAN)"
"EMP_PIFL_SEX_EST_GEO_RT_Q","EMP_PIFL_SEX_EST_GEO_RT","Proporción de la ocupación fuera del sector formal según sexo, tamaño del establecimiento y zonas rurales / urbanes (%)","Q","Trimestral","EMP_PIFL_RT","Proporción de la ocupación fuera del sector formal (definición anterior de la OIT - CIET13)","SEX_EST_GEO","sexo, tamaño del establecimiento, zonas rurales/urbanes",1995,2026,"02/10/2026 07:16:10",127574,128454,40,,"IFL","Economía informal","RURBAN","Mercados Laborales Rurales y Urbanos (RURBAN)"
"EMP_PIFL_SEX_EST_MTS_RT_A","EMP_PIFL_SEX_EST_MTS_RT","Proporción de la ocupación fuera del sector formal según sexo, tamaño del establecimiento y estado civil (%)","A","Anual","EMP_PIFL_RT","Proporción de la ocupación fuera del sector formal (definición anterior de la OIT - CIET13)","SEX_EST_MTS","sexo, tamaño del establecimiento, estado civil",1997,2025,"02/10/2026 07:07:11",177572,190812,95,,"IFL","Economía informal","GEND","Indicadores de Igualdad de Género y No Discriminación (GEND)"
"EMP_PIFL_SEX_EST_MTS_RT_Q","EMP_PIFL_SEX_EST_MTS_RT","Proporción de la ocupación fuera del sector formal según sexo, tamaño del establecimiento y estado civil (%)","Q","Trimestral","EMP_PIFL_RT","Proporción de la ocupación fuera del sector formal (definición anterior de la OIT - CIET13)","SEX_EST_MTS","sexo, tamaño del establecimiento, estado civil",1995,2026,"02/10/2026 07:08:13",136300,137063,43,,"IFL","Economía informal","GEND","Indicadores de Igualdad de Género y No Discriminación (GEND)"
"EMP_PIFL_SEX_EST_DSB_RT_A","EMP_PIFL_SEX_EST_DSB_RT","Proporción de la ocupación fuera del sector formal según sexo, tamaño del establecimiento y situación en términos de discapacidad (%)","A","Anual","EMP_PIFL_RT","Proporción de la ocupación fuera del sector formal (definición anterior de la OIT - CIET13)","SEX_EST_DSB","sexo, tamaño del establecimiento, situación en términos de discapacidad",2006,2025,"02/10/2026 07:02:05",7091,7178,57,,"IFL","Economía informal","DLMI","Indicadores del mercado laboral de discapacidad"
"EMP_PIFL_SEX_EST_DSB_RT_Q","EMP_PIFL_SEX_EST_DSB_RT","Proporción de la ocupación fuera del sector formal según sexo, tamaño del establecimiento y situación en términos de discapacidad (%)","Q","Trimestral","EMP_PIFL_RT","Proporción de la ocupación fuera del sector formal (definición anterior de la OIT - CIET13)","SEX_EST_DSB","sexo, tamaño del establecimiento, situación en términos de discapacidad",2010,2026,"16/09/2026 07:14:26",12222,12373,21,,"IFL","Economía informal","DLMI","Indicadores del mercado laboral de discapacidad"
"EMP_PIFL_SEX_STE_RT_A","EMP_PIFL_SEX_STE_RT","Proporción de la ocupación fuera del sector formal según situación en la ocupación (según sexo) (%)","A","Anual","EMP_PIFL_RT","Proporción de la ocupación fuera del sector formal (definición anterior de la OIT - CIET13)","SEX_STE","sexo, situación en el empleo",1997,2025,"02/10/2026 07:12:21",36014,37661,147,,"IFL","Economía informal","LFS","Estadísticas sobre la Fuerza Laboral (LFS)"
"EMP_PIFL_SEX_STE_RT_Q","EMP_PIFL_SEX_STE_RT","Proporción de la ocupación fuera del sector formal según situación en la ocupación (según sexo) (%)","Q","Trimestral","EMP_PIFL_RT","Proporción de la ocupación fuera del sector formal (definición anterior de la OIT - CIET13)","SEX_STE","sexo, situación en el empleo",1995,2026,"02/10/2026 07:13:20",19604,19895,53,,"IFL","Economía informal","LFS","Estadísticas sobre la Fuerza Laboral (LFS)"
"EMP_PIFL_SEX_HOW_RT_A","EMP_PIFL_SEX_HOW_RT","Proporción de la ocupación fuera del sector formal según sexo y por horas semanales efectivamente trabajadas (%)","A","Anual","EMP_PIFL_RT","Proporción de la ocupación fuera del sector formal (definición anterior de la OIT - CIET13)","SEX_HOW","sexo, horas semanales efectivamente trabajadas",1997,2025,"02/10/2026 07:12:21",18293,19318,107,,"IFL","Economía informal","LFS","Estadísticas sobre la Fuerza Laboral (LFS)"
"EMP_PIFL_SEX_HOW_RT_Q","EMP_PIFL_SEX_HOW_RT","Proporción de la ocupación fuera del sector formal según sexo y por horas semanales efectivamente trabajadas (%)","Q","Trimestral","EMP_PIFL_RT","Proporción de la ocupación fuera del sector formal (definición anterior de la OIT - CIET13)","SEX_HOW","sexo, horas semanales efectivamente trabajadas",1995,2026,"02/10/2026 07:13:20",43130,43670,52,,"IFL","Economía informal","LFS","Estadísticas sobre la Fuerza Laboral (LFS)"
"EES_TEES_SEX_AGE_NB_A","EES_TEES_SEX_AGE_NB","Asalariados según sexo y edad (millares)","A","Anual","EES_TEES_NB","Asalariados","SEX_AGE","sexo, edad",1970,2025,"02/10/2026 07:12:21",217796,249822,185,,"EES","Asalariados","LFS","Estadísticas sobre la Fuerza Laboral (LFS)"
"EES_TEES_SEX_AGE_NB_Q","EES_TEES_SEX_AGE_NB","Asalariados según sexo y edad (millares)","Q","Trimestral","EES_TEES_NB","Asalariados","SEX_AGE","sexo, edad",1976,2026,"02/10/2026 07:13:20",572414,631095,112,,"EES","Asalariados","LFS","Estadísticas sobre la Fuerza Laboral (LFS)"
"EES_TEES_SEX_AGE_NB_M","EES_TEES_SEX_AGE_NB","Asalariados según sexo y edad (millares)","M","Mensual","EES_TEES_NB","Asalariados","SEX_AGE","sexo, edad",1976,2026,"16/09/2026 08:19:15",181253,183323,54,,"EES","Asalariados","LFS","Estadísticas sobre la Fuerza Laboral (LFS)"
"EES_TEES_SEX_AGE_EDU_NB_A","EES_TEES_SEX_AGE_EDU_NB","Asalariados según sexo, edad y educación (millares)","A","Anual","EES_TEES_NB","Asalariados","SEX_AGE_EDU","sexo, edad, educación",1970,2025,"02/10/2026 07:04:13",1419227,1607065,178,,"EES","Asalariados","EMI","Indicadores de Educación y Desajuste (EMI)"
"EES_TEES_SEX_AGE_EDU_NB_Q","EES_TEES_SEX_AGE_EDU_NB","Asalariados según sexo, edad y educación (millares)","Q","Trimestral","EES_TEES_NB","Asalariados","SEX_AGE_EDU","sexo, edad, educación",1987,2026,"02/10/2026 07:05:16",2755708,3004782,100,,"EES","Asalariados","EMI","Indicadores de Educación y Desajuste (EMI)"
"EES_TEES_SEX_AGE_EDU_NB_M","EES_TEES_SEX_AGE_EDU_NB","Asalariados según sexo, edad y educación (millares)","M","Mensual","EES_TEES_NB","Asalariados","SEX_AGE_EDU","sexo, edad, educación",1990,2026,"16/09/2026 07:31:16",438729,444291,15,,"EES","Asalariados","EMI","Indicadores de Educación y Desajuste (EMI)"
"EES_TEES_SEX_AGE_GEO_NB_A","EES_TEES_SEX_AGE_GEO_NB","Asalariados según sexo, edad y zonas rurales / urbanes (millares)","A","Anual","EES_TEES_NB","Asalariados","SEX_AGE_GEO","sexo, edad, zonas rurales/urbanes",1970,2025,"02/10/2026 07:15:05",277078,302110,145,,"EES","Asalariados","RURBAN","Mercados Laborales Rurales y Urbanos (RURBAN)"
"EES_TEES_SEX_AGE_GEO_NB_Q","EES_TEES_SEX_AGE_GEO_NB","Asalariados según sexo, edad y zonas rurales / urbanes (millares)","Q","Trimestral","EES_TEES_NB","Asalariados","SEX_AGE_GEO","sexo, edad, zonas rurales/urbanes",1987,2026,"02/10/2026 07:16:10",727506,751986,85,,"EES","Asalariados","RURBAN","Mercados Laborales Rurales y Urbanos (RURBAN)"
"EES_TEES_SEX_AGE_GEO_NB_M","EES_TEES_SEX_AGE_GEO_NB","Asalariados según sexo, edad y zonas rurales / urbanes (millares)","M","Mensual","EES_TEES_NB","Asalariados","SEX_AGE_GEO","sexo, edad, zonas rurales/urbanes",2000,2026,"16/09/2026 08:32:07",148380,151755,12,,"EES","Asalariados","RURBAN","Mercados Laborales Rurales y Urbanos (RURBAN)"
"EES_TEES_SEX_AGE_MTS_NB_A","EES_TEES_SEX_AGE_MTS_NB","Asalariados según sexo, edad y estado civil (millares)","A","Anual","EES_TEES_NB","Asalariados","SEX_AGE_MTS","sexo, edad, estado civil",1970,2025,"02/10/2026 07:07:11",765200,872221,172,,"EES","Asalariados","GEND","Indicadores de Igualdad de Género y No Discriminación (GEND)"
"EES_TEES_SEX_AGE_MTS_NB_Q","EES_TEES_SEX_AGE_MTS_NB","Asalariados según sexo, edad y estado civil (millares)","Q","Trimestral","EES_TEES_NB","Asalariados","SEX_AGE_MTS","sexo, edad, estado civil",1987,2026,"02/10/2026 07:08:13",1150935,1153011,81,,"EES","Asalariados","GEND","Indicadores de Igualdad de Género y No Discriminación (GEND)"
"EES_TEES_SEX_AGE_DSB_NB_A","EES_TEES_SEX_AGE_DSB_NB","Asalariados según sexo, edad y situación en términos de discapacidad (millares)","A","Anual","EES_TEES_NB","Asalariados","SEX_AGE_DSB","sexo, edad, situación en términos de discapacidad",1996,2025,"02/10/2026 07:02:05",80747,84707,126,,"EES","Asalariados","DLMI","Indicadores del mercado laboral de discapacidad"
"EES_TEES_SEX_AGE_DSB_NB_Q","EES_TEES_SEX_AGE_DSB_NB","Asalariados según sexo, edad y situación en términos de discapacidad (millares)","Q","Trimestral","EES_TEES_NB","Asalariados","SEX_AGE_DSB","sexo, edad, situación en términos de discapacidad",1998,2026,"16/09/2026 07:14:26",49746,50070,27,,"EES","Asalariados","DLMI","Indicadores del mercado laboral de discapacidad"
"EES_TEES_SEX_EDU_NB_A","EES_TEES_SEX_EDU_NB","Asalariados según sexo y educación (millares)","A","Anual","EES_TEES_NB","Asalariados","SEX_EDU","sexo, educación",1970,2025,"02/10/2026 07:04:13",92774,105021,178,,"EES","Asalariados","EMI","Indicadores de Educación y Desajuste (EMI)"
"EES_TEES_SEX_EDU_NB_Q","EES_TEES_SEX_EDU_NB","Asalariados según sexo y educación (millares)","Q","Trimestral","EES_TEES_NB","Asalariados","SEX_EDU","sexo, educación",1987,2026,"02/10/2026 07:05:16",246379,267385,100,,"EES","Asalariados","EMI","Indicadores de Educación y Desajuste (EMI)"
"EES_TEES_SEX_EDU_NB_M","EES_TEES_SEX_EDU_NB","Asalariados según sexo y educación (millares)","M","Mensual","EES_TEES_NB","Asalariados","SEX_EDU","sexo, educación",1990,2026,"16/09/2026 07:31:16",50022,50679,15,,"EES","Asalariados","EMI","Indicadores de Educación y Desajuste (EMI)"
"EES_TEES_SEX_EDU_GEO_NB_A","EES_TEES_SEX_EDU_GEO_NB","Asalariados según sexo, educación y zonas rurales / urbanes (millares)","A","Anual","EES_TEES_NB","Asalariados","SEX_EDU_GEO","sexo, educación, zonas rurales/urbanes",1970,2025,"02/10/2026 07:15:05",215960,236299,144,,"EES","Asalariados","RURBAN","Mercados Laborales Rurales y Urbanos (RURBAN)"
"EES_TEES_SEX_EDU_GEO_NB_Q","EES_TEES_SEX_EDU_GEO_NB","Asalariados según sexo, educación y zonas rurales / urbanes (millares)","Q","Trimestral","EES_TEES_NB","Asalariados","SEX_EDU_GEO","sexo, educación, zonas rurales/urbanes",1987,2026,"02/10/2026 07:16:10",230711,238385,84,,"EES","Asalariados","RURBAN","Mercados Laborales Rurales y Urbanos (RURBAN)"
"EES_TEES_SEX_EDU_MTS_NB_A","EES_TEES_SEX_EDU_MTS_NB","Asalariados según sexo, educación y estado civil (millares)","A","Anual","EES_TEES_NB","Asalariados","SEX_EDU_MTS","sexo, educación, estado civil",1970,2025,"02/10/2026 07:04:13",603575,682026,170,,"EES","Asalariados","EMI","Indicadores de Educación y Desajuste (EMI)"
"EES_TEES_SEX_EDU_MTS_NB_Q","EES_TEES_SEX_EDU_MTS_NB","Asalariados según sexo, educación y estado civil (millares)","Q","Trimestral","EES_TEES_NB","Asalariados","SEX_EDU_MTS","sexo, educación, estado civil",1987,2026,"02/10/2026 07:05:16",193080,193296,78,,"EES","Asalariados","EMI","Indicadores de Educación y Desajuste (EMI)"
"EES_TEES_SEX_EDU_DSB_NB_A","EES_TEES_SEX_EDU_DSB_NB","Asalariados según sexo, educación y situación en términos de discapacidad (millares)","A","Anual","EES_TEES_NB","Asalariados","SEX_EDU_DSB","sexo, educación, situación en términos de discapacidad",1996,2025,"02/10/2026 07:02:05",47021,48971,125,,"EES","Asalariados","DLMI","Indicadores del mercado laboral de discapacidad"
"EES_TEES_SEX_GEO_NB_A","EES_TEES_SEX_GEO_NB","Asalariados según sexo y zonas rurales / urbanes (millares)","A","Anual","EES_TEES_NB","Asalariados","SEX_GEO","sexo, zonas rurales/urbanes",1970,2025,"02/10/2026 07:15:05",17357,18929,145,,"EES","Asalariados","RURBAN","Mercados Laborales Rurales y Urbanos (RURBAN)"
"EES_TEES_SEX_GEO_NB_Q","EES_TEES_SEX_GEO_NB","Asalariados según sexo y zonas rurales / urbanes (millares)","Q","Trimestral","EES_TEES_NB","Asalariados","SEX_GEO","sexo, zonas rurales/urbanes",1987,2026,"02/10/2026 07:16:10",45604,47134,85,,"EES","Asalariados","RURBAN","Mercados Laborales Rurales y Urbanos (RURBAN)"
"EES_TEES_SEX_GEO_NB_M","EES_TEES_SEX_GEO_NB","Asalariados según sexo y zonas rurales / urbanes (millares)","M","Mensual","EES_TEES_NB","Asalariados","SEX_GEO","sexo, zonas rurales/urbanes",2000,2026,"16/09/2026 08:32:07",16488,16866,12,,"EES","Asalariados","RURBAN","Mercados Laborales Rurales y Urbanos (RURBAN)"
"EES_TEES_SEX_GEO_MTS_NB_A","EES_TEES_SEX_GEO_MTS_NB","Asalariados según sexo, zonas rurales / urbanes y estado civil (millares)","A","Anual","EES_TEES_NB","Asalariados","SEX_GEO_MTS","sexo, zonas rurales/urbanes, estado civil",1970,2025,"02/10/2026 07:15:05",106734,117888,141,,"EES","Asalariados","RURBAN","Mercados Laborales Rurales y Urbanos (RURBAN)"
"EES_TEES_SEX_GEO_MTS_NB_Q","EES_TEES_SEX_GEO_MTS_NB","Asalariados según sexo, zonas rurales / urbanes y estado civil (millares)","Q","Trimestral","EES_TEES_NB","Asalariados","SEX_GEO_MTS","sexo, zonas rurales/urbanes, estado civil",1987,2026,"02/10/2026 07:16:10",184654,184978,61,,"EES","Asalariados","RURBAN","Mercados Laborales Rurales y Urbanos (RURBAN)"
"EES_TEES_SEX_GEO_DSB_NB_A","EES_TEES_SEX_GEO_DSB_NB","Asalariados según sexo, zonas rurales / urbanes y situación en términos de discapacidad (millares)","A","Anual","EES_TEES_NB","Asalariados","SEX_GEO_DSB","sexo, zonas rurales/urbanes, situación en términos de discapacidad",1996,2025,"24/09/2026 07:02:05",24211,25210,103,,"EES","Asalariados","DLMI","Indicadores del mercado laboral de discapacidad"
"EES_TEES_SEX_GEO_DSB_NB_Q","EES_TEES_SEX_GEO_DSB_NB","Asalariados según sexo, zonas rurales / urbanes y situación en términos de discapacidad (millares)","Q","Trimestral","EES_TEES_NB","Asalariados","SEX_GEO_DSB","sexo, zonas rurales/urbanes, situación en términos de discapacidad",2009,2026,"16/09/2026 07:14:26",12811,12919,23,,"EES","Asalariados","DLMI","Indicadores del mercado laboral de discapacidad"
"EES_TEES_SEX_MTS_NB_A","EES_TEES_SEX_MTS_NB","Asalariados según sexo y estado civil (millares)","A","Anual","EES_TEES_NB","Asalariados","SEX_MTS","sexo, estado civil",1970,2025,"02/10/2026 07:07:11",49548,56601,172,,"EES","Asalariados","GEND","Indicadores de Igualdad de Género y No Discriminación (GEND)"
"EES_TEES_SEX_MTS_NB_Q","EES_TEES_SEX_MTS_NB","Asalariados según sexo y estado civil (millares)","Q","Trimestral","EES_TEES_NB","Asalariados","SEX_MTS","sexo, estado civil",1987,2026,"02/10/2026 07:08:13",101724,101913,81,,"EES","Asalariados","GEND","Indicadores de Igualdad de Género y No Discriminación (GEND)"
"EES_TEES_SEX_MTS_NB_M","EES_TEES_SEX_MTS_NB","Asalariados según sexo y estado civil (millares)","M","Mensual","EES_TEES_NB","Asalariados","SEX_MTS","sexo, estado civil",1994,2026,"16/09/2026 08:03:05",28767,28767,15,,"EES","Asalariados","GEND","Indicadores de Igualdad de Género y No Discriminación (GEND)"
"EES_TEES_SEX_MTS_DSB_NB_A","EES_TEES_SEX_MTS_DSB_NB","Asalariados según sexo, estado civil y situación en términos de discapacidad (millares)","A","Anual","EES_TEES_NB","Asalariados","SEX_MTS_DSB","sexo, estado civil, situación en términos de discapacidad",1996,2025,"02/10/2026 07:02:05",79977,83730,126,,"EES","Asalariados","DLMI","Indicadores del mercado laboral de discapacidad"
"EES_TEES_SEX_MTS_DSB_NB_Q","EES_TEES_SEX_MTS_DSB_NB","Asalariados según sexo, estado civil y situación en términos de discapacidad (millares)","Q","Trimestral","EES_TEES_NB","Asalariados","SEX_MTS_DSB","sexo, estado civil, situación en términos de discapacidad",1998,2026,"16/09/2026 07:14:26",16595,16595,27,,"EES","Asalariados","DLMI","Indicadores del mercado laboral de discapacidad"
"EES_TEES_SEX_DSB_NB_A","EES_TEES_SEX_DSB_NB","Asalariados según sexo y situación en términos de discapacidad (millares)","A","Anual","EES_TEES_NB","Asalariados","SEX_DSB","sexo, situación en términos de discapacidad",1996,2025,"02/10/2026 07:02:05",9187,9628,126,,"EES","Asalariados","DLMI","Indicadores del mercado laboral de discapacidad"
"EES_TEES_SEX_DSB_NB_Q","EES_TEES_SEX_DSB_NB","Asalariados según sexo y situación en términos de discapacidad (millares)","Q","Trimestral","EES_TEES_NB","Asalariados","SEX_DSB","sexo, situación en términos de discapacidad",1998,2026,"16/09/2026 07:14:26",5691,5727,27,,"EES","Asalariados","DLMI","Indicadores del mercado laboral de discapacidad"
"EES_TEES_SEX_AGE_ECO_NB_A","EES_TEES_SEX_AGE_ECO_NB","Asalariados según sexo, edad y actividad económica (millares)","A","Anual","EES_TEES_NB","Asalariados","SEX_AGE_ECO","sexo, edad, actividad económica",1970,2025,"02/10/2026 07:12:21",2716464,3023346,179,,"EES","Asalariados","LFS","Estadísticas sobre la Fuerza Laboral (LFS)"
"EES_TEES_SEX_AGE_ECO_NB_Q","EES_TEES_SEX_AGE_ECO_NB","Asalariados según sexo, edad y actividad económica (millares)","Q","Trimestral","EES_TEES_NB","Asalariados","SEX_AGE_ECO","sexo, edad, actividad económica",1976,2026,"02/10/2026 07:13:20",2217541,2384396,101,,"EES","Asalariados","LFS","Estadísticas sobre la Fuerza Laboral (LFS)"
"EES_TEES_SEX_AGE_OCU_NB_A","EES_TEES_SEX_AGE_OCU_NB","Asalariados según sexo, edad y ocupación (millares)","A","Anual","EES_TEES_NB","Asalariados","SEX_AGE_OCU","sexo, edad, ocupación",1982,2025,"02/10/2026 07:12:21",1213182,1392821,176,,"EES","Asalariados","LFS","Estadísticas sobre la Fuerza Laboral (LFS)"
"EES_TEES_SEX_AGE_OCU_NB_Q","EES_TEES_SEX_AGE_OCU_NB","Asalariados según sexo, edad y ocupación (millares)","Q","Trimestral","EES_TEES_NB","Asalariados","SEX_AGE_OCU","sexo, edad, ocupación",1992,2026,"02/10/2026 07:13:20",1430059,1594282,100,,"EES","Asalariados","LFS","Estadísticas sobre la Fuerza Laboral (LFS)"
"EES_TEES_SEX_AGE_INS_NB_A","EES_TEES_SEX_AGE_INS_NB","Asalariados según sexo, edad y sector público/privado (millares)","A","Anual","EES_TEES_NB","Asalariados","SEX_AGE_INS","sexo, edad, sector público/privado",1976,2025,"02/10/2026 07:12:21",229882,249640,149,,"EES","Asalariados","LFS","Estadísticas sobre la Fuerza Laboral (LFS)"
"EES_TEES_SEX_AGE_INS_NB_Q","EES_TEES_SEX_AGE_INS_NB","Asalariados según sexo, edad y sector público/privado (millares)","Q","Trimestral","EES_TEES_NB","Asalariados","SEX_AGE_INS","sexo, edad, sector público/privado",1976,2026,"02/10/2026 07:13:20",304608,306633,76,,"EES","Asalariados","LFS","Estadísticas sobre la Fuerza Laboral (LFS)"
"EES_TEES_SEX_AGE_JBC_NB_A","EES_TEES_SEX_AGE_JBC_NB","Asalariados según sexo, edad y tipo de contrato (millares)","A","Anual","EES_TEES_NB","Asalariados","SEX_AGE_JBC","sexo, edad, tipo de contrato de trabajo",1983,2025,"02/10/2026 07:12:21",339617,384344,147,,"EES","Asalariados","LFS","Estadísticas sobre la Fuerza Laboral (LFS)"
"EES_TEES_SEX_AGE_JBC_NB_Q","EES_TEES_SEX_AGE_JBC_NB","Asalariados según sexo, edad y tipo de contrato (millares)","Q","Trimestral","EES_TEES_NB","Asalariados","SEX_AGE_JBC","sexo, edad, tipo de contrato de trabajo",1983,2026,"02/10/2026 07:13:20",526493,592212,92,,"EES","Asalariados","LFS","Estadísticas sobre la Fuerza Laboral (LFS)"
"EES_TEES_SEX_ECO_NB_A","EES_TEES_SEX_ECO_NB","Asalariados según sexo y actividad económica (millares)","A","Anual","EES_TEES_NB","Asalariados","SEX_ECO","sexo, actividad económica",1948,2025,"02/10/2026 07:12:21",314884,427552,215,,"EES","Asalariados","LFS","Estadísticas sobre la Fuerza Laboral (LFS)"
"EES_TEES_SEX_ECO_NB_Q","EES_TEES_SEX_ECO_NB","Asalariados según sexo y actividad económica (millares)","Q","Trimestral","EES_TEES_NB","Asalariados","SEX_ECO","sexo, actividad económica",1948,2026,"02/10/2026 07:13:20",688889,738586,116,,"EES","Asalariados","LFS","Estadísticas sobre la Fuerza Laboral (LFS)"
"EES_TEES_SEX_ECO_NB_M","EES_TEES_SEX_ECO_NB","Asalariados según sexo y actividad económica (millares)","M","Mensual","EES_TEES_NB","Asalariados","SEX_ECO","sexo, actividad económica",1948,2026,"20/09/2026 07:29:34",173029,179741,61,,"EES","Asalariados","LFS","Estadísticas sobre la Fuerza Laboral (LFS)"
"EES_TEES_SEX_ECO_EDU_NB_A","EES_TEES_SEX_ECO_EDU_NB","Asalariados según sexo, actividad económica y educación (millares)","A","Anual","EES_TEES_NB","Asalariados","SEX_ECO_EDU","sexo, actividad económica, educación",1970,2025,"02/10/2026 07:04:13",2681567,2987657,176,,"EES","Asalariados","EMI","Indicadores de Educación y Desajuste (EMI)"
"EES_TEES_SEX_ECO_EDU_NB_Q","EES_TEES_SEX_ECO_EDU_NB","Asalariados según sexo, actividad económica y educación (millares)","Q","Trimestral","EES_TEES_NB","Asalariados","SEX_ECO_EDU","sexo, actividad económica, educación",1990,2026,"02/10/2026 07:05:16",4632122,4937913,98,,"EES","Asalariados","EMI","Indicadores de Educación y Desajuste (EMI)"
"EES_TEES_SEX_ECO_GEO_NB_A","EES_TEES_SEX_ECO_GEO_NB","Asalariados según sexo, actividad económica y zonas rurales / urbanes (millares)","A","Anual","EES_TEES_NB","Asalariados","SEX_ECO_GEO","sexo, actividad económica, zonas rurales/urbanes",1970,2025,"02/10/2026 07:15:05",225272,241574,147,,"EES","Asalariados","RURBAN","Mercados Laborales Rurales y Urbanos (RURBAN)"
"EES_TEES_SEX_ECO_MTS_NB_A","EES_TEES_SEX_ECO_MTS_NB","Asalariados según sexo, actividad económica y estado civil (millares)","A","Anual","EES_TEES_NB","Asalariados","SEX_ECO_MTS","sexo, actividad económica, estado civil",1970,2025,"02/10/2026 07:07:11",589119,659717,171,,"EES","Asalariados","GEND","Indicadores de Igualdad de Género y No Discriminación (GEND)"
"EES_TEES_SEX_ECO_MTS_NB_Q","EES_TEES_SEX_ECO_MTS_NB","Asalariados según sexo, actividad económica y estado civil (millares)","Q","Trimestral","EES_TEES_NB","Asalariados","SEX_ECO_MTS","sexo, actividad económica, estado civil",1989,2026,"02/10/2026 07:08:13",463988,464705,77,,"EES","Asalariados","GEND","Indicadores de Igualdad de Género y No Discriminación (GEND)"
"EES_TEES_SEX_ECO_DSB_NB_A","EES_TEES_SEX_ECO_DSB_NB","Asalariados según sexo, actividad económica y situación en términos de discapacidad (millares)","A","Anual","EES_TEES_NB","Asalariados","SEX_ECO_DSB","sexo, actividad económica, situación en términos de discapacidad",1996,2025,"02/10/2026 07:02:05",110768,115409,124,,"EES","Asalariados","DLMI","Indicadores del mercado laboral de discapacidad"
"EES_TEES_ECO_OCU_NB_A","EES_TEES_ECO_OCU_NB","Asalariados según actividad económica y ocupación (millares)","A","Anual","EES_TEES_NB","Asalariados","ECO_OCU","actividad económica, ocupación",1982,2025,"02/10/2026 07:12:21",1087478,1215620,181,,"EES","Asalariados","LFS","Estadísticas sobre la Fuerza Laboral (LFS)"
"EES_TEES_ECO_OCU_NB_Q","EES_TEES_ECO_OCU_NB","Asalariados según actividad económica y ocupación (millares)","Q","Trimestral","EES_TEES_NB","Asalariados","ECO_OCU","actividad económica, ocupación",1992,2026,"02/10/2026 07:13:20",1167004,1258343,99,,"EES","Asalariados","LFS","Estadísticas sobre la Fuerza Laboral (LFS)"
"EES_TEES_SEX_ECO_INS_NB_A","EES_TEES_SEX_ECO_INS_NB","Asalariados según sexo, actividad económica y sector público/privado (millares)","A","Anual","EES_TEES_NB","Asalariados","SEX_ECO_INS","sexo, actividad económica, sector público/privado",1976,2025,"02/10/2026 07:12:21",427421,463534,148,,"EES","Asalariados","LFS","Estadísticas sobre la Fuerza Laboral (LFS)"
"EES_TEES_SEX_ECO_INS_NB_Q","EES_TEES_SEX_ECO_INS_NB","Asalariados según sexo, actividad económica y sector público/privado (millares)","Q","Trimestral","EES_TEES_NB","Asalariados","SEX_ECO_INS","sexo, actividad económica, sector público/privado",1976,2026,"02/10/2026 07:13:20",412805,415463,75,,"EES","Asalariados","LFS","Estadísticas sobre la Fuerza Laboral (LFS)"
"EES_TEES_SEX_ECO_INS_NB_M","EES_TEES_SEX_ECO_INS_NB","Asalariados según sexo, actividad económica y sector público/privado (millares)","M","Mensual","EES_TEES_NB","Asalariados","SEX_ECO_INS","sexo, actividad económica, sector público/privado",1976,2026,"16/09/2026 08:19:15",125741,127523,14,,"EES","Asalariados","LFS","Estadísticas sobre la Fuerza Laboral (LFS)"
"EES_TEES_SEX_ECO_EST_NB_A","EES_TEES_SEX_ECO_EST_NB","Asalariados según sexo, actividad económica y tamaño del establecimiento (millares)","A","Anual","EES_TEES_NB","Asalariados","SEX_ECO_EST","sexo, actividad económica, tamaño del establecimiento",1989,2025,"02/10/2026 07:12:21",648785,706121,112,,"EES","Asalariados","LFS","Estadísticas sobre la Fuerza Laboral (LFS)"
"EES_TEES_SEX_ECO_EST_NB_Q","EES_TEES_SEX_ECO_EST_NB","Asalariados según sexo, actividad económica y tamaño del establecimiento (millares)","Q","Trimestral","EES_TEES_NB","Asalariados","SEX_ECO_EST","sexo, actividad económica, tamaño del establecimiento",1989,2026,"02/10/2026 07:13:20",184785,185574,56,,"EES","Asalariados","LFS","Estadísticas sobre la Fuerza Laboral (LFS)"
"EES_TEES_SEX_EC2_NB_A","EES_TEES_SEX_EC2_NB","Asalariados según sexo y actividad económica - nivel 2 de la CIIU (millares)","A","Anual","EES_TEES_NB","Asalariados","SEX_EC2","sexo, actividad económica - nivel 2 de la ciiu",1989,2025,"02/10/2026 07:12:21",454240,491236,160,,"EES","Asalariados","LFS","Estadísticas sobre la Fuerza Laboral (LFS)"
"EES_TEES_AGE_EC2_NB_A","EES_TEES_AGE_EC2_NB","Asalariados según edad y actividad económica - nivel 2 de la CIIU (millares)","A","Anual","EES_TEES_NB","Asalariados","AGE_EC2","edad, actividad económica - nivel 2 de la ciiu",1989,2025,"02/10/2026 07:12:21",295931,316435,140,,"EES","Asalariados","LFS","Estadísticas sobre la Fuerza Laboral (LFS)"
"EES_TEES_SEX_OCU_NB_A","EES_TEES_SEX_OCU_NB","Asalariados según sexo y ocupación (millares)","A","Anual","EES_TEES_NB","Asalariados","SEX_OCU","sexo, ocupación",1982,2025,"02/10/2026 07:12:21",119423,138984,190,,"EES","Asalariados","LFS","Estadísticas sobre la Fuerza Laboral (LFS)"
"EES_TEES_SEX_OCU_NB_Q","EES_TEES_SEX_OCU_NB","Asalariados según sexo y ocupación (millares)","Q","Trimestral","EES_TEES_NB","Asalariados","SEX_OCU","sexo, ocupación",1992,2026,"02/10/2026 07:13:20",314569,350062,101,,"EES","Asalariados","LFS","Estadísticas sobre la Fuerza Laboral (LFS)"
"EES_TEES_SEX_OCU_NB_M","EES_TEES_SEX_OCU_NB","Asalariados según sexo y ocupación (millares)","M","Mensual","EES_TEES_NB","Asalariados","SEX_OCU","sexo, ocupación",2000,2026,"16/09/2026 08:19:15",40496,41126,15,,"EES","Asalariados","LFS","Estadísticas sobre la Fuerza Laboral (LFS)"
"EES_TEES_SEX_OCU_EDU_NB_A","EES_TEES_SEX_OCU_EDU_NB","Asalariados según sexo, ocupación y educación (millares)","A","Anual","EES_TEES_NB","Asalariados","SEX_OCU_EDU","sexo, ocupación, educación",1982,2025,"02/10/2026 07:04:13",1250760,1418721,174,,"EES","Asalariados","EMI","Indicadores de Educación y Desajuste (EMI)"
"EES_TEES_SEX_OCU_EDU_NB_Q","EES_TEES_SEX_OCU_EDU_NB","Asalariados según sexo, ocupación y educación (millares)","Q","Trimestral","EES_TEES_NB","Asalariados","SEX_OCU_EDU","sexo, ocupación, educación",1992,2026,"02/10/2026 07:05:16",1040042,1136829,97,,"EES","Asalariados","EMI","Indicadores de Educación y Desajuste (EMI)"
"EES_TEES_SEX_OCU_GEO_NB_A","EES_TEES_SEX_OCU_GEO_NB","Asalariados según sexo, ocupación y zonas rurales / urbanes (millares)","A","Anual","EES_TEES_NB","Asalariados","SEX_OCU_GEO","sexo, ocupación, zonas rurales/urbanes",1989,2025,"02/10/2026 07:15:05",271193,294356,142,,"EES","Asalariados","RURBAN","Mercados Laborales Rurales y Urbanos (RURBAN)"
"EES_TEES_SEX_OCU_MTS_NB_A","EES_TEES_SEX_OCU_MTS_NB","Asalariados según sexo, ocupación y estado civil (millares)","A","Anual","EES_TEES_NB","Asalariados","SEX_OCU_MTS","sexo, ocupación, estado civil",1982,2025,"02/10/2026 07:07:11",676908,773989,168,,"EES","Asalariados","GEND","Indicadores de Igualdad de Género y No Discriminación (GEND)"
"EES_TEES_SEX_OCU_MTS_NB_Q","EES_TEES_SEX_OCU_MTS_NB","Asalariados según sexo, ocupación y estado civil (millares)","Q","Trimestral","EES_TEES_NB","Asalariados","SEX_OCU_MTS","sexo, ocupación, estado civil",1993,2026,"02/10/2026 07:08:13",179391,179706,79,,"EES","Asalariados","GEND","Indicadores de Igualdad de Género y No Discriminación (GEND)"
"EES_TEES_SEX_OCU_DSB_NB_A","EES_TEES_SEX_OCU_DSB_NB","Asalariados según sexo, ocupación y situación en términos de discapacidad (millares)","A","Anual","EES_TEES_NB","Asalariados","SEX_OCU_DSB","sexo, ocupación, situación en términos de discapacidad",1996,2025,"02/10/2026 07:02:05",42255,44127,123,,"EES","Asalariados","DLMI","Indicadores del mercado laboral de discapacidad"
"EES_TEES_SEX_OCU_INS_NB_A","EES_TEES_SEX_OCU_INS_NB","Asalariados según sexo, ocupación y sector público/privado (millares)","A","Anual","EES_TEES_NB","Asalariados","SEX_OCU_INS","sexo, ocupación, sector público/privado",1991,2025,"02/10/2026 07:12:21",200114,217723,142,,"EES","Asalariados","LFS","Estadísticas sobre la Fuerza Laboral (LFS)"
"EES_TEES_SEX_OCU_INS_NB_Q","EES_TEES_SEX_OCU_INS_NB","Asalariados según sexo, ocupación y sector público/privado (millares)","Q","Trimestral","EES_TEES_NB","Asalariados","SEX_OCU_INS","sexo, ocupación, sector público/privado",1993,2026,"02/10/2026 07:13:20",475236,478713,74,,"EES","Asalariados","LFS","Estadísticas sobre la Fuerza Laboral (LFS)"
"EES_TEES_SEX_OCU_EST_NB_A","EES_TEES_SEX_OCU_EST_NB","Asalariados según sexo, ocupación y tamaño del establecimiento (millares)","A","Anual","EES_TEES_NB","Asalariados","SEX_OCU_EST","sexo, ocupación, tamaño del establecimiento",1991,2025,"02/10/2026 07:12:21",285369,312037,105,,"EES","Asalariados","LFS","Estadísticas sobre la Fuerza Laboral (LFS)"
"EES_TEES_SEX_OCU_EST_NB_Q","EES_TEES_SEX_OCU_EST_NB","Asalariados según sexo, ocupación y tamaño del establecimiento (millares)","Q","Trimestral","EES_TEES_NB","Asalariados","SEX_OCU_EST","sexo, ocupación, tamaño del establecimiento",1993,2026,"02/10/2026 07:13:20",162578,163307,56,,"EES","Asalariados","LFS","Estadísticas sobre la Fuerza Laboral (LFS)"
"EES_TEES_SEX_OC2_NB_A","EES_TEES_SEX_OC2_NB","Asalariados según sexo y ocupación - nivel 2 de la CIUO (millares)","A","Anual","EES_TEES_NB","Asalariados","SEX_OC2","sexo, ocupación - nivel 2 de la ciuo",1991,2025,"02/10/2026 07:12:21",218772,239084,159,,"EES","Asalariados","LFS","Estadísticas sobre la Fuerza Laboral (LFS)"
"EES_TEES_AGE_OC2_NB_A","EES_TEES_AGE_OC2_NB","Asalariados según edad y ocupación - nivel 2 de la CIUO (millares)","A","Anual","EES_TEES_NB","Asalariados","AGE_OC2","edad, ocupación - nivel 2 de la ciuo",1991,2025,"02/10/2026 07:12:21",212878,232854,159,,"EES","Asalariados","LFS","Estadísticas sobre la Fuerza Laboral (LFS)"
"EES_TEES_SEX_INS_NB_A","EES_TEES_SEX_INS_NB","Asalariados según sexo y sector público/privado (millares)","A","Anual","EES_TEES_NB","Asalariados","SEX_INS","sexo, sector público/privado",1976,2025,"02/10/2026 07:12:21",15287,16657,179,,"EES","Asalariados","LFS","Estadísticas sobre la Fuerza Laboral (LFS)"
"EES_TEES_SEX_INS_NB_Q","EES_TEES_SEX_INS_NB","Asalariados según sexo y sector público/privado (millares)","Q","Trimestral","EES_TEES_NB","Asalariados","SEX_INS","sexo, sector público/privado",1976,2026,"02/10/2026 07:13:20",33907,34132,76,,"EES","Asalariados","LFS","Estadísticas sobre la Fuerza Laboral (LFS)"
"EES_TEES_SEX_INS_GEO_NB_A","EES_TEES_SEX_INS_GEO_NB","Asalariados según sexo, sector público/privado y zonas rurales / urbanes (millares)","A","Anual","EES_TEES_NB","Asalariados","SEX_INS_GEO","sexo, sector público/privado, zonas rurales/urbanes",1987,2025,"02/10/2026 07:15:05",29584,32620,112,,"EES","Asalariados","RURBAN","Mercados Laborales Rurales y Urbanos (RURBAN)"
"EES_TEES_SEX_INS_GEO_NB_Q","EES_TEES_SEX_INS_GEO_NB","Asalariados según sexo, sector público/privado y zonas rurales / urbanes (millares)","Q","Trimestral","EES_TEES_NB","Asalariados","SEX_INS_GEO","sexo, sector público/privado, zonas rurales/urbanes",1987,2026,"02/10/2026 07:16:10",62903,63497,56,,"EES","Asalariados","RURBAN","Mercados Laborales Rurales y Urbanos (RURBAN)"
"EES_TEES_SEX_INS_EDU_NB_A","EES_TEES_SEX_INS_EDU_NB","Asalariados según sexo, sector público/privado y educación (millares)","A","Anual","EES_TEES_NB","Asalariados","SEX_INS_EDU","sexo, sector público/privado, educación",1987,2025,"02/10/2026 07:04:13",185426,203020,147,,"EES","Asalariados","EMI","Indicadores de Educación y Desajuste (EMI)"
"EES_TEES_SEX_INS_EDU_NB_Q","EES_TEES_SEX_INS_EDU_NB","Asalariados según sexo, sector público/privado y educación (millares)","Q","Trimestral","EES_TEES_NB","Asalariados","SEX_INS_EDU","sexo, sector público/privado, educación",1987,2026,"02/10/2026 07:05:16",418583,421181,73,,"EES","Asalariados","EMI","Indicadores de Educación y Desajuste (EMI)"
"EES_TEES_SEX_INS_MTS_NB_A","EES_TEES_SEX_INS_MTS_NB","Asalariados según sexo, sector público/privado y estado civil (millares)","A","Anual","EES_TEES_NB","Asalariados","SEX_INS_MTS","sexo, sector público/privado, estado civil",1987,2025,"02/10/2026 07:07:11",112828,123157,142,,"EES","Asalariados","GEND","Indicadores de Igualdad de Género y No Discriminación (GEND)"
"EES_TEES_SEX_INS_MTS_NB_Q","EES_TEES_SEX_INS_MTS_NB","Asalariados según sexo, sector público/privado y estado civil (millares)","Q","Trimestral","EES_TEES_NB","Asalariados","SEX_INS_MTS","sexo, sector público/privado, estado civil",1987,2026,"02/10/2026 07:08:13",96202,96391,71,,"EES","Asalariados","GEND","Indicadores de Igualdad de Género y No Discriminación (GEND)"
"EES_TEES_SEX_INS_DSB_NB_A","EES_TEES_SEX_INS_DSB_NB","Asalariados según sexo, sector público/privado y situación en términos de discapacidad (millares)","A","Anual","EES_TEES_NB","Asalariados","SEX_INS_DSB","sexo, sector público/privado, situación en términos de discapacidad",1997,2025,"02/10/2026 07:02:05",10431,10971,94,,"EES","Asalariados","DLMI","Indicadores del mercado laboral de discapacidad"
"EES_TEES_SEX_INS_DSB_NB_Q","EES_TEES_SEX_INS_DSB_NB","Asalariados según sexo, sector público/privado y situación en términos de discapacidad (millares)","Q","Trimestral","EES_TEES_NB","Asalariados","SEX_INS_DSB","sexo, sector público/privado, situación en términos de discapacidad",1998,2026,"16/09/2026 07:14:26",16670,16778,27,,"EES","Asalariados","DLMI","Indicadores del mercado laboral de discapacidad"
"EES_TEES_SEX_EST_NB_A","EES_TEES_SEX_EST_NB","Asalariados según sexo y tamaño del establecimiento (millares)","A","Anual","EES_TEES_NB","Asalariados","SEX_EST","sexo, tamaño del establecimiento",1989,2025,"02/10/2026 07:12:21",31845,34695,112,,"EES","Asalariados","LFS","Estadísticas sobre la Fuerza Laboral (LFS)"
"EES_TEES_SEX_EST_NB_Q","EES_TEES_SEX_EST_NB","Asalariados según sexo y tamaño del establecimiento (millares)","Q","Trimestral","EES_TEES_NB","Asalariados","SEX_EST","sexo, tamaño del establecimiento",1989,2026,"02/10/2026 07:13:20",75990,76398,57,,"EES","Asalariados","LFS","Estadísticas sobre la Fuerza Laboral (LFS)"
"EES_TEES_SEX_EST_NB_M","EES_TEES_SEX_EST_NB","Asalariados según sexo y tamaño del establecimiento (millares)","M","Mensual","EES_TEES_NB","Asalariados","SEX_EST","sexo, tamaño del establecimiento",2000,2026,"16/09/2026 08:19:15",22746,22746,9,,"EES","Asalariados","LFS","Estadísticas sobre la Fuerza Laboral (LFS)"
"EES_TEES_SEX_EST_GEO_NB_A","EES_TEES_SEX_EST_GEO_NB","Asalariados según sexo, tamaño del establecimiento y zonas rurales / urbanes (millares)","A","Anual","EES_TEES_NB","Asalariados","SEX_EST_GEO","sexo, tamaño del establecimiento, zonas rurales/urbanes",1990,2025,"02/10/2026 07:15:05",75206,81659,93,,"EES","Asalariados","RURBAN","Mercados Laborales Rurales y Urbanos (RURBAN)"
"EES_TEES_SEX_EST_GEO_NB_Q","EES_TEES_SEX_EST_GEO_NB","Asalariados según sexo, tamaño del establecimiento y zonas rurales / urbanes (millares)","Q","Trimestral","EES_TEES_NB","Asalariados","SEX_EST_GEO","sexo, tamaño del establecimiento, zonas rurales/urbanes",1992,2026,"02/10/2026 07:16:10",160179,161079,46,,"EES","Asalariados","RURBAN","Mercados Laborales Rurales y Urbanos (RURBAN)"
"EES_TEES_SEX_EST_MTS_NB_A","EES_TEES_SEX_EST_MTS_NB","Asalariados según sexo, tamaño del establecimiento y estado civil (millares)","A","Anual","EES_TEES_NB","Asalariados","SEX_EST_MTS","sexo, tamaño del establecimiento, estado civil",1989,2025,"02/10/2026 07:07:11",255100,278443,110,,"EES","Asalariados","GEND","Indicadores de Igualdad de Género y No Discriminación (GEND)"
"EES_TEES_SEX_EST_MTS_NB_Q","EES_TEES_SEX_EST_MTS_NB","Asalariados según sexo, tamaño del establecimiento y estado civil (millares)","Q","Trimestral","EES_TEES_NB","Asalariados","SEX_EST_MTS","sexo, tamaño del establecimiento, estado civil",1989,2026,"02/10/2026 07:08:13",210154,210910,55,,"EES","Asalariados","GEND","Indicadores de Igualdad de Género y No Discriminación (GEND)"
"EES_TEES_SEX_EST_DSB_NB_A","EES_TEES_SEX_EST_DSB_NB","Asalariados según sexo, tamaño del establecimiento y situación en términos de discapacidad (millares)","A","Anual","EES_TEES_NB","Asalariados","SEX_EST_DSB","sexo, tamaño del establecimiento, situación en términos de discapacidad",2000,2025,"02/10/2026 07:02:05",8520,8670,61,,"EES","Asalariados","DLMI","Indicadores del mercado laboral de discapacidad"
"EES_TEES_SEX_EST_DSB_NB_Q","EES_TEES_SEX_EST_DSB_NB","Asalariados según sexo, tamaño del establecimiento y situación en términos de discapacidad (millares)","Q","Trimestral","EES_TEES_NB","Asalariados","SEX_EST_DSB","sexo, tamaño del establecimiento, situación en términos de discapacidad",2010,2026,"16/09/2026 07:14:26",12516,12696,20,,"EES","Asalariados","DLMI","Indicadores del mercado laboral de discapacidad"
"EES_TEES_SEX_HOW_NB_A","EES_TEES_SEX_HOW_NB","Asalariados según sexo y por horas semanales efectivamente trabajadas (millares)","A","Anual","EES_TEES_NB","Asalariados","SEX_HOW","sexo, horas semanales efectivamente trabajadas",1976,2025,"02/10/2026 07:00:09",60057,65607,179,,"EES","Asalariados","COND","Estadísticas de Salarios y Tiempo de Trabajo (COND)"
"EES_TEES_SEX_HOW_NB_Q","EES_TEES_SEX_HOW_NB","Asalariados según sexo y por horas semanales efectivamente trabajadas (millares)","Q","Trimestral","EES_TEES_NB","Asalariados","SEX_HOW","sexo, horas semanales efectivamente trabajadas",1976,2026,"02/10/2026 07:01:11",158898,171564,97,,"EES","Asalariados","COND","Estadísticas de Salarios y Tiempo de Trabajo (COND)"
"EES_TEES_SEX_MJH_NB_A","EES_TEES_SEX_MJH_NB","Asalariados según sexo y tenencia de múltiples empleos (millares)","A","Anual","EES_TEES_NB","Asalariados","SEX_MJH","sexo, tenencia de múltiples empleos",1976,2025,"02/10/2026 07:12:21",21826,24904,170,,"EES","Asalariados","LFS","Estadísticas sobre la Fuerza Laboral (LFS)"
"EES_TEES_SEX_MJH_NB_Q","EES_TEES_SEX_MJH_NB","Asalariados según sexo y tenencia de múltiples empleos (millares)","Q","Trimestral","EES_TEES_NB","Asalariados","SEX_MJH","sexo, tenencia de múltiples empleos",1976,2026,"02/10/2026 07:13:20",58323,64920,100,,"EES","Asalariados","LFS","Estadísticas sobre la Fuerza Laboral (LFS)"
"EES_TEES_SEX_IFL_EDU_NB_A","EES_TEES_SEX_IFL_EDU_NB","Asalariados según sexo, trabajo informal/formal y educación (millares)","A","Anual","EES_TEES_NB","Asalariados","SEX_IFL_EDU","sexo, trabajo informal/formal, educación",1999,2025,"02/10/2026 07:04:13",105062,112012,116,,"IFL","Economía informal","EMI","Indicadores de Educación y Desajuste (EMI)"
"EES_TEES_SEX_IFL_EDU_NB_Q","EES_TEES_SEX_IFL_EDU_NB","Asalariados según sexo, trabajo informal/formal y educación (millares)","Q","Trimestral","EES_TEES_NB","Asalariados","SEX_IFL_EDU","sexo, trabajo informal/formal, educación",1995,2026,"02/10/2026 07:05:16",88749,89856,52,,"IFL","Economía informal","EMI","Indicadores de Educación y Desajuste (EMI)"
"EES_TEES_SEX_IFL_GEO_NB_A","EES_TEES_SEX_IFL_GEO_NB","Asalariados según sexo, trabajo informal/formal y zonas rurales / urbanes (millares)","A","Anual","EES_TEES_NB","Asalariados","SEX_IFL_GEO","sexo, trabajo informal/formal, zonas rurales/urbanes",1999,2025,"02/10/2026 07:15:05",19056,20190,93,,"IFL","Economía informal","RURBAN","Mercados Laborales Rurales y Urbanos (RURBAN)"
"EES_TEES_SEX_IFL_GEO_NB_Q","EES_TEES_SEX_IFL_GEO_NB","Asalariados según sexo, trabajo informal/formal y zonas rurales / urbanes (millares)","Q","Trimestral","EES_TEES_NB","Asalariados","SEX_IFL_GEO","sexo, trabajo informal/formal, zonas rurales/urbanes",1995,2026,"02/10/2026 07:16:10",42326,42920,46,,"IFL","Economía informal","RURBAN","Mercados Laborales Rurales y Urbanos (RURBAN)"
"EES_TEES_SEX_IFL_MTS_NB_A","EES_TEES_SEX_IFL_MTS_NB","Asalariados según sexo, trabajo informal/formal y estado civil (millares)","A","Anual","EES_TEES_NB","Asalariados","SEX_IFL_MTS","sexo, trabajo informal/formal, estado civil",1999,2025,"02/10/2026 07:00:09",61506,65817,112,,"IFL","Economía informal","COND","Estadísticas de Salarios y Tiempo de Trabajo (COND)"
"EES_TEES_SEX_IFL_MTS_NB_Q","EES_TEES_SEX_IFL_MTS_NB","Asalariados según sexo, trabajo informal/formal y estado civil (millares)","Q","Trimestral","EES_TEES_NB","Asalariados","SEX_IFL_MTS","sexo, trabajo informal/formal, estado civil",1995,2026,"02/10/2026 07:01:11",84859,85237,50,,"IFL","Economía informal","COND","Estadísticas de Salarios y Tiempo de Trabajo (COND)"
"EES_TEES_SEX_IFL_DSB_NB_A","EES_TEES_SEX_IFL_DSB_NB","Asalariados según sexo, trabajo informal/formal y situación en términos de discapacidad (millares)","A","Anual","EES_TEES_NB","Asalariados","SEX_IFL_DSB","sexo, trabajo informal/formal, situación en términos de discapacidad",2006,2025,"02/10/2026 07:02:05",6166,6247,73,,"IFL","Economía informal","DLMI","Indicadores del mercado laboral de discapacidad"
"EES_TEES_SEX_IFL_DSB_NB_Q","EES_TEES_SEX_IFL_DSB_NB","Asalariados según sexo, trabajo informal/formal y situación en términos de discapacidad (millares)","Q","Trimestral","EES_TEES_NB","Asalariados","SEX_IFL_DSB","sexo, trabajo informal/formal, situación en términos de discapacidad",2010,2026,"16/09/2026 07:14:26",10439,10547,23,,"IFL","Economía informal","DLMI","Indicadores del mercado laboral de discapacidad"
"EES_TEES_SEX_IFL_ECO_NB_A","EES_TEES_SEX_IFL_ECO_NB","Asalariados según sexo, trabajo informal/formal y actividad económica (millares)","A","Anual","EES_TEES_NB","Asalariados","SEX_IFL_ECO","sexo, trabajo informal/formal, actividad económica",1999,2025,"02/10/2026 07:12:21",246606,262399,117,,"IFL","Economía informal","LFS","Estadísticas sobre la Fuerza Laboral (LFS)"
"EES_TEES_SEX_IFL_ECO_NB_Q","EES_TEES_SEX_IFL_ECO_NB","Asalariados según sexo, trabajo informal/formal y actividad económica (millares)","Q","Trimestral","EES_TEES_NB","Asalariados","SEX_IFL_ECO","sexo, trabajo informal/formal, actividad económica",1995,2026,"02/10/2026 07:13:20",219333,222006,53,,"IFL","Economía informal","LFS","Estadísticas sobre la Fuerza Laboral (LFS)"
"EES_TEES_SEX_IFL_EC2_NB_A","EES_TEES_SEX_IFL_EC2_NB","Asalariados según sexo, trabajo informal/formal y actividad económica - nivel 2 de la CIIU (millares)","A","Anual","EES_TEES_NB","Asalariados","SEX_IFL_EC2","sexo, trabajo informal/formal, actividad económica - nivel 2 de la ciiu",1999,2025,"02/10/2026 07:12:21",446980,462555,107,,"IFL","Economía informal","LFS","Estadísticas sobre la Fuerza Laboral (LFS)"
"EES_TEES_SEX_IFL_OCU_NB_A","EES_TEES_SEX_IFL_OCU_NB","Asalariados según sexo, trabajo informal/formal y ocupación (millares)","A","Anual","EES_TEES_NB","Asalariados","SEX_IFL_OCU","sexo, trabajo informal/formal, ocupación",1999,2025,"02/10/2026 07:12:21",114945,122933,112,,"IFL","Economía informal","LFS","Estadísticas sobre la Fuerza Laboral (LFS)"
"EES_TEES_SEX_IFL_OCU_NB_Q","EES_TEES_SEX_IFL_OCU_NB","Asalariados según sexo, trabajo informal/formal y ocupación (millares)","Q","Trimestral","EES_TEES_NB","Asalariados","SEX_IFL_OCU","sexo, trabajo informal/formal, ocupación",1995,2026,"02/10/2026 07:13:20",81121,82186,54,,"IFL","Economía informal","LFS","Estadísticas sobre la Fuerza Laboral (LFS)"
"EES_TEES_SEX_IFL_INS_NB_A","EES_TEES_SEX_IFL_INS_NB","Asalariados según sexo, trabajo informal/formal y sector público/privado (millares)","A","Anual","EES_TEES_NB","Asalariados","SEX_IFL_INS","sexo, trabajo informal/formal, sector público/privado",1999,2025,"02/10/2026 07:12:21",21829,23375,115,,"IFL","Economía informal","LFS","Estadísticas sobre la Fuerza Laboral (LFS)"
"EES_TEES_SEX_IFL_INS_NB_Q","EES_TEES_SEX_IFL_INS_NB","Asalariados según sexo, trabajo informal/formal y sector público/privado (millares)","Q","Trimestral","EES_TEES_NB","Asalariados","SEX_IFL_INS","sexo, trabajo informal/formal, sector público/privado",1995,2026,"02/10/2026 07:13:20",48819,49470,52,,"IFL","Economía informal","LFS","Estadísticas sobre la Fuerza Laboral (LFS)"
"EES_XTMP_SEX_RT_A","EES_XTMP_SEX_RT","Proporción de asalariados temporarios según sexo (%)","A","Anual","EES_XTMP_RT","Proporción de asalariados temporarios","SEX","sexo",1980,2025,"02/10/2026 07:12:21",6227,7043,151,,"EES","Asalariados","LFS","Estadísticas sobre la Fuerza Laboral (LFS)"
"EMP_XPSE_GOV_NB_A","EMP_XPSE_GOV_NB","Empleo publico segun sectores y subsectores de las cuentas nacionales - Discontinuado (millares)","A","Anual","EMP_XPSE_NB","Ocupación público","GOV","nivel del gobierno",1975,2024,"15/05/2026 15:02:04",9199,9747,154,,"PSE","Trabajadores en el sector público","LFS","Estadísticas sobre la Fuerza Laboral (LFS)"
"EMP_XTRU_SEX_AGE_NB_A","EMP_XTRU_SEX_AGE_NB","Personas en subocupación por insuficiencia de tiempo de trabajo según sexo y edad (millares)","A","Anual","EMP_XTRU_NB","Subocupación por insuficiencia de tiempo de trabajo (definición anterior de la OIT - CIET13)","SEX_AGE","sexo, edad",1978,2025,"02/10/2026 07:12:21",88998,99699,172,,"LUU","Desempleo y subutilización de la fuerza de trabajo","LFS","Estadísticas sobre la Fuerza Laboral (LFS)"
"EMP_XTRU_SEX_AGE_NB_Q","EMP_XTRU_SEX_AGE_NB","Personas en subocupación por insuficiencia de tiempo de trabajo según sexo y edad (millares)","Q","Trimestral","EMP_XTRU_NB","Subocupación por insuficiencia de tiempo de trabajo (definición anterior de la OIT - CIET13)","SEX_AGE","sexo, edad",1994,2026,"02/10/2026 07:13:20",241167,265455,93,,"LUU","Desempleo y subutilización de la fuerza de trabajo","LFS","Estadísticas sobre la Fuerza Laboral (LFS)"
"EMP_XTRU_SEX_AGE_NB_M","EMP_XTRU_SEX_AGE_NB","Personas en subocupación por insuficiencia de tiempo de trabajo según sexo y edad (millares)","M","Mensual","EMP_XTRU_NB","Subocupación por insuficiencia de tiempo de trabajo (definición anterior de la OIT - CIET13)","SEX_AGE","sexo, edad",1994,2026,"16/09/2026 08:19:15",59722,60853,17,,"LUU","Desempleo y subutilización de la fuerza de trabajo","LFS","Estadísticas sobre la Fuerza Laboral (LFS)"
"EMP_XTRU_SEX_AGE_EDU_NB_A","EMP_XTRU_SEX_AGE_EDU_NB","Subocupación por insuficiencia de tiempo de trabajo según sexo, edad y educación (millares)","A","Anual","EMP_XTRU_NB","Subocupación por insuficiencia de tiempo de trabajo (definición anterior de la OIT - CIET13)","SEX_AGE_EDU","sexo, edad, educación",1991,2025,"02/10/2026 07:04:13",215961,239612,148,,"LUU","Desempleo y subutilización de la fuerza de trabajo","EMI","Indicadores de Educación y Desajuste (EMI)"
"EMP_XTRU_SEX_AGE_EDU_NB_Q","EMP_XTRU_SEX_AGE_EDU_NB","Subocupación por insuficiencia de tiempo de trabajo según sexo, edad y educación (millares)","Q","Trimestral","EMP_XTRU_NB","Subocupación por insuficiencia de tiempo de trabajo (definición anterior de la OIT - CIET13)","SEX_AGE_EDU","sexo, edad, educación",1994,2026,"02/10/2026 07:06:17",605928,664471,91,,"LUU","Desempleo y subutilización de la fuerza de trabajo","EMI","Indicadores de Educación y Desajuste (EMI)"
"EMP_XTRU_SEX_AGE_GEO_NB_A","EMP_XTRU_SEX_AGE_GEO_NB","Personas en subocupación por insuficiencia de tiempo de trabajo según sexo, edad y zonas rurales / urbanas (millares)","A","Anual","EMP_XTRU_NB","Subocupación por insuficiencia de tiempo de trabajo (definición anterior de la OIT - CIET13)","SEX_AGE_GEO","sexo, edad, zonas rurales/urbanes",1996,2025,"02/10/2026 07:15:05",111190,116884,119,,"LUU","Desempleo y subutilización de la fuerza de trabajo","RURBAN","Mercados Laborales Rurales y Urbanos (RURBAN)"
"EMP_XTRU_SEX_AGE_GEO_NB_Q","EMP_XTRU_SEX_AGE_GEO_NB","Personas en subocupación por insuficiencia de tiempo de trabajo según sexo, edad y zonas rurales / urbanas (millares)","Q","Trimestral","EMP_XTRU_NB","Subocupación por insuficiencia de tiempo de trabajo (definición anterior de la OIT - CIET13)","SEX_AGE_GEO","sexo, edad, zonas rurales/urbanes",1998,2026,"02/10/2026 07:16:10",325020,329945,79,,"LUU","Desempleo y subutilización de la fuerza de trabajo","RURBAN","Mercados Laborales Rurales y Urbanos (RURBAN)"
"EMP_XTRU_SEX_AGE_MTS_NB_A","EMP_XTRU_SEX_AGE_MTS_NB","Personas en subocupación por insuficiencia de tiempo de trabajo según sexo, educación y estado civil (millares)","A","Anual","EMP_XTRU_NB","Subocupación por insuficiencia de tiempo de trabajo (definición anterior de la OIT - CIET13)","SEX_AGE_MTS","sexo, edad, estado civil",1991,2025,"02/10/2026 07:07:11",95363,100991,127,,"LUU","Desempleo y subutilización de la fuerza de trabajo","GEND","Indicadores de Igualdad de Género y No Discriminación (GEND)"
"EMP_XTRU_SEX_AGE_MTS_NB_Q","EMP_XTRU_SEX_AGE_MTS_NB","Personas en subocupación por insuficiencia de tiempo de trabajo según sexo, educación y estado civil (millares)","Q","Trimestral","EMP_XTRU_NB","Subocupación por insuficiencia de tiempo de trabajo (definición anterior de la OIT - CIET13)","SEX_AGE_MTS","sexo, edad, estado civil",1994,2026,"02/10/2026 07:08:13",236515,236839,70,,"LUU","Desempleo y subutilización de la fuerza de trabajo","GEND","Indicadores de Igualdad de Género y No Discriminación (GEND)"
"EMP_XTRU_SEX_EDU_NB_A","EMP_XTRU_SEX_EDU_NB","Subocupación por insuficiencia de tiempo de trabajo según sexo y educación (millares)","A","Anual","EMP_XTRU_NB","Subocupación por insuficiencia de tiempo de trabajo (definición anterior de la OIT - CIET13)","SEX_EDU","sexo, educación",1991,2025,"02/10/2026 07:04:13",64257,70947,148,,"LUU","Desempleo y subutilización de la fuerza de trabajo","EMI","Indicadores de Educación y Desajuste (EMI)"
"EMP_XTRU_SEX_EDU_NB_Q","EMP_XTRU_SEX_EDU_NB","Subocupación por insuficiencia de tiempo de trabajo según sexo y educación (millares)","Q","Trimestral","EMP_XTRU_NB","Subocupación por insuficiencia de tiempo de trabajo (definición anterior de la OIT - CIET13)","SEX_EDU","sexo, educación",1994,2026,"02/10/2026 07:06:17",186623,202226,91,,"LUU","Desempleo y subutilización de la fuerza de trabajo","EMI","Indicadores de Educación y Desajuste (EMI)"
"EMP_XTRU_SEX_EDU_GEO_NB_A","EMP_XTRU_SEX_EDU_GEO_NB","Personas en subocupación por insuficiencia de tiempo de trabajo según sexo, educación y áreas rurales / urbanas (millares)","A","Anual","EMP_XTRU_NB","Subocupación por insuficiencia de tiempo de trabajo (definición anterior de la OIT - CIET13)","SEX_EDU_GEO","sexo, educación, zonas rurales/urbanes",1996,2025,"02/10/2026 07:04:13",63183,66669,118,,"LUU","Desempleo y subutilización de la fuerza de trabajo","EMI","Indicadores de Educación y Desajuste (EMI)"
"EMP_XTRU_SEX_EDU_GEO_NB_Q","EMP_XTRU_SEX_EDU_GEO_NB","Personas en subocupación por insuficiencia de tiempo de trabajo según sexo, educación y áreas rurales / urbanas (millares)","Q","Trimestral","EMP_XTRU_NB","Subocupación por insuficiencia de tiempo de trabajo (definición anterior de la OIT - CIET13)","SEX_EDU_GEO","sexo, educación, zonas rurales/urbanes",1998,2026,"02/10/2026 07:06:17",181410,183957,79,,"LUU","Desempleo y subutilización de la fuerza de trabajo","EMI","Indicadores de Educación y Desajuste (EMI)"
"EMP_XTRU_SEX_EDU_MTS_NB_A","EMP_XTRU_SEX_EDU_MTS_NB","Personas en subocupación por insuficiencia de tiempo de trabajo según sexo, educación y estado civil (millares)","A","Anual","EMP_XTRU_NB","Subocupación por insuficiencia de tiempo de trabajo (definición anterior de la OIT - CIET13)","SEX_EDU_MTS","sexo, educación, estado civil",1991,2025,"02/10/2026 07:04:13",55421,58601,124,,"LUU","Desempleo y subutilización de la fuerza de trabajo","EMI","Indicadores de Educación y Desajuste (EMI)"
"EMP_XTRU_SEX_EDU_MTS_NB_Q","EMP_XTRU_SEX_EDU_MTS_NB","Personas en subocupación por insuficiencia de tiempo de trabajo según sexo, educación y estado civil (millares)","Q","Trimestral","EMP_XTRU_NB","Subocupación por insuficiencia de tiempo de trabajo (definición anterior de la OIT - CIET13)","SEX_EDU_MTS","sexo, educación, estado civil",1994,2026,"02/10/2026 07:06:17",135108,135321,68,,"LUU","Desempleo y subutilización de la fuerza de trabajo","EMI","Indicadores de Educación y Desajuste (EMI)"
"EMP_XTRU_SEX_GEO_NB_A","EMP_XTRU_SEX_GEO_NB","Subocupación por insuficiencia de tiempo de trabajo según sexo y zonas rurales / urbanas (millares)","A","Anual","EMP_XTRU_NB","Subocupación por insuficiencia de tiempo de trabajo (definición anterior de la OIT - CIET13)","SEX_GEO","sexo, zonas rurales/urbanes",1996,2025,"02/10/2026 07:15:05",12624,13263,119,,"LUU","Desempleo y subutilización de la fuerza de trabajo","RURBAN","Mercados Laborales Rurales y Urbanos (RURBAN)"
"EMP_XTRU_SEX_GEO_NB_Q","EMP_XTRU_SEX_GEO_NB","Subocupación por insuficiencia de tiempo de trabajo según sexo y zonas rurales / urbanas (millares)","Q","Trimestral","EMP_XTRU_NB","Subocupación por insuficiencia de tiempo de trabajo (definición anterior de la OIT - CIET13)","SEX_GEO","sexo, zonas rurales/urbanes",1998,2026,"02/10/2026 07:16:10",37506,38064,79,,"LUU","Desempleo y subutilización de la fuerza de trabajo","RURBAN","Mercados Laborales Rurales y Urbanos (RURBAN)"
"EMP_XTRU_SEX_GEO_MTS_NB_A","EMP_XTRU_SEX_GEO_MTS_NB","Subocupación por insuficiencia de tiempo de trabajo según sexo, zonas rurales / urbanas y estado civil (millares)","A","Anual","EMP_XTRU_NB","Subocupación por insuficiencia de tiempo de trabajo (definición anterior de la OIT - CIET13)","SEX_GEO_MTS","sexo, zonas rurales/urbanes, estado civil",1996,2025,"02/10/2026 07:15:05",22521,24069,95,,"LUU","Desempleo y subutilización de la fuerza de trabajo","RURBAN","Mercados Laborales Rurales y Urbanos (RURBAN)"
"EMP_XTRU_SEX_GEO_MTS_NB_Q","EMP_XTRU_SEX_GEO_MTS_NB","Subocupación por insuficiencia de tiempo de trabajo según sexo, zonas rurales / urbanas y estado civil (millares)","Q","Trimestral","EMP_XTRU_NB","Subocupación por insuficiencia de tiempo de trabajo (definición anterior de la OIT - CIET13)","SEX_GEO_MTS","sexo, zonas rurales/urbanes, estado civil",1999,2026,"02/10/2026 07:16:10",50757,50865,54,,"LUU","Desempleo y subutilización de la fuerza de trabajo","RURBAN","Mercados Laborales Rurales y Urbanos (RURBAN)"
"EMP_XTRU_SEX_MTS_NB_A","EMP_XTRU_SEX_MTS_NB","Subocupación por insuficiencia de tiempo de trabajo según sexo y estado civil (millares)","A","Anual","EMP_XTRU_NB","Subocupación por insuficiencia de tiempo de trabajo (definición anterior de la OIT - CIET13)","SEX_MTS","sexo, estado civil",1991,2025,"02/10/2026 07:07:11",29148,31002,127,,"LUU","Desempleo y subutilización de la fuerza de trabajo","GEND","Indicadores de Igualdad de Género y No Discriminación (GEND)"
"EMP_XTRU_SEX_MTS_NB_Q","EMP_XTRU_SEX_MTS_NB","Subocupación por insuficiencia de tiempo de trabajo según sexo y estado civil (millares)","Q","Trimestral","EMP_XTRU_NB","Subocupación por insuficiencia de tiempo de trabajo (definición anterior de la OIT - CIET13)","SEX_MTS","sexo, estado civil",1994,2026,"02/10/2026 07:08:13",27468,27504,70,,"LUU","Desempleo y subutilización de la fuerza de trabajo","GEND","Indicadores de Igualdad de Género y No Discriminación (GEND)"
"EMP_XTRU_SEX_DSB_NB_A","EMP_XTRU_SEX_DSB_NB","Subocupación por insuficiencia de tiempo de trabajo según sexo y situación en términos de discapacidad (millares)","A","Anual","EMP_XTRU_NB","Subocupación por insuficiencia de tiempo de trabajo (definición anterior de la OIT - CIET13)","SEX_DSB","sexo, situación en términos de discapacidad",1996,2025,"02/10/2026 07:02:05",6570,6747,95,,"LUU","Desempleo y subutilización de la fuerza de trabajo","DLMI","Indicadores del mercado laboral de discapacidad"
"EMP_XTRU_SEX_DSB_NB_Q","EMP_XTRU_SEX_DSB_NB","Subocupación por insuficiencia de tiempo de trabajo según sexo y situación en términos de discapacidad (millares)","Q","Trimestral","EMP_XTRU_NB","Subocupación por insuficiencia de tiempo de trabajo (definición anterior de la OIT - CIET13)","SEX_DSB","sexo, situación en términos de discapacidad",1998,2026,"16/09/2026 07:14:26",5073,5109,25,,"LUU","Desempleo y subutilización de la fuerza de trabajo","DLMI","Indicadores del mercado laboral de discapacidad"
"EMP_XTRU_SEX_RT_A","EMP_XTRU_SEX_RT","Tasa de subocupación por insuficiencia de tiempo de trabajo según sexo (%)","A","Anual","EMP_XTRU_RT","Tasa de subocupación por insuficiencia de tiempo de trabajo (definición anterior de la OIT - CIET13)","SEX","sexo",1989,2027,"02/10/2026 07:12:21",11340,11962,239,"Y","LUU","Desempleo y subutilización de la fuerza de trabajo","LFS","Estadísticas sobre la Fuerza Laboral (LFS)"
"EMP_XTRU_SEX_RT_Q","EMP_XTRU_SEX_RT","Tasa de subocupación por insuficiencia de tiempo de trabajo según sexo (%)","Q","Trimestral","EMP_XTRU_RT","Tasa de subocupación por insuficiencia de tiempo de trabajo (definición anterior de la OIT - CIET13)","SEX","sexo",1994,2026,"02/10/2026 07:13:20",15475,16996,94,,"LUU","Desempleo y subutilización de la fuerza de trabajo","LFS","Estadísticas sobre la Fuerza Laboral (LFS)"
"EMP_XTRU_SEX_RT_M","EMP_XTRU_SEX_RT","Tasa de subocupación por insuficiencia de tiempo de trabajo según sexo (%)","M","Mensual","EMP_XTRU_RT","Tasa de subocupación por insuficiencia de tiempo de trabajo (definición anterior de la OIT - CIET13)","SEX","sexo",1994,2026,"16/09/2026 08:19:15",6621,6747,13,,"LUU","Desempleo y subutilización de la fuerza de trabajo","LFS","Estadísticas sobre la Fuerza Laboral (LFS)"
"EMP_XTRU_SEX_AGE_RT_A","EMP_XTRU_SEX_AGE_RT","Tasa de subocupación por insuficiencia de tiempo de trabajo según sexo y edad (%)","A","Anual","EMP_XTRU_RT","Tasa de subocupación por insuficiencia de tiempo de trabajo (definición anterior de la OIT - CIET13)","SEX_AGE","sexo, edad",1989,2025,"02/10/2026 07:12:21",81660,91010,172,,"LUU","Desempleo y subutilización de la fuerza de trabajo","LFS","Estadísticas sobre la Fuerza Laboral (LFS)"
"EMP_XTRU_SEX_AGE_RT_Q","EMP_XTRU_SEX_AGE_RT","Tasa de subocupación por insuficiencia de tiempo de trabajo según sexo y edad (%)","Q","Trimestral","EMP_XTRU_RT","Tasa de subocupación por insuficiencia de tiempo de trabajo (definición anterior de la OIT - CIET13)","SEX_AGE","sexo, edad",1994,2026,"02/10/2026 07:13:20",223352,246033,94,,"LUU","Desempleo y subutilización de la fuerza de trabajo","LFS","Estadísticas sobre la Fuerza Laboral (LFS)"
"EMP_XTRU_SEX_AGE_RT_M","EMP_XTRU_SEX_AGE_RT","Tasa de subocupación por insuficiencia de tiempo de trabajo según sexo y edad (%)","M","Mensual","EMP_XTRU_RT","Tasa de subocupación por insuficiencia de tiempo de trabajo (definición anterior de la OIT - CIET13)","SEX_AGE","sexo, edad",1994,2026,"16/09/2026 08:19:15",52874,53874,17,,"LUU","Desempleo y subutilización de la fuerza de trabajo","LFS","Estadísticas sobre la Fuerza Laboral (LFS)"
"EMP_XTRU_SEX_AGE_EDU_RT_A","EMP_XTRU_SEX_AGE_EDU_RT","Tasa de subocupación por insuficiencia de tiempo de trabajo según sexo, edad y educación (%)","A","Anual","EMP_XTRU_RT","Tasa de subocupación por insuficiencia de tiempo de trabajo (definición anterior de la OIT - CIET13)","SEX_AGE_EDU","sexo, edad, educación",1991,2025,"02/10/2026 07:04:13",188101,208812,148,,"LUU","Desempleo y subutilización de la fuerza de trabajo","EMI","Indicadores de Educación y Desajuste (EMI)"
"EMP_XTRU_SEX_AGE_EDU_RT_Q","EMP_XTRU_SEX_AGE_EDU_RT","Tasa de subocupación por insuficiencia de tiempo de trabajo según sexo, edad y educación (%)","Q","Trimestral","EMP_XTRU_RT","Tasa de subocupación por insuficiencia de tiempo de trabajo (definición anterior de la OIT - CIET13)","SEX_AGE_EDU","sexo, edad, educación",1994,2026,"02/10/2026 07:06:17",526546,577743,92,,"LUU","Desempleo y subutilización de la fuerza de trabajo","EMI","Indicadores de Educación y Desajuste (EMI)"
"EMP_XTRU_SEX_AGE_GEO_RT_A","EMP_XTRU_SEX_AGE_GEO_RT","Tasa de subocupación por insuficiencia de tiempo de trabajo según sexo, edad y zonas rurales / urbanas (%)","A","Anual","EMP_XTRU_RT","Tasa de subocupación por insuficiencia de tiempo de trabajo (definición anterior de la OIT - CIET13)","SEX_AGE_GEO","sexo, edad, zonas rurales/urbanes",1996,2025,"02/10/2026 07:15:05",97831,102875,119,,"LUU","Desempleo y subutilización de la fuerza de trabajo","RURBAN","Mercados Laborales Rurales y Urbanos (RURBAN)"
"EMP_XTRU_SEX_AGE_GEO_RT_Q","EMP_XTRU_SEX_AGE_GEO_RT","Tasa de subocupación por insuficiencia de tiempo de trabajo según sexo, edad y zonas rurales / urbanas (%)","Q","Trimestral","EMP_XTRU_RT","Tasa de subocupación por insuficiencia de tiempo de trabajo (definición anterior de la OIT - CIET13)","SEX_AGE_GEO","sexo, edad, zonas rurales/urbanes",1998,2026,"02/10/2026 07:16:10",284058,288391,79,,"LUU","Desempleo y subutilización de la fuerza de trabajo","RURBAN","Mercados Laborales Rurales y Urbanos (RURBAN)"
"EMP_XTRU_SEX_AGE_MTS_RT_A","EMP_XTRU_SEX_AGE_MTS_RT","Tasa de subocupación por insuficiencia de tiempo de trabajo según sexo, educación y estado civil (%)","A","Anual","EMP_XTRU_RT","Tasa de subocupación por insuficiencia de tiempo de trabajo (definición anterior de la OIT - CIET13)","SEX_AGE_MTS","sexo, edad, estado civil",1991,2025,"02/10/2026 07:07:11",83733,88719,127,,"LUU","Desempleo y subutilización de la fuerza de trabajo","GEND","Indicadores de Igualdad de Género y No Discriminación (GEND)"
"EMP_XTRU_SEX_AGE_MTS_RT_Q","EMP_XTRU_SEX_AGE_MTS_RT","Tasa de subocupación por insuficiencia de tiempo de trabajo según sexo, educación y estado civil (%)","Q","Trimestral","EMP_XTRU_RT","Tasa de subocupación por insuficiencia de tiempo de trabajo (definición anterior de la OIT - CIET13)","SEX_AGE_MTS","sexo, edad, estado civil",1994,2026,"02/10/2026 07:08:13",208035,208323,71,,"LUU","Desempleo y subutilización de la fuerza de trabajo","GEND","Indicadores de Igualdad de Género y No Discriminación (GEND)"
"EMP_XTRU_SEX_EDU_RT_A","EMP_XTRU_SEX_EDU_RT","Tasa de subocupación por insuficiencia de tiempo de trabajo según sexo y educación (%)","A","Anual","EMP_XTRU_RT","Tasa de subocupación por insuficiencia de tiempo de trabajo (definición anterior de la OIT - CIET13)","SEX_EDU","sexo, educación",1991,2025,"02/10/2026 07:04:13",62902,69465,148,,"LUU","Desempleo y subutilización de la fuerza de trabajo","EMI","Indicadores de Educación y Desajuste (EMI)"
"EMP_XTRU_SEX_EDU_RT_Q","EMP_XTRU_SEX_EDU_RT","Tasa de subocupación por insuficiencia de tiempo de trabajo según sexo y educación (%)","Q","Trimestral","EMP_XTRU_RT","Tasa de subocupación por insuficiencia de tiempo de trabajo (definición anterior de la OIT - CIET13)","SEX_EDU","sexo, educación",1994,2026,"02/10/2026 07:06:17",182048,197353,92,,"LUU","Desempleo y subutilización de la fuerza de trabajo","EMI","Indicadores de Educación y Desajuste (EMI)"
"EMP_XTRU_SEX_EDU_GEO_RT_A","EMP_XTRU_SEX_EDU_GEO_RT","Tasa de subocupación por insuficiencia de tiempo de trabajo según sexo, educación y áreas rurales / urbanas (%)","A","Anual","EMP_XTRU_RT","Tasa de subocupación por insuficiencia de tiempo de trabajo (definición anterior de la OIT - CIET13)","SEX_EDU_GEO","sexo, educación, zonas rurales/urbanes",1996,2025,"02/10/2026 07:04:13",62007,65406,118,,"LUU","Desempleo y subutilización de la fuerza de trabajo","EMI","Indicadores de Educación y Desajuste (EMI)"
"EMP_XTRU_SEX_EDU_GEO_RT_Q","EMP_XTRU_SEX_EDU_GEO_RT","Tasa de subocupación por insuficiencia de tiempo de trabajo según sexo, educación y áreas rurales / urbanas (%)","Q","Trimestral","EMP_XTRU_RT","Tasa de subocupación por insuficiencia de tiempo de trabajo (definición anterior de la OIT - CIET13)","SEX_EDU_GEO","sexo, educación, zonas rurales/urbanes",1998,2026,"02/10/2026 07:06:17",176629,179109,79,,"LUU","Desempleo y subutilización de la fuerza de trabajo","EMI","Indicadores de Educación y Desajuste (EMI)"
"EMP_XTRU_SEX_EDU_MTS_RT_A","EMP_XTRU_SEX_EDU_MTS_RT","Tasa de subocupación por insuficiencia de tiempo de trabajo según sexo, educación y estado civil (%)","A","Anual","EMP_XTRU_RT","Tasa de subocupación por insuficiencia de tiempo de trabajo (definición anterior de la OIT - CIET13)","SEX_EDU_MTS","sexo, educación, estado civil",1991,2025,"02/10/2026 07:04:13",54405,57522,124,,"LUU","Desempleo y subutilización de la fuerza de trabajo","EMI","Indicadores de Educación y Desajuste (EMI)"
"EMP_XTRU_SEX_EDU_MTS_RT_Q","EMP_XTRU_SEX_EDU_MTS_RT","Tasa de subocupación por insuficiencia de tiempo de trabajo según sexo, educación y estado civil (%)","Q","Trimestral","EMP_XTRU_RT","Tasa de subocupación por insuficiencia de tiempo de trabajo (definición anterior de la OIT - CIET13)","SEX_EDU_MTS","sexo, educación, estado civil",1994,2026,"02/10/2026 07:06:17",132500,132711,69,,"LUU","Desempleo y subutilización de la fuerza de trabajo","EMI","Indicadores de Educación y Desajuste (EMI)"
"EMP_XTRU_SEX_NB_A","EMP_XTRU_SEX_NB","Personas en subocupación por insuficiencia de tiempo de trabajo según sexo (millares)","A","Anual","EMP_XTRU_NB","Subocupación por insuficiencia de tiempo de trabajo (definición anterior de la OIT - CIET13)","SEX","sexo",1989,2027,"02/10/2026 07:12:21",11838,12459,259,"Y","LUU","Desempleo y subutilización de la fuerza de trabajo","LFS","Estadísticas sobre la Fuerza Laboral (LFS)"
"EMP_XTRU_SEX_NB_Q","EMP_XTRU_SEX_NB","Personas en subocupación por insuficiencia de tiempo de trabajo según sexo (millares)","Q","Trimestral","EMP_XTRU_NB","Subocupación por insuficiencia de tiempo de trabajo (definición anterior de la OIT - CIET13)","SEX","sexo",1994,2026,"02/10/2026 07:13:20",15444,16965,93,,"LUU","Desempleo y subutilización de la fuerza de trabajo","LFS","Estadísticas sobre la Fuerza Laboral (LFS)"
"EMP_XTRU_SEX_NB_M","EMP_XTRU_SEX_NB","Personas en subocupación por insuficiencia de tiempo de trabajo según sexo (millares)","M","Mensual","EMP_XTRU_NB","Subocupación por insuficiencia de tiempo de trabajo (definición anterior de la OIT - CIET13)","SEX","sexo",1994,2026,"16/09/2026 08:19:15",6621,6747,13,,"LUU","Desempleo y subutilización de la fuerza de trabajo","LFS","Estadísticas sobre la Fuerza Laboral (LFS)"
"EMP_XTRU_SEX_GEO_RT_A","EMP_XTRU_SEX_GEO_RT","Tasa de subocupación por insuficiencia de tiempo de trabajo según sexo y zonas rurales / urbanas (%)","A","Anual","EMP_XTRU_RT","Tasa de subocupación por insuficiencia de tiempo de trabajo (definición anterior de la OIT - CIET13)","SEX_GEO","sexo, zonas rurales/urbanes",1996,2025,"02/10/2026 07:15:05",12600,13236,119,,"LUU","Desempleo y subutilización de la fuerza de trabajo","RURBAN","Mercados Laborales Rurales y Urbanos (RURBAN)"
"EMP_XTRU_SEX_GEO_RT_Q","EMP_XTRU_SEX_GEO_RT","Tasa de subocupación por insuficiencia de tiempo de trabajo según sexo y zonas rurales / urbanas (%)","Q","Trimestral","EMP_XTRU_RT","Tasa de subocupación por insuficiencia de tiempo de trabajo (definición anterior de la OIT - CIET13)","SEX_GEO","sexo, zonas rurales/urbanes",1998,2026,"02/10/2026 07:16:10",37374,37932,79,,"LUU","Desempleo y subutilización de la fuerza de trabajo","RURBAN","Mercados Laborales Rurales y Urbanos (RURBAN)"
"EMP_XTRU_SEX_GEO_MTS_RT_A","EMP_XTRU_SEX_GEO_MTS_RT","Tasa de subocupación por insuficiencia de tiempo de trabajo según sexo, zonas rurales / urbanas y estado civil (%)","A","Anual","EMP_XTRU_RT","Tasa de subocupación por insuficiencia de tiempo de trabajo (definición anterior de la OIT - CIET13)","SEX_GEO_MTS","sexo, zonas rurales/urbanes, estado civil",1996,2025,"02/10/2026 07:15:05",22418,23954,95,,"LUU","Desempleo y subutilización de la fuerza de trabajo","RURBAN","Mercados Laborales Rurales y Urbanos (RURBAN)"
"EMP_XTRU_SEX_GEO_MTS_RT_Q","EMP_XTRU_SEX_GEO_MTS_RT","Tasa de subocupación por insuficiencia de tiempo de trabajo según sexo, zonas rurales / urbanas y estado civil (%)","Q","Trimestral","EMP_XTRU_RT","Tasa de subocupación por insuficiencia de tiempo de trabajo (definición anterior de la OIT - CIET13)","SEX_GEO_MTS","sexo, zonas rurales/urbanes, estado civil",1999,2026,"02/10/2026 07:16:10",50404,50512,54,,"LUU","Desempleo y subutilización de la fuerza de trabajo","RURBAN","Mercados Laborales Rurales y Urbanos (RURBAN)"
"EMP_XTRU_SEX_MTS_RT_A","EMP_XTRU_SEX_MTS_RT","Tasa de subocupación por insuficiencia de tiempo de trabajo según sexo y estado civil (%)","A","Anual","EMP_XTRU_RT","Tasa de subocupación por insuficiencia de tiempo de trabajo (definición anterior de la OIT - CIET13)","SEX_MTS","sexo, estado civil",1991,2025,"02/10/2026 07:07:11",28846,30692,127,,"LUU","Desempleo y subutilización de la fuerza de trabajo","GEND","Indicadores de Igualdad de Género y No Discriminación (GEND)"
"EMP_XTRU_SEX_MTS_RT_Q","EMP_XTRU_SEX_MTS_RT","Tasa de subocupación por insuficiencia de tiempo de trabajo según sexo y estado civil (%)","Q","Trimestral","EMP_XTRU_RT","Tasa de subocupación por insuficiencia de tiempo de trabajo (definición anterior de la OIT - CIET13)","SEX_MTS","sexo, estado civil",1994,2026,"02/10/2026 07:08:13",27489,27525,71,,"LUU","Desempleo y subutilización de la fuerza de trabajo","GEND","Indicadores de Igualdad de Género y No Discriminación (GEND)"
"EMP_XTRU_SEX_DSB_RT_A","EMP_XTRU_SEX_DSB_RT","Tasa de subocupación por insuficiencia de tiempo de trabajo según sexo y situación en términos de discapacidad (%)","A","Anual","EMP_XTRU_RT","Tasa de subocupación por insuficiencia de tiempo de trabajo (definición anterior de la OIT - CIET13)","SEX_DSB","sexo, situación en términos de discapacidad",1996,2025,"02/10/2026 07:02:05",6353,6522,95,,"LUU","Desempleo y subutilización de la fuerza de trabajo","DLMI","Indicadores del mercado laboral de discapacidad"
"EMP_XTRU_SEX_DSB_RT_Q","EMP_XTRU_SEX_DSB_RT","Tasa de subocupación por insuficiencia de tiempo de trabajo según sexo y situación en términos de discapacidad (%)","Q","Trimestral","EMP_XTRU_RT","Tasa de subocupación por insuficiencia de tiempo de trabajo (definición anterior de la OIT - CIET13)","SEX_DSB","sexo, situación en términos de discapacidad",1998,2026,"16/09/2026 07:14:26",4982,5018,25,,"LUU","Desempleo y subutilización de la fuerza de trabajo","DLMI","Indicadores del mercado laboral de discapacidad"
"UNE_TUNE_SEX_AGE_NB_A","UNE_TUNE_SEX_AGE_NB","Desocupación según sexo y edad (millares)","A","Anual","UNE_TUNE_NB","Desocupación (definición anterior de la OIT - CIET13)","SEX_AGE","sexo, edad",1947,2027,"02/10/2026 07:12:21",348238,408468,315,"Y","LUU","Desempleo y subutilización de la fuerza de trabajo","LFS","Estadísticas sobre la Fuerza Laboral (LFS)"
"UNE_TUNE_SEX_AGE_NB_Q","UNE_TUNE_SEX_AGE_NB","Desocupación según sexo y edad (millares)","Q","Trimestral","UNE_TUNE_NB","Desocupación (definición anterior de la OIT - CIET13)","SEX_AGE","sexo, edad",1948,2026,"02/10/2026 07:13:20",659936,720121,129,,"LUU","Desempleo y subutilización de la fuerza de trabajo","LFS","Estadísticas sobre la Fuerza Laboral (LFS)"
"UNE_TUNE_SEX_AGE_NB_M","UNE_TUNE_SEX_AGE_NB","Desocupación según sexo y edad (millares)","M","Mensual","UNE_TUNE_NB","Desocupación (definición anterior de la OIT - CIET13)","SEX_AGE","sexo, edad",1948,2026,"27/09/2026 07:15:40",400528,406463,91,,"LUU","Desempleo y subutilización de la fuerza de trabajo","LFS","Estadísticas sobre la Fuerza Laboral (LFS)"
"UNE_TUNE_SEX_AGE_EDU_NB_A","UNE_TUNE_SEX_AGE_EDU_NB","Desocupación según sexo, edad y educación (millares)","A","Anual","UNE_TUNE_NB","Desocupación (definición anterior de la OIT - CIET13)","SEX_AGE_EDU","sexo, edad, educación",1970,2025,"02/10/2026 07:04:13",1363538,1561495,209,,"LUU","Desempleo y subutilización de la fuerza de trabajo","EMI","Indicadores de Educación y Desajuste (EMI)"
"UNE_TUNE_SEX_AGE_EDU_NB_Q","UNE_TUNE_SEX_AGE_EDU_NB","Desocupación según sexo, edad y educación (millares)","Q","Trimestral","UNE_TUNE_NB","Desocupación (definición anterior de la OIT - CIET13)","SEX_AGE_EDU","sexo, edad, educación",1987,2026,"02/10/2026 07:06:17",2526877,2762260,102,,"LUU","Desempleo y subutilización de la fuerza de trabajo","EMI","Indicadores de Educación y Desajuste (EMI)"
"UNE_TUNE_SEX_AGE_EDU_NB_M","UNE_TUNE_SEX_AGE_EDU_NB","Desocupación según sexo, edad y educación (millares)","M","Mensual","UNE_TUNE_NB","Desocupación (definición anterior de la OIT - CIET13)","SEX_AGE_EDU","sexo, edad, educación",1990,2026,"16/09/2026 07:31:16",408554,413327,15,,"LUU","Desempleo y subutilización de la fuerza de trabajo","EMI","Indicadores de Educación y Desajuste (EMI)"
"UNE_TUNE_SEX_AGE_GEO_NB_A","UNE_TUNE_SEX_AGE_GEO_NB","Desocupación según sexo, edad y zonas rurales / urbanas (millares)","A","Anual","UNE_TUNE_NB","Desocupación (definición anterior de la OIT - CIET13)","SEX_AGE_GEO","sexo, edad, zonas rurales/urbanes",1970,2025,"02/10/2026 07:15:05",292665,321096,170,,"LUU","Desempleo y subutilización de la fuerza de trabajo","RURBAN","Mercados Laborales Rurales y Urbanos (RURBAN)"
"UNE_TUNE_SEX_AGE_GEO_NB_Q","UNE_TUNE_SEX_AGE_GEO_NB","Desocupación según sexo, edad y zonas rurales / urbanas (millares)","Q","Trimestral","UNE_TUNE_NB","Desocupación (definición anterior de la OIT - CIET13)","SEX_AGE_GEO","sexo, edad, zonas rurales/urbanes",1987,2026,"02/10/2026 07:16:10",738857,762593,90,,"LUU","Desempleo y subutilización de la fuerza de trabajo","RURBAN","Mercados Laborales Rurales y Urbanos (RURBAN)"
"UNE_TUNE_SEX_AGE_GEO_NB_M","UNE_TUNE_SEX_AGE_GEO_NB","Desocupación según sexo, edad y zonas rurales / urbanas (millares)","M","Mensual","UNE_TUNE_NB","Desocupación (definición anterior de la OIT - CIET13)","SEX_AGE_GEO","sexo, edad, zonas rurales/urbanes",2000,2026,"16/09/2026 08:32:07",154890,157857,15,,"LUU","Desempleo y subutilización de la fuerza de trabajo","RURBAN","Mercados Laborales Rurales y Urbanos (RURBAN)"
"UNE_TUNE_SEX_AGE_MTS_NB_A","UNE_TUNE_SEX_AGE_MTS_NB","Desocupación según sexo, edad y estado civil (millares)","A","Anual","UNE_TUNE_NB","Desocupación (definición anterior de la OIT - CIET13)","SEX_AGE_MTS","sexo, edad, estado civil",1970,2025,"02/10/2026 07:07:11",722741,823010,176,,"LUU","Desempleo y subutilización de la fuerza de trabajo","GEND","Indicadores de Igualdad de Género y No Discriminación (GEND)"
"UNE_TUNE_SEX_AGE_MTS_NB_Q","UNE_TUNE_SEX_AGE_MTS_NB","Desocupación según sexo, edad y estado civil (millares)","Q","Trimestral","UNE_TUNE_NB","Desocupación (definición anterior de la OIT - CIET13)","SEX_AGE_MTS","sexo, edad, estado civil",1987,2026,"02/10/2026 07:08:13",1086864,1088792,82,,"LUU","Desempleo y subutilización de la fuerza de trabajo","GEND","Indicadores de Igualdad de Género y No Discriminación (GEND)"
"UNE_TUNE_SEX_AGE_DSB_NB_A","UNE_TUNE_SEX_AGE_DSB_NB","Desocupación según sexo, edad y situación en términos de discapacidad (millares)","A","Anual","UNE_TUNE_NB","Desocupación (definición anterior de la OIT - CIET13)","SEX_AGE_DSB","sexo, edad, situación en términos de discapacidad",1996,2025,"02/10/2026 07:02:05",76140,79818,127,,"LUU","Desempleo y subutilización de la fuerza de trabajo","DLMI","Indicadores del mercado laboral de discapacidad"
"UNE_TUNE_SEX_AGE_DSB_NB_Q","UNE_TUNE_SEX_AGE_DSB_NB","Desocupación según sexo, edad y situación en términos de discapacidad (millares)","Q","Trimestral","UNE_TUNE_NB","Desocupación (definición anterior de la OIT - CIET13)","SEX_AGE_DSB","sexo, edad, situación en términos de discapacidad",1998,2026,"16/09/2026 07:14:26",46437,46759,27,,"LUU","Desempleo y subutilización de la fuerza de trabajo","DLMI","Indicadores del mercado laboral de discapacidad"
"UNE_TUNE_SEX_AGE_CBR_NB_A","UNE_TUNE_SEX_AGE_CBR_NB","Desocupación según sexo, edad y lugar de nacimiento (millares)","A","Anual","UNE_TUNE_NB","Desocupación (definición anterior de la OIT - CIET13)","SEX_AGE_CBR","sexo, edad, lugar de nacimiento",1987,2025,"02/10/2026 07:09:04",124553,143731,148,,"LUU","Desempleo y subutilización de la fuerza de trabajo","ILMS","Estadísticas de Migración Laboral Internacional (ILMS)"
"UNE_TUNE_SEX_AGE_CCT_NB_A","UNE_TUNE_SEX_AGE_CCT_NB","Desocupación según sexo, edad y nacionalidad (millares)","A","Anual","UNE_TUNE_NB","Desocupación (definición anterior de la OIT - CIET13)","SEX_AGE_CCT","sexo, edad, ciudadania",1991,2025,"24/09/2026 07:07:04",109083,128565,143,,"LUU","Desempleo y subutilización de la fuerza de trabajo","ILMS","Estadísticas de Migración Laboral Internacional (ILMS)"
"UNE_TUNE_SEX_EDU_NB_A","UNE_TUNE_SEX_EDU_NB","Desocupación según sexo y educación (millares)","A","Anual","UNE_TUNE_NB","Desocupación (definición anterior de la OIT - CIET13)","SEX_EDU","sexo, educación",1970,2025,"02/10/2026 07:04:13",91540,103581,181,,"LUU","Desempleo y subutilización de la fuerza de trabajo","EMI","Indicadores de Educación y Desajuste (EMI)"
"UNE_TUNE_SEX_EDU_NB_Q","UNE_TUNE_SEX_EDU_NB","Desocupación según sexo y educación (millares)","Q","Trimestral","UNE_TUNE_NB","Desocupación (definición anterior de la OIT - CIET13)","SEX_EDU","sexo, educación",1987,2026,"02/10/2026 07:06:17",235748,256112,101,,"LUU","Desempleo y subutilización de la fuerza de trabajo","EMI","Indicadores de Educación y Desajuste (EMI)"
"UNE_TUNE_SEX_EDU_NB_M","UNE_TUNE_SEX_EDU_NB","Desocupación según sexo y educación (millares)","M","Mensual","UNE_TUNE_NB","Desocupación (definición anterior de la OIT - CIET13)","SEX_EDU","sexo, educación",1990,2026,"16/09/2026 07:31:16",48513,49146,15,,"LUU","Desempleo y subutilización de la fuerza de trabajo","EMI","Indicadores de Educación y Desajuste (EMI)"
"UNE_TUNE_SEX_EDU_GEO_NB_A","UNE_TUNE_SEX_EDU_GEO_NB","Desocupación según sexo, educación y áreas rurales / urbanas (millares)","A","Anual","UNE_TUNE_NB","Desocupación (definición anterior de la OIT - CIET13)","SEX_EDU_GEO","sexo, educación, zonas rurales/urbanes",1970,2025,"02/10/2026 07:04:13",212018,231095,146,,"LUU","Desempleo y subutilización de la fuerza de trabajo","EMI","Indicadores de Educación y Desajuste (EMI)"
"UNE_TUNE_SEX_EDU_GEO_NB_Q","UNE_TUNE_SEX_EDU_GEO_NB","Desocupación según sexo, educación y áreas rurales / urbanas (millares)","Q","Trimestral","UNE_TUNE_NB","Desocupación (definición anterior de la OIT - CIET13)","SEX_EDU_GEO","sexo, educación, zonas rurales/urbanes",1987,2026,"02/10/2026 07:06:17",221811,228777,85,,"LUU","Desempleo y subutilización de la fuerza de trabajo","EMI","Indicadores de Educación y Desajuste (EMI)"
"UNE_TUNE_SEX_EDU_MTS_NB_A","UNE_TUNE_SEX_EDU_MTS_NB","Desocupación según sexo, educación y estado civil (millares)","A","Anual","UNE_TUNE_NB","Desocupación (definición anterior de la OIT - CIET13)","SEX_EDU_MTS","sexo, educación, estado civil",1970,2025,"02/10/2026 07:04:13",550115,621350,174,,"LUU","Desempleo y subutilización de la fuerza de trabajo","EMI","Indicadores de Educación y Desajuste (EMI)"
"UNE_TUNE_SEX_EDU_MTS_NB_Q","UNE_TUNE_SEX_EDU_MTS_NB","Desocupación según sexo, educación y estado civil (millares)","Q","Trimestral","UNE_TUNE_NB","Desocupación (definición anterior de la OIT - CIET13)","SEX_EDU_MTS","sexo, educación, estado civil",1987,2026,"02/10/2026 07:06:17",184111,184303,79,,"LUU","Desempleo y subutilización de la fuerza de trabajo","EMI","Indicadores de Educación y Desajuste (EMI)"
"UNE_TUNE_SEX_EDU_DSB_NB_A","UNE_TUNE_SEX_EDU_DSB_NB","Desocupación según sexo, educación y situación en términos de discapacidad (millares)","A","Anual","UNE_TUNE_NB","Desocupación (definición anterior de la OIT - CIET13)","SEX_EDU_DSB","sexo, educación, situación en términos de discapacidad",1996,2025,"02/10/2026 07:02:05",44695,46504,126,,"LUU","Desempleo y subutilización de la fuerza de trabajo","DLMI","Indicadores del mercado laboral de discapacidad"
"UNE_TUNE_SEX_EDU_CBR_NB_A","UNE_TUNE_SEX_EDU_CBR_NB","Desocupación según sexo, educación y lugar de nacimiento (millares)","A","Anual","UNE_TUNE_NB","Desocupación (definición anterior de la OIT - CIET13)","SEX_EDU_CBR","sexo, educación, lugar de nacimiento",1987,2025,"02/10/2026 07:09:04",67281,75354,134,,"LUU","Desempleo y subutilización de la fuerza de trabajo","ILMS","Estadísticas de Migración Laboral Internacional (ILMS)"
"UNE_TUNE_SEX_EDU_CCT_NB_A","UNE_TUNE_SEX_EDU_CCT_NB","Desocupación según sexo, educación y nacionalidad (millares)","A","Anual","UNE_TUNE_NB","Desocupación (definición anterior de la OIT - CIET13)","SEX_EDU_CCT","sexo, educación, ciudadania",1991,2025,"24/09/2026 07:07:04",59429,68330,124,,"LUU","Desempleo y subutilización de la fuerza de trabajo","ILMS","Estadísticas de Migración Laboral Internacional (ILMS)"
"UNE_TUNE_SEX_GEO_NB_A","UNE_TUNE_SEX_GEO_NB","Desocupación según sexo y zonas rurales / urbanas (millares)","A","Anual","UNE_TUNE_NB","Desocupación (definición anterior de la OIT - CIET13)","SEX_GEO","sexo, zonas rurales/urbanes",1970,2025,"02/10/2026 07:15:05",18011,19550,147,,"LUU","Desempleo y subutilización de la fuerza de trabajo","RURBAN","Mercados Laborales Rurales y Urbanos (RURBAN)"
"UNE_TUNE_SEX_GEO_NB_Q","UNE_TUNE_SEX_GEO_NB","Desocupación según sexo y zonas rurales / urbanas (millares)","Q","Trimestral","UNE_TUNE_NB","Desocupación (definición anterior de la OIT - CIET13)","SEX_GEO","sexo, zonas rurales/urbanes",1987,2026,"02/10/2026 07:16:10",46554,48084,88,,"LUU","Desempleo y subutilización de la fuerza de trabajo","RURBAN","Mercados Laborales Rurales y Urbanos (RURBAN)"
"UNE_TUNE_SEX_GEO_NB_M","UNE_TUNE_SEX_GEO_NB","Desocupación según sexo y zonas rurales / urbanas (millares)","M","Mensual","UNE_TUNE_NB","Desocupación (definición anterior de la OIT - CIET13)","SEX_GEO","sexo, zonas rurales/urbanes",2000,2026,"16/09/2026 08:32:07",16488,16863,12,,"LUU","Desempleo y subutilización de la fuerza de trabajo","RURBAN","Mercados Laborales Rurales y Urbanos (RURBAN)"
"UNE_TUNE_SEX_GEO_MTS_NB_A","UNE_TUNE_SEX_GEO_MTS_NB","Desocupación según sexo, zonas rurales / urbanas y estado civil (millares)","A","Anual","UNE_TUNE_NB","Desocupación (definición anterior de la OIT - CIET13)","SEX_GEO_MTS","sexo, zonas rurales/urbanes, estado civil",1970,2025,"02/10/2026 07:15:05",105248,115763,143,,"LUU","Desempleo y subutilización de la fuerza de trabajo","RURBAN","Mercados Laborales Rurales y Urbanos (RURBAN)"
"UNE_TUNE_SEX_GEO_MTS_NB_Q","UNE_TUNE_SEX_GEO_MTS_NB","Desocupación según sexo, zonas rurales / urbanas y estado civil (millares)","Q","Trimestral","UNE_TUNE_NB","Desocupación (definición anterior de la OIT - CIET13)","SEX_GEO_MTS","sexo, zonas rurales/urbanes, estado civil",1987,2026,"02/10/2026 07:16:10",180525,180843,62,,"LUU","Desempleo y subutilización de la fuerza de trabajo","RURBAN","Mercados Laborales Rurales y Urbanos (RURBAN)"
"UNE_TUNE_SEX_MTS_NB_A","UNE_TUNE_SEX_MTS_NB","Desocupación según sexo y estado civil (millares)","A","Anual","UNE_TUNE_NB","Desocupación (definición anterior de la OIT - CIET13)","SEX_MTS","sexo, estado civil",1970,2025,"02/10/2026 07:07:11",48900,55719,176,,"LUU","Desempleo y subutilización de la fuerza de trabajo","GEND","Indicadores de Igualdad de Género y No Discriminación (GEND)"
"UNE_TUNE_SEX_MTS_NB_Q","UNE_TUNE_SEX_MTS_NB","Desocupación según sexo y estado civil (millares)","Q","Trimestral","UNE_TUNE_NB","Desocupación (definición anterior de la OIT - CIET13)","SEX_MTS","sexo, estado civil",1987,2026,"02/10/2026 07:08:13",100179,100362,82,,"LUU","Desempleo y subutilización de la fuerza de trabajo","GEND","Indicadores de Igualdad de Género y No Discriminación (GEND)"
"UNE_TUNE_SEX_MTS_NB_M","UNE_TUNE_SEX_MTS_NB","Desocupación según sexo y estado civil (millares)","M","Mensual","UNE_TUNE_NB","Desocupación (definición anterior de la OIT - CIET13)","SEX_MTS","sexo, estado civil",1994,2026,"16/09/2026 08:03:05",28362,28362,15,,"LUU","Desempleo y subutilización de la fuerza de trabajo","GEND","Indicadores de Igualdad de Género y No Discriminación (GEND)"
"UNE_TUNE_SEX_GEO_DSB_NB_A","UNE_TUNE_SEX_GEO_DSB_NB","Desocupación según sexo, zonas rurales / urbanes y situación en términos de discapacidad (millares)","A","Anual","UNE_TUNE_NB","Desocupación (definición anterior de la OIT - CIET13)","SEX_GEO_DSB","sexo, zonas rurales/urbanes, situación en términos de discapacidad",1996,2025,"24/09/2026 07:02:05",23878,24835,105,,"LUU","Desempleo y subutilización de la fuerza de trabajo","DLMI","Indicadores del mercado laboral de discapacidad"
"UNE_TUNE_SEX_GEO_DSB_NB_Q","UNE_TUNE_SEX_GEO_DSB_NB","Desocupación según sexo, zonas rurales / urbanes y situación en términos de discapacidad (millares)","Q","Trimestral","UNE_TUNE_NB","Desocupación (definición anterior de la OIT - CIET13)","SEX_GEO_DSB","sexo, zonas rurales/urbanes, situación en términos de discapacidad",2009,2026,"16/09/2026 07:14:26",12190,12298,23,,"LUU","Desempleo y subutilización de la fuerza de trabajo","DLMI","Indicadores del mercado laboral de discapacidad"
"UNE_TUNE_SEX_DSB_NB_A","UNE_TUNE_SEX_DSB_NB","Desocupación según sexo y situación en términos de discapacidad (millares)","A","Anual","UNE_TUNE_NB","Desocupación (definición anterior de la OIT - CIET13)","SEX_DSB","sexo, situación en términos de discapacidad",1996,2025,"02/10/2026 07:02:05",9403,10351,143,,"LUU","Desempleo y subutilización de la fuerza de trabajo","DLMI","Indicadores del mercado laboral de discapacidad"
"UNE_TUNE_SEX_DSB_NB_Q","UNE_TUNE_SEX_DSB_NB","Desocupación según sexo y situación en términos de discapacidad (millares)","Q","Trimestral","UNE_TUNE_NB","Desocupación (definición anterior de la OIT - CIET13)","SEX_DSB","sexo, situación en términos de discapacidad",1998,2026,"16/09/2026 07:14:26",5522,5558,27,,"LUU","Desempleo y subutilización de la fuerza de trabajo","DLMI","Indicadores del mercado laboral de discapacidad"
"UNE_TUNE_SEX_MTS_DSB_NB_A","UNE_TUNE_SEX_MTS_DSB_NB","Desocupación según sexo, estado civil y situación en términos de discapacidad (millares)","A","Anual","UNE_TUNE_NB","Desocupación (definición anterior de la OIT - CIET13)","SEX_MTS_DSB","sexo, estado civil, situación en términos de discapacidad",1996,2025,"02/10/2026 07:02:05",75630,79257,127,,"LUU","Desempleo y subutilización de la fuerza de trabajo","DLMI","Indicadores del mercado laboral de discapacidad"
"UNE_TUNE_SEX_MTS_DSB_NB_Q","UNE_TUNE_SEX_MTS_DSB_NB","Desocupación según sexo, estado civil y situación en términos de discapacidad (millares)","Q","Trimestral","UNE_TUNE_NB","Desocupación (definición anterior de la OIT - CIET13)","SEX_MTS_DSB","sexo, estado civil, situación en términos de discapacidad",1998,2026,"16/09/2026 07:14:26",15859,15859,27,,"LUU","Desempleo y subutilización de la fuerza de trabajo","DLMI","Indicadores del mercado laboral de discapacidad"
"UNE_TUNE_SEX_AGE_DUR_NB_A","UNE_TUNE_SEX_AGE_DUR_NB","Desocupación según sexo, edad y duración (millares)","A","Anual","UNE_TUNE_NB","Desocupación (definición anterior de la OIT - CIET13)","SEX_AGE_DUR","sexo, edad, duración",1948,2025,"02/10/2026 07:12:21",1246196,1368219,183,,"LUU","Desempleo y subutilización de la fuerza de trabajo","LFS","Estadísticas sobre la Fuerza Laboral (LFS)"
"UNE_TUNE_SEX_AGE_DUR_NB_Q","UNE_TUNE_SEX_AGE_DUR_NB","Desocupación según sexo, edad y duración (millares)","Q","Trimestral","UNE_TUNE_NB","Desocupación (definición anterior de la OIT - CIET13)","SEX_AGE_DUR","sexo, edad, duración",1948,2026,"02/10/2026 07:13:20",2375250,2614377,103,,"LUU","Desempleo y subutilización de la fuerza de trabajo","LFS","Estadísticas sobre la Fuerza Laboral (LFS)"
"UNE_TUNE_SEX_AGE_DUR_NB_M","UNE_TUNE_SEX_AGE_DUR_NB","Desocupación según sexo, edad y duración (millares)","M","Mensual","UNE_TUNE_NB","Desocupación (definición anterior de la OIT - CIET13)","SEX_AGE_DUR","sexo, edad, duración",1948,2026,"20/09/2026 07:29:34",581824,589785,19,,"LUU","Desempleo y subutilización de la fuerza de trabajo","LFS","Estadísticas sobre la Fuerza Laboral (LFS)"
"UNE_TUNE_SEX_DUR_GEO_NB_A","UNE_TUNE_SEX_DUR_GEO_NB","Desocupación según sexo, duración y zonas rurales / urbanas (millares)","A","Anual","UNE_TUNE_NB","Desocupación (definición anterior de la OIT - CIET13)","SEX_DUR_GEO","sexo, duración, zonas rurales/urbanes",1987,2025,"02/10/2026 07:15:05",72650,77153,132,,"LUU","Desempleo y subutilización de la fuerza de trabajo","RURBAN","Mercados Laborales Rurales y Urbanos (RURBAN)"
"UNE_TUNE_SEX_DUR_MTS_NB_A","UNE_TUNE_SEX_DUR_MTS_NB","Desocupación según sexo, educación y estado civil (millares)","A","Anual","UNE_TUNE_NB","Desocupación (definición anterior de la OIT - CIET13)","SEX_DUR_MTS","sexo, duración, estado civil",1987,2025,"02/10/2026 07:07:11",81660,89958,146,,"LUU","Desempleo y subutilización de la fuerza de trabajo","GEND","Indicadores de Igualdad de Género y No Discriminación (GEND)"
"UNE_PUNE_SEX_ECO_NB_A","UNE_PUNE_SEX_ECO_NB","Personas desocupadas anteriormente ocupadas según sexo y actividad económica previa (millares)","A","Anual","UNE_PUNE_NB","Personas desocupadas anteriormente ocupadas (definición anterior de la OIT - CIET13)","SEX_ECO","sexo, actividad económica",1970,2025,"24/09/2026 07:10:19",205570,223325,136,,"LUU","Desempleo y subutilización de la fuerza de trabajo","LFS","Estadísticas sobre la Fuerza Laboral (LFS)"
"UNE_PUNE_SEX_ECO_EDU_NB_A","UNE_PUNE_SEX_ECO_EDU_NB","Personas desocupadas anteriormente ocupadas según sexo, actividad económica previa y educación (millares)","A","Anual","UNE_PUNE_NB","Personas desocupadas anteriormente ocupadas (definición anterior de la OIT - CIET13)","SEX_ECO_EDU","sexo, actividad económica, educación",1976,2025,"16/06/2026 07:02:10",286105,314561,153,,"LUU","Desempleo y subutilización de la fuerza de trabajo","EMI","Indicadores de Educación y Desajuste (EMI)"
"UNE_PUNE_SEX_OCU_NB_A","UNE_PUNE_SEX_OCU_NB","Personas desocupadas anteriormente ocupadas según sexo y ocupación previa (millares)","A","Anual","UNE_PUNE_NB","Personas desocupadas anteriormente ocupadas (definición anterior de la OIT - CIET13)","SEX_OCU","sexo, ocupación",1969,2025,"24/09/2026 07:10:19",105254,115893,142,,"LUU","Desempleo y subutilización de la fuerza de trabajo","LFS","Estadísticas sobre la Fuerza Laboral (LFS)"
"UNE_PUNE_SEX_OCU_EDU_NB_A","UNE_PUNE_SEX_OCU_EDU_NB","Personas desocupadas anteriormente ocupadas según sexo, ocupación and educación (millares)","A","Anual","UNE_PUNE_NB","Personas desocupadas anteriormente ocupadas (definición anterior de la OIT - CIET13)","SEX_OCU_EDU","sexo, ocupación, educación",1989,2025,"16/06/2026 07:02:10",100288,110011,96,,"LUU","Desempleo y subutilización de la fuerza de trabajo","EMI","Indicadores de Educación y Desajuste (EMI)"
"UNE_TUNE_SEX_CAT_NB_A","UNE_TUNE_SEX_CAT_NB","Desocupación según sexo y categoría de personas desocupadas (millares)","A","Anual","UNE_TUNE_NB","Desocupación (definición anterior de la OIT - CIET13)","SEX_CAT","sexo, tipo de desocupación",1969,2025,"02/10/2026 07:12:21",34717,38920,180,,"LUU","Desempleo y subutilización de la fuerza de trabajo","LFS","Estadísticas sobre la Fuerza Laboral (LFS)"
"UNE_TUNE_SEX_CAT_NB_Q","UNE_TUNE_SEX_CAT_NB","Desocupación según sexo y categoría de personas desocupadas (millares)","Q","Trimestral","UNE_TUNE_NB","Desocupación (definición anterior de la OIT - CIET13)","SEX_CAT","sexo, tipo de desocupación",1976,2026,"02/10/2026 07:13:20",60564,68112,87,,"LUU","Desempleo y subutilización de la fuerza de trabajo","LFS","Estadísticas sobre la Fuerza Laboral (LFS)"
"UNE_TUN1_SEX_AGE_NB_Q","UNE_TUN1_SEX_AGE_NB","Desocupación, DES según sexo y edad (millares)","Q","Trimestral","UNE_TUN1_NB","Desocupación, DES (definición anterior de la OIT - CIET13)","SEX_AGE","sexo, edad",1955,2026,"01/10/2026 07:02:38",114015,115167,72,,"LUU","Desempleo y subutilización de la fuerza de trabajo","LFS","Estadísticas sobre la Fuerza Laboral (LFS)"
"UNE_TUN1_SEX_AGE_NB_M","UNE_TUN1_SEX_AGE_NB","Desocupación, DES según sexo y edad (millares)","M","Mensual","UNE_TUN1_NB","Desocupación, DES (definición anterior de la OIT - CIET13)","SEX_AGE","sexo, edad",1955,2026,"27/09/2026 07:15:40",207950,207950,40,,"LUU","Desempleo y subutilización de la fuerza de trabajo","LFS","Estadísticas sobre la Fuerza Laboral (LFS)"
"UNE_TUN1_SEX_AGE_DUR_NB_Q","UNE_TUN1_SEX_AGE_DUR_NB","Desocupación, DES según sexo, edad y duración (millares)","Q","Trimestral","UNE_TUN1_NB","Desocupación, DES (definición anterior de la OIT - CIET13)","SEX_AGE_DUR","sexo, edad, duración",2000,2026,"01/10/2026 07:02:38",207957,229610,75,,"LUU","Desempleo y subutilización de la fuerza de trabajo","LFS","Estadísticas sobre la Fuerza Laboral (LFS)"
"UNE_DEAP_SEX_AGE_RT_A","UNE_DEAP_SEX_AGE_RT","Tasa de desocupación según sexo y edad (%)","A","Anual","UNE_DEAP_RT","Tasa de desocupación (definición anterior de la OIT - CIET13)","SEX_AGE","sexo, edad",1947,2027,"02/10/2026 07:12:21",322642,365907,312,"Y","LUU","Desempleo y subutilización de la fuerza de trabajo","LFS","Estadísticas sobre la Fuerza Laboral (LFS)"
"UNE_DEAP_SEX_AGE_RT_Q","UNE_DEAP_SEX_AGE_RT","Tasa de desocupación según sexo y edad (%)","Q","Trimestral","UNE_DEAP_RT","Tasa de desocupación (definición anterior de la OIT - CIET13)","SEX_AGE","sexo, edad",1948,2026,"02/10/2026 07:13:20",659605,719284,122,,"LUU","Desempleo y subutilización de la fuerza de trabajo","LFS","Estadísticas sobre la Fuerza Laboral (LFS)"
"UNE_DEAP_SEX_AGE_RT_M","UNE_DEAP_SEX_AGE_RT","Tasa de desocupación según sexo y edad (%)","M","Mensual","UNE_DEAP_RT","Tasa de desocupación (definición anterior de la OIT - CIET13)","SEX_AGE","sexo, edad",1948,2026,"27/09/2026 07:15:40",394147,399079,86,,"LUU","Desempleo y subutilización de la fuerza de trabajo","LFS","Estadísticas sobre la Fuerza Laboral (LFS)"
"UNE_DEAP_SEX_AGE_EDU_RT_A","UNE_DEAP_SEX_AGE_EDU_RT","Tasa de desocupación según sexo, edad y educación (%)","A","Anual","UNE_DEAP_RT","Tasa de desocupación (definición anterior de la OIT - CIET13)","SEX_AGE_EDU","sexo, edad, educación",1970,2025,"02/10/2026 07:04:13",1343207,1533114,206,,"LUU","Desempleo y subutilización de la fuerza de trabajo","EMI","Indicadores de Educación y Desajuste (EMI)"
"UNE_DEAP_SEX_AGE_EDU_RT_Q","UNE_DEAP_SEX_AGE_EDU_RT","Tasa de desocupación según sexo, edad y educación (%)","Q","Trimestral","UNE_DEAP_RT","Tasa de desocupación (definición anterior de la OIT - CIET13)","SEX_AGE_EDU","sexo, edad, educación",1987,2026,"02/10/2026 07:06:17",2541048,2776431,103,,"LUU","Desempleo y subutilización de la fuerza de trabajo","EMI","Indicadores de Educación y Desajuste (EMI)"
"UNE_DEAP_SEX_AGE_EDU_RT_M","UNE_DEAP_SEX_AGE_EDU_RT","Tasa de desocupación según sexo, edad y educación (%)","M","Mensual","UNE_DEAP_RT","Tasa de desocupación (definición anterior de la OIT - CIET13)","SEX_AGE_EDU","sexo, edad, educación",1990,2026,"16/09/2026 07:31:16",408554,413327,15,,"LUU","Desempleo y subutilización de la fuerza de trabajo","EMI","Indicadores de Educación y Desajuste (EMI)"
"UNE_DEAP_SEX_AGE_GEO_RT_A","UNE_DEAP_SEX_AGE_GEO_RT","Tasa de desocupación según sexo, edad y zonas rurales / urbanas (%)","A","Anual","UNE_DEAP_RT","Tasa de desocupación (definición anterior de la OIT - CIET13)","SEX_AGE_GEO","sexo, edad, zonas rurales/urbanes",1970,2025,"02/10/2026 07:15:05",288588,316293,165,,"LUU","Desempleo y subutilización de la fuerza de trabajo","RURBAN","Mercados Laborales Rurales y Urbanos (RURBAN)"
"UNE_DEAP_SEX_AGE_GEO_RT_Q","UNE_DEAP_SEX_AGE_GEO_RT","Tasa de desocupación según sexo, edad y zonas rurales / urbanas (%)","Q","Trimestral","UNE_DEAP_RT","Tasa de desocupación (definición anterior de la OIT - CIET13)","SEX_AGE_GEO","sexo, edad, zonas rurales/urbanes",1987,2026,"02/10/2026 07:16:10",731427,755113,90,,"LUU","Desempleo y subutilización de la fuerza de trabajo","RURBAN","Mercados Laborales Rurales y Urbanos (RURBAN)"
"UNE_DEAP_SEX_AGE_GEO_RT_M","UNE_DEAP_SEX_AGE_GEO_RT","Tasa de desocupación según sexo, edad y zonas rurales / urbanas (%)","M","Mensual","UNE_DEAP_RT","Tasa de desocupación (definición anterior de la OIT - CIET13)","SEX_AGE_GEO","sexo, edad, zonas rurales/urbanes",2000,2026,"16/09/2026 08:32:07",152822,155789,17,,"LUU","Desempleo y subutilización de la fuerza de trabajo","RURBAN","Mercados Laborales Rurales y Urbanos (RURBAN)"
"UNE_DEAP_SEX_AGE_MTS_RT_A","UNE_DEAP_SEX_AGE_MTS_RT","Tasa de desocupación según sexo, edad y estado civil (%)","A","Anual","UNE_DEAP_RT","Tasa de desocupación (definición anterior de la OIT - CIET13)","SEX_AGE_MTS","sexo, edad, estado civil",1970,2025,"02/10/2026 07:07:11",723758,824027,177,,"LUU","Desempleo y subutilización de la fuerza de trabajo","GEND","Indicadores de Igualdad de Género y No Discriminación (GEND)"
"UNE_DEAP_SEX_AGE_MTS_RT_Q","UNE_DEAP_SEX_AGE_MTS_RT","Tasa de desocupación según sexo, edad y estado civil (%)","Q","Trimestral","UNE_DEAP_RT","Tasa de desocupación (definición anterior de la OIT - CIET13)","SEX_AGE_MTS","sexo, edad, estado civil",1987,2026,"02/10/2026 07:08:13",1091968,1093896,83,,"LUU","Desempleo y subutilización de la fuerza de trabajo","GEND","Indicadores de Igualdad de Género y No Discriminación (GEND)"
"UNE_DEAP_SEX_AGE_DSB_RT_A","UNE_DEAP_SEX_AGE_DSB_RT","Tasa de desocupación según sexo, edad y situación en términos de discapacidad (%)","A","Anual","UNE_DEAP_RT","Tasa de desocupación (definición anterior de la OIT - CIET13)","SEX_AGE_DSB","sexo, edad, situación en términos de discapacidad",1996,2025,"02/10/2026 07:02:05",76140,79818,127,,"LUU","Desempleo y subutilización de la fuerza de trabajo","DLMI","Indicadores del mercado laboral de discapacidad"
"UNE_DEAP_SEX_AGE_DSB_RT_Q","UNE_DEAP_SEX_AGE_DSB_RT","Tasa de desocupación según sexo, edad y situación en términos de discapacidad (%)","Q","Trimestral","UNE_DEAP_RT","Tasa de desocupación (definición anterior de la OIT - CIET13)","SEX_AGE_DSB","sexo, edad, situación en términos de discapacidad",1998,2026,"16/09/2026 07:14:26",46437,46759,27,,"LUU","Desempleo y subutilización de la fuerza de trabajo","DLMI","Indicadores del mercado laboral de discapacidad"
"UNE_DEAP_SEX_AGE_CBR_RT_A","UNE_DEAP_SEX_AGE_CBR_RT","Tasa de desocupación según sexo, edad y lugar de nacimiento (%)","A","Anual","UNE_DEAP_RT","Tasa de desocupación (definición anterior de la OIT - CIET13)","SEX_AGE_CBR","sexo, edad, lugar de nacimiento",1987,2025,"02/10/2026 07:09:04",123721,142485,148,,"LUU","Desempleo y subutilización de la fuerza de trabajo","ILMS","Estadísticas de Migración Laboral Internacional (ILMS)"
"UNE_DEAP_SEX_AGE_CCT_RT_A","UNE_DEAP_SEX_AGE_CCT_RT","Tasa de desocupación según sexo, edad y nacionalidad (%)","A","Anual","UNE_DEAP_RT","Tasa de desocupación (definición anterior de la OIT - CIET13)","SEX_AGE_CCT","sexo, edad, ciudadania",1991,2025,"24/09/2026 07:07:04",108713,127972,141,,"LUU","Desempleo y subutilización de la fuerza de trabajo","ILMS","Estadísticas de Migración Laboral Internacional (ILMS)"
"UNE_DEAP_SEX_EDU_RT_A","UNE_DEAP_SEX_EDU_RT","Tasa de desocupación según sexo y educación (%)","A","Anual","UNE_DEAP_RT","Tasa de desocupación (definición anterior de la OIT - CIET13)","SEX_EDU","sexo, educación",1970,2025,"02/10/2026 07:04:13",91659,103691,182,,"LUU","Desempleo y subutilización de la fuerza de trabajo","EMI","Indicadores de Educación y Desajuste (EMI)"
"UNE_DEAP_SEX_EDU_RT_Q","UNE_DEAP_SEX_EDU_RT","Tasa de desocupación según sexo y educación (%)","Q","Trimestral","UNE_DEAP_RT","Tasa de desocupación (definición anterior de la OIT - CIET13)","SEX_EDU","sexo, educación",1987,2026,"02/10/2026 07:06:17",237607,257971,102,,"LUU","Desempleo y subutilización de la fuerza de trabajo","EMI","Indicadores de Educación y Desajuste (EMI)"
"UNE_DEAP_SEX_EDU_RT_M","UNE_DEAP_SEX_EDU_RT","Tasa de desocupación según sexo y educación (%)","M","Mensual","UNE_DEAP_RT","Tasa de desocupación (definición anterior de la OIT - CIET13)","SEX_EDU","sexo, educación",1990,2026,"16/09/2026 07:31:16",48513,49146,15,,"LUU","Desempleo y subutilización de la fuerza de trabajo","EMI","Indicadores de Educación y Desajuste (EMI)"
"UNE_DEAP_SEX_EDU_GEO_RT_A","UNE_DEAP_SEX_EDU_GEO_RT","Tasa de desocupación según sexo, educación y áreas rurales / urbanas (%)","A","Anual","UNE_DEAP_RT","Tasa de desocupación (definición anterior de la OIT - CIET13)","SEX_EDU_GEO","sexo, educación, zonas rurales/urbanes",1970,2025,"02/10/2026 07:04:13",211869,230979,146,,"LUU","Desempleo y subutilización de la fuerza de trabajo","EMI","Indicadores de Educación y Desajuste (EMI)"
"UNE_DEAP_SEX_EDU_GEO_RT_Q","UNE_DEAP_SEX_EDU_GEO_RT","Tasa de desocupación según sexo, educación y áreas rurales / urbanas (%)","Q","Trimestral","UNE_DEAP_RT","Tasa de desocupación (definición anterior de la OIT - CIET13)","SEX_EDU_GEO","sexo, educación, zonas rurales/urbanes",1987,2026,"02/10/2026 07:06:17",221811,228777,85,,"LUU","Desempleo y subutilización de la fuerza de trabajo","EMI","Indicadores de Educación y Desajuste (EMI)"
"UNE_DEAP_SEX_EDU_MTS_RT_A","UNE_DEAP_SEX_EDU_MTS_RT","Tasa de desocupación según sexo, educación y estado civil (%)","A","Anual","UNE_DEAP_RT","Tasa de desocupación (definición anterior de la OIT - CIET13)","SEX_EDU_MTS","sexo, educación, estado civil",1970,2025,"02/10/2026 07:04:13",551917,623152,175,,"LUU","Desempleo y subutilización de la fuerza de trabajo","EMI","Indicadores de Educación y Desajuste (EMI)"
"UNE_DEAP_SEX_EDU_MTS_RT_Q","UNE_DEAP_SEX_EDU_MTS_RT","Tasa de desocupación según sexo, educación y estado civil (%)","Q","Trimestral","UNE_DEAP_RT","Tasa de desocupación (definición anterior de la OIT - CIET13)","SEX_EDU_MTS","sexo, educación, estado civil",1987,2026,"02/10/2026 07:06:17",185389,185581,80,,"LUU","Desempleo y subutilización de la fuerza de trabajo","EMI","Indicadores de Educación y Desajuste (EMI)"
"UNE_DEAP_SEX_EDU_DSB_RT_A","UNE_DEAP_SEX_EDU_DSB_RT","Tasa de desocupación según sexo, educación y situación en términos de discapacidad (%)","A","Anual","UNE_DEAP_RT","Tasa de desocupación (definición anterior de la OIT - CIET13)","SEX_EDU_DSB","sexo, educación, situación en términos de discapacidad",1996,2025,"02/10/2026 07:02:05",44695,46504,126,,"LUU","Desempleo y subutilización de la fuerza de trabajo","DLMI","Indicadores del mercado laboral de discapacidad"
"UNE_DEAP_SEX_EDU_CBR_RT_A","UNE_DEAP_SEX_EDU_CBR_RT","Tasa de desocupación según sexo, educación y lugar de nacimiento (%)","A","Anual","UNE_DEAP_RT","Tasa de desocupación (definición anterior de la OIT - CIET13)","SEX_EDU_CBR","sexo, educación, lugar de nacimiento",1987,2025,"02/10/2026 07:09:04",67000,75065,134,,"LUU","Desempleo y subutilización de la fuerza de trabajo","ILMS","Estadísticas de Migración Laboral Internacional (ILMS)"
"UNE_DEAP_SEX_EDU_CCT_RT_A","UNE_DEAP_SEX_EDU_CCT_RT","Tasa de desocupación según sexo, educación y nacionalidad (%)","A","Anual","UNE_DEAP_RT","Tasa de desocupación (definición anterior de la OIT - CIET13)","SEX_EDU_CCT","sexo, educación, ciudadania",1991,2025,"24/09/2026 07:07:04",59553,68445,125,,"LUU","Desempleo y subutilización de la fuerza de trabajo","ILMS","Estadísticas de Migración Laboral Internacional (ILMS)"
"UNE_DEAP_SEX_GEO_RT_A","UNE_DEAP_SEX_GEO_RT","Tasa de desocupación según sexo y zonas rurales / urbanas (%)","A","Anual","UNE_DEAP_RT","Tasa de desocupación (definición anterior de la OIT - CIET13)","SEX_GEO","sexo, zonas rurales/urbanes",1970,2025,"02/10/2026 07:15:05",18011,19550,147,,"LUU","Desempleo y subutilización de la fuerza de trabajo","RURBAN","Mercados Laborales Rurales y Urbanos (RURBAN)"
"UNE_DEAP_SEX_GEO_RT_Q","UNE_DEAP_SEX_GEO_RT","Tasa de desocupación según sexo y zonas rurales / urbanas (%)","Q","Trimestral","UNE_DEAP_RT","Tasa de desocupación (definición anterior de la OIT - CIET13)","SEX_GEO","sexo, zonas rurales/urbanes",1987,2026,"02/10/2026 07:16:10",46553,48083,88,,"LUU","Desempleo y subutilización de la fuerza de trabajo","RURBAN","Mercados Laborales Rurales y Urbanos (RURBAN)"
"UNE_DEAP_SEX_GEO_RT_M","UNE_DEAP_SEX_GEO_RT","Tasa de desocupación según sexo y zonas rurales / urbanas (%)","M","Mensual","UNE_DEAP_RT","Tasa de desocupación (definición anterior de la OIT - CIET13)","SEX_GEO","sexo, zonas rurales/urbanes",2000,2026,"16/09/2026 08:32:07",16488,16863,12,,"LUU","Desempleo y subutilización de la fuerza de trabajo","RURBAN","Mercados Laborales Rurales y Urbanos (RURBAN)"
"UNE_DEAP_SEX_GEO_MTS_RT_A","UNE_DEAP_SEX_GEO_MTS_RT","Tasa de desocupación según sexo, zonas rurales / urbanas y estado civil (%)","A","Anual","UNE_DEAP_RT","Tasa de desocupación (definición anterior de la OIT - CIET13)","SEX_GEO_MTS","sexo, zonas rurales/urbanes, estado civil",1970,2025,"02/10/2026 07:15:05",105248,115763,143,,"LUU","Desempleo y subutilización de la fuerza de trabajo","RURBAN","Mercados Laborales Rurales y Urbanos (RURBAN)"
"UNE_DEAP_SEX_GEO_MTS_RT_Q","UNE_DEAP_SEX_GEO_MTS_RT","Tasa de desocupación según sexo, zonas rurales / urbanas y estado civil (%)","Q","Trimestral","UNE_DEAP_RT","Tasa de desocupación (definición anterior de la OIT - CIET13)","SEX_GEO_MTS","sexo, zonas rurales/urbanes, estado civil",1987,2026,"02/10/2026 07:16:10",180525,180843,62,,"LUU","Desempleo y subutilización de la fuerza de trabajo","RURBAN","Mercados Laborales Rurales y Urbanos (RURBAN)"
"UNE_DEAP_SEX_GEO_DSB_RT_A","UNE_DEAP_SEX_GEO_DSB_RT","Tasa de desocupación según sexo, zonas rurales / urbanes y situación en términos de discapacidad (%)","A","Anual","UNE_DEAP_RT","Tasa de desocupación (definición anterior de la OIT - CIET13)","SEX_GEO_DSB","sexo, zonas rurales/urbanes, situación en términos de discapacidad",1996,2025,"24/09/2026 07:02:05",23878,24835,105,,"LUU","Desempleo y subutilización de la fuerza de trabajo","DLMI","Indicadores del mercado laboral de discapacidad"
"UNE_DEAP_SEX_GEO_DSB_RT_Q","UNE_DEAP_SEX_GEO_DSB_RT","Tasa de desocupación según sexo, zonas rurales / urbanes y situación en términos de discapacidad (%)","Q","Trimestral","UNE_DEAP_RT","Tasa de desocupación (definición anterior de la OIT - CIET13)","SEX_GEO_DSB","sexo, zonas rurales/urbanes, situación en términos de discapacidad",2009,2026,"16/09/2026 07:14:26",12190,12298,23,,"LUU","Desempleo y subutilización de la fuerza de trabajo","DLMI","Indicadores del mercado laboral de discapacidad"
"UNE_DEAP_SEX_MTS_RT_A","UNE_DEAP_SEX_MTS_RT","Tasa de desocupación según sexo y estado civil (%)","A","Anual","UNE_DEAP_RT","Tasa de desocupación (definición anterior de la OIT - CIET13)","SEX_MTS","sexo, estado civil",1970,2025,"02/10/2026 07:07:11",49026,55845,177,,"LUU","Desempleo y subutilización de la fuerza de trabajo","GEND","Indicadores de Igualdad de Género y No Discriminación (GEND)"
"UNE_DEAP_SEX_MTS_RT_Q","UNE_DEAP_SEX_MTS_RT","Tasa de desocupación según sexo y estado civil (%)","Q","Trimestral","UNE_DEAP_RT","Tasa de desocupación (definición anterior de la OIT - CIET13)","SEX_MTS","sexo, estado civil",1987,2026,"02/10/2026 07:08:13",100863,101046,83,,"LUU","Desempleo y subutilización de la fuerza de trabajo","GEND","Indicadores de Igualdad de Género y No Discriminación (GEND)"
"UNE_DEAP_SEX_MTS_RT_M","UNE_DEAP_SEX_MTS_RT","Tasa de desocupación según sexo y estado civil (%)","M","Mensual","UNE_DEAP_RT","Tasa de desocupación (definición anterior de la OIT - CIET13)","SEX_MTS","sexo, estado civil",1994,2026,"16/09/2026 08:03:05",28362,28362,15,,"LUU","Desempleo y subutilización de la fuerza de trabajo","GEND","Indicadores de Igualdad de Género y No Discriminación (GEND)"
"UNE_DEAP_SEX_DSB_RT_A","UNE_DEAP_SEX_DSB_RT","Tasa de desocupación según sexo y situación en términos de discapacidad (%)","A","Anual","UNE_DEAP_RT","Tasa de desocupación (definición anterior de la OIT - CIET13)","SEX_DSB","sexo, situación en términos de discapacidad",1996,2025,"02/10/2026 07:02:05",9367,10270,139,,"LUU","Desempleo y subutilización de la fuerza de trabajo","DLMI","Indicadores del mercado laboral de discapacidad"
"UNE_DEAP_SEX_DSB_RT_Q","UNE_DEAP_SEX_DSB_RT","Tasa de desocupación según sexo y situación en términos de discapacidad (%)","Q","Trimestral","UNE_DEAP_RT","Tasa de desocupación (definición anterior de la OIT - CIET13)","SEX_DSB","sexo, situación en términos de discapacidad",1998,2026,"16/09/2026 07:14:26",5522,5558,27,,"LUU","Desempleo y subutilización de la fuerza de trabajo","DLMI","Indicadores del mercado laboral de discapacidad"
"UNE_DEAP_SEX_MTS_DSB_RT_A","UNE_DEAP_SEX_MTS_DSB_RT","Tasa de desocupación según sexo, estado civil y situación en términos de discapacidad (%)","A","Anual","UNE_DEAP_RT","Tasa de desocupación (definición anterior de la OIT - CIET13)","SEX_MTS_DSB","sexo, estado civil, situación en términos de discapacidad",1996,2025,"02/10/2026 07:02:05",75630,79257,127,,"LUU","Desempleo y subutilización de la fuerza de trabajo","DLMI","Indicadores del mercado laboral de discapacidad"
"UNE_DEAP_SEX_MTS_DSB_RT_Q","UNE_DEAP_SEX_MTS_DSB_RT","Tasa de desocupación según sexo, estado civil y situación en términos de discapacidad (%)","Q","Trimestral","UNE_DEAP_RT","Tasa de desocupación (definición anterior de la OIT - CIET13)","SEX_MTS_DSB","sexo, estado civil, situación en términos de discapacidad",1998,2026,"16/09/2026 07:14:26",15858,15858,27,,"LUU","Desempleo y subutilización de la fuerza de trabajo","DLMI","Indicadores del mercado laboral de discapacidad"
"UNE_DEA1_SEX_AGE_RT_Q","UNE_DEA1_SEX_AGE_RT","Tasa de desocupación, DES según sexo y edad (%)","Q","Trimestral","UNE_DEA1_RT","Desocupació, DES (definición anterior de la OIT - CIET13)","SEX_AGE","sexo, edad",1953,2026,"01/10/2026 07:02:38",93216,94368,71,,"LUU","Desempleo y subutilización de la fuerza de trabajo","LFS","Estadísticas sobre la Fuerza Laboral (LFS)"
"UNE_DEA1_SEX_AGE_RT_M","UNE_DEA1_SEX_AGE_RT","Tasa de desocupación, DES según sexo y edad (%)","M","Mensual","UNE_DEA1_RT","Desocupació, DES (definición anterior de la OIT - CIET13)","SEX_AGE","sexo, edad",1953,2026,"27/09/2026 07:15:40",186284,186284,40,,"LUU","Desempleo y subutilización de la fuerza de trabajo","LFS","Estadísticas sobre la Fuerza Laboral (LFS)"
"GED_XLU1_SEX_HHT_CHL_RT_A","GED_XLU1_SEX_HHT_CHL_RT","Tasa de desocupación para personas de 25 a 54 años según sexo, tipo de hogar y presencia de niños (%)","A","Anual","GED_XLU1_RT","Tasa de desocupación para personas de 25 a 54 años (definición anterior de la OIT - CIET13)","SEX_HHT_CHL","sexo, tipo de hogar, presencia de niños",2000,2026,"02/09/2026 07:06:04",157588,168130,153,,"LUU","Desempleo y subutilización de la fuerza de trabajo","GEND","Indicadores de Igualdad de Género y No Discriminación (GEND)"
"GED_XLU1_SEX_HHT_GEO_RT_A","GED_XLU1_SEX_HHT_GEO_RT","Tasa de desocupación para personas de 25 a 54 años según sexo, tipo de hogar y zonas rurales / urbanas (%)","A","Anual","GED_XLU1_RT","Tasa de desocupación para personas de 25 a 54 años (definición anterior de la OIT - CIET13)","SEX_HHT_GEO","sexo, tipo de hogar, zonas rurales/urbanes",2000,2026,"02/09/2026 07:06:04",58960,62389,121,,"LUU","Desempleo y subutilización de la fuerza de trabajo","GEND","Indicadores de Igualdad de Género y No Discriminación (GEND)"
"LUU_XLU2_SEX_RT_A","LUU_XLU2_SEX_RT","SU2: Tasa combinada de subocupación por insuficiencia de tiempo de trabajo y desocupación según sexo (%)","A","Anual","LUU_XLU2_RT","SU2: Tasa combinada de subocupación por insuficiencia de tiempo de trabajo y desocupación (definición anterior de la OIT - CIET13)","SEX","sexo",1991,2027,"02/10/2026 07:12:21",11203,11779,238,"Y","LUU","Desempleo y subutilización de la fuerza de trabajo","LFS","Estadísticas sobre la Fuerza Laboral (LFS)"
"LUU_XLU2_SEX_RT_Q","LUU_XLU2_SEX_RT","SU2: Tasa combinada de subocupación por insuficiencia de tiempo de trabajo y desocupación según sexo (%)","Q","Trimestral","LUU_XLU2_RT","SU2: Tasa combinada de subocupación por insuficiencia de tiempo de trabajo y desocupación (definición anterior de la OIT - CIET13)","SEX","sexo",1994,2026,"02/10/2026 07:13:20",15562,17083,94,,"LUU","Desempleo y subutilización de la fuerza de trabajo","LFS","Estadísticas sobre la Fuerza Laboral (LFS)"
"LUU_XLU2_SEX_RT_M","LUU_XLU2_SEX_RT","SU2: Tasa combinada de subocupación por insuficiencia de tiempo de trabajo y desocupación según sexo (%)","M","Mensual","LUU_XLU2_RT","SU2: Tasa combinada de subocupación por insuficiencia de tiempo de trabajo y desocupación (definición anterior de la OIT - CIET13)","SEX","sexo",1994,2026,"16/09/2026 08:19:15",6621,6747,13,,"LUU","Desempleo y subutilización de la fuerza de trabajo","LFS","Estadísticas sobre la Fuerza Laboral (LFS)"
"LUU_XLU2_SEX_AGE_RT_A","LUU_XLU2_SEX_AGE_RT","SU2: Tasa combinada de subocupación por insuficiencia de tiempo de trabajo y desocupación según sexo y edad (%)","A","Anual","LUU_XLU2_RT","SU2: Tasa combinada de subocupación por insuficiencia de tiempo de trabajo y desocupación (definición anterior de la OIT - CIET13)","SEX_AGE","sexo, edad",1990,2027,"02/10/2026 07:12:21",101498,110411,256,"Y","LUU","Desempleo y subutilización de la fuerza de trabajo","LFS","Estadísticas sobre la Fuerza Laboral (LFS)"
"LUU_XLU2_SEX_AGE_RT_Q","LUU_XLU2_SEX_AGE_RT","SU2: Tasa combinada de subocupación por insuficiencia de tiempo de trabajo y desocupación según sexo y edad (%)","Q","Trimestral","LUU_XLU2_RT","SU2: Tasa combinada de subocupación por insuficiencia de tiempo de trabajo y desocupación (definición anterior de la OIT - CIET13)","SEX_AGE","sexo, edad",1994,2026,"02/10/2026 07:13:20",230040,252849,94,,"LUU","Desempleo y subutilización de la fuerza de trabajo","LFS","Estadísticas sobre la Fuerza Laboral (LFS)"
"LUU_XLU2_SEX_AGE_RT_M","LUU_XLU2_SEX_AGE_RT","SU2: Tasa combinada de subocupación por insuficiencia de tiempo de trabajo y desocupación según sexo y edad (%)","M","Mensual","LUU_XLU2_RT","SU2: Tasa combinada de subocupación por insuficiencia de tiempo de trabajo y desocupación (definición anterior de la OIT - CIET13)","SEX_AGE","sexo, edad",1994,2026,"16/09/2026 08:19:15",53130,54137,17,,"LUU","Desempleo y subutilización de la fuerza de trabajo","LFS","Estadísticas sobre la Fuerza Laboral (LFS)"
"LUU_XLU2_SEX_AGE_EDU_RT_A","LUU_XLU2_SEX_AGE_EDU_RT","SU2: Tasa combinada de subocupación por insuficiencia de tiempo de trabajo y desocupación según sexo, edad y educación (%)","A","Anual","LUU_XLU2_RT","SU2: Tasa combinada de subocupación por insuficiencia de tiempo de trabajo y desocupación (definición anterior de la OIT - CIET13)","SEX_AGE_EDU","sexo, edad, educación",1991,2025,"02/10/2026 07:04:13",200727,222326,148,,"LUU","Desempleo y subutilización de la fuerza de trabajo","EMI","Indicadores de Educación y Desajuste (EMI)"
"LUU_XLU2_SEX_AGE_EDU_RT_Q","LUU_XLU2_SEX_AGE_EDU_RT","SU2: Tasa combinada de subocupación por insuficiencia de tiempo de trabajo y desocupación según sexo, edad y educación (%)","Q","Trimestral","LUU_XLU2_RT","SU2: Tasa combinada de subocupación por insuficiencia de tiempo de trabajo y desocupación (definición anterior de la OIT - CIET13)","SEX_AGE_EDU","sexo, edad, educación",1994,2026,"02/10/2026 07:06:17",576983,631293,92,,"LUU","Desempleo y subutilización de la fuerza de trabajo","EMI","Indicadores de Educación y Desajuste (EMI)"
"LUU_XLU2_SEX_AGE_GEO_RT_A","LUU_XLU2_SEX_AGE_GEO_RT","SU2: Tasa combinada de subocupación por insuficiencia de tiempo de trabajo y desocupación según sexo, edad y zonas rurales / urbanas (%)","A","Anual","LUU_XLU2_RT","SU2: Tasa combinada de subocupación por insuficiencia de tiempo de trabajo y desocupación (definición anterior de la OIT - CIET13)","SEX_AGE_GEO","sexo, edad, zonas rurales/urbanes",1996,2025,"02/10/2026 07:15:05",102572,107717,119,,"LUU","Desempleo y subutilización de la fuerza de trabajo","RURBAN","Mercados Laborales Rurales y Urbanos (RURBAN)"
"LUU_XLU2_SEX_AGE_GEO_RT_Q","LUU_XLU2_SEX_AGE_GEO_RT","SU2: Tasa combinada de subocupación por insuficiencia de tiempo de trabajo y desocupación según sexo, edad y zonas rurales / urbanas (%)","Q","Trimestral","LUU_XLU2_RT","SU2: Tasa combinada de subocupación por insuficiencia de tiempo de trabajo y desocupación (definición anterior de la OIT - CIET13)","SEX_AGE_GEO","sexo, edad, zonas rurales/urbanes",1998,2026,"02/10/2026 07:16:10",295448,299827,79,,"LUU","Desempleo y subutilización de la fuerza de trabajo","RURBAN","Mercados Laborales Rurales y Urbanos (RURBAN)"
"LUU_XLU2_SEX_AGE_MTS_RT_A","LUU_XLU2_SEX_AGE_MTS_RT","SU2: Tasa combinada de subocupación por insuficiencia de tiempo de trabajo y desocupación según sexo, educación y estado civil (%)","A","Anual","LUU_XLU2_RT","SU2: Tasa combinada de subocupación por insuficiencia de tiempo de trabajo y desocupación (definición anterior de la OIT - CIET13)","SEX_AGE_MTS","sexo, edad, estado civil",1991,2025,"02/10/2026 07:07:11",116803,128417,145,,"LUU","Desempleo y subutilización de la fuerza de trabajo","GEND","Indicadores de Igualdad de Género y No Discriminación (GEND)"
"LUU_XLU2_SEX_AGE_MTS_RT_Q","LUU_XLU2_SEX_AGE_MTS_RT","SU2: Tasa combinada de subocupación por insuficiencia de tiempo de trabajo y desocupación según sexo, educación y estado civil (%)","Q","Trimestral","LUU_XLU2_RT","SU2: Tasa combinada de subocupación por insuficiencia de tiempo de trabajo y desocupación (definición anterior de la OIT - CIET13)","SEX_AGE_MTS","sexo, edad, estado civil",1994,2026,"02/10/2026 07:08:13",217403,217691,71,,"LUU","Desempleo y subutilización de la fuerza de trabajo","GEND","Indicadores de Igualdad de Género y No Discriminación (GEND)"
"LUU_XLU2_SEX_EDU_RT_A","LUU_XLU2_SEX_EDU_RT","SU2: Tasa combinada de subocupación por insuficiencia de tiempo de trabajo y desocupación según sexo y educación (%)","A","Anual","LUU_XLU2_RT","SU2: Tasa combinada de subocupación por insuficiencia de tiempo de trabajo y desocupación (definición anterior de la OIT - CIET13)","SEX_EDU","sexo, educación",1991,2025,"02/10/2026 07:04:13",66108,72855,148,,"LUU","Desempleo y subutilización de la fuerza de trabajo","EMI","Indicadores de Educación y Desajuste (EMI)"
"LUU_XLU2_SEX_EDU_RT_Q","LUU_XLU2_SEX_EDU_RT","SU2: Tasa combinada de subocupación por insuficiencia de tiempo de trabajo y desocupación según sexo y educación (%)","Q","Trimestral","LUU_XLU2_RT","SU2: Tasa combinada de subocupación por insuficiencia de tiempo de trabajo y desocupación (definición anterior de la OIT - CIET13)","SEX_EDU","sexo, educación",1994,2026,"02/10/2026 07:06:17",195082,210950,92,,"LUU","Desempleo y subutilización de la fuerza de trabajo","EMI","Indicadores de Educación y Desajuste (EMI)"
"LUU_XLU2_SEX_EDU_GEO_RT_A","LUU_XLU2_SEX_EDU_GEO_RT","SU2: Tasa combinada de subocupación por insuficiencia de tiempo de trabajo y desocupación según sexo, educación y áreas rurales / urbanas (%)","A","Anual","LUU_XLU2_RT","SU2: Tasa combinada de subocupación por insuficiencia de tiempo de trabajo y desocupación (definición anterior de la OIT - CIET13)","SEX_EDU_GEO","sexo, educación, zonas rurales/urbanes",1996,2025,"02/10/2026 07:04:13",66103,69654,118,,"LUU","Desempleo y subutilización de la fuerza de trabajo","EMI","Indicadores de Educación y Desajuste (EMI)"
"LUU_XLU2_SEX_EDU_GEO_RT_Q","LUU_XLU2_SEX_EDU_GEO_RT","SU2: Tasa combinada de subocupación por insuficiencia de tiempo de trabajo y desocupación según sexo, educación y áreas rurales / urbanas (%)","Q","Trimestral","LUU_XLU2_RT","SU2: Tasa combinada de subocupación por insuficiencia de tiempo de trabajo y desocupación (definición anterior de la OIT - CIET13)","SEX_EDU_GEO","sexo, educación, zonas rurales/urbanes",1998,2026,"02/10/2026 07:06:17",187783,190415,79,,"LUU","Desempleo y subutilización de la fuerza de trabajo","EMI","Indicadores de Educación y Desajuste (EMI)"
"LUU_XLU2_SEX_EDU_MTS_RT_A","LUU_XLU2_SEX_EDU_MTS_RT","SU2: Tasa combinada de subocupación por insuficiencia de tiempo de trabajo y desocupación según sexo, educación y estado civil (%)","A","Anual","LUU_XLU2_RT","SU2: Tasa combinada de subocupación por insuficiencia de tiempo de trabajo y desocupación (definición anterior de la OIT - CIET13)","SEX_EDU_MTS","sexo, educación, estado civil",1991,2025,"02/10/2026 07:04:13",73402,80448,143,,"LUU","Desempleo y subutilización de la fuerza de trabajo","EMI","Indicadores de Educación y Desajuste (EMI)"
"LUU_XLU2_SEX_EDU_MTS_RT_Q","LUU_XLU2_SEX_EDU_MTS_RT","SU2: Tasa combinada de subocupación por insuficiencia de tiempo de trabajo y desocupación según sexo, educación y estado civil (%)","Q","Trimestral","LUU_XLU2_RT","SU2: Tasa combinada de subocupación por insuficiencia de tiempo de trabajo y desocupación (definición anterior de la OIT - CIET13)","SEX_EDU_MTS","sexo, educación, estado civil",1994,2026,"02/10/2026 07:06:17",139606,139818,69,,"LUU","Desempleo y subutilización de la fuerza de trabajo","EMI","Indicadores de Educación y Desajuste (EMI)"
"LUU_XLU2_SEX_GEO_RT_A","LUU_XLU2_SEX_GEO_RT","SU2: Tasa combinada de subocupación por insuficiencia de tiempo de trabajo y desocupación según sexo y zonas rurales / urbanas (%)","A","Anual","LUU_XLU2_RT","SU2: Tasa combinada de subocupación por insuficiencia de tiempo de trabajo y desocupación (definición anterior de la OIT - CIET13)","SEX_GEO","sexo, zonas rurales/urbanes",1996,2025,"02/10/2026 07:15:05",12638,13276,119,,"LUU","Desempleo y subutilización de la fuerza de trabajo","RURBAN","Mercados Laborales Rurales y Urbanos (RURBAN)"
"LUU_XLU2_SEX_GEO_RT_Q","LUU_XLU2_SEX_GEO_RT","SU2: Tasa combinada de subocupación por insuficiencia de tiempo de trabajo y desocupación según sexo y zonas rurales / urbanas (%)","Q","Trimestral","LUU_XLU2_RT","SU2: Tasa combinada de subocupación por insuficiencia de tiempo de trabajo y desocupación (definición anterior de la OIT - CIET13)","SEX_GEO","sexo, zonas rurales/urbanes",1998,2026,"02/10/2026 07:16:10",37752,38310,79,,"LUU","Desempleo y subutilización de la fuerza de trabajo","RURBAN","Mercados Laborales Rurales y Urbanos (RURBAN)"
"LUU_XLU2_SEX_GEO_MTS_RT_A","LUU_XLU2_SEX_GEO_MTS_RT","SU2: Tasa combinada de subocupación por insuficiencia de tiempo de trabajo y desocupación según sexo, zonas rurales / urbanas y estado civil (%)","A","Anual","LUU_XLU2_RT","SU2: Tasa combinada de subocupación por insuficiencia de tiempo de trabajo y desocupación (definición anterior de la OIT - CIET13)","SEX_GEO_MTS","sexo, zonas rurales/urbanes, estado civil",1996,2025,"02/10/2026 07:15:05",34419,36129,117,,"LUU","Desempleo y subutilización de la fuerza de trabajo","RURBAN","Mercados Laborales Rurales y Urbanos (RURBAN)"
"LUU_XLU2_SEX_GEO_MTS_RT_Q","LUU_XLU2_SEX_GEO_MTS_RT","SU2: Tasa combinada de subocupación por insuficiencia de tiempo de trabajo y desocupación según sexo, zonas rurales / urbanas y estado civil (%)","Q","Trimestral","LUU_XLU2_RT","SU2: Tasa combinada de subocupación por insuficiencia de tiempo de trabajo y desocupación (definición anterior de la OIT - CIET13)","SEX_GEO_MTS","sexo, zonas rurales/urbanes, estado civil",1999,2026,"02/10/2026 07:16:10",51682,51790,54,,"LUU","Desempleo y subutilización de la fuerza de trabajo","RURBAN","Mercados Laborales Rurales y Urbanos (RURBAN)"
"LUU_XLU2_SEX_MTS_RT_A","LUU_XLU2_SEX_MTS_RT","SU2: Tasa combinada de subocupación por insuficiencia de tiempo de trabajo y desocupación según sexo y estado civil (%)","A","Anual","LUU_XLU2_RT","SU2: Tasa combinada de subocupación por insuficiencia de tiempo de trabajo y desocupación (definición anterior de la OIT - CIET13)","SEX_MTS","sexo, estado civil",1991,2025,"02/10/2026 07:07:11",32144,35576,145,,"LUU","Desempleo y subutilización de la fuerza de trabajo","GEND","Indicadores de Igualdad de Género y No Discriminación (GEND)"
"LUU_XLU2_SEX_MTS_RT_Q","LUU_XLU2_SEX_MTS_RT","SU2: Tasa combinada de subocupación por insuficiencia de tiempo de trabajo y desocupación según sexo y estado civil (%)","Q","Trimestral","LUU_XLU2_RT","SU2: Tasa combinada de subocupación por insuficiencia de tiempo de trabajo y desocupación (definición anterior de la OIT - CIET13)","SEX_MTS","sexo, estado civil",1994,2026,"02/10/2026 07:08:13",27909,27945,71,,"LUU","Desempleo y subutilización de la fuerza de trabajo","GEND","Indicadores de Igualdad de Género y No Discriminación (GEND)"
"LUU_XLU2_SEX_DSB_RT_A","LUU_XLU2_SEX_DSB_RT","SU2: Tasa combinada de subocupación por insuficiencia de tiempo de trabajo y desocupación según sexo y situación en términos de discapacidad (%)","A","Anual","LUU_XLU2_RT","SU2: Tasa combinada de subocupación por insuficiencia de tiempo de trabajo y desocupación (definición anterior de la OIT - CIET13)","SEX_DSB","sexo, situación en términos de discapacidad",1996,2025,"02/10/2026 07:02:05",6872,7052,95,,"LUU","Desempleo y subutilización de la fuerza de trabajo","DLMI","Indicadores del mercado laboral de discapacidad"
"LUU_XLU2_SEX_DSB_RT_Q","LUU_XLU2_SEX_DSB_RT","SU2: Tasa combinada de subocupación por insuficiencia de tiempo de trabajo y desocupación según sexo y situación en términos de discapacidad (%)","Q","Trimestral","LUU_XLU2_RT","SU2: Tasa combinada de subocupación por insuficiencia de tiempo de trabajo y desocupación (definición anterior de la OIT - CIET13)","SEX_DSB","sexo, situación en términos de discapacidad",1998,2026,"16/09/2026 07:14:26",5180,5216,25,,"LUU","Desempleo y subutilización de la fuerza de trabajo","DLMI","Indicadores del mercado laboral de discapacidad"
"GED_XLU2_SEX_HHT_CHL_RT_A","GED_XLU2_SEX_HHT_CHL_RT","SU2: Tasa combinada de subocupación por insuficiencia de tiempo de trabajo y desocupación para personas de 25 a 54 años según sexo, tipo de hogar y presencia de niños (%)","A","Anual","GED_XLU2_RT","SU2: Tasa combinada de subocupación por insuficiencia de tiempo de trabajo y desocupación para personas de 25 a 54 años (definición anterior de la OIT - CIET13)","SEX_HHT_CHL","sexo, tipo de hogar, presencia de niños",2000,2025,"11/08/2026 07:06:24",120917,124927,112,,"LUU","Desempleo y subutilización de la fuerza de trabajo","GEND","Indicadores de Igualdad de Género y No Discriminación (GEND)"
"GED_XLU2_SEX_HHT_GEO_RT_A","GED_XLU2_SEX_HHT_GEO_RT","SU2: Tasa combinada de subocupación por insuficiencia de tiempo de trabajo y desocupación para personas de 25 a 54 años según sexo, tipo de hogar y zonas rurales / urbanas (%)","A","Anual","GED_XLU2_RT","SU2: Tasa combinada de subocupación por insuficiencia de tiempo de trabajo y desocupación para personas de 25 a 54 años (definición anterior de la OIT - CIET13)","SEX_HHT_GEO","sexo, tipo de hogar, zonas rurales/urbanes",2000,2025,"11/08/2026 07:06:24",47592,49152,89,,"LUU","Desempleo y subutilización de la fuerza de trabajo","GEND","Indicadores de Igualdad de Género y No Discriminación (GEND)"
"LUU_XLU3_SEX_RT_A","LUU_XLU3_SEX_RT","SU3: Tasa combinada de desocupación y fuerza de trabajo potencial según sexo (%)","A","Anual","LUU_XLU3_RT","SU3: Tasa combinada de desocupación y fuerza de trabajo potencial (definición anterior de la OIT - CIET13)","SEX","sexo",1976,2027,"02/10/2026 07:12:21",11512,12070,247,"Y","LUU","Desempleo y subutilización de la fuerza de trabajo","LFS","Estadísticas sobre la Fuerza Laboral (LFS)"
"LUU_XLU3_SEX_RT_Q","LUU_XLU3_SEX_RT","SU3: Tasa combinada de desocupación y fuerza de trabajo potencial según sexo (%)","Q","Trimestral","LUU_XLU3_RT","SU3: Tasa combinada de desocupación y fuerza de trabajo potencial (definición anterior de la OIT - CIET13)","SEX","sexo",1976,2026,"02/10/2026 07:13:20",15571,17071,93,,"LUU","Desempleo y subutilización de la fuerza de trabajo","LFS","Estadísticas sobre la Fuerza Laboral (LFS)"
"LUU_XLU3_SEX_RT_M","LUU_XLU3_SEX_RT","SU3: Tasa combinada de desocupación y fuerza de trabajo potencial según sexo (%)","M","Mensual","LUU_XLU3_RT","SU3: Tasa combinada de desocupación y fuerza de trabajo potencial (definición anterior de la OIT - CIET13)","SEX","sexo",1976,2026,"16/09/2026 08:19:15",7557,7683,11,,"LUU","Desempleo y subutilización de la fuerza de trabajo","LFS","Estadísticas sobre la Fuerza Laboral (LFS)"
"LUU_XLU3_SEX_AGE_RT_A","LUU_XLU3_SEX_AGE_RT","SU3: Tasa combinada de desocupación y fuerza de trabajo potencial según sexo y edad (%)","A","Anual","LUU_XLU3_RT","SU3: Tasa combinada de desocupación y fuerza de trabajo potencial (definición anterior de la OIT - CIET13)","SEX_AGE","sexo, edad",1976,2025,"02/10/2026 07:12:21",81411,89914,167,,"LUU","Desempleo y subutilización de la fuerza de trabajo","LFS","Estadísticas sobre la Fuerza Laboral (LFS)"
"LUU_XLU3_SEX_AGE_RT_Q","LUU_XLU3_SEX_AGE_RT","SU3: Tasa combinada de desocupación y fuerza de trabajo potencial según sexo y edad (%)","Q","Trimestral","LUU_XLU3_RT","SU3: Tasa combinada de desocupación y fuerza de trabajo potencial (definición anterior de la OIT - CIET13)","SEX_AGE","sexo, edad",1976,2026,"02/10/2026 07:13:20",231070,253552,93,,"LUU","Desempleo y subutilización de la fuerza de trabajo","LFS","Estadísticas sobre la Fuerza Laboral (LFS)"
"LUU_XLU3_SEX_AGE_RT_M","LUU_XLU3_SEX_AGE_RT","SU3: Tasa combinada de desocupación y fuerza de trabajo potencial según sexo y edad (%)","M","Mensual","LUU_XLU3_RT","SU3: Tasa combinada de desocupación y fuerza de trabajo potencial (definición anterior de la OIT - CIET13)","SEX_AGE","sexo, edad",1976,2026,"16/09/2026 08:19:15",60327,61335,12,,"LUU","Desempleo y subutilización de la fuerza de trabajo","LFS","Estadísticas sobre la Fuerza Laboral (LFS)"
"LUU_XLU3_SEX_AGE_EDU_RT_A","LUU_XLU3_SEX_AGE_EDU_RT","SU3: Tasa combinada de desocupación y fuerza de trabajo potencial según sexo, edad y educación (%)","A","Anual","LUU_XLU3_RT","SU3: Tasa combinada de desocupación y fuerza de trabajo potencial (definición anterior de la OIT - CIET13)","SEX_AGE_EDU","sexo, edad, educación",1987,2025,"02/10/2026 07:04:13",198506,219638,157,,"LUU","Desempleo y subutilización de la fuerza de trabajo","EMI","Indicadores de Educación y Desajuste (EMI)"
"LUU_XLU3_SEX_AGE_EDU_RT_Q","LUU_XLU3_SEX_AGE_EDU_RT","SU3: Tasa combinada de desocupación y fuerza de trabajo potencial según sexo, edad y educación (%)","Q","Trimestral","LUU_XLU3_RT","SU3: Tasa combinada de desocupación y fuerza de trabajo potencial (definición anterior de la OIT - CIET13)","SEX_AGE_EDU","sexo, edad, educación",1987,2026,"02/10/2026 07:06:17",566356,619785,91,,"LUU","Desempleo y subutilización de la fuerza de trabajo","EMI","Indicadores de Educación y Desajuste (EMI)"
"LUU_XLU3_SEX_AGE_GEO_RT_A","LUU_XLU3_SEX_AGE_GEO_RT","SU3: Tasa combinada de desocupación y fuerza de trabajo potencial según sexo, edad y zonas rurales / urbanas (%)","A","Anual","LUU_XLU3_RT","SU3: Tasa combinada de desocupación y fuerza de trabajo potencial (definición anterior de la OIT - CIET13)","SEX_AGE_GEO","sexo, edad, zonas rurales/urbanes",1987,2025,"02/10/2026 07:15:05",101355,106028,128,,"LUU","Desempleo y subutilización de la fuerza de trabajo","RURBAN","Mercados Laborales Rurales y Urbanos (RURBAN)"
"LUU_XLU3_SEX_AGE_GEO_RT_Q","LUU_XLU3_SEX_AGE_GEO_RT","SU3: Tasa combinada de desocupación y fuerza de trabajo potencial según sexo, edad y zonas rurales / urbanas (%)","Q","Trimestral","LUU_XLU3_RT","SU3: Tasa combinada de desocupación y fuerza de trabajo potencial (definición anterior de la OIT - CIET13)","SEX_AGE_GEO","sexo, edad, zonas rurales/urbanes",1987,2026,"02/10/2026 07:16:10",285663,288352,77,,"LUU","Desempleo y subutilización de la fuerza de trabajo","RURBAN","Mercados Laborales Rurales y Urbanos (RURBAN)"
"LUU_XLU3_SEX_AGE_MTS_RT_A","LUU_XLU3_SEX_AGE_MTS_RT","SU3: Tasa combinada de desocupación y fuerza de trabajo potencial según sexo, educación y estado civil (%)","A","Anual","LUU_XLU3_RT","SU3: Tasa combinada de desocupación y fuerza de trabajo potencial (definición anterior de la OIT - CIET13)","SEX_AGE_MTS","sexo, edad, estado civil",1987,2025,"02/10/2026 07:07:11",121218,132599,151,,"LUU","Desempleo y subutilización de la fuerza de trabajo","GEND","Indicadores de Igualdad de Género y No Discriminación (GEND)"
"LUU_XLU3_SEX_AGE_MTS_RT_Q","LUU_XLU3_SEX_AGE_MTS_RT","SU3: Tasa combinada de desocupación y fuerza de trabajo potencial según sexo, educación y estado civil (%)","Q","Trimestral","LUU_XLU3_RT","SU3: Tasa combinada de desocupación y fuerza de trabajo potencial (definición anterior de la OIT - CIET13)","SEX_AGE_MTS","sexo, edad, estado civil",1987,2026,"02/10/2026 07:08:13",219925,219925,69,,"LUU","Desempleo y subutilización de la fuerza de trabajo","GEND","Indicadores de Igualdad de Género y No Discriminación (GEND)"
"LUU_XLU3_SEX_EDU_RT_A","LUU_XLU3_SEX_EDU_RT","SU3: Tasa combinada de desocupación y fuerza de trabajo potencial según sexo y educación (%)","A","Anual","LUU_XLU3_RT","SU3: Tasa combinada de desocupación y fuerza de trabajo potencial (definición anterior de la OIT - CIET13)","SEX_EDU","sexo, educación",1987,2025,"02/10/2026 07:04:13",65070,71730,157,,"LUU","Desempleo y subutilización de la fuerza de trabajo","EMI","Indicadores de Educación y Desajuste (EMI)"
"LUU_XLU3_SEX_EDU_RT_Q","LUU_XLU3_SEX_EDU_RT","SU3: Tasa combinada de desocupación y fuerza de trabajo potencial según sexo y educación (%)","Q","Trimestral","LUU_XLU3_RT","SU3: Tasa combinada de desocupación y fuerza de trabajo potencial (definición anterior de la OIT - CIET13)","SEX_EDU","sexo, educación",1987,2026,"02/10/2026 07:06:17",189264,205049,91,,"LUU","Desempleo y subutilización de la fuerza de trabajo","EMI","Indicadores de Educación y Desajuste (EMI)"
"LUU_XLU3_SEX_EDU_GEO_RT_A","LUU_XLU3_SEX_EDU_GEO_RT","SU3: Tasa combinada de desocupación y fuerza de trabajo potencial según sexo, educación y áreas rurales / urbanas (%)","A","Anual","LUU_XLU3_RT","SU3: Tasa combinada de desocupación y fuerza de trabajo potencial (definición anterior de la OIT - CIET13)","SEX_EDU_GEO","sexo, educación, zonas rurales/urbanes",1987,2025,"02/10/2026 07:04:13",63833,67044,127,,"LUU","Desempleo y subutilización de la fuerza de trabajo","EMI","Indicadores de Educación y Desajuste (EMI)"
"LUU_XLU3_SEX_EDU_GEO_RT_Q","LUU_XLU3_SEX_EDU_GEO_RT","SU3: Tasa combinada de desocupación y fuerza de trabajo potencial según sexo, educación y áreas rurales / urbanas (%)","Q","Trimestral","LUU_XLU3_RT","SU3: Tasa combinada de desocupación y fuerza de trabajo potencial (definición anterior de la OIT - CIET13)","SEX_EDU_GEO","sexo, educación, zonas rurales/urbanes",1987,2026,"02/10/2026 07:06:17",177138,178730,77,,"LUU","Desempleo y subutilización de la fuerza de trabajo","EMI","Indicadores de Educación y Desajuste (EMI)"
"LUU_XLU3_SEX_EDU_MTS_RT_A","LUU_XLU3_SEX_EDU_MTS_RT","SU3: Tasa combinada de desocupación y fuerza de trabajo potencial según sexo, educación y estado civil (%)","A","Anual","LUU_XLU3_RT","SU3: Tasa combinada de desocupación y fuerza de trabajo potencial (definición anterior de la OIT - CIET13)","SEX_EDU_MTS","sexo, educación, estado civil",1987,2025,"02/10/2026 07:04:13",73775,80895,149,,"LUU","Desempleo y subutilización de la fuerza de trabajo","EMI","Indicadores de Educación y Desajuste (EMI)"
"LUU_XLU3_SEX_EDU_MTS_RT_Q","LUU_XLU3_SEX_EDU_MTS_RT","SU3: Tasa combinada de desocupación y fuerza de trabajo potencial según sexo, educación y estado civil (%)","Q","Trimestral","LUU_XLU3_RT","SU3: Tasa combinada de desocupación y fuerza de trabajo potencial (definición anterior de la OIT - CIET13)","SEX_EDU_MTS","sexo, educación, estado civil",1987,2026,"02/10/2026 07:06:17",134716,134716,67,,"LUU","Desempleo y subutilización de la fuerza de trabajo","EMI","Indicadores de Educación y Desajuste (EMI)"
"LUU_XLU3_SEX_GEO_RT_A","LUU_XLU3_SEX_GEO_RT","SU3: Tasa combinada de desocupación y fuerza de trabajo potencial según sexo y zonas rurales / urbanas (%)","A","Anual","LUU_XLU3_RT","SU3: Tasa combinada de desocupación y fuerza de trabajo potencial (definición anterior de la OIT - CIET13)","SEX_GEO","sexo, zonas rurales/urbanes",1987,2025,"02/10/2026 07:15:05",12375,12960,128,,"LUU","Desempleo y subutilización de la fuerza de trabajo","RURBAN","Mercados Laborales Rurales y Urbanos (RURBAN)"
"LUU_XLU3_SEX_GEO_RT_Q","LUU_XLU3_SEX_GEO_RT","SU3: Tasa combinada de desocupación y fuerza de trabajo potencial según sexo y zonas rurales / urbanas (%)","Q","Trimestral","LUU_XLU3_RT","SU3: Tasa combinada de desocupación y fuerza de trabajo potencial (definición anterior de la OIT - CIET13)","SEX_GEO","sexo, zonas rurales/urbanes",1987,2026,"02/10/2026 07:16:10",36266,36608,77,,"LUU","Desempleo y subutilización de la fuerza de trabajo","RURBAN","Mercados Laborales Rurales y Urbanos (RURBAN)"
"LUU_XLU3_SEX_GEO_MTS_RT_A","LUU_XLU3_SEX_GEO_MTS_RT","SU3: Tasa combinada de desocupación y fuerza de trabajo potencial según sexo, zonas rurales / urbanas y estado civil (%)","A","Anual","LUU_XLU3_RT","SU3: Tasa combinada de desocupación y fuerza de trabajo potencial (definición anterior de la OIT - CIET13)","SEX_GEO_MTS","sexo, zonas rurales/urbanes, estado civil",1987,2025,"02/10/2026 07:15:05",34266,35989,124,,"LUU","Desempleo y subutilización de la fuerza de trabajo","RURBAN","Mercados Laborales Rurales y Urbanos (RURBAN)"
"LUU_XLU3_SEX_GEO_MTS_RT_Q","LUU_XLU3_SEX_GEO_MTS_RT","SU3: Tasa combinada de desocupación y fuerza de trabajo potencial según sexo, zonas rurales / urbanas y estado civil (%)","Q","Trimestral","LUU_XLU3_RT","SU3: Tasa combinada de desocupación y fuerza de trabajo potencial (definición anterior de la OIT - CIET13)","SEX_GEO_MTS","sexo, zonas rurales/urbanes, estado civil",1987,2026,"02/10/2026 07:16:10",48154,48154,52,,"LUU","Desempleo y subutilización de la fuerza de trabajo","RURBAN","Mercados Laborales Rurales y Urbanos (RURBAN)"
"LUU_XLU3_SEX_MTS_RT_A","LUU_XLU3_SEX_MTS_RT","SU3: Tasa combinada de desocupación y fuerza de trabajo potencial según sexo y estado civil (%)","A","Anual","LUU_XLU3_RT","SU3: Tasa combinada de desocupación y fuerza de trabajo potencial (definición anterior de la OIT - CIET13)","SEX_MTS","sexo, estado civil",1987,2025,"02/10/2026 07:07:11",32170,35427,151,,"LUU","Desempleo y subutilización de la fuerza de trabajo","GEND","Indicadores de Igualdad de Género y No Discriminación (GEND)"
"LUU_XLU3_SEX_MTS_RT_Q","LUU_XLU3_SEX_MTS_RT","SU3: Tasa combinada de desocupación y fuerza de trabajo potencial según sexo y estado civil (%)","Q","Trimestral","LUU_XLU3_RT","SU3: Tasa combinada de desocupación y fuerza de trabajo potencial (definición anterior de la OIT - CIET13)","SEX_MTS","sexo, estado civil",1987,2026,"02/10/2026 07:08:13",28063,28063,69,,"LUU","Desempleo y subutilización de la fuerza de trabajo","GEND","Indicadores de Igualdad de Género y No Discriminación (GEND)"
"LUU_XLU3_SEX_DSB_RT_A","LUU_XLU3_SEX_DSB_RT","SU3: Tasa combinada de desocupación y fuerza de trabajo potencial según sexo y situación en términos de discapacidad (%)","A","Anual","LUU_XLU3_RT","SU3: Tasa combinada de desocupación y fuerza de trabajo potencial (definición anterior de la OIT - CIET13)","SEX_DSB","sexo, situación en términos de discapacidad",1999,2025,"24/09/2026 07:02:05",2496,2595,79,,"LUU","Desempleo y subutilización de la fuerza de trabajo","DLMI","Indicadores del mercado laboral de discapacidad"
"LUU_XLU3_SEX_DSB_RT_Q","LUU_XLU3_SEX_DSB_RT","SU3: Tasa combinada de desocupación y fuerza de trabajo potencial según sexo y situación en términos de discapacidad (%)","Q","Trimestral","LUU_XLU3_RT","SU3: Tasa combinada de desocupación y fuerza de trabajo potencial (definición anterior de la OIT - CIET13)","SEX_DSB","sexo, situación en términos de discapacidad",1998,2026,"16/09/2026 07:14:26",4334,4334,23,,"LUU","Desempleo y subutilización de la fuerza de trabajo","DLMI","Indicadores del mercado laboral de discapacidad"
"GED_XLU3_SEX_HHT_CHL_RT_A","GED_XLU3_SEX_HHT_CHL_RT","SU3: Tasa combinada desocupación y fuerza de trabajo potencial para personas de 25 a 54 años según sexo, tipo de hogar y presencia de niños (%)","A","Anual","GED_XLU3_RT","SU3: Tasa combinada desocupación y fuerza de trabajo potencial para personas de 25 a 54 años (definición anterior de la OIT - CIET13)","SEX_HHT_CHL","sexo, tipo de hogar, presencia de niños",2000,2025,"11/08/2026 07:06:24",128416,133522,137,,"LUU","Desempleo y subutilización de la fuerza de trabajo","GEND","Indicadores de Igualdad de Género y No Discriminación (GEND)"
"GED_XLU3_SEX_HHT_GEO_RT_A","GED_XLU3_SEX_HHT_GEO_RT","SU3: Tasa combinada desocupación y fuerza de trabajo potencial para personas de 25 a 54 años según sexo, tipo de hogar y zonas rurales / urbanas (%)","A","Anual","GED_XLU3_RT","SU3: Tasa combinada desocupación y fuerza de trabajo potencial para personas de 25 a 54 años (definición anterior de la OIT - CIET13)","SEX_HHT_GEO","sexo, tipo de hogar, zonas rurales/urbanes",2000,2025,"11/08/2026 07:06:24",50836,52959,113,,"LUU","Desempleo y subutilización de la fuerza de trabajo","GEND","Indicadores de Igualdad de Género y No Discriminación (GEND)"
"LUU_XLU4_SEX_NB_A","LUU_XLU4_SEX_NB","SU4: Medida compuesta de subutilización de la fuerza de trabajo según sexo (millares)","A","Anual","LUU_XLU4_NB","SU4: Medida compuesta de subutilización de la fuerza de trabajo","SEX","sexo",1991,2027,"02/10/2026 07:12:21",10231,10666,227,"Y","LUU","Desempleo y subutilización de la fuerza de trabajo","LFS","Estadísticas sobre la Fuerza Laboral (LFS)"
"LUU_XLU4_SEX_NB_Q","LUU_XLU4_SEX_NB","SU4: Medida compuesta de subutilización de la fuerza de trabajo según sexo (millares)","Q","Trimestral","LUU_XLU4_NB","SU4: Medida compuesta de subutilización de la fuerza de trabajo","SEX","sexo",1994,2026,"02/10/2026 07:13:20",13284,14673,86,,"LUU","Desempleo y subutilización de la fuerza de trabajo","LFS","Estadísticas sobre la Fuerza Laboral (LFS)"
"LUU_XLU4_SEX_NB_M","LUU_XLU4_SEX_NB","SU4: Medida compuesta de subutilización de la fuerza de trabajo según sexo (millares)","M","Mensual","LUU_XLU4_NB","SU4: Medida compuesta de subutilización de la fuerza de trabajo","SEX","sexo",1994,2026,"16/09/2026 08:19:15",5550,5676,10,,"LUU","Desempleo y subutilización de la fuerza de trabajo","LFS","Estadísticas sobre la Fuerza Laboral (LFS)"
"LUU_XLU4_SEX_RT_A","LUU_XLU4_SEX_RT","SU4: Tasa compuesta de subutilización de la fuerza de trabajo según sexo (%)","A","Anual","LUU_XLU4_RT","SU4: Tasa compuesta de subutilización de la fuerza de trabajo (definición anterior de la OIT - CIET13)","SEX","sexo",1991,2027,"02/10/2026 07:12:21",10240,10675,227,"Y","LUU","Desempleo y subutilización de la fuerza de trabajo","LFS","Estadísticas sobre la Fuerza Laboral (LFS)"
"LUU_XLU4_SEX_RT_Q","LUU_XLU4_SEX_RT","SU4: Tasa compuesta de subutilización de la fuerza de trabajo según sexo (%)","Q","Trimestral","LUU_XLU4_RT","SU4: Tasa compuesta de subutilización de la fuerza de trabajo (definición anterior de la OIT - CIET13)","SEX","sexo",1994,2026,"02/10/2026 07:13:20",13611,15000,88,,"LUU","Desempleo y subutilización de la fuerza de trabajo","LFS","Estadísticas sobre la Fuerza Laboral (LFS)"
"LUU_XLU4_SEX_RT_M","LUU_XLU4_SEX_RT","SU4: Tasa compuesta de subutilización de la fuerza de trabajo según sexo (%)","M","Mensual","LUU_XLU4_RT","SU4: Tasa compuesta de subutilización de la fuerza de trabajo (definición anterior de la OIT - CIET13)","SEX","sexo",1994,2026,"16/09/2026 08:19:15",5550,5676,10,,"LUU","Desempleo y subutilización de la fuerza de trabajo","LFS","Estadísticas sobre la Fuerza Laboral (LFS)"
"LUU_XLU4_SEX_AGE_RT_A","LUU_XLU4_SEX_AGE_RT","SU4: Tasa compuesta de subutilización de la fuerza de trabajo según sexo y edad (%)","A","Anual","LUU_XLU4_RT","SU4: Tasa compuesta de subutilización de la fuerza de trabajo (definición anterior de la OIT - CIET13)","SEX_AGE","sexo, edad",1991,2025,"02/10/2026 07:12:21",67120,73735,149,,"LUU","Desempleo y subutilización de la fuerza de trabajo","LFS","Estadísticas sobre la Fuerza Laboral (LFS)"
"LUU_XLU4_SEX_AGE_RT_Q","LUU_XLU4_SEX_AGE_RT","SU4: Tasa compuesta de subutilización de la fuerza de trabajo según sexo y edad (%)","Q","Trimestral","LUU_XLU4_RT","SU4: Tasa compuesta de subutilización de la fuerza de trabajo (definición anterior de la OIT - CIET13)","SEX_AGE","sexo, edad",1994,2026,"02/10/2026 07:13:20",199421,220256,88,,"LUU","Desempleo y subutilización de la fuerza de trabajo","LFS","Estadísticas sobre la Fuerza Laboral (LFS)"
"LUU_XLU4_SEX_AGE_RT_M","LUU_XLU4_SEX_AGE_RT","SU4: Tasa compuesta de subutilización de la fuerza de trabajo según sexo y edad (%)","M","Mensual","LUU_XLU4_RT","SU4: Tasa compuesta de subutilización de la fuerza de trabajo (definición anterior de la OIT - CIET13)","SEX_AGE","sexo, edad",1994,2026,"16/09/2026 08:19:15",44542,45550,11,,"LUU","Desempleo y subutilización de la fuerza de trabajo","LFS","Estadísticas sobre la Fuerza Laboral (LFS)"
"LUU_XLU4_SEX_AGE_EDU_RT_A","LUU_XLU4_SEX_AGE_EDU_RT","SU4: Tasa compuesta de subutilización de la fuerza de trabajo según sexo, edad y educación (%)","A","Anual","LUU_XLU4_RT","SU4: Tasa compuesta de subutilización de la fuerza de trabajo (definición anterior de la OIT - CIET13)","SEX_AGE_EDU","sexo, edad, educación",1991,2025,"02/10/2026 07:04:13",165873,182207,136,,"LUU","Desempleo y subutilización de la fuerza de trabajo","EMI","Indicadores de Educación y Desajuste (EMI)"
"LUU_XLU4_SEX_AGE_EDU_RT_Q","LUU_XLU4_SEX_AGE_EDU_RT","SU4: Tasa compuesta de subutilización de la fuerza de trabajo según sexo, edad y educación (%)","Q","Trimestral","LUU_XLU4_RT","SU4: Tasa compuesta de subutilización de la fuerza de trabajo (definición anterior de la OIT - CIET13)","SEX_AGE_EDU","sexo, edad, educación",1994,2026,"02/10/2026 07:06:17",504819,554804,85,,"LUU","Desempleo y subutilización de la fuerza de trabajo","EMI","Indicadores de Educación y Desajuste (EMI)"
"LUU_XLU4_SEX_AGE_GEO_RT_A","LUU_XLU4_SEX_AGE_GEO_RT","SU4: Tasa compuesta de subutilización de la fuerza de trabajo según sexo, edad y zonas rurales / urbanas (%)","A","Anual","LUU_XLU4_RT","SU4: Tasa compuesta de subutilización de la fuerza de trabajo (definición anterior de la OIT - CIET13)","SEX_AGE_GEO","sexo, edad, zonas rurales/urbanes",1998,2025,"02/10/2026 07:15:05",88378,91114,109,,"LUU","Desempleo y subutilización de la fuerza de trabajo","RURBAN","Mercados Laborales Rurales y Urbanos (RURBAN)"
"LUU_XLU4_SEX_AGE_GEO_RT_Q","LUU_XLU4_SEX_AGE_GEO_RT","SU4: Tasa compuesta de subutilización de la fuerza de trabajo según sexo, edad y zonas rurales / urbanas (%)","Q","Trimestral","LUU_XLU4_RT","SU4: Tasa compuesta de subutilización de la fuerza de trabajo (definición anterior de la OIT - CIET13)","SEX_AGE_GEO","sexo, edad, zonas rurales/urbanes",1998,2026,"02/10/2026 07:16:10",264567,267278,73,,"LUU","Desempleo y subutilización de la fuerza de trabajo","RURBAN","Mercados Laborales Rurales y Urbanos (RURBAN)"
"LUU_XLU4_SEX_AGE_MTS_RT_A","LUU_XLU4_SEX_AGE_MTS_RT","SU4: Tasa compuesta de subutilización de la fuerza de trabajo según sexo, edad y estado civil (%)","A","Anual","LUU_XLU4_RT","SU4: Tasa compuesta de subutilización de la fuerza de trabajo (definición anterior de la OIT - CIET13)","SEX_AGE_MTS","sexo, edad, estado civil",1991,2025,"02/10/2026 07:07:11",97541,105883,133,,"LUU","Desempleo y subutilización de la fuerza de trabajo","GEND","Indicadores de Igualdad de Género y No Discriminación (GEND)"
"LUU_XLU4_SEX_AGE_MTS_RT_Q","LUU_XLU4_SEX_AGE_MTS_RT","SU4: Tasa compuesta de subutilización de la fuerza de trabajo según sexo, edad y estado civil (%)","Q","Trimestral","LUU_XLU4_RT","SU4: Tasa compuesta de subutilización de la fuerza de trabajo (definición anterior de la OIT - CIET13)","SEX_AGE_MTS","sexo, edad, estado civil",1994,2026,"02/10/2026 07:08:13",179658,179658,64,,"LUU","Desempleo y subutilización de la fuerza de trabajo","GEND","Indicadores de Igualdad de Género y No Discriminación (GEND)"
"LUU_XLU4_SEX_EDU_RT_A","LUU_XLU4_SEX_EDU_RT","SU4: Tasa compuesta de subutilización de la fuerza de trabajo según sexo y educación (%)","A","Anual","LUU_XLU4_RT","SU4: Tasa compuesta de subutilización de la fuerza de trabajo (definición anterior de la OIT - CIET13)","SEX_EDU","sexo, educación",1991,2025,"02/10/2026 07:04:13",54709,59735,136,,"LUU","Desempleo y subutilización de la fuerza de trabajo","EMI","Indicadores de Educación y Desajuste (EMI)"
"LUU_XLU4_SEX_EDU_RT_Q","LUU_XLU4_SEX_EDU_RT","SU4: Tasa compuesta de subutilización de la fuerza de trabajo según sexo y educación (%)","Q","Trimestral","LUU_XLU4_RT","SU4: Tasa compuesta de subutilización de la fuerza de trabajo (definición anterior de la OIT - CIET13)","SEX_EDU","sexo, educación",1994,2026,"02/10/2026 07:06:17",169380,184139,85,,"LUU","Desempleo y subutilización de la fuerza de trabajo","EMI","Indicadores de Educación y Desajuste (EMI)"
"LUU_XLU4_SEX_EDU_GEO_RT_A","LUU_XLU4_SEX_EDU_GEO_RT","SU4: Tasa compuesta de subutilización de la fuerza de trabajo según sexo, educación y zonas rurales / urbanas (%)","A","Anual","LUU_XLU4_RT","SU4: Tasa compuesta de subutilización de la fuerza de trabajo (definición anterior de la OIT - CIET13)","SEX_EDU_GEO","sexo, educación, zonas rurales/urbanes",1998,2025,"02/10/2026 07:04:13",56503,58444,108,,"LUU","Desempleo y subutilización de la fuerza de trabajo","EMI","Indicadores de Educación y Desajuste (EMI)"
"LUU_XLU4_SEX_EDU_GEO_RT_Q","LUU_XLU4_SEX_EDU_GEO_RT","SU4: Tasa compuesta de subutilización de la fuerza de trabajo según sexo, educación y zonas rurales / urbanas (%)","Q","Trimestral","LUU_XLU4_RT","SU4: Tasa compuesta de subutilización de la fuerza de trabajo (definición anterior de la OIT - CIET13)","SEX_EDU_GEO","sexo, educación, zonas rurales/urbanes",1998,2026,"02/10/2026 07:06:17",166945,168581,73,,"LUU","Desempleo y subutilización de la fuerza de trabajo","EMI","Indicadores de Educación y Desajuste (EMI)"
"LUU_XLU4_SEX_EDU_MTS_RT_A","LUU_XLU4_SEX_EDU_MTS_RT","SU4: Tasa compuesta de subutilización de la fuerza de trabajo según sexo, educación y estado civil (%)","A","Anual","LUU_XLU4_RT","SU4: Tasa compuesta de subutilización de la fuerza de trabajo (definición anterior de la OIT - CIET13)","SEX_EDU_MTS","sexo, educación, estado civil",1991,2025,"02/10/2026 07:04:13",60222,65372,130,,"LUU","Desempleo y subutilización de la fuerza de trabajo","EMI","Indicadores de Educación y Desajuste (EMI)"
"LUU_XLU4_SEX_EDU_MTS_RT_Q","LUU_XLU4_SEX_EDU_MTS_RT","SU4: Tasa compuesta de subutilización de la fuerza de trabajo según sexo, educación y estado civil (%)","Q","Trimestral","LUU_XLU4_RT","SU4: Tasa compuesta de subutilización de la fuerza de trabajo (definición anterior de la OIT - CIET13)","SEX_EDU_MTS","sexo, educación, estado civil",1994,2026,"02/10/2026 07:06:17",113531,113531,62,,"LUU","Desempleo y subutilización de la fuerza de trabajo","EMI","Indicadores de Educación y Desajuste (EMI)"
"LUU_XLU4_SEX_GEO_RT_A","LUU_XLU4_SEX_GEO_RT","SU4: Tasa compuesta de subutilización de la fuerza de trabajo según sexo y zonas rurales / urbanas (%)","A","Anual","LUU_XLU4_RT","SU4: Tasa compuesta de subutilización de la fuerza de trabajo (definición anterior de la OIT - CIET13)","SEX_GEO","sexo, zonas rurales/urbanes",1998,2025,"02/10/2026 07:15:05",10637,10979,109,,"LUU","Desempleo y subutilización de la fuerza de trabajo","RURBAN","Mercados Laborales Rurales y Urbanos (RURBAN)"
"LUU_XLU4_SEX_GEO_RT_Q","LUU_XLU4_SEX_GEO_RT","SU4: Tasa compuesta de subutilización de la fuerza de trabajo según sexo y zonas rurales / urbanas (%)","Q","Trimestral","LUU_XLU4_RT","SU4: Tasa compuesta de subutilización de la fuerza de trabajo (definición anterior de la OIT - CIET13)","SEX_GEO","sexo, zonas rurales/urbanes",1998,2026,"02/10/2026 07:16:10",33419,33761,73,,"LUU","Desempleo y subutilización de la fuerza de trabajo","RURBAN","Mercados Laborales Rurales y Urbanos (RURBAN)"
"LUU_XLU4_SEX_GEO_MTS_RT_A","LUU_XLU4_SEX_GEO_MTS_RT","SU4: Tasa compuesta de subutilización de la fuerza de trabajo según sexo, zonas rurales / urbanas y estado civil (%)","A","Anual","LUU_XLU4_RT","SU4: Tasa compuesta de subutilización de la fuerza de trabajo (definición anterior de la OIT - CIET13)","SEX_GEO_MTS","sexo, zonas rurales/urbanes, estado civil",1998,2025,"02/10/2026 07:15:05",28919,29872,106,,"LUU","Desempleo y subutilización de la fuerza de trabajo","RURBAN","Mercados Laborales Rurales y Urbanos (RURBAN)"
"LUU_XLU4_SEX_GEO_MTS_RT_Q","LUU_XLU4_SEX_GEO_MTS_RT","SU4: Tasa compuesta de subutilización de la fuerza de trabajo según sexo, zonas rurales / urbanas y estado civil (%)","Q","Trimestral","LUU_XLU4_RT","SU4: Tasa compuesta de subutilización de la fuerza de trabajo (definición anterior de la OIT - CIET13)","SEX_GEO_MTS","sexo, zonas rurales/urbanes, estado civil",1999,2026,"02/10/2026 07:16:10",41921,41921,48,,"LUU","Desempleo y subutilización de la fuerza de trabajo","RURBAN","Mercados Laborales Rurales y Urbanos (RURBAN)"
"LUU_XLU4_SEX_MTS_RT_A","LUU_XLU4_SEX_MTS_RT","SU4: Tasa compuesta de subutilización de la fuerza de trabajo según sexo y estado civil (%)","A","Anual","LUU_XLU4_RT","SU4: Tasa compuesta de subutilización de la fuerza de trabajo (definición anterior de la OIT - CIET13)","SEX_MTS","sexo, estado civil",1991,2025,"02/10/2026 07:07:11",25158,27380,133,,"LUU","Desempleo y subutilización de la fuerza de trabajo","GEND","Indicadores de Igualdad de Género y No Discriminación (GEND)"
"LUU_XLU4_SEX_MTS_RT_Q","LUU_XLU4_SEX_MTS_RT","SU4: Tasa compuesta de subutilización de la fuerza de trabajo según sexo y estado civil (%)","Q","Trimestral","LUU_XLU4_RT","SU4: Tasa compuesta de subutilización de la fuerza de trabajo (definición anterior de la OIT - CIET13)","SEX_MTS","sexo, estado civil",1994,2026,"02/10/2026 07:08:13",22764,22764,64,,"LUU","Desempleo y subutilización de la fuerza de trabajo","GEND","Indicadores de Igualdad de Género y No Discriminación (GEND)"
"LUU_XLU4_SEX_DSB_RT_A","LUU_XLU4_SEX_DSB_RT","SU4: Tasa compuesta de subutilización de la fuerza de trabajo según sexo y situación en términos de discapacidad (%)","A","Anual","LUU_XLU4_RT","SU4: Tasa compuesta de subutilización de la fuerza de trabajo (definición anterior de la OIT - CIET13)","SEX_DSB","sexo, situación en términos de discapacidad",1999,2025,"24/09/2026 07:02:05",1918,1927,57,,"LUU","Desempleo y subutilización de la fuerza de trabajo","DLMI","Indicadores del mercado laboral de discapacidad"
"LUU_XLU4_SEX_DSB_RT_Q","LUU_XLU4_SEX_DSB_RT","SU4: Tasa compuesta de subutilización de la fuerza de trabajo según sexo y situación en términos de discapacidad (%)","Q","Trimestral","LUU_XLU4_RT","SU4: Tasa compuesta de subutilización de la fuerza de trabajo (definición anterior de la OIT - CIET13)","SEX_DSB","sexo, situación en términos de discapacidad",1998,2026,"16/09/2026 07:14:26",4276,4276,21,,"LUU","Desempleo y subutilización de la fuerza de trabajo","DLMI","Indicadores del mercado laboral de discapacidad"
"GED_XLU4_SEX_HHT_CHL_RT_A","GED_XLU4_SEX_HHT_CHL_RT","SU4: Tasa compuesta de subutilización de la fuerza de trabajo para personas de 25 a 54 años según sexo, tipo de hogar y presencia de niños (%)","A","Anual","GED_XLU4_RT","SU4: Tasa compuesta de subutilización de la fuerza de trabajo para personas de 25 a 54 años (definición anterior de la OIT - CIET13)","SEX_HHT_CHL","sexo, tipo de hogar, presencia de niños",2000,2025,"11/08/2026 07:06:24",107906,110616,110,,"LUU","Desempleo y subutilización de la fuerza de trabajo","GEND","Indicadores de Igualdad de Género y No Discriminación (GEND)"
"GED_XLU4_SEX_HHT_GEO_RT_A","GED_XLU4_SEX_HHT_GEO_RT","SU4: Tasa compuesta de subutilización de la fuerza de trabajo para personas de 25 a 54 años según sexo, tipo de hogar y zonas rurales / urbanas (%)","A","Anual","GED_XLU4_RT","SU4: Tasa compuesta de subutilización de la fuerza de trabajo para personas de 25 a 54 años (definición anterior de la OIT - CIET13)","SEX_HHT_GEO","sexo, tipo de hogar, zonas rurales/urbanes",2000,2025,"11/08/2026 07:06:24",43978,45220,88,,"LUU","Desempleo y subutilización de la fuerza de trabajo","GEND","Indicadores de Igualdad de Género y No Discriminación (GEND)"
"LUU_XLUX_SEX_NB_A","LUU_XLUX_SEX_NB","Brecha de empleos (millares)","A","Anual","LUU_XLUX_NB","Brecha de empleos","SEX","sexo",1991,2027,"02/10/2026 07:12:21",10221,10548,210,"Y","LUU","Desempleo y subutilización de la fuerza de trabajo","LFS","Estadísticas sobre la Fuerza Laboral (LFS)"
"LUU_XLUX_SEX_NB_Q","LUU_XLUX_SEX_NB","Brecha de empleos (millares)","Q","Trimestral","LUU_XLUX_NB","Brecha de empleos","SEX","sexo",1992,2026,"02/10/2026 07:13:20",12912,14085,78,,"LUU","Desempleo y subutilización de la fuerza de trabajo","LFS","Estadísticas sobre la Fuerza Laboral (LFS)"
"LUU_XLUX_SEX_RT_A","LUU_XLUX_SEX_RT","Tasa de incidencia de la brecha laboral (%)","A","Anual","LUU_XLUX_RT","Tasa de incidencia de la brecha laboral","SEX","sexo",1991,2027,"02/10/2026 07:12:21",10233,10560,211,"Y","LUU","Desempleo y subutilización de la fuerza de trabajo","LFS","Estadísticas sobre la Fuerza Laboral (LFS)"
"LUU_XLUX_SEX_RT_Q","LUU_XLUX_SEX_RT","Tasa de incidencia de la brecha laboral (%)","Q","Trimestral","LUU_XLUX_RT","Tasa de incidencia de la brecha laboral","SEX","sexo",1992,2026,"02/10/2026 07:13:20",12939,14112,79,,"LUU","Desempleo y subutilización de la fuerza de trabajo","LFS","Estadísticas sobre la Fuerza Laboral (LFS)"
"EIP_WDIS_SEX_AGE_NB_A","EIP_WDIS_SEX_AGE_NB","Buscadores desalentados según sexo y edad (millares)","A","Anual","EIP_WDIS_NB","Buscadores desalentados (definición anterior de la OIT - CIET13)","SEX_AGE","sexo, edad",1987,2025,"02/10/2026 07:12:21",92446,101908,177,,"LUU","Desempleo y subutilización de la fuerza de trabajo","LFS","Estadísticas sobre la Fuerza Laboral (LFS)"
"EIP_WDIS_SEX_AGE_NB_Q","EIP_WDIS_SEX_AGE_NB","Buscadores desalentados según sexo y edad (millares)","Q","Trimestral","EIP_WDIS_NB","Buscadores desalentados (definición anterior de la OIT - CIET13)","SEX_AGE","sexo, edad",1987,2026,"02/10/2026 07:13:20",174034,180656,96,,"LUU","Desempleo y subutilización de la fuerza de trabajo","LFS","Estadísticas sobre la Fuerza Laboral (LFS)"
"EIP_WDIS_SEX_AGE_NB_M","EIP_WDIS_SEX_AGE_NB","Buscadores desalentados según sexo y edad (millares)","M","Mensual","EIP_WDIS_NB","Buscadores desalentados (definición anterior de la OIT - CIET13)","SEX_AGE","sexo, edad",2000,2023,"08/01/2024 17:56:52",209,209,3,,"LUU","Desempleo y subutilización de la fuerza de trabajo","LFS","Estadísticas sobre la Fuerza Laboral (LFS)"
"EIP_WDIS_SEX_AGE_EDU_NB_A","EIP_WDIS_SEX_AGE_EDU_NB","Buscadores desalentados según sexo, edad y educación (millares)","A","Anual","EIP_WDIS_NB","Buscadores desalentados (definición anterior de la OIT - CIET13)","SEX_AGE_EDU","sexo, edad, educación",1987,2025,"02/10/2026 07:03:13",199679,221001,156,,"LUU","Desempleo y subutilización de la fuerza de trabajo","EMI","Indicadores de Educación y Desajuste (EMI)"
"EIP_WDIS_SEX_AGE_EDU_NB_Q","EIP_WDIS_SEX_AGE_EDU_NB","Buscadores desalentados según sexo, edad y educación (millares)","Q","Trimestral","EIP_WDIS_NB","Buscadores desalentados (definición anterior de la OIT - CIET13)","SEX_AGE_EDU","sexo, edad, educación",1987,2026,"02/10/2026 07:05:16",390997,402121,92,,"LUU","Desempleo y subutilización de la fuerza de trabajo","EMI","Indicadores de Educación y Desajuste (EMI)"
"EIP_WDIS_SEX_AGE_GEO_NB_A","EIP_WDIS_SEX_AGE_GEO_NB","Buscadores desalentados según sexo, edad y zonas rurales / urbanas (millares)","A","Anual","EIP_WDIS_NB","Buscadores desalentados (definición anterior de la OIT - CIET13)","SEX_AGE_GEO","sexo, edad, zonas rurales/urbanes",1987,2025,"02/10/2026 07:15:05",117865,123001,134,,"LUU","Desempleo y subutilización de la fuerza de trabajo","RURBAN","Mercados Laborales Rurales y Urbanos (RURBAN)"
"EIP_WDIS_SEX_AGE_GEO_NB_Q","EIP_WDIS_SEX_AGE_GEO_NB","Buscadores desalentados según sexo, edad y zonas rurales / urbanas (millares)","Q","Trimestral","EIP_WDIS_NB","Buscadores desalentados (definición anterior de la OIT - CIET13)","SEX_AGE_GEO","sexo, edad, zonas rurales/urbanes",1987,2026,"02/10/2026 07:16:10",181832,184423,80,,"LUU","Desempleo y subutilización de la fuerza de trabajo","RURBAN","Mercados Laborales Rurales y Urbanos (RURBAN)"
"EIP_WDIS_SEX_AGE_MTS_NB_A","EIP_WDIS_SEX_AGE_MTS_NB","Buscadores desalentados según sexo, educación y estado civil (millares)","A","Anual","EIP_WDIS_NB","Buscadores desalentados (definición anterior de la OIT - CIET13)","SEX_AGE_MTS","sexo, edad, estado civil",1987,2025,"02/10/2026 07:07:11",125259,136482,152,,"LUU","Desempleo y subutilización de la fuerza de trabajo","GEND","Indicadores de Igualdad de Género y No Discriminación (GEND)"
"EIP_WDIS_SEX_AGE_MTS_NB_Q","EIP_WDIS_SEX_AGE_MTS_NB","Buscadores desalentados según sexo, educación y estado civil (millares)","Q","Trimestral","EIP_WDIS_NB","Buscadores desalentados (definición anterior de la OIT - CIET13)","SEX_AGE_MTS","sexo, edad, estado civil",1987,2026,"02/10/2026 07:08:13",222317,222795,73,,"LUU","Desempleo y subutilización de la fuerza de trabajo","GEND","Indicadores de Igualdad de Género y No Discriminación (GEND)"
"EIP_WDIS_SEX_EDU_GEO_NB_A","EIP_WDIS_SEX_EDU_GEO_NB","Buscadores desalentados según sexo, educación y áreas rurales / urbanas (millares)","A","Anual","EIP_WDIS_NB","Buscadores desalentados (definición anterior de la OIT - CIET13)","SEX_EDU_GEO","sexo, educación, zonas rurales/urbanes",1987,2025,"02/10/2026 07:03:13",62537,65456,134,,"LUU","Desempleo y subutilización de la fuerza de trabajo","EMI","Indicadores de Educación y Desajuste (EMI)"
"EIP_WDIS_SEX_EDU_GEO_NB_Q","EIP_WDIS_SEX_EDU_GEO_NB","Buscadores desalentados según sexo, educación y áreas rurales / urbanas (millares)","Q","Trimestral","EIP_WDIS_NB","Buscadores desalentados (definición anterior de la OIT - CIET13)","SEX_EDU_GEO","sexo, educación, zonas rurales/urbanes",1987,2026,"02/10/2026 07:05:16",99025,100369,79,,"LUU","Desempleo y subutilización de la fuerza de trabajo","EMI","Indicadores de Educación y Desajuste (EMI)"
"EIP_WDIS_SEX_EDU_MTS_NB_A","EIP_WDIS_SEX_EDU_MTS_NB","Buscadores desalentados según sexo, educación y estado civil (millares)","A","Anual","EIP_WDIS_NB","Buscadores desalentados (definición anterior de la OIT - CIET13)","SEX_EDU_MTS","sexo, educación, estado civil",1987,2025,"02/10/2026 07:03:13",68347,74254,151,,"LUU","Desempleo y subutilización de la fuerza de trabajo","EMI","Indicadores de Educación y Desajuste (EMI)"
"EIP_WDIS_SEX_EDU_MTS_NB_Q","EIP_WDIS_SEX_EDU_MTS_NB","Buscadores desalentados según sexo, educación y estado civil (millares)","Q","Trimestral","EIP_WDIS_NB","Buscadores desalentados (definición anterior de la OIT - CIET13)","SEX_EDU_MTS","sexo, educación, estado civil",1987,2026,"02/10/2026 07:05:16",122171,122372,71,,"LUU","Desempleo y subutilización de la fuerza de trabajo","EMI","Indicadores de Educación y Desajuste (EMI)"
"EIP_WDIS_SEX_GEO_NB_A","EIP_WDIS_SEX_GEO_NB","Buscadores desalentados según sexo y zonas rurales / urbanas (millares)","A","Anual","EIP_WDIS_NB","Buscadores desalentados (definición anterior de la OIT - CIET13)","SEX_GEO","sexo, zonas rurales/urbanes",1987,2025,"02/10/2026 07:15:05",13380,13980,134,,"LUU","Desempleo y subutilización de la fuerza de trabajo","RURBAN","Mercados Laborales Rurales y Urbanos (RURBAN)"
"EIP_WDIS_SEX_GEO_NB_Q","EIP_WDIS_SEX_GEO_NB","Buscadores desalentados según sexo y zonas rurales / urbanas (millares)","Q","Trimestral","EIP_WDIS_NB","Buscadores desalentados (definición anterior de la OIT - CIET13)","SEX_GEO","sexo, zonas rurales/urbanes",1987,2026,"02/10/2026 07:16:10",21861,22203,80,,"LUU","Desempleo y subutilización de la fuerza de trabajo","RURBAN","Mercados Laborales Rurales y Urbanos (RURBAN)"
"EIP_WDIS_SEX_GEO_MTS_NB_A","EIP_WDIS_SEX_GEO_MTS_NB","Buscadores desalentados según sexo, zonas rurales / urbanas y estado civil (millares)","A","Anual","EIP_WDIS_NB","Buscadores desalentados (definición anterior de la OIT - CIET13)","SEX_GEO_MTS","sexo, zonas rurales/urbanes, estado civil",1987,2025,"02/10/2026 07:15:05",36024,37620,129,,"LUU","Desempleo y subutilización de la fuerza de trabajo","RURBAN","Mercados Laborales Rurales y Urbanos (RURBAN)"
"EIP_WDIS_SEX_GEO_MTS_NB_Q","EIP_WDIS_SEX_GEO_MTS_NB","Buscadores desalentados según sexo, zonas rurales / urbanas y estado civil (millares)","Q","Trimestral","EIP_WDIS_NB","Buscadores desalentados (definición anterior de la OIT - CIET13)","SEX_GEO_MTS","sexo, zonas rurales/urbanes, estado civil",1987,2026,"02/10/2026 07:16:10",50471,50579,57,,"LUU","Desempleo y subutilización de la fuerza de trabajo","RURBAN","Mercados Laborales Rurales y Urbanos (RURBAN)"
"EIP_WDIS_SEX_MTS_NB_A","EIP_WDIS_SEX_MTS_NB","Buscadores desalentados según sexo y estado civil (millares)","A","Anual","EIP_WDIS_NB","Buscadores desalentados (definición anterior de la OIT - CIET13)","SEX_MTS","sexo, estado civil",1987,2025,"02/10/2026 07:07:11",32579,35852,152,,"LUU","Desempleo y subutilización de la fuerza de trabajo","GEND","Indicadores de Igualdad de Género y No Discriminación (GEND)"
"EIP_WDIS_SEX_MTS_NB_Q","EIP_WDIS_SEX_MTS_NB","Buscadores desalentados según sexo y estado civil (millares)","Q","Trimestral","EIP_WDIS_NB","Buscadores desalentados (definición anterior de la OIT - CIET13)","SEX_MTS","sexo, estado civil",1987,2026,"02/10/2026 07:08:13",27798,27861,73,,"LUU","Desempleo y subutilización de la fuerza de trabajo","GEND","Indicadores de Igualdad de Género y No Discriminación (GEND)"
"EIP_WDIS_SEX_DSB_NB_A","EIP_WDIS_SEX_DSB_NB","Buscadores desalentados según sexo y situación en términos de discapacidad (millares)","A","Anual","EIP_WDIS_NB","Buscadores desalentados (definición anterior de la OIT - CIET13)","SEX_DSB","sexo, situación en términos de discapacidad",1999,2025,"24/09/2026 07:02:05",2577,2664,75,,"LUU","Desempleo y subutilización de la fuerza de trabajo","DLMI","Indicadores del mercado laboral de discapacidad"
"EIP_WDIS_SEX_DSB_NB_Q","EIP_WDIS_SEX_DSB_NB","Buscadores desalentados según sexo y situación en términos de discapacidad (millares)","Q","Trimestral","EIP_WDIS_NB","Buscadores desalentados (definición anterior de la OIT - CIET13)","SEX_DSB","sexo, situación en términos de discapacidad",1998,2026,"16/09/2026 07:14:26",4971,4998,24,,"LUU","Desempleo y subutilización de la fuerza de trabajo","DLMI","Indicadores del mercado laboral de discapacidad"
"EIP_XPLF_SEX_NB_A","EIP_XPLF_SEX_NB","Fuerza de trabajo potencial según sexo (millares)","A","Anual","EIP_XPLF_NB","Fuerza de trabajo potencial (definición anterior de la OIT - CIET13)","SEX","sexo",1976,2027,"02/10/2026 07:12:21",11554,12112,254,"Y","LUU","Desempleo y subutilización de la fuerza de trabajo","LFS","Estadísticas sobre la Fuerza Laboral (LFS)"
"EIP_XPLF_SEX_NB_Q","EIP_XPLF_SEX_NB","Fuerza de trabajo potencial según sexo (millares)","Q","Trimestral","EIP_XPLF_NB","Fuerza de trabajo potencial (definición anterior de la OIT - CIET13)","SEX","sexo",1976,2026,"02/10/2026 07:13:20",15425,16925,92,,"LUU","Desempleo y subutilización de la fuerza de trabajo","LFS","Estadísticas sobre la Fuerza Laboral (LFS)"
"EIP_XPLF_SEX_AGE_NB_A","EIP_XPLF_SEX_AGE_NB","Fuerza de trabajo potencial según sexo y edad (millares)","A","Anual","EIP_XPLF_NB","Fuerza de trabajo potencial (definición anterior de la OIT - CIET13)","SEX_AGE","sexo, edad",1976,2025,"02/10/2026 07:12:21",83357,92225,167,,"LUU","Desempleo y subutilización de la fuerza de trabajo","LFS","Estadísticas sobre la Fuerza Laboral (LFS)"
"EIP_XPLF_SEX_AGE_NB_Q","EIP_XPLF_SEX_AGE_NB","Fuerza de trabajo potencial según sexo y edad (millares)","Q","Trimestral","EIP_XPLF_NB","Fuerza de trabajo potencial (definición anterior de la OIT - CIET13)","SEX_AGE","sexo, edad",1976,2026,"02/10/2026 07:13:20",243606,267294,92,,"LUU","Desempleo y subutilización de la fuerza de trabajo","LFS","Estadísticas sobre la Fuerza Laboral (LFS)"
"EIP_XPLF_SEX_AGE_NB_M","EIP_XPLF_SEX_AGE_NB","Fuerza de trabajo potencial según sexo y edad (millares)","M","Mensual","EIP_XPLF_NB","Fuerza de trabajo potencial (definición anterior de la OIT - CIET13)","SEX_AGE","sexo, edad",2004,2023,"08/01/2024 17:56:52",237,237,1,,"LUU","Desempleo y subutilización de la fuerza de trabajo","LFS","Estadísticas sobre la Fuerza Laboral (LFS)"
"EIP_XPLF_SEX_AGE_EDU_NB_A","EIP_XPLF_SEX_AGE_EDU_NB","Fuerza de trabajo potencial según sexo, edad y educación (millares)","A","Anual","EIP_XPLF_NB","Fuerza de trabajo potencial (definición anterior de la OIT - CIET13)","SEX_AGE_EDU","sexo, edad, educación",1987,2025,"02/10/2026 07:03:13",216063,239372,156,,"LUU","Desempleo y subutilización de la fuerza de trabajo","EMI","Indicadores de Educación y Desajuste (EMI)"
"EIP_XPLF_SEX_AGE_EDU_NB_Q","EIP_XPLF_SEX_AGE_EDU_NB","Fuerza de trabajo potencial según sexo, edad y educación (millares)","Q","Trimestral","EIP_XPLF_NB","Fuerza de trabajo potencial (definición anterior de la OIT - CIET13)","SEX_AGE_EDU","sexo, edad, educación",1987,2026,"02/10/2026 07:05:16",609045,667251,90,,"LUU","Desempleo y subutilización de la fuerza de trabajo","EMI","Indicadores de Educación y Desajuste (EMI)"
"EIP_XPLF_SEX_AGE_GEO_NB_A","EIP_XPLF_SEX_AGE_GEO_NB","Fuerza de trabajo potencial según sexo, edad y zonas rurales / urbanas (millares)","A","Anual","EIP_XPLF_NB","Fuerza de trabajo potencial (definición anterior de la OIT - CIET13)","SEX_AGE_GEO","sexo, edad, zonas rurales/urbanes",1987,2025,"02/10/2026 07:15:05",109601,114854,128,,"LUU","Desempleo y subutilización de la fuerza de trabajo","RURBAN","Mercados Laborales Rurales y Urbanos (RURBAN)"
"EIP_XPLF_SEX_AGE_GEO_NB_Q","EIP_XPLF_SEX_AGE_GEO_NB","Fuerza de trabajo potencial según sexo, edad y zonas rurales / urbanas (millares)","Q","Trimestral","EIP_XPLF_NB","Fuerza de trabajo potencial (definición anterior de la OIT - CIET13)","SEX_AGE_GEO","sexo, edad, zonas rurales/urbanes",1987,2026,"02/10/2026 07:16:10",317706,320686,77,,"LUU","Desempleo y subutilización de la fuerza de trabajo","RURBAN","Mercados Laborales Rurales y Urbanos (RURBAN)"
"EIP_XPLF_SEX_AGE_MTS_NB_A","EIP_XPLF_SEX_AGE_MTS_NB","Fuerza de trabajo potencial según sexo, educación y estado civil (millares)","A","Anual","EIP_XPLF_NB","Fuerza de trabajo potencial (definición anterior de la OIT - CIET13)","SEX_AGE_MTS","sexo, edad, estado civil",1987,2025,"02/10/2026 07:07:11",92336,97097,132,,"LUU","Desempleo y subutilización de la fuerza de trabajo","GEND","Indicadores de Igualdad de Género y No Discriminación (GEND)"
"EIP_XPLF_SEX_AGE_MTS_NB_Q","EIP_XPLF_SEX_AGE_MTS_NB","Fuerza de trabajo potencial según sexo, educación y estado civil (millares)","Q","Trimestral","EIP_XPLF_NB","Fuerza de trabajo potencial (definición anterior de la OIT - CIET13)","SEX_AGE_MTS","sexo, edad, estado civil",1987,2026,"02/10/2026 07:08:13",231150,231150,68,,"LUU","Desempleo y subutilización de la fuerza de trabajo","GEND","Indicadores de Igualdad de Género y No Discriminación (GEND)"
"EIP_XPLF_SEX_EDU_NB_A","EIP_XPLF_SEX_EDU_NB","Fuerza de trabajo potencial según sexo y educación (millares)","A","Anual","EIP_XPLF_NB","Fuerza de trabajo potencial (definición anterior de la OIT - CIET13)","SEX_EDU","sexo, educación",1987,2025,"02/10/2026 07:03:13",63478,70066,156,,"LUU","Desempleo y subutilización de la fuerza de trabajo","EMI","Indicadores de Educación y Desajuste (EMI)"
"EIP_XPLF_SEX_EDU_NB_Q","EIP_XPLF_SEX_EDU_NB","Fuerza de trabajo potencial según sexo y educación (millares)","Q","Trimestral","EIP_XPLF_NB","Fuerza de trabajo potencial (definición anterior de la OIT - CIET13)","SEX_EDU","sexo, educación",1987,2026,"02/10/2026 07:05:16",182471,197933,90,,"LUU","Desempleo y subutilización de la fuerza de trabajo","EMI","Indicadores de Educación y Desajuste (EMI)"
"EIP_XPLF_SEX_EDU_GEO_NB_A","EIP_XPLF_SEX_EDU_GEO_NB","Fuerza de trabajo potencial según sexo, educación y áreas rurales / urbanas (millares)","A","Anual","EIP_XPLF_NB","Fuerza de trabajo potencial (definición anterior de la OIT - CIET13)","SEX_EDU_GEO","sexo, educación, zonas rurales/urbanes",1987,2025,"02/10/2026 07:03:13",61100,64274,127,,"LUU","Desempleo y subutilización de la fuerza de trabajo","EMI","Indicadores de Educación y Desajuste (EMI)"
"EIP_XPLF_SEX_EDU_GEO_NB_Q","EIP_XPLF_SEX_EDU_GEO_NB","Fuerza de trabajo potencial según sexo, educación y áreas rurales / urbanas (millares)","Q","Trimestral","EIP_XPLF_NB","Fuerza de trabajo potencial (definición anterior de la OIT - CIET13)","SEX_EDU_GEO","sexo, educación, zonas rurales/urbanes",1987,2026,"02/10/2026 07:05:16",172877,174437,77,,"LUU","Desempleo y subutilización de la fuerza de trabajo","EMI","Indicadores de Educación y Desajuste (EMI)"
"EIP_XPLF_SEX_EDU_MTS_NB_A","EIP_XPLF_SEX_EDU_MTS_NB","Fuerza de trabajo potencial según sexo, educación y estado civil (millares)","A","Anual","EIP_XPLF_NB","Fuerza de trabajo potencial (definición anterior de la OIT - CIET13)","SEX_EDU_MTS","sexo, educación, estado civil",1987,2025,"02/10/2026 07:03:13",52085,55034,129,,"LUU","Desempleo y subutilización de la fuerza de trabajo","EMI","Indicadores de Educación y Desajuste (EMI)"
"EIP_XPLF_SEX_EDU_MTS_NB_Q","EIP_XPLF_SEX_EDU_MTS_NB","Fuerza de trabajo potencial según sexo, educación y estado civil (millares)","Q","Trimestral","EIP_XPLF_NB","Fuerza de trabajo potencial (definición anterior de la OIT - CIET13)","SEX_EDU_MTS","sexo, educación, estado civil",1987,2026,"02/10/2026 07:05:16",126100,126100,66,,"LUU","Desempleo y subutilización de la fuerza de trabajo","EMI","Indicadores de Educación y Desajuste (EMI)"
"EIP_XPLF_SEX_GEO_NB_A","EIP_XPLF_SEX_GEO_NB","Fuerza de trabajo potencial según sexo y zonas rurales / urbanas (millares)","A","Anual","EIP_XPLF_NB","Fuerza de trabajo potencial (definición anterior de la OIT - CIET13)","SEX_GEO","sexo, zonas rurales/urbanes",1987,2025,"02/10/2026 07:15:05",12371,12956,128,,"LUU","Desempleo y subutilización de la fuerza de trabajo","RURBAN","Mercados Laborales Rurales y Urbanos (RURBAN)"
"EIP_XPLF_SEX_GEO_NB_Q","EIP_XPLF_SEX_GEO_NB","Fuerza de trabajo potencial según sexo y zonas rurales / urbanas (millares)","Q","Trimestral","EIP_XPLF_NB","Fuerza de trabajo potencial (definición anterior de la OIT - CIET13)","SEX_GEO","sexo, zonas rurales/urbanes",1987,2026,"02/10/2026 07:16:10",36061,36403,77,,"LUU","Desempleo y subutilización de la fuerza de trabajo","RURBAN","Mercados Laborales Rurales y Urbanos (RURBAN)"
"EIP_XPLF_SEX_GEO_MTS_NB_A","EIP_XPLF_SEX_GEO_MTS_NB","Fuerza de trabajo potencial según sexo, zonas rurales / urbanas y estado civil (millares)","A","Anual","EIP_XPLF_NB","Fuerza de trabajo potencial (definición anterior de la OIT - CIET13)","SEX_GEO_MTS","sexo, zonas rurales/urbanes, estado civil",1987,2025,"02/10/2026 07:15:05",21166,22723,102,,"LUU","Desempleo y subutilización de la fuerza de trabajo","RURBAN","Mercados Laborales Rurales y Urbanos (RURBAN)"
"EIP_XPLF_SEX_GEO_MTS_NB_Q","EIP_XPLF_SEX_GEO_MTS_NB","Fuerza de trabajo potencial según sexo, zonas rurales / urbanas y estado civil (millares)","Q","Trimestral","EIP_XPLF_NB","Fuerza de trabajo potencial (definición anterior de la OIT - CIET13)","SEX_GEO_MTS","sexo, zonas rurales/urbanes, estado civil",1987,2026,"02/10/2026 07:16:10",46112,46112,52,,"LUU","Desempleo y subutilización de la fuerza de trabajo","RURBAN","Mercados Laborales Rurales y Urbanos (RURBAN)"
"EIP_XPLF_SEX_MTS_NB_A","EIP_XPLF_SEX_MTS_NB","Fuerza de trabajo potencial según sexo y estado civil (millares)","A","Anual","EIP_XPLF_NB","Fuerza de trabajo potencial (definición anterior de la OIT - CIET13)","SEX_MTS","sexo, estado civil",1987,2025,"02/10/2026 07:07:11",27743,29312,132,,"LUU","Desempleo y subutilización de la fuerza de trabajo","GEND","Indicadores de Igualdad de Género y No Discriminación (GEND)"
"EIP_XPLF_SEX_MTS_NB_Q","EIP_XPLF_SEX_MTS_NB","Fuerza de trabajo potencial según sexo y estado civil (millares)","Q","Trimestral","EIP_XPLF_NB","Fuerza de trabajo potencial (definición anterior de la OIT - CIET13)","SEX_MTS","sexo, estado civil",1987,2026,"02/10/2026 07:08:13",26617,26617,68,,"LUU","Desempleo y subutilización de la fuerza de trabajo","GEND","Indicadores de Igualdad de Género y No Discriminación (GEND)"
"EIP_XPLF_SEX_DSB_NB_A","EIP_XPLF_SEX_DSB_NB","Fuerza de trabajo potencial según sexo y situación en términos de discapacidad (millares)","A","Anual","EIP_XPLF_NB","Fuerza de trabajo potencial (definición anterior de la OIT - CIET13)","SEX_DSB","sexo, situación en términos de discapacidad",1999,2025,"24/09/2026 07:02:05",2478,2577,79,,"LUU","Desempleo y subutilización de la fuerza de trabajo","DLMI","Indicadores del mercado laboral de discapacidad"
"EIP_XPLF_SEX_DSB_NB_Q","EIP_XPLF_SEX_DSB_NB","Fuerza de trabajo potencial según sexo y situación en términos de discapacidad (millares)","Q","Trimestral","EIP_XPLF_NB","Fuerza de trabajo potencial (definición anterior de la OIT - CIET13)","SEX_DSB","sexo, situación en términos de discapacidad",1998,2026,"16/09/2026 07:14:26",4309,4309,23,,"LUU","Desempleo y subutilización de la fuerza de trabajo","DLMI","Indicadores del mercado laboral de discapacidad"
"EIP_XPLF_SEX_RT_A","EIP_XPLF_SEX_RT","Tasa de la fuerza de trabajo potencial según sexo (%)","A","Anual","EIP_XPLF_RT","Tasa de la uerza de trabajo potencial","SEX","sexo",2004,2027,"26/05/2026 08:57:18",6264,6264,87,"Y","LUU","Desempleo y subutilización de la fuerza de trabajo","LFS","Estadísticas sobre la Fuerza Laboral (LFS)"
"EIP_XJOB_SEX_NB_A","EIP_XJOB_SEX_NB","Fuerza de trabajo potencial y personas que no buscan empleo dispuestas (millares)","A","Anual","EIP_XJOB_NB","Fuerza de trabajo potencial y personas que no buscan empleo dispuestas (definición anterior de la OIT - CIET13)","SEX","sexo",1991,2027,"02/10/2026 07:12:21",10221,10548,210,"Y","LUU","Desempleo y subutilización de la fuerza de trabajo","LFS","Estadísticas sobre la Fuerza Laboral (LFS)"
"EIP_XJOB_SEX_NB_Q","EIP_XJOB_SEX_NB","Fuerza de trabajo potencial y personas que no buscan empleo dispuestas (millares)","Q","Trimestral","EIP_XJOB_NB","Fuerza de trabajo potencial y personas que no buscan empleo dispuestas (definición anterior de la OIT - CIET13)","SEX","sexo",1992,2026,"02/10/2026 07:13:20",12912,14085,78,,"LUU","Desempleo y subutilización de la fuerza de trabajo","LFS","Estadísticas sobre la Fuerza Laboral (LFS)"
"EIP_TEIP_SEX_AGE_NB_A","EIP_TEIP_SEX_AGE_NB","Personas fuera de la fuerza de trabajo según sexo y edad (millares)","A","Anual","EIP_TEIP_NB","Personas fuera de la fuerza de trabajo (definición anterior de la OIT - CIET13)","SEX_AGE","sexo, edad",1946,2027,"02/10/2026 07:12:21",415957,461942,316,"Y","LUU","Desempleo y subutilización de la fuerza de trabajo","LFS","Estadísticas sobre la Fuerza Laboral (LFS)"
"EIP_TEIP_SEX_AGE_NB_Q","EIP_TEIP_SEX_AGE_NB","Personas fuera de la fuerza de trabajo según sexo y edad (millares)","Q","Trimestral","EIP_TEIP_NB","Personas fuera de la fuerza de trabajo (definición anterior de la OIT - CIET13)","SEX_AGE","sexo, edad",1948,2026,"02/10/2026 07:13:20",663580,723475,115,,"LUU","Desempleo y subutilización de la fuerza de trabajo","LFS","Estadísticas sobre la Fuerza Laboral (LFS)"
"EIP_TEIP_SEX_AGE_NB_M","EIP_TEIP_SEX_AGE_NB","Personas fuera de la fuerza de trabajo según sexo y edad (millares)","M","Mensual","EIP_TEIP_NB","Personas fuera de la fuerza de trabajo (definición anterior de la OIT - CIET13)","SEX_AGE","sexo, edad",1948,2026,"20/09/2026 07:29:34",286464,288480,45,,"LUU","Desempleo y subutilización de la fuerza de trabajo","LFS","Estadísticas sobre la Fuerza Laboral (LFS)"
"EIP_TEIP_SEX_AGE_EDU_NB_A","EIP_TEIP_SEX_AGE_EDU_NB","Personas fuera de la fuerza de trabajo según sexo, edad y educación (millares)","A","Anual","EIP_TEIP_NB","Personas fuera de la fuerza de trabajo (definición anterior de la OIT - CIET13)","SEX_AGE_EDU","sexo, edad, educación",1970,2025,"02/10/2026 07:04:13",1537703,1735322,193,,"LUU","Desempleo y subutilización de la fuerza de trabajo","EMI","Indicadores de Educación y Desajuste (EMI)"
"EIP_TEIP_SEX_AGE_EDU_NB_Q","EIP_TEIP_SEX_AGE_EDU_NB","Personas fuera de la fuerza de trabajo según sexo, edad y educación (millares)","Q","Trimestral","EIP_TEIP_NB","Personas fuera de la fuerza de trabajo (definición anterior de la OIT - CIET13)","SEX_AGE_EDU","sexo, edad, educación",1987,2026,"02/10/2026 07:05:16",2932974,3193114,102,,"LUU","Desempleo y subutilización de la fuerza de trabajo","EMI","Indicadores de Educación y Desajuste (EMI)"
"EIP_TEIP_SEX_AGE_EDU_NB_M","EIP_TEIP_SEX_AGE_EDU_NB","Personas fuera de la fuerza de trabajo según sexo, edad y educación (millares)","M","Mensual","EIP_TEIP_NB","Personas fuera de la fuerza de trabajo (definición anterior de la OIT - CIET13)","SEX_AGE_EDU","sexo, edad, educación",1990,2026,"16/09/2026 07:31:16",439880,445763,15,,"LUU","Desempleo y subutilización de la fuerza de trabajo","EMI","Indicadores de Educación y Desajuste (EMI)"
"EIP_TEIP_SEX_AGE_GEO_NB_A","EIP_TEIP_SEX_AGE_GEO_NB","Personas fuera de la fuerza de trabajo según sexo, edad y zonas rurales / urbanas (millares)","A","Anual","EIP_TEIP_NB","Personas fuera de la fuerza de trabajo (definición anterior de la OIT - CIET13)","SEX_AGE_GEO","sexo, edad, zonas rurales/urbanes",1970,2025,"02/10/2026 07:15:05",296703,324052,160,,"LUU","Desempleo y subutilización de la fuerza de trabajo","RURBAN","Mercados Laborales Rurales y Urbanos (RURBAN)"
"EIP_TEIP_SEX_AGE_GEO_NB_Q","EIP_TEIP_SEX_AGE_GEO_NB","Personas fuera de la fuerza de trabajo según sexo, edad y zonas rurales / urbanas (millares)","Q","Trimestral","EIP_TEIP_NB","Personas fuera de la fuerza de trabajo (definición anterior de la OIT - CIET13)","SEX_AGE_GEO","sexo, edad, zonas rurales/urbanes",1987,2026,"02/10/2026 07:16:10",764460,789372,89,,"LUU","Desempleo y subutilización de la fuerza de trabajo","RURBAN","Mercados Laborales Rurales y Urbanos (RURBAN)"
"EIP_TEIP_SEX_AGE_GEO_NB_M","EIP_TEIP_SEX_AGE_GEO_NB","Personas fuera de la fuerza de trabajo según sexo, edad y zonas rurales / urbanas (millares)","M","Mensual","EIP_TEIP_NB","Personas fuera de la fuerza de trabajo (definición anterior de la OIT - CIET13)","SEX_AGE_GEO","sexo, edad, zonas rurales/urbanes",2000,2026,"16/09/2026 08:32:07",158121,161523,14,,"LUU","Desempleo y subutilización de la fuerza de trabajo","RURBAN","Mercados Laborales Rurales y Urbanos (RURBAN)"
"EIP_TEIP_SEX_AGE_MTS_NB_A","EIP_TEIP_SEX_AGE_MTS_NB","Personas fuera de la fuerza de trabajo según sexo, edad y estado civil (millares)","A","Anual","EIP_TEIP_NB","Personas fuera de la fuerza de trabajo (definición anterior de la OIT - CIET13)","SEX_AGE_MTS","sexo, edad, estado civil",1970,2025,"02/10/2026 07:07:11",792172,901164,176,,"LUU","Desempleo y subutilización de la fuerza de trabajo","GEND","Indicadores de Igualdad de Género y No Discriminación (GEND)"
"EIP_TEIP_SEX_AGE_MTS_NB_Q","EIP_TEIP_SEX_AGE_MTS_NB","Personas fuera de la fuerza de trabajo según sexo, edad y estado civil (millares)","Q","Trimestral","EIP_TEIP_NB","Personas fuera de la fuerza de trabajo (definición anterior de la OIT - CIET13)","SEX_AGE_MTS","sexo, edad, estado civil",1987,2026,"02/10/2026 07:08:13",1180507,1182586,82,,"LUU","Desempleo y subutilización de la fuerza de trabajo","GEND","Indicadores de Igualdad de Género y No Discriminación (GEND)"
"EIP_TEIP_SEX_AGE_DSB_NB_A","EIP_TEIP_SEX_AGE_DSB_NB","Personas fuera de la fuerza de trabajo según sexo, edad y situación en términos de discapacidad (millares)","A","Anual","EIP_TEIP_NB","Personas fuera de la fuerza de trabajo (definición anterior de la OIT - CIET13)","SEX_AGE_DSB","sexo, edad, situación en términos de discapacidad",1996,2025,"02/10/2026 07:02:05",82939,86908,127,,"LUU","Desempleo y subutilización de la fuerza de trabajo","DLMI","Indicadores del mercado laboral de discapacidad"
"EIP_TEIP_SEX_AGE_DSB_NB_Q","EIP_TEIP_SEX_AGE_DSB_NB","Personas fuera de la fuerza de trabajo según sexo, edad y situación en términos de discapacidad (millares)","Q","Trimestral","EIP_TEIP_NB","Personas fuera de la fuerza de trabajo (definición anterior de la OIT - CIET13)","SEX_AGE_DSB","sexo, edad, situación en términos de discapacidad",1998,2026,"16/09/2026 07:14:26",51149,51473,27,,"LUU","Desempleo y subutilización de la fuerza de trabajo","DLMI","Indicadores del mercado laboral de discapacidad"
"EIP_TEIP_SEX_AGE_CBR_NB_A","EIP_TEIP_SEX_AGE_CBR_NB","Personas fuera de la fuerza de trabajo según sexo, edad y lugar de nacimiento (millares)","A","Anual","EIP_TEIP_NB","Personas fuera de la fuerza de trabajo (definición anterior de la OIT - CIET13)","SEX_AGE_CBR","sexo, edad, lugar de nacimiento",1987,2025,"02/10/2026 07:09:04",138844,158066,148,,"MST","Stock internacional de migrantes","ILMS","Estadísticas de Migración Laboral Internacional (ILMS)"
"EIP_TEIP_SEX_AGE_CCT_NB_A","EIP_TEIP_SEX_AGE_CCT_NB","Personas fuera de la fuerza de trabajo según sexo, edad y nacionalidad (millares)","A","Anual","EIP_TEIP_NB","Personas fuera de la fuerza de trabajo (definición anterior de la OIT - CIET13)","SEX_AGE_CCT","sexo, edad, ciudadania",1991,2025,"24/09/2026 07:07:04",125279,145085,138,,"MST","Stock internacional de migrantes","ILMS","Estadísticas de Migración Laboral Internacional (ILMS)"
"EIP_TEIP_SEX_EDU_NB_A","EIP_TEIP_SEX_EDU_NB","Personas fuera de la fuerza de trabajo según sexo y educación (millares)","A","Anual","EIP_TEIP_NB","Personas fuera de la fuerza de trabajo (definición anterior de la OIT - CIET13)","SEX_EDU","sexo, educación",1970,2025,"02/10/2026 07:04:13",97769,110334,181,,"LUU","Desempleo y subutilización de la fuerza de trabajo","EMI","Indicadores de Educación y Desajuste (EMI)"
"EIP_TEIP_SEX_EDU_NB_Q","EIP_TEIP_SEX_EDU_NB","Personas fuera de la fuerza de trabajo según sexo y educación (millares)","Q","Trimestral","EIP_TEIP_NB","Personas fuera de la fuerza de trabajo (definición anterior de la OIT - CIET13)","SEX_EDU","sexo, educación",1987,2026,"02/10/2026 07:05:16",256264,277558,101,,"LUU","Desempleo y subutilización de la fuerza de trabajo","EMI","Indicadores de Educación y Desajuste (EMI)"
"EIP_TEIP_SEX_EDU_NB_M","EIP_TEIP_SEX_EDU_NB","Personas fuera de la fuerza de trabajo según sexo y educación (millares)","M","Mensual","EIP_TEIP_NB","Personas fuera de la fuerza de trabajo (definición anterior de la OIT - CIET13)","SEX_EDU","sexo, educación",1990,2026,"16/09/2026 07:31:16",50589,51327,15,,"LUU","Desempleo y subutilización de la fuerza de trabajo","EMI","Indicadores de Educación y Desajuste (EMI)"
"EIP_TEIP_SEX_EDU_GEO_NB_A","EIP_TEIP_SEX_EDU_GEO_NB","Personas fuera de la fuerza de trabajo según sexo, educación y áreas rurales / urbanas (millares)","A","Anual","EIP_TEIP_NB","Personas fuera de la fuerza de trabajo (definición anterior de la OIT - CIET13)","SEX_EDU_GEO","sexo, educación, zonas rurales/urbanes",1970,2025,"02/10/2026 07:03:13",231206,252071,147,,"LUU","Desempleo y subutilización de la fuerza de trabajo","EMI","Indicadores de Educación y Desajuste (EMI)"
"EIP_TEIP_SEX_EDU_GEO_NB_Q","EIP_TEIP_SEX_EDU_GEO_NB","Personas fuera de la fuerza de trabajo según sexo, educación y áreas rurales / urbanas (millares)","Q","Trimestral","EIP_TEIP_NB","Personas fuera de la fuerza de trabajo (definición anterior de la OIT - CIET13)","SEX_EDU_GEO","sexo, educación, zonas rurales/urbanes",1987,2026,"02/10/2026 07:05:16",244856,252941,85,,"LUU","Desempleo y subutilización de la fuerza de trabajo","EMI","Indicadores de Educación y Desajuste (EMI)"
"EIP_TEIP_SEX_EDU_MTS_NB_A","EIP_TEIP_SEX_EDU_MTS_NB","Personas fuera de la fuerza de trabajo según sexo, educación y estado civil (millares)","A","Anual","EIP_TEIP_NB","Personas fuera de la fuerza de trabajo (definición anterior de la OIT - CIET13)","SEX_EDU_MTS","sexo, educación, estado civil",1970,2025,"02/10/2026 07:04:13",624745,704474,174,,"LUU","Desempleo y subutilización de la fuerza de trabajo","EMI","Indicadores de Educación y Desajuste (EMI)"
"EIP_TEIP_SEX_EDU_MTS_NB_Q","EIP_TEIP_SEX_EDU_MTS_NB","Personas fuera de la fuerza de trabajo según sexo, educación y estado civil (millares)","Q","Trimestral","EIP_TEIP_NB","Personas fuera de la fuerza de trabajo (definición anterior de la OIT - CIET13)","SEX_EDU_MTS","sexo, educación, estado civil",1987,2026,"02/10/2026 07:05:16",201004,201217,79,,"LUU","Desempleo y subutilización de la fuerza de trabajo","EMI","Indicadores de Educación y Desajuste (EMI)"
"EIP_TEIP_SEX_EDU_DSB_NB_A","EIP_TEIP_SEX_EDU_DSB_NB","Personas fuera de la fuerza de trabajo según sexo, educación y situación en términos de discapacidad (millares)","A","Anual","EIP_TEIP_NB","Personas fuera de la fuerza de trabajo (definición anterior de la OIT - CIET13)","SEX_EDU_DSB","sexo, educación, situación en términos de discapacidad",1996,2025,"02/10/2026 07:02:05",49569,51645,126,,"LUU","Desempleo y subutilización de la fuerza de trabajo","DLMI","Indicadores del mercado laboral de discapacidad"
"EIP_TEIP_SEX_EDU_CBR_NB_A","EIP_TEIP_SEX_EDU_CBR_NB","Personas fuera de la fuerza de trabajo según sexo, educación y lugar de nacimiento (millares)","A","Anual","EIP_TEIP_NB","Personas fuera de la fuerza de trabajo (definición anterior de la OIT - CIET13)","SEX_EDU_CBR","sexo, educación, lugar de nacimiento",1987,2025,"02/10/2026 07:09:04",79162,88439,137,,"MST","Stock internacional de migrantes","ILMS","Estadísticas de Migración Laboral Internacional (ILMS)"
"EIP_TEIP_SEX_EDU_CCT_NB_A","EIP_TEIP_SEX_EDU_CCT_NB","Personas fuera de la fuerza de trabajo según sexo, educación y nacionalidad (millares)","A","Anual","EIP_TEIP_NB","Personas fuera de la fuerza de trabajo (definición anterior de la OIT - CIET13)","SEX_EDU_CCT","sexo, educación, ciudadania",1991,2025,"24/09/2026 07:07:04",71265,81087,126,,"MST","Stock internacional de migrantes","ILMS","Estadísticas de Migración Laboral Internacional (ILMS)"
"EIP_TEIP_SEX_GEO_NB_A","EIP_TEIP_SEX_GEO_NB","Personas fuera de la fuerza de trabajo según sexo y zonas rurales / urbanas (millares)","A","Anual","EIP_TEIP_NB","Personas fuera de la fuerza de trabajo (definición anterior de la OIT - CIET13)","SEX_GEO","sexo, zonas rurales/urbanes",1970,2025,"02/10/2026 07:15:05",18106,19705,148,,"LUU","Desempleo y subutilización de la fuerza de trabajo","RURBAN","Mercados Laborales Rurales y Urbanos (RURBAN)"
"EIP_TEIP_SEX_GEO_NB_Q","EIP_TEIP_SEX_GEO_NB","Personas fuera de la fuerza de trabajo según sexo y zonas rurales / urbanas (millares)","Q","Trimestral","EIP_TEIP_NB","Personas fuera de la fuerza de trabajo (definición anterior de la OIT - CIET13)","SEX_GEO","sexo, zonas rurales/urbanes",1987,2026,"02/10/2026 07:16:10",46844,48374,88,,"LUU","Desempleo y subutilización de la fuerza de trabajo","RURBAN","Mercados Laborales Rurales y Urbanos (RURBAN)"
"EIP_TEIP_SEX_GEO_NB_M","EIP_TEIP_SEX_GEO_NB","Personas fuera de la fuerza de trabajo según sexo y zonas rurales / urbanas (millares)","M","Mensual","EIP_TEIP_NB","Personas fuera de la fuerza de trabajo (definición anterior de la OIT - CIET13)","SEX_GEO","sexo, zonas rurales/urbanes",2000,2026,"16/09/2026 08:32:07",16488,16866,12,,"LUU","Desempleo y subutilización de la fuerza de trabajo","RURBAN","Mercados Laborales Rurales y Urbanos (RURBAN)"
"EIP_TEIP_SEX_GEO_MTS_NB_A","EIP_TEIP_SEX_GEO_MTS_NB","Personas fuera de la fuerza de trabajo según sexo, zonas rurales / urbanas y estado civil (millares)","A","Anual","EIP_TEIP_NB","Personas fuera de la fuerza de trabajo (definición anterior de la OIT - CIET13)","SEX_GEO_MTS","sexo, zonas rurales/urbanes, estado civil",1970,2025,"02/10/2026 07:15:05",110302,121756,144,,"LUU","Desempleo y subutilización de la fuerza de trabajo","RURBAN","Mercados Laborales Rurales y Urbanos (RURBAN)"
"EIP_TEIP_SEX_GEO_MTS_NB_Q","EIP_TEIP_SEX_GEO_MTS_NB","Personas fuera de la fuerza de trabajo según sexo, zonas rurales / urbanas y estado civil (millares)","Q","Trimestral","EIP_TEIP_NB","Personas fuera de la fuerza de trabajo (definición anterior de la OIT - CIET13)","SEX_GEO_MTS","sexo, zonas rurales/urbanes, estado civil",1987,2026,"02/10/2026 07:16:10",188934,189258,62,,"LUU","Desempleo y subutilización de la fuerza de trabajo","RURBAN","Mercados Laborales Rurales y Urbanos (RURBAN)"
"EIP_TEIP_SEX_GEO_DSB_NB_A","EIP_TEIP_SEX_GEO_DSB_NB","Personas fuera de la fuerza de trabajo según sexo, zonas rurales / urbanas and situación en términos de discapacidad (millares)","A","Anual","EIP_TEIP_NB","Personas fuera de la fuerza de trabajo (definición anterior de la OIT - CIET13)","SEX_GEO_DSB","sexo, zonas rurales/urbanes, situación en términos de discapacidad",1996,2025,"24/09/2026 07:02:05",24353,25352,105,,"LUU","Desempleo y subutilización de la fuerza de trabajo","DLMI","Indicadores del mercado laboral de discapacidad"
"EIP_TEIP_SEX_GEO_DSB_NB_Q","EIP_TEIP_SEX_GEO_DSB_NB","Personas fuera de la fuerza de trabajo según sexo, zonas rurales / urbanas and situación en términos de discapacidad (millares)","Q","Trimestral","EIP_TEIP_NB","Personas fuera de la fuerza de trabajo (definición anterior de la OIT - CIET13)","SEX_GEO_DSB","sexo, zonas rurales/urbanes, situación en términos de discapacidad",2009,2026,"16/09/2026 07:14:26",12865,12973,23,,"LUU","Desempleo y subutilización de la fuerza de trabajo","DLMI","Indicadores del mercado laboral de discapacidad"
"EIP_TEIP_SEX_MTS_NB_A","EIP_TEIP_SEX_MTS_NB","Personas fuera de la fuerza de trabajo según sexo y estado civil (millares)","A","Anual","EIP_TEIP_NB","Personas fuera de la fuerza de trabajo (definición anterior de la OIT - CIET13)","SEX_MTS","sexo, estado civil",1970,2025,"02/10/2026 07:07:11",50947,58105,176,,"LUU","Desempleo y subutilización de la fuerza de trabajo","GEND","Indicadores de Igualdad de Género y No Discriminación (GEND)"
"EIP_TEIP_SEX_MTS_NB_Q","EIP_TEIP_SEX_MTS_NB","Personas fuera de la fuerza de trabajo según sexo y estado civil (millares)","Q","Trimestral","EIP_TEIP_NB","Personas fuera de la fuerza de trabajo (definición anterior de la OIT - CIET13)","SEX_MTS","sexo, estado civil",1987,2026,"02/10/2026 07:08:13",103747,103936,82,,"LUU","Desempleo y subutilización de la fuerza de trabajo","GEND","Indicadores de Igualdad de Género y No Discriminación (GEND)"
"EIP_TEIP_SEX_MTS_NB_M","EIP_TEIP_SEX_MTS_NB","Personas fuera de la fuerza de trabajo según sexo y estado civil (millares)","M","Mensual","EIP_TEIP_NB","Personas fuera de la fuerza de trabajo (definición anterior de la OIT - CIET13)","SEX_MTS","sexo, estado civil",1994,2026,"16/09/2026 08:03:05",28902,28902,15,,"LUU","Desempleo y subutilización de la fuerza de trabajo","GEND","Indicadores de Igualdad de Género y No Discriminación (GEND)"
"EIP_TEIP_SEX_MTS_DSB_NB_A","EIP_TEIP_SEX_MTS_DSB_NB","Personas fuera de la fuerza de trabajo según sexo, estado civil and situación en términos de discapacidad (millares)","A","Anual","EIP_TEIP_NB","Personas fuera de la fuerza de trabajo (definición anterior de la OIT - CIET13)","SEX_MTS_DSB","sexo, estado civil, situación en términos de discapacidad",1996,2025,"02/10/2026 07:02:05",82331,86318,127,,"LUU","Desempleo y subutilización de la fuerza de trabajo","DLMI","Indicadores del mercado laboral de discapacidad"
"EIP_TEIP_SEX_MTS_DSB_NB_Q","EIP_TEIP_SEX_MTS_DSB_NB","Personas fuera de la fuerza de trabajo según sexo, estado civil and situación en términos de discapacidad (millares)","Q","Trimestral","EIP_TEIP_NB","Personas fuera de la fuerza de trabajo (definición anterior de la OIT - CIET13)","SEX_MTS_DSB","sexo, estado civil, situación en términos de discapacidad",1998,2026,"16/09/2026 07:14:26",16804,16804,27,,"LUU","Desempleo y subutilización de la fuerza de trabajo","DLMI","Indicadores del mercado laboral de discapacidad"
"EIP_TEIP_SEX_DSB_NB_A","EIP_TEIP_SEX_DSB_NB","Personas fuera de la fuerza de trabajo según sexo y situación en términos de discapacidad (millares)","A","Anual","EIP_TEIP_NB","Personas fuera de la fuerza de trabajo (definición anterior de la OIT - CIET13)","SEX_DSB","sexo, situación en términos de discapacidad",1996,2025,"02/10/2026 07:02:05",9234,9909,128,,"LUU","Desempleo y subutilización de la fuerza de trabajo","DLMI","Indicadores del mercado laboral de discapacidad"
"EIP_TEIP_SEX_DSB_NB_Q","EIP_TEIP_SEX_DSB_NB","Personas fuera de la fuerza de trabajo según sexo y situación en términos de discapacidad (millares)","Q","Trimestral","EIP_TEIP_NB","Personas fuera de la fuerza de trabajo (definición anterior de la OIT - CIET13)","SEX_DSB","sexo, situación en términos de discapacidad",1998,2026,"16/09/2026 07:14:26",5695,5731,27,,"LUU","Desempleo y subutilización de la fuerza de trabajo","DLMI","Indicadores del mercado laboral de discapacidad"
"EIP_XJOB_SEX_RT_A","EIP_XJOB_SEX_RT","Tasa de fuerza de trabajo potencial y no demandantes de empleo dispuestos (%)","A","Anual","EIP_XJOB_RT","Tasa de fuerza de trabajo potencial y no demandantes de empleo dispuestos (definición anterior de la OIT - CIET13)","SEX","sexo",1991,2027,"02/10/2026 07:12:21",10233,10560,211,"Y","LUU","Desempleo y subutilización de la fuerza de trabajo","LFS","Estadísticas sobre la Fuerza Laboral (LFS)"
"EIP_XJOB_SEX_RT_Q","EIP_XJOB_SEX_RT","Tasa de fuerza de trabajo potencial y no demandantes de empleo dispuestos (%)","Q","Trimestral","EIP_XJOB_RT","Tasa de fuerza de trabajo potencial y no demandantes de empleo dispuestos (definición anterior de la OIT - CIET13)","SEX","sexo",1992,2026,"02/10/2026 07:13:20",12939,14112,79,,"LUU","Desempleo y subutilización de la fuerza de trabajo","LFS","Estadísticas sobre la Fuerza Laboral (LFS)"
"EIP_DWAP_SEX_AGE_RT_A","EIP_DWAP_SEX_AGE_RT","Tasa de inactividad según sexo y edad (%)","A","Anual","EIP_DWAP_RT","Tasa de inactividad (definición anterior de la OIT - CIET13)","SEX_AGE","sexo, edad",1946,2027,"02/10/2026 07:12:21",419372,465636,316,"Y","LUU","Desempleo y subutilización de la fuerza de trabajo","LFS","Estadísticas sobre la Fuerza Laboral (LFS)"
"EIP_DWAP_SEX_AGE_RT_Q","EIP_DWAP_SEX_AGE_RT","Tasa de inactividad según sexo y edad (%)","Q","Trimestral","EIP_DWAP_RT","Tasa de inactividad (definición anterior de la OIT - CIET13)","SEX_AGE","sexo, edad",1948,2026,"02/10/2026 07:13:20",664967,724862,115,,"LUU","Desempleo y subutilización de la fuerza de trabajo","LFS","Estadísticas sobre la Fuerza Laboral (LFS)"
"EIP_DWAP_SEX_AGE_RT_M","EIP_DWAP_SEX_AGE_RT","Tasa de inactividad según sexo y edad (%)","M","Mensual","EIP_DWAP_RT","Tasa de inactividad (definición anterior de la OIT - CIET13)","SEX_AGE","sexo, edad",1948,2026,"20/09/2026 07:29:34",286593,288609,46,,"LUU","Desempleo y subutilización de la fuerza de trabajo","LFS","Estadísticas sobre la Fuerza Laboral (LFS)"
"EIP_DWAP_SEX_AGE_EDU_RT_A","EIP_DWAP_SEX_AGE_EDU_RT","Tasa de inactividad según sexo, edad y educación (%)","A","Anual","EIP_DWAP_RT","Tasa de inactividad (definición anterior de la OIT - CIET13)","SEX_AGE_EDU","sexo, edad, educación",1970,2025,"02/10/2026 07:04:13",1537513,1734972,194,,"LUU","Desempleo y subutilización de la fuerza de trabajo","EMI","Indicadores de Educación y Desajuste (EMI)"
"EIP_DWAP_SEX_AGE_EDU_RT_Q","EIP_DWAP_SEX_AGE_EDU_RT","Tasa de inactividad según sexo, edad y educación (%)","Q","Trimestral","EIP_DWAP_RT","Tasa de inactividad (definición anterior de la OIT - CIET13)","SEX_AGE_EDU","sexo, edad, educación",1987,2026,"02/10/2026 07:05:16",2945445,3205525,103,,"LUU","Desempleo y subutilización de la fuerza de trabajo","EMI","Indicadores de Educación y Desajuste (EMI)"
"EIP_DWAP_SEX_AGE_EDU_RT_M","EIP_DWAP_SEX_AGE_EDU_RT","Tasa de inactividad según sexo, edad y educación (%)","M","Mensual","EIP_DWAP_RT","Tasa de inactividad (definición anterior de la OIT - CIET13)","SEX_AGE_EDU","sexo, edad, educación",1990,2026,"16/09/2026 07:31:16",446119,452002,15,,"LUU","Desempleo y subutilización de la fuerza de trabajo","EMI","Indicadores de Educación y Desajuste (EMI)"
"EIP_DWAP_SEX_AGE_GEO_RT_A","EIP_DWAP_SEX_AGE_GEO_RT","Tasa de inactividad según sexo, edad y zonas rurales / urbanas (%)","A","Anual","EIP_DWAP_RT","Tasa de inactividad (definición anterior de la OIT - CIET13)","SEX_AGE_GEO","sexo, edad, zonas rurales/urbanes",1970,2025,"02/10/2026 07:15:05",296780,324129,160,,"LUU","Desempleo y subutilización de la fuerza de trabajo","RURBAN","Mercados Laborales Rurales y Urbanos (RURBAN)"
"EIP_DWAP_SEX_AGE_GEO_RT_Q","EIP_DWAP_SEX_AGE_GEO_RT","Tasa de inactividad según sexo, edad y zonas rurales / urbanas (%)","Q","Trimestral","EIP_DWAP_RT","Tasa de inactividad (definición anterior de la OIT - CIET13)","SEX_AGE_GEO","sexo, edad, zonas rurales/urbanes",1987,2026,"02/10/2026 07:16:10",763093,788005,89,,"LUU","Desempleo y subutilización de la fuerza de trabajo","RURBAN","Mercados Laborales Rurales y Urbanos (RURBAN)"
"EIP_DWAP_SEX_AGE_GEO_RT_M","EIP_DWAP_SEX_AGE_GEO_RT","Tasa de inactividad según sexo, edad y zonas rurales / urbanas (%)","M","Mensual","EIP_DWAP_RT","Tasa de inactividad (definición anterior de la OIT - CIET13)","SEX_AGE_GEO","sexo, edad, zonas rurales/urbanes",2000,2026,"16/09/2026 08:32:07",158121,161523,14,,"LUU","Desempleo y subutilización de la fuerza de trabajo","RURBAN","Mercados Laborales Rurales y Urbanos (RURBAN)"
"EIP_DWAP_SEX_AGE_MTS_RT_A","EIP_DWAP_SEX_AGE_MTS_RT","Tasa de inactividad según sexo, edad y estado civil (%)","A","Anual","EIP_DWAP_RT","Tasa de inactividad (definición anterior de la OIT - CIET13)","SEX_AGE_MTS","sexo, edad, estado civil",1970,2025,"02/10/2026 07:07:11",793241,902227,177,,"LUU","Desempleo y subutilización de la fuerza de trabajo","GEND","Indicadores de Igualdad de Género y No Discriminación (GEND)"
"EIP_DWAP_SEX_AGE_MTS_RT_Q","EIP_DWAP_SEX_AGE_MTS_RT","Tasa de inactividad según sexo, edad y estado civil (%)","Q","Trimestral","EIP_DWAP_RT","Tasa de inactividad (definición anterior de la OIT - CIET13)","SEX_AGE_MTS","sexo, edad, estado civil",1987,2026,"02/10/2026 07:08:13",1186591,1188670,83,,"LUU","Desempleo y subutilización de la fuerza de trabajo","GEND","Indicadores de Igualdad de Género y No Discriminación (GEND)"
"EIP_DWAP_SEX_AGE_DSB_RT_A","EIP_DWAP_SEX_AGE_DSB_RT","Tasa de inactividad según sexo, edad y situación en términos de discapacidad (%)","A","Anual","EIP_DWAP_RT","Tasa de inactividad (definición anterior de la OIT - CIET13)","SEX_AGE_DSB","sexo, edad, situación en términos de discapacidad",1996,2025,"02/10/2026 07:02:05",82939,86908,127,,"LUU","Desempleo y subutilización de la fuerza de trabajo","DLMI","Indicadores del mercado laboral de discapacidad"
"EIP_DWAP_SEX_AGE_DSB_RT_Q","EIP_DWAP_SEX_AGE_DSB_RT","Tasa de inactividad según sexo, edad y situación en términos de discapacidad (%)","Q","Trimestral","EIP_DWAP_RT","Tasa de inactividad (definición anterior de la OIT - CIET13)","SEX_AGE_DSB","sexo, edad, situación en términos de discapacidad",1998,2026,"16/09/2026 07:14:26",51149,51473,27,,"LUU","Desempleo y subutilización de la fuerza de trabajo","DLMI","Indicadores del mercado laboral de discapacidad"
"EIP_DWAP_SEX_AGE_CBR_RT_A","EIP_DWAP_SEX_AGE_CBR_RT","Tasa de inactividad según sexo, edad y lugar de nacimiento (%)","A","Anual","EIP_DWAP_RT","Tasa de inactividad (definición anterior de la OIT - CIET13)","SEX_AGE_CBR","sexo, edad, lugar de nacimiento",1987,2025,"02/10/2026 07:09:04",138614,157757,148,,"MST","Stock internacional de migrantes","ILMS","Estadísticas de Migración Laboral Internacional (ILMS)"
"EIP_DWAP_SEX_AGE_CCT_RT_A","EIP_DWAP_SEX_AGE_CCT_RT","Tasa de inactividad según sexo, edad y nacionalidad (%)","A","Anual","EIP_DWAP_RT","Tasa de inactividad (definición anterior de la OIT - CIET13)","SEX_AGE_CCT","sexo, edad, ciudadania",1991,2025,"24/09/2026 07:07:04",125153,144770,139,,"MST","Stock internacional de migrantes","ILMS","Estadísticas de Migración Laboral Internacional (ILMS)"
"EIP_DWAP_SEX_EDU_RT_A","EIP_DWAP_SEX_EDU_RT","Tasa de inactividad según sexo y educación (%)","A","Anual","EIP_DWAP_RT","Tasa de inactividad (definición anterior de la OIT - CIET13)","SEX_EDU","sexo, educación",1970,2025,"02/10/2026 07:04:13",98092,110653,182,,"LUU","Desempleo y subutilización de la fuerza de trabajo","EMI","Indicadores de Educación y Desajuste (EMI)"
"EIP_DWAP_SEX_EDU_RT_Q","EIP_DWAP_SEX_EDU_RT","Tasa de inactividad según sexo y educación (%)","Q","Trimestral","EIP_DWAP_RT","Tasa de inactividad (definición anterior de la OIT - CIET13)","SEX_EDU","sexo, educación",1987,2026,"02/10/2026 07:05:16",258146,279440,102,,"LUU","Desempleo y subutilización de la fuerza de trabajo","EMI","Indicadores de Educación y Desajuste (EMI)"
"EIP_DWAP_SEX_EDU_RT_M","EIP_DWAP_SEX_EDU_RT","Tasa de inactividad según sexo y educación (%)","M","Mensual","EIP_DWAP_RT","Tasa de inactividad (definición anterior de la OIT - CIET13)","SEX_EDU","sexo, educación",1990,2026,"16/09/2026 07:31:16",50589,51327,15,,"LUU","Desempleo y subutilización de la fuerza de trabajo","EMI","Indicadores de Educación y Desajuste (EMI)"
"EIP_DWAP_SEX_EDU_GEO_RT_A","EIP_DWAP_SEX_EDU_GEO_RT","Tasa de inactividad según sexo, educación y áreas rurales / urbanas (%)","A","Anual","EIP_DWAP_RT","Tasa de inactividad (definición anterior de la OIT - CIET13)","SEX_EDU_GEO","sexo, educación, zonas rurales/urbanes",1970,2025,"02/10/2026 07:03:13",230096,250961,147,,"LUU","Desempleo y subutilización de la fuerza de trabajo","EMI","Indicadores de Educación y Desajuste (EMI)"
"EIP_DWAP_SEX_EDU_GEO_RT_Q","EIP_DWAP_SEX_EDU_GEO_RT","Tasa de inactividad según sexo, educación y áreas rurales / urbanas (%)","Q","Trimestral","EIP_DWAP_RT","Tasa de inactividad (definición anterior de la OIT - CIET13)","SEX_EDU_GEO","sexo, educación, zonas rurales/urbanes",1987,2026,"02/10/2026 07:05:16",244851,252936,85,,"LUU","Desempleo y subutilización de la fuerza de trabajo","EMI","Indicadores de Educación y Desajuste (EMI)"
"EIP_DWAP_SEX_EDU_MTS_RT_A","EIP_DWAP_SEX_EDU_MTS_RT","Tasa de inactividad según sexo, educación y estado civil (%)","A","Anual","EIP_DWAP_RT","Tasa de inactividad (definición anterior de la OIT - CIET13)","SEX_EDU_MTS","sexo, educación, estado civil",1970,2025,"02/10/2026 07:04:13",626614,706342,175,,"LUU","Desempleo y subutilización de la fuerza de trabajo","EMI","Indicadores de Educación y Desajuste (EMI)"
"EIP_DWAP_SEX_EDU_MTS_RT_Q","EIP_DWAP_SEX_EDU_MTS_RT","Tasa de inactividad según sexo, educación y estado civil (%)","Q","Trimestral","EIP_DWAP_RT","Tasa de inactividad (definición anterior de la OIT - CIET13)","SEX_EDU_MTS","sexo, educación, estado civil",1987,2026,"02/10/2026 07:05:16",202309,202522,80,,"LUU","Desempleo y subutilización de la fuerza de trabajo","EMI","Indicadores de Educación y Desajuste (EMI)"
"EIP_DWAP_SEX_EDU_DSB_RT_A","EIP_DWAP_SEX_EDU_DSB_RT","Tasa de inactividad según sexo, educación y situación en términos de discapacidad (%)","A","Anual","EIP_DWAP_RT","Tasa de inactividad (definición anterior de la OIT - CIET13)","SEX_EDU_DSB","sexo, educación, situación en términos de discapacidad",1996,2025,"02/10/2026 07:02:05",49569,51645,126,,"LUU","Desempleo y subutilización de la fuerza de trabajo","DLMI","Indicadores del mercado laboral de discapacidad"
"EIP_DWAP_SEX_EDU_CBR_RT_A","EIP_DWAP_SEX_EDU_CBR_RT","Tasa de inactividad según sexo, educación y lugar de nacimiento (%)","A","Anual","EIP_DWAP_RT","Tasa de inactividad (definición anterior de la OIT - CIET13)","SEX_EDU_CBR","sexo, educación, lugar de nacimiento",1987,2025,"02/10/2026 07:09:04",79010,88281,137,,"MST","Stock internacional de migrantes","ILMS","Estadísticas de Migración Laboral Internacional (ILMS)"
"EIP_DWAP_SEX_EDU_CCT_RT_A","EIP_DWAP_SEX_EDU_CCT_RT","Tasa de inactividad según sexo, educación y nacionalidad (%)","A","Anual","EIP_DWAP_RT","Tasa de inactividad (definición anterior de la OIT - CIET13)","SEX_EDU_CCT","sexo, educación, ciudadania",1991,2025,"24/09/2026 07:07:04",71327,81145,127,,"MST","Stock internacional de migrantes","ILMS","Estadísticas de Migración Laboral Internacional (ILMS)"
"EIP_DWAP_SEX_GEO_RT_A","EIP_DWAP_SEX_GEO_RT","Tasa de inactividad según sexo y zonas rurales / urbanas (%)","A","Anual","EIP_DWAP_RT","Tasa de inactividad (definición anterior de la OIT - CIET13)","SEX_GEO","sexo, zonas rurales/urbanes",1970,2025,"02/10/2026 07:15:05",18106,19705,148,,"LUU","Desempleo y subutilización de la fuerza de trabajo","RURBAN","Mercados Laborales Rurales y Urbanos (RURBAN)"
"EIP_DWAP_SEX_GEO_RT_Q","EIP_DWAP_SEX_GEO_RT","Tasa de inactividad según sexo y zonas rurales / urbanas (%)","Q","Trimestral","EIP_DWAP_RT","Tasa de inactividad (definición anterior de la OIT - CIET13)","SEX_GEO","sexo, zonas rurales/urbanes",1987,2026,"02/10/2026 07:16:10",46844,48374,88,,"LUU","Desempleo y subutilización de la fuerza de trabajo","RURBAN","Mercados Laborales Rurales y Urbanos (RURBAN)"
"EIP_DWAP_SEX_GEO_RT_M","EIP_DWAP_SEX_GEO_RT","Tasa de inactividad según sexo y zonas rurales / urbanas (%)","M","Mensual","EIP_DWAP_RT","Tasa de inactividad (definición anterior de la OIT - CIET13)","SEX_GEO","sexo, zonas rurales/urbanes",2000,2026,"16/09/2026 08:32:07",16488,16866,12,,"LUU","Desempleo y subutilización de la fuerza de trabajo","RURBAN","Mercados Laborales Rurales y Urbanos (RURBAN)"
"EIP_DWAP_SEX_GEO_MTS_RT_A","EIP_DWAP_SEX_GEO_MTS_RT","Tasa de inactividad según sexo, zonas rurales / urbanas y estado civil (%)","A","Anual","EIP_DWAP_RT","Tasa de inactividad (definición anterior de la OIT - CIET13)","SEX_GEO_MTS","sexo, zonas rurales/urbanes, estado civil",1970,2025,"02/10/2026 07:15:05",110292,121746,144,,"LUU","Desempleo y subutilización de la fuerza de trabajo","RURBAN","Mercados Laborales Rurales y Urbanos (RURBAN)"
"EIP_DWAP_SEX_GEO_MTS_RT_Q","EIP_DWAP_SEX_GEO_MTS_RT","Tasa de inactividad según sexo, zonas rurales / urbanas y estado civil (%)","Q","Trimestral","EIP_DWAP_RT","Tasa de inactividad (definición anterior de la OIT - CIET13)","SEX_GEO_MTS","sexo, zonas rurales/urbanes, estado civil",1987,2026,"02/10/2026 07:16:10",188934,189258,62,,"LUU","Desempleo y subutilización de la fuerza de trabajo","RURBAN","Mercados Laborales Rurales y Urbanos (RURBAN)"
"EIP_DWAP_SEX_GEO_DSB_RT_A","EIP_DWAP_SEX_GEO_DSB_RT","Tasa de inactividad según sexo, zonas rurales / urbanas and situación en términos de discapacidad (%)","A","Anual","EIP_DWAP_RT","Tasa de inactividad (definición anterior de la OIT - CIET13)","SEX_GEO_DSB","sexo, zonas rurales/urbanes, situación en términos de discapacidad",1996,2025,"24/09/2026 07:02:05",24353,25352,105,,"LUU","Desempleo y subutilización de la fuerza de trabajo","DLMI","Indicadores del mercado laboral de discapacidad"
"EIP_DWAP_SEX_GEO_DSB_RT_Q","EIP_DWAP_SEX_GEO_DSB_RT","Tasa de inactividad según sexo, zonas rurales / urbanas and situación en términos de discapacidad (%)","Q","Trimestral","EIP_DWAP_RT","Tasa de inactividad (definición anterior de la OIT - CIET13)","SEX_GEO_DSB","sexo, zonas rurales/urbanes, situación en términos de discapacidad",2009,2026,"16/09/2026 07:14:26",12865,12973,23,,"LUU","Desempleo y subutilización de la fuerza de trabajo","DLMI","Indicadores del mercado laboral de discapacidad"
"EIP_DWAP_SEX_MTS_RT_A","EIP_DWAP_SEX_MTS_RT","Tasa de inactividad según sexo y estado civil (%)","A","Anual","EIP_DWAP_RT","Tasa de inactividad (definición anterior de la OIT - CIET13)","SEX_MTS","sexo, estado civil",1970,2025,"02/10/2026 07:07:11",51069,58227,177,,"LUU","Desempleo y subutilización de la fuerza de trabajo","GEND","Indicadores de Igualdad de Género y No Discriminación (GEND)"
"EIP_DWAP_SEX_MTS_RT_Q","EIP_DWAP_SEX_MTS_RT","Tasa de inactividad según sexo y estado civil (%)","Q","Trimestral","EIP_DWAP_RT","Tasa de inactividad (definición anterior de la OIT - CIET13)","SEX_MTS","sexo, estado civil",1987,2026,"02/10/2026 07:08:13",104431,104620,83,,"LUU","Desempleo y subutilización de la fuerza de trabajo","GEND","Indicadores de Igualdad de Género y No Discriminación (GEND)"
"EIP_DWAP_SEX_MTS_RT_M","EIP_DWAP_SEX_MTS_RT","Tasa de inactividad según sexo y estado civil (%)","M","Mensual","EIP_DWAP_RT","Tasa de inactividad (definición anterior de la OIT - CIET13)","SEX_MTS","sexo, estado civil",1994,2026,"16/09/2026 08:03:05",28902,28902,15,,"LUU","Desempleo y subutilización de la fuerza de trabajo","GEND","Indicadores de Igualdad de Género y No Discriminación (GEND)"
"EIP_DWAP_SEX_MTS_DSB_RT_A","EIP_DWAP_SEX_MTS_DSB_RT","Tasa de inactividad según sexo, estado civil and situación en términos de discapacidad (%)","A","Anual","EIP_DWAP_RT","Tasa de inactividad (definición anterior de la OIT - CIET13)","SEX_MTS_DSB","sexo, estado civil, situación en términos de discapacidad",1996,2025,"02/10/2026 07:02:05",82327,86314,127,,"LUU","Desempleo y subutilización de la fuerza de trabajo","DLMI","Indicadores del mercado laboral de discapacidad"
"EIP_DWAP_SEX_MTS_DSB_RT_Q","EIP_DWAP_SEX_MTS_DSB_RT","Tasa de inactividad según sexo, estado civil and situación en términos de discapacidad (%)","Q","Trimestral","EIP_DWAP_RT","Tasa de inactividad (definición anterior de la OIT - CIET13)","SEX_MTS_DSB","sexo, estado civil, situación en términos de discapacidad",1998,2026,"16/09/2026 07:14:26",16804,16804,27,,"LUU","Desempleo y subutilización de la fuerza de trabajo","DLMI","Indicadores del mercado laboral de discapacidad"
"EIP_DWAP_SEX_DSB_RT_A","EIP_DWAP_SEX_DSB_RT","Tasa de inactividad según sexo y situación en términos de discapacidad (%)","A","Anual","EIP_DWAP_RT","Tasa de inactividad (definición anterior de la OIT - CIET13)","SEX_DSB","sexo, situación en términos de discapacidad",1996,2025,"02/10/2026 07:02:05",9234,9909,128,,"LUU","Desempleo y subutilización de la fuerza de trabajo","DLMI","Indicadores del mercado laboral de discapacidad"
"EIP_DWAP_SEX_DSB_RT_Q","EIP_DWAP_SEX_DSB_RT","Tasa de inactividad según sexo y situación en términos de discapacidad (%)","Q","Trimestral","EIP_DWAP_RT","Tasa de inactividad (definición anterior de la OIT - CIET13)","SEX_DSB","sexo, situación en términos de discapacidad",1998,2026,"16/09/2026 07:14:26",5695,5731,27,,"LUU","Desempleo y subutilización de la fuerza de trabajo","DLMI","Indicadores del mercado laboral de discapacidad"
"EIP_RCAR_SEX_RT_A","EIP_RCAR_SEX_RT","Proporción de personas fuera de la fuerza de trabajo debido a responsabilidades de cuidado según sexo (%)","A","Anual","EIP_RCAR_RT","Proporción de personas fuera de la fuerza de trabajo debido a responsabilidades de cuidado","SEX","sexo",1990,2025,"30/09/2026 07:06:11",2417,2560,129,,"LUU","Desempleo y subutilización de la fuerza de trabajo","GEND","Indicadores de Igualdad de Género y No Discriminación (GEND)"
"EIP_RCAR_SEX_AGE_RT_A","EIP_RCAR_SEX_AGE_RT","Proporción de personas fuera de la fuerza de trabajo debido a responsabilidades de cuidado según sexo y edad (%)","A","Anual","EIP_RCAR_RT","Proporción de personas fuera de la fuerza de trabajo debido a responsabilidades de cuidado","SEX_AGE","sexo, edad",1990,2025,"30/09/2026 07:06:11",11749,12455,128,,"LUU","Desempleo y subutilización de la fuerza de trabajo","GEND","Indicadores de Igualdad de Género y No Discriminación (GEND)"
"EIP_RCAR_SEX_EDU_RT_A","EIP_RCAR_SEX_EDU_RT","Proporción de personas fuera de la fuerza de trabajo debido a responsabilidades de cuidado según sexo y educación (%)","A","Anual","EIP_RCAR_RT","Proporción de personas fuera de la fuerza de trabajo debido a responsabilidades de cuidado","SEX_EDU","sexo, educación",1994,2025,"30/09/2026 07:06:11",11947,12670,124,,"LUU","Desempleo y subutilización de la fuerza de trabajo","GEND","Indicadores de Igualdad de Género y No Discriminación (GEND)"
"EIP_RCAR_SEX_GEO_RT_A","EIP_RCAR_SEX_GEO_RT","Proporción de personas fuera de la fuerza de trabajo debido a responsabilidades de cuidado según sexo y zonas rurales / urbanes (%)","A","Anual","EIP_RCAR_RT","Proporción de personas fuera de la fuerza de trabajo debido a responsabilidades de cuidado","SEX_GEO","sexo, zonas rurales/urbanes",1990,2025,"30/09/2026 07:06:11",5230,5567,107,,"LUU","Desempleo y subutilización de la fuerza de trabajo","GEND","Indicadores de Igualdad de Género y No Discriminación (GEND)"
"EIP_NEET_SEX_NB_A","EIP_NEET_SEX_NB","NINI: NINI: Jóvenes que no están ocupados, ni estudian ni reciben formación según sexo (millares)","A","Anual","EIP_NEET_NB","NEET: Jóvenes que no están ocupados, ni estudian ni reciben formación (definición anterior de la OIT - CIET13)","SEX","sexo",1970,2027,"02/10/2026 07:12:21",13773,14643,279,"Y","LUU","Desempleo y subutilización de la fuerza de trabajo","LFS","Estadísticas sobre la Fuerza Laboral (LFS)"
"EIP_NEET_SEX_NB_Q","EIP_NEET_SEX_NB","NINI: NINI: Jóvenes que no están ocupados, ni estudian ni reciben formación según sexo (millares)","Q","Trimestral","EIP_NEET_NB","NEET: Jóvenes que no están ocupados, ni estudian ni reciben formación (definición anterior de la OIT - CIET13)","SEX","sexo",1976,2026,"02/10/2026 07:13:20",19689,21441,104,,"LUU","Desempleo y subutilización de la fuerza de trabajo","LFS","Estadísticas sobre la Fuerza Laboral (LFS)"
"EIP_NEET_SEX_AGE_NB_A","EIP_NEET_SEX_AGE_NB","NINI: Jóvenes que no están ocupados, ni estudian ni reciben formación según sexo y edad (millares)","A","Anual","EIP_NEET_NB","NEET: Jóvenes que no están ocupados, ni estudian ni reciben formación (definición anterior de la OIT - CIET13)","SEX_AGE","sexo, edad",1970,2025,"11/08/2026 11:43:17",21408,23856,174,,"LUU","Desempleo y subutilización de la fuerza de trabajo","LFS","Estadísticas sobre la Fuerza Laboral (LFS)"
"EIP_NEET_SEX_GEO_NB_A","EIP_NEET_SEX_GEO_NB","NINI: Jóvenes que no están ocupados, ni estudian ni reciben formación según sexo y zonas rurales / urbanas (millares)","A","Anual","EIP_NEET_NB","NEET: Jóvenes que no están ocupados, ni estudian ni reciben formación (definición anterior de la OIT - CIET13)","SEX_GEO","sexo, zonas rurales/urbanes",1970,2025,"02/10/2026 07:15:05",16724,17870,143,,"LUU","Desempleo y subutilización de la fuerza de trabajo","RURBAN","Mercados Laborales Rurales y Urbanos (RURBAN)"
"EIP_NEET_SEX_EDU_NB_A","EIP_NEET_SEX_EDU_NB","NINI: Jóvenes que no están ocupados, ni estudian ni reciben formación según sexo y educación (millares)","A","Anual","EIP_NEET_NB","NEET: Jóvenes que no están ocupados, ni estudian ni reciben formación (definición anterior de la OIT - CIET13)","SEX_EDU","sexo, educación",1970,2025,"02/10/2026 07:04:13",35518,39787,176,,"LUU","Desempleo y subutilización de la fuerza de trabajo","EMI","Indicadores de Educación y Desajuste (EMI)"
"EIP_NEET_SEX_MTS_NB_A","EIP_NEET_SEX_MTS_NB","NINI: Jóvenes que no están ocupados, ni estudian ni reciben formación según sexo y estado civil (millares)","A","Anual","EIP_NEET_NB","NEET: Jóvenes que no están ocupados, ni estudian ni reciben formación (definición anterior de la OIT - CIET13)","SEX_MTS","sexo, estado civil",1970,2025,"02/10/2026 07:07:11",41323,46189,172,,"LUU","Desempleo y subutilización de la fuerza de trabajo","GEND","Indicadores de Igualdad de Género y No Discriminación (GEND)"
"EIP_NEET_SEX_DSB_NB_A","EIP_NEET_SEX_DSB_NB","NINI: Jóvenes que no están ocupados, ni estudian ni reciben formación según sexo y situación en términos de discapacidad (millares)","A","Anual","EIP_NEET_NB","NEET: Jóvenes que no están ocupados, ni estudian ni reciben formación (definición anterior de la OIT - CIET13)","SEX_DSB","sexo, situación en términos de discapacidad",1996,2025,"02/10/2026 07:02:05",9121,9544,126,,"LUU","Desempleo y subutilización de la fuerza de trabajo","DLMI","Indicadores del mercado laboral de discapacidad"
"EIP_NEET_SEX_CBR_NB_A","EIP_NEET_SEX_CBR_NB","NINI: Jóvenes que no están ocupados, ni estudian ni reciben formación según sexo y lugar de nacimiento (millares)","A","Anual","EIP_NEET_NB","NEET: Jóvenes que no están ocupados, ni estudian ni reciben formación (definición anterior de la OIT - CIET13)","SEX_CBR","sexo, lugar de nacimiento",1987,2025,"02/10/2026 07:09:04",13044,14271,132,,"MST","Stock internacional de migrantes","ILMS","Estadísticas de Migración Laboral Internacional (ILMS)"
"EIP_NEET_SEX_CCT_NB_A","EIP_NEET_SEX_CCT_NB","NINI: Jóvenes que no están ocupados, ni estudian ni reciben formación según sexo y nacionalidad (millares)","A","Anual","EIP_NEET_NB","NEET: Jóvenes que no están ocupados, ni estudian ni reciben formación (definición anterior de la OIT - CIET13)","SEX_CCT","sexo, ciudadania",1991,2025,"24/09/2026 07:07:04",11301,12630,121,,"MST","Stock internacional de migrantes","ILMS","Estadísticas de Migración Laboral Internacional (ILMS)"
"EIP_NEET_SEX_RT_A","EIP_NEET_SEX_RT","Tasa de NINI: Tasa de NINI: Proporción de jóvenes que no están ocupados, ni estudian ni reciben formación según sexo (%)","A","Anual","EIP_NEET_RT","Tasa de NINI: Proporción de jóvenes que no están ocupados, ni estudian ni reciben formación (definición anterior de la OIT - CIET13)","SEX","sexo",1970,2027,"02/10/2026 07:12:21",13766,14633,278,"Y","LUU","Desempleo y subutilización de la fuerza de trabajo","LFS","Estadísticas sobre la Fuerza Laboral (LFS)"
"EIP_NEET_SEX_RT_Q","EIP_NEET_SEX_RT","Tasa de NINI: Tasa de NINI: Proporción de jóvenes que no están ocupados, ni estudian ni reciben formación según sexo (%)","Q","Trimestral","EIP_NEET_RT","Tasa de NINI: Proporción de jóvenes que no están ocupados, ni estudian ni reciben formación (definición anterior de la OIT - CIET13)","SEX","sexo",1976,2026,"02/10/2026 07:13:20",19512,21264,104,,"LUU","Desempleo y subutilización de la fuerza de trabajo","LFS","Estadísticas sobre la Fuerza Laboral (LFS)"
"EIP_NEET_SEX_AGE_RT_A","EIP_NEET_SEX_AGE_RT","Tasa de NINI: Proporción de jóvenes que no están ocupados, ni estudian ni reciben formación según sexo y edad (%)","A","Anual","EIP_NEET_RT","Tasa de NINI: Proporción de jóvenes que no están ocupados, ni estudian ni reciben formación (definición anterior de la OIT - CIET13)","SEX_AGE","sexo, edad",1970,2025,"11/08/2026 11:43:17",21417,23865,175,,"LUU","Desempleo y subutilización de la fuerza de trabajo","LFS","Estadísticas sobre la Fuerza Laboral (LFS)"
"EIP_NEET_SEX_GEO_RT_A","EIP_NEET_SEX_GEO_RT","Tasa de NINI: Proporción de jóvenes que no están ocupados, ni estudian ni reciben formación según sexo y zonas rurales / urbanas (%)","A","Anual","EIP_NEET_RT","Tasa de NINI: Proporción de jóvenes que no están ocupados, ni estudian ni reciben formación (definición anterior de la OIT - CIET13)","SEX_GEO","sexo, zonas rurales/urbanes",1970,2025,"02/10/2026 07:15:05",16718,17864,143,,"LUU","Desempleo y subutilización de la fuerza de trabajo","RURBAN","Mercados Laborales Rurales y Urbanos (RURBAN)"
"EIP_NEET_SEX_EDU_RT_A","EIP_NEET_SEX_EDU_RT","Tasa de NINI: Proporción de jóvenes que no están ocupados, ni estudian ni reciben formación según sexo y educación (%)","A","Anual","EIP_NEET_RT","Tasa de NINI: Proporción de jóvenes que no están ocupados, ni estudian ni reciben formación (definición anterior de la OIT - CIET13)","SEX_EDU","sexo, educación",1970,2025,"02/10/2026 07:04:13",35282,39537,177,,"LUU","Desempleo y subutilización de la fuerza de trabajo","EMI","Indicadores de Educación y Desajuste (EMI)"
"EIP_NEET_SEX_MTS_RT_A","EIP_NEET_SEX_MTS_RT","Tasa de NINI: Proporción de jóvenes que no están ocupados, ni estudian ni reciben formación según sexo y estado civil (%)","A","Anual","EIP_NEET_RT","Tasa de NINI: Proporción de jóvenes que no están ocupados, ni estudian ni reciben formación (definición anterior de la OIT - CIET13)","SEX_MTS","sexo, estado civil",1970,2025,"02/10/2026 07:07:11",40080,44786,173,,"LUU","Desempleo y subutilización de la fuerza de trabajo","GEND","Indicadores de Igualdad de Género y No Discriminación (GEND)"
"EIP_NEET_SEX_DSB_RT_A","EIP_NEET_SEX_DSB_RT","Tasa de NINI: Proporción de jóvenes que no están ocupados, ni estudian ni reciben formación según sexo y situación en términos de discapacidad (%)","A","Anual","EIP_NEET_RT","Tasa de NINI: Proporción de jóvenes que no están ocupados, ni estudian ni reciben formación (definición anterior de la OIT - CIET13)","SEX_DSB","sexo, situación en términos de discapacidad",1996,2025,"02/10/2026 07:02:05",9077,9500,126,,"LUU","Desempleo y subutilización de la fuerza de trabajo","DLMI","Indicadores del mercado laboral de discapacidad"
"EIP_NEET_SEX_CBR_RT_A","EIP_NEET_SEX_CBR_RT","Tasa de NINI: Proporción de jóvenes que no están ocupados, ni estudian ni reciben formación según sexo y lugar de nacimiento (%)","A","Anual","EIP_NEET_RT","Tasa de NINI: Proporción de jóvenes que no están ocupados, ni estudian ni reciben formación (definición anterior de la OIT - CIET13)","SEX_CBR","sexo, lugar de nacimiento",1987,2025,"02/10/2026 07:09:04",12832,14040,132,,"MST","Stock internacional de migrantes","ILMS","Estadísticas de Migración Laboral Internacional (ILMS)"
"EIP_NEET_SEX_CCT_RT_A","EIP_NEET_SEX_CCT_RT","Tasa de NINI: Proporción de jóvenes que no están ocupados, ni estudian ni reciben formación según sexo y nacionalidad (%)","A","Anual","EIP_NEET_RT","Tasa de NINI: Proporción de jóvenes que no están ocupados, ni estudian ni reciben formación (definición anterior de la OIT - CIET13)","SEX_CCT","sexo, ciudadania",1991,2025,"24/09/2026 07:07:04",11140,12448,122,,"MST","Stock internacional de migrantes","ILMS","Estadísticas de Migración Laboral Internacional (ILMS)"
"POP_3WAP_SEX_AGE_EDU_NB_A","POP_3WAP_SEX_AGE_EDU_NB","Población juvenil en edad de trabajar según sexo, edad y educación (millares)","A","Anual","POP_3WAP_NB","Población juvenil en edad de trabajar","SEX_AGE_EDU","sexo, edad, educación",1970,2025,"02/10/2026 07:19:06",153046,175469,180,,"POP","Población","YOUTHSTATS","Indicadores del Mercado Laboral Juvenil (YouthSTATS)"
"POP_3WAP_SEX_AGE_GEO_NB_A","POP_3WAP_SEX_AGE_GEO_NB","Población juvenil en edad de trabajar según sexo, edad y zonas rurales / urbanas (millares)","A","Anual","POP_3WAP_NB","Población juvenil en edad de trabajar","SEX_AGE_GEO","sexo, edad, zonas rurales/urbanes",1970,2025,"02/10/2026 07:19:06",71604,78516,148,,"POP","Población","YOUTHSTATS","Indicadores del Mercado Laboral Juvenil (YouthSTATS)"
"POP_3WAP_SEX_AGE_STU_NB_A","POP_3WAP_SEX_AGE_STU_NB","Población juvenil en edad de trabajar según sexo, edad, y estado de la asistencia escolar (millares)","A","Anual","POP_3WAP_NB","Población juvenil en edad de trabajar","SEX_AGE_STU","sexo, edad, asistencia a la escuela o formación",1970,2025,"02/10/2026 07:19:06",94310,107697,175,,"POP","Población","YOUTHSTATS","Indicadores del Mercado Laboral Juvenil (YouthSTATS)"
"POP_3WAP_SEX_AGE_DSB_NB_A","POP_3WAP_SEX_AGE_DSB_NB","Población juvenil en edad de trabajar según sexo, edad y situación en términos de discapacidad (millares)","A","Anual","POP_3WAP_NB","Población juvenil en edad de trabajar","SEX_AGE_DSB","sexo, edad, situación en términos de discapacidad",1996,2025,"02/10/2026 07:19:06",37498,39550,136,,"POP","Población","YOUTHSTATS","Indicadores del Mercado Laboral Juvenil (YouthSTATS)"
"POP_3WAP_SEX_AGE_LMS_NB_A","POP_3WAP_SEX_AGE_LMS_NB","Población juvenil en edad de trabajar según sexo, edad y situación en el mercado de (millares)","A","Anual","POP_3WAP_NB","Población juvenil en edad de trabajar","SEX_AGE_LMS","sexo, edad, situación en el mercado de trabajo",1970,2025,"02/10/2026 07:19:06",126882,145630,181,,"POP","Población","YOUTHSTATS","Indicadores del Mercado Laboral Juvenil (YouthSTATS)"
"POP_3WAP_SEX_AGE_TRS_NB_A","POP_3WAP_SEX_AGE_TRS_NB","Población juvenil en edad de trabajar según sexo, edad y etapas de transición (millares)","A","Anual","POP_3WAP_NB","Población juvenil en edad de trabajar","SEX_AGE_TRS","sexo, edad, etapas de transición",1991,2025,"02/10/2026 07:19:06",58305,63837,104,,"POP","Población","YOUTHSTATS","Indicadores del Mercado Laboral Juvenil (YouthSTATS)"
"POP_3WAP_SEX_GEO_TRS_NB_A","POP_3WAP_SEX_GEO_TRS_NB","Población juvenil en edad de trabajar según sexo, zonas rurales / urbanas y etapas de transición (millares)","A","Anual","POP_3WAP_NB","Población juvenil en edad de trabajar","SEX_GEO_TRS","sexo, zonas rurales/urbanes, etapas de transición",1992,2025,"02/10/2026 07:19:06",38391,39378,95,,"POP","Población","YOUTHSTATS","Indicadores del Mercado Laboral Juvenil (YouthSTATS)"
"POP_3WAP_SEX_EDU_TRS_NB_A","POP_3WAP_SEX_EDU_TRS_NB","Población juvenil en edad de trabajar según sexo, educación y etapas de transición (millares)","A","Anual","POP_3WAP_NB","Población juvenil en edad de trabajar","SEX_EDU_TRS","sexo, educación, etapas de transición",1991,2025,"02/10/2026 07:19:06",74627,81773,102,,"POP","Población","YOUTHSTATS","Indicadores del Mercado Laboral Juvenil (YouthSTATS)"
"POP_3WAP_SEX_AGE_TRA_NB_A","POP_3WAP_SEX_AGE_TRA_NB","Población juvenil en edad de trabajar según sexo, edad y formas de transición (millares)","A","Anual","POP_3WAP_NB","Población juvenil en edad de trabajar","SEX_AGE_TRA","sexo, edad, formas de transición",1991,2025,"02/10/2026 07:19:06",128055,140082,104,,"POP","Población","YOUTHSTATS","Indicadores del Mercado Laboral Juvenil (YouthSTATS)"
"POP_3WAP_SEX_GEO_TRA_NB_A","POP_3WAP_SEX_GEO_TRA_NB","Población juvenil en edad de trabajar según sexo, zonas rurales / urbanas y formas de transición (millares)","A","Anual","POP_3WAP_NB","Población juvenil en edad de trabajar","SEX_GEO_TRA","sexo, zonas rurales/urbanes, formas de transición",1992,2025,"02/10/2026 07:19:06",84465,86610,95,,"POP","Población","YOUTHSTATS","Indicadores del Mercado Laboral Juvenil (YouthSTATS)"
"POP_3WAP_SEX_EDU_TRA_NB_A","POP_3WAP_SEX_EDU_TRA_NB","Población juvenil en edad de trabajar según sexo, educación y formas de transición (millares)","A","Anual","POP_3WAP_NB","Población juvenil en edad de trabajar","SEX_EDU_TRA","sexo, educación, formas de transición",1991,2025,"02/10/2026 07:19:06",156346,171273,102,,"POP","Población","YOUTHSTATS","Indicadores del Mercado Laboral Juvenil (YouthSTATS)"
"POP_3TED_SEX_STE_NB_A","POP_3TED_SEX_STE_NB","Jóvenes transitados según sexo y situación en la ocupación (millares)","A","Anual","POP_3TED_NB","Población juvenil transitada (definición anterior de la OIT - CIET13)","SEX_STE","sexo, situación en el empleo",1991,2025,"02/10/2026 07:19:06",26116,28900,104,,"STW","Transición de la escuela al trabajo","YOUTHSTATS","Indicadores del Mercado Laboral Juvenil (YouthSTATS)"
"POP_3TED_SEX_ECO_NB_A","POP_3TED_SEX_ECO_NB","Jóvenes transitados según sexo y actividad económica (millares)","A","Anual","POP_3TED_NB","Población juvenil transitada (definición anterior de la OIT - CIET13)","SEX_ECO","sexo, actividad económica",1991,2025,"02/10/2026 07:19:06",45234,49371,102,,"STW","Transición de la escuela al trabajo","YOUTHSTATS","Indicadores del Mercado Laboral Juvenil (YouthSTATS)"
"POP_3TED_SEX_OCU_NB_A","POP_3TED_SEX_OCU_NB","Jóvenes transitados según sexo y ocupación (millares)","A","Anual","POP_3TED_NB","Población juvenil transitada (definición anterior de la OIT - CIET13)","SEX_OCU","sexo, ocupación",1991,2025,"02/10/2026 07:19:06",55924,61237,100,,"STW","Transición de la escuela al trabajo","YOUTHSTATS","Indicadores del Mercado Laboral Juvenil (YouthSTATS)"
"EAP_3EAP_SEX_AGE_EDU_NB_A","EAP_3EAP_SEX_AGE_EDU_NB","Fuerza de trabajo juvenil según sexo, edad y educación (millares)","A","Anual","EAP_3EAP_NB","Fuerza de trabajo juvenil (definición anterior de la OIT - CIET13)","SEX_AGE_EDU","sexo, edad, educación",1970,2025,"02/10/2026 07:19:06",148002,169873,180,,"EAP","Fuerza de trabajo","YOUTHSTATS","Indicadores del Mercado Laboral Juvenil (YouthSTATS)"
"EAP_3EAP_SEX_AGE_GEO_NB_A","EAP_3EAP_SEX_AGE_GEO_NB","Fuerza de trabajo juvenil según sexo, edad y zonas rurales / urbanas (millares)","A","Anual","EAP_3EAP_NB","Fuerza de trabajo juvenil (definición anterior de la OIT - CIET13)","SEX_AGE_GEO","sexo, edad, zonas rurales/urbanes",1970,2025,"02/10/2026 07:19:06",71360,78266,148,,"EAP","Fuerza de trabajo","YOUTHSTATS","Indicadores del Mercado Laboral Juvenil (YouthSTATS)"
"EAP_3EAP_SEX_AGE_STU_NB_A","EAP_3EAP_SEX_AGE_STU_NB","Fuerza de trabajo juvenil según sexo, edad y estado de la asistencia escolar (millares)","A","Anual","EAP_3EAP_NB","Fuerza de trabajo juvenil (definición anterior de la OIT - CIET13)","SEX_AGE_STU","sexo, edad, asistencia a la escuela o formación",1970,2025,"02/10/2026 07:19:06",92149,105083,175,,"EAP","Fuerza de trabajo","YOUTHSTATS","Indicadores del Mercado Laboral Juvenil (YouthSTATS)"
"EAP_3EAP_SEX_AGE_DSB_NB_A","EAP_3EAP_SEX_AGE_DSB_NB","Fuerza de trabajo juvenil según sexo, edad y situación en términos de discapacidad (millares)","A","Anual","EAP_3EAP_NB","Fuerza de trabajo juvenil (definición anterior de la OIT - CIET13)","SEX_AGE_DSB","sexo, edad, situación en términos de discapacidad",1996,2025,"02/10/2026 07:19:06",36400,38440,136,,"EAP","Fuerza de trabajo","YOUTHSTATS","Indicadores del Mercado Laboral Juvenil (YouthSTATS)"
"EAP_3WAP_SEX_AGE_EDU_RT_A","EAP_3WAP_SEX_AGE_EDU_RT","Tasa de participación en la fuerza de trabajo de los jóvenes según sexo, edad y educación (%)","A","Anual","EAP_3WAP_RT","Tasa de participación en la fuerza de trabajo de los jóvenes (definición anterior de la OIT - CIET13)","SEX_AGE_EDU","sexo, edad, educación",1970,2025,"02/10/2026 07:19:06",146083,167683,181,,"EAP","Fuerza de trabajo","YOUTHSTATS","Indicadores del Mercado Laboral Juvenil (YouthSTATS)"
"EAP_3WAP_SEX_AGE_GEO_RT_A","EAP_3WAP_SEX_AGE_GEO_RT","Tasa de participación en la fuerza de trabajo de los jóvenes según sexo, edad y zonas rurales / urbanas (%)","A","Anual","EAP_3WAP_RT","Tasa de participación en la fuerza de trabajo de los jóvenes (definición anterior de la OIT - CIET13)","SEX_AGE_GEO","sexo, edad, zonas rurales/urbanes",1970,2025,"02/10/2026 07:19:06",71328,78230,148,,"EAP","Fuerza de trabajo","YOUTHSTATS","Indicadores del Mercado Laboral Juvenil (YouthSTATS)"
"EAP_3WAP_SEX_AGE_DSB_RT_A","EAP_3WAP_SEX_AGE_DSB_RT","Tasa de participación en la fuerza de trabajo de los jóvenes según sexo, edad y situación en términos de discapacidad (%)","A","Anual","EAP_3WAP_RT","Tasa de participación en la fuerza de trabajo de los jóvenes (definición anterior de la OIT - CIET13)","SEX_AGE_DSB","sexo, edad, situación en términos de discapacidad",1996,2025,"02/10/2026 07:19:06",35776,37796,136,,"EAP","Fuerza de trabajo","YOUTHSTATS","Indicadores del Mercado Laboral Juvenil (YouthSTATS)"
"EAP_3WAP_SEX_AGE_STU_RT_A","EAP_3WAP_SEX_AGE_STU_RT","Tasa de participación en la fuerza de trabajo de los jóvenes según sexo, edad y estado de la asistencia escolar (%)","A","Anual","EAP_3WAP_RT","Tasa de participación en la fuerza de trabajo de los jóvenes (definición anterior de la OIT - CIET13)","SEX_AGE_STU","sexo, edad, asistencia a la escuela o formación",1970,2025,"02/10/2026 07:19:06",91685,104551,175,,"EAP","Fuerza de trabajo","YOUTHSTATS","Indicadores del Mercado Laboral Juvenil (YouthSTATS)"
"EMP_3EMP_SEX_AGE_EDU_NB_A","EMP_3EMP_SEX_AGE_EDU_NB","Ocupación de los jóvenes según sexo, edad y educación (millares)","A","Anual","EMP_3EMP_NB","Ocupación des los jóvenes (definición anterior de la OIT - CIET13)","SEX_AGE_EDU","sexo, edad, educación",1970,2025,"02/10/2026 07:19:06",146948,168657,180,,"EMP","Ocupación","YOUTHSTATS","Indicadores del Mercado Laboral Juvenil (YouthSTATS)"
"EMP_3EMP_SEX_AGE_GEO_NB_A","EMP_3EMP_SEX_AGE_GEO_NB","Ocupación de los jóvenes según sexo, edad y zonas rurales / urbanas (millares)","A","Anual","EMP_3EMP_NB","Ocupación des los jóvenes (definición anterior de la OIT - CIET13)","SEX_AGE_GEO","sexo, edad, zonas rurales/urbanes",1970,2025,"02/10/2026 07:19:06",71482,78382,148,,"EMP","Ocupación","YOUTHSTATS","Indicadores del Mercado Laboral Juvenil (YouthSTATS)"
"EMP_3EMP_SEX_AGE_DSB_NB_A","EMP_3EMP_SEX_AGE_DSB_NB","Ocupación des los jóvenes según sexo, edad y situación en términos de discapacidad (millares)","A","Anual","EMP_3EMP_NB","Ocupación des los jóvenes (definición anterior de la OIT - CIET13)","SEX_AGE_DSB","sexo, edad, situación en términos de discapacidad",1996,2025,"02/10/2026 07:19:06",35749,37765,136,,"EMP","Ocupación","YOUTHSTATS","Indicadores del Mercado Laboral Juvenil (YouthSTATS)"
"EMP_3EMP_SEX_AGE_STU_NB_A","EMP_3EMP_SEX_AGE_STU_NB","Ocupación de los jóvenes según sexo, edad y estado de la asistencia escolar (millares)","A","Anual","EMP_3EMP_NB","Ocupación des los jóvenes (definición anterior de la OIT - CIET13)","SEX_AGE_STU","sexo, edad, asistencia a la escuela o formación",1970,2025,"02/10/2026 07:19:06",91890,104836,175,,"EMP","Ocupación","YOUTHSTATS","Indicadores del Mercado Laboral Juvenil (YouthSTATS)"
"EMP_3EMP_SEX_AGE_STE_NB_A","EMP_3EMP_SEX_AGE_STE_NB","Ocupación de los jóvenes según sexo, edad y situación en la ocupación (millares)","A","Anual","EMP_3EMP_NB","Ocupación des los jóvenes (definición anterior de la OIT - CIET13)","SEX_AGE_STE","sexo, edad, situación en el empleo",1970,2025,"02/10/2026 07:19:06",258073,297756,180,,"EMP","Ocupación","YOUTHSTATS","Indicadores del Mercado Laboral Juvenil (YouthSTATS)"
"EMP_3EMP_SEX_AGE_ECO_NB_A","EMP_3EMP_SEX_AGE_ECO_NB","Ocupación de los jóvenes según sexo, edad y actividad económica (millares)","A","Anual","EMP_3EMP_NB","Ocupación des los jóvenes (definición anterior de la OIT - CIET13)","SEX_AGE_ECO","sexo, edad, actividad económica",1970,2025,"02/10/2026 07:19:06",924109,1040648,181,,"EMP","Ocupación","YOUTHSTATS","Indicadores del Mercado Laboral Juvenil (YouthSTATS)"
"EMP_3EMP_SEX_AGE_OCU_NB_A","EMP_3EMP_SEX_AGE_OCU_NB","Ocupación de los jóvenes según sexo, edad y ocupación (millares)","A","Anual","EMP_3EMP_NB","Ocupación des los jóvenes (definición anterior de la OIT - CIET13)","SEX_AGE_OCU","sexo, edad, ocupación",1982,2025,"02/10/2026 07:19:06",442841,510717,178,,"EMP","Ocupación","YOUTHSTATS","Indicadores del Mercado Laboral Juvenil (YouthSTATS)"
"EMP_3EMP_SEX_AGE_GAI_NB_A","EMP_3EMP_SEX_AGE_GAI_NB","Ocupación de los jóvenes según sexo, edad y nivel de exposición a la IA generativa (millares)","A","Anual","EMP_3EMP_NB","Ocupación des los jóvenes (definición anterior de la OIT - CIET13)","SEX_AGE_GAI","sexo, edad, nivel de exposición a la ia generativa",1996,2025,"24/09/2026 07:16:05",39181,41524,88,,"EMP","Ocupación","YOUTHSTATS","Indicadores del Mercado Laboral Juvenil (YouthSTATS)"
"EMP_3EMP_SEX_AGE_HOW_NB_A","EMP_3EMP_SEX_AGE_HOW_NB","Ocupación de los jóvenes según sexo, edad y por horas semanales efectivamente trabajadas (millares)","A","Anual","EMP_3EMP_NB","Ocupación des los jóvenes (definición anterior de la OIT - CIET13)","SEX_AGE_HOW","sexo, edad, horas semanales efectivamente trabajadas",1976,2025,"02/10/2026 07:19:06",226165,250009,163,,"EMP","Ocupación","YOUTHSTATS","Indicadores del Mercado Laboral Juvenil (YouthSTATS)"
"EMP_3EMP_SEX_AGE_JBT_NB_A","EMP_3EMP_SEX_AGE_JBT_NB","Ocupación de los jóvenes según sexo, edad y ordenamiento del tiempo de trabajo (millares)","A","Anual","EMP_3EMP_NB","Ocupación des los jóvenes (definición anterior de la OIT - CIET13)","SEX_AGE_JBT","sexo, edad, ordenamiento del tiempo de trabajo",1976,2025,"02/10/2026 07:19:06",89713,102085,171,,"EMP","Ocupación","YOUTHSTATS","Indicadores del Mercado Laboral Juvenil (YouthSTATS)"
"EMP_3WAP_SEX_AGE_DSB_RT_A","EMP_3WAP_SEX_AGE_DSB_RT","Razón ocupación-población en edad de trabajar de los jóvenes según sexo, edad y situación en términos de discapacidad (%)","A","Anual","EMP_3WAP_RT","Razón ocupación-población en edad de trabajar de los jóvenes (definición anterior de la OIT - CIET13)","SEX_AGE_DSB","sexo, edad, situación en términos de discapacidad",1996,2025,"02/10/2026 07:19:06",35029,37011,136,,"EMP","Ocupación","YOUTHSTATS","Indicadores del Mercado Laboral Juvenil (YouthSTATS)"
"EMP_3WAP_SEX_AGE_EDU_RT_A","EMP_3WAP_SEX_AGE_EDU_RT","Razón ocupación-población en edad de trabajar para los jóvenes según sexo, edad y educación (%)","A","Anual","EMP_3WAP_RT","Razón ocupación-población en edad de trabajar de los jóvenes (definición anterior de la OIT - CIET13)","SEX_AGE_EDU","sexo, edad, educación",1970,2025,"02/10/2026 07:19:06",144905,166316,181,,"EMP","Ocupación","YOUTHSTATS","Indicadores del Mercado Laboral Juvenil (YouthSTATS)"
"EMP_3WAP_SEX_AGE_GEO_RT_A","EMP_3WAP_SEX_AGE_GEO_RT","Razón ocupación-población en edad de trabajar para los jóvenes según sexo, edad y zonas rurales / urbanas (%)","A","Anual","EMP_3WAP_RT","Razón ocupación-población en edad de trabajar de los jóvenes (definición anterior de la OIT - CIET13)","SEX_AGE_GEO","sexo, edad, zonas rurales/urbanes",1970,2025,"02/10/2026 07:19:06",71448,78345,148,,"EMP","Ocupación","YOUTHSTATS","Indicadores del Mercado Laboral Juvenil (YouthSTATS)"
"EMP_3WAP_SEX_AGE_STU_RT_A","EMP_3WAP_SEX_AGE_STU_RT","Razón ocupación-población en edad de trabajar para los jóvenes según sexo, edad y estado de la asistencia escolar (%)","A","Anual","EMP_3WAP_RT","Razón ocupación-población en edad de trabajar de los jóvenes (definición anterior de la OIT - CIET13)","SEX_AGE_STU","sexo, edad, asistencia a la escuela o formación",1970,2025,"02/10/2026 07:19:06",91395,104276,175,,"EMP","Ocupación","YOUTHSTATS","Indicadores del Mercado Laboral Juvenil (YouthSTATS)"
"EMP_3TRU_SEX_AGE_GEO_NB_A","EMP_3TRU_SEX_AGE_GEO_NB","Subocupación por insuficiencia de tiempo de trabajo juvenil según sexo, edad y zonas rurales / urbanas (millares)","A","Anual","EMP_3TRU_NB","Tasa de subocupación por insuficiencia de tiempo de trabajo juvenil (definición anterior de la OIT - CIET13)","SEX_AGE_GEO","sexo, edad, zonas rurales/urbanes",1996,2025,"02/10/2026 07:19:06",50580,53472,128,,"LUU","Desempleo y subutilización de la fuerza de trabajo","YOUTHSTATS","Indicadores del Mercado Laboral Juvenil (YouthSTATS)"
"EMP_3TRU_SEX_AGE_GEO_RT_A","EMP_3TRU_SEX_AGE_GEO_RT","Tasa de subocupación por insuficiencia de tiempo de trabajo juvenil según sexo, edad y zonas rurales / urbanas (%)","A","Anual","EMP_3TRU_RT","Tasa de subocupación por insuficiencia de tiempo de trabajo juvenil (definición anterior de la OIT - CIET13)","SEX_AGE_GEO","sexo, edad, zonas rurales/urbanes",1996,2025,"02/10/2026 07:19:06",49485,52189,126,,"LUU","Desempleo y subutilización de la fuerza de trabajo","YOUTHSTATS","Indicadores del Mercado Laboral Juvenil (YouthSTATS)"
"EMP_3IFL_SEX_AGE_RT_A","EMP_3IFL_SEX_AGE_RT","Tasa de la ocupación informal juvenil según sexo y edad (%)","A","Anual","EMP_3IFL_RT","Tasa de la ocupación informal juvenil (definición anterior de la OIT - CIET13)","SEX_AGE","sexo, edad",1999,2025,"02/10/2026 07:19:06",10540,11536,119,,"IFL","Economía informal","YOUTHSTATS","Indicadores del Mercado Laboral Juvenil (YouthSTATS)"
"EES_3EES_SEX_AGE_JBC_NB_A","EES_3EES_SEX_AGE_JBC_NB","Asalariados jóvenes según sexo, edad y tipo de contrato (millares)","A","Anual","EES_3EES_NB","Asalariados jóvenes","SEX_AGE_JBC","sexo, edad, tipo de contrato de trabajo",1983,2025,"02/10/2026 07:19:06",84270,95382,148,,"EES","Asalariados","YOUTHSTATS","Indicadores del Mercado Laboral Juvenil (YouthSTATS)"
"UNE_3UNE_SEX_AGE_EDU_NB_A","UNE_3UNE_SEX_AGE_EDU_NB","Desocupación de los jóvenes según sexo, edad y educación (millares)","A","Anual","UNE_3UNE_NB","Desocupación juvenil (definición anterior de la OIT - CIET13)","SEX_AGE_EDU","sexo, edad, educación",1970,2025,"02/10/2026 07:19:06",138558,159045,180,,"LUU","Desempleo y subutilización de la fuerza de trabajo","YOUTHSTATS","Indicadores del Mercado Laboral Juvenil (YouthSTATS)"
"UNE_3UNE_SEX_AGE_GEO_NB_A","UNE_3UNE_SEX_AGE_GEO_NB","Desocupación de los jóvenes según sexo, edad y zonas rurales / urbanas (millares)","A","Anual","UNE_3UNE_NB","Desocupación juvenil (definición anterior de la OIT - CIET13)","SEX_AGE_GEO","sexo, edad, zonas rurales/urbanes",1970,2025,"02/10/2026 07:19:06",71024,77657,147,,"LUU","Desempleo y subutilización de la fuerza de trabajo","YOUTHSTATS","Indicadores del Mercado Laboral Juvenil (YouthSTATS)"
"UNE_3UNE_SEX_AGE_STU_NB_A","UNE_3UNE_SEX_AGE_STU_NB","Desocupación de los jóvenes según sexo, edad y estado de la asistencia escolar (millares)","A","Anual","UNE_3UNE_NB","Desocupación juvenil (definición anterior de la OIT - CIET13)","SEX_AGE_STU","sexo, edad, asistencia a la escuela o formación",1970,2025,"02/10/2026 07:19:06",89000,101357,175,,"LUU","Desempleo y subutilización de la fuerza de trabajo","YOUTHSTATS","Indicadores del Mercado Laboral Juvenil (YouthSTATS)"
"UNE_3UNE_SEX_AGE_DSB_NB_A","UNE_3UNE_SEX_AGE_DSB_NB","Desocupación juvenil según sexo, edad y situación en términos de discapacidad (millares)","A","Anual","UNE_3UNE_NB","Desocupación juvenil (definición anterior de la OIT - CIET13)","SEX_AGE_DSB","sexo, edad, situación en términos de discapacidad",1996,2025,"02/10/2026 07:19:06",33837,35691,136,,"LUU","Desempleo y subutilización de la fuerza de trabajo","YOUTHSTATS","Indicadores del Mercado Laboral Juvenil (YouthSTATS)"
"UNE_3EAP_SEX_AGE_DSB_RT_A","UNE_3EAP_SEX_AGE_DSB_RT","Tasa de desocupación juvenil según sexo, edad y situación en términos de discapacidad (%)","A","Anual","UNE_3EAP_RT","Tasa de desocupación juvenil (definición anterior de la OIT - CIET13)","SEX_AGE_DSB","sexo, edad, situación en términos de discapacidad",1996,2025,"02/10/2026 07:19:06",32558,34365,136,,"LUU","Desempleo y subutilización de la fuerza de trabajo","YOUTHSTATS","Indicadores del Mercado Laboral Juvenil (YouthSTATS)"
"UNE_3UNE_SEX_AGE_CAT_NB_A","UNE_3UNE_SEX_AGE_CAT_NB","Desocupación de los jóvenes según sexo, edad y categorías de personas desocupadas (millares)","A","Anual","UNE_3UNE_NB","Desocupación juvenil (definición anterior de la OIT - CIET13)","SEX_AGE_CAT","sexo, edad, tipo de desocupación",1976,2025,"02/10/2026 07:19:06",84083,94751,147,,"LUU","Desempleo y subutilización de la fuerza de trabajo","YOUTHSTATS","Indicadores del Mercado Laboral Juvenil (YouthSTATS)"
"UNE_3UNE_SEX_AGE_DUR_NB_A","UNE_3UNE_SEX_AGE_DUR_NB","Desocupación de los jóvenes según sexo, edad y duración (millares)","A","Anual","UNE_3UNE_NB","Desocupación juvenil (definición anterior de la OIT - CIET13)","SEX_AGE_DUR","sexo, edad, duración",1976,2025,"02/10/2026 07:19:06",122365,135325,154,,"LUU","Desempleo y subutilización de la fuerza de trabajo","YOUTHSTATS","Indicadores del Mercado Laboral Juvenil (YouthSTATS)"
"UNE_3EAP_SEX_AGE_GEO_RT_A","UNE_3EAP_SEX_AGE_GEO_RT","Tasa de desocupación juvenil según sexo, edad y zonas rurales / urbanas (%)","A","Anual","UNE_3EAP_RT","Tasa de desocupación juvenil (definición anterior de la OIT - CIET13)","SEX_AGE_GEO","sexo, edad, zonas rurales/urbanes",1970,2025,"02/10/2026 07:19:06",70862,77479,147,,"LUU","Desempleo y subutilización de la fuerza de trabajo","YOUTHSTATS","Indicadores del Mercado Laboral Juvenil (YouthSTATS)"
"UNE_3EAP_SEX_AGE_EDU_RT_A","UNE_3EAP_SEX_AGE_EDU_RT","Tasa de desocupación juvenil según sexo, edad y educación (%)","A","Anual","UNE_3EAP_RT","Tasa de desocupación juvenil (definición anterior de la OIT - CIET13)","SEX_AGE_EDU","sexo, edad, educación",1970,2025,"02/10/2026 07:19:06",135565,155538,181,,"LUU","Desempleo y subutilización de la fuerza de trabajo","YOUTHSTATS","Indicadores del Mercado Laboral Juvenil (YouthSTATS)"
"UNE_3EAP_SEX_AGE_STU_RT_A","UNE_3EAP_SEX_AGE_STU_RT","Tasa de desocupación juvenil según sexo, edad y estado de la asistencia escolar (%)","A","Anual","UNE_3EAP_RT","Tasa de desocupación juvenil (definición anterior de la OIT - CIET13)","SEX_AGE_STU","sexo, edad, asistencia a la escuela o formación",1970,2025,"02/10/2026 07:19:06",88078,100297,175,,"LUU","Desempleo y subutilización de la fuerza de trabajo","YOUTHSTATS","Indicadores del Mercado Laboral Juvenil (YouthSTATS)"
"UNE_3WAP_SEX_AGE_STU_RT_A","UNE_3WAP_SEX_AGE_STU_RT","Razón desocupación-población de los jóvenes según sexo, edad y estado de la asistencia escolar (%)","A","Anual","UNE_3WAP_RT","Razón desocupación-población de los jóvenes (definición anterior de la OIT - CIET13)","SEX_AGE_STU","sexo, edad, asistencia a la escuela o formación",1970,2025,"02/10/2026 07:19:06",88078,100297,175,,"LUU","Desempleo y subutilización de la fuerza de trabajo","YOUTHSTATS","Indicadores del Mercado Laboral Juvenil (YouthSTATS)"
"UNE_3WAP_SEX_AGE_DSB_RT_A","UNE_3WAP_SEX_AGE_DSB_RT","Razón desocupación-población de los jóvenes según sexo, edad y situación en términos de discapacidad (%)","A","Anual","UNE_3WAP_RT","Razón desocupación-población de los jóvenes (definición anterior de la OIT - CIET13)","SEX_AGE_DSB","sexo, edad, situación en términos de discapacidad",1996,2025,"02/10/2026 07:19:06",32558,34365,136,,"LUU","Desempleo y subutilización de la fuerza de trabajo","YOUTHSTATS","Indicadores del Mercado Laboral Juvenil (YouthSTATS)"
"UNE_3WAP_SEX_AGE_GEO_RT_A","UNE_3WAP_SEX_AGE_GEO_RT","Razón desocupación-población de los jóvenes según sexo, edad y zonas rurales / urbanes (%)","A","Anual","UNE_3WAP_RT","Razón desocupación-población de los jóvenes (definición anterior de la OIT - CIET13)","SEX_AGE_GEO","sexo, edad, zonas rurales/urbanes",1970,2025,"02/10/2026 07:19:06",70394,76759,146,,"LUU","Desempleo y subutilización de la fuerza de trabajo","YOUTHSTATS","Indicadores del Mercado Laboral Juvenil (YouthSTATS)"
"UNE_3WAP_SEX_AGE_EDU_RT_A","UNE_3WAP_SEX_AGE_EDU_RT","Razón desocupación-población de los jóvenes según sexo, edad y educación (%)","A","Anual","UNE_3WAP_RT","Razón desocupación-población de los jóvenes (definición anterior de la OIT - CIET13)","SEX_AGE_EDU","sexo, edad, educación",1970,2025,"02/10/2026 07:19:06",135565,155538,181,,"LUU","Desempleo y subutilización de la fuerza de trabajo","YOUTHSTATS","Indicadores del Mercado Laboral Juvenil (YouthSTATS)"
"EIP_3EIP_SEX_AGE_GEO_NB_A","EIP_3EIP_SEX_AGE_GEO_NB","Jóvenes fuera de la fuerza de trabajo según sexo, edad y zonas rurales / urbanas (millares)","A","Anual","EIP_3EIP_NB","Jóvenes fuera de la fuerza de trabajo (definición anterior de la OIT - CIET13)","SEX_AGE_GEO","sexo, edad, zonas rurales/urbanes",1970,2025,"02/10/2026 07:19:06",71371,78229,148,,"LUU","Desempleo y subutilización de la fuerza de trabajo","YOUTHSTATS","Indicadores del Mercado Laboral Juvenil (YouthSTATS)"
"EIP_3EIP_SEX_AGE_EDU_NB_A","EIP_3EIP_SEX_AGE_EDU_NB","Jóvenes fuera de la fuerza de trabajo según sexo, edad y educación (millares)","A","Anual","EIP_3EIP_NB","Jóvenes fuera de la fuerza de trabajo (definición anterior de la OIT - CIET13)","SEX_AGE_EDU","sexo, edad, educación",1970,2025,"02/10/2026 07:19:06",151089,173106,180,,"LUU","Desempleo y subutilización de la fuerza de trabajo","YOUTHSTATS","Indicadores del Mercado Laboral Juvenil (YouthSTATS)"
"EIP_3EIP_SEX_AGE_STU_NB_A","EIP_3EIP_SEX_AGE_STU_NB","Jóvenes fuera de la fuerza de trabajo según sexo, edad y estado de la asistencia escolar (millares)","A","Anual","EIP_3EIP_NB","Jóvenes fuera de la fuerza de trabajo (definición anterior de la OIT - CIET13)","SEX_AGE_STU","sexo, edad, asistencia a la escuela o formación",1970,2025,"02/10/2026 07:19:06",93802,107008,175,,"LUU","Desempleo y subutilización de la fuerza de trabajo","YOUTHSTATS","Indicadores del Mercado Laboral Juvenil (YouthSTATS)"
"EIP_3EIP_SEX_AGE_DSB_NB_A","EIP_3EIP_SEX_AGE_DSB_NB","Jóvenes fuera de la fuerza de trabajo según sexo, edad y situación en términos de discapacidad (millares)","A","Anual","EIP_3EIP_NB","Jóvenes fuera de la fuerza de trabajo (definición anterior de la OIT - CIET13)","SEX_AGE_DSB","sexo, edad, situación en términos de discapacidad",1996,2025,"02/10/2026 07:19:06",37396,39412,136,,"LUU","Desempleo y subutilización de la fuerza de trabajo","YOUTHSTATS","Indicadores del Mercado Laboral Juvenil (YouthSTATS)"
"EIP_3EET_SEX_AGE_NB_A","EIP_3EET_SEX_AGE_NB","NINI: Jóvenes que no están ocupados, ni estudian ni reciben formación según sexo y edad (millares)","A","Anual","EIP_3EET_NB","NEET: Jóvenes que no están ocupados, ni estudian ni reciben formación (definición anterior de la OIT - CIET13)","SEX_AGE","sexo, edad",1970,2025,"02/10/2026 07:19:06",29100,33012,174,,"LUU","Desempleo y subutilización de la fuerza de trabajo","YOUTHSTATS","Indicadores del Mercado Laboral Juvenil (YouthSTATS)"
"EIP_3DIS_SEX_AGE_GEO_NB_A","EIP_3DIS_SEX_AGE_GEO_NB","Buscadores desalentados jóvenes según sexo, edad y zonas rurales / urbanas (millares)","A","Anual","EIP_3DIS_NB","Buscadores desalentados jóvenes (definición anterior de la OIT - CIET13)","SEX_AGE_GEO","sexo, edad, zonas rurales/urbanes",1987,2025,"02/10/2026 07:19:06",49053,52047,137,,"LUU","Desempleo y subutilización de la fuerza de trabajo","YOUTHSTATS","Indicadores del Mercado Laboral Juvenil (YouthSTATS)"
"EIP_3WAP_SEX_AGE_GEO_RT_A","EIP_3WAP_SEX_AGE_GEO_RT","Tasa de inactividad juvenil según sexo, edad y zonas rurales / urbanas (%)","A","Anual","EIP_3WAP_RT","Tasa de inactividad juvenil (definición anterior de la OIT - CIET13)","SEX_AGE_GEO","sexo, edad, zonas rurales/urbanes",1970,2025,"02/10/2026 07:19:06",71337,78192,148,,"LUU","Desempleo y subutilización de la fuerza de trabajo","YOUTHSTATS","Indicadores del Mercado Laboral Juvenil (YouthSTATS)"
"EIP_3WAP_SEX_AGE_EDU_RT_A","EIP_3WAP_SEX_AGE_EDU_RT","Tasa de inactividad juvenil según sexo, edad y educación (%)","A","Anual","EIP_3WAP_RT","Tasa de inactividad juvenil (definición anterior de la OIT - CIET13)","SEX_AGE_EDU","sexo, edad, educación",1970,2025,"02/10/2026 07:19:06",149507,171314,181,,"LUU","Desempleo y subutilización de la fuerza de trabajo","YOUTHSTATS","Indicadores del Mercado Laboral Juvenil (YouthSTATS)"
"EIP_3WAP_SEX_AGE_STU_RT_A","EIP_3WAP_SEX_AGE_STU_RT","Tasa de inactividad juvenil según sexo, edad y estado de la asistencia escolar (%)","A","Anual","EIP_3WAP_RT","Tasa de inactividad juvenil (definición anterior de la OIT - CIET13)","SEX_AGE_STU","sexo, edad, asistencia a la escuela o formación",1970,2025,"02/10/2026 07:19:06",93416,106538,175,,"LUU","Desempleo y subutilización de la fuerza de trabajo","YOUTHSTATS","Indicadores del Mercado Laboral Juvenil (YouthSTATS)"
"EIP_3WAP_SEX_AGE_DSB_RT_A","EIP_3WAP_SEX_AGE_DSB_RT","Tasa de inactividad juvenil según sexo, edad y situación en términos de discapacidad (%)","A","Anual","EIP_3WAP_RT","Tasa de inactividad juvenil (definición anterior de la OIT - CIET13)","SEX_AGE_DSB","sexo, edad, situación en términos de discapacidad",1996,2025,"02/10/2026 07:19:06",37172,39182,136,,"LUU","Desempleo y subutilización de la fuerza de trabajo","YOUTHSTATS","Indicadores del Mercado Laboral Juvenil (YouthSTATS)"
"EIP_3EET_SEX_AGE_RT_A","EIP_3EET_SEX_AGE_RT","Tasa de NINI: Proporción de jóvenes que no están ocupados, ni estudian ni reciben formación según sexo y edad (%)","A","Anual","EIP_3EET_RT","Tasa de NINI: Proporción de jóvenes que no están ocupados, ni estudian ni reciben formación (definición anterior de la OIT - CIET13)","SEX_AGE","sexo, edad",1970,2025,"02/10/2026 07:19:06",28800,32365,174,,"LUU","Desempleo y subutilización de la fuerza de trabajo","YOUTHSTATS","Indicadores del Mercado Laboral Juvenil (YouthSTATS)"
"HOW_TEMP_SEX_NB_A","HOW_TEMP_SEX_NB","Promedio de horas efectivamente trabajadas por semana por persona ocupada según sexo","A","Anual","HOW_TEMP_NB","Promedio de horas efectivamente trabajadas por semana por persona ocupada","SEX","sexo",1976,2027,"02/10/2026 07:00:09",12667,13279,248,"Y","HOW","Horas de trabajo","COND","Estadísticas de Salarios y Tiempo de Trabajo (COND)"
"HOW_TEMP_SEX_NB_Q","HOW_TEMP_SEX_NB","Promedio de horas efectivamente trabajadas por semana por persona ocupada según sexo","Q","Trimestral","HOW_TEMP_NB","Promedio de horas efectivamente trabajadas por semana por persona ocupada","SEX","sexo",1976,2026,"02/10/2026 07:01:11",18838,20263,96,,"HOW","Horas de trabajo","COND","Estadísticas de Salarios y Tiempo de Trabajo (COND)"
"HOW_TEMP_SEX_NB_M","HOW_TEMP_SEX_NB","Promedio de horas efectivamente trabajadas por semana por persona ocupada según sexo","M","Mensual","HOW_TEMP_NB","Promedio de horas efectivamente trabajadas por semana por persona ocupada","SEX","sexo",1976,2026,"16/09/2026 07:05:10",8505,8631,15,,"HOW","Horas de trabajo","COND","Estadísticas de Salarios y Tiempo de Trabajo (COND)"
"HOW_TEMP_SEX_AGE_NB_A","HOW_TEMP_SEX_AGE_NB","Promedio de horas efectivamente trabajadas por semana por persona ocupada según sexo y edad","A","Anual","HOW_TEMP_NB","Promedio de horas efectivamente trabajadas por semana por persona ocupada","SEX_AGE","sexo, edad",1976,2027,"02/10/2026 07:00:09",105919,115099,248,"Y","HOW","Horas de trabajo","COND","Estadísticas de Salarios y Tiempo de Trabajo (COND)"
"HOW_TEMP_SEX_AGE_NB_Q","HOW_TEMP_SEX_AGE_NB","Promedio de horas efectivamente trabajadas por semana por persona ocupada según sexo y edad","Q","Trimestral","HOW_TEMP_NB","Promedio de horas efectivamente trabajadas por semana por persona ocupada","SEX_AGE","sexo, edad",1976,2026,"02/10/2026 07:01:11",282234,303609,96,,"HOW","Horas de trabajo","COND","Estadísticas de Salarios y Tiempo de Trabajo (COND)"
"HOW_TEMP_SEX_AGE_NB_M","HOW_TEMP_SEX_AGE_NB","Promedio de horas efectivamente trabajadas por semana por persona ocupada según sexo y edad","M","Mensual","HOW_TEMP_NB","Promedio de horas efectivamente trabajadas por semana por persona ocupada","SEX_AGE","sexo, edad",1976,2026,"16/09/2026 07:05:10",67893,68901,15,,"HOW","Horas de trabajo","COND","Estadísticas de Salarios y Tiempo de Trabajo (COND)"
"HOW_TEMP_SEX_AGE_ECO_NB_A","HOW_TEMP_SEX_AGE_ECO_NB","Promedio de horas efectivamente trabajadas por semana por persona ocupada según sexo, edad y actividad económica","A","Anual","HOW_TEMP_NB","Promedio de horas efectivamente trabajadas por semana por persona ocupada","SEX_AGE_ECO","sexo, edad, actividad económica",1976,2025,"02/10/2026 07:00:09",2094675,2264195,160,,"HOW","Horas de trabajo","COND","Estadísticas de Salarios y Tiempo de Trabajo (COND)"
"HOW_TEMP_SEX_AGE_ECO_NB_Q","HOW_TEMP_SEX_AGE_ECO_NB","Promedio de horas efectivamente trabajadas por semana por persona ocupada según sexo, edad y actividad económica","Q","Trimestral","HOW_TEMP_NB","Promedio de horas efectivamente trabajadas por semana por persona ocupada","SEX_AGE_ECO","sexo, edad, actividad económica",1976,2026,"02/10/2026 07:01:11",1825806,1935939,95,,"HOW","Horas de trabajo","COND","Estadísticas de Salarios y Tiempo de Trabajo (COND)"
"HOW_TEMP_SEX_AGE_OCU_NB_A","HOW_TEMP_SEX_AGE_OCU_NB","Promedio de horas efectivamente trabajadas por semana por persona ocupada según sexo, edad y ocupación","A","Anual","HOW_TEMP_NB","Promedio de horas efectivamente trabajadas por semana por persona ocupada","SEX_AGE_OCU","sexo, edad, ocupación",1991,2025,"02/10/2026 07:00:09",936153,1026800,153,,"HOW","Horas de trabajo","COND","Estadísticas de Salarios y Tiempo de Trabajo (COND)"
"HOW_TEMP_SEX_AGE_OCU_NB_Q","HOW_TEMP_SEX_AGE_OCU_NB","Promedio de horas efectivamente trabajadas por semana por persona ocupada según sexo, edad y ocupación","Q","Trimestral","HOW_TEMP_NB","Promedio de horas efectivamente trabajadas por semana por persona ocupada","SEX_AGE_OCU","sexo, edad, ocupación",1992,2026,"02/10/2026 07:01:11",1232675,1333551,94,,"HOW","Horas de trabajo","COND","Estadísticas de Salarios y Tiempo de Trabajo (COND)"
"HOW_TEMP_SEX_AGE_INS_NB_A","HOW_TEMP_SEX_AGE_INS_NB","Promedio de horas efectivamente trabajadas por semana por persona ocupada según sexo, edad y sector público/privado","A","Anual","HOW_TEMP_NB","Promedio de horas efectivamente trabajadas por semana por persona ocupada","SEX_AGE_INS","sexo, edad, sector público/privado",1976,2025,"02/10/2026 07:00:09",168881,181100,132,,"HOW","Horas de trabajo","COND","Estadísticas de Salarios y Tiempo de Trabajo (COND)"
"HOW_TEMP_SEX_AGE_INS_NB_Q","HOW_TEMP_SEX_AGE_INS_NB","Promedio de horas efectivamente trabajadas por semana por persona ocupada según sexo, edad y sector público/privado","Q","Trimestral","HOW_TEMP_NB","Promedio de horas efectivamente trabajadas por semana por persona ocupada","SEX_AGE_INS","sexo, edad, sector público/privado",1976,2026,"02/10/2026 07:01:11",234055,235567,69,,"HOW","Horas de trabajo","COND","Estadísticas de Salarios y Tiempo de Trabajo (COND)"
"HOW_TEMP_SEX_AGE_JBT_NB_A","HOW_TEMP_SEX_AGE_JBT_NB","Promedio de horas efectivamente trabajadas por semana por persona ocupada según sexo, edad y ordenamiento del tiempo de trabajo","A","Anual","HOW_TEMP_NB","Promedio de horas efectivamente trabajadas por semana por persona ocupada","SEX_AGE_JBT","sexo, edad, ordenamiento del tiempo de trabajo",1976,2025,"02/10/2026 07:00:09",299632,327172,161,,"HOW","Horas de trabajo","COND","Estadísticas de Salarios y Tiempo de Trabajo (COND)"
"HOW_TEMP_SEX_AGE_JBT_NB_Q","HOW_TEMP_SEX_AGE_JBT_NB","Promedio de horas efectivamente trabajadas por semana por persona ocupada según sexo, edad y ordenamiento del tiempo de trabajo","Q","Trimestral","HOW_TEMP_NB","Promedio de horas efectivamente trabajadas por semana por persona ocupada","SEX_AGE_JBT","sexo, edad, ordenamiento del tiempo de trabajo",1976,2026,"02/10/2026 07:01:11",843924,908049,96,,"HOW","Horas de trabajo","COND","Estadísticas de Salarios y Tiempo de Trabajo (COND)"
"HOW_TEMP_SEX_AGE_JBT_NB_M","HOW_TEMP_SEX_AGE_JBT_NB","Promedio de horas efectivamente trabajadas por semana por persona ocupada según sexo, edad y ordenamiento del tiempo de trabajo","M","Mensual","HOW_TEMP_NB","Promedio de horas efectivamente trabajadas por semana por persona ocupada","SEX_AGE_JBT","sexo, edad, ordenamiento del tiempo de trabajo",1976,2026,"16/09/2026 07:05:10",76354,77488,15,,"HOW","Horas de trabajo","COND","Estadísticas de Salarios y Tiempo de Trabajo (COND)"
"HOW_TEMP_SEX_ECO_NB_A","HOW_TEMP_SEX_ECO_NB","Promedio de horas efectivamente trabajadas por semana por persona ocupada según sexo y actividad económica","A","Anual","HOW_TEMP_NB","Promedio de horas efectivamente trabajadas por semana por persona ocupada","SEX_ECO","sexo, actividad económica",1948,2025,"02/10/2026 07:00:09",232501,249584,183,,"HOW","Horas de trabajo","COND","Estadísticas de Salarios y Tiempo de Trabajo (COND)"
"HOW_TEMP_SEX_ECO_NB_Q","HOW_TEMP_SEX_ECO_NB","Promedio de horas efectivamente trabajadas por semana por persona ocupada según sexo y actividad económica","Q","Trimestral","HOW_TEMP_NB","Promedio de horas efectivamente trabajadas por semana por persona ocupada","SEX_ECO","sexo, actividad económica",1948,2026,"02/10/2026 07:01:11",618063,649525,97,,"HOW","Horas de trabajo","COND","Estadísticas de Salarios y Tiempo de Trabajo (COND)"
"HOW_TEMP_SEX_ECO_NB_M","HOW_TEMP_SEX_ECO_NB","Promedio de horas efectivamente trabajadas por semana por persona ocupada según sexo y actividad económica","M","Mensual","HOW_TEMP_NB","Promedio de horas efectivamente trabajadas por semana por persona ocupada","SEX_ECO","sexo, actividad económica",1948,2026,"16/09/2026 07:05:10",107297,108813,16,,"HOW","Horas de trabajo","COND","Estadísticas de Salarios y Tiempo de Trabajo (COND)"
"HOW_TEMP_SEX_EC2_NB_A","HOW_TEMP_SEX_EC2_NB","Promedio de horas efectivamente trabajadas por semana por persona ocupada según sexo y actividad económica - nivel 2 de la CIIU","A","Anual","HOW_TEMP_NB","Promedio de horas efectivamente trabajadas por semana por persona ocupada","SEX_EC2","sexo, actividad económica - nivel 2 de la ciiu",1992,2025,"02/10/2026 07:00:09",391856,414828,148,,"HOW","Horas de trabajo","COND","Estadísticas de Salarios y Tiempo de Trabajo (COND)"
"HOW_TEMP_SEX_ECO_EDU_NB_A","HOW_TEMP_SEX_ECO_EDU_NB","Promedio de horas efectivamente trabajadas por semana por persona ocupada según sexo, actividad económica y educación","A","Anual","HOW_TEMP_NB","Promedio de horas efectivamente trabajadas por semana por persona ocupada","SEX_ECO_EDU","sexo, actividad económica, educación",1990,2025,"02/10/2026 07:00:09",2250779,2437029,158,,"HOW","Horas de trabajo","COND","Estadísticas de Salarios y Tiempo de Trabajo (COND)"
"HOW_TEMP_SEX_ECO_EDU_NB_Q","HOW_TEMP_SEX_ECO_EDU_NB","Promedio de horas efectivamente trabajadas por semana por persona ocupada según sexo, actividad económica y educación","Q","Trimestral","HOW_TEMP_NB","Promedio de horas efectivamente trabajadas por semana por persona ocupada","SEX_ECO_EDU","sexo, actividad económica, educación",1990,2026,"02/10/2026 07:01:11",4319705,4543921,93,,"HOW","Horas de trabajo","COND","Estadísticas de Salarios y Tiempo de Trabajo (COND)"
"HOW_TEMP_SEX_ECO_GEO_NB_A","HOW_TEMP_SEX_ECO_GEO_NB","Promedio de horas efectivamente trabajadas por semana por persona ocupada según sexo, actividad económica y zonas rurales / urbanas","A","Anual","HOW_TEMP_NB","Promedio de horas efectivamente trabajadas por semana por persona ocupada","SEX_ECO_GEO","sexo, actividad económica, zonas rurales/urbanes",1990,2025,"02/10/2026 07:00:09",193644,201072,132,,"HOW","Horas de trabajo","COND","Estadísticas de Salarios y Tiempo de Trabajo (COND)"
"HOW_TEMP_AGE_EC2_NB_A","HOW_TEMP_AGE_EC2_NB","Promedio de horas efectivamente trabajadas por semana por persona ocupada según edad y actividad económica - nivel 2 de la CIIU","A","Anual","HOW_TEMP_NB","Promedio de horas efectivamente trabajadas por semana por persona ocupada","AGE_EC2","edad, actividad económica - nivel 2 de la ciiu",1993,2025,"02/10/2026 07:00:09",245640,253454,127,,"HOW","Horas de trabajo","COND","Estadísticas de Salarios y Tiempo de Trabajo (COND)"
"HOW_TEMP_SEX_ECO_MTS_NB_A","HOW_TEMP_SEX_ECO_MTS_NB","Promedio de horas efectivamente trabajadas por semana por persona ocupada según sexo, actividad económica y estado civil","A","Anual","HOW_TEMP_NB","Promedio de horas efectivamente trabajadas por semana por persona ocupada","SEX_ECO_MTS","sexo, actividad económica, estado civil",1990,2025,"02/10/2026 07:00:09",467375,510378,154,,"HOW","Horas de trabajo","COND","Estadísticas de Salarios y Tiempo de Trabajo (COND)"
"HOW_TEMP_SEX_ECO_MTS_NB_Q","HOW_TEMP_SEX_ECO_MTS_NB","Promedio de horas efectivamente trabajadas por semana por persona ocupada según sexo, actividad económica y estado civil","Q","Trimestral","HOW_TEMP_NB","Promedio de horas efectivamente trabajadas por semana por persona ocupada","SEX_ECO_MTS","sexo, actividad económica, estado civil",1993,2026,"02/10/2026 07:01:11",398411,398708,70,,"HOW","Horas de trabajo","COND","Estadísticas de Salarios y Tiempo de Trabajo (COND)"
"HOW_TEMP_SEX_ECO_DSB_NB_A","HOW_TEMP_SEX_ECO_DSB_NB","Promedio de horas efectivamente trabajadas por semana por persona ocupada según sexo, actividad económica y situación en términos de discapacidad","A","Anual","HOW_TEMP_NB","Promedio de horas efectivamente trabajadas por semana por persona ocupada","SEX_ECO_DSB","sexo, actividad económica, situación en términos de discapacidad",1997,2025,"24/09/2026 07:00:10",33396,34779,74,,"HOW","Horas de trabajo","COND","Estadísticas de Salarios y Tiempo de Trabajo (COND)"
"HOW_TEMP_ECO_OCU_NB_A","HOW_TEMP_ECO_OCU_NB","Promedio de horas efectivamente trabajadas por semana por persona ocupada según actividad económica y ocupación","A","Anual","HOW_TEMP_NB","Promedio de horas efectivamente trabajadas por semana por persona ocupada","ECO_OCU","actividad económica, ocupación",1991,2025,"02/10/2026 07:00:09",912526,981522,151,,"HOW","Horas de trabajo","COND","Estadísticas de Salarios y Tiempo de Trabajo (COND)"
"HOW_TEMP_ECO_OCU_NB_Q","HOW_TEMP_ECO_OCU_NB","Promedio de horas efectivamente trabajadas por semana por persona ocupada según actividad económica y ocupación","Q","Trimestral","HOW_TEMP_NB","Promedio de horas efectivamente trabajadas por semana por persona ocupada","ECO_OCU","actividad económica, ocupación",1992,2026,"02/10/2026 07:01:11",1091644,1158802,93,,"HOW","Horas de trabajo","COND","Estadísticas de Salarios y Tiempo de Trabajo (COND)"
"HOW_TEMP_SEX_ECO_INS_NB_A","HOW_TEMP_SEX_ECO_INS_NB","Promedio de horas efectivamente trabajadas por semana por persona ocupada según sexo, actividad económica y sector público/privado","A","Anual","HOW_TEMP_NB","Promedio de horas efectivamente trabajadas por semana por persona ocupada","SEX_ECO_INS","sexo, actividad económica, sector público/privado",1976,2025,"02/10/2026 07:00:09",330701,355120,130,,"HOW","Horas de trabajo","COND","Estadísticas de Salarios y Tiempo de Trabajo (COND)"
"HOW_TEMP_SEX_ECO_INS_NB_Q","HOW_TEMP_SEX_ECO_INS_NB","Promedio de horas efectivamente trabajadas por semana por persona ocupada según sexo, actividad económica y sector público/privado","Q","Trimestral","HOW_TEMP_NB","Promedio de horas efectivamente trabajadas por semana por persona ocupada","SEX_ECO_INS","sexo, actividad económica, sector público/privado",1976,2026,"02/10/2026 07:01:11",353517,355712,68,,"HOW","Horas de trabajo","COND","Estadísticas de Salarios y Tiempo de Trabajo (COND)"
"HOW_TEMP_SEX_ECO_INS_NB_M","HOW_TEMP_SEX_ECO_INS_NB","Promedio de horas efectivamente trabajadas por semana por persona ocupada según sexo, actividad económica y sector público/privado","M","Mensual","HOW_TEMP_NB","Promedio de horas efectivamente trabajadas por semana por persona ocupada","SEX_ECO_INS","sexo, actividad económica, sector público/privado",1976,2026,"16/09/2026 07:05:10",95799,97573,13,,"HOW","Horas de trabajo","COND","Estadísticas de Salarios y Tiempo de Trabajo (COND)"
"HOW_TEMP_SEX_ECO_EST_NB_A","HOW_TEMP_SEX_ECO_EST_NB","Promedio de horas efectivamente trabajadas por semana por persona ocupada según sexo, actividad económica y tamaño del establecimiento","A","Anual","HOW_TEMP_NB","Promedio de horas efectivamente trabajadas por semana por persona ocupada","SEX_ECO_EST","sexo, actividad económica, tamaño del establecimiento",1990,2025,"02/10/2026 07:00:09",541095,583532,105,,"HOW","Horas de trabajo","COND","Estadísticas de Salarios y Tiempo de Trabajo (COND)"
"HOW_TEMP_SEX_ECO_EST_NB_Q","HOW_TEMP_SEX_ECO_EST_NB","Promedio de horas efectivamente trabajadas por semana por persona ocupada según sexo, actividad económica y tamaño del establecimiento","Q","Trimestral","HOW_TEMP_NB","Promedio de horas efectivamente trabajadas por semana por persona ocupada","SEX_ECO_EST","sexo, actividad económica, tamaño del establecimiento",1993,2026,"02/10/2026 07:01:11",160431,160934,55,,"HOW","Horas de trabajo","COND","Estadísticas de Salarios y Tiempo de Trabajo (COND)"
"HOW_TEMP_SEX_OCU_NB_A","HOW_TEMP_SEX_OCU_NB","Promedio de horas efectivamente trabajadas por semana por persona ocupada según sexo y ocupación","A","Anual","HOW_TEMP_NB","Promedio de horas efectivamente trabajadas por semana por persona ocupada","SEX_OCU","sexo, ocupación",1991,2025,"02/10/2026 07:00:09",103340,112821,172,,"HOW","Horas de trabajo","COND","Estadísticas de Salarios y Tiempo de Trabajo (COND)"
"HOW_TEMP_SEX_OCU_NB_Q","HOW_TEMP_SEX_OCU_NB","Promedio de horas efectivamente trabajadas por semana por persona ocupada según sexo y ocupación","Q","Trimestral","HOW_TEMP_NB","Promedio de horas efectivamente trabajadas por semana por persona ocupada","SEX_OCU","sexo, ocupación",1992,2026,"02/10/2026 07:01:11",290147,313351,95,,"HOW","Horas de trabajo","COND","Estadísticas de Salarios y Tiempo de Trabajo (COND)"
"HOW_TEMP_SEX_OCU_NB_M","HOW_TEMP_SEX_OCU_NB","Promedio de horas efectivamente trabajadas por semana por persona ocupada según sexo y ocupación","M","Mensual","HOW_TEMP_NB","Promedio de horas efectivamente trabajadas por semana por persona ocupada","SEX_OCU","sexo, ocupación",2000,2026,"16/09/2026 07:05:10",29392,30015,14,,"HOW","Horas de trabajo","COND","Estadísticas de Salarios y Tiempo de Trabajo (COND)"
"HOW_TEMP_SEX_OCU_EDU_NB_A","HOW_TEMP_SEX_OCU_EDU_NB","Promedio de horas efectivamente trabajadas por semana por persona ocupada según sexo, ocupación y educación","A","Anual","HOW_TEMP_NB","Promedio de horas efectivamente trabajadas por semana por persona ocupada","SEX_OCU_EDU","sexo, ocupación, educación",1991,2025,"02/10/2026 07:00:09",1063082,1165432,152,,"HOW","Horas de trabajo","COND","Estadísticas de Salarios y Tiempo de Trabajo (COND)"
"HOW_TEMP_SEX_OCU_EDU_NB_Q","HOW_TEMP_SEX_OCU_EDU_NB","Promedio de horas efectivamente trabajadas por semana por persona ocupada según sexo, ocupación y educación","Q","Trimestral","HOW_TEMP_NB","Promedio de horas efectivamente trabajadas por semana por persona ocupada","SEX_OCU_EDU","sexo, ocupación, educación",1992,2026,"02/10/2026 07:01:11",973259,1046020,92,,"HOW","Horas de trabajo","COND","Estadísticas de Salarios y Tiempo de Trabajo (COND)"
"HOW_TEMP_SEX_OCU_GEO_NB_A","HOW_TEMP_SEX_OCU_GEO_NB","Promedio de horas efectivamente trabajadas por semana por persona ocupada según sexo, ocupación y zonas rurales / urbanas","A","Anual","HOW_TEMP_NB","Promedio de horas efectivamente trabajadas por semana por persona ocupada","SEX_OCU_GEO","sexo, ocupación, zonas rurales/urbanes",1992,2025,"02/10/2026 07:00:09",237431,245808,127,,"HOW","Horas de trabajo","COND","Estadísticas de Salarios y Tiempo de Trabajo (COND)"
"HOW_TEMP_SEX_OCU_MTS_NB_A","HOW_TEMP_SEX_OCU_MTS_NB","Promedio de horas efectivamente trabajadas por semana por persona ocupada según sexo, ocupación y estado civil","A","Anual","HOW_TEMP_NB","Promedio de horas efectivamente trabajadas por semana por persona ocupada","SEX_OCU_MTS","sexo, ocupación, estado civil",1991,2025,"02/10/2026 07:00:09",548914,607714,147,,"HOW","Horas de trabajo","COND","Estadísticas de Salarios y Tiempo de Trabajo (COND)"
"HOW_TEMP_SEX_OCU_MTS_NB_Q","HOW_TEMP_SEX_OCU_MTS_NB","Promedio de horas efectivamente trabajadas por semana por persona ocupada según sexo, ocupación y estado civil","Q","Trimestral","HOW_TEMP_NB","Promedio de horas efectivamente trabajadas por semana por persona ocupada","SEX_OCU_MTS","sexo, ocupación, estado civil",1993,2026,"02/10/2026 07:01:11",149435,149567,70,,"HOW","Horas de trabajo","COND","Estadísticas de Salarios y Tiempo de Trabajo (COND)"
"HOW_TEMP_SEX_OCU_DSB_NB_A","HOW_TEMP_SEX_OCU_DSB_NB","Promedio de horas efectivamente trabajadas por semana por persona ocupada según sexo, ocupación y situación en términos de discapacidad","A","Anual","HOW_TEMP_NB","Promedio de horas efectivamente trabajadas por semana por persona ocupada","SEX_OCU_DSB","sexo, ocupación, situación en términos de discapacidad",1997,2025,"24/09/2026 07:00:10",12159,12460,74,,"HOW","Horas de trabajo","COND","Estadísticas de Salarios y Tiempo de Trabajo (COND)"
"HOW_TEMP_SEX_OCU_INS_NB_A","HOW_TEMP_SEX_OCU_INS_NB","Promedio de horas efectivamente trabajadas por semana por persona ocupada según sexo, ocupación y sector público/privado","A","Anual","HOW_TEMP_NB","Promedio de horas efectivamente trabajadas por semana por persona ocupada","SEX_OCU_INS","sexo, ocupación, sector público/privado",1991,2025,"02/10/2026 07:00:09",156757,168430,124,,"HOW","Horas de trabajo","COND","Estadísticas de Salarios y Tiempo de Trabajo (COND)"
"HOW_TEMP_SEX_OCU_INS_NB_Q","HOW_TEMP_SEX_OCU_INS_NB","Promedio de horas efectivamente trabajadas por semana por persona ocupada según sexo, ocupación y sector público/privado","Q","Trimestral","HOW_TEMP_NB","Promedio de horas efectivamente trabajadas por semana por persona ocupada","SEX_OCU_INS","sexo, ocupación, sector público/privado",1993,2026,"02/10/2026 07:01:11",402237,405125,67,,"HOW","Horas de trabajo","COND","Estadísticas de Salarios y Tiempo de Trabajo (COND)"
"HOW_TEMP_SEX_OCU_EST_NB_A","HOW_TEMP_SEX_OCU_EST_NB","Promedio de horas efectivamente trabajadas por semana por persona ocupada según sexo, ocupación y tamaño del establecimiento","A","Anual","HOW_TEMP_NB","Promedio de horas efectivamente trabajadas por semana por persona ocupada","SEX_OCU_EST","sexo, ocupación, tamaño del establecimiento",1991,2025,"02/10/2026 07:00:09",236272,255490,98,,"HOW","Horas de trabajo","COND","Estadísticas de Salarios y Tiempo de Trabajo (COND)"
"HOW_TEMP_SEX_OCU_EST_NB_Q","HOW_TEMP_SEX_OCU_EST_NB","Promedio de horas efectivamente trabajadas por semana por persona ocupada según sexo, ocupación y tamaño del establecimiento","Q","Trimestral","HOW_TEMP_NB","Promedio de horas efectivamente trabajadas por semana por persona ocupada","SEX_OCU_EST","sexo, ocupación, tamaño del establecimiento",1993,2026,"02/10/2026 07:01:11",139139,139603,55,,"HOW","Horas de trabajo","COND","Estadísticas de Salarios y Tiempo de Trabajo (COND)"
"HOW_TEMP_SEX_OC2_NB_A","HOW_TEMP_SEX_OC2_NB","Promedio de horas efectivamente trabajadas por semana por persona ocupada según sexo y ocupación - nivel 2 de la CIUO","A","Anual","HOW_TEMP_NB","Promedio de horas efectivamente trabajadas por semana por persona ocupada","SEX_OC2","sexo, ocupación - nivel 2 de la ciuo",1992,2025,"02/10/2026 07:00:09",194406,204661,142,,"HOW","Horas de trabajo","COND","Estadísticas de Salarios y Tiempo de Trabajo (COND)"
"HOW_TEMP_AGE_OC2_NB_A","HOW_TEMP_AGE_OC2_NB","Promedio de horas efectivamente trabajadas por semana por persona ocupada según edad y ocupación - nivel 2 de la CIUO","A","Anual","HOW_TEMP_NB","Promedio de horas efectivamente trabajadas por semana por persona ocupada","AGE_OC2","edad, ocupación - nivel 2 de la ciuo",1992,2025,"02/10/2026 07:00:09",188073,198134,142,,"HOW","Horas de trabajo","COND","Estadísticas de Salarios y Tiempo de Trabajo (COND)"
"HOW_TEMP_SEX_INS_NB_A","HOW_TEMP_SEX_INS_NB","Promedio de horas efectivamente trabajadas por semana por persona ocupada según sexo y sector público/privado","A","Anual","HOW_TEMP_NB","Promedio de horas efectivamente trabajadas por semana por persona ocupada","SEX_INS","sexo, sector público/privado",1976,2025,"02/10/2026 07:00:09",11291,12117,132,,"HOW","Horas de trabajo","COND","Estadísticas de Salarios y Tiempo de Trabajo (COND)"
"HOW_TEMP_SEX_INS_NB_Q","HOW_TEMP_SEX_INS_NB","Promedio de horas efectivamente trabajadas por semana por persona ocupada según sexo y sector público/privado","Q","Trimestral","HOW_TEMP_NB","Promedio de horas efectivamente trabajadas por semana por persona ocupada","SEX_INS","sexo, sector público/privado",1976,2026,"02/10/2026 07:01:11",29346,29535,69,,"HOW","Horas de trabajo","COND","Estadísticas de Salarios y Tiempo de Trabajo (COND)"
"HOW_TEMP_SEX_INS_GEO_NB_A","HOW_TEMP_SEX_INS_GEO_NB","Promedio de horas efectivamente trabajadas por semana por persona ocupada según sexo, sector público/privado y zonas rurales / urbanes","A","Anual","HOW_TEMP_NB","Promedio de horas efectivamente trabajadas por semana por persona ocupada","SEX_INS_GEO","sexo, sector público/privado, zonas rurales/urbanes",1987,2025,"02/10/2026 07:00:09",23062,24965,100,,"HOW","Horas de trabajo","COND","Estadísticas de Salarios y Tiempo de Trabajo (COND)"
"HOW_TEMP_SEX_INS_GEO_NB_Q","HOW_TEMP_SEX_INS_GEO_NB","Promedio de horas efectivamente trabajadas por semana por persona ocupada según sexo, sector público/privado y zonas rurales / urbanes","Q","Trimestral","HOW_TEMP_NB","Promedio de horas efectivamente trabajadas por semana por persona ocupada","SEX_INS_GEO","sexo, sector público/privado, zonas rurales/urbanes",1987,2026,"02/10/2026 07:01:11",54061,54547,53,,"HOW","Horas de trabajo","COND","Estadísticas de Salarios y Tiempo de Trabajo (COND)"
"HOW_TEMP_SEX_INS_MTS_NB_A","HOW_TEMP_SEX_INS_MTS_NB","Promedio de horas efectivamente trabajadas por semana por persona ocupada según sexo, sector público/privado y estado civil","A","Anual","HOW_TEMP_NB","Promedio de horas efectivamente trabajadas por semana por persona ocupada","SEX_INS_MTS","sexo, sector público/privado, estado civil",1987,2025,"02/10/2026 07:00:09",88718,95476,126,,"HOW","Horas de trabajo","COND","Estadísticas de Salarios y Tiempo de Trabajo (COND)"
"HOW_TEMP_SEX_INS_MTS_NB_Q","HOW_TEMP_SEX_INS_MTS_NB","Promedio de horas efectivamente trabajadas por semana por persona ocupada según sexo, sector público/privado y estado civil","Q","Trimestral","HOW_TEMP_NB","Promedio de horas efectivamente trabajadas por semana por persona ocupada","SEX_INS_MTS","sexo, sector público/privado, estado civil",1987,2026,"02/10/2026 07:01:11",81985,82066,65,,"HOW","Horas de trabajo","COND","Estadísticas de Salarios y Tiempo de Trabajo (COND)"
"HOW_TEMP_SEX_INS_DSB_NB_A","HOW_TEMP_SEX_INS_DSB_NB","Promedio de horas efectivamente trabajadas por semana por persona ocupada según sexo, sector público/privado y situación en términos de discapacidad","A","Anual","HOW_TEMP_NB","Promedio de horas efectivamente trabajadas por semana por persona ocupada","SEX_INS_DSB","sexo, sector público/privado, situación en términos de discapacidad",1997,2025,"24/09/2026 07:00:10",8103,8451,76,,"HOW","Horas de trabajo","COND","Estadísticas de Salarios y Tiempo de Trabajo (COND)"
"HOW_TEMP_SEX_INS_DSB_NB_Q","HOW_TEMP_SEX_INS_DSB_NB","Promedio de horas efectivamente trabajadas por semana por persona ocupada según sexo, sector público/privado y situación en términos de discapacidad","Q","Trimestral","HOW_TEMP_NB","Promedio de horas efectivamente trabajadas por semana por persona ocupada","SEX_INS_DSB","sexo, sector público/privado, situación en términos de discapacidad",1998,2026,"16/09/2026 07:11:38",15054,15162,26,,"HOW","Horas de trabajo","COND","Estadísticas de Salarios y Tiempo de Trabajo (COND)"
"HOW_TEMP_SEX_EST_NB_A","HOW_TEMP_SEX_EST_NB","Promedio de horas efectivamente trabajadas por semana por persona ocupada según sexo y tamaño del establecimiento","A","Anual","HOW_TEMP_NB","Promedio de horas efectivamente trabajadas por semana por persona ocupada","SEX_EST","sexo, tamaño del establecimiento",1990,2025,"02/10/2026 07:00:09",26641,28683,105,,"HOW","Horas de trabajo","COND","Estadísticas de Salarios y Tiempo de Trabajo (COND)"
"HOW_TEMP_SEX_EST_NB_Q","HOW_TEMP_SEX_EST_NB","Promedio de horas efectivamente trabajadas por semana por persona ocupada según sexo y tamaño del establecimiento","Q","Trimestral","HOW_TEMP_NB","Promedio de horas efectivamente trabajadas por semana por persona ocupada","SEX_EST","sexo, tamaño del establecimiento",1992,2026,"02/10/2026 07:01:11",66999,67272,56,,"HOW","Horas de trabajo","COND","Estadísticas de Salarios y Tiempo de Trabajo (COND)"
"HOW_TEMP_SEX_EST_NB_M","HOW_TEMP_SEX_EST_NB","Promedio de horas efectivamente trabajadas por semana por persona ocupada según sexo y tamaño del establecimiento","M","Mensual","HOW_TEMP_NB","Promedio de horas efectivamente trabajadas por semana por persona ocupada","SEX_EST","sexo, tamaño del establecimiento",2007,2026,"16/09/2026 07:05:10",11865,11865,8,,"HOW","Horas de trabajo","COND","Estadísticas de Salarios y Tiempo de Trabajo (COND)"
"HOW_TEMP_SEX_EST_GEO_NB_A","HOW_TEMP_SEX_EST_GEO_NB","Promedio de horas efectivamente trabajadas por semana por persona ocupada según sexo, tamaño del establecimiento y zonas rurales / urbanes","A","Anual","HOW_TEMP_NB","Promedio de horas efectivamente trabajadas por semana por persona ocupada","SEX_EST_GEO","sexo, tamaño del establecimiento, zonas rurales/urbanes",1990,2025,"02/10/2026 07:00:09",61497,66229,86,,"HOW","Horas de trabajo","COND","Estadísticas de Salarios y Tiempo de Trabajo (COND)"
"HOW_TEMP_SEX_EST_GEO_NB_Q","HOW_TEMP_SEX_EST_GEO_NB","Promedio de horas efectivamente trabajadas por semana por persona ocupada según sexo, tamaño del establecimiento y zonas rurales / urbanes","Q","Trimestral","HOW_TEMP_NB","Promedio de horas efectivamente trabajadas por semana por persona ocupada","SEX_EST_GEO","sexo, tamaño del establecimiento, zonas rurales/urbanes",1992,2026,"02/10/2026 07:01:11",141566,142034,45,,"HOW","Horas de trabajo","COND","Estadísticas de Salarios y Tiempo de Trabajo (COND)"
"HOW_TEMP_SEX_EST_MTS_NB_A","HOW_TEMP_SEX_EST_MTS_NB","Promedio de horas efectivamente trabajadas por semana por persona ocupada según sexo, tamaño del establecimiento y estado civil","A","Anual","HOW_TEMP_NB","Promedio de horas efectivamente trabajadas por semana por persona ocupada","SEX_EST_MTS","sexo, tamaño del establecimiento, estado civil",1990,2025,"02/10/2026 07:00:09",212380,229982,100,,"HOW","Horas de trabajo","COND","Estadísticas de Salarios y Tiempo de Trabajo (COND)"
"HOW_TEMP_SEX_EST_MTS_NB_Q","HOW_TEMP_SEX_EST_MTS_NB","Promedio de horas efectivamente trabajadas por semana por persona ocupada según sexo, tamaño del establecimiento y estado civil","Q","Trimestral","HOW_TEMP_NB","Promedio de horas efectivamente trabajadas por semana por persona ocupada","SEX_EST_MTS","sexo, tamaño del establecimiento, estado civil",1992,2026,"02/10/2026 07:01:11",185087,185438,52,,"HOW","Horas de trabajo","COND","Estadísticas de Salarios y Tiempo de Trabajo (COND)"
"HOW_TEMP_SEX_EST_DSB_NB_A","HOW_TEMP_SEX_EST_DSB_NB","Promedio de horas efectivamente trabajadas por semana por persona ocupada según sexo, tamaño del establecimiento y situación en términos de discapacidad","A","Anual","HOW_TEMP_NB","Promedio de horas efectivamente trabajadas por semana por persona ocupada","SEX_EST_DSB","sexo, tamaño del establecimiento, situación en términos de discapacidad",2000,2025,"24/09/2026 07:00:10",7059,7167,55,,"HOW","Horas de trabajo","COND","Estadísticas de Salarios y Tiempo de Trabajo (COND)"
"HOW_TEMP_SEX_EST_DSB_NB_Q","HOW_TEMP_SEX_EST_DSB_NB","Promedio de horas efectivamente trabajadas por semana por persona ocupada según sexo, tamaño del establecimiento y situación en términos de discapacidad","Q","Trimestral","HOW_TEMP_NB","Promedio de horas efectivamente trabajadas por semana por persona ocupada","SEX_EST_DSB","sexo, tamaño del establecimiento, situación en términos de discapacidad",2014,2026,"16/09/2026 07:11:38",11496,11675,21,,"HOW","Horas de trabajo","COND","Estadísticas de Salarios y Tiempo de Trabajo (COND)"
"HOW_UEMP_SEX_NB_A","HOW_UEMP_SEX_NB","Promedio de horas habitualmente trabajadas por semana por persona ocupada según sexo","A","Anual","HOW_UEMP_NB","Promedio de horas habitualmente trabajadas por semana por persona ocupada","SEX","sexo",1976,2025,"02/10/2026 07:00:09",6057,8618,158,,"HOW","Horas de trabajo","COND","Estadísticas de Salarios y Tiempo de Trabajo (COND)"
"HOW_XEES_SEX_NB_A","HOW_XEES_SEX_NB","Promedio de horas efectivamente trabajadas por semana por asalariado según sexo","A","Anual","HOW_XEES_NB","Promedio de horas efectivamente trabajadas por semana por asalariado","SEX","sexo",1976,2025,"02/10/2026 07:00:09",6643,7252,161,,"HOW","Horas de trabajo","COND","Estadísticas de Salarios y Tiempo de Trabajo (COND)"
"HOW_XEES_SEX_NB_Q","HOW_XEES_SEX_NB","Promedio de horas efectivamente trabajadas por semana por asalariado según sexo","Q","Trimestral","HOW_XEES_NB","Promedio de horas efectivamente trabajadas por semana por asalariado","SEX","sexo",1976,2026,"02/10/2026 07:01:11",18798,20223,96,,"HOW","Horas de trabajo","COND","Estadísticas de Salarios y Tiempo de Trabajo (COND)"
"HOW_XEES_SEX_NB_M","HOW_XEES_SEX_NB","Promedio de horas efectivamente trabajadas por semana por asalariado según sexo","M","Mensual","HOW_XEES_NB","Promedio de horas efectivamente trabajadas por semana por asalariado","SEX","sexo",1976,2026,"16/09/2026 07:05:10",8830,8956,17,,"HOW","Horas de trabajo","COND","Estadísticas de Salarios y Tiempo de Trabajo (COND)"
"HOW_XEES_SEX_AGE_NB_A","HOW_XEES_SEX_AGE_NB","Promedio de horas efectivamente trabajadas por semana por asalariado según sexo y edad","A","Anual","HOW_XEES_NB","Promedio de horas efectivamente trabajadas por semana por asalariado","SEX_AGE","sexo, edad",1976,2025,"02/10/2026 07:00:09",99323,108458,161,,"HOW","Horas de trabajo","COND","Estadísticas de Salarios y Tiempo de Trabajo (COND)"
"HOW_XEES_SEX_AGE_NB_Q","HOW_XEES_SEX_AGE_NB","Promedio de horas efectivamente trabajadas por semana por asalariado según sexo y edad","Q","Trimestral","HOW_XEES_NB","Promedio de horas efectivamente trabajadas por semana por asalariado","SEX_AGE","sexo, edad",1976,2026,"02/10/2026 07:01:11",281550,302925,96,,"HOW","Horas de trabajo","COND","Estadísticas de Salarios y Tiempo de Trabajo (COND)"
"HOW_XEES_SEX_AGE_NB_M","HOW_XEES_SEX_AGE_NB","Promedio de horas efectivamente trabajadas por semana por asalariado según sexo y edad","M","Mensual","HOW_XEES_NB","Promedio de horas efectivamente trabajadas por semana por asalariado","SEX_AGE","sexo, edad",1976,2026,"16/09/2026 07:05:10",68180,69188,17,,"HOW","Horas de trabajo","COND","Estadísticas de Salarios y Tiempo de Trabajo (COND)"
"HOW_XEES_SEX_AGE_ECO_NB_A","HOW_XEES_SEX_AGE_ECO_NB","Promedio de horas efectivamente trabajadas por semana por asalariado según sexo, edad y actividad económica","A","Anual","HOW_XEES_NB","Promedio de horas efectivamente trabajadas por semana por asalariado","SEX_AGE_ECO","sexo, edad, actividad económica",1976,2025,"02/10/2026 07:00:09",2058233,2225261,160,,"HOW","Horas de trabajo","COND","Estadísticas de Salarios y Tiempo de Trabajo (COND)"
"HOW_XEES_SEX_AGE_ECO_NB_Q","HOW_XEES_SEX_AGE_ECO_NB","Promedio de horas efectivamente trabajadas por semana por asalariado según sexo, edad y actividad económica","Q","Trimestral","HOW_XEES_NB","Promedio de horas efectivamente trabajadas por semana por asalariado","SEX_AGE_ECO","sexo, edad, actividad económica",1976,2026,"02/10/2026 07:01:11",1794932,1904634,95,,"HOW","Horas de trabajo","COND","Estadísticas de Salarios y Tiempo de Trabajo (COND)"
"HOW_XEES_SEX_AGE_OCU_NB_A","HOW_XEES_SEX_AGE_OCU_NB","Promedio de horas efectivamente trabajadas por semana por asalariado según sexo, edad y ocupación","A","Anual","HOW_XEES_NB","Promedio de horas efectivamente trabajadas por semana por asalariado","SEX_AGE_OCU","sexo, edad, ocupación",1991,2025,"02/10/2026 07:00:09",922241,1012403,153,,"HOW","Horas de trabajo","COND","Estadísticas de Salarios y Tiempo de Trabajo (COND)"
"HOW_XEES_SEX_AGE_OCU_NB_Q","HOW_XEES_SEX_AGE_OCU_NB","Promedio de horas efectivamente trabajadas por semana por asalariado según sexo, edad y ocupación","Q","Trimestral","HOW_XEES_NB","Promedio de horas efectivamente trabajadas por semana por asalariado","SEX_AGE_OCU","sexo, edad, ocupación",1992,2026,"02/10/2026 07:01:11",1218584,1319248,94,,"HOW","Horas de trabajo","COND","Estadísticas de Salarios y Tiempo de Trabajo (COND)"
"HOW_XEES_SEX_AGE_INS_NB_A","HOW_XEES_SEX_AGE_INS_NB","Promedio de horas efectivamente trabajadas por semana por asalariado según sexo, edad y sector público/privado","A","Anual","HOW_XEES_NB","Promedio de horas efectivamente trabajadas por semana por asalariado","SEX_AGE_INS","sexo, edad, sector público/privado",1976,2025,"02/10/2026 07:00:09",167114,178960,132,,"HOW","Horas de trabajo","COND","Estadísticas de Salarios y Tiempo de Trabajo (COND)"
"HOW_XEES_SEX_AGE_INS_NB_Q","HOW_XEES_SEX_AGE_INS_NB","Promedio de horas efectivamente trabajadas por semana por asalariado según sexo, edad y sector público/privado","Q","Trimestral","HOW_XEES_NB","Promedio de horas efectivamente trabajadas por semana por asalariado","SEX_AGE_INS","sexo, edad, sector público/privado",1976,2026,"02/10/2026 07:01:11",232184,233696,69,,"HOW","Horas de trabajo","COND","Estadísticas de Salarios y Tiempo de Trabajo (COND)"
"HOW_XEES_SEX_AGE_JBC_NB_A","HOW_XEES_SEX_AGE_JBC_NB","Promedio de horas efectivamente trabajadas por semana por asalariado según sexo, edad y tipo de contrato","A","Anual","HOW_XEES_NB","Promedio de horas efectivamente trabajadas por semana por asalariado","SEX_AGE_JBC","sexo, edad, tipo de contrato de trabajo",1983,2025,"02/10/2026 07:00:09",283127,312002,139,,"HOW","Horas de trabajo","COND","Estadísticas de Salarios y Tiempo de Trabajo (COND)"
"HOW_XEES_SEX_AGE_JBC_NB_Q","HOW_XEES_SEX_AGE_JBC_NB","Promedio de horas efectivamente trabajadas por semana por asalariado según sexo, edad y tipo de contrato","Q","Trimestral","HOW_XEES_NB","Promedio de horas efectivamente trabajadas por semana por asalariado","SEX_AGE_JBC","sexo, edad, tipo de contrato de trabajo",1983,2026,"02/10/2026 07:01:11",827592,901292,89,,"HOW","Horas de trabajo","COND","Estadísticas de Salarios y Tiempo de Trabajo (COND)"
"HOW_XEES_SEX_AGE_JBC_NB_M","HOW_XEES_SEX_AGE_JBC_NB","Promedio de horas efectivamente trabajadas por semana por asalariado según sexo, edad y tipo de contrato","M","Mensual","HOW_XEES_NB","Promedio de horas efectivamente trabajadas por semana por asalariado","SEX_AGE_JBC","sexo, edad, tipo de contrato de trabajo",1996,2026,"16/09/2026 07:05:10",49765,49765,12,,"HOW","Horas de trabajo","COND","Estadísticas de Salarios y Tiempo de Trabajo (COND)"
"HOW_XEES_SEX_EDU_NB_A","HOW_XEES_SEX_EDU_NB","Promedio de horas efectivamente trabajadas por semana por asalariado según sexo y educación","A","Anual","HOW_XEES_NB","Promedio de horas efectivamente trabajadas por semana por asalariado","SEX_EDU","sexo, educación",1987,2025,"02/10/2026 07:00:09",78081,85272,159,,"HOW","Horas de trabajo","COND","Estadísticas de Salarios y Tiempo de Trabajo (COND)"
"HOW_XEES_SEX_EDU_NB_Q","HOW_XEES_SEX_EDU_NB","Promedio de horas efectivamente trabajadas por semana por asalariado según sexo y educación","Q","Trimestral","HOW_XEES_NB","Promedio de horas efectivamente trabajadas por semana por asalariado","SEX_EDU","sexo, educación",1987,2026,"02/10/2026 07:01:11",229053,244946,94,,"HOW","Horas de trabajo","COND","Estadísticas de Salarios y Tiempo de Trabajo (COND)"
"HOW_XEES_SEX_GEO_NB_A","HOW_XEES_SEX_GEO_NB","Promedio de horas efectivamente trabajadas por semana por asalariado según sexo y zonas rurales / urbanes","A","Anual","HOW_XEES_NB","Promedio de horas efectivamente trabajadas por semana por asalariado","SEX_GEO","sexo, zonas rurales/urbanes",1987,2025,"02/10/2026 07:00:09",14874,15450,130,,"HOW","Horas de trabajo","COND","Estadísticas de Salarios y Tiempo de Trabajo (COND)"
"HOW_XEES_SEX_GEO_NB_Q","HOW_XEES_SEX_GEO_NB","Promedio de horas efectivamente trabajadas por semana por asalariado según sexo y zonas rurales / urbanes","Q","Trimestral","HOW_XEES_NB","Promedio de horas efectivamente trabajadas por semana por asalariado","SEX_GEO","sexo, zonas rurales/urbanes",1987,2026,"02/10/2026 07:01:11",42504,42666,82,,"HOW","Horas de trabajo","COND","Estadísticas de Salarios y Tiempo de Trabajo (COND)"
"HOW_XEES_SEX_DSB_NB_A","HOW_XEES_SEX_DSB_NB","Promedio de horas efectivamente trabajadas por semana por asalariado según sexo y situación en términos de discapacidad","A","Anual","HOW_XEES_NB","Promedio de horas efectivamente trabajadas por semana por asalariado","SEX_DSB","sexo, situación en términos de discapacidad",1997,2025,"24/09/2026 07:00:10",2723,2831,77,,"HOW","Horas de trabajo","COND","Estadísticas de Salarios y Tiempo de Trabajo (COND)"
"HOW_XEES_SEX_DSB_NB_Q","HOW_XEES_SEX_DSB_NB","Promedio de horas efectivamente trabajadas por semana por asalariado según sexo y situación en términos de discapacidad","Q","Trimestral","HOW_XEES_NB","Promedio de horas efectivamente trabajadas por semana por asalariado","SEX_DSB","sexo, situación en términos de discapacidad",1998,2026,"16/09/2026 07:11:38",5115,5151,26,,"HOW","Horas de trabajo","COND","Estadísticas de Salarios y Tiempo de Trabajo (COND)"
"HOW_XEES_SEX_MTS_NB_A","HOW_XEES_SEX_MTS_NB","Promedio de horas efectivamente trabajadas por semana por asalariado según sexo y estado civil","A","Anual","HOW_XEES_NB","Promedio de horas efectivamente trabajadas por semana por asalariado","SEX_MTS","sexo, estado civil",1987,2025,"02/10/2026 07:00:09",34928,37065,135,,"HOW","Horas de trabajo","COND","Estadísticas de Salarios y Tiempo de Trabajo (COND)"
"HOW_XEES_SEX_MTS_NB_Q","HOW_XEES_SEX_MTS_NB","Promedio de horas efectivamente trabajadas por semana por asalariado según sexo y estado civil","Q","Trimestral","HOW_XEES_NB","Promedio de horas efectivamente trabajadas por semana por asalariado","SEX_MTS","sexo, estado civil",1987,2026,"02/10/2026 07:01:11",33754,33781,72,,"HOW","Horas de trabajo","COND","Estadísticas de Salarios y Tiempo de Trabajo (COND)"
"HOW_XEES_SEX_CCT_NB_A","HOW_XEES_SEX_CCT_NB","Promedio de horas efectivamente trabajadas por semana por asalariado según sexo y ciudadania","A","Anual","HOW_XEES_NB","Promedio de horas efectivamente trabajadas por semana por asalariado","SEX_CCT","sexo, ciudadania",1991,2025,"24/09/2026 07:07:04",12378,13467,112,,"MST","Stock internacional de migrantes","ILMS","Estadísticas de Migración Laboral Internacional (ILMS)"
"HOW_XEES_SEX_CBR_NB_A","HOW_XEES_SEX_CBR_NB","Promedio de horas efectivamente trabajadas por semana por asalariado según sexo y lugar de nacimiento","A","Anual","HOW_XEES_NB","Promedio de horas efectivamente trabajadas por semana por asalariado","SEX_CBR","sexo, lugar de nacimiento",1987,2025,"16/09/2026 08:09:13",13031,14004,123,,"MST","Stock internacional de migrantes","ILMS","Estadísticas de Migración Laboral Internacional (ILMS)"
"HOW_XEES_SEX_ECO_NB_A","HOW_XEES_SEX_ECO_NB","Promedio de horas efectivamente trabajadas por semana por asalariado según sexo y actividad económica","A","Anual","HOW_XEES_NB","Promedio de horas efectivamente trabajadas por semana por asalariado","SEX_ECO","sexo, actividad económica",1969,2025,"02/10/2026 07:00:09",235555,262459,190,,"HOW","Horas de trabajo","COND","Estadísticas de Salarios y Tiempo de Trabajo (COND)"
"HOW_XEES_SEX_ECO_NB_Q","HOW_XEES_SEX_ECO_NB","Promedio de horas efectivamente trabajadas por semana por asalariado según sexo y actividad económica","Q","Trimestral","HOW_XEES_NB","Promedio de horas efectivamente trabajadas por semana por asalariado","SEX_ECO","sexo, actividad económica",1976,2026,"02/10/2026 07:01:11",612282,644146,97,,"HOW","Horas de trabajo","COND","Estadísticas de Salarios y Tiempo de Trabajo (COND)"
"HOW_XEES_SEX_ECO_NB_M","HOW_XEES_SEX_ECO_NB","Promedio de horas efectivamente trabajadas por semana por asalariado según sexo y actividad económica","M","Mensual","HOW_XEES_NB","Promedio de horas efectivamente trabajadas por semana por asalariado","SEX_ECO","sexo, actividad económica",1976,2026,"20/09/2026 07:23:03",109984,112428,29,,"HOW","Horas de trabajo","COND","Estadísticas de Salarios y Tiempo de Trabajo (COND)"
"HOW_XEES_SEX_ECO_EDU_NB_A","HOW_XEES_SEX_ECO_EDU_NB","Promedio de horas efectivamente trabajadas por semana por asalariado según sexo, actividad económica y educación","A","Anual","HOW_XEES_NB","Promedio de horas efectivamente trabajadas por semana por asalariado","SEX_ECO_EDU","sexo, actividad económica, educación",1990,2025,"02/10/2026 07:00:09",2190671,2373323,158,,"HOW","Horas de trabajo","COND","Estadísticas de Salarios y Tiempo de Trabajo (COND)"
"HOW_XEES_SEX_ECO_EDU_NB_Q","HOW_XEES_SEX_ECO_EDU_NB","Promedio de horas efectivamente trabajadas por semana por asalariado según sexo, actividad económica y educación","Q","Trimestral","HOW_XEES_NB","Promedio de horas efectivamente trabajadas por semana por asalariado","SEX_ECO_EDU","sexo, actividad económica, educación",1990,2026,"02/10/2026 07:01:11",4214935,4436898,93,,"HOW","Horas de trabajo","COND","Estadísticas de Salarios y Tiempo de Trabajo (COND)"
"HOW_XEES_SEX_ECO_GEO_NB_A","HOW_XEES_SEX_ECO_GEO_NB","Promedio de horas efectivamente trabajadas por semana por asalariado según sexo, actividad económica y zonas rurales / urbanes","A","Anual","HOW_XEES_NB","Promedio de horas efectivamente trabajadas por semana por asalariado","SEX_ECO_GEO","sexo, actividad económica, zonas rurales/urbanes",1990,2025,"02/10/2026 07:00:09",191874,199253,132,,"HOW","Horas de trabajo","COND","Estadísticas de Salarios y Tiempo de Trabajo (COND)"
"HOW_XEES_SEX_ECO_MTS_NB_A","HOW_XEES_SEX_ECO_MTS_NB","Promedio de horas efectivamente trabajadas por semana por asalariado según sexo, actividad económica y estado civil","A","Anual","HOW_XEES_NB","Promedio de horas efectivamente trabajadas por semana por asalariado","SEX_ECO_MTS","sexo, actividad económica, estado civil",1990,2025,"02/10/2026 07:00:09",457714,500170,153,,"HOW","Horas de trabajo","COND","Estadísticas de Salarios y Tiempo de Trabajo (COND)"
"HOW_XEES_SEX_ECO_MTS_NB_Q","HOW_XEES_SEX_ECO_MTS_NB","Promedio de horas efectivamente trabajadas por semana por asalariado según sexo, actividad económica y estado civil","Q","Trimestral","HOW_XEES_NB","Promedio de horas efectivamente trabajadas por semana por asalariado","SEX_ECO_MTS","sexo, actividad económica, estado civil",1993,2026,"02/10/2026 07:01:11",392047,392332,70,,"HOW","Horas de trabajo","COND","Estadísticas de Salarios y Tiempo de Trabajo (COND)"
"HOW_XEES_SEX_ECO_DSB_NB_A","HOW_XEES_SEX_ECO_DSB_NB","Promedio de horas efectivamente trabajadas por semana por asalariado según sexo, actividad económica y situación en términos de discapacidad","A","Anual","HOW_XEES_NB","Promedio de horas efectivamente trabajadas por semana por asalariado","SEX_ECO_DSB","sexo, actividad económica, situación en términos de discapacidad",1997,2025,"24/09/2026 07:00:10",32490,33840,74,,"HOW","Horas de trabajo","COND","Estadísticas de Salarios y Tiempo de Trabajo (COND)"
"HOW_XEES_ECO_OCU_NB_A","HOW_XEES_ECO_OCU_NB","Promedio de horas efectivamente trabajadas por semana por asalariado según actividad económica y ocupación","A","Anual","HOW_XEES_NB","Promedio de horas efectivamente trabajadas por semana por asalariado","ECO_OCU","actividad económica, ocupación",1991,2025,"02/10/2026 07:00:09",899704,968098,151,,"HOW","Horas de trabajo","COND","Estadísticas de Salarios y Tiempo de Trabajo (COND)"
"HOW_XEES_ECO_OCU_NB_Q","HOW_XEES_ECO_OCU_NB","Promedio de horas efectivamente trabajadas por semana por asalariado según actividad económica y ocupación","Q","Trimestral","HOW_XEES_NB","Promedio de horas efectivamente trabajadas por semana por asalariado","ECO_OCU","actividad económica, ocupación",1992,2026,"02/10/2026 07:01:11",1078626,1145556,93,,"HOW","Horas de trabajo","COND","Estadísticas de Salarios y Tiempo de Trabajo (COND)"
"HOW_XEES_SEX_ECO_INS_NB_A","HOW_XEES_SEX_ECO_INS_NB","Promedio de horas efectivamente trabajadas por semana por asalariado según sexo, actividad económica y sector público/privado","A","Anual","HOW_XEES_NB","Promedio de horas efectivamente trabajadas por semana por asalariado","SEX_ECO_INS","sexo, actividad económica, sector público/privado",1976,2025,"02/10/2026 07:00:09",324974,348481,130,,"HOW","Horas de trabajo","COND","Estadísticas de Salarios y Tiempo de Trabajo (COND)"
"HOW_XEES_SEX_ECO_INS_NB_Q","HOW_XEES_SEX_ECO_INS_NB","Promedio de horas efectivamente trabajadas por semana por asalariado según sexo, actividad económica y sector público/privado","Q","Trimestral","HOW_XEES_NB","Promedio de horas efectivamente trabajadas por semana por asalariado","SEX_ECO_INS","sexo, actividad económica, sector público/privado",1976,2026,"02/10/2026 07:01:11",349367,351562,68,,"HOW","Horas de trabajo","COND","Estadísticas de Salarios y Tiempo de Trabajo (COND)"
"HOW_XEES_SEX_ECO_INS_NB_M","HOW_XEES_SEX_ECO_INS_NB","Promedio de horas efectivamente trabajadas por semana por asalariado según sexo, actividad económica y sector público/privado","M","Mensual","HOW_XEES_NB","Promedio de horas efectivamente trabajadas por semana por asalariado","SEX_ECO_INS","sexo, actividad económica, sector público/privado",1976,2026,"16/09/2026 07:05:10",94700,96474,13,,"HOW","Horas de trabajo","COND","Estadísticas de Salarios y Tiempo de Trabajo (COND)"
"HOW_XEES_SEX_ECO_EST_NB_A","HOW_XEES_SEX_ECO_EST_NB","Promedio de horas efectivamente trabajadas por semana por asalariado según sexo, actividad económica y tamaño del establecimiento","A","Anual","HOW_XEES_NB","Promedio de horas efectivamente trabajadas por semana por asalariado","SEX_ECO_EST","sexo, actividad económica, tamaño del establecimiento",1990,2025,"02/10/2026 07:00:09",523372,564985,102,,"HOW","Horas de trabajo","COND","Estadísticas de Salarios y Tiempo de Trabajo (COND)"
"HOW_XEES_SEX_ECO_EST_NB_Q","HOW_XEES_SEX_ECO_EST_NB","Promedio de horas efectivamente trabajadas por semana por asalariado según sexo, actividad económica y tamaño del establecimiento","Q","Trimestral","HOW_XEES_NB","Promedio de horas efectivamente trabajadas por semana por asalariado","SEX_ECO_EST","sexo, actividad económica, tamaño del establecimiento",1993,2026,"02/10/2026 07:01:11",155821,156323,53,,"HOW","Horas de trabajo","COND","Estadísticas de Salarios y Tiempo de Trabajo (COND)"
"HOW_XEES_SEX_EC2_NB_A","HOW_XEES_SEX_EC2_NB","Promedio de horas efectivamente trabajadas por semana por asalariado según sexo y actividad económica - nivel 2 de la CIIU","A","Anual","HOW_XEES_NB","Promedio de horas efectivamente trabajadas por semana por asalariado","SEX_EC2","sexo, actividad económica - nivel 2 de la ciiu",1992,2025,"02/10/2026 07:00:09",385877,408538,148,,"HOW","Horas de trabajo","COND","Estadísticas de Salarios y Tiempo de Trabajo (COND)"
"HOW_XEES_AGE_EC2_NB_A","HOW_XEES_AGE_EC2_NB","Promedio de horas efectivamente trabajadas por semana por asalariado según edad y actividad económica - nivel 2 de la CIIU","A","Anual","HOW_XEES_NB","Promedio de horas efectivamente trabajadas por semana por asalariado","AGE_EC2","edad, actividad económica - nivel 2 de la ciiu",1993,2025,"02/10/2026 07:00:09",241065,248764,127,,"HOW","Horas de trabajo","COND","Estadísticas de Salarios y Tiempo de Trabajo (COND)"
"HOW_XEES_SEX_OCU_NB_A","HOW_XEES_SEX_OCU_NB","Promedio de horas efectivamente trabajadas por semana por asalariado según sexo y ocupación","A","Anual","HOW_XEES_NB","Promedio de horas efectivamente trabajadas por semana por asalariado","SEX_OCU","sexo, ocupación",1991,2025,"02/10/2026 07:00:09",102363,112253,171,,"HOW","Horas de trabajo","COND","Estadísticas de Salarios y Tiempo de Trabajo (COND)"
"HOW_XEES_SEX_OCU_NB_Q","HOW_XEES_SEX_OCU_NB","Promedio de horas efectivamente trabajadas por semana por asalariado según sexo y ocupación","Q","Trimestral","HOW_XEES_NB","Promedio de horas efectivamente trabajadas por semana por asalariado","SEX_OCU","sexo, ocupación",1992,2026,"02/10/2026 07:01:11",288228,311430,95,,"HOW","Horas de trabajo","COND","Estadísticas de Salarios y Tiempo de Trabajo (COND)"
"HOW_XEES_SEX_OCU_NB_M","HOW_XEES_SEX_OCU_NB","Promedio de horas efectivamente trabajadas por semana por asalariado según sexo y ocupación","M","Mensual","HOW_XEES_NB","Promedio de horas efectivamente trabajadas por semana por asalariado","SEX_OCU","sexo, ocupación",2000,2026,"16/09/2026 07:05:10",28321,28943,14,,"HOW","Horas de trabajo","COND","Estadísticas de Salarios y Tiempo de Trabajo (COND)"
"HOW_XEES_SEX_OCU_EDU_NB_A","HOW_XEES_SEX_OCU_EDU_NB","Promedio de horas efectivamente trabajadas por semana por asalariado según sexo, ocupación y educación","A","Anual","HOW_XEES_NB","Promedio de horas efectivamente trabajadas por semana por asalariado","SEX_OCU_EDU","sexo, ocupación, educación",1991,2025,"02/10/2026 07:00:09",1028991,1129168,152,,"HOW","Horas de trabajo","COND","Estadísticas de Salarios y Tiempo de Trabajo (COND)"
"HOW_XEES_SEX_OCU_EDU_NB_Q","HOW_XEES_SEX_OCU_EDU_NB","Promedio de horas efectivamente trabajadas por semana por asalariado según sexo, ocupación y educación","Q","Trimestral","HOW_XEES_NB","Promedio de horas efectivamente trabajadas por semana por asalariado","SEX_OCU_EDU","sexo, ocupación, educación",1992,2026,"02/10/2026 07:01:11",949996,1022118,92,,"HOW","Horas de trabajo","COND","Estadísticas de Salarios y Tiempo de Trabajo (COND)"
"HOW_XEES_SEX_OCU_GEO_NB_A","HOW_XEES_SEX_OCU_GEO_NB","Promedio de horas efectivamente trabajadas por semana por asalariado según sexo, ocupación y zonas rurales / urbanes","A","Anual","HOW_XEES_NB","Promedio de horas efectivamente trabajadas por semana por asalariado","SEX_OCU_GEO","sexo, ocupación, zonas rurales/urbanes",1992,2025,"02/10/2026 07:00:09",235546,243898,127,,"HOW","Horas de trabajo","COND","Estadísticas de Salarios y Tiempo de Trabajo (COND)"
"HOW_XEES_SEX_OCU_MTS_NB_A","HOW_XEES_SEX_OCU_MTS_NB","Promedio de horas efectivamente trabajadas por semana por asalariado según sexo, ocupación y estado civil","A","Anual","HOW_XEES_NB","Promedio de horas efectivamente trabajadas por semana por asalariado","SEX_OCU_MTS","sexo, ocupación, estado civil",1991,2025,"02/10/2026 07:00:09",538905,597312,146,,"HOW","Horas de trabajo","COND","Estadísticas de Salarios y Tiempo de Trabajo (COND)"
"HOW_XEES_SEX_OCU_MTS_NB_Q","HOW_XEES_SEX_OCU_MTS_NB","Promedio de horas efectivamente trabajadas por semana por asalariado según sexo, ocupación y estado civil","Q","Trimestral","HOW_XEES_NB","Promedio de horas efectivamente trabajadas por semana por asalariado","SEX_OCU_MTS","sexo, ocupación, estado civil",1993,2026,"02/10/2026 07:01:11",147342,147474,70,,"HOW","Horas de trabajo","COND","Estadísticas de Salarios y Tiempo de Trabajo (COND)"
"HOW_XEES_SEX_OCU_DSB_NB_A","HOW_XEES_SEX_OCU_DSB_NB","Promedio de horas efectivamente trabajadas por semana por asalariado según sexo, ocupación y situación en términos de discapacidad","A","Anual","HOW_XEES_NB","Promedio de horas efectivamente trabajadas por semana por asalariado","SEX_OCU_DSB","sexo, ocupación, situación en términos de discapacidad",1997,2025,"24/09/2026 07:00:10",12022,12317,74,,"HOW","Horas de trabajo","COND","Estadísticas de Salarios y Tiempo de Trabajo (COND)"
"HOW_XEES_SEX_OCU_INS_NB_A","HOW_XEES_SEX_OCU_INS_NB","Promedio de horas efectivamente trabajadas por semana por asalariado según sexo, ocupación y sector público/privado","A","Anual","HOW_XEES_NB","Promedio de horas efectivamente trabajadas por semana por asalariado","SEX_OCU_INS","sexo, ocupación, sector público/privado",1991,2025,"02/10/2026 07:00:09",154568,165824,124,,"HOW","Horas de trabajo","COND","Estadísticas de Salarios y Tiempo de Trabajo (COND)"
"HOW_XEES_SEX_OCU_INS_NB_Q","HOW_XEES_SEX_OCU_INS_NB","Promedio de horas efectivamente trabajadas por semana por asalariado según sexo, ocupación y sector público/privado","Q","Trimestral","HOW_XEES_NB","Promedio de horas efectivamente trabajadas por semana por asalariado","SEX_OCU_INS","sexo, ocupación, sector público/privado",1993,2026,"02/10/2026 07:01:11",397904,400784,67,,"HOW","Horas de trabajo","COND","Estadísticas de Salarios y Tiempo de Trabajo (COND)"
"HOW_XEES_SEX_OCU_EST_NB_A","HOW_XEES_SEX_OCU_EST_NB","Promedio de horas efectivamente trabajadas por semana por asalariado según sexo, ocupación y tamaño del establecimiento","A","Anual","HOW_XEES_NB","Promedio de horas efectivamente trabajadas por semana por asalariado","SEX_OCU_EST","sexo, ocupación, tamaño del establecimiento",1991,2025,"02/10/2026 07:00:09",229338,248276,95,,"HOW","Horas de trabajo","COND","Estadísticas de Salarios y Tiempo de Trabajo (COND)"
"HOW_XEES_SEX_OCU_EST_NB_Q","HOW_XEES_SEX_OCU_EST_NB","Promedio de horas efectivamente trabajadas por semana por asalariado según sexo, ocupación y tamaño del establecimiento","Q","Trimestral","HOW_XEES_NB","Promedio de horas efectivamente trabajadas por semana por asalariado","SEX_OCU_EST","sexo, ocupación, tamaño del establecimiento",1993,2026,"02/10/2026 07:01:11",135598,136062,53,,"HOW","Horas de trabajo","COND","Estadísticas de Salarios y Tiempo de Trabajo (COND)"
"HOW_XEES_SEX_OC2_NB_A","HOW_XEES_SEX_OC2_NB","Promedio de horas efectivamente trabajadas por semana por asalariado según sexo y ocupación - nivel 2 de la CIUO","A","Anual","HOW_XEES_NB","Promedio de horas efectivamente trabajadas por semana por asalariado","SEX_OC2","sexo, ocupación - nivel 2 de la ciuo",1992,2025,"02/10/2026 07:00:09",192289,202468,142,,"HOW","Horas de trabajo","COND","Estadísticas de Salarios y Tiempo de Trabajo (COND)"
"EIP_WDIS_SEX_EDU_NB_A","EIP_WDIS_SEX_EDU_NB","Buscadores desalentados según sexo y educación (millares)","A","Anual","EIP_WDIS_NB","Buscadores desalentados (definición anterior de la OIT - CIET13)","SEX_EDU","sexo, educación",1987,2025,"02/10/2026 07:03:13",60407,66194,156,,"LUU","Desempleo y subutilización de la fuerza de trabajo","EMI","Indicadores de Educación y Desajuste (EMI)"
"EIP_WDIS_SEX_EDU_NB_Q","EIP_WDIS_SEX_EDU_NB","Buscadores desalentados según sexo y educación (millares)","Q","Trimestral","EIP_WDIS_NB","Buscadores desalentados (definición anterior de la OIT - CIET13)","SEX_EDU","sexo, educación",1987,2026,"02/10/2026 07:05:16",125438,128183,92,,"LUU","Desempleo y subutilización de la fuerza de trabajo","EMI","Indicadores de Educación y Desajuste (EMI)"
"HOW_XEES_AGE_OC2_NB_A","HOW_XEES_AGE_OC2_NB","Promedio de horas efectivamente trabajadas por semana por asalariado según edad y ocupación - nivel 2 de la CIUO","A","Anual","HOW_XEES_NB","Promedio de horas efectivamente trabajadas por semana por asalariado","AGE_OC2","edad, ocupación - nivel 2 de la ciuo",1992,2025,"02/10/2026 07:00:09",185916,195888,142,,"HOW","Horas de trabajo","COND","Estadísticas de Salarios y Tiempo de Trabajo (COND)"
"HOW_XEES_SEX_INS_NB_A","HOW_XEES_SEX_INS_NB","Promedio de horas efectivamente trabajadas por semana por asalariado según sexo y sector público/privado","A","Anual","HOW_XEES_NB","Promedio de horas efectivamente trabajadas por semana por asalariado","SEX_INS","sexo, sector público/privado",1976,2025,"02/10/2026 07:00:09",11184,11988,132,,"HOW","Horas de trabajo","COND","Estadísticas de Salarios y Tiempo de Trabajo (COND)"
"HOW_XEES_SEX_INS_NB_Q","HOW_XEES_SEX_INS_NB","Promedio de horas efectivamente trabajadas por semana por asalariado según sexo y sector público/privado","Q","Trimestral","HOW_XEES_NB","Promedio de horas efectivamente trabajadas por semana por asalariado","SEX_INS","sexo, sector público/privado",1976,2026,"02/10/2026 07:01:11",29145,29334,69,,"HOW","Horas de trabajo","COND","Estadísticas de Salarios y Tiempo de Trabajo (COND)"
"HOW_XEES_SEX_INS_GEO_NB_A","HOW_XEES_SEX_INS_GEO_NB","Promedio de horas efectivamente trabajadas por semana por asalariado según sexo, sector público/privado y zonas rurales / urbanes","A","Anual","HOW_XEES_NB","Promedio de horas efectivamente trabajadas por semana por asalariado","SEX_INS_GEO","sexo, sector público/privado, zonas rurales/urbanes",1987,2025,"02/10/2026 07:00:09",22858,24701,100,,"HOW","Horas de trabajo","COND","Estadísticas de Salarios y Tiempo de Trabajo (COND)"
"HOW_XEES_SEX_INS_GEO_NB_Q","HOW_XEES_SEX_INS_GEO_NB","Promedio de horas efectivamente trabajadas por semana por asalariado según sexo, sector público/privado y zonas rurales / urbanes","Q","Trimestral","HOW_XEES_NB","Promedio de horas efectivamente trabajadas por semana por asalariado","SEX_INS_GEO","sexo, sector público/privado, zonas rurales/urbanes",1987,2026,"02/10/2026 07:01:11",53786,54272,53,,"HOW","Horas de trabajo","COND","Estadísticas de Salarios y Tiempo de Trabajo (COND)"
"HOW_XEES_SEX_INS_MTS_NB_A","HOW_XEES_SEX_INS_MTS_NB","Promedio de horas efectivamente trabajadas por semana por asalariado según sexo, sector público/privado y estado civil","A","Anual","HOW_XEES_NB","Promedio de horas efectivamente trabajadas por semana por asalariado","SEX_INS_MTS","sexo, sector público/privado, estado civil",1987,2025,"02/10/2026 07:00:09",87321,93826,125,,"HOW","Horas de trabajo","COND","Estadísticas de Salarios y Tiempo de Trabajo (COND)"
"HOW_XEES_SEX_INS_MTS_NB_Q","HOW_XEES_SEX_INS_MTS_NB","Promedio de horas efectivamente trabajadas por semana por asalariado según sexo, sector público/privado y estado civil","Q","Trimestral","HOW_XEES_NB","Promedio de horas efectivamente trabajadas por semana por asalariado","SEX_INS_MTS","sexo, sector público/privado, estado civil",1987,2026,"02/10/2026 07:01:11",81165,81246,65,,"HOW","Horas de trabajo","COND","Estadísticas de Salarios y Tiempo de Trabajo (COND)"
"HOW_XEES_SEX_INS_DSB_NB_A","HOW_XEES_SEX_INS_DSB_NB","Promedio de horas efectivamente trabajadas por semana por asalariado según sexo, sector público/privado y situación en términos de discapacidad","A","Anual","HOW_XEES_NB","Promedio de horas efectivamente trabajadas por semana por asalariado","SEX_INS_DSB","sexo, sector público/privado, situación en términos de discapacidad",1997,2025,"24/09/2026 07:02:05",7962,8304,76,,"HOW","Horas de trabajo","DLMI","Indicadores del mercado laboral de discapacidad"
"HOW_XEES_SEX_INS_DSB_NB_Q","HOW_XEES_SEX_INS_DSB_NB","Promedio de horas efectivamente trabajadas por semana por asalariado según sexo, sector público/privado y situación en términos de discapacidad","Q","Trimestral","HOW_XEES_NB","Promedio de horas efectivamente trabajadas por semana por asalariado","SEX_INS_DSB","sexo, sector público/privado, situación en términos de discapacidad",1998,2026,"16/09/2026 07:14:26",14859,14967,26,,"HOW","Horas de trabajo","DLMI","Indicadores del mercado laboral de discapacidad"
"HOW_XEES_SEX_EST_NB_A","HOW_XEES_SEX_EST_NB","Promedio de horas efectivamente trabajadas por semana por asalariado según sexo y tamaño del establecimiento","A","Anual","HOW_XEES_NB","Promedio de horas efectivamente trabajadas por semana por asalariado","SEX_EST","sexo, tamaño del establecimiento",1990,2025,"02/10/2026 07:00:09",26063,28079,102,,"HOW","Horas de trabajo","COND","Estadísticas de Salarios y Tiempo de Trabajo (COND)"
"HOW_XEES_SEX_EST_NB_Q","HOW_XEES_SEX_EST_NB","Promedio de horas efectivamente trabajadas por semana por asalariado según sexo y tamaño del establecimiento","Q","Trimestral","HOW_XEES_NB","Promedio de horas efectivamente trabajadas por semana por asalariado","SEX_EST","sexo, tamaño del establecimiento",1992,2026,"02/10/2026 07:01:11",65626,65890,54,,"HOW","Horas de trabajo","COND","Estadísticas de Salarios y Tiempo de Trabajo (COND)"
"HOW_XEES_SEX_EST_NB_M","HOW_XEES_SEX_EST_NB","Promedio de horas efectivamente trabajadas por semana por asalariado según sexo y tamaño del establecimiento","M","Mensual","HOW_XEES_NB","Promedio de horas efectivamente trabajadas por semana por asalariado","SEX_EST","sexo, tamaño del establecimiento",2007,2026,"16/09/2026 07:05:10",11865,11865,8,,"HOW","Horas de trabajo","COND","Estadísticas de Salarios y Tiempo de Trabajo (COND)"
"HOW_XEES_SEX_EST_GEO_NB_A","HOW_XEES_SEX_EST_GEO_NB","Promedio de horas efectivamente trabajadas por semana por asalariado según sexo, tamaño del establecimiento y zonas rurales / urbanes","A","Anual","HOW_XEES_NB","Promedio de horas efectivamente trabajadas por semana por asalariado","SEX_EST_GEO","sexo, tamaño del establecimiento, zonas rurales/urbanes",1990,2025,"02/10/2026 07:00:09",60174,64862,85,,"HOW","Horas de trabajo","COND","Estadísticas de Salarios y Tiempo de Trabajo (COND)"
"HOW_XEES_SEX_EST_GEO_NB_Q","HOW_XEES_SEX_EST_GEO_NB","Promedio de horas efectivamente trabajadas por semana por asalariado según sexo, tamaño del establecimiento y zonas rurales / urbanes","Q","Trimestral","HOW_XEES_NB","Promedio de horas efectivamente trabajadas por semana por asalariado","SEX_EST_GEO","sexo, tamaño del establecimiento, zonas rurales/urbanes",1992,2026,"02/10/2026 07:01:11",139171,139637,44,,"HOW","Horas de trabajo","COND","Estadísticas de Salarios y Tiempo de Trabajo (COND)"
"HOW_XEES_SEX_EST_MTS_NB_A","HOW_XEES_SEX_EST_MTS_NB","Promedio de horas efectivamente trabajadas por semana por asalariado según sexo, tamaño del establecimiento y estado civil","A","Anual","HOW_XEES_NB","Promedio de horas efectivamente trabajadas por semana por asalariado","SEX_EST_MTS","sexo, tamaño del establecimiento, estado civil",1990,2025,"02/10/2026 07:00:09",206936,224241,99,,"HOW","Horas de trabajo","COND","Estadísticas de Salarios y Tiempo de Trabajo (COND)"
"HOW_XEES_SEX_EST_MTS_NB_Q","HOW_XEES_SEX_EST_MTS_NB","Promedio de horas efectivamente trabajadas por semana por asalariado según sexo, tamaño del establecimiento y estado civil","Q","Trimestral","HOW_XEES_NB","Promedio de horas efectivamente trabajadas por semana por asalariado","SEX_EST_MTS","sexo, tamaño del establecimiento, estado civil",1992,2026,"02/10/2026 07:01:11",181695,182019,51,,"HOW","Horas de trabajo","COND","Estadísticas de Salarios y Tiempo de Trabajo (COND)"
"HOW_XEES_SEX_EST_DSB_NB_A","HOW_XEES_SEX_EST_DSB_NB","Promedio de horas efectivamente trabajadas por semana por asalariado según sexo, tamaño del establecimiento y situación en términos de discapacidad","A","Anual","HOW_XEES_NB","Promedio de horas efectivamente trabajadas por semana por asalariado","SEX_EST_DSB","sexo, tamaño del establecimiento, situación en términos de discapacidad",2000,2025,"24/09/2026 07:00:10",6665,6768,54,,"HOW","Horas de trabajo","COND","Estadísticas de Salarios y Tiempo de Trabajo (COND)"
"HOW_XEES_SEX_EST_DSB_NB_Q","HOW_XEES_SEX_EST_DSB_NB","Promedio de horas efectivamente trabajadas por semana por asalariado según sexo, tamaño del establecimiento y situación en términos de discapacidad","Q","Trimestral","HOW_XEES_NB","Promedio de horas efectivamente trabajadas por semana por asalariado","SEX_EST_DSB","sexo, tamaño del establecimiento, situación en términos de discapacidad",2014,2026,"16/09/2026 07:11:38",10942,11121,20,,"HOW","Horas de trabajo","COND","Estadísticas de Salarios y Tiempo de Trabajo (COND)"
"GED_PHOW_SEX_HHT_CHL_NB_A","GED_PHOW_SEX_HHT_CHL_NB","Promedio de horas semanales realmente trabajadas de personas empleadas de 25 a 54 años según sexo, tipo de hogar y presencia de niños","A","Anual","GED_PHOW_NB","Promedio de horas semanales realmente trabajadas de personas empleadas de 25 a 54 años","SEX_HHT_CHL","sexo, tipo de hogar, presencia de niños",2000,2026,"02/09/2026 07:06:04",130363,133429,120,,"HOW","Horas de trabajo","GEND","Indicadores de Igualdad de Género y No Discriminación (GEND)"
"GED_PHOW_SEX_HHT_GEO_NB_A","GED_PHOW_SEX_HHT_GEO_NB","Promedio de horas semanales realmente trabajadas de personas empleadas de 25 a 54 años según sexo, tipo de hogar y zonas rurales / urbanas","A","Anual","GED_PHOW_NB","Promedio de horas semanales realmente trabajadas de personas empleadas de 25 a 54 años","SEX_HHT_GEO","sexo, tipo de hogar, zonas rurales/urbanes",2000,2026,"02/09/2026 07:06:04",51048,52020,97,,"HOW","Horas de trabajo","GEND","Indicadores de Igualdad de Género y No Discriminación (GEND)"
"HOW_UEES_SEX_NB_A","HOW_UEES_SEX_NB","Promedio de horas habitualmente trabajadas por semana por asalariado según sexo","A","Anual","HOW_UEES_NB","Promedio de horas habitualmente trabajadas por semana por asalariado","SEX","sexo",1976,2025,"02/10/2026 07:00:09",6045,8610,157,,"HOW","Horas de trabajo","COND","Estadísticas de Salarios y Tiempo de Trabajo (COND)"
"EAR_EHRA_SEX_NB_A","EAR_EHRA_SEX_NB","Ganancias horarias promedio de los asalariados según sexo (moneda local)","A","Anual","EAR_EHRA_NB","Ganancias horarias promedio de los asalariados","SEX","sexo",1990,2025,"24/09/2026 07:00:10",2824,2953,107,,"EAR","Remuneraciones y ingresos","COND","Estadísticas de Salarios y Tiempo de Trabajo (COND)"
"EAR_EHRA_SEX_NB_Q","EAR_EHRA_SEX_NB","Ganancias horarias promedio de los asalariados según sexo (moneda local)","Q","Trimestral","EAR_EHRA_NB","Ganancias horarias promedio de los asalariados","SEX","sexo",1994,2026,"30/09/2026 07:01:17",6396,6408,53,,"EAR","Remuneraciones y ingresos","COND","Estadísticas de Salarios y Tiempo de Trabajo (COND)"
"EAR_EHRA_SEX_NB_M","EAR_EHRA_SEX_NB","Ganancias horarias promedio de los asalariados según sexo (moneda local)","M","Mensual","EAR_EHRA_NB","Ganancias horarias promedio de los asalariados","SEX","sexo",1994,2026,"16/09/2026 07:05:10",5025,5025,11,,"EAR","Remuneraciones y ingresos","COND","Estadísticas de Salarios y Tiempo de Trabajo (COND)"
"EAR_EHRA_SEX_CUR_NB_A","EAR_EHRA_SEX_CUR_NB","Ganancias horarias promedio de los asalariados según sexo y divisa","A","Anual","EAR_EHRA_NB","Ganancias horarias promedio de los asalariados","SEX_CUR","sexo, divisa",1969,2025,"25/09/2026 07:00:07",10991,12044,147,,"EAR","Remuneraciones y ingresos","COND","Estadísticas de Salarios y Tiempo de Trabajo (COND)"
"EAR_EHRA_SEX_AGE_NB_A","EAR_EHRA_SEX_AGE_NB","Ganancias horarias promedio de los asalariados según sexo y edad (moneda local)","A","Anual","EAR_EHRA_NB","Ganancias horarias promedio de los asalariados","SEX_AGE","sexo, edad",1990,2025,"24/09/2026 07:00:10",22545,23577,107,,"EAR","Remuneraciones y ingresos","COND","Estadísticas de Salarios y Tiempo de Trabajo (COND)"
"EAR_EHRA_SEX_AGE_NB_Q","EAR_EHRA_SEX_AGE_NB","Ganancias horarias promedio de los asalariados según sexo y edad (moneda local)","Q","Trimestral","EAR_EHRA_NB","Ganancias horarias promedio de los asalariados","SEX_AGE","sexo, edad",1994,2026,"30/09/2026 07:01:17",51024,51120,53,,"EAR","Remuneraciones y ingresos","COND","Estadísticas de Salarios y Tiempo de Trabajo (COND)"
"EAR_EHRA_SEX_AGE_NB_M","EAR_EHRA_SEX_AGE_NB","Ganancias horarias promedio de los asalariados según sexo y edad (moneda local)","M","Mensual","EAR_EHRA_NB","Ganancias horarias promedio de los asalariados","SEX_AGE","sexo, edad",1994,2026,"16/09/2026 07:05:10",40161,40161,11,,"EAR","Remuneraciones y ingresos","COND","Estadísticas de Salarios y Tiempo de Trabajo (COND)"
"EAR_EHRA_SEX_AGE_CUR_NB_A","EAR_EHRA_SEX_AGE_CUR_NB","Ganancias horarias promedio de los asalariados según sexo, edad y divisa","A","Anual","EAR_EHRA_NB","Ganancias horarias promedio de los asalariados","SEX_AGE_CUR","sexo, edad, divisa",1990,2025,"25/09/2026 07:00:07",64991,68054,107,,"EAR","Remuneraciones y ingresos","COND","Estadísticas de Salarios y Tiempo de Trabajo (COND)"
"EAR_EHRA_SEX_EDU_NB_A","EAR_EHRA_SEX_EDU_NB","Ganancias horarias promedio de los asalariados según sexo y educación (moneda local)","A","Anual","EAR_EHRA_NB","Ganancias horarias promedio de los asalariados","SEX_EDU","sexo, educación",1991,2025,"24/09/2026 07:00:10",38322,40202,106,,"EAR","Remuneraciones y ingresos","COND","Estadísticas de Salarios y Tiempo de Trabajo (COND)"
"EAR_EHRA_SEX_EDU_NB_Q","EAR_EHRA_SEX_EDU_NB","Ganancias horarias promedio de los asalariados según sexo y educación (moneda local)","Q","Trimestral","EAR_EHRA_NB","Ganancias horarias promedio de los asalariados","SEX_EDU","sexo, educación",1994,2026,"30/09/2026 07:01:17",86667,86736,52,,"EAR","Remuneraciones y ingresos","COND","Estadísticas de Salarios y Tiempo de Trabajo (COND)"
"EAR_EHRA_SEX_EDU_CUR_NB_A","EAR_EHRA_SEX_EDU_CUR_NB","Ganancias horarias promedio de los asalariados según sexo, educación y divisa","A","Anual","EAR_EHRA_NB","Ganancias horarias promedio de los asalariados","SEX_EDU_CUR","sexo, educación, divisa",1991,2025,"25/09/2026 07:00:07",107408,112886,106,,"EAR","Remuneraciones y ingresos","COND","Estadísticas de Salarios y Tiempo de Trabajo (COND)"
"EAR_EHRA_SEX_GEO_NB_A","EAR_EHRA_SEX_GEO_NB","Ganancias horarias promedio de los asalariados según sexo y zonas rurales / urbanes (moneda local)","A","Anual","EAR_EHRA_NB","Ganancias horarias promedio de los asalariados","SEX_GEO","sexo, zonas rurales/urbanes",1990,2025,"24/09/2026 07:00:10",6403,6718,88,,"EAR","Remuneraciones y ingresos","COND","Estadísticas de Salarios y Tiempo de Trabajo (COND)"
"EAR_EHRA_SEX_GEO_NB_Q","EAR_EHRA_SEX_GEO_NB","Ganancias horarias promedio de los asalariados según sexo y zonas rurales / urbanes (moneda local)","Q","Trimestral","EAR_EHRA_NB","Ganancias horarias promedio de los asalariados","SEX_GEO","sexo, zonas rurales/urbanes",1995,2026,"30/09/2026 07:01:17",13144,13180,45,,"EAR","Remuneraciones y ingresos","COND","Estadísticas de Salarios y Tiempo de Trabajo (COND)"
"EAR_EHRA_SEX_GEO_CUR_NB_A","EAR_EHRA_SEX_GEO_CUR_NB","Ganancias horarias promedio de los asalariados según sexo, zonas rurales / urbanes y divisa","A","Anual","EAR_EHRA_NB","Ganancias horarias promedio de los asalariados","SEX_GEO_CUR","sexo, zonas rurales/urbanes, divisa",1990,2025,"25/09/2026 07:00:07",18624,19569,88,,"EAR","Remuneraciones y ingresos","COND","Estadísticas de Salarios y Tiempo de Trabajo (COND)"
"EAR_EHRA_SEX_MTS_NB_A","EAR_EHRA_SEX_MTS_NB","Ganancias horarias promedio de los asalariados según sexo y estado civil (moneda local)","A","Anual","EAR_EHRA_NB","Ganancias horarias promedio de los asalariados","SEX_MTS","sexo, estado civil",1990,2025,"24/09/2026 07:00:10",23607,24728,102,,"EAR","Remuneraciones y ingresos","COND","Estadísticas de Salarios y Tiempo de Trabajo (COND)"
"EAR_EHRA_SEX_MTS_NB_Q","EAR_EHRA_SEX_MTS_NB","Ganancias horarias promedio de los asalariados según sexo y estado civil (moneda local)","Q","Trimestral","EAR_EHRA_NB","Ganancias horarias promedio de los asalariados","SEX_MTS","sexo, estado civil",1994,2026,"30/09/2026 07:01:17",18455,18455,50,,"EAR","Remuneraciones y ingresos","COND","Estadísticas de Salarios y Tiempo de Trabajo (COND)"
"EAR_EHRA_SEX_MTS_CUR_NB_A","EAR_EHRA_SEX_MTS_CUR_NB","Ganancias horarias promedio de los asalariados según sexo, estado civil y divisa","A","Anual","EAR_EHRA_NB","Ganancias horarias promedio de los asalariados","SEX_MTS_CUR","sexo, estado civil, divisa",1990,2025,"25/09/2026 07:00:07",24208,25342,102,,"EAR","Remuneraciones y ingresos","COND","Estadísticas de Salarios y Tiempo de Trabajo (COND)"
"EAR_EHRA_SEX_DSB_NB_A","EAR_EHRA_SEX_DSB_NB","Ganancias horarias promedio de los asalariados según sexo y situación en términos de discapacidad (moneda local)","A","Anual","EAR_EHRA_NB","Ganancias horarias promedio de los asalariados","SEX_DSB","sexo, situación en términos de discapacidad",1997,2025,"24/09/2026 07:00:10",2186,2240,61,,"EAR","Remuneraciones y ingresos","COND","Estadísticas de Salarios y Tiempo de Trabajo (COND)"
"EAR_EHRA_SEX_DSB_NB_Q","EAR_EHRA_SEX_DSB_NB","Ganancias horarias promedio de los asalariados según sexo y situación en términos de discapacidad (moneda local)","Q","Trimestral","EAR_EHRA_NB","Ganancias horarias promedio de los asalariados","SEX_DSB","sexo, situación en términos de discapacidad",1998,2026,"17/09/2026 07:02:18",4364,4400,22,,"EAR","Remuneraciones y ingresos","COND","Estadísticas de Salarios y Tiempo de Trabajo (COND)"
"EAR_EHRA_SEX_DSB_CUR_NB_A","EAR_EHRA_SEX_DSB_CUR_NB","Ganancias horarias promedio de los asalariados según sexo, situación en términos de discapacidad y divisa","A","Anual","EAR_EHRA_NB","Ganancias horarias promedio de los asalariados","SEX_DSB_CUR","sexo, situación en términos de discapacidad, divisa",1997,2025,"25/09/2026 07:00:07",6106,6265,61,,"EAR","Remuneraciones y ingresos","COND","Estadísticas de Salarios y Tiempo de Trabajo (COND)"
"EAR_EHRA_SEX_ECO_NB_A","EAR_EHRA_SEX_ECO_NB","Ganancias horarias promedio de los asalariados según sexo y actividad económica (moneda local)","A","Anual","EAR_EHRA_NB","Ganancias horarias promedio de los asalariados","SEX_ECO","sexo, actividad económica",1990,2025,"24/09/2026 07:00:10",86839,91114,105,,"EAR","Remuneraciones y ingresos","COND","Estadísticas de Salarios y Tiempo de Trabajo (COND)"
"EAR_EHRA_SEX_ECO_NB_Q","EAR_EHRA_SEX_ECO_NB","Ganancias horarias promedio de los asalariados según sexo y actividad económica (moneda local)","Q","Trimestral","EAR_EHRA_NB","Ganancias horarias promedio de los asalariados","SEX_ECO","sexo, actividad económica",1995,2026,"30/09/2026 07:01:17",197351,197753,52,,"EAR","Remuneraciones y ingresos","COND","Estadísticas de Salarios y Tiempo de Trabajo (COND)"
"EAR_EHRA_SEX_ECO_NB_M","EAR_EHRA_SEX_ECO_NB","Ganancias horarias promedio de los asalariados según sexo y actividad económica (moneda local)","M","Mensual","EAR_EHRA_NB","Ganancias horarias promedio de los asalariados","SEX_ECO","sexo, actividad económica",1997,2026,"16/09/2026 07:05:10",57724,57724,11,,"EAR","Remuneraciones y ingresos","COND","Estadísticas de Salarios y Tiempo de Trabajo (COND)"
"EAR_EHRA_SEX_ECO_CUR_NB_A","EAR_EHRA_SEX_ECO_CUR_NB","Ganancias horarias promedio de los asalariados según sexo, actividad económica y divisa","A","Anual","EAR_EHRA_NB","Ganancias horarias promedio de los asalariados","SEX_ECO_CUR","sexo, actividad económica, divisa",1990,2025,"25/09/2026 07:00:07",242561,255191,107,,"EAR","Remuneraciones y ingresos","COND","Estadísticas de Salarios y Tiempo de Trabajo (COND)"
"EAR_EHRA_SEX_OCU_NB_A","EAR_EHRA_SEX_OCU_NB","Ganancias horarias promedio de los asalariados según sexo y ocupación (moneda local)","A","Anual","EAR_EHRA_NB","Ganancias horarias promedio de los asalariados","SEX_OCU","sexo, ocupación",1969,2025,"24/09/2026 07:00:10",47938,51833,138,,"EAR","Remuneraciones y ingresos","COND","Estadísticas de Salarios y Tiempo de Trabajo (COND)"
"EAR_EHRA_SEX_OCU_NB_Q","EAR_EHRA_SEX_OCU_NB","Ganancias horarias promedio de los asalariados según sexo y ocupación (moneda local)","Q","Trimestral","EAR_EHRA_NB","Ganancias horarias promedio de los asalariados","SEX_OCU","sexo, ocupación",1995,2026,"30/09/2026 07:01:17",90530,90722,52,,"EAR","Remuneraciones y ingresos","COND","Estadísticas de Salarios y Tiempo de Trabajo (COND)"
"EAR_EHRA_SEX_OCU_NB_M","EAR_EHRA_SEX_OCU_NB","Ganancias horarias promedio de los asalariados según sexo y ocupación (moneda local)","M","Mensual","EAR_EHRA_NB","Ganancias horarias promedio de los asalariados","SEX_OCU","sexo, ocupación",2001,2026,"16/09/2026 07:05:10",16313,16313,10,,"EAR","Remuneraciones y ingresos","COND","Estadísticas de Salarios y Tiempo de Trabajo (COND)"
"EAR_EHRA_SEX_OCU_CUR_NB_A","EAR_EHRA_SEX_OCU_CUR_NB","Ganancias horarias promedio de los asalariados según sexo, ocupación y divisa","A","Anual","EAR_EHRA_NB","Ganancias horarias promedio de los asalariados","SEX_OCU_CUR","sexo, ocupación, divisa",1991,2025,"25/09/2026 07:00:07",135950,146897,136,,"EAR","Remuneraciones y ingresos","COND","Estadísticas de Salarios y Tiempo de Trabajo (COND)"
"EAR_EHRM_SEX_NB_A","EAR_EHRM_SEX_NB","Ganancias horarias medianas de los asalariados según sexo (moneda local)","A","Anual","EAR_EHRM_NB","Ganancias horarias medianas de los asalariados","SEX","sexo",1990,2025,"24/09/2026 07:00:10",2815,2944,107,,"EAR","Remuneraciones y ingresos","COND","Estadísticas de Salarios y Tiempo de Trabajo (COND)"
"EAR_EHRM_SEX_CUR_NB_A","EAR_EHRM_SEX_CUR_NB","Ganancias horarias medianas de los asalariados según sexo y divisa","A","Anual","EAR_EHRM_NB","Ganancias horarias medianas de los asalariados","SEX_CUR","sexo, divisa",1990,2025,"25/09/2026 07:00:07",8133,8517,107,,"EAR","Remuneraciones y ingresos","COND","Estadísticas de Salarios y Tiempo de Trabajo (COND)"
"EAR_EHRM_SEX_AGE_NB_A","EAR_EHRM_SEX_AGE_NB","Ganancias horarias medianas de los asalariados según sexo y edad (moneda local)","A","Anual","EAR_EHRM_NB","Ganancias horarias medianas de los asalariados","SEX_AGE","sexo, edad",1990,2025,"24/09/2026 07:00:10",22473,23505,107,,"EAR","Remuneraciones y ingresos","COND","Estadísticas de Salarios y Tiempo de Trabajo (COND)"
"EAR_EHRM_SEX_AGE_CUR_NB_A","EAR_EHRM_SEX_AGE_CUR_NB","Ganancias horarias medianas de los asalariados según sexo, edad y divisa","A","Anual","EAR_EHRM_NB","Ganancias horarias medianas de los asalariados","SEX_AGE_CUR","sexo, edad, divisa",1990,2025,"25/09/2026 07:00:07",64775,67838,107,,"EAR","Remuneraciones y ingresos","COND","Estadísticas de Salarios y Tiempo de Trabajo (COND)"
"EAR_EHRM_SEX_EDU_NB_A","EAR_EHRM_SEX_EDU_NB","Ganancias horarias medianas de los asalariados según sexo y educación (moneda local)","A","Anual","EAR_EHRM_NB","Ganancias horarias medianas de los asalariados","SEX_EDU","sexo, educación",1991,2025,"24/09/2026 07:00:10",38196,40076,106,,"EAR","Remuneraciones y ingresos","COND","Estadísticas de Salarios y Tiempo de Trabajo (COND)"
"EAR_EHRM_SEX_EDU_CUR_NB_A","EAR_EHRM_SEX_EDU_CUR_NB","Ganancias horarias medianas de los asalariados según sexo, educación y divisa","A","Anual","EAR_EHRM_NB","Ganancias horarias medianas de los asalariados","SEX_EDU_CUR","sexo, educación, divisa",1991,2025,"25/09/2026 07:00:07",107036,112514,106,,"EAR","Remuneraciones y ingresos","COND","Estadísticas de Salarios y Tiempo de Trabajo (COND)"
"EAR_EHRM_SEX_GEO_NB_A","EAR_EHRM_SEX_GEO_NB","Ganancias horarias medianas de los asalariados según sexo y zonas rurales / urbanes (moneda local)","A","Anual","EAR_EHRM_NB","Ganancias horarias medianas de los asalariados","SEX_GEO","sexo, zonas rurales/urbanes",1990,2025,"24/09/2026 07:00:10",6376,6691,88,,"EAR","Remuneraciones y ingresos","COND","Estadísticas de Salarios y Tiempo de Trabajo (COND)"
"EAR_EHRM_SEX_GEO_CUR_NB_A","EAR_EHRM_SEX_GEO_CUR_NB","Ganancias horarias medianas de los asalariados según sexo, zonas rurales / urbanes y divisa","A","Anual","EAR_EHRM_NB","Ganancias horarias medianas de los asalariados","SEX_GEO_CUR","sexo, zonas rurales/urbanes, divisa",1990,2025,"25/09/2026 07:00:07",18543,19488,88,,"EAR","Remuneraciones y ingresos","COND","Estadísticas de Salarios y Tiempo de Trabajo (COND)"
"EAR_EHRM_SEX_MTS_NB_A","EAR_EHRM_SEX_MTS_NB","Ganancias horarias medianas de los asalariados según sexo y estado civil (moneda local)","A","Anual","EAR_EHRM_NB","Ganancias horarias medianas de los asalariados","SEX_MTS","sexo, estado civil",1990,2025,"24/09/2026 07:00:10",23526,24647,102,,"EAR","Remuneraciones y ingresos","COND","Estadísticas de Salarios y Tiempo de Trabajo (COND)"
"EAR_EHRM_SEX_MTS_CUR_NB_A","EAR_EHRM_SEX_MTS_CUR_NB","Ganancias horarias medianas de los asalariados según sexo, estado civil y divisa","A","Anual","EAR_EHRM_NB","Ganancias horarias medianas de los asalariados","SEX_MTS_CUR","sexo, estado civil, divisa",1990,2025,"25/09/2026 07:00:07",24127,25261,102,,"EAR","Remuneraciones y ingresos","COND","Estadísticas de Salarios y Tiempo de Trabajo (COND)"
"EAR_EHRM_SEX_DSB_NB_A","EAR_EHRM_SEX_DSB_NB","Ganancias horarias medianas de los asalariados según sexo y situación en términos de discapacidad (moneda local)","A","Anual","EAR_EHRM_NB","Ganancias horarias medianas de los asalariados","SEX_DSB","sexo, situación en términos de discapacidad",1997,2025,"24/09/2026 07:00:10",2186,2240,61,,"EAR","Remuneraciones y ingresos","COND","Estadísticas de Salarios y Tiempo de Trabajo (COND)"
"EAR_EHRM_SEX_DSB_CUR_NB_A","EAR_EHRM_SEX_DSB_CUR_NB","Ganancias horarias medianas de los asalariados según sexo, situación en términos de discapacidad y divisa","A","Anual","EAR_EHRM_NB","Ganancias horarias medianas de los asalariados","SEX_DSB_CUR","sexo, situación en términos de discapacidad, divisa",1997,2025,"25/09/2026 07:00:07",6106,6265,61,,"EAR","Remuneraciones y ingresos","COND","Estadísticas de Salarios y Tiempo de Trabajo (COND)"
"EAR_EHRM_SEX_ECO_NB_A","EAR_EHRM_SEX_ECO_NB","Ganancias horarias medianas de los asalariados según sexo y actividad económica (moneda local)","A","Anual","EAR_EHRM_NB","Ganancias horarias medianas de los asalariados","SEX_ECO","sexo, actividad económica",1990,2025,"24/09/2026 07:00:10",86551,90826,105,,"EAR","Remuneraciones y ingresos","COND","Estadísticas de Salarios y Tiempo de Trabajo (COND)"
"EAR_EHRM_SEX_ECO_CUR_NB_A","EAR_EHRM_SEX_ECO_CUR_NB","Ganancias horarias medianas de los asalariados según sexo, actividad económica y divisa","A","Anual","EAR_EHRM_NB","Ganancias horarias medianas de los asalariados","SEX_ECO_CUR","sexo, actividad económica, divisa",1990,2025,"25/09/2026 07:00:07",241700,254330,107,,"EAR","Remuneraciones y ingresos","COND","Estadísticas de Salarios y Tiempo de Trabajo (COND)"
"EAR_EHRM_SEX_OCU_NB_A","EAR_EHRM_SEX_OCU_NB","Ganancias horarias medianas de los asalariados según sexo y ocupación (moneda local)","A","Anual","EAR_EHRM_NB","Ganancias horarias medianas de los asalariados","SEX_OCU","sexo, ocupación",1991,2025,"24/09/2026 07:00:10",40206,42191,99,,"EAR","Remuneraciones y ingresos","COND","Estadísticas de Salarios y Tiempo de Trabajo (COND)"
"EAR_EHRM_SEX_OCU_CUR_NB_A","EAR_EHRM_SEX_OCU_CUR_NB","Ganancias horarias medianas de los asalariados según sexo, ocupación y divisa","A","Anual","EAR_EHRM_NB","Ganancias horarias medianas de los asalariados","SEX_OCU_CUR","sexo, ocupación, divisa",1991,2025,"25/09/2026 07:00:07",113708,119459,99,,"EAR","Remuneraciones y ingresos","COND","Estadísticas de Salarios y Tiempo de Trabajo (COND)"
"EAR_EHRG_SEX_NB_A","EAR_EHRG_SEX_NB","Índice de Gini de las ganancias horarias de los asalariados según sexo","A","Anual","EAR_EHRG_NB","Índice de Gini de las ganancias horarias de los asalariados","SEX","sexo",1990,2025,"24/09/2026 07:00:10",2815,2944,107,,"EAR","Remuneraciones y ingresos","COND","Estadísticas de Salarios y Tiempo de Trabajo (COND)"
"EAR_EHRG_SEX_AGE_NB_A","EAR_EHRG_SEX_AGE_NB","Índice de Gini de las ganancias horarias de los asalariados según sexo y edad","A","Anual","EAR_EHRG_NB","Índice de Gini de las ganancias horarias de los asalariados","SEX_AGE","sexo, edad",1990,2025,"24/09/2026 07:00:10",22473,23505,107,,"EAR","Remuneraciones y ingresos","COND","Estadísticas de Salarios y Tiempo de Trabajo (COND)"
"EAR_EHRG_SEX_EDU_NB_A","EAR_EHRG_SEX_EDU_NB","Índice de Gini de las ganancias horarias de los asalariados según sexo y educación","A","Anual","EAR_EHRG_NB","Índice de Gini de las ganancias horarias de los asalariados","SEX_EDU","sexo, educación",1991,2025,"24/09/2026 07:00:10",38196,40076,106,,"EAR","Remuneraciones y ingresos","COND","Estadísticas de Salarios y Tiempo de Trabajo (COND)"
"EAR_EHRG_SEX_GEO_NB_A","EAR_EHRG_SEX_GEO_NB","Índice de Gini de las ganancias horarias de los asalariados según sexo y zonas rurales / urbanes","A","Anual","EAR_EHRG_NB","Índice de Gini de las ganancias horarias de los asalariados","SEX_GEO","sexo, zonas rurales/urbanes",1990,2025,"24/09/2026 07:00:10",6376,6691,88,,"EAR","Remuneraciones y ingresos","COND","Estadísticas de Salarios y Tiempo de Trabajo (COND)"
"EAR_EHRG_SEX_MTS_NB_A","EAR_EHRG_SEX_MTS_NB","Índice de Gini de las ganancias horarias de los asalariados según sexo y estado civil","A","Anual","EAR_EHRG_NB","Índice de Gini de las ganancias horarias de los asalariados","SEX_MTS","sexo, estado civil",1990,2025,"24/09/2026 07:00:10",23526,24647,102,,"EAR","Remuneraciones y ingresos","COND","Estadísticas de Salarios y Tiempo de Trabajo (COND)"
"EAR_EHRG_SEX_DSB_NB_A","EAR_EHRG_SEX_DSB_NB","Índice de Gini de las ganancias horarias de los asalariados según sexo y situación en términos de discapacidad","A","Anual","EAR_EHRG_NB","Índice de Gini de las ganancias horarias de los asalariados","SEX_DSB","sexo, situación en términos de discapacidad",1997,2025,"24/09/2026 07:00:10",2186,2240,61,,"EAR","Remuneraciones y ingresos","COND","Estadísticas de Salarios y Tiempo de Trabajo (COND)"
"EAR_EHRG_SEX_ECO_NB_A","EAR_EHRG_SEX_ECO_NB","Índice de Gini de las ganancias horarias de los asalariados según sexo y actividad económica","A","Anual","EAR_EHRG_NB","Índice de Gini de las ganancias horarias de los asalariados","SEX_ECO","sexo, actividad económica",1990,2025,"24/09/2026 07:00:10",86551,90826,105,,"EAR","Remuneraciones y ingresos","COND","Estadísticas de Salarios y Tiempo de Trabajo (COND)"
"EAR_EHRG_SEX_OCU_NB_A","EAR_EHRG_SEX_OCU_NB","Índice de Gini de las ganancias horarias de los asalariados según sexo y ocupación","A","Anual","EAR_EHRG_NB","Índice de Gini de las ganancias horarias de los asalariados","SEX_OCU","sexo, ocupación",1991,2025,"24/09/2026 07:00:10",40206,42191,99,,"EAR","Remuneraciones y ingresos","COND","Estadísticas de Salarios y Tiempo de Trabajo (COND)"
"EAR_EMTA_SEX_NB_A","EAR_EMTA_SEX_NB","Ganancias mensuales promedio de los asalariados según sexo (moneda local)","A","Anual","EAR_EMTA_NB","Ganancias mensuales promedio de los asalariados","SEX","sexo",1989,2025,"02/10/2026 07:00:09",5295,5895,158,,"EAR","Remuneraciones y ingresos","COND","Estadísticas de Salarios y Tiempo de Trabajo (COND)"
"EAR_EMTA_SEX_NB_Q","EAR_EMTA_SEX_NB","Ganancias mensuales promedio de los asalariados según sexo (moneda local)","Q","Trimestral","EAR_EMTA_NB","Ganancias mensuales promedio de los asalariados","SEX","sexo",1989,2026,"30/09/2026 07:01:17",7157,7169,63,,"EAR","Remuneraciones y ingresos","COND","Estadísticas de Salarios y Tiempo de Trabajo (COND)"
"EAR_EMTA_SEX_NB_M","EAR_EMTA_SEX_NB","Ganancias mensuales promedio de los asalariados según sexo (moneda local)","M","Mensual","EAR_EMTA_NB","Ganancias mensuales promedio de los asalariados","SEX","sexo",1990,2026,"16/09/2026 07:05:10",8094,8094,27,,"EAR","Remuneraciones y ingresos","COND","Estadísticas de Salarios y Tiempo de Trabajo (COND)"
"EAR_EMTA_SEX_CUR_NB_A","EAR_EMTA_SEX_CUR_NB","Ganancias mensuales promedio de los asalariados según sexo y divisa","A","Anual","EAR_EMTA_NB","Ganancias mensuales promedio de los asalariados","SEX_CUR","sexo, divisa",1969,2025,"25/09/2026 07:00:07",23956,30431,194,,"EAR","Remuneraciones y ingresos","COND","Estadísticas de Salarios y Tiempo de Trabajo (COND)"
"EAR_EMTA_SEX_AGE_NB_A","EAR_EMTA_SEX_AGE_NB","Ganancias mensuales promedio de los asalariados según sexo y edad (moneda local)","A","Anual","EAR_EMTA_NB","Ganancias mensuales promedio de los asalariados","SEX_AGE","sexo, edad",1989,2025,"02/10/2026 07:00:09",77228,85774,158,,"EAR","Remuneraciones y ingresos","COND","Estadísticas de Salarios y Tiempo de Trabajo (COND)"
"EAR_EMTA_SEX_AGE_NB_Q","EAR_EMTA_SEX_AGE_NB","Ganancias mensuales promedio de los asalariados según sexo y edad (moneda local)","Q","Trimestral","EAR_EMTA_NB","Ganancias mensuales promedio de los asalariados","SEX_AGE","sexo, edad",1989,2026,"30/09/2026 07:01:17",105635,105815,60,,"EAR","Remuneraciones y ingresos","COND","Estadísticas de Salarios y Tiempo de Trabajo (COND)"
"EAR_EMTA_SEX_AGE_NB_M","EAR_EMTA_SEX_AGE_NB","Ganancias mensuales promedio de los asalariados según sexo y edad (moneda local)","M","Mensual","EAR_EMTA_NB","Ganancias mensuales promedio de los asalariados","SEX_AGE","sexo, edad",1990,2026,"16/09/2026 07:05:10",49367,49367,27,,"EAR","Remuneraciones y ingresos","COND","Estadísticas de Salarios y Tiempo de Trabajo (COND)"
"EAR_EMTA_SEX_AGE_CUR_NB_A","EAR_EMTA_SEX_AGE_CUR_NB","Ganancias mensuales promedio de los asalariados según sexo, edad y divisa","A","Anual","EAR_EMTA_NB","Ganancias mensuales promedio de los asalariados","SEX_AGE_CUR","sexo, edad, divisa",1989,2025,"25/09/2026 07:00:07",120031,133664,156,,"EAR","Remuneraciones y ingresos","COND","Estadísticas de Salarios y Tiempo de Trabajo (COND)"
"EAR_EMTA_SEX_EDU_NB_A","EAR_EMTA_SEX_EDU_NB","Ganancias mensuales promedio de los asalariados según sexo y educación (moneda local)","A","Anual","EAR_EMTA_NB","Ganancias mensuales promedio de los asalariados","SEX_EDU","sexo, educación",1989,2025,"02/10/2026 07:00:09",56107,61567,150,,"EAR","Remuneraciones y ingresos","COND","Estadísticas de Salarios y Tiempo de Trabajo (COND)"
"EAR_EMTA_SEX_EDU_NB_Q","EAR_EMTA_SEX_EDU_NB","Ganancias mensuales promedio de los asalariados según sexo y educación (moneda local)","Q","Trimestral","EAR_EMTA_NB","Ganancias mensuales promedio de los asalariados","SEX_EDU","sexo, educación",1994,2026,"30/09/2026 07:01:17",95641,95710,54,,"EAR","Remuneraciones y ingresos","COND","Estadísticas de Salarios y Tiempo de Trabajo (COND)"
"EAR_EMTA_SEX_EDU_CUR_NB_A","EAR_EMTA_SEX_EDU_CUR_NB","Ganancias mensuales promedio de los asalariados según sexo, educación y divisa","A","Anual","EAR_EMTA_NB","Ganancias mensuales promedio de los asalariados","SEX_EDU_CUR","sexo, educación, divisa",1989,2025,"25/09/2026 07:00:07",157012,172996,149,,"EAR","Remuneraciones y ingresos","COND","Estadísticas de Salarios y Tiempo de Trabajo (COND)"
"EAR_EMTA_SEX_GEO_NB_A","EAR_EMTA_SEX_GEO_NB","Ganancias mensuales promedio de los asalariados según sexo y zonas rurales / urbanes (moneda local)","A","Anual","EAR_EMTA_NB","Ganancias mensuales promedio de los asalariados","SEX_GEO","sexo, zonas rurales/urbanes",1989,2025,"24/09/2026 07:00:10",12934,14045,129,,"EAR","Remuneraciones y ingresos","COND","Estadísticas de Salarios y Tiempo de Trabajo (COND)"
"EAR_EMTA_SEX_GEO_NB_Q","EAR_EMTA_SEX_GEO_NB","Ganancias mensuales promedio de los asalariados según sexo y zonas rurales / urbanes (moneda local)","Q","Trimestral","EAR_EMTA_NB","Ganancias mensuales promedio de los asalariados","SEX_GEO","sexo, zonas rurales/urbanes",1995,2026,"30/09/2026 07:01:17",14566,14602,46,,"EAR","Remuneraciones y ingresos","COND","Estadísticas de Salarios y Tiempo de Trabajo (COND)"
"EAR_EMTA_SEX_GEO_CUR_NB_A","EAR_EMTA_SEX_GEO_CUR_NB","Ganancias mensuales promedio de los asalariados según sexo, zonas rurales / urbanes y divisa","A","Anual","EAR_EMTA_NB","Ganancias mensuales promedio de los asalariados","SEX_GEO_CUR","sexo, zonas rurales/urbanes, divisa",1989,2025,"25/09/2026 07:00:07",38022,41331,128,,"EAR","Remuneraciones y ingresos","COND","Estadísticas de Salarios y Tiempo de Trabajo (COND)"
"EAR_EMTA_SEX_MTS_NB_A","EAR_EMTA_SEX_MTS_NB","Ganancias mensuales promedio de los asalariados según sexo y estado civil (moneda local)","A","Anual","EAR_EMTA_NB","Ganancias mensuales promedio de los asalariados","SEX_MTS","sexo, estado civil",1989,2025,"02/10/2026 07:00:09",44629,49047,148,,"EAR","Remuneraciones y ingresos","COND","Estadísticas de Salarios y Tiempo de Trabajo (COND)"
"EAR_EMTA_SEX_MTS_NB_Q","EAR_EMTA_SEX_MTS_NB","Ganancias mensuales promedio de los asalariados según sexo y estado civil (moneda local)","Q","Trimestral","EAR_EMTA_NB","Ganancias mensuales promedio de los asalariados","SEX_MTS","sexo, estado civil",1989,2026,"30/09/2026 07:01:17",20406,20406,52,,"EAR","Remuneraciones y ingresos","COND","Estadísticas de Salarios y Tiempo de Trabajo (COND)"
"EAR_EMTA_SEX_MTS_CUR_NB_A","EAR_EMTA_SEX_MTS_CUR_NB","Ganancias mensuales promedio de los asalariados según sexo, estado civil y divisa","A","Anual","EAR_EMTA_NB","Ganancias mensuales promedio de los asalariados","SEX_MTS_CUR","sexo, estado civil, divisa",1989,2025,"25/09/2026 07:00:07",45672,50265,147,,"EAR","Remuneraciones y ingresos","COND","Estadísticas de Salarios y Tiempo de Trabajo (COND)"
"EAR_EMTA_SEX_DSB_NB_A","EAR_EMTA_SEX_DSB_NB","Ganancias mensuales promedio de los asalariados según sexo y situación en términos de discapacidad (moneda local)","A","Anual","EAR_EMTA_NB","Ganancias mensuales promedio de los asalariados","SEX_DSB","sexo, situación en términos de discapacidad",1996,2025,"02/10/2026 07:00:09",8258,8537,106,,"EAR","Remuneraciones y ingresos","COND","Estadísticas de Salarios y Tiempo de Trabajo (COND)"
"EAR_EMTA_SEX_DSB_NB_Q","EAR_EMTA_SEX_DSB_NB","Ganancias mensuales promedio de los asalariados según sexo y situación en términos de discapacidad (moneda local)","Q","Trimestral","EAR_EMTA_NB","Ganancias mensuales promedio de los asalariados","SEX_DSB","sexo, situación en términos de discapacidad",1998,2026,"17/09/2026 07:02:18",4387,4423,22,,"EAR","Remuneraciones y ingresos","COND","Estadísticas de Salarios y Tiempo de Trabajo (COND)"
"EAR_EMTA_SEX_DSB_CUR_NB_A","EAR_EMTA_SEX_DSB_CUR_NB","Ganancias mensuales promedio de los asalariados según sexo, situación en términos de discapacidad y divisa","A","Anual","EAR_EMTA_NB","Ganancias mensuales promedio de los asalariados","SEX_DSB_CUR","sexo, situación en términos de discapacidad, divisa",1996,2025,"25/09/2026 07:00:07",24158,24992,106,,"EAR","Remuneraciones y ingresos","COND","Estadísticas de Salarios y Tiempo de Trabajo (COND)"
"EAR_EMTA_SEX_CCT_NB_A","EAR_EMTA_SEX_CCT_NB","Ganancias mensuales promedio de los asalariados según sexo y nacionalidad (moneda local)","A","Anual","EAR_EMTA_NB","Ganancias mensuales promedio de los asalariados","SEX_CCT","sexo, ciudadania",1991,2025,"15/05/2026 19:02:00",4184,4593,84,,"EAR","Remuneraciones y ingresos","ILMS","Estadísticas de Migración Laboral Internacional (ILMS)"
"EAR_EMTA_SEX_CCT_CUR_NB_A","EAR_EMTA_SEX_CCT_CUR_NB","Ganancias mensuales promedio de los asalariados según sexo, ciudadania y divisa","A","Anual","EAR_EMTA_NB","Ganancias mensuales promedio de los asalariados","SEX_CCT_CUR","sexo, ciudadania, divisa",1991,2025,"11/08/2026 18:55:07",10672,11815,79,,"MST","Stock internacional de migrantes","ILMS","Estadísticas de Migración Laboral Internacional (ILMS)"
"EAR_EMTA_SEX_CBR_NB_A","EAR_EMTA_SEX_CBR_NB","Ganancias mensuales promedio de los asalariados según sexo y lugar de nacimiento (moneda local)","A","Anual","EAR_EMTA_NB","Ganancias mensuales promedio de los asalariados","SEX_CBR","sexo, lugar de nacimiento",1989,2025,"15/05/2026 19:02:00",6170,6813,105,,"EAR","Remuneraciones y ingresos","ILMS","Estadísticas de Migración Laboral Internacional (ILMS)"
"EAR_EMTA_SEX_CBR_CUR_NB_A","EAR_EMTA_SEX_CBR_CUR_NB","Ganancias mensuales promedio de los asalariados según sexo, lugar de nacimiento y divisa","A","Anual","EAR_EMTA_NB","Ganancias mensuales promedio de los asalariados","SEX_CBR_CUR","sexo, lugar de nacimiento, divisa",1989,2025,"11/08/2026 18:55:07",16450,18136,100,,"MST","Stock internacional de migrantes","ILMS","Estadísticas de Migración Laboral Internacional (ILMS)"
"EAR_EMTA_SEX_ECO_NB_A","EAR_EMTA_SEX_ECO_NB","Ganancias mensuales promedio de los asalariados según sexo y actividad económica (moneda local)","A","Anual","EAR_EMTA_NB","Ganancias mensuales promedio de los asalariados","SEX_ECO","sexo, actividad económica",1969,2025,"02/10/2026 07:00:09",166755,213474,194,,"EAR","Remuneraciones y ingresos","COND","Estadísticas de Salarios y Tiempo de Trabajo (COND)"
"EAR_EMTA_SEX_ECO_NB_Q","EAR_EMTA_SEX_ECO_NB","Ganancias mensuales promedio de los asalariados según sexo y actividad económica (moneda local)","Q","Trimestral","EAR_EMTA_NB","Ganancias mensuales promedio de los asalariados","SEX_ECO","sexo, actividad económica",1989,2026,"30/09/2026 07:01:17",194912,195314,67,,"EAR","Remuneraciones y ingresos","COND","Estadísticas de Salarios y Tiempo de Trabajo (COND)"
"EAR_EMTA_SEX_ECO_NB_M","EAR_EMTA_SEX_ECO_NB","Ganancias mensuales promedio de los asalariados según sexo y actividad económica (moneda local)","M","Mensual","EAR_EMTA_NB","Ganancias mensuales promedio de los asalariados","SEX_ECO","sexo, actividad económica",1989,2026,"16/09/2026 07:05:10",86315,86315,42,,"EAR","Remuneraciones y ingresos","COND","Estadísticas de Salarios y Tiempo de Trabajo (COND)"
"EAR_EMTA_SEX_ECO_CUR_NB_A","EAR_EMTA_SEX_ECO_CUR_NB","Ganancias mensuales promedio de los asalariados según sexo, actividad económica y divisa","A","Anual","EAR_EMTA_NB","Ganancias mensuales promedio de los asalariados","SEX_ECO_CUR","sexo, actividad económica, divisa",1969,2025,"25/09/2026 07:00:07",561167,720795,197,,"EAR","Remuneraciones y ingresos","COND","Estadísticas de Salarios y Tiempo de Trabajo (COND)"
"EAR_EMTA_SEX_OCU_NB_A","EAR_EMTA_SEX_OCU_NB","Ganancias mensuales promedio de los asalariados según sexo y ocupación (moneda local)","A","Anual","EAR_EMTA_NB","Ganancias mensuales promedio de los asalariados","SEX_OCU","sexo, ocupación",1989,2025,"02/10/2026 07:00:09",82965,101555,166,,"EAR","Remuneraciones y ingresos","COND","Estadísticas de Salarios y Tiempo de Trabajo (COND)"
"EAR_EMTA_SEX_OCU_NB_Q","EAR_EMTA_SEX_OCU_NB","Ganancias mensuales promedio de los asalariados según sexo y ocupación (moneda local)","Q","Trimestral","EAR_EMTA_NB","Ganancias mensuales promedio de los asalariados","SEX_OCU","sexo, ocupación",1995,2026,"30/09/2026 07:01:17",100779,100971,54,,"EAR","Remuneraciones y ingresos","COND","Estadísticas de Salarios y Tiempo de Trabajo (COND)"
"EAR_EMTA_SEX_OCU_NB_M","EAR_EMTA_SEX_OCU_NB","Ganancias mensuales promedio de los asalariados según sexo y ocupación (moneda local)","M","Mensual","EAR_EMTA_NB","Ganancias mensuales promedio de los asalariados","SEX_OCU","sexo, ocupación",2001,2026,"16/09/2026 07:05:10",20410,20410,10,,"EAR","Remuneraciones y ingresos","COND","Estadísticas de Salarios y Tiempo de Trabajo (COND)"
"EAR_EMTA_SEX_OCU_CUR_NB_A","EAR_EMTA_SEX_OCU_CUR_NB","Ganancias mensuales promedio de los asalariados según sexo, ocupación y divisa","A","Anual","EAR_EMTA_NB","Ganancias mensuales promedio de los asalariados","SEX_OCU_CUR","sexo, ocupación, divisa",1989,2025,"25/09/2026 07:00:07",237154,291793,162,,"EAR","Remuneraciones y ingresos","COND","Estadísticas de Salarios y Tiempo de Trabajo (COND)"
"EAR_EMTM_SEX_NB_A","EAR_EMTM_SEX_NB","Ganancias mensuales medianas de los asalariados según sexo (moneda local)","A","Anual","EAR_EMTM_NB","Ganancias mensuales medianas de los asalariados","SEX","sexo",1989,2025,"02/10/2026 07:00:09",5140,5708,151,,"EAR","Remuneraciones y ingresos","COND","Estadísticas de Salarios y Tiempo de Trabajo (COND)"
"EAR_EMTM_SEX_CUR_NB_A","EAR_EMTM_SEX_CUR_NB","Ganancias mensuales medianas de los asalariados según sexo y divisa","A","Anual","EAR_EMTM_NB","Ganancias mensuales medianas de los asalariados","SEX_CUR","sexo, divisa",1989,2025,"25/09/2026 07:00:07",15042,16737,150,,"EAR","Remuneraciones y ingresos","COND","Estadísticas de Salarios y Tiempo de Trabajo (COND)"
"EAR_EMTM_SEX_AGE_NB_A","EAR_EMTM_SEX_AGE_NB","Ganancias mensuales medianas de los asalariados según sexo y edad (moneda local)","A","Anual","EAR_EMTM_NB","Ganancias mensuales medianas de los asalariados","SEX_AGE","sexo, edad",1989,2025,"02/10/2026 07:00:09",76947,85461,151,,"EAR","Remuneraciones y ingresos","COND","Estadísticas de Salarios y Tiempo de Trabajo (COND)"
"EAR_EMTM_SEX_AGE_CUR_NB_A","EAR_EMTM_SEX_AGE_CUR_NB","Ganancias mensuales medianas de los asalariados según sexo, edad y divisa","A","Anual","EAR_EMTM_NB","Ganancias mensuales medianas de los asalariados","SEX_AGE_CUR","sexo, edad, divisa",1989,2025,"25/09/2026 07:00:07",119412,132951,150,,"EAR","Remuneraciones y ingresos","COND","Estadísticas de Salarios y Tiempo de Trabajo (COND)"
"EAR_EMTM_SEX_EDU_NB_A","EAR_EMTM_SEX_EDU_NB","Ganancias mensuales medianas de los asalariados según sexo y educación (moneda local)","A","Anual","EAR_EMTM_NB","Ganancias mensuales medianas de los asalariados","SEX_EDU","sexo, educación",1989,2025,"02/10/2026 07:00:09",55981,61441,150,,"EAR","Remuneraciones y ingresos","COND","Estadísticas de Salarios y Tiempo de Trabajo (COND)"
"EAR_EMTM_SEX_EDU_CUR_NB_A","EAR_EMTM_SEX_EDU_CUR_NB","Ganancias mensuales medianas de los asalariados según sexo, educación y divisa","A","Anual","EAR_EMTM_NB","Ganancias mensuales medianas de los asalariados","SEX_EDU_CUR","sexo, educación, divisa",1989,2025,"25/09/2026 07:00:07",156640,172624,149,,"EAR","Remuneraciones y ingresos","COND","Estadísticas de Salarios y Tiempo de Trabajo (COND)"
"EAR_EMTM_SEX_GEO_NB_A","EAR_EMTM_SEX_GEO_NB","Ganancias mensuales medianas de los asalariados según sexo y zonas rurales / urbanes (moneda local)","A","Anual","EAR_EMTM_NB","Ganancias mensuales medianas de los asalariados","SEX_GEO","sexo, zonas rurales/urbanes",1989,2025,"24/09/2026 07:00:10",12907,14018,129,,"EAR","Remuneraciones y ingresos","COND","Estadísticas de Salarios y Tiempo de Trabajo (COND)"
"EAR_EMTM_SEX_GEO_CUR_NB_A","EAR_EMTM_SEX_GEO_CUR_NB","Ganancias mensuales medianas de los asalariados según sexo, zonas rurales / urbanes y divisa","A","Anual","EAR_EMTM_NB","Ganancias mensuales medianas de los asalariados","SEX_GEO_CUR","sexo, zonas rurales/urbanes, divisa",1989,2025,"25/09/2026 07:00:07",37941,41250,128,,"EAR","Remuneraciones y ingresos","COND","Estadísticas de Salarios y Tiempo de Trabajo (COND)"
"EAR_EMTM_SEX_MTS_NB_A","EAR_EMTM_SEX_MTS_NB","Ganancias mensuales medianas de los asalariados según sexo y estado civil (moneda local)","A","Anual","EAR_EMTM_NB","Ganancias mensuales medianas de los asalariados","SEX_MTS","sexo, estado civil",1989,2025,"02/10/2026 07:00:09",44548,48966,148,,"EAR","Remuneraciones y ingresos","COND","Estadísticas de Salarios y Tiempo de Trabajo (COND)"
"EAR_EMTM_SEX_MTS_CUR_NB_A","EAR_EMTM_SEX_MTS_CUR_NB","Ganancias mensuales medianas de los asalariados según sexo, estado civil y divisa","A","Anual","EAR_EMTM_NB","Ganancias mensuales medianas de los asalariados","SEX_MTS_CUR","sexo, estado civil, divisa",1989,2025,"25/09/2026 07:00:07",45591,50184,147,,"EAR","Remuneraciones y ingresos","COND","Estadísticas de Salarios y Tiempo de Trabajo (COND)"
"EAR_EMTM_SEX_DSB_NB_A","EAR_EMTM_SEX_DSB_NB","Ganancias mensuales medianas de los asalariados según sexo y situación en términos de discapacidad (moneda local)","A","Anual","EAR_EMTM_NB","Ganancias mensuales medianas de los asalariados","SEX_DSB","sexo, situación en términos de discapacidad",1996,2025,"02/10/2026 07:00:09",8258,8537,106,,"EAR","Remuneraciones y ingresos","COND","Estadísticas de Salarios y Tiempo de Trabajo (COND)"
"EAR_EMTM_SEX_DSB_CUR_NB_A","EAR_EMTM_SEX_DSB_CUR_NB","Ganancias mensuales medianas de los asalariados según sexo, situación en términos de discapacidad y divisa","A","Anual","EAR_EMTM_NB","Ganancias mensuales medianas de los asalariados","SEX_DSB_CUR","sexo, situación en términos de discapacidad, divisa",1996,2025,"25/09/2026 07:00:07",24158,24992,106,,"EAR","Remuneraciones y ingresos","COND","Estadísticas de Salarios y Tiempo de Trabajo (COND)"
"EAR_EMTM_SEX_ECO_NB_A","EAR_EMTM_SEX_ECO_NB","Ganancias mensuales medianas de los asalariados según sexo y actividad económica (moneda local)","A","Anual","EAR_EMTM_NB","Ganancias mensuales medianas de los asalariados","SEX_ECO","sexo, actividad económica",1989,2025,"02/10/2026 07:00:09",131312,145875,148,,"EAR","Remuneraciones y ingresos","COND","Estadísticas de Salarios y Tiempo de Trabajo (COND)"
"EAR_EMTM_SEX_ECO_CUR_NB_A","EAR_EMTM_SEX_ECO_CUR_NB","Ganancias mensuales medianas de los asalariados según sexo, actividad económica y divisa","A","Anual","EAR_EMTM_NB","Ganancias mensuales medianas de los asalariados","SEX_ECO_CUR","sexo, actividad económica, divisa",1989,2025,"25/09/2026 07:00:07",418220,464145,150,,"EAR","Remuneraciones y ingresos","COND","Estadísticas de Salarios y Tiempo de Trabajo (COND)"
"EAR_EMTM_SEX_OCU_NB_A","EAR_EMTM_SEX_OCU_NB","Ganancias mensuales medianas de los asalariados según sexo y ocupación (moneda local)","A","Anual","EAR_EMTM_NB","Ganancias mensuales medianas de los asalariados","SEX_OCU","sexo, ocupación",1989,2025,"02/10/2026 07:00:09",76470,85357,141,,"EAR","Remuneraciones y ingresos","COND","Estadísticas de Salarios y Tiempo de Trabajo (COND)"
"EAR_EMTM_SEX_OCU_CUR_NB_A","EAR_EMTM_SEX_OCU_CUR_NB","Ganancias mensuales medianas de los asalariados según sexo, ocupación y divisa","A","Anual","EAR_EMTM_NB","Ganancias mensuales medianas de los asalariados","SEX_OCU_CUR","sexo, ocupación, divisa",1989,2025,"25/09/2026 07:00:07",218592,244512,140,,"EAR","Remuneraciones y ingresos","COND","Estadísticas de Salarios y Tiempo de Trabajo (COND)"
"EAR_EMTG_SEX_NB_A","EAR_EMTG_SEX_NB","Índice de Gini de las ganancias mensuales de los asalariados según sexo","A","Anual","EAR_EMTG_NB","Índice de Gini de las ganancias mensuales de los asalariados","SEX","sexo",1989,2025,"02/10/2026 07:00:09",5140,5708,151,,"EAR","Remuneraciones y ingresos","COND","Estadísticas de Salarios y Tiempo de Trabajo (COND)"
"EAR_EMTG_SEX_AGE_NB_A","EAR_EMTG_SEX_AGE_NB","Índice de Gini de las ganancias mensuales de los asalariados según sexo y edad","A","Anual","EAR_EMTG_NB","Índice de Gini de las ganancias mensuales de los asalariados","SEX_AGE","sexo, edad",1989,2025,"02/10/2026 07:00:09",41047,45589,151,,"EAR","Remuneraciones y ingresos","COND","Estadísticas de Salarios y Tiempo de Trabajo (COND)"
"EAR_EMTG_SEX_EDU_NB_A","EAR_EMTG_SEX_EDU_NB","Índice de Gini de las ganancias mensuales de los asalariados según sexo y educación","A","Anual","EAR_EMTG_NB","Índice de Gini de las ganancias mensuales de los asalariados","SEX_EDU","sexo, educación",1989,2025,"02/10/2026 07:00:09",55981,61441,150,,"EAR","Remuneraciones y ingresos","COND","Estadísticas de Salarios y Tiempo de Trabajo (COND)"
"EAR_EMTG_SEX_GEO_NB_A","EAR_EMTG_SEX_GEO_NB","Índice de Gini de las ganancias mensuales de los asalariados según sexo y zonas rurales / urbanes","A","Anual","EAR_EMTG_NB","Índice de Gini de las ganancias mensuales de los asalariados","SEX_GEO","sexo, zonas rurales/urbanes",1989,2025,"24/09/2026 07:00:10",12907,14018,129,,"EAR","Remuneraciones y ingresos","COND","Estadísticas de Salarios y Tiempo de Trabajo (COND)"
"EAR_EMTG_SEX_MTS_NB_A","EAR_EMTG_SEX_MTS_NB","Índice de Gini de las ganancias mensuales de los asalariados según sexo y estado civil","A","Anual","EAR_EMTG_NB","Índice de Gini de las ganancias mensuales de los asalariados","SEX_MTS","sexo, estado civil",1989,2025,"02/10/2026 07:00:09",44548,48966,148,,"EAR","Remuneraciones y ingresos","COND","Estadísticas de Salarios y Tiempo de Trabajo (COND)"
"EAR_EMTG_SEX_DSB_NB_A","EAR_EMTG_SEX_DSB_NB","Índice de Gini de las ganancias mensuales de los asalariados según sexo y situación en términos de discapacidad","A","Anual","EAR_EMTG_NB","Índice de Gini de las ganancias mensuales de los asalariados","SEX_DSB","sexo, situación en términos de discapacidad",1996,2025,"02/10/2026 07:00:09",8258,8537,106,,"EAR","Remuneraciones y ingresos","COND","Estadísticas de Salarios y Tiempo de Trabajo (COND)"
"EAR_EMTG_SEX_ECO_NB_A","EAR_EMTG_SEX_ECO_NB","Índice de Gini de las ganancias mensuales de los asalariados según sexo y actividad económica","A","Anual","EAR_EMTG_NB","Índice de Gini de las ganancias mensuales de los asalariados","SEX_ECO","sexo, actividad económica",1989,2025,"02/10/2026 07:00:09",147828,162938,148,,"EAR","Remuneraciones y ingresos","COND","Estadísticas de Salarios y Tiempo de Trabajo (COND)"
"EAR_EMTG_SEX_OCU_NB_A","EAR_EMTG_SEX_OCU_NB","Índice de Gini de las ganancias mensuales de los asalariados según sexo y ocupación","A","Anual","EAR_EMTG_NB","Índice de Gini de las ganancias mensuales de los asalariados","SEX_OCU","sexo, ocupación",1989,2025,"02/10/2026 07:00:09",76470,85357,141,,"EAR","Remuneraciones y ingresos","COND","Estadísticas de Salarios y Tiempo de Trabajo (COND)"
"GED_PEAR_SEX_HHT_CHL_NB_A","GED_PEAR_SEX_HHT_CHL_NB","Ganancias mensuales promedio de los empleados de 25 a 54 años según sexo, tipo de hogar y presencia de niños (moneda local)","A","Anual","GED_PEAR_NB","Ganancias mensuales promedio de los empleados de 25 a 54 años","SEX_HHT_CHL","sexo, tipo de hogar, presencia de niños",2000,2026,"02/09/2026 07:06:04",50683,54045,64,,"EAR","Remuneraciones y ingresos","GEND","Indicadores de Igualdad de Género y No Discriminación (GEND)"
"GED_PEAR_SEX_HHT_GEO_NB_A","GED_PEAR_SEX_HHT_GEO_NB","Ganancias mensuales promedio de los empleados de 25 a 54 años según sexo, tipo de hogar y zonas rurales / urbanas (moneda local)","A","Anual","GED_PEAR_NB","Ganancias mensuales promedio de los empleados de 25 a 54 años","SEX_HHT_GEO","sexo, tipo de hogar, zonas rurales/urbanes",2000,2026,"02/09/2026 07:06:04",19081,19783,53,,"EAR","Remuneraciones y ingresos","GEND","Indicadores de Igualdad de Género y No Discriminación (GEND)"
"EAR_INEE_NOC_NB_A","EAR_INEE_NOC_NB","Salario mínimo mensual (moneda local)","A","Anual","EAR_INEE_NB","Salario mínimo mensual",,"",1980,2026,"03/09/2026 14:52:05",3964,3972,175,,"EAR","Remuneraciones y ingresos","COND","Estadísticas de Salarios y Tiempo de Trabajo (COND)"
"EAR_INEE_CUR_NB_A","EAR_INEE_CUR_NB","Salario mínimo mensual según divisa","A","Anual","EAR_INEE_NB","Salario mínimo mensual","CUR","divisa",1980,2026,"27/09/2026 07:11:04",11332,11355,175,,"EAR","Remuneraciones y ingresos","COND","Estadísticas de Salarios y Tiempo de Trabajo (COND)"
"EAR_XTLP_SEX_RT_A","EAR_XTLP_SEX_RT","Tasa de salarios bajos (%)","A","Anual","EAR_XTLP_RT","Tasa de salarios bajos","SEX","sexo",1990,2025,"24/09/2026 07:00:10",4868,5385,138,,"EAR","Remuneraciones y ingresos","COND","Estadísticas de Salarios y Tiempo de Trabajo (COND)"
"EAR_XFLS_NOC_RT_A","EAR_XFLS_NOC_RT","Proporción de mujeres en los asalariados pagados los salarios bajos (%)","A","Anual","EAR_XFLS_RT","Proporción de mujeres en los asalariados pagados los salarios bajos",,"",1990,2025,"24/09/2026 07:05:07",1145,1223,137,,"EAR","Remuneraciones y ingresos","GEND","Indicadores de Igualdad de Género y No Discriminación (GEND)"
"EAR_GGAP_OCU_RT_A","EAR_GGAP_OCU_RT","Brecha salarial de género según ocupación (%)","A","Anual","EAR_GGAP_RT","Brecha salarial de género","OCU","ocupación",1969,2025,"24/09/2026 07:05:07",14820,15804,124,,"EAR","Remuneraciones y ingresos","GEND","Indicadores de Igualdad de Género y No Discriminación (GEND)"
"CPI_XCPI_COI_RT_A","CPI_XCPI_COI_RT","IPC: Índice nacional de precios al consumidor, año base 2017 = 100 según CCIF","A","Anual","CPI_XCPI_RT","IPC: Índice nacional de precios al consumidor, año base 2017 = 100","COI","ccif",1914,2025,"27/09/2026 07:19:05",47039,47039,198,,"CPI","Precios y factores de conversión","PRICES","Precios, Costos y Conversiones de Moneda (PRICES)"
"CPI_XCPI_COI_RT_Q","CPI_XCPI_COI_RT","IPC: Índice nacional de precios al consumidor, año base 2017 = 100 según CCIF","Q","Trimestral","CPI_XCPI_RT","IPC: Índice nacional de precios al consumidor, año base 2017 = 100","COI","ccif",1914,2026,"27/09/2026 07:21:05",192186,192186,199,,"CPI","Precios y factores de conversión","PRICES","Precios, Costos y Conversiones de Moneda (PRICES)"
"CPI_XCPI_COI_RT_M","CPI_XCPI_COI_RT","IPC: Índice nacional de precios al consumidor, año base 2017 = 100 según CCIF","M","Mensual","CPI_XCPI_RT","IPC: Índice nacional de precios al consumidor, año base 2017 = 100","COI","ccif",1914,2026,"27/09/2026 07:20:08",562943,562943,199,,"CPI","Precios y factores de conversión","PRICES","Precios, Costos y Conversiones de Moneda (PRICES)"
"CPI_NCPD_COI_RT_Q","CPI_NCPD_COI_RT","IPC: Índice nacional de precios al consumidor, porcentaje de variación con respecto al período anterior según CCIF (%)","Q","Trimestral","CPI_NCPD_RT","IPC: Índice nacional de precios al consumidor, porcentaje de variación con respecto al período anterior","COI","ccif",1914,2026,"27/09/2026 07:21:05",184148,184148,198,,"CPI","Precios y factores de conversión","PRICES","Precios, Costos y Conversiones de Moneda (PRICES)"
"CPI_NCPD_COI_RT_M","CPI_NCPD_COI_RT","IPC: Índice nacional de precios al consumidor, porcentaje de variación con respecto al período anterior según CCIF (%)","M","Mensual","CPI_NCPD_RT","IPC: Índice nacional de precios al consumidor, porcentaje de variación con respecto al período anterior","COI","ccif",1914,2026,"27/09/2026 07:20:08",487163,487163,198,,"CPI","Precios y factores de conversión","PRICES","Precios, Costos y Conversiones de Moneda (PRICES)"
"CPI_NCYR_COI_RT_A","CPI_NCYR_COI_RT","IPC: Índice nacional de precios al consumidor, porcentaje de variación con respecto al año anterior según CCIF (%)","A","Anual","CPI_NCYR_RT","IPC: Índice nacional de precios al consumidor, porcentaje de variación con respecto al año anterior","COI","ccif",1915,2025,"20/09/2026 07:34:04",45093,45093,198,,"CPI","Precios y factores de conversión","PRICES","Precios, Costos y Conversiones de Moneda (PRICES)"
"CPI_NCYR_COI_RT_Q","CPI_NCYR_COI_RT","IPC: Índice nacional de precios al consumidor, porcentaje de variación con respecto al año anterior según CCIF (%)","Q","Trimestral","CPI_NCYR_RT","IPC: Índice nacional de precios al consumidor, porcentaje de variación con respecto al año anterior","COI","ccif",1915,2026,"27/09/2026 07:21:05",183535,183535,199,,"CPI","Precios y factores de conversión","PRICES","Precios, Costos y Conversiones de Moneda (PRICES)"
"CPI_NCYR_COI_RT_M","CPI_NCYR_COI_RT","IPC: Índice nacional de precios al consumidor, porcentaje de variación con respecto al año anterior según CCIF (%)","M","Mensual","CPI_NCYR_RT","IPC: Índice nacional de precios al consumidor, porcentaje de variación con respecto al año anterior","COI","ccif",1915,2026,"27/09/2026 07:20:08",536777,536777,199,,"CPI","Precios y factores de conversión","PRICES","Precios, Costos y Conversiones de Moneda (PRICES)"
"CPI_NWGT_COI_RT_A","CPI_NWGT_COI_RT","IPC: Índice nacional de precios al consumidor, ponderaciones de los países según CCIF (%)","A","Anual","CPI_NWGT_RT","IPC: Índice nacional de precios al consumidor, ponderaciones de los países","COI","ccif",1980,2025,"20/09/2026 07:34:04",41302,41302,175,,"CPI","Precios y factores de conversión","PRICES","Precios, Costos y Conversiones de Moneda (PRICES)"
"CCF_XOXR_CUR_RT_A","CCF_XOXR_CUR_RT","Tipo de cambio oficial, UML por dólar estadounidense","A","Anual","CCF_XOXR_RT","Tipo de cambio oficial, UML por dólar estadounidense","CUR","divisa",1969,2026,"06/08/2026 07:37:36",7216,7216,194,,"CPI","Precios y factores de conversión","PRICES","Precios, Costos y Conversiones de Moneda (PRICES)"
"CCF_XPPP_CUR_RT_A","CCF_XPPP_CUR_RT","Factor de conversión PPA para el consumo privado, unidades de moneda local por dólar internacional","A","Anual","CCF_XPPP_RT","Factor de conversión PPA para el consumo privado, unidades de moneda local por dólar internacional","CUR","divisa",1990,2026,"27/09/2026 07:19:05",5931,5931,195,,"CPI","Precios y factores de conversión","PRICES","Precios, Costos y Conversiones de Moneda (PRICES)"
"LAC_XEES_NOC_NB_A","LAC_XEES_NOC_NB","Costo de la mano de obra promedio por hora por asalariado - Discontinuado (moneda local)","A","Anual","LAC_XEES_NB","Costo de la mano de obra promedio por hora por asalariado - Discontinuado",,"",1994,2025,"15/05/2026 14:25:06",469,472,53,,"LAC","Costo de la mano de obra","PRICES","Precios, Costos y Conversiones de Moneda (PRICES)"
"LAC_XEES_CUR_NB_A","LAC_XEES_CUR_NB","Costo horario promedio de la mano de obra de los asalariado según divisa - Discontinuado","A","Anual","LAC_XEES_NB","Costo de la mano de obra promedio por hora por asalariado - Discontinuado","CUR","divisa",1996,2025,"15/05/2026 14:25:06",1071,1080,33,,"LAC","Costo de la mano de obra","PRICES","Precios, Costos y Conversiones de Moneda (PRICES)"
"LAC_XEES_ECO_NB_A","LAC_XEES_ECO_NB","Costo de la mano de obra promedio por hora por asalariado según actividad económica - Discontinuado (moneda local)","A","Anual","LAC_XEES_NB","Costo de la mano de obra promedio por hora por asalariado - Discontinuado","ECO","actividad económica",1994,2025,"08/09/2026 07:16:04",18003,18112,72,,"LAC","Costo de la mano de obra","PRICES","Precios, Costos y Conversiones de Moneda (PRICES)"
"LAC_XEES_ECO_CUR_NB_A","LAC_XEES_ECO_CUR_NB","Costo horario promedio de la mano de obra de los asalariado según actividad económica y divisa - Discontinuado","A","Anual","LAC_XEES_NB","Costo de la mano de obra promedio por hora por asalariado - Discontinuado","ECO_CUR","actividad económica, divisa",1995,2025,"09/09/2026 07:23:06",44193,44418,53,,"LAC","Costo de la mano de obra","PRICES","Precios, Costos y Conversiones de Moneda (PRICES)"
"INJ_DAYS_SEX_MIG_NB_A","INJ_DAYS_SEX_MIG_NB","Días perdidos por casos de lesión profesional que llevaron a una incapacidad temporal según sexo y condición de migrante","A","Anual","INJ_DAYS_NB","Días perdidos por casos de lesión profesional que llevaron a una incapacidad temporal","SEX_MIG","sexo, situación de migrante",1975,2024,"31/08/2026 14:42:05",6067,6110,118,,"INJ","Lesiones profesionales","OSH","Estadísticas de Seguridad y Salud en el Trabajo (OSH)"
"INJ_DAYS_ECO_NB_A","INJ_DAYS_ECO_NB","Días perdidos por casos de lesión profesional que llevaron a una incapacidad temporal según actividad económica","A","Anual","INJ_DAYS_NB","Días perdidos por casos de lesión profesional que llevaron a una incapacidad temporal","ECO","actividad económica",1975,2024,"27/09/2026 07:18:07",31541,31733,117,,"INJ","Lesiones profesionales","OSH","Estadísticas de Seguridad y Salud en el Trabajo (OSH)"
"INJ_FATL_SEX_MIG_NB_A","INJ_FATL_SEX_MIG_NB","Casos de lesiones profesionales fatales según sexo y condición de migrante","A","Anual","INJ_FATL_NB","Casos de lesiones profesionales fatales","SEX_MIG","sexo, situación de migrante",1970,2024,"11/09/2026 08:26:35",8622,8684,151,,"INJ","Lesiones profesionales","OSH","Estadísticas de Seguridad y Salud en el Trabajo (OSH)"
"INJ_FATL_ECO_NB_A","INJ_FATL_ECO_NB","Casos de lesiones profesionales fatales según actividad económica","A","Anual","INJ_FATL_NB","Casos de lesiones profesionales fatales","ECO","actividad económica",1970,2024,"27/09/2026 07:18:07",43953,44170,148,,"INJ","Lesiones profesionales","OSH","Estadísticas de Seguridad y Salud en el Trabajo (OSH)"
"INJ_NFTL_SEX_MIG_NB_A","INJ_NFTL_SEX_MIG_NB","Casos de lesiones profesionales no fatales según sexo y condición de migrante","A","Anual","INJ_NFTL_NB","Casos de lesiones profesionales no fatales","SEX_MIG","sexo, situación de migrante",1970,2024,"11/09/2026 08:31:25",9557,9661,148,,"INJ","Lesiones profesionales","OSH","Estadísticas de Seguridad y Salud en el Trabajo (OSH)"
"INJ_NFTL_ECO_NB_A","INJ_NFTL_ECO_NB","Casos de lesiones profesionales no fatales según actividad económica","A","Anual","INJ_NFTL_NB","Casos de lesiones profesionales no fatales","ECO","actividad económica",1970,2024,"27/09/2026 07:18:07",44997,45478,146,,"INJ","Lesiones profesionales","OSH","Estadísticas de Seguridad y Salud en el Trabajo (OSH)"
"INJ_NFTL_INJ_ECO_NB_A","INJ_NFTL_INJ_ECO_NB","Casos de lesiones profesionales no fatales según tipo de discapacidad y actividad económica","A","Anual","INJ_NFTL_NB","Casos de lesiones profesionales no fatales","INJ_ECO","tipo de discapacidad, actividad económica",1971,2024,"27/09/2026 07:18:07",36482,37020,93,,"INJ","Lesiones profesionales","OSH","Estadísticas de Seguridad y Salud en el Trabajo (OSH)"
"INJ_NFTL_SEX_INJ_MIG_NB_A","INJ_NFTL_SEX_INJ_MIG_NB","Casos de lesiones profesionales no fatales según sexo, tipo de discapacidad y condición de migrante","A","Anual","INJ_NFTL_NB","Casos de lesiones profesionales no fatales","SEX_INJ_MIG","sexo, tipo de discapacidad, situación de migrante",1971,2024,"11/09/2026 09:11:40",11129,11220,92,,"INJ","Lesiones profesionales","OSH","Estadísticas de Seguridad y Salud en el Trabajo (OSH)"
"INJ_FATL_SEX_MIG_RT_A","INJ_FATL_SEX_MIG_RT","Lesiones profesionales fatales por 100'000 trabajadores según sexo y condición de migrante","A","Anual","INJ_FATL_RT","Lesiones profesionales fatales por 100'000 trabajadores","SEX_MIG","sexo, situación de migrante",1969,2024,"11/09/2026 09:25:15",4603,4674,126,,"INJ","Lesiones profesionales","OSH","Estadísticas de Seguridad y Salud en el Trabajo (OSH)"
"INJ_FATL_ECO_RT_A","INJ_FATL_ECO_RT","Lesiones profesionales fatales por 100'000 trabajadores según actividad económica","A","Anual","INJ_FATL_RT","Lesiones profesionales fatales por 100'000 trabajadores","ECO","actividad económica",1969,2024,"27/09/2026 07:18:07",36740,37213,130,,"INJ","Lesiones profesionales","OSH","Estadísticas de Seguridad y Salud en el Trabajo (OSH)"
"INJ_NFTL_SEX_MIG_RT_A","INJ_NFTL_SEX_MIG_RT","Lesiones profesionales no fatales por 100'000 trabajadores según sexo y condición de migrante","A","Anual","INJ_NFTL_RT","Lesiones profesionales no fatales por 100'000 trabajadores","SEX_MIG","sexo, situación de migrante",1970,2024,"11/09/2026 09:17:52",4553,4666,122,,"INJ","Lesiones profesionales","OSH","Estadísticas de Seguridad y Salud en el Trabajo (OSH)"
"INJ_NFTL_ECO_RT_A","INJ_NFTL_ECO_RT","Lesiones profesionales no fatales por 100'000 trabajadores según actividad económica","A","Anual","INJ_NFTL_RT","Lesiones profesionales no fatales por 100'000 trabajadores","ECO","actividad económica",1970,2024,"27/09/2026 07:18:07",39742,40315,122,,"INJ","Lesiones profesionales","OSH","Estadísticas de Seguridad y Salud en el Trabajo (OSH)"
"LAI_WOPL_NOC_NB_A","LAI_WOPL_NOC_NB","Número de lugares de trabajo registrados que pueden ser seleccionados para una inspección del trabajo","A","Anual","LAI_WOPL_NB","Número de lugares de trabajo registrados que pueden ser seleccionados para una inspección del trabajo",,"",2000,2024,"06/02/2026 09:02:56",628,630,84,,"LAI","Inspección del trabajo","OSH","Estadísticas de Seguridad y Salud en el Trabajo (OSH)"
"LAI_INSP_SEX_NB_A","LAI_INSP_SEX_NB","Número de inspectores del trabajo según sexo","A","Anual","LAI_INSP_NB","Número de inspectores del trabajo","SEX","sexo",2008,2024,"04/02/2026 19:43:18",2101,2106,100,,"LAI","Inspección del trabajo","OSH","Estadísticas de Seguridad y Salud en el Trabajo (OSH)"
"LAI_VIST_NOC_NB_A","LAI_VIST_NOC_NB","Número de visitas de inspección del trabajo","A","Anual","LAI_VIST_NB","Número de visitas de inspección del trabajo",,"",1996,2024,"06/02/2026 08:55:07",866,872,102,,"LAI","Inspección del trabajo","OSH","Estadísticas de Seguridad y Salud en el Trabajo (OSH)"
"LAI_INDE_NOC_RT_A","LAI_INDE_NOC_RT","Cantidad de inspectores por 10'000 personas ocupadas","A","Anual","LAI_INDE_RT","Inspectores por 10'000 personas ocupadas",,"",2009,2024,"11/01/2026 06:02:14",743,744,86,,"LAI","Inspección del trabajo","OSH","Estadísticas de Seguridad y Salud en el Trabajo (OSH)"
"LAI_VDIN_NOC_RT_A","LAI_VDIN_NOC_RT","Visitas de inspección del trabajo por inspector","A","Anual","LAI_VDIN_RT","Visitas de inspección del trabajo por inspector",,"",2008,2024,"06/02/2026 07:17:06",808,830,95,,"LAI","Inspección del trabajo","OSH","Estadísticas de Seguridad y Salud en el Trabajo (OSH)"
"ILR_TUMT_NOC_RT_A","ILR_TUMT_NOC_RT","Tasa de sindicalización (%)","A","Anual","ILR_TUMT_RT","Tasa de sindicalización",,"",2000,2020,"21/06/2024 10:56:21",1287,1287,139,,"ILR","Relaciones laborales","IRDATA","Datos de Relaciones Laborales (IRdata)"
"ILR_CBCT_NOC_RT_A","ILR_CBCT_NOC_RT","Tasa de cobertura de la negociación colectiva (%)","A","Anual","ILR_CBCT_RT","Tasa de cobertura de la negociación colectiva",,"",2000,2020,"03/05/2022 15:55:20",865,865,99,,"ILR","Relaciones laborales","IRDATA","Datos de Relaciones Laborales (IRdata)"
"STR_TSTR_ECO_NB_A","STR_TSTR_ECO_NB","Número de huelgas y cierres patronales según actividad económica","A","Anual","STR_TSTR_NB","Número de huelgas y cierres patronales","ECO","actividad económica",1969,2024,"01/07/2026 18:55:04",28194,28384,127,,"ILR","Relaciones laborales","IRDATA","Datos de Relaciones Laborales (IRdata)"
"STR_DAYS_ECO_NB_A","STR_DAYS_ECO_NB","Días no trabajados debido a huelgas y cierres patronales según actividad económica","A","Anual","STR_DAYS_NB","Días no trabajados debido a huelgas y cierres patronales","ECO","actividad económica",1969,2024,"15/09/2026 07:12:04",28270,28541,117,,"ILR","Relaciones laborales","IRDATA","Datos de Relaciones Laborales (IRdata)"
"STR_WORK_ECO_NB_A","STR_WORK_ECO_NB","Número de trabajadores implicados en huelgas y cierres patronales según actividad económica (millares)","A","Anual","STR_WORK_NB","Número de trabajadores implicados en huelgas y cierres patronales","ECO","actividad económica",1969,2024,"01/07/2026 18:55:04",29137,29208,123,,"ILR","Relaciones laborales","IRDATA","Datos de Relaciones Laborales (IRdata)"
"STR_DAYS_ECO_RT_A","STR_DAYS_ECO_RT","Días no trabajados por 1000 trabajadores debido a huelgas y cierres patronales por actividad económica","A","Anual","STR_DAYS_RT","Días no trabajados por 1000 trabajadores debido a huelgas y cierres patronales","ECO","actividad económica",1980,2024,"01/07/2026 18:55:04",10051,10070,57,,"ILR","Relaciones laborales","IRDATA","Datos de Relaciones Laborales (IRdata)"
"POP_MFRB_SEX_CBR_NB_A","POP_MFRB_SEX_CBR_NB","Población nacida en el extranjero en edad de trabajar según sexo y país de nacimiento (millares)","A","Anual","POP_MFRB_NB","Población nacida en el extranjero en edad de trabajar","SEX_CBR","sexo, lugar de nacimiento",2000,2024,"14/05/2026 20:31:09",8866,9415,93,,"MST","Stock internacional de migrantes","ILMS","Estadísticas de Migración Laboral Internacional (ILMS)"
"POP_MFRC_SEX_CCT_NB_A","POP_MFRC_SEX_CCT_NB","Ciudadanos extranjeros en edad de trabajar según sexo y país de nacionalidad (millares)","A","Anual","POP_MFRC_NB","Ciudadanos extranjeros en edad de trabajar","SEX_CCT","sexo, ciudadania",2000,2024,"30/01/2026 16:34:53",8153,8974,85,,"MST","Stock internacional de migrantes","ILMS","Estadísticas de Migración Laboral Internacional (ILMS)"
"EMP_MFRB_SEX_CBR_NB_A","EMP_MFRB_SEX_CBR_NB","Población nacida en el extranjero ocupada según sexo y país de nacimiento (millares)","A","Anual","EMP_MFRB_NB","Población nacida en el extranjero ocupada","SEX_CBR","sexo, lugar de nacimiento",1992,2024,"22/04/2026 12:27:56",7266,7540,85,,"MST","Stock internacional de migrantes","ILMS","Estadísticas de Migración Laboral Internacional (ILMS)"
"EMP_MFRC_SEX_CCT_NB_A","EMP_MFRC_SEX_CCT_NB","Ciudadanos extranjeros ocupados según sexo y país de nacionalidad (millares)","A","Anual","EMP_MFRC_NB","Ciudadanos extranjeros ocupados","SEX_CCT","sexo, ciudadania",2000,2024,"22/04/2026 12:44:16",6552,6750,78,,"MST","Stock internacional de migrantes","ILMS","Estadísticas de Migración Laboral Internacional (ILMS)"
"POP_MNAS_SEX_CRS_NB_A","POP_MNAS_SEX_CRS_NB","Stock de nacionales en el extranjero según sexo y país de residencia (millares)","A","Anual","POP_MNAS_NB","Nacionales residentes en el extranjero","SEX_CRS","sexo, país de residencia",1993,2024,"22/04/2026 09:50:17",953,967,36,,"MNA","Nacionales en el extranjero","ILMS","Estadísticas de Migración Laboral Internacional (ILMS)"
"POP_MFLB_SEX_CBR_NB_A","POP_MFLB_SEX_CBR_NB","Flujo de entrada de población nacida en el extranjero en edad de trabajar según sexo y país de nacimiento (millares)","A","Anual","POP_MFLB_NB","Flujo de entrada de población nacida en el extranjero en edad de trabajar","SEX_CBR","sexo, lugar de nacimiento",1992,2024,"14/05/2026 20:31:09",5822,5927,64,,"MFL","Flujo migratorio internacional","ILMS","Estadísticas de Migración Laboral Internacional (ILMS)"
"POP_MFLC_SEX_CCT_NB_A","POP_MFLC_SEX_CCT_NB","Flujo de entrada de ciudadanos extranjeros en edad de trabajar según sexo y país de nacionalidad (millares)","A","Anual","POP_MFLC_NB","Flujo de entrada de ciudadanos extranjeros en edad de trabajar","SEX_CCT","sexo, ciudadania",1980,2024,"14/05/2026 20:31:09",9320,9455,53,,"MFL","Flujo migratorio internacional","ILMS","Estadísticas de Migración Laboral Internacional (ILMS)"
"POP_MFLB_SEX_EDU_NB_A","POP_MFLB_SEX_EDU_NB","Flujo de entrada de población nacida en el extranjero en edad de trabajar según sexo y educación (millares)","A","Anual","POP_MFLB_NB","Flujo de entrada de población nacida en el extranjero en edad de trabajar","SEX_EDU","sexo, educación",1992,2024,"15/05/2026 19:02:00",2370,2460,41,,"MFL","Flujo migratorio internacional","ILMS","Estadísticas de Migración Laboral Internacional (ILMS)"
"POP_MFLC_SEX_EDU_NB_A","POP_MFLC_SEX_EDU_NB","Flujo de entrada de de ciudadanos extranjeros en edad de trabajar según sexo y educación (millares)","A","Anual","POP_MFLC_NB","Flujo de entrada de ciudadanos extranjeros en edad de trabajar","SEX_EDU","sexo, educación",2000,2024,"15/05/2026 17:00:52",2413,2503,33,,"MFL","Flujo migratorio internacional","ILMS","Estadísticas de Migración Laboral Internacional (ILMS)"
"POP_MNAR_SEX_CPR_NB_A","POP_MNAR_SEX_CPR_NB","Flujo de nacionales de retorno desde el extranjero según sexo y país de residencia previa (millares)","A","Anual","POP_MNAR_NB","Flujo de nacionales de retorno desde el extranjero","SEX_CPR","sexo, país de residencia anterior",2009,2024,"22/04/2026 11:55:00",3781,3866,47,,"MNA","Nacionales en el extranjero","ILMS","Estadísticas de Migración Laboral Internacional (ILMS)"
"EMP_MFLB_SEX_ECO_NB_A","EMP_MFLB_SEX_ECO_NB","Flujo de entrada de población nacida en el extranjero ocupada según sexo y actividad económica (millares)","A","Anual","EMP_MFLB_NB","Flujo de entrada de población nacida en el extranjero ocupada","SEX_ECO","sexo, actividad económica",1997,2024,"15/05/2026 19:02:00",4269,4398,38,,"MFL","Flujo migratorio internacional","ILMS","Estadísticas de Migración Laboral Internacional (ILMS)"
"EMP_MFLC_SEX_ECO_NB_A","EMP_MFLC_SEX_ECO_NB","Flujo de entrada de de ciudadanos extranjeros ocupados según sexo y actividad económica (millares)","A","Anual","EMP_MFLC_NB","Flujo de entrada de ciudadanos extranjeros ocupados","SEX_ECO","sexo, actividad económica",2001,2024,"15/05/2026 19:02:00",4328,5213,34,,"MFL","Flujo migratorio internacional","ILMS","Estadísticas de Migración Laboral Internacional (ILMS)"
"EMP_MFLB_SEX_OCU_NB_A","EMP_MFLB_SEX_OCU_NB","Flujo de entrada de población nacida en el extranjero ocupada según sexo y ocupación (millares)","A","Anual","EMP_MFLB_NB","Flujo de entrada de población nacida en el extranjero ocupada","SEX_OCU","sexo, ocupación",1997,2024,"15/05/2026 17:00:52",1783,1832,37,,"MFL","Flujo migratorio internacional","ILMS","Estadísticas de Migración Laboral Internacional (ILMS)"
"EMP_MFLC_SEX_OCU_NB_A","EMP_MFLC_SEX_OCU_NB","Flujo de entrada de de ciudadanos extranjeros ocupados según sexo y ocupación (millares)","A","Anual","EMP_MFLC_NB","Flujo de entrada de ciudadanos extranjeros ocupados","SEX_OCU","sexo, ocupación",2001,2024,"15/05/2026 19:02:00",2201,2644,32,,"MFL","Flujo migratorio internacional","ILMS","Estadísticas de Migración Laboral Internacional (ILMS)"
"POP_MNAO_SEX_CDS_NB_A","POP_MNAO_SEX_CDS_NB","Flujo de salida de nacionales según sexo y país de destino (millares)","A","Anual","POP_MNAO_NB","Flujo de salida de los nacionales","SEX_CDS","sexo, país de destino",1997,2024,"22/04/2026 12:19:46",2810,2840,54,,"MNA","Nacionales en el extranjero","ILMS","Estadísticas de Migración Laboral Internacional (ILMS)"
"EMP_MNAO_SEX_CDS_NB_A","EMP_MNAO_SEX_CDS_NB","Flujo de nacionales que emigran por motivos laborales según sexo y país de destino (millares)","A","Anual","EMP_MNAO_NB","Flujo de nacionales que emigran por motivos laborales","SEX_CDS","sexo, país de destino",1980,2024,"23/01/2026 09:48:57",1975,2008,29,,"MNA","Nacionales en el extranjero","ILMS","Estadísticas de Migración Laboral Internacional (ILMS)"
"EMP_MNAO_SEX_EDU_NB_A","EMP_MNAO_SEX_EDU_NB","Flujo de nacionales que emigran por motivos laborales según sexo y educación (millares)","A","Anual","EMP_MNAO_NB","Flujo de nacionales que emigran por motivos laborales","SEX_EDU","sexo, educación",1999,2024,"15/05/2026 19:02:00",1051,1087,14,,"MNA","Nacionales en el extranjero","ILMS","Estadísticas de Migración Laboral Internacional (ILMS)"
"EMP_MNAO_SEX_ECO_NB_A","EMP_MNAO_SEX_ECO_NB","Flujo de nacionales que emigran por motivos laborales según sexo y actividad económica (millares)","A","Anual","EMP_MNAO_NB","Flujo de nacionales que emigran por motivos laborales","SEX_ECO","sexo, actividad económica",2010,2024,"15/05/2026 19:02:00",1235,1251,14,,"MNA","Nacionales en el extranjero","ILMS","Estadísticas de Migración Laboral Internacional (ILMS)"
"EMP_MNAO_SEX_OCU_NB_A","EMP_MNAO_SEX_OCU_NB","Flujo de nacionales que emigran por motivos laborales según sexo y ocupación (millares)","A","Anual","EMP_MNAO_NB","Flujo de nacionales que emigran por motivos laborales","SEX_OCU","sexo, ocupación",2004,2024,"15/05/2026 19:02:00",1104,1104,13,,"MNA","Nacionales en el extranjero","ILMS","Estadísticas de Migración Laboral Internacional (ILMS)"
"EMP_TEMP_SEX_CAR_NB_A","EMP_TEMP_SEX_CAR_NB","Ocupación según sexo y tipo de cuidador (millares)","A","Anual","EMP_TEMP_NB","Ocupación (definición anterior de la OIT - CIET13)","SEX_CAR","sexo, tipo de cuidador",1991,2025,"02/10/2026 07:14:04",19295,20519,128,,"CAR","Trabajadores remunerados en actividades de cuidados","PROFILES","Perfiles de trabajadores y sectores (PROFILES)"
"EMP_CARE_SEX_AGE_NB_A","EMP_CARE_SEX_AGE_NB","Ocupación en actividades de cuidados según sexo y edad (millares)","A","Anual","EMP_CARE_NB","Ocupación en actividades de cuidados (definición anterior de la OIT - CIET13)","SEX_AGE","sexo, edad",1991,2025,"02/10/2026 07:14:04",29388,31251,128,,"CAR","Trabajadores remunerados en actividades de cuidados","PROFILES","Perfiles de trabajadores y sectores (PROFILES)"
"EMP_CARE_SEX_EDU_NB_A","EMP_CARE_SEX_EDU_NB","Ocupación en actividades de cuidados según sexo y educación (millares)","A","Anual","EMP_CARE_NB","Ocupación en actividades de cuidados (definición anterior de la OIT - CIET13)","SEX_EDU","sexo, educación",1991,2025,"02/10/2026 07:14:04",16828,17863,126,,"CAR","Trabajadores remunerados en actividades de cuidados","PROFILES","Perfiles de trabajadores y sectores (PROFILES)"
"EMP_CARE_SEX_MTS_NB_A","EMP_CARE_SEX_MTS_NB","Ocupación en actividades de cuidados según sexo y estado civil (millares)","A","Anual","EMP_CARE_NB","Ocupación en actividades de cuidados (definición anterior de la OIT - CIET13)","SEX_MTS","sexo, estado civil",1991,2025,"02/10/2026 07:14:04",9554,10091,120,,"CAR","Trabajadores remunerados en actividades de cuidados","PROFILES","Perfiles de trabajadores y sectores (PROFILES)"
"EMP_CARE_SEX_GEO_NB_A","EMP_CARE_SEX_GEO_NB","Ocupación en actividades de cuidados según sexo y zonas rurales/urbanas (millares)","A","Anual","EMP_CARE_NB","Ocupación en actividades de cuidados (definición anterior de la OIT - CIET13)","SEX_GEO","sexo, zonas rurales/urbanes",1996,2025,"02/10/2026 07:14:04",6824,7364,97,,"CAR","Trabajadores remunerados en actividades de cuidados","PROFILES","Perfiles de trabajadores y sectores (PROFILES)"
"EMP_CARE_SEX_CCT_NB_A","EMP_CARE_SEX_CCT_NB","Ocupación en actividades de cuidados según sexo y nacionalidad (millares)","A","Anual","EMP_CARE_NB","Ocupación en actividades de cuidados (definición anterior de la OIT - CIET13)","SEX_CCT","sexo, ciudadania",1996,2025,"24/09/2026 07:12:04",4140,4185,78,,"CAR","Trabajadores remunerados en actividades de cuidados","PROFILES","Perfiles de trabajadores y sectores (PROFILES)"
"EMP_CARE_SEX_CBR_NB_A","EMP_CARE_SEX_CBR_NB","Ocupación en actividades de cuidados según sexo y lugar de nacimiento (millares)","A","Anual","EMP_CARE_NB","Ocupación en actividades de cuidados (definición anterior de la OIT - CIET13)","SEX_CBR","sexo, lugar de nacimiento",1992,2025,"16/09/2026 08:29:15",5151,5241,91,,"CAR","Trabajadores remunerados en actividades de cuidados","PROFILES","Perfiles de trabajadores y sectores (PROFILES)"
"EMP_CARE_SEX_STE_NB_A","EMP_CARE_SEX_STE_NB","Ocupación en actividades de cuidados según sexo y situación en el empleo (millares)","A","Anual","EMP_CARE_NB","Ocupación en actividades de cuidados (definición anterior de la OIT - CIET13)","SEX_STE","sexo, situación en el empleo",1991,2025,"02/10/2026 07:14:04",10618,11293,127,,"CAR","Trabajadores remunerados en actividades de cuidados","PROFILES","Perfiles de trabajadores y sectores (PROFILES)"
"EMP_CARE_SEX_ECO_NB_A","EMP_CARE_SEX_ECO_NB","Ocupación en actividades de cuidados según sexo y actividad económica (millares)","A","Anual","EMP_CARE_NB","Ocupación en actividades de cuidados (definición anterior de la OIT - CIET13)","SEX_ECO","sexo, actividad económica",1991,2025,"02/10/2026 07:14:04",91179,96828,128,,"CAR","Trabajadores remunerados en actividades de cuidados","PROFILES","Perfiles de trabajadores y sectores (PROFILES)"
"EMP_CARE_SEX_EC2_NB_A","EMP_CARE_SEX_EC2_NB","Ocupación en actividades de cuidados según sexo y actividad económica - nivel 2 de la CIIU (millares)","A","Anual","EMP_CARE_NB","Ocupación en actividades de cuidados (definición anterior de la OIT - CIET13)","SEX_EC2","sexo, actividad económica - nivel 2 de la ciiu",1991,2025,"02/10/2026 07:14:04",117519,123930,128,,"CAR","Trabajadores remunerados en actividades de cuidados","PROFILES","Perfiles de trabajadores y sectores (PROFILES)"
"EMP_CARE_SEX_OCU_NB_A","EMP_CARE_SEX_OCU_NB","Ocupación en actividades de cuidados según sexo y ocupación (millares)","A","Anual","EMP_CARE_NB","Ocupación en actividades de cuidados (definición anterior de la OIT - CIET13)","SEX_OCU","sexo, ocupación",1991,2025,"02/10/2026 07:14:04",48237,51300,128,,"CAR","Trabajadores remunerados en actividades de cuidados","PROFILES","Perfiles de trabajadores y sectores (PROFILES)"
"EMP_CARE_SEX_OC2_NB_A","EMP_CARE_SEX_OC2_NB","Ocupación en actividades de cuidados según sexo y ocupación - nivel 2 de la CIUO (millares)","A","Anual","EMP_CARE_NB","Ocupación en actividades de cuidados (definición anterior de la OIT - CIET13)","SEX_OC2","sexo, ocupación - nivel 2 de la ciuo",1991,2025,"02/10/2026 07:14:04",104618,111290,128,,"CAR","Trabajadores remunerados en actividades de cuidados","PROFILES","Perfiles de trabajadores y sectores (PROFILES)"
"EMP_CARE_SEX_HOW_NB_A","EMP_CARE_SEX_HOW_NB","Ocupación en actividades de cuidados según sexo y horas semanales efectivamente trabajadas (millares)","A","Anual","EMP_CARE_NB","Ocupación en actividades de cuidados (definición anterior de la OIT - CIET13)","SEX_HOW","sexo, horas semanales efectivamente trabajadas",1996,2025,"02/10/2026 07:14:04",21999,22710,114,,"CAR","Trabajadores remunerados en actividades de cuidados","PROFILES","Perfiles de trabajadores y sectores (PROFILES)"
"EMP_CARE_SEX_JBT_NB_A","EMP_CARE_SEX_JBT_NB","Ocupación en actividades de cuidados según sexo y ordenación del tiempo de trabajo (millares)","A","Anual","EMP_CARE_NB","Ocupación en actividades de cuidados (definición anterior de la OIT - CIET13)","SEX_JBT","sexo, ordenamiento del tiempo de trabajo",1991,2025,"02/10/2026 07:14:04",9294,9801,124,,"CAR","Trabajadores remunerados en actividades de cuidados","PROFILES","Perfiles de trabajadores y sectores (PROFILES)"
"EES_CARE_SEX_INS_NB_A","EES_CARE_SEX_INS_NB","Asalariados en actividades de cuidados según sexo y sector público/privado (millares)","A","Anual","EES_CARE_NB","Asalariados en actividades de cuidados","SEX_INS","sexo, sector público/privado",1991,2025,"02/10/2026 07:14:04",8728,9277,118,,"CAR","Trabajadores remunerados en actividades de cuidados","PROFILES","Perfiles de trabajadores y sectores (PROFILES)"
"EES_CARE_SEX_JBC_NB_A","EES_CARE_SEX_JBC_NB","Asalariados en actividades de cuidados según sexo y tipo de contrato (millares)","A","Anual","EES_CARE_NB","Asalariados en actividades de cuidados","SEX_JBC","sexo, tipo de contrato de trabajo",1991,2025,"02/10/2026 07:14:04",8398,8620,104,,"CAR","Trabajadores remunerados en actividades de cuidados","PROFILES","Perfiles de trabajadores y sectores (PROFILES)"
"EES_XPLV_SEX_RT_A","EES_XPLV_SEX_RT","Proporción de asalariados con acceso a licencia parental según sexo (%)","A","Anual","EES_XPLV_RT","Proporción de asalariados con acceso a licencia parental","SEX","sexo",2005,2025,"02/10/2026 07:14:04",693,753,50,,"CAR","Trabajadores remunerados en actividades de cuidados","PROFILES","Perfiles de trabajadores y sectores (PROFILES)"
"EMP_CNIF_SEX_NB_A","EMP_CNIF_SEX_NB","Ocupación informal en actividades de cuidados según sexo (millares)","A","Anual","EMP_CNIF_NB","Ocupación informal en actividades de cuidados (definición anterior de la OIT - CIET13)","SEX","sexo",1999,2025,"02/10/2026 07:14:04",1772,1832,97,,"CAR","Trabajadores remunerados en actividades de cuidados","PROFILES","Perfiles de trabajadores y sectores (PROFILES)"
"EMP_CNIF_SEX_RT_A","EMP_CNIF_SEX_RT","Tasa de la ocupación informal en actividades de cuidados según sexo (%)","A","Anual","EMP_CNIF_RT","Tasa de la ocupación informal en actividades de cuidados (definición anterior de la OIT - CIET13)","SEX","sexo",1999,2025,"02/10/2026 07:14:04",1772,1832,97,,"CAR","Trabajadores remunerados en actividades de cuidados","PROFILES","Perfiles de trabajadores y sectores (PROFILES)"
"EMP_CPIF_SEX_NB_A","EMP_CPIF_SEX_NB","Ocupación en actividades de cuidados fuera del sector formal según sexo (millares)","A","Anual","EMP_CPIF_NB","Ocupación en actividades de cuidados fuera del sector formal (definición anterior de la OIT - CIET13)","SEX","sexo",1999,2025,"02/10/2026 07:14:04",1774,1834,97,,"CAR","Trabajadores remunerados en actividades de cuidados","PROFILES","Perfiles de trabajadores y sectores (PROFILES)"
"EMP_CPIF_SEX_RT_A","EMP_CPIF_SEX_RT","Proporción de la ocupación en actividades de cuidados fuera del sector formal según sexo (%)","A","Anual","EMP_CPIF_RT","Proporción de la ocupación en actividades de cuidados fuera del sector formal (definición anterior de la OIT - CIET13)","SEX","sexo",1999,2025,"02/10/2026 07:14:04",1772,1832,97,,"CAR","Trabajadores remunerados en actividades de cuidados","PROFILES","Perfiles de trabajadores y sectores (PROFILES)"
"HOW_EARE_SEX_NB_A","HOW_EARE_SEX_NB","Promedio de horas semanales efectivamente trabajadas por asalariado en actividades de cuidados según sexo","A","Anual","HOW_EARE_NB","Promedio de horas semanales efectivamente trabajadas por asalariado en empleo de cuidados","SEX","sexo",1996,2025,"02/10/2026 07:14:04",2667,2763,114,,"CAR","Trabajadores remunerados en actividades de cuidados","PROFILES","Perfiles de trabajadores y sectores (PROFILES)"
"HOW_CARE_SEX_NB_A","HOW_CARE_SEX_NB","Media de horas semanales efectivamente trabajadas por ocupado en actividades de cuidado según sexo","A","Anual","HOW_CARE_NB","Media de horas semanales efectivamente trabajadas por ocupado en actividades de cuidados","SEX","sexo",1996,2025,"02/10/2026 07:14:04",2670,2760,114,,"CAR","Trabajadores remunerados en actividades de cuidados","PROFILES","Perfiles de trabajadores y sectores (PROFILES)"
"EAR_CMTA_SEX_NB_A","EAR_CMTA_SEX_NB","Ganancias mensuales promedio de los asalariados en actividades de cuidados según sexo y divisa (moneda local)","A","Anual","EAR_CMTA_NB","Ganancias mensuales promedio de los asalariados en actividades de cuidados","SEX","sexo",1991,2025,"24/09/2026 07:12:04",2109,2235,91,,"CAR","Trabajadores remunerados en actividades de cuidados","PROFILES","Perfiles de trabajadores y sectores (PROFILES)"
"EAR_CHRA_SEX_NB_A","EAR_CHRA_SEX_NB","Ganancias horarias promedio de los asalariados en actividades cuidados según sexo (moneda local)","A","Anual","EAR_CHRA_NB","Ganancias horarias promedio de los asalariados en actividades de cuidados","SEX","sexo",1996,2025,"24/09/2026 07:12:04",1767,1827,83,,"CAR","Trabajadores remunerados en actividades de cuidados","PROFILES","Perfiles de trabajadores y sectores (PROFILES)"
"EAR_CMTA_SEX_CUR_NB_A","EAR_CMTA_SEX_CUR_NB","Ganancias mensuales promedio de los asalariados en actividades de cuidados según sexo y divisa","A","Anual","EAR_CMTA_NB","Ganancias mensuales promedio de los asalariados en actividades de cuidados","SEX_CUR","sexo, divisa",1991,2025,"25/09/2026 07:10:04",6174,6552,91,,"EAR","Remuneraciones y ingresos","PROFILES","Perfiles de trabajadores y sectores (PROFILES)"
"EAR_CHRA_SEX_CUR_NB_A","EAR_CHRA_SEX_CUR_NB","Ganancias horarias promedio de los asalariados en actividades de cuidados según sexo y divisa","A","Anual","EAR_CHRA_NB","Ganancias horarias promedio de los asalariados en actividades de cuidados","SEX_CUR","sexo, divisa",1996,2025,"25/09/2026 07:10:04",5157,5337,82,,"EAR","Remuneraciones y ingresos","PROFILES","Perfiles de trabajadores y sectores (PROFILES)"
"EMP_STEM_SEX_AGE_NB_A","EMP_STEM_SEX_AGE_NB","Ocupación en profesiones STEM según sexo y edad (millares)","A","Anual","EMP_STEM_NB","Ocupación en profesiones STEM (definición anterior de la OIT - CIET13)","SEX_AGE","sexo, edad",2000,2025,"02/10/2026 07:14:04",23127,24693,123,,"STM","Trabajadores en profesiones STEM","PROFILES","Perfiles de trabajadores y sectores (PROFILES)"
"EMP_STEM_SEX_CBR_NB_A","EMP_STEM_SEX_CBR_NB","Ocupación en profesiones STEM según sexo y lugar de nacimiento (millares)","A","Anual","EMP_STEM_NB","Ocupación en profesiones STEM (definición anterior de la OIT - CIET13)","SEX_CBR","sexo, lugar de nacimiento",2000,2025,"16/09/2026 08:29:15",4358,4412,85,,"STM","Trabajadores en profesiones STEM","PROFILES","Perfiles de trabajadores y sectores (PROFILES)"
"EMP_STEM_SEX_CCT_NB_A","EMP_STEM_SEX_CCT_NB","Ocupación en profesiones STEM según sexo y ciudadania (millares)","A","Anual","EMP_STEM_NB","Ocupación en profesiones STEM (definición anterior de la OIT - CIET13)","SEX_CCT","sexo, ciudadania",2003,2025,"24/09/2026 07:12:04",3447,3483,75,,"STM","Trabajadores en profesiones STEM","PROFILES","Perfiles de trabajadores y sectores (PROFILES)"
"EMP_STEM_SEX_EDU_NB_A","EMP_STEM_SEX_EDU_NB","Ocupación en profesiones STEM según sexo y educación (millares)","A","Anual","EMP_STEM_NB","Ocupación en profesiones STEM (definición anterior de la OIT - CIET13)","SEX_EDU","sexo, educación",2000,2025,"02/10/2026 07:14:04",12600,13425,121,,"STM","Trabajadores en profesiones STEM","PROFILES","Perfiles de trabajadores y sectores (PROFILES)"
"EMP_STEM_SEX_GEO_NB_A","EMP_STEM_SEX_GEO_NB","Ocupación en profesiones STEM según sexo y zonas rurales / urbanes (millares)","A","Anual","EMP_STEM_NB","Ocupación en profesiones STEM (definición anterior de la OIT - CIET13)","SEX_GEO","sexo, zonas rurales/urbanes",2000,2025,"02/10/2026 07:14:04",5288,5756,90,,"STM","Trabajadores en profesiones STEM","PROFILES","Perfiles de trabajadores y sectores (PROFILES)"
"EMP_STEM_SEX_MTS_NB_A","EMP_STEM_SEX_MTS_NB","Ocupación en profesiones STEM según sexo y estado civil (millares)","A","Anual","EMP_STEM_NB","Ocupación en profesiones STEM (definición anterior de la OIT - CIET13)","SEX_MTS","sexo, estado civil",2000,2025,"02/10/2026 07:14:04",7355,7823,115,,"STM","Trabajadores en profesiones STEM","PROFILES","Perfiles de trabajadores y sectores (PROFILES)"
"EMP_STEM_SEX_STE_NB_A","EMP_STEM_SEX_STE_NB","Ocupación en profesiones STEM según sexo y situación en el empleo (millares)","A","Anual","EMP_STEM_NB","Ocupación en profesiones STEM (definición anterior de la OIT - CIET13)","SEX_STE","sexo, situación en el empleo",2000,2025,"02/10/2026 07:14:04",8127,8682,122,,"STM","Trabajadores en profesiones STEM","PROFILES","Perfiles de trabajadores y sectores (PROFILES)"
"EMP_STEM_SEX_ECO_NB_A","EMP_STEM_SEX_ECO_NB","Ocupación en profesiones STEM según sexo y actividad económica (millares)","A","Anual","EMP_STEM_NB","Ocupación en profesiones STEM (definición anterior de la OIT - CIET13)","SEX_ECO","sexo, actividad económica",2000,2025,"02/10/2026 07:14:04",70757,75416,123,,"STM","Trabajadores en profesiones STEM","PROFILES","Perfiles de trabajadores y sectores (PROFILES)"
"EMP_STEM_SEX_EC2_NB_A","EMP_STEM_SEX_EC2_NB","Ocupación en profesiones STEM según sexo y actividad económica - nivel 2 de la CIIU (millares)","A","Anual","EMP_STEM_NB","Ocupación en profesiones STEM (definición anterior de la OIT - CIET13)","SEX_EC2","sexo, actividad económica - nivel 2 de la ciiu",2000,2025,"02/10/2026 07:14:04",170167,181530,123,,"STM","Trabajadores en profesiones STEM","PROFILES","Perfiles de trabajadores y sectores (PROFILES)"
"EMP_STEM_SEX_OCU_NB_A","EMP_STEM_SEX_OCU_NB","Ocupación en profesiones STEM según sexo y ocupación (millares)","A","Anual","EMP_STEM_NB","Ocupación en profesiones STEM (definición anterior de la OIT - CIET13)","SEX_OCU","sexo, ocupación",2000,2025,"02/10/2026 07:14:04",14733,15741,123,,"STM","Trabajadores en profesiones STEM","PROFILES","Perfiles de trabajadores y sectores (PROFILES)"
"EMP_STEM_SEX_OC2_NB_A","EMP_STEM_SEX_OC2_NB","Ocupación en profesiones STEM según sexo y ocupación - nivel 2 de la CIUO (millares)","A","Anual","EMP_STEM_NB","Ocupación en profesiones STEM (definición anterior de la OIT - CIET13)","SEX_OC2","sexo, ocupación - nivel 2 de la ciuo",2000,2025,"02/10/2026 07:14:04",22347,23880,123,,"STM","Trabajadores en profesiones STEM","PROFILES","Perfiles de trabajadores y sectores (PROFILES)"
"EMP_STEM_SEX_HOW_NB_A","EMP_STEM_SEX_HOW_NB","Ocupación en profesiones STEM según sexo y horas semanales efectivamente trabajadas (millares)","A","Anual","EMP_STEM_NB","Ocupación en profesiones STEM (definición anterior de la OIT - CIET13)","SEX_HOW","sexo, horas semanales efectivamente trabajadas",2003,2025,"02/10/2026 07:14:04",17746,18328,109,,"STM","Trabajadores en profesiones STEM","PROFILES","Perfiles de trabajadores y sectores (PROFILES)"
"EMP_STEM_SEX_JBT_NB_A","EMP_STEM_SEX_JBT_NB","Ocupación en profesiones STEM según sexo y ordenamiento del tiempo de trabajo (millares)","A","Anual","EMP_STEM_NB","Ocupación en profesiones STEM (definición anterior de la OIT - CIET13)","SEX_JBT","sexo, ordenamiento del tiempo de trabajo",2003,2025,"02/10/2026 07:14:04",7256,7664,119,,"STM","Trabajadores en profesiones STEM","PROFILES","Perfiles de trabajadores y sectores (PROFILES)"
"EES_STEM_SEX_INS_NB_A","EES_STEM_SEX_INS_NB","Asalariados en profesiones STEM según sexo y sector público/privado (millares)","A","Anual","EES_STEM_NB","Asalariados en profesiones STEM","SEX_INS","sexo, sector público/privado",2000,2025,"02/10/2026 07:14:04",6857,7298,114,,"STM","Trabajadores en profesiones STEM","PROFILES","Perfiles de trabajadores y sectores (PROFILES)"
"EES_STEM_SEX_JBC_NB_A","EES_STEM_SEX_JBC_NB","Asalariados en profesiones STEM según sexo y tipo de contrato (millares)","A","Anual","EES_STEM_NB","Asalariados en profesiones STEM","SEX_JBC","sexo, tipo de contrato de trabajo",2000,2025,"02/10/2026 07:14:04",6631,6799,99,,"STM","Trabajadores en profesiones STEM","PROFILES","Perfiles de trabajadores y sectores (PROFILES)"
"EMP_SNIF_SEX_NB_A","EMP_SNIF_SEX_NB","Ocupación informal en profesiones STEM (millares)","A","Anual","EMP_SNIF_NB","Ocupación informal en profesiones STEM (definición anterior de la OIT - CIET13)","SEX","sexo",2006,2025,"02/10/2026 07:14:04",1456,1507,94,,"STM","Trabajadores en profesiones STEM","PROFILES","Perfiles de trabajadores y sectores (PROFILES)"
"EMP_SNIF_SEX_RT_A","EMP_SNIF_SEX_RT","Tasa de la ocupación informal en profesiones STEM (%)","A","Anual","EMP_SNIF_RT","Tasa de la ocupación informal en profesiones STEM (definición anterior de la OIT - CIET13)","SEX","sexo",2006,2025,"02/10/2026 07:14:04",1455,1506,94,,"STM","Trabajadores en profesiones STEM","PROFILES","Perfiles de trabajadores y sectores (PROFILES)"
"EMP_SPIF_SEX_NB_A","EMP_SPIF_SEX_NB","Ocupación en profesiones STEM fuera del sector formal (millares)","A","Anual","EMP_SPIF_NB","Ocupación en profesiones STEM fuera del sector formal (definición anterior de la OIT - CIET13)","SEX","sexo",2006,2025,"02/10/2026 07:14:04",1458,1509,94,,"STM","Trabajadores en profesiones STEM","PROFILES","Perfiles de trabajadores y sectores (PROFILES)"
"EMP_SPIF_SEX_RT_A","EMP_SPIF_SEX_RT","Proporción de la ocupación en profesiones STEM fuera del sector formal (%)","A","Anual","EMP_SPIF_RT","Proporción de la ocupación en profesiones STEM fuera del sector formal (definición anterior de la OIT - CIET13)","SEX","sexo",2006,2025,"02/10/2026 07:14:04",1442,1493,94,,"STM","Trabajadores en profesiones STEM","PROFILES","Perfiles de trabajadores y sectores (PROFILES)"
"HOW_STEM_SEX_NB_A","HOW_STEM_SEX_NB","Promedio de horas efectivamente trabajadas por semana por persona ocupada en profesiones STEM","A","Anual","HOW_STEM_NB","Promedio de horas efectivamente trabajadas por semana por persona ocupada en profesiones STEM","SEX","sexo",2003,2025,"02/10/2026 07:14:04",2185,2260,109,,"STM","Trabajadores en profesiones STEM","PROFILES","Perfiles de trabajadores y sectores (PROFILES)"
"HOW_STEE_SEX_NB_A","HOW_STEE_SEX_NB","Promedio de horas efectivamente trabajadas por semana por asalariado en profesiones STEM","A","Anual","HOW_STEE_NB","Promedio de horas efectivamente trabajadas por semana por asalariado en profesiones STEM","SEX","sexo",2003,2025,"02/10/2026 07:14:04",2182,2257,109,,"STM","Trabajadores en profesiones STEM","PROFILES","Perfiles de trabajadores y sectores (PROFILES)"
"EAR_SMTA_SEX_NB_A","EAR_SMTA_SEX_NB","Ganancias mensuales promedio de los asalariados en profesiones STEM (moneda local)","A","Anual","EAR_SMTA_NB","Ganancias mensuales promedio de los asalariados en profesiones STEM","SEX","sexo",2003,2025,"24/09/2026 07:12:04",1624,1741,85,,"STM","Trabajadores en profesiones STEM","PROFILES","Perfiles de trabajadores y sectores (PROFILES)"
"EAR_SMTA_SEX_CUR_NB_A","EAR_SMTA_SEX_CUR_NB","Ganancias mensuales promedio de los asalariados en profesiones STEM según sexo y divisa","A","Anual","EAR_SMTA_NB","Ganancias mensuales promedio de los asalariados en profesiones STEM","SEX_CUR","sexo, divisa",2003,2025,"25/09/2026 07:10:04",4737,5088,85,,"STM","Trabajadores en profesiones STEM","PROFILES","Perfiles de trabajadores y sectores (PROFILES)"
"EAR_SHRA_SEX_NB_A","EAR_SHRA_SEX_NB","Ganancias horarias promedio de los asalariados en profesiones STEM (moneda local)","A","Anual","EAR_SHRA_NB","Ganancias horarias promedio de los asalariados en profesiones STEM","SEX","sexo",2003,2025,"24/09/2026 07:12:04",1432,1483,76,,"STM","Trabajadores en profesiones STEM","PROFILES","Perfiles de trabajadores y sectores (PROFILES)"
"EAR_SHRA_SEX_CUR_NB_A","EAR_SHRA_SEX_CUR_NB","Ganancias horarias promedio de los asalariados en profesiones STEM según sexo y divisa","A","Anual","EAR_SHRA_NB","Ganancias horarias promedio de los asalariados en profesiones STEM","SEX_CUR","sexo, divisa",2003,2025,"25/09/2026 07:10:04",4170,4323,75,,"STM","Trabajadores en profesiones STEM","PROFILES","Perfiles de trabajadores y sectores (PROFILES)"
"EMP_TOUR_SEX_AGE_NB_A","EMP_TOUR_SEX_AGE_NB","Ocupación en el sector turístico según sexo y edad (millares)","A","Anual","EMP_TOUR_NB","Ocupación en el sector turístico (definición anterior de la OIT - CIET13)","SEX_AGE","sexo, edad",2007,2025,"24/09/2026 07:12:04",10566,11778,79,,"TOU","Trabajadores en el sector turístico","PROFILES","Perfiles de trabajadores y sectores (PROFILES)"
"EMP_TOUR_SEX_CBR_NB_A","EMP_TOUR_SEX_CBR_NB","Ocupación en el sector turístico según sexo y lugar de nacimiento (millares)","A","Anual","EMP_TOUR_NB","Ocupación en el sector turístico (definición anterior de la OIT - CIET13)","SEX_CBR","sexo, lugar de nacimiento",2009,2025,"16/09/2026 08:29:15",1515,1569,50,,"TOU","Trabajadores en el sector turístico","PROFILES","Perfiles de trabajadores y sectores (PROFILES)"
"EMP_TOUR_SEX_CCT_NB_A","EMP_TOUR_SEX_CCT_NB","Ocupación en el sector turístico según sexo y ciudadania (millares)","A","Anual","EMP_TOUR_NB","Ocupación en el sector turístico (definición anterior de la OIT - CIET13)","SEX_CCT","sexo, ciudadania",2010,2025,"24/09/2026 07:12:04",1086,1122,43,,"TOU","Trabajadores en el sector turístico","PROFILES","Perfiles de trabajadores y sectores (PROFILES)"
"EMP_TOUR_SEX_EDU_NB_A","EMP_TOUR_SEX_EDU_NB","Ocupación en el sector turístico según sexo y educación (millares)","A","Anual","EMP_TOUR_NB","Ocupación en el sector turístico (definición anterior de la OIT - CIET13)","SEX_EDU","sexo, educación",2007,2025,"24/09/2026 07:12:04",6423,7131,78,,"TOU","Trabajadores en el sector turístico","PROFILES","Perfiles de trabajadores y sectores (PROFILES)"
"EMP_TOUR_SEX_GEO_NB_A","EMP_TOUR_SEX_GEO_NB","Ocupación en el sector turístico según sexo y zonas rurales / urbanes (millares)","A","Anual","EMP_TOUR_NB","Ocupación en el sector turístico (definición anterior de la OIT - CIET13)","SEX_GEO","sexo, zonas rurales/urbanes",2007,2025,"24/09/2026 07:12:04",2766,3153,58,,"TOU","Trabajadores en el sector turístico","PROFILES","Perfiles de trabajadores y sectores (PROFILES)"
"EMP_TOUR_SEX_MTS_NB_A","EMP_TOUR_SEX_MTS_NB","Ocupación en el sector turístico según sexo y estado civil (millares)","A","Anual","EMP_TOUR_NB","Ocupación en el sector turístico (definición anterior de la OIT - CIET13)","SEX_MTS","sexo, estado civil",2007,2025,"24/09/2026 07:12:04",3366,3723,74,,"TOU","Trabajadores en el sector turístico","PROFILES","Perfiles de trabajadores y sectores (PROFILES)"
"EMP_TOUR_SEX_STE_NB_A","EMP_TOUR_SEX_STE_NB","Ocupación en el sector turístico según sexo y situación en el empleo (millares)","A","Anual","EMP_TOUR_NB","Ocupación en el sector turístico (definición anterior de la OIT - CIET13)","SEX_STE","sexo, situación en el empleo",2007,2025,"24/09/2026 07:12:04",3774,4215,79,,"TOU","Trabajadores en el sector turístico","PROFILES","Perfiles de trabajadores y sectores (PROFILES)"
"EMP_TOUR_SEX_ECO_NB_A","EMP_TOUR_SEX_ECO_NB","Ocupación en el sector turístico según sexo y actividad económica (millares)","A","Anual","EMP_TOUR_NB","Ocupación en el sector turístico (definición anterior de la OIT - CIET13)","SEX_ECO","sexo, actividad económica",2007,2025,"24/09/2026 07:12:04",10497,11712,79,,"TOU","Trabajadores en el sector turístico","PROFILES","Perfiles de trabajadores y sectores (PROFILES)"
"EMP_TOUR_SEX_EC2_NB_A","EMP_TOUR_SEX_EC2_NB","Ocupación en el sector turístico según sexo y actividad económica - nivel 2 de la CIIU (millares)","A","Anual","EMP_TOUR_NB","Ocupación en el sector turístico (definición anterior de la OIT - CIET13)","SEX_EC2","sexo, actividad económica - nivel 2 de la ciiu",2007,2025,"24/09/2026 07:12:04",14248,15919,79,,"TOU","Trabajadores en el sector turístico","PROFILES","Perfiles de trabajadores y sectores (PROFILES)"
"EMP_TOUR_SEX_OCU_NB_A","EMP_TOUR_SEX_OCU_NB","Ocupación en el sector turístico según sexo y ocupación (millares)","A","Anual","EMP_TOUR_NB","Ocupación en el sector turístico (definición anterior de la OIT - CIET13)","SEX_OCU","sexo, ocupación",2007,2025,"24/09/2026 07:12:04",16990,18934,78,,"TOU","Trabajadores en el sector turístico","PROFILES","Perfiles de trabajadores y sectores (PROFILES)"
"EMP_TOUR_SEX_OC2_NB_A","EMP_TOUR_SEX_OC2_NB","Ocupación en el sector turístico según sexo y ocupación - nivel 2 de la CIUO (millares)","A","Anual","EMP_TOUR_NB","Ocupación en el sector turístico (definición anterior de la OIT - CIET13)","SEX_OC2","sexo, ocupación - nivel 2 de la ciuo",2008,2025,"24/09/2026 07:12:04",36073,40447,78,,"TOU","Trabajadores en el sector turístico","PROFILES","Perfiles de trabajadores y sectores (PROFILES)"
"EMP_TOUR_SEX_HOW_NB_A","EMP_TOUR_SEX_HOW_NB","Ocupación en el sector turístico según sexo y horas semanales efectivamente trabajadas (millares)","A","Anual","EMP_TOUR_NB","Ocupación en el sector turístico (definición anterior de la OIT - CIET13)","SEX_HOW","sexo, horas semanales efectivamente trabajadas",2007,2025,"24/09/2026 07:12:04",8646,9114,75,,"TOU","Trabajadores en el sector turístico","PROFILES","Perfiles de trabajadores y sectores (PROFILES)"
"EMP_TOUR_SEX_JBT_NB_A","EMP_TOUR_SEX_JBT_NB","Ocupación en el sector turístico según sexo y ordenamiento del tiempo de trabajo (millares)","A","Anual","EMP_TOUR_NB","Ocupación en el sector turístico (definición anterior de la OIT - CIET13)","SEX_JBT","sexo, ordenamiento del tiempo de trabajo",2007,2025,"24/09/2026 07:12:04",3465,3798,79,,"TOU","Trabajadores en el sector turístico","PROFILES","Perfiles de trabajadores y sectores (PROFILES)"
"EES_TOUR_SEX_INS_NB_A","EES_TOUR_SEX_INS_NB","Asalariados en el sector turístico según sexo y sector público/privado (millares)","A","Anual","EES_TOUR_NB","Asalariados en el sector turístico","SEX_INS","sexo, sector público/privado",2007,2025,"24/09/2026 07:12:04",3486,3849,77,,"TOU","Trabajadores en el sector turístico","PROFILES","Perfiles de trabajadores y sectores (PROFILES)"
"EES_TOUR_SEX_JBC_NB_A","EES_TOUR_SEX_JBC_NB","Asalariados en el sector turístico según sexo y tipo de contrato (millares)","A","Anual","EES_TOUR_NB","Asalariados en el sector turístico","SEX_JBC","sexo, tipo de contrato de trabajo",2007,2025,"24/09/2026 07:12:04",3030,3108,61,,"TOU","Trabajadores en el sector turístico","PROFILES","Perfiles de trabajadores y sectores (PROFILES)"
"EMP_TNIF_SEX_NB_A","EMP_TNIF_SEX_NB","Ocupación informal en el sector turístico (millares)","A","Anual","EMP_TNIF_NB","Ocupación informal en el sector turístico (definición anterior de la OIT - CIET13)","SEX","sexo",2007,2025,"24/09/2026 07:12:04",882,912,69,,"TOU","Trabajadores en el sector turístico","PROFILES","Perfiles de trabajadores y sectores (PROFILES)"
"EMP_TNIF_SEX_RT_A","EMP_TNIF_SEX_RT","Tasa de la ocupación informal en el sector turístico (%)","A","Anual","EMP_TNIF_RT","Tasa de la ocupación informal en el sector turístico (definición anterior de la OIT - CIET13)","SEX","sexo",2007,2025,"24/09/2026 07:12:04",882,912,69,,"TOU","Trabajadores en el sector turístico","PROFILES","Perfiles de trabajadores y sectores (PROFILES)"
"EMP_TPIF_SEX_NB_A","EMP_TPIF_SEX_NB","Ocupación en el sector turístico fuera del sector formal (millares)","A","Anual","EMP_TPIF_NB","Ocupación en el sector turístico fuera del sector formal (definición anterior de la OIT - CIET13)","SEX","sexo",2007,2025,"24/09/2026 07:12:04",885,915,69,,"TOU","Trabajadores en el sector turístico","PROFILES","Perfiles de trabajadores y sectores (PROFILES)"
"EMP_TPIF_SEX_RT_A","EMP_TPIF_SEX_RT","Proporción de la ocupación en el sector turísticofuera del sector formal (%)","A","Anual","EMP_TPIF_RT","Proporción de la ocupación en el sector turísticofuera del sector formal (definición anterior de la OIT - CIET13)","SEX","sexo",2007,2025,"24/09/2026 07:12:04",885,915,69,,"TOU","Trabajadores en el sector turístico","PROFILES","Perfiles de trabajadores y sectores (PROFILES)"
"HOW_TOUR_SEX_NB_A","HOW_TOUR_SEX_NB","Promedio de horas efectivamente trabajadas por semana por persona ocupada en el sector turístico","A","Anual","HOW_TOUR_NB","Promedio de horas efectivamente trabajadas por semana por persona ocupada en el sector turístico","SEX","sexo",2007,2025,"24/09/2026 07:12:04",1056,1116,75,,"TOU","Trabajadores en el sector turístico","PROFILES","Perfiles de trabajadores y sectores (PROFILES)"
"HOW_TOUE_SEX_NB_A","HOW_TOUE_SEX_NB","Promedio de horas efectivamente trabajadas por semana por asalariado en el sector turístico","A","Anual","HOW_TOUE_NB","Promedio de horas efectivamente trabajadas por semana por asalariado en el sector turístico","SEX","sexo",2007,2025,"24/09/2026 07:12:04",1056,1116,75,,"TOU","Trabajadores en el sector turístico","PROFILES","Perfiles de trabajadores y sectores (PROFILES)"
"EAR_TMTA_SEX_NB_A","EAR_TMTA_SEX_NB","Ganancias mensuales promedio de los asalariados en el sector turístico (moneda local)","A","Anual","EAR_TMTA_NB","Ganancias mensuales promedio de los asalariados en el sector turístico","SEX","sexo",2007,2025,"24/09/2026 07:12:04",966,1059,58,,"EAR","Remuneraciones y ingresos","PROFILES","Perfiles de trabajadores y sectores (PROFILES)"
"EAR_TMTA_SEX_CUR_NB_A","EAR_TMTA_SEX_CUR_NB","Ganancias mensuales promedio de los asalariados en el sector turístico según sexo y divisa","A","Anual","EAR_TMTA_NB","Ganancias mensuales promedio de los asalariados en el sector turístico","SEX_CUR","sexo, divisa",2007,2025,"25/09/2026 07:10:04",2871,3150,58,,"EAR","Remuneraciones y ingresos","PROFILES","Perfiles de trabajadores y sectores (PROFILES)"
"EAR_THRA_SEX_NB_A","EAR_THRA_SEX_NB","Ganancias horarias promedio de los asalariados en el sector turístico según sexo (moneda local)","A","Anual","EAR_THRA_NB","Ganancias horarias promedio de los asalariados en el sector turístico","SEX","sexo",2007,2025,"24/09/2026 07:12:04",873,921,54,,"EAR","Remuneraciones y ingresos","PROFILES","Perfiles de trabajadores y sectores (PROFILES)"
"EAR_THRA_SEX_CUR_NB_A","EAR_THRA_SEX_CUR_NB","Ganancias horarias promedio de los asalariados en el sector turístico según sexo y divisa","A","Anual","EAR_THRA_NB","Ganancias horarias promedio de los asalariados en el sector turístico","SEX_CUR","sexo, divisa",2007,2025,"25/09/2026 07:10:04",2592,2733,54,,"EAR","Remuneraciones y ingresos","PROFILES","Perfiles de trabajadores y sectores (PROFILES)"
"EMP_PUBL_SEX_AGE_NB_A","EMP_PUBL_SEX_AGE_NB","Ocupación el sector público según sexo y edad (millares)","A","Anual","EMP_PUBL_NB","Ocupación en el sector público (definición anterior de la OIT - CIET13)","SEX_AGE","sexo, edad",1976,2025,"02/10/2026 07:14:04",42828,46580,150,,"PSE","Trabajadores en el sector público","PROFILES","Perfiles de trabajadores y sectores (PROFILES)"
"EMP_PUBL_SEX_CBR_NB_A","EMP_PUBL_SEX_CBR_NB","Ocupación el sector público según sexo y lugar de nacimiento (millares)","A","Anual","EMP_PUBL_NB","Ocupación en el sector público (definición anterior de la OIT - CIET13)","SEX_CBR","sexo, lugar de nacimiento",1987,2025,"02/10/2026 07:14:04",6858,7260,108,,"PSE","Trabajadores en el sector público","PROFILES","Perfiles de trabajadores y sectores (PROFILES)"
"EMP_PUBL_SEX_EDU_NB_A","EMP_PUBL_SEX_EDU_NB","Ocupación el sector público según sexo y educación (millares)","A","Anual","EMP_PUBL_NB","Ocupación en el sector público (definición anterior de la OIT - CIET13)","SEX_EDU","sexo, educación",1987,2025,"02/10/2026 07:14:04",24239,26366,148,,"PSE","Trabajadores en el sector público","PROFILES","Perfiles de trabajadores y sectores (PROFILES)"
"EMP_PUBL_SEX_GEO_NB_A","EMP_PUBL_SEX_GEO_NB","Ocupación el sector público según sexo y zonas rurales / urbanes (millares)","A","Anual","EMP_PUBL_NB","Ocupación en el sector público (definición anterior de la OIT - CIET13)","SEX_GEO","sexo, zonas rurales/urbanes",1987,2025,"02/10/2026 07:14:04",9764,10739,112,,"PSE","Trabajadores en el sector público","PROFILES","Perfiles de trabajadores y sectores (PROFILES)"
"EMP_PUBL_SEX_MTS_NB_A","EMP_PUBL_SEX_MTS_NB","Ocupación el sector público según sexo y estado civil (millares)","A","Anual","EMP_PUBL_NB","Ocupación en el sector público (definición anterior de la OIT - CIET13)","SEX_MTS","sexo, estado civil",1987,2025,"02/10/2026 07:14:04",13967,15089,144,,"PSE","Trabajadores en el sector público","PROFILES","Perfiles de trabajadores y sectores (PROFILES)"
"EMP_PUBL_SEX_ECO_NB_A","EMP_PUBL_SEX_ECO_NB","Ocupación el sector público según sexo y actividad económica (millares)","A","Anual","EMP_PUBL_NB","Ocupación en el sector público (definición anterior de la OIT - CIET13)","SEX_ECO","sexo, actividad económica",1976,2025,"02/10/2026 07:14:04",148602,164920,180,,"PSE","Trabajadores en el sector público","PROFILES","Perfiles de trabajadores y sectores (PROFILES)"
"EMP_PUBL_SEX_EC2_NB_A","EMP_PUBL_SEX_EC2_NB","Ocupación el sector público según sexo y actividad económica - nivel 2 de la CIIU (millares)","A","Anual","EMP_PUBL_NB","Ocupación en el sector público (definición anterior de la OIT - CIET13)","SEX_EC2","sexo, actividad económica - nivel 2 de la ciiu",1989,2025,"02/10/2026 07:14:04",178156,188269,132,,"PSE","Trabajadores en el sector público","PROFILES","Perfiles de trabajadores y sectores (PROFILES)"
"EMP_PUBL_SEX_OCU_NB_A","EMP_PUBL_SEX_OCU_NB","Ocupación el sector público según sexo y ocupación (millares)","A","Anual","EMP_PUBL_NB","Ocupación en el sector público (definición anterior de la OIT - CIET13)","SEX_OCU","sexo, ocupación",1991,2025,"02/10/2026 07:14:04",66863,72716,143,,"PSE","Trabajadores en el sector público","PROFILES","Perfiles de trabajadores y sectores (PROFILES)"
"EMP_PUBL_SEX_OC2_NB_A","EMP_PUBL_SEX_OC2_NB","Ocupación el sector público según sexo y ocupación - nivel 2 de la CIUO (millares)","A","Anual","EMP_PUBL_NB","Ocupación en el sector público (definición anterior de la OIT - CIET13)","SEX_OC2","sexo, ocupación - nivel 2 de la ciuo",1991,2025,"02/10/2026 07:14:04",123929,131924,130,,"PSE","Trabajadores en el sector público","PROFILES","Perfiles de trabajadores y sectores (PROFILES)"
"EMP_PUBL_SEX_STE_NB_A","EMP_PUBL_SEX_STE_NB","Ocupación el sector público según sexo y situación en el empleo (millares)","A","Anual","EMP_PUBL_NB","Ocupación en el sector público (definición anterior de la OIT - CIET13)","SEX_STE","sexo, situación en el empleo",1976,2025,"02/10/2026 07:14:04",11683,12697,149,,"PSE","Trabajadores en el sector público","PROFILES","Perfiles de trabajadores y sectores (PROFILES)"
"EMP_PUBL_SEX_HOW_NB_A","EMP_PUBL_SEX_HOW_NB","Ocupación el sector público según sexo y horas semanales efectivamente trabajadas (millares)","A","Anual","EMP_PUBL_NB","Ocupación en el sector público (definición anterior de la OIT - CIET13)","SEX_HOW","sexo, horas semanales efectivamente trabajadas",1976,2025,"02/10/2026 07:14:04",30801,32871,133,,"PSE","Trabajadores en el sector público","PROFILES","Perfiles de trabajadores y sectores (PROFILES)"
"EMP_PUBL_SEX_JBT_NB_A","EMP_PUBL_SEX_JBT_NB","Ocupación el sector público según sexo y ordenamiento del tiempo de trabajo (millares)","A","Anual","EMP_PUBL_NB","Ocupación en el sector público (definición anterior de la OIT - CIET13)","SEX_JBT","sexo, ordenamiento del tiempo de trabajo",1976,2025,"02/10/2026 07:14:04",13409,14519,142,,"PSE","Trabajadores en el sector público","PROFILES","Perfiles de trabajadores y sectores (PROFILES)"
"EES_PUBL_SEX_JBC_NB_A","EES_PUBL_SEX_JBC_NB","Asalariados en el sector público según sexo y tipo de contrato (millares)","A","Anual","EES_PUBL_NB","Asalariados en el sector público","SEX_JBC","sexo, tipo de contrato de trabajo",1987,2025,"02/10/2026 07:14:04",11543,12341,120,,"PSE","Trabajadores en el sector público","PROFILES","Perfiles de trabajadores y sectores (PROFILES)"
"HOW_PUBL_SEX_NB_A","HOW_PUBL_SEX_NB","Promedio de horas efectivamente trabajadas por semana por persona ocupada en el sector público","A","Anual","HOW_PUBL_NB","Promedio de horas efectivamente trabajadas por semana por persona ocupada en el sector público","SEX","sexo",1976,2025,"02/10/2026 07:14:04",3703,3955,132,,"PSE","Trabajadores en el sector público","PROFILES","Perfiles de trabajadores y sectores (PROFILES)"
"HOW_PUBE_SEX_NB_A","HOW_PUBE_SEX_NB","Promedio de horas efectivamente trabajadas por semana por asalariado en el sector público","A","Anual","HOW_PUBE_NB","Promedio de horas efectivamente trabajadas por semana por asalariado en el sector público","SEX","sexo",1976,2025,"02/10/2026 07:14:04",3682,3934,132,,"PSE","Trabajadores en el sector público","PROFILES","Perfiles de trabajadores y sectores (PROFILES)"
"EAR_PMTA_SEX_NB_A","EAR_PMTA_SEX_NB","Ganancias mensuales promedio de los asalariados en el sector público (moneda local)","A","Anual","EAR_PMTA_NB","Ganancias mensuales promedio de los asalariados en el sector público","SEX","sexo",1989,2025,"02/10/2026 07:14:04",3151,3385,118,,"PSE","Trabajadores en el sector público","PROFILES","Perfiles de trabajadores y sectores (PROFILES)"
"EAR_PMTA_SEX_CUR_NB_A","EAR_PMTA_SEX_CUR_NB","Ganancias mensuales promedio de los asalariados en el sector público según sexo y divisa","A","Anual","EAR_PMTA_NB","Ganancias mensuales promedio de los asalariados en el sector público","SEX_CUR","sexo, divisa",1989,2025,"25/09/2026 07:10:04",9165,9861,117,,"PSE","Trabajadores en el sector público","PROFILES","Perfiles de trabajadores y sectores (PROFILES)"
"EAR_PHRA_SEX_NB_A","EAR_PHRA_SEX_NB","Ganancias horarias promedio de los asalariados en el sector público (moneda local)","A","Anual","EAR_PHRA_NB","Ganancias horarias promedio de los asalariados en el sector público","SEX","sexo",1991,2025,"24/09/2026 07:12:04",2512,2635,103,,"PSE","Trabajadores en el sector público","PROFILES","Perfiles de trabajadores y sectores (PROFILES)"
"EAR_PHRA_SEX_CUR_NB_A","EAR_PHRA_SEX_CUR_NB","Ganancias horarias promedio de los asalariados en el sector público según sexo y divisa","A","Anual","EAR_PHRA_NB","Ganancias horarias promedio de los asalariados en el sector público","SEX_CUR","sexo, divisa",1991,2025,"25/09/2026 07:10:04",7284,7650,103,,"PSE","Trabajadores en el sector público","PROFILES","Perfiles de trabajadores y sectores (PROFILES)"
"POP_2POP_SEX_NB_A","POP_2POP_SEX_NB","Población según sexo -- estimaciones y proyecciones de la ONU, Julio 2024 (millares)","A","Anual","POP_2POP_NB","Población (estimaciones y proyecciones de la ONU)","SEX","sexo",1990,2030,"01/03/2026 14:49:10",34440,34440,280,"Y","POP","Población","ILOEST","Estimaciones Modeladas por la OIT (ILOEST)"
"POP_2WAP_SEX_AGE_NB_A","POP_2WAP_SEX_AGE_NB","Población en edad de trabajar según sexo y edad -- estimaciones y proyecciones de la ONU, Julio 2024 (millares)","A","Anual","POP_2WAP_NB","Población en edad de trabajar (estimaciones y proyecciones de la ONU)","SEX_AGE","sexo, edad",1990,2030,"01/03/2026 14:51:04",964320,964320,280,"Y","POP","Población","ILOEST","Estimaciones Modeladas por la OIT (ILOEST)"
"CLD_2POP_SEX_AGE_NB_A","CLD_2POP_SEX_AGE_NB","Población infantil según sexo y edad -- estimaciones y proyecciones de la ONU, Julio 2024 (millares)","A","Anual","CLD_2POP_NB","Población infantil (estimaciones y proyecciones de la ONU)","SEX_AGE","sexo, edad",1990,2030,"10/04/2026 10:03:27",137760,137760,280,"Y","CLD","Trabajo infantil","ILOEST","Estimaciones Modeladas por la OIT (ILOEST)"
"POP_2LDR_NOC_RT_A","POP_2LDR_NOC_RT","Tasa de dependencia demográfica -- Estimaciones modeladas de la OIT, Nov. 2025","A","Anual","POP_2LDR_RT","Tasa de dependencia demográfica (estimaciones modeladas de la OIT",,"",1991,2027,"02/12/2025 12:28:16",10188,10188,276,"Y","POP","Población","ILOEST","Estimaciones Modeladas por la OIT (ILOEST)"
"EAP_2EAP_SEX_AGE_NB_A","EAP_2EAP_SEX_AGE_NB","Fuerza de trabajo según sexo y edad -- Estimaciones modeladas de la OIT, Nov. 2025 (millares)","A","Anual","EAP_2EAP_NB","Fuerza de trabajo (estimaciones modeladas de la OIT","SEX_AGE","sexo, edad",1990,2027,"02/12/2025 16:36:06",282528,282528,276,"Y","EAP","Fuerza de trabajo","ILOEST","Estimaciones Modeladas por la OIT (ILOEST)"
"EAP_2WAP_SEX_AGE_RT_A","EAP_2WAP_SEX_AGE_RT","Tasa de participación en la fuerza de trabajo según sexo y edad -- Estimaciones modeladas de la OIT, Nov. 2025 (%)","A","Anual","EAP_2WAP_RT","Tasa de participación en la fuerza de trabajo -- hombres (estimaciones modeladas de la OIT","SEX_AGE","sexo, edad",1990,2027,"02/12/2025 16:36:06",282528,282528,276,"Y","EAP","Fuerza de trabajo","ILOEST","Estimaciones Modeladas por la OIT (ILOEST)"
"EMP_2EMP_SEX_AGE_NB_A","EMP_2EMP_SEX_AGE_NB","Ocupación según sexo y edad -- Estimaciones modeladas de la OIT, Nov. 2025 (millares)","A","Anual","EMP_2EMP_NB","Ocupación (estimaciones modeladas de la OIT","SEX_AGE","sexo, edad",1991,2027,"02/12/2025 12:33:47",91692,91692,276,"Y","EMP","Ocupación","ILOEST","Estimaciones Modeladas por la OIT (ILOEST)"
"EMP_2EMP_SEX_STE_NB_A","EMP_2EMP_SEX_STE_NB","Ocupación según sexo y situación en la ocupación -- Estimaciones modeladas de la OIT, Nov. 2025 (millares)","A","Anual","EMP_2EMP_NB","Ocupación (estimaciones modeladas de la OIT","SEX_STE","sexo, situación en el empleo",1991,2025,"02/12/2025 16:36:06",231504,231504,276,"Y","EMP","Ocupación","ILOEST","Estimaciones Modeladas por la OIT (ILOEST)"
"EMP_2EMP_AGE_STE_NB_A","EMP_2EMP_AGE_STE_NB","Ocupación según edad y situación en la ocupación -- Estimaciones modeladas de la OIT, Nov. 2025 (millares)","A","Anual","EMP_2EMP_NB","Ocupación (estimaciones modeladas de la OIT","AGE_STE","edad, situación en el empleo",1991,2025,"02/12/2025 17:16:04",231504,231504,276,"Y","EMP","Ocupación","ILOEST","Estimaciones Modeladas por la OIT (ILOEST)"
"EMP_2EMP_SEX_ECO_NB_A","EMP_2EMP_SEX_ECO_NB","Ocupación según sexo y actividad económica -- Estimaciones modeladas de la OIT, Nov. 2025 (millares)","A","Anual","EMP_2EMP_NB","Ocupación (estimaciones modeladas de la OIT","SEX_ECO","sexo, actividad económica",1991,2025,"04/03/2026 06:40:00",781326,781326,276,"Y","EMP","Ocupación","ILOEST","Estimaciones Modeladas por la OIT (ILOEST)"
"EMP_2EMP_SEX_OCU_NB_A","EMP_2EMP_SEX_OCU_NB","Ocupación según sexo y ocupación -- Estimaciones modeladas de la OIT, Nov. 2025 (millares)","A","Anual","EMP_2EMP_NB","Ocupación (estimaciones modeladas de la OIT","SEX_OCU","sexo, ocupación",1991,2025,"04/03/2026 05:48:58",260442,260442,276,"Y","EMP","Ocupación","ILOEST","Estimaciones Modeladas por la OIT (ILOEST)"
"EMP_2EMP_SEX_AGE_CLA_NB_A","EMP_2EMP_SEX_AGE_CLA_NB","Ocupación según sexo, edad y clase económica -- Estimaciones modeladas de la OIT, Nov. 2025 (millares)","A","Anual","EMP_2EMP_NB","Ocupación (estimaciones modeladas de la OIT","SEX_AGE_CLA","sexo, edad, clase económica",1991,2025,"02/12/2025 17:16:04",317872,317872,193,"Y","POV","Pobreza laboral","ILOEST","Estimaciones Modeladas por la OIT (ILOEST)"
"EMP_2IFL_SEX_NB_A","EMP_2IFL_SEX_NB","Ocupación informal según sexo -- Estimaciones modeladas de la OIT, Nov. 2025 (millares)","A","Anual","EMP_2IFL_NB","Ocupación informal (estimaciones modeladas de la OIT","SEX","sexo",2004,2027,"06/03/2026 17:37:06",6264,6264,87,"Y","IFL","Economía informal","ILOEST","Estimaciones Modeladas por la OIT (ILOEST)"
"EMP_2IFL_SEX_RT_A","EMP_2IFL_SEX_RT","Tasa de la ocupación informal según sexo -- Estimaciones modeladas de la OIT, Nov. 2025 (%)","A","Anual","EMP_2IFL_RT","Tasa de la ocupación informal (estimaciones modeladas de la OIT","SEX","sexo",2004,2027,"06/03/2026 17:37:06",6264,6264,87,"Y","IFL","Economía informal","ILOEST","Estimaciones Modeladas por la OIT (ILOEST)"
"EMP_2WAP_SEX_AGE_RT_A","EMP_2WAP_SEX_AGE_RT","Razón ocupación-población en edad de trabajar según sexo y edad -- Estimaciones modeladas de la OIT, Nov. 2025 (%)","A","Anual","EMP_2WAP_RT","Tasa de ocupación (estimaciones modeladas de la OIT","SEX_AGE","sexo, edad",1991,2027,"02/12/2025 12:33:47",91692,91692,276,"Y","EMP","Ocupación","ILOEST","Estimaciones Modeladas por la OIT (ILOEST)"
"EMP_2TRU_SEX_AGE_NB_A","EMP_2TRU_SEX_AGE_NB","Personas en subocupación por insuficiencia de tiempo de trabajo según sexo y edad -- Estimaciones modeladas de la OIT, Nov. 2025 (millares)","A","Anual","EMP_2TRU_NB","Personas en subocupación por insuficiencia de tiempo de trabajo (estimaciones modeladas de la OIT -- Noviembre 2019","SEX_AGE","sexo, edad",2005,2027,"02/12/2025 11:54:28",56916,56916,276,"Y","LUU","Desempleo y subutilización de la fuerza de trabajo","ILOEST","Estimaciones Modeladas por la OIT (ILOEST)"
"EMP_2TRU_SEX_AGE_RT_A","EMP_2TRU_SEX_AGE_RT","Tasa de subocupación por insuficiencia de tiempo de trabajo según sexo y edad -- Estimaciones modeladas de la OIT, Nov. 2025 (%)","A","Anual","EMP_2TRU_RT","Tasa de subocupación por insuficiencia de tiempo de trabajo (estimaciones modeladas de la OIT","SEX_AGE","sexo, edad",2005,2027,"02/12/2025 11:56:25",56916,56916,276,"Y","LUU","Desempleo y subutilización de la fuerza de trabajo","ILOEST","Estimaciones Modeladas por la OIT (ILOEST)"
"UNE_2UNE_SEX_AGE_NB_A","UNE_2UNE_SEX_AGE_NB","Desocupación según sexo y edad -- Estimaciones modeladas de la OIT, Nov. 2025 (millares)","A","Anual","UNE_2UNE_NB","Desocupación (estimaciones modeladas de la OIT","SEX_AGE","sexo, edad",1991,2027,"02/12/2025 12:33:47",91692,91692,276,"Y","LUU","Desempleo y subutilización de la fuerza de trabajo","ILOEST","Estimaciones Modeladas por la OIT (ILOEST)"
"UNE_2EAP_SEX_AGE_RT_A","UNE_2EAP_SEX_AGE_RT","Tasa de desocupación según sexo y edad -- Estimaciones modeladas de la OIT, Nov. 2025 (%)","A","Anual","UNE_2EAP_RT","Tasa de desocupación (estimaciones modeladas de la OIT","SEX_AGE","sexo, edad",1991,2027,"02/12/2025 12:33:47",91692,91692,276,"Y","LUU","Desempleo y subutilización de la fuerza de trabajo","ILOEST","Estimaciones Modeladas por la OIT (ILOEST)"
"LUU_2LU2_SEX_RT_A","LUU_2LU2_SEX_RT","SU2: Tasa combinada de subocupación por insuficiencia de tiempo de trabajo y desocupación según sexo -- Estimaciones modeladas de la OIT, Nov. 2025 (%)","A","Anual","LUU_2LU2_RT","SU2: Tasa combinada de subocupación por insuficiencia de tiempo de trabajo y desocupación (estimaciones modeladas de la OIT)","SEX","sexo",2005,2027,"22/05/2026 14:31:08",18972,18972,276,"Y","LUU","Desempleo y subutilización de la fuerza de trabajo","ILOEST","Estimaciones Modeladas por la OIT (ILOEST)"
"LUU_2LU2_SEX_AGE_RT_A","LUU_2LU2_SEX_AGE_RT","SU2: Tasa combinada de subocupación por insuficiencia de tiempo de trabajo y desocupación según sexo y edad -- Estimaciones modeladas de la OIT, Nov. 2025 (%)","A","Anual","LUU_2LU2_RT","SU2: Tasa combinada de subocupación por insuficiencia de tiempo de trabajo y desocupación (estimaciones modeladas de la OIT)","SEX_AGE","sexo, edad",2005,2027,"02/12/2025 12:16:21",56916,56916,276,"Y","LUU","Desempleo y subutilización de la fuerza de trabajo","ILOEST","Estimaciones Modeladas por la OIT (ILOEST)"
"LUU_2LU3_SEX_RT_A","LUU_2LU3_SEX_RT","SU3: Tasa combinada de desocupación y fuerza de trabajo potencial según sexo -- Estimaciones modeladas de la OIT, Nov. 2025 (%)","A","Anual","LUU_2LU3_RT","SU3: Tasa combinada de desocupación y fuerza de trabajo potencial (estimaciones modeladas de la OIT)","SEX","sexo",2004,2027,"02/12/2025 12:18:08",6264,6264,87,"Y","LUU","Desempleo y subutilización de la fuerza de trabajo","ILOEST","Estimaciones Modeladas por la OIT (ILOEST)"
"LUU_2LU4_SEX_NB_A","LUU_2LU4_SEX_NB","SU4: Medida compuesta de subutilización de la fuerza de trabajo según sexo -- Estimaciones modeladas de la OIT, Nov. 2025 (millares)","A","Anual","LUU_2LU4_NB","SU4: Medida compuesta de subutilización de la fuerza de trabajo (estimaciones modeladas de la OIT)","SEX","sexo",2005,2027,"02/12/2025 12:20:06",6003,6003,87,"Y","LUU","Desempleo y subutilización de la fuerza de trabajo","ILOEST","Estimaciones Modeladas por la OIT (ILOEST)"
"LUU_2LU4_SEX_RT_A","LUU_2LU4_SEX_RT","SU4: Tasa compuesta de subutilización de la fuerza de trabajo según sexo -- Estimaciones modeladas de la OIT, Nov. 2025 (%)","A","Anual","LUU_2LU4_RT","SU4: Tasa compuesta de subutilización de la fuerza de trabajo (estimaciones modeladas de la OIT)","SEX","sexo",2005,2027,"02/12/2025 12:22:08",6003,6003,87,"Y","LUU","Desempleo y subutilización de la fuerza de trabajo","ILOEST","Estimaciones Modeladas por la OIT (ILOEST)"
"LUU_2LUX_SEX_NB_A","LUU_2LUX_SEX_NB","Déficit de empleo según sexo -- Estimaciones modeladas de la OIT, Nov. 2025 (millares)","A","Anual","LUU_2LUX_NB","Brecha de empleos (estimaciones modeladas de la OIT","SEX","sexo",2004,2027,"02/12/2025 12:24:08",6264,6264,87,"Y","LUU","Desempleo y subutilización de la fuerza de trabajo","ILOEST","Estimaciones Modeladas por la OIT (ILOEST)"
"LUU_2LUX_SEX_RT_A","LUU_2LUX_SEX_RT","Tasa de incidencia de déficit de empleo según sexo -- Estimaciones modeladas de la OIT, Nov. 2025 (%)","A","Anual","LUU_2LUX_RT","Tasa de incidencia de la brecha laboral (estimaciones modeladas de la OIT","SEX","sexo",2004,2027,"02/12/2025 12:26:07",6264,6264,87,"Y","LUU","Desempleo y subutilización de la fuerza de trabajo","ILOEST","Estimaciones Modeladas por la OIT (ILOEST)"
"EIP_2PLF_SEX_NB_A","EIP_2PLF_SEX_NB","Fuerza de trabajo potencial según sexo -- Estimaciones modeladas de la OIT, Nov. 2025 (millares)","A","Anual","EIP_2PLF_NB","Fuerza de trabajo potencial (estimaciones modeladas de la OIT","SEX","sexo",2004,2027,"02/12/2025 10:48:07",6264,6264,87,"Y","LUU","Desempleo y subutilización de la fuerza de trabajo","ILOEST","Estimaciones Modeladas por la OIT (ILOEST)"
"EIP_2PLF_SEX_RT_A","EIP_2PLF_SEX_RT","Tasa de la fuerza de trabajo potencial según sexo -- Estimaciones modeladas de la OIT, Nov. 2025 (%)","A","Anual","EIP_2PLF_RT","Tasa de la uerza de trabajo potencial (estimaciones modeladas de la OIT","SEX","sexo",2004,2027,"02/12/2025 10:50:08",6264,6264,87,"Y","LUU","Desempleo y subutilización de la fuerza de trabajo","ILOEST","Estimaciones Modeladas por la OIT (ILOEST)"
"EIP_2JOB_SEX_NB_A","EIP_2JOB_SEX_NB","Fuerza de trabajo potencial y personas que no buscan empleo dispuestas según sexo -- Estimaciones modeladas de la OIT, Nov. 2025 (millares)","A","Anual","EIP_2JOB_NB","Fuerza de trabajo potencial y personas que no buscan empleo dispuestas (estimaciones modeladas de la OIT","SEX","sexo",2004,2027,"02/12/2025 10:44:08",6264,6264,87,"Y","LUU","Desempleo y subutilización de la fuerza de trabajo","ILOEST","Estimaciones Modeladas por la OIT (ILOEST)"
"EIP_2JOB_SEX_RT_A","EIP_2JOB_SEX_RT","Tasa de fuerza de trabajo potencial y no demandantes de empleo dispuestos -- Estimaciones modeladas de la OIT, Nov. 2025 (%)","A","Anual","EIP_2JOB_RT","Tasa de fuerza de trabajo potencial y no demandantes de empleo dispuestos (estimaciones modeladas de la OIT","SEX","sexo",2004,2027,"02/12/2025 10:46:07",6264,6264,87,"Y","LUU","Desempleo y subutilización de la fuerza de trabajo","ILOEST","Estimaciones Modeladas por la OIT (ILOEST)"
"EIP_2EIP_SEX_AGE_NB_A","EIP_2EIP_SEX_AGE_NB","Personas fuera de la fuerza de trabajo según sexo y edad -- Estimaciones modeladas de la OIT, Nov. 2025 (millares)","A","Anual","EIP_2EIP_NB","Personas fuera de la fuerza de trabajo (estimaciones modeladas de la OIT","SEX_AGE","sexo, edad",1990,2027,"02/12/2025 16:36:06",282528,282528,276,"Y","LUU","Desempleo y subutilización de la fuerza de trabajo","ILOEST","Estimaciones Modeladas por la OIT (ILOEST)"
"EIP_2EET_SEX_NB_A","EIP_2EET_SEX_NB","NINI: Jóvenes que no están ocupados, ni estudian ni reciben formación según sexo -- Estimaciones modeladas de la OIT, Nov. 2025 (millares)","A","Anual","EIP_2EET_NB","NINI: Jóvenes que no están ocupados, ni estudian ni reciben formación (estimaciones modeladas de la OIT","SEX","sexo",2005,2027,"02/12/2025 10:32:17",18972,18972,276,"Y","LUU","Desempleo y subutilización de la fuerza de trabajo","ILOEST","Estimaciones Modeladas por la OIT (ILOEST)"
"GDP_2HRW_NOC_NB_A","GDP_2HRW_NOC_NB","Producción por hora trabajada, PIB en $ dólares internacionales constantes de 2021 en PPA -- Estimaciones modeladas de la OIT, Nov. 2025","A","Anual","GDP_2HRW_NB","Producción por hora trabajada, PIB en $ dólares internacionales constantes de 2021 en PPA (Estimaciones modeladas de la OIT)",,"",2005,2027,"02/12/2025 12:06:11",6324,6324,276,"Y","LPY","Productividad laboral","ILOEST","Estimaciones Modeladas por la OIT (ILOEST)"
"EIP_2WAP_SEX_AGE_RT_A","EIP_2WAP_SEX_AGE_RT","Tasa de inactividad según sexo y edad -- Estimaciones modeladas de la OIT, Nov. 2025 (%)","A","Anual","EIP_2WAP_RT","Tasa de inactividad (estimaciones modeladas de la OIT","SEX_AGE","sexo, edad",1990,2027,"02/12/2025 16:36:06",282528,282528,276,"Y","LUU","Desempleo y subutilización de la fuerza de trabajo","ILOEST","Estimaciones Modeladas por la OIT (ILOEST)"
"EIP_2EET_SEX_RT_A","EIP_2EET_SEX_RT","Tasa de NINI: Proporción de jóvenes que no están ocupados, ni estudian ni reciben formación según sexo -- Estimaciones modeladas de la OIT, Nov. 2025 (%)","A","Anual","EIP_2EET_RT","Tasa de NINI: Proporción de jóvenes que no están ocupados, ni estudian ni reciben formación (estimaciones modeladas de la OIT","SEX","sexo",2005,2027,"02/12/2025 10:34:13",18972,18972,276,"Y","LUU","Desempleo y subutilización de la fuerza de trabajo","ILOEST","Estimaciones Modeladas por la OIT (ILOEST)"
"LAP_2GDP_NOC_RT_A","LAP_2GDP_NOC_RT","Participación del ingreso laboral en el PIB -- Estimaciones modeladas de la OIT, Nov. 2025 (%)","A","Anual","LAP_2GDP_RT","Participación del ingreso laboral en el PIB (Estimaciones modeladas de la OIT)",,"",2004,2026,"20/03/2026 12:54:04",6329,6329,276,"Y","EAR","Remuneraciones y ingresos","ILOEST","Estimaciones Modeladas por la OIT (ILOEST)"
"LAP_2LID_QTL_RT_A","LAP_2LID_QTL_RT","Distribución del ingreso laboral por decil -- Estimaciones modeladas de la OIT, Sept. 2025 (%)","A","Anual","LAP_2LID_RT","Distribución del ingreso laboral (Estimaciones modeladas de la OIT)","QTL","",2004,2025,"16/09/2025 15:46:19",60580,60580,276,"Y","EAR","Remuneraciones y ingresos","ILOEST","Estimaciones Modeladas por la OIT (ILOEST)"
"GDP_211P_NOC_NB_A","GDP_211P_NOC_NB","Producción por trabajador, PIB en $ dólares internacionales constantes de 2021 en PPA -- Estimaciones modeladas de la OIT, Nov. 2025","A","Anual","GDP_211P_NB","Producción por trabajador, PIB en $ dólares internacionales constantes de 2021 en PPA (Estimaciones modeladas de la OIT)",,"",1991,2027,"02/12/2025 12:04:12",10188,10188,276,"Y","LPY","Productividad laboral","ILOEST","Estimaciones Modeladas por la OIT (ILOEST)"
"GDP_2TOT_NOC_NB_A","GDP_2TOT_NOC_NB","Producto Interno Bruto, en millones $ dólares internacionales constantes de 2021 en PPA -- Estimaciones modeladas de la OIT, Nov. 2025","A","Anual","GDP_2TOT_NB","Producto Interno Bruto, en millones $ dólares internacionales constantes de 2021 en PPA (Estimaciones modeladas de la OIT)",,"",1991,2027,"02/12/2025 12:08:14",10188,10188,276,"Y","LPY","Productividad laboral","ILOEST","Estimaciones Modeladas por la OIT (ILOEST)"
"LAP_2FTM_NOC_RT_A","LAP_2FTM_NOC_RT","Brecha de ingresos por género -- Estimaciones modeladas de la OIT, Nov. 2025 (%)","A","Anual","LAP_2FTM_RT","Brecha de ingresos por género (Estimaciones modeladas de la OIT)",,"",2004,2026,"20/03/2026 12:55:04",2001,2001,87,"Y","EAR","Remuneraciones y ingresos","ILOEST","Estimaciones Modeladas por la OIT (ILOEST)"
"GDP_205U_NOC_NB_A","GDP_205U_NOC_NB","Producción por trabajador, PIB en $ dólares constantes de 2015 US $ -- Estimaciones modeladas de la OIT, Nov. 2025","A","Anual","GDP_205U_NB","Producción por trabajador, PIB en $ dólares constantes de 2015 US $ (Estimaciones modeladas de la OIT)",,"",1991,2027,"02/12/2025 12:02:16",10188,10188,276,"Y","LPY","Productividad laboral","ILOEST","Estimaciones Modeladas por la OIT (ILOEST)"
"GED_2LFP_SEX_HHT_RT_A","GED_2LFP_SEX_HHT_RT","Tasa de participación en la fuerza de trabajo de las personas de 25 a 54 años según sexo y tipo de hogar -- Estimaciones modeladas de la OIT, Nov. 2023 (%)","A","Anual","GED_2LFP_RT","Tasa de participación en la fuerza de trabajo para personas de 25 a 54 años (estimaciones modeladas de la OIT","SEX_HHT","sexo, tipo de hogar",2004,2023,"21/05/2025 17:34:46",27900,27900,93,"Y","EAP","Fuerza de trabajo","ILOEST","Estimaciones Modeladas por la OIT (ILOEST)"
"GED_2LFP_SEX_HHT_NB_A","GED_2LFP_SEX_HHT_NB","Fuerza de trabajo de las personas de 25 a 54 años con hijos menores de 6 años, según sexo y tipo de hogar -- Estimaciones modeladas de la OIT, Nov. 2023 (millares)","A","Anual","GED_2LFP_NB","Fuerza de trabajo para personas de 25 a 54 años (estimaciones modeladas de la OIT","SEX_HHT","sexo, tipo de hogar",2004,2023,"21/05/2025 17:34:46",27900,27900,93,"Y","EAP","Fuerza de trabajo","ILOEST","Estimaciones Modeladas por la OIT (ILOEST)"
"EMP_2FTE_SEX_JBF_NB_A","EMP_2FTE_SEX_JBF_NB","Ocupación equivalente a tiempo completo según sexo - Estimaciones modeladas de la OIT, Nov. 2025 (millares)","A","Anual","EMP_2FTE_NB","Ocupación equivalente a tiempo completo (estimaciones modeladas de la OIT)","SEX_JBF","sexo, equivalencia a tiempo completo",2005,2027,"02/12/2025 11:52:20",37944,37944,276,"Y","EMP","Ocupación","ILOEST","Estimaciones Modeladas por la OIT (ILOEST)"
"HOW_2TDP_SEX_RT_A","HOW_2TDP_SEX_RT","Relación entre el total de las horas trabajadas por semana para las personas empleadas y la población de 15 a 64 años según sexo -- Estimaciones modeladas de la OIT, Nov. 2025","A","Anual","HOW_2TDP_RT","Relación entre el total de las horas trabajadas por semana para las personas empleadas y la población de 15 a 64 años (estimaciones modeladas de la OIT","SEX","sexo",2005,2027,"02/12/2025 12:12:13",18972,18972,276,"Y","HOW","Horas de trabajo","ILOEST","Estimaciones Modeladas por la OIT (ILOEST)"
"HOW_2TOT_SEX_NB_A","HOW_2TOT_SEX_NB","Total de horas trabajadas por semana para las personas empleadas según sexo -- Estimaciones modeladas de la OIT, Nov. 2025 (miles)","A","Anual","HOW_2TOT_NB","Total de horas trabajadas por semana para las personas empleadas (estimaciones modeladas de la OIT","SEX","sexo",2005,2027,"02/12/2025 12:14:13",18972,18972,276,"Y","HOW","Horas de trabajo","ILOEST","Estimaciones Modeladas por la OIT (ILOEST)"
"HOW_2EMP_SEX_NB_A","HOW_2EMP_SEX_NB","Promedio de horas trabajadas por semana por persona empleada par sexe -- Estimaciones modeladas de la OIT, Nov. 2025","A","Anual","HOW_2EMP_NB","Promedio de horas trabajadas por semana por persona empleada (estimaciones modeladas de la OIT","SEX","sexo",2005,2027,"02/12/2025 12:10:14",18972,18972,276,"Y","HOW","Horas de trabajo","ILOEST","Estimaciones Modeladas por la OIT (ILOEST)"
"EAP_5EAP_SEX_AGE_NB_A","EAP_5EAP_SEX_AGE_NB","Fuerza de trabajo según sexo y edad -- 19 CIET (millares)","A","Anual","EAP_5EAP_NB","Fuerza de trabajo (definición actual de la OIT - CIET19)","SEX_AGE","sexo, edad",2014,2025,"02/10/2026 07:17:04",10169,11633,134,,"EAP","Fuerza de trabajo","WORK","Estadísticas de trabajo -- 19 CIET (WORK)"
"EAP_5EAP_SEX_AGE_NB_Q","EAP_5EAP_SEX_AGE_NB","Fuerza de trabajo según sexo y edad -- 19 CIET (millares)","Q","Trimestral","EAP_5EAP_NB","Fuerza de trabajo (definición actual de la OIT - CIET19)","SEX_AGE","sexo, edad",2014,2026,"02/10/2026 07:18:05",28592,32240,79,,"EAP","Fuerza de trabajo","WORK","Estadísticas de trabajo -- 19 CIET (WORK)"
"EAP_5WAP_SEX_AGE_RT_A","EAP_5WAP_SEX_AGE_RT","Tasa de participación en la fuerza de trabajo según sexo y edad -- 19 CIET (%)","A","Anual","EAP_5WAP_RT","Tasa de participación en la fuerza de trabajo (definición actual de la OIT - CIET19)","SEX_AGE","sexo, edad",2014,2025,"02/10/2026 07:17:04",7734,8832,132,,"EAP","Fuerza de trabajo","WORK","Estadísticas de trabajo -- 19 CIET (WORK)"
"EAP_5WAP_SEX_AGE_RT_Q","EAP_5WAP_SEX_AGE_RT","Tasa de participación en la fuerza de trabajo según sexo y edad -- 19 CIET (%)","Q","Trimestral","EAP_5WAP_RT","Tasa de participación en la fuerza de trabajo (definición actual de la OIT - CIET19)","SEX_AGE","sexo, edad",2014,2026,"02/10/2026 07:18:05",21826,24562,80,,"EAP","Fuerza de trabajo","WORK","Estadísticas de trabajo -- 19 CIET (WORK)"
"EMP_5EMP_SEX_AGE_NB_A","EMP_5EMP_SEX_AGE_NB","Ocupación según sexo y edad -- 19 CIET (millares)","A","Anual","EMP_5EMP_NB","Ocupación (definición actual de la OIT - CIET19)","SEX_AGE","sexo, edad",2014,2025,"02/10/2026 07:17:04",10161,15225,135,,"EMP","Ocupación","WORK","Estadísticas de trabajo -- 19 CIET (WORK)"
"EMP_5EMP_SEX_AGE_NB_Q","EMP_5EMP_SEX_AGE_NB","Ocupación según sexo y edad -- 19 CIET (millares)","Q","Trimestral","EMP_5EMP_NB","Ocupación (definición actual de la OIT - CIET19)","SEX_AGE","sexo, edad",2014,2026,"02/10/2026 07:18:05",28592,32240,79,,"EMP","Ocupación","WORK","Estadísticas de trabajo -- 19 CIET (WORK)"
"EMP_5EMP_SEX_STE_NB_A","EMP_5EMP_SEX_STE_NB","Ocupación según sexo y situación en el empleo -- 19 CIET (millares)","A","Anual","EMP_5EMP_NB","Ocupación (definición actual de la OIT - CIET19)","SEX_STE","sexo, situación en el empleo",2017,2025,"02/10/2026 07:17:04",5805,5805,31,,"EMP","Ocupación","WORK","Estadísticas de trabajo -- 19 CIET (WORK)"
"EMP_5EMP_SEX_STE_NB_Q","EMP_5EMP_SEX_STE_NB","Ocupación según sexo y situación en el empleo -- 19 CIET (millares)","Q","Trimestral","EMP_5EMP_NB","Ocupación (definición actual de la OIT - CIET19)","SEX_STE","sexo, situación en el empleo",2017,2026,"02/10/2026 07:18:05",12795,12795,16,,"EMP","Ocupación","WORK","Estadísticas de trabajo -- 19 CIET (WORK)"
"EMP_5EMP_SEX_ECO_NB_A","EMP_5EMP_SEX_ECO_NB","Ocupación según sexo y actividad económica -- 19 CIET (millares)","A","Anual","EMP_5EMP_NB","Ocupación (definición actual de la OIT - CIET19)","SEX_ECO","sexo, actividad económica",2014,2025,"02/10/2026 07:17:04",32197,46999,133,,"EMP","Ocupación","WORK","Estadísticas de trabajo -- 19 CIET (WORK)"
"EMP_5EMP_SEX_ECO_NB_Q","EMP_5EMP_SEX_ECO_NB","Ocupación según sexo y actividad económica -- 19 CIET (millares)","Q","Trimestral","EMP_5EMP_NB","Ocupación (definición actual de la OIT - CIET19)","SEX_ECO","sexo, actividad económica",2014,2026,"02/10/2026 07:18:05",91054,97456,78,,"EMP","Ocupación","WORK","Estadísticas de trabajo -- 19 CIET (WORK)"
"EMP_5EMP_SEX_OCU_NB_A","EMP_5EMP_SEX_OCU_NB","Ocupación según sexo y ocupación -- 19 CIET (millares)","A","Anual","EMP_5EMP_NB","Ocupación (definición actual de la OIT - CIET19)","SEX_OCU","sexo, ocupación",2014,2025,"02/10/2026 07:17:04",26373,30024,125,,"EMP","Ocupación","WORK","Estadísticas de trabajo -- 19 CIET (WORK)"
"EMP_5EMP_SEX_OCU_NB_Q","EMP_5EMP_SEX_OCU_NB","Ocupación según sexo y ocupación -- 19 CIET (millares)","Q","Trimestral","EMP_5EMP_NB","Ocupación (definición actual de la OIT - CIET19)","SEX_OCU","sexo, ocupación",2014,2026,"02/10/2026 07:18:05",76289,86408,75,,"EMP","Ocupación","WORK","Estadísticas de trabajo -- 19 CIET (WORK)"
"EMP_5EMP_SEX_OC2_NB_A","EMP_5EMP_SEX_OC2_NB","Ocupación según sexo y ocupación - nivel 2 de la CIUO -- 19 CIET (millares)","A","Anual","EMP_5EMP_NB","Ocupación (definición actual de la OIT - CIET19)","SEX_OC2","sexo, ocupación - nivel 2 de la ciuo",2014,2025,"02/10/2026 07:17:04",78772,83854,106,,"EMP","Ocupación","WORK","Estadísticas de trabajo -- 19 CIET (WORK)"
"EMP_5EMP_SEX_OC2_NB_Q","EMP_5EMP_SEX_OC2_NB","Ocupación según sexo y ocupación - nivel 2 de la CIUO -- 19 CIET (millares)","Q","Trimestral","EMP_5EMP_NB","Ocupación (definición actual de la OIT - CIET19)","SEX_OC2","sexo, ocupación - nivel 2 de la ciuo",2014,2026,"02/10/2026 07:18:05",250888,265684,67,,"EMP","Ocupación","WORK","Estadísticas de trabajo -- 19 CIET (WORK)"
"EMP_5NIF_SEX_ECO_RT_A","EMP_5NIF_SEX_ECO_RT","Tasa de la ocupación informal según sexo y actividad económica -- 19 CIET (%)","A","Anual","EMP_5NIF_RT","Tasa de la ocupación informal (definición actual de la OIT - CIET19)","SEX_ECO","sexo, actividad económica",2014,2025,"02/10/2026 07:17:04",9170,9563,99,,"IFL","Economía informal","WORK","Estadísticas de trabajo -- 19 CIET (WORK)"
"EMP_5NIF_SEX_ECO_RT_Q","EMP_5NIF_SEX_ECO_RT","Tasa de la ocupación informal según sexo y actividad económica -- 19 CIET (%)","Q","Trimestral","EMP_5NIF_RT","Tasa de la ocupación informal (definición actual de la OIT - CIET19)","SEX_ECO","sexo, actividad económica",2014,2026,"02/10/2026 07:18:05",9553,9763,34,,"IFL","Economía informal","WORK","Estadísticas de trabajo -- 19 CIET (WORK)"
"EMP_5WAP_SEX_AGE_RT_A","EMP_5WAP_SEX_AGE_RT","Razón ocupación-población en edad de trabajar según sexo y edad -- 19 CIET (%)","A","Anual","EMP_5WAP_RT","Tasa de ocupación (definición actual de la OIT - CIET19)","SEX_AGE","sexo, edad",2014,2025,"02/10/2026 07:17:04",7643,8741,132,,"EMP","Ocupación","WORK","Estadísticas de trabajo -- 19 CIET (WORK)"
"EMP_5WAP_SEX_AGE_RT_Q","EMP_5WAP_SEX_AGE_RT","Razón ocupación-población en edad de trabajar según sexo y edad -- 19 CIET (%)","Q","Trimestral","EMP_5WAP_RT","Tasa de ocupación (definición actual de la OIT - CIET19)","SEX_AGE","sexo, edad",2014,2026,"02/10/2026 07:18:05",21826,24562,80,,"EMP","Ocupación","WORK","Estadísticas de trabajo -- 19 CIET (WORK)"
"EMP_5NIF_SEX_AGE_NB_A","EMP_5NIF_SEX_AGE_NB","Ocupación informal según sexo y edad -- 19 CIET (millares)","A","Anual","EMP_5NIF_NB","Ocupación informal (definición actual de la OIT - CIET19)","SEX_AGE","sexo, edad",2014,2025,"02/10/2026 07:17:04",6692,6968,100,,"IFL","Economía informal","WORK","Estadísticas de trabajo -- 19 CIET (WORK)"
"EMP_5NIF_SEX_AGE_NB_Q","EMP_5NIF_SEX_AGE_NB","Ocupación informal según sexo y edad -- 19 CIET (millares)","Q","Trimestral","EMP_5NIF_NB","Ocupación informal (definición actual de la OIT - CIET19)","SEX_AGE","sexo, edad",2014,2026,"02/10/2026 07:18:05",7184,7352,34,,"IFL","Economía informal","WORK","Estadísticas de trabajo -- 19 CIET (WORK)"
"EMP_5PIF_SEX_AGE_NB_A","EMP_5PIF_SEX_AGE_NB","Ocupación fuera del sector formal según sexo y edad -- 19 CIET (millares)","A","Anual","EMP_5PIF_NB","Ocupación fuera del sector formal (definición actual de la OIT - CIET19)","SEX_AGE","sexo, edad",2014,2025,"02/10/2026 07:17:04",6644,6920,99,,"IFL","Economía informal","WORK","Estadísticas de trabajo -- 19 CIET (WORK)"
"EMP_5PIF_SEX_AGE_NB_Q","EMP_5PIF_SEX_AGE_NB","Ocupación fuera del sector formal según sexo y edad -- 19 CIET (millares)","Q","Trimestral","EMP_5PIF_NB","Ocupación fuera del sector formal (definición actual de la OIT - CIET19)","SEX_AGE","sexo, edad",2014,2026,"02/10/2026 07:18:05",6929,7097,33,,"IFL","Economía informal","WORK","Estadísticas de trabajo -- 19 CIET (WORK)"
"EMP_5NIF_SEX_AGE_RT_A","EMP_5NIF_SEX_AGE_RT","Tasa de la ocupación informal según sexo y edad -- 19 CIET (%)","A","Anual","EMP_5NIF_RT","Tasa de la ocupación informal (definición actual de la OIT - CIET19)","SEX_AGE","sexo, edad",2014,2025,"02/10/2026 07:17:04",5013,5220,100,,"IFL","Economía informal","WORK","Estadísticas de trabajo -- 19 CIET (WORK)"
"EMP_5NIF_SEX_AGE_RT_Q","EMP_5NIF_SEX_AGE_RT","Tasa de la ocupación informal según sexo y edad -- 19 CIET (%)","Q","Trimestral","EMP_5NIF_RT","Tasa de la ocupación informal (definición actual de la OIT - CIET19)","SEX_AGE","sexo, edad",2014,2026,"02/10/2026 07:18:05",5392,5518,34,,"IFL","Economía informal","WORK","Estadísticas de trabajo -- 19 CIET (WORK)"
"EMP_5PIF_SEX_AGE_RT_A","EMP_5PIF_SEX_AGE_RT","Proporción de la ocupación fuera del sector formal según sexo y edad -- 19 CIET (%)","A","Anual","EMP_5PIF_RT","Proporción de la ocupación fuera del sector formal (definición actual de la OIT - CIET19)","SEX_AGE","sexo, edad",2014,2025,"02/10/2026 07:17:04",4979,5186,99,,"IFL","Economía informal","WORK","Estadísticas de trabajo -- 19 CIET (WORK)"
"EMP_5PIF_SEX_AGE_RT_Q","EMP_5PIF_SEX_AGE_RT","Proporción de la ocupación fuera del sector formal según sexo y edad -- 19 CIET (%)","Q","Trimestral","EMP_5PIF_RT","Proporción de la ocupación fuera del sector formal (definición actual de la OIT - CIET19)","SEX_AGE","sexo, edad",2014,2026,"02/10/2026 07:18:05",5190,5316,33,,"IFL","Economía informal","WORK","Estadísticas de trabajo -- 19 CIET (WORK)"
"EMP_5TRU_SEX_AGE_NB_A","EMP_5TRU_SEX_AGE_NB","Personas en subocupación por insuficiencia de tiempo de trabajo según sexo y edad -- 19 CIET (millares)","A","Anual","EMP_5TRU_NB","Personas en subocupación por insuficiencia de tiempo de trabajo (definición actual de la OIT - CIET19)","SEX_AGE","sexo, edad",2014,2025,"02/10/2026 07:17:04",8241,9297,115,,"LUU","Desempleo y subutilización de la fuerza de trabajo","WORK","Estadísticas de trabajo -- 19 CIET (WORK)"
"EMP_5TRU_SEX_AGE_NB_Q","EMP_5TRU_SEX_AGE_NB","Personas en subocupación por insuficiencia de tiempo de trabajo según sexo y edad -- 19 CIET (millares)","Q","Trimestral","EMP_5TRU_NB","Personas en subocupación por insuficiencia de tiempo de trabajo (definición actual de la OIT - CIET19)","SEX_AGE","sexo, edad",2014,2026,"02/10/2026 07:18:05",25121,28049,71,,"LUU","Desempleo y subutilización de la fuerza de trabajo","WORK","Estadísticas de trabajo -- 19 CIET (WORK)"
"EMP_5TRU_SEX_AGE_RT_A","EMP_5TRU_SEX_AGE_RT","Tasa de subocupación por insuficiencia de tiempo de trabajo según sexo y edad -- 19 CIET (%)","A","Anual","EMP_5TRU_RT","Tasa de subocupación por insuficiencia de tiempo de trabajo (definición actual de la OIT - CIET19)","SEX_AGE","sexo, edad",2014,2025,"02/10/2026 07:17:04",6182,6974,115,,"LUU","Desempleo y subutilización de la fuerza de trabajo","WORK","Estadísticas de trabajo -- 19 CIET (WORK)"
"EMP_5TRU_SEX_AGE_RT_Q","EMP_5TRU_SEX_AGE_RT","Tasa de subocupación por insuficiencia de tiempo de trabajo según sexo y edad -- 19 CIET (%)","Q","Trimestral","EMP_5TRU_RT","Tasa de subocupación por insuficiencia de tiempo de trabajo (definición actual de la OIT - CIET19)","SEX_AGE","sexo, edad",2014,2026,"02/10/2026 07:18:05",18942,21138,72,,"LUU","Desempleo y subutilización de la fuerza de trabajo","WORK","Estadísticas de trabajo -- 19 CIET (WORK)"
"UNE_5UNE_SEX_AGE_NB_A","UNE_5UNE_SEX_AGE_NB","Desocupación según sexo y edad -- 19 CIET (millares)","A","Anual","UNE_5UNE_NB","Desocupación (definición actual de la OIT - CIET19)","SEX_AGE","sexo, edad",2014,2025,"02/10/2026 07:17:04",10152,11640,136,,"LUU","Desempleo y subutilización de la fuerza de trabajo","WORK","Estadísticas de trabajo -- 19 CIET (WORK)"
"UNE_5UNE_SEX_AGE_NB_Q","UNE_5UNE_SEX_AGE_NB","Desocupación según sexo y edad -- 19 CIET (millares)","Q","Trimestral","UNE_5UNE_NB","Desocupación (definición actual de la OIT - CIET19)","SEX_AGE","sexo, edad",2014,2026,"02/10/2026 07:18:05",28571,32219,79,,"LUU","Desempleo y subutilización de la fuerza de trabajo","WORK","Estadísticas de trabajo -- 19 CIET (WORK)"
"UNE_5EAP_SEX_AGE_RT_A","UNE_5EAP_SEX_AGE_RT","Tasa de desocupación según sexo y edad -- 19 CIET (%)","A","Anual","UNE_5EAP_RT","Tasa de desocupación (definición actual de la OIT - CIET19)","SEX_AGE","sexo, edad",2014,2025,"02/10/2026 07:17:04",7995,9111,138,,"LUU","Desempleo y subutilización de la fuerza de trabajo","WORK","Estadísticas de trabajo -- 19 CIET (WORK)"
"UNE_5EAP_SEX_AGE_RT_Q","UNE_5EAP_SEX_AGE_RT","Tasa de desocupación según sexo y edad -- 19 CIET (%)","Q","Trimestral","UNE_5EAP_RT","Tasa de desocupación (definición actual de la OIT - CIET19)","SEX_AGE","sexo, edad",2014,2026,"02/10/2026 07:18:05",21808,24544,80,,"LUU","Desempleo y subutilización de la fuerza de trabajo","WORK","Estadísticas de trabajo -- 19 CIET (WORK)"
"UNE_5EAP_SEX_DSB_RT_A","UNE_5EAP_SEX_DSB_RT","Tasa de desocupación según sexo y situación en términos de discapacidad -- 19 CIET (%)","A","Anual","UNE_5EAP_RT","Tasa de desocupación (definición actual de la OIT - CIET19)","SEX_DSB","sexo, situación en términos de discapacidad",2014,2025,"16/09/2026 08:34:06",4599,4725,89,,"LUU","Desempleo y subutilización de la fuerza de trabajo","WORK","Estadísticas de trabajo -- 19 CIET (WORK)"
"UNE_5EAP_SEX_DSB_RT_Q","UNE_5EAP_SEX_DSB_RT","Tasa de desocupación según sexo y situación en términos de discapacidad -- 19 CIET (%)","Q","Trimestral","UNE_5EAP_RT","Tasa de desocupación (definición actual de la OIT - CIET19)","SEX_DSB","sexo, situación en términos de discapacidad",2014,2026,"16/09/2026 08:35:10",2869,2869,19,,"LUU","Desempleo y subutilización de la fuerza de trabajo","WORK","Estadísticas de trabajo -- 19 CIET (WORK)"
"LUU_5LU2_SEX_AGE_RT_A","LUU_5LU2_SEX_AGE_RT","SU2: Tasa combinada de subocupación por insuficiencia de tiempo de trabajo y desocupación según sexo y edad -- 19 CIET (%)","A","Anual","LUU_5LU2_RT","SU2: Tasa combinada de subocupación por insuficiencia de tiempo de trabajo y desocupación (definición actual de la OIT - CIET19)","SEX_AGE","sexo, edad",2014,2025,"02/10/2026 07:17:04",6329,7121,113,,"LUU","Desempleo y subutilización de la fuerza de trabajo","WORK","Estadísticas de trabajo -- 19 CIET (WORK)"
"LUU_5LU2_SEX_AGE_RT_Q","LUU_5LU2_SEX_AGE_RT","SU2: Tasa combinada de subocupación por insuficiencia de tiempo de trabajo y desocupación según sexo y edad -- 19 CIET (%)","Q","Trimestral","LUU_5LU2_RT","SU2: Tasa combinada de subocupación por insuficiencia de tiempo de trabajo y desocupación (definición actual de la OIT - CIET19)","SEX_AGE","sexo, edad",2014,2026,"02/10/2026 07:18:05",19127,21323,72,,"LUU","Desempleo y subutilización de la fuerza de trabajo","WORK","Estadísticas de trabajo -- 19 CIET (WORK)"
"LUU_5LU3_SEX_AGE_RT_A","LUU_5LU3_SEX_AGE_RT","SU3: Tasa combinada de desocupación y fuerza de trabajo potencial según sexo y edad -- 19 CIET (%)","A","Anual","LUU_5LU3_RT","SU3: Tasa combinada de desocupación y fuerza de trabajo potencial (definición actual de la OIT - CIET19)","SEX_AGE","sexo, edad",2014,2025,"02/10/2026 07:17:04",6656,7565,118,,"LUU","Desempleo y subutilización de la fuerza de trabajo","WORK","Estadísticas de trabajo -- 19 CIET (WORK)"
"LUU_5LU3_SEX_AGE_RT_Q","LUU_5LU3_SEX_AGE_RT","SU3: Tasa combinada de desocupación y fuerza de trabajo potencial según sexo y edad -- 19 CIET (%)","Q","Trimestral","LUU_5LU3_RT","SU3: Tasa combinada de desocupación y fuerza de trabajo potencial (definición actual de la OIT - CIET19)","SEX_AGE","sexo, edad",2014,2026,"02/10/2026 07:18:05",20418,22758,75,,"LUU","Desempleo y subutilización de la fuerza de trabajo","WORK","Estadísticas de trabajo -- 19 CIET (WORK)"
"LUU_5LU4_SEX_AGE_RT_A","LUU_5LU4_SEX_AGE_RT","SU4: Tasa compuesta de subutilización de la fuerza de trabajo según sexo y edad -- 19 CIET (%)","A","Anual","LUU_5LU4_RT","SU4: Tasa compuesta de subutilización de la fuerza de trabajo (definición actual de la OIT - CIET19)","SEX_AGE","sexo, edad",2014,2025,"02/10/2026 07:17:04",5913,6660,107,,"LUU","Desempleo y subutilización de la fuerza de trabajo","WORK","Estadísticas de trabajo -- 19 CIET (WORK)"
"LUU_5LU4_SEX_AGE_RT_Q","LUU_5LU4_SEX_AGE_RT","SU4: Tasa compuesta de subutilización de la fuerza de trabajo según sexo y edad -- 19 CIET (%)","Q","Trimestral","LUU_5LU4_RT","SU4: Tasa compuesta de subutilización de la fuerza de trabajo (definición actual de la OIT - CIET19)","SEX_AGE","sexo, edad",2014,2026,"02/10/2026 07:18:05",18492,20688,69,,"LUU","Desempleo y subutilización de la fuerza de trabajo","WORK","Estadísticas de trabajo -- 19 CIET (WORK)"
"EIP_5PLF_SEX_AGE_NB_A","EIP_5PLF_SEX_AGE_NB","Fuerza de trabajo potencial según sexo y edad -- 19 CIET (millares)","A","Anual","EIP_5PLF_NB","Fuerza de trabajo potencial (definición actual de la OIT - CIET19)","SEX_AGE","sexo, edad",2014,2025,"02/10/2026 07:17:04",8506,9703,118,,"LUU","Desempleo y subutilización de la fuerza de trabajo","WORK","Estadísticas de trabajo -- 19 CIET (WORK)"
"EIP_5PLF_SEX_AGE_NB_Q","EIP_5PLF_SEX_AGE_NB","Fuerza de trabajo potencial según sexo y edad -- 19 CIET (millares)","Q","Trimestral","EIP_5PLF_NB","Fuerza de trabajo potencial (definición actual de la OIT - CIET19)","SEX_AGE","sexo, edad",2014,2026,"02/10/2026 07:18:05",26846,29966,74,,"LUU","Desempleo y subutilización de la fuerza de trabajo","WORK","Estadísticas de trabajo -- 19 CIET (WORK)"
"EIP_5EIP_SEX_AGE_NB_A","EIP_5EIP_SEX_AGE_NB","Personas fuera de la fuerza de trabajo según sexo y edad -- 19 CIET (millares)","A","Anual","EIP_5EIP_NB","Personas fuera de la fuerza de trabajo (definición actual de la OIT - CIET19)","SEX_AGE","sexo, edad",2014,2025,"02/10/2026 07:17:04",10102,11566,133,,"LUU","Desempleo y subutilización de la fuerza de trabajo","WORK","Estadísticas de trabajo -- 19 CIET (WORK)"
"EIP_5EIP_SEX_AGE_NB_Q","EIP_5EIP_SEX_AGE_NB","Personas fuera de la fuerza de trabajo según sexo y edad -- 19 CIET (millares)","Q","Trimestral","EIP_5EIP_NB","Personas fuera de la fuerza de trabajo (definición actual de la OIT - CIET19)","SEX_AGE","sexo, edad",2014,2026,"02/10/2026 07:18:05",28601,32249,79,,"LUU","Desempleo y subutilización de la fuerza de trabajo","WORK","Estadísticas de trabajo -- 19 CIET (WORK)"
"EIP_5WAP_SEX_AGE_RT_A","EIP_5WAP_SEX_AGE_RT","Tasa de inactividad según sexo y edad -- 19 CIET (%)","A","Anual","EIP_5WAP_RT","Tasa de inactividad (definición actual de la OIT - CIET19)","SEX_AGE","sexo, edad",2014,2025,"02/10/2026 07:17:04",7746,8844,133,,"LUU","Desempleo y subutilización de la fuerza de trabajo","WORK","Estadísticas de trabajo -- 19 CIET (WORK)"
"EIP_5WAP_SEX_AGE_RT_Q","EIP_5WAP_SEX_AGE_RT","Tasa de inactividad según sexo y edad -- 19 CIET (%)","Q","Trimestral","EIP_5WAP_RT","Tasa de inactividad (definición actual de la OIT - CIET19)","SEX_AGE","sexo, edad",2014,2026,"02/10/2026 07:18:05",21831,24567,80,,"LUU","Desempleo y subutilización de la fuerza de trabajo","WORK","Estadísticas de trabajo -- 19 CIET (WORK)"
"EIP_5EET_SEX_NB_A","EIP_5EET_SEX_NB","NINI: Jóvenes que no están ocupados, ni estudian ni reciben formación según sexo -- 19 CIET (millares)","A","Anual","EIP_5EET_NB","NINI: Jóvenes que no están ocupados, ni estudian ni reciben formación (definición actual de la OIT - CIET19)","SEX","sexo",2014,2025,"02/10/2026 07:17:04",2309,2570,124,,"LUU","Desempleo y subutilización de la fuerza de trabajo","WORK","Estadísticas de trabajo -- 19 CIET (WORK)"
"EIP_5EET_SEX_NB_Q","EIP_5EET_SEX_NB","NINI: Jóvenes que no están ocupados, ni estudian ni reciben formación según sexo -- 19 CIET (millares)","Q","Trimestral","EIP_5EET_NB","NINI: Jóvenes que no están ocupados, ni estudian ni reciben formación (definición actual de la OIT - CIET19)","SEX","sexo",2014,2026,"02/10/2026 07:18:05",6691,7339,76,,"LUU","Desempleo y subutilización de la fuerza de trabajo","WORK","Estadísticas de trabajo -- 19 CIET (WORK)"
"EIP_5EET_SEX_RT_A","EIP_5EET_SEX_RT","Tasa de NINI: Proporción de jóvenes que no están ocupados, ni estudian ni reciben formación según sexo -- 19 CIET (%)","A","Anual","EIP_5EET_RT","Tasa de NINI: Proporción de jóvenes que no están ocupados, ni estudian ni reciben formación (definición actual de la OIT - CIET19)","SEX","sexo",2014,2025,"02/10/2026 07:17:04",2315,2576,123,,"LUU","Desempleo y subutilización de la fuerza de trabajo","WORK","Estadísticas de trabajo -- 19 CIET (WORK)"
"EIP_5EET_SEX_RT_Q","EIP_5EET_SEX_RT","Tasa de NINI: Proporción de jóvenes que no están ocupados, ni estudian ni reciben formación según sexo -- 19 CIET (%)","Q","Trimestral","EIP_5EET_RT","Tasa de NINI: Proporción de jóvenes que no están ocupados, ni estudian ni reciben formación (definición actual de la OIT - CIET19)","SEX","sexo",2014,2026,"02/10/2026 07:18:05",6679,7327,76,,"LUU","Desempleo y subutilización de la fuerza de trabajo","WORK","Estadísticas de trabajo -- 19 CIET (WORK)"
"POP_XVOL_SEX_VOL_NB_A","POP_XVOL_SEX_VOL_NB","Número de voluntarios según sexo y tipo de trabajo voluntario (millares)","A","Anual","POP_XVOL_NB","Número de voluntarios","SEX_VOL","sexo, tipo de trabajo voluntario",2008,2025,"30/06/2026 10:10:04",1105,1114,64,,"UNP","Trabajo no remunerado","WORK","Estadísticas de trabajo -- 19 CIET (WORK)"
"POP_XVOL_AGE_VOL_NB_A","POP_XVOL_AGE_VOL_NB","Número de voluntarios según edad y tipo de trabajo voluntario (millares)","A","Anual","POP_XVOL_NB","Número de voluntarios","AGE_VOL","edad, tipo de trabajo voluntario",2008,2023,"24/02/2026 06:49:04",720,729,51,,"UNP","Trabajo no remunerado","WORK","Estadísticas de trabajo -- 19 CIET (WORK)"
"POP_XVOL_SEX_VOL_RT_A","POP_XVOL_SEX_VOL_RT","Tasa de voluntariado según sexo y tipo de trabajo voluntario (%)","A","Anual","POP_XVOL_RT","Tasa de voluntariado","SEX_VOL","sexo, tipo de trabajo voluntario",2008,2025,"30/06/2026 10:10:04",1106,1115,65,,"UNP","Trabajo no remunerado","WORK","Estadísticas de trabajo -- 19 CIET (WORK)"
"POP_XVOL_AGE_VOL_RT_A","POP_XVOL_AGE_VOL_RT","Tasa de voluntariado según edad y tipo de trabajo voluntario (%)","A","Anual","POP_XVOL_RT","Tasa de voluntariado","AGE_VOL","edad, tipo de trabajo voluntario",2008,2023,"24/02/2026 06:49:04",720,729,51,,"UNP","Trabajo no remunerado","WORK","Estadísticas de trabajo -- 19 CIET (WORK)"
"CLD_TPOP_SEX_AGE_NB_A","CLD_TPOP_SEX_AGE_NB","Población infantil según sexo y edad (millares)","A","Anual","CLD_TPOP_NB","Población infantil","SEX_AGE","sexo, edad",1995,2025,"11/08/2026 07:00:11",4508,4547,165,"Y","CLD","Trabajo infantil","CHILD","Estadísticas de Trabajo Infantil (CHILD)"
"CLD_TPOP_SEX_AGE_GEO_NB_A","CLD_TPOP_SEX_AGE_GEO_NB","Población infantil según sexo, edad y zonas rurales / urbanas (millares)","A","Anual","CLD_TPOP_NB","Población infantil","SEX_AGE_GEO","sexo, edad, zonas rurales/urbanes",1995,2025,"11/08/2026 07:00:11",10162,10261,118,,"CLD","Trabajo infantil","CHILD","Estadísticas de Trabajo Infantil (CHILD)"
"CLD_TPOP_SEX_AGE_STU_NB_A","CLD_TPOP_SEX_AGE_STU_NB","Población infantil según sexo, edad y estado de la asistencia escolar (millares)","A","Anual","CLD_TPOP_NB","Población infantil","SEX_AGE_STU","sexo, edad, asistencia a la escuela o formación",1995,2025,"11/08/2026 07:00:11",12243,12366,134,,"CLD","Trabajo infantil","CHILD","Estadísticas de Trabajo Infantil (CHILD)"
"CLD_XSNA_SEX_AGE_NB_A","CLD_XSNA_SEX_AGE_NB","Niños ocupados en la producción económica según sexo y edad (millares)","A","Anual","CLD_XSNA_NB","Niños ocupados en la producción económica","SEX_AGE","sexo, edad",1995,2025,"11/08/2026 07:00:11",4457,4496,165,"Y","CLD","Trabajo infantil","CHILD","Estadísticas de Trabajo Infantil (CHILD)"
"CLD_XSNA_SEX_AGE_GEO_NB_A","CLD_XSNA_SEX_AGE_GEO_NB","Niños ocupados en la producción económica según sexo, edad y zonas rurales / urbanas (millares)","A","Anual","CLD_XSNA_NB","Niños ocupados en la producción económica","SEX_AGE_GEO","sexo, edad, zonas rurales/urbanes",1995,2025,"11/08/2026 07:00:11",10027,10126,117,,"CLD","Trabajo infantil","CHILD","Estadísticas de Trabajo Infantil (CHILD)"
"CLD_XSNA_SEX_AGE_STU_NB_A","CLD_XSNA_SEX_AGE_STU_NB","Niños ocupados en la producción económica según sexo, edad y estado de la asistencia escolar (millares)","A","Anual","CLD_XSNA_NB","Niños ocupados en la producción económica","SEX_AGE_STU","sexo, edad, asistencia a la escuela o formación",1995,2025,"11/08/2026 07:00:11",13734,13845,162,"Y","CLD","Trabajo infantil","CHILD","Estadísticas de Trabajo Infantil (CHILD)"
"CLD_XSNA_SEX_AGE_ECO_NB_A","CLD_XSNA_SEX_AGE_ECO_NB","Niños ocupados en la producción económica según sexo, edad y actividad económica (millares)","A","Anual","CLD_XSNA_NB","Niños ocupados en la producción económica","SEX_AGE_ECO","sexo, edad, actividad económica",1995,2025,"11/08/2026 07:00:11",18386,18515,136,"Y","CLD","Trabajo infantil","CHILD","Estadísticas de Trabajo Infantil (CHILD)"
"CLD_XSNA_SEX_AGE_STE_NB_A","CLD_XSNA_SEX_AGE_STE_NB","Niños ocupados en la producción económica según sexo, edad y situación en la ocupación (millares)","A","Anual","CLD_XSNA_NB","Niños ocupados en la producción económica","SEX_AGE_STE","sexo, edad, situación en el empleo",1995,2025,"11/08/2026 07:00:11",12797,12926,103,,"CLD","Trabajo infantil","CHILD","Estadísticas de Trabajo Infantil (CHILD)"
"CLD_XCHL_SEX_AGE_NB_A","CLD_XCHL_SEX_AGE_NB","Niños en trabajo infantil según sexo y edad (millares)","A","Anual","CLD_XCHL_NB","Niños en trabajo infantil","SEX_AGE","sexo, edad",1995,2025,"11/08/2026 07:00:11",4401,4437,165,"Y","CLD","Trabajo infantil","CHILD","Estadísticas de Trabajo Infantil (CHILD)"
"CLD_XCHL_SEX_AGE_GEO_NB_A","CLD_XCHL_SEX_AGE_GEO_NB","Niños en trabajo infantil según sexo, edad y zonas rurales / urbanas (millares)","A","Anual","CLD_XCHL_NB","Niños en trabajo infantil","SEX_AGE_GEO","sexo, edad, zonas rurales/urbanes",1995,2025,"11/08/2026 07:00:11",9791,9890,117,,"CLD","Trabajo infantil","CHILD","Estadísticas de Trabajo Infantil (CHILD)"
"CLD_XCHL_SEX_AGE_STU_NB_A","CLD_XCHL_SEX_AGE_STU_NB","Niños en trabajo infantil según sexo, edad y estado de la asistencia escolar (millares)","A","Anual","CLD_XCHL_NB","Niños en trabajo infantil","SEX_AGE_STU","sexo, edad, asistencia a la escuela o formación",1995,2025,"11/08/2026 07:00:11",13272,13371,162,"Y","CLD","Trabajo infantil","CHILD","Estadísticas de Trabajo Infantil (CHILD)"
"CLD_XCHL_SEX_AGE_ECO_NB_A","CLD_XCHL_SEX_AGE_ECO_NB","Niños en trabajo infantil según sexo, edad y actividad económica (millares)","A","Anual","CLD_XCHL_NB","Niños en trabajo infantil","SEX_AGE_ECO","sexo, edad, actividad económica",1995,2025,"11/08/2026 07:00:11",18022,18154,136,"Y","CLD","Trabajo infantil","CHILD","Estadísticas de Trabajo Infantil (CHILD)"
"CLD_XCHL_SEX_AGE_STE_NB_A","CLD_XCHL_SEX_AGE_STE_NB","Niños en trabajo infantil según sexo, edad y situación en la ocupación (millares)","A","Anual","CLD_XCHL_NB","Niños en trabajo infantil","SEX_AGE_STE","sexo, edad, situación en el empleo",1995,2025,"11/08/2026 07:00:11",12007,12118,101,,"CLD","Trabajo infantil","CHILD","Estadísticas de Trabajo Infantil (CHILD)"
"CLD_XGPB_SEX_AGE_NB_A","CLD_XGPB_SEX_AGE_NB","Niños en trabajo infantil -- producción general según sexo y edad (millares)","A","Anual","CLD_XGPB_NB","Niños en trabajo infantil -- producción general","SEX_AGE","sexo, edad",2009,2024,"08/05/2026 17:01:05",1014,1014,79,"Y","CLD","Trabajo infantil","CHILD","Estadísticas de Trabajo Infantil (CHILD)"
"CLD_XGPB_SEX_AGE_GEO_NB_A","CLD_XGPB_SEX_AGE_GEO_NB","Niños en trabajo infantil -- producción general según sexo, edad y zonas rurales / urbanas (millares)","A","Anual","CLD_XGPB_NB","Niños en trabajo infantil -- producción general","SEX_AGE_GEO","sexo, edad, zonas rurales/urbanes",2009,2023,"08/05/2026 06:58:17",1854,1854,44,,"CLD","Trabajo infantil","CHILD","Estadísticas de Trabajo Infantil (CHILD)"
"CLD_XGPB_SEX_AGE_STU_NB_A","CLD_XGPB_SEX_AGE_STU_NB","Niños en trabajo infantil -- producción general según sexo, edad y estado de la asistencia escolar (millares)","A","Anual","CLD_XGPB_NB","Niños en trabajo infantil -- producción general","SEX_AGE_STU","sexo, edad, asistencia a la escuela o formación",2009,2024,"11/08/2026 07:00:11",3300,3300,79,"Y","CLD","Trabajo infantil","CHILD","Estadísticas de Trabajo Infantil (CHILD)"
"CLD_XGPB_SEX_AGE_ECO_NB_A","CLD_XGPB_SEX_AGE_ECO_NB","Niños en trabajo infantil -- producción general según sexo, edad y actividad económica (millares)","A","Anual","CLD_XGPB_NB","Niños en trabajo infantil -- producción general","SEX_AGE_ECO","sexo, edad, actividad económica",2009,2024,"08/05/2026 06:58:17",2241,2241,28,,"CLD","Trabajo infantil","CHILD","Estadísticas de Trabajo Infantil (CHILD)"
"CLD_XGPB_SEX_AGE_STE_NB_A","CLD_XGPB_SEX_AGE_STE_NB","Niños en trabajo infantil -- producción general según sexo, edad y situación en la ocupación (millares)","A","Anual","CLD_XGPB_NB","Niños en trabajo infantil -- producción general","SEX_AGE_STE","sexo, edad, situación en el empleo",2009,2024,"08/05/2026 06:58:17",1983,1983,26,,"CLD","Trabajo infantil","CHILD","Estadísticas de Trabajo Infantil (CHILD)"
"CLD_XHAZ_SEX_AGE_NB_A","CLD_XHAZ_SEX_AGE_NB","Niños en trabajo peligroso según sexo y edad (millares)","A","Anual","CLD_XHAZ_NB","Niños en trabajo peligroso","SEX_AGE","sexo, edad",1995,2025,"11/08/2026 07:00:11",3836,3860,152,"Y","CLD","Trabajo infantil","CHILD","Estadísticas de Trabajo Infantil (CHILD)"
"CLD_XHAZ_SEX_AGE_GEO_NB_A","CLD_XHAZ_SEX_AGE_GEO_NB","Niños en trabajo peligroso según sexo, edad y zonas rurales / urbanas (millares)","A","Anual","CLD_XHAZ_NB","Niños en trabajo peligroso","SEX_AGE_GEO","sexo, edad, zonas rurales/urbanes",1995,2025,"11/08/2026 07:00:11",8037,8109,102,,"CLD","Trabajo infantil","CHILD","Estadísticas de Trabajo Infantil (CHILD)"
"CLD_XHAZ_SEX_AGE_STU_NB_A","CLD_XHAZ_SEX_AGE_STU_NB","Niños en trabajo peligroso según sexo, edad y estado de la asistencia escolar (millares)","A","Anual","CLD_XHAZ_NB","Niños en trabajo peligroso","SEX_AGE_STU","sexo, edad, asistencia a la escuela o formación",1995,2025,"11/08/2026 07:00:11",11317,11383,149,"Y","CLD","Trabajo infantil","CHILD","Estadísticas de Trabajo Infantil (CHILD)"
"CLD_XHAZ_SEX_AGE_ECO_NB_A","CLD_XHAZ_SEX_AGE_ECO_NB","Niños en trabajo peligroso según sexo, edad y actividad económica (millares)","A","Anual","CLD_XHAZ_NB","Niños en trabajo peligroso","SEX_AGE_ECO","sexo, edad, actividad económica",1995,2025,"11/08/2026 07:00:11",17630,17759,136,"Y","CLD","Trabajo infantil","CHILD","Estadísticas de Trabajo Infantil (CHILD)"
"CLD_XHAZ_SEX_AGE_STE_NB_A","CLD_XHAZ_SEX_AGE_STE_NB","Niños en trabajo peligroso según sexo, edad y situación en la ocupación (millares)","A","Anual","CLD_XHAZ_NB","Niños en trabajo peligroso","SEX_AGE_STE","sexo, edad, situación en el empleo",1995,2025,"11/08/2026 07:00:11",11521,11614,101,,"CLD","Trabajo infantil","CHILD","Estadísticas de Trabajo Infantil (CHILD)"
"CLD_XSNA_SEX_AGE_RT_A","CLD_XSNA_SEX_AGE_RT","Porcentaje de niños ocupados en actividades económicas según sexo y edad (%)","A","Anual","CLD_XSNA_RT","Porcentaje de niños ocupados en actividades económicas","SEX_AGE","sexo, edad",1995,2025,"11/08/2026 07:00:11",4076,4115,165,"Y","CLD","Trabajo infantil","CHILD","Estadísticas de Trabajo Infantil (CHILD)"
"CLD_XSNA_SEX_AGE_GEO_RT_A","CLD_XSNA_SEX_AGE_GEO_RT","Porcentaje de niños ocupados en actividades económicas según sexo, edad y zonas rurales / urbanas (%)","A","Anual","CLD_XSNA_RT","Porcentaje de niños ocupados en actividades económicas","SEX_AGE_GEO","sexo, edad, zonas rurales/urbanes",1995,2025,"11/08/2026 07:00:11",9947,10046,117,,"CLD","Trabajo infantil","CHILD","Estadísticas de Trabajo Infantil (CHILD)"
"CLD_XSNA_SEX_AGE_STU_RT_A","CLD_XSNA_SEX_AGE_STU_RT","Porcentaje de niños ocupados en actividades económicas según sexo, edad y estado de la asistencia escolar (%)","A","Anual","CLD_XSNA_RT","Porcentaje de niños ocupados en actividades económicas","SEX_AGE_STU","sexo, edad, asistencia a la escuela o formación",1995,2025,"11/08/2026 07:00:11",11429,11539,132,,"CLD","Trabajo infantil","CHILD","Estadísticas de Trabajo Infantil (CHILD)"
"CLD_XCHL_SEX_AGE_RT_A","CLD_XCHL_SEX_AGE_RT","Porcentaje de niños en trabajo infantil según sexo y edad (%)","A","Anual","CLD_XCHL_RT","Porcentaje de niños en trabajo infantil","SEX_AGE","sexo, edad",1995,2025,"11/08/2026 07:00:11",3977,4013,165,"Y","CLD","Trabajo infantil","CHILD","Estadísticas de Trabajo Infantil (CHILD)"
"CLD_XCHL_SEX_AGE_GEO_RT_A","CLD_XCHL_SEX_AGE_GEO_RT","Porcentaje de niños en trabajo infantil según sexo, edad y zonas rurales / urbanas (%)","A","Anual","CLD_XCHL_RT","Porcentaje de niños en trabajo infantil","SEX_AGE_GEO","sexo, edad, zonas rurales/urbanes",1995,2025,"11/08/2026 07:00:11",9530,9627,117,,"CLD","Trabajo infantil","CHILD","Estadísticas de Trabajo Infantil (CHILD)"
"CLD_XCHL_SEX_AGE_STU_RT_A","CLD_XCHL_SEX_AGE_STU_RT","Porcentaje de niños en trabajo infantil según sexo, edad y estado de la asistencia escolar (%)","A","Anual","CLD_XCHL_RT","Porcentaje de niños en trabajo infantil","SEX_AGE_STU","sexo, edad, asistencia a la escuela o formación",1995,2025,"11/08/2026 07:00:11",10807,10904,132,,"CLD","Trabajo infantil","CHILD","Estadísticas de Trabajo Infantil (CHILD)"
"CLD_XGPB_SEX_AGE_RT_A","CLD_XGPB_SEX_AGE_RT","Porcentaje de niños en trabajo infantil -- producción general según sexo y edad (%)","A","Anual","CLD_XGPB_RT","Porcentaje de niños en trabajo infantil -- producción general","SEX_AGE","sexo, edad",1995,2025,"11/08/2026 07:00:11",3977,4013,165,"Y","CLD","Trabajo infantil","CHILD","Estadísticas de Trabajo Infantil (CHILD)"
"CLD_XGPB_SEX_AGE_GEO_RT_A","CLD_XGPB_SEX_AGE_GEO_RT","Porcentaje de niños en trabajo infantil -- producción general según sexo, edad y zonas rurales / urbanas (%)","A","Anual","CLD_XGPB_RT","Porcentaje de niños en trabajo infantil -- producción general","SEX_AGE_GEO","sexo, edad, zonas rurales/urbanes",1995,2025,"11/08/2026 07:00:11",9530,9627,117,,"CLD","Trabajo infantil","CHILD","Estadísticas de Trabajo Infantil (CHILD)"
"CLD_XGPB_SEX_AGE_STU_RT_A","CLD_XGPB_SEX_AGE_STU_RT","Porcentaje de niños en trabajo infantil -- producción general según sexo, edad y estado de la asistencia escolar (%)","A","Anual","CLD_XGPB_RT","Porcentaje de niños en trabajo infantil -- producción general","SEX_AGE_STU","sexo, edad, asistencia a la escuela o formación",1995,2025,"11/08/2026 07:00:11",10807,10904,132,,"CLD","Trabajo infantil","CHILD","Estadísticas de Trabajo Infantil (CHILD)"
"CLD_XHAZ_SEX_AGE_RT_A","CLD_XHAZ_SEX_AGE_RT","Porcentaje de niños en trabajo peligroso según sexo y edad (%)","A","Anual","CLD_XHAZ_RT","Porcentaje de niños en trabajo peligroso","SEX_AGE","sexo, edad",1995,2025,"11/08/2026 07:00:11",3395,3419,152,"Y","CLD","Trabajo infantil","CHILD","Estadísticas de Trabajo Infantil (CHILD)"
"CLD_XHAZ_SEX_AGE_GEO_RT_A","CLD_XHAZ_SEX_AGE_GEO_RT","Porcentaje de niños en trabajo peligroso según sexo, edad y zonas rurales / urbanas (%)","A","Anual","CLD_XHAZ_RT","Porcentaje de niños en trabajo peligroso","SEX_AGE_GEO","sexo, edad, zonas rurales/urbanes",1995,2025,"11/08/2026 07:00:11",7731,7803,102,,"CLD","Trabajo infantil","CHILD","Estadísticas de Trabajo Infantil (CHILD)"
"CLD_XHAZ_SEX_AGE_STU_RT_A","CLD_XHAZ_SEX_AGE_STU_RT","Porcentaje de niños en trabajo peligroso según sexo, edad y estado de la asistencia escolar (%)","A","Anual","CLD_XHAZ_RT","Porcentaje de niños en trabajo peligroso","SEX_AGE_STU","sexo, edad, asistencia a la escuela o formación",1995,2025,"11/08/2026 07:00:11",8819,8884,119,,"CLD","Trabajo infantil","CHILD","Estadísticas de Trabajo Infantil (CHILD)"
"EMP_TEMP_SEX_IND_NB_A","EMP_TEMP_SEX_IND_NB","Ocupación según sector de la OIT y sexo (millares)","A","Anual","EMP_TEMP_NB","Ocupación (definición anterior de la OIT - CIET13)","SEX_IND","sexo, sector de la oit",2000,2025,"02/10/2026 07:11:04",71122,76156,135,,"EMP","Ocupación","ILOSECTOR","Sectoral employment statistics (ILOSECTOR)"
"EMP_TEMP_SEX_IND_EDU_NB_A","EMP_TEMP_SEX_IND_EDU_NB","Ocupación según sector de la OIT, sexo y educación (millares)","A","Anual","EMP_TEMP_NB","Ocupación (definición anterior de la OIT - CIET13)","SEX_IND_EDU","sexo, sector de la oit, educación",2000,2025,"02/10/2026 07:11:04",337870,361084,132,,"EMP","Ocupación","ILOSECTOR","Sectoral employment statistics (ILOSECTOR)"
"EMP_TEMP_SEX_IND_GEO_NB_A","EMP_TEMP_SEX_IND_GEO_NB","Ocupación según sector de la OIT, sexo y zonas rurales / urbanes (millares)","A","Anual","EMP_TEMP_NB","Ocupación (definición anterior de la OIT - CIET13)","SEX_IND_GEO","sexo, sector de la oit, zonas rurales/urbanes",2000,2025,"02/10/2026 07:11:04",147642,160458,98,,"EMP","Ocupación","ILOSECTOR","Sectoral employment statistics (ILOSECTOR)"
"EMP_TEMP_SEX_IND_DSB_NB_A","EMP_TEMP_SEX_IND_DSB_NB","Ocupación según sector de la OIT, sexo y situación en términos de discapacidad (millares)","A","Anual","EMP_TEMP_NB","Ocupación (definición anterior de la OIT - CIET13)","SEX_IND_DSB","sexo, sector de la oit, situación en términos de discapacidad",2000,2025,"24/09/2026 07:09:04",53171,55766,77,,"EMP","Ocupación","ILOSECTOR","Sectoral employment statistics (ILOSECTOR)"
"EMP_TEMP_SEX_IND_CBR_NB_A","EMP_TEMP_SEX_IND_CBR_NB","Ocupación según sector de la OIT, sexo y lugar de nacimiento (millares)","A","Anual","EMP_TEMP_NB","Ocupación (definición anterior de la OIT - CIET13)","SEX_IND_CBR","sexo, sector de la oit, lugar de nacimiento",2000,2025,"16/09/2026 08:12:14",112584,114795,95,,"EMP","Ocupación","ILOSECTOR","Sectoral employment statistics (ILOSECTOR)"
"EMP_TEMP_SEX_IND_CCT_NB_A","EMP_TEMP_SEX_IND_CCT_NB","Ocupación según sector de la OIT, sexo y ciudadania (millares)","A","Anual","EMP_TEMP_NB","Ocupación (definición anterior de la OIT - CIET13)","SEX_IND_CCT","sexo, sector de la oit, ciudadania",2000,2025,"24/09/2026 07:09:04",92588,93767,90,,"EMP","Ocupación","ILOSECTOR","Sectoral employment statistics (ILOSECTOR)"
"EMP_TEMP_SEX_IND_STE_NB_A","EMP_TEMP_SEX_IND_STE_NB","Ocupación según sector de la OIT, sexo y situación en el empleo (millares)","A","Anual","EMP_TEMP_NB","Ocupación (definición anterior de la OIT - CIET13)","SEX_IND_STE","sexo, sector de la oit, situación en el empleo",2000,2025,"02/10/2026 07:11:04",219180,235086,134,,"EMP","Ocupación","ILOSECTOR","Sectoral employment statistics (ILOSECTOR)"
"EMP_TEMP_SEX_IND_OCU_NB_A","EMP_TEMP_SEX_IND_OCU_NB","Ocupación según sector de la OIT, sexo y ocupación (millares)","A","Anual","EMP_TEMP_NB","Ocupación (definición anterior de la OIT - CIET13)","SEX_IND_OCU","sexo, sector de la oit, ocupación",2000,2025,"02/10/2026 07:11:04",921826,987107,130,,"EMP","Ocupación","ILOSECTOR","Sectoral employment statistics (ILOSECTOR)"
"EMP_TEMP_SEX_IND_INS_NB_A","EMP_TEMP_SEX_IND_INS_NB","Ocupación según sector de la OIT, sexo y sector institucional (millares)","A","Anual","EMP_TEMP_NB","Ocupación (definición anterior de la OIT - CIET13)","SEX_IND_INS","sexo, sector de la oit, sector público/privado",2000,2025,"02/10/2026 07:11:04",176317,188644,124,,"EMP","Ocupación","ILOSECTOR","Sectoral employment statistics (ILOSECTOR)"
"EMP_TEMP_SEX_IND_EST_NB_A","EMP_TEMP_SEX_IND_EST_NB","Ocupación según sector de la OIT, sexo y tamaño del establecimiento (millares)","A","Anual","EMP_TEMP_NB","Ocupación (definición anterior de la OIT - CIET13)","SEX_IND_EST","sexo, sector de la oit, tamaño del establecimiento",2000,2025,"02/10/2026 07:11:04",193591,203542,97,,"EMP","Ocupación","ILOSECTOR","Sectoral employment statistics (ILOSECTOR)"
"EMP_NIFL_SEX_IND_NB_A","EMP_NIFL_SEX_IND_NB","Ocupación informal según sector de la OIT y sexo (millares)","A","Anual","EMP_NIFL_NB","Ocupación informal (definición anterior de la OIT - CIET13)","SEX_IND","sexo, sector de la oit",2004,2025,"02/10/2026 07:11:04",38114,39509,102,,"EMP","Ocupación","ILOSECTOR","Sectoral employment statistics (ILOSECTOR)"
"EMP_NIFL_SEX_IND_RT_A","EMP_NIFL_SEX_IND_RT","Tasa de la ocupación informal según sector de la OIT y sexo (%)","A","Anual","EMP_NIFL_RT","Tasa de la ocupación informal (definición anterior de la OIT - CIET13)","SEX_IND","sexo, sector de la oit",2004,2025,"02/10/2026 07:11:04",37014,38369,102,,"EMP","Ocupación","ILOSECTOR","Sectoral employment statistics (ILOSECTOR)"
"EES_TEES_SEX_IND_JBC_NB_A","EES_TEES_SEX_IND_JBC_NB","Asalariados según sector de la OIT, sexo y tipo de contrato (millares)","A","Anual","EES_TEES_NB","Asalariados","SEX_IND_JBC","sexo, sector de la oit, tipo de contrato de trabajo",2000,2025,"02/10/2026 07:11:04",178678,182968,109,,"EES","Asalariados","ILOSECTOR","Sectoral employment statistics (ILOSECTOR)"
"HOW_TEMP_SEX_IND_NB_A","HOW_TEMP_SEX_IND_NB","Promedio de horas efectivamente trabajadas por semana por persona ocupada según sector de la OIT y sexo","A","Anual","HOW_TEMP_NB","Promedio de horas efectivamente trabajadas por semana por persona ocupada","SEX_IND","sexo, sector de la oit",2003,2025,"02/10/2026 07:11:04",59170,61212,120,,"HOW","Horas de trabajo","ILOSECTOR","Sectoral employment statistics (ILOSECTOR)"
"EAR_EHRA_SEX_IND_NB_A","EAR_EHRA_SEX_IND_NB","Ganancias horarias promedio de los asalariados según sector de la OIT y sexo (moneda local)","A","Anual","EAR_EHRA_NB","Ganancias horarias promedio de los asalariados","SEX_IND","sexo, sector de la oit",2003,2025,"24/09/2026 07:09:04",39375,40766,87,,"EAR","Remuneraciones y ingresos","ILOSECTOR","Sectoral employment statistics (ILOSECTOR)"
"EAR_EHRA_SEX_IND_CUR_NB_A","EAR_EHRA_SEX_IND_CUR_NB","Ganancias horarias promedio de los asalariados según sector de la OIT según sexo y divisa","A","Anual","EAR_EHRA_NB","Ganancias horarias promedio de los asalariados","SEX_IND_CUR","sexo, sector de la oit, divisa",2003,2025,"25/09/2026 07:05:04",109148,113129,86,,"EAR","Remuneraciones y ingresos","ILOSECTOR","Sectoral employment statistics (ILOSECTOR)"
"EAR_EMTA_SEX_IND_NB_A","EAR_EMTA_SEX_IND_NB","Ganancias mensuales promedio de los asalariados según sector de la OIT y sexo (moneda local)","A","Anual","EAR_EMTA_NB","Ganancias mensuales promedio de los asalariados","SEX_IND","sexo, sector de la oit",2003,2025,"24/09/2026 07:09:04",45452,48450,98,,"EAR","Remuneraciones y ingresos","ILOSECTOR","Sectoral employment statistics (ILOSECTOR)"
"EAR_EMTA_SEX_IND_CUR_NB_A","EAR_EMTA_SEX_IND_CUR_NB","Ganancias mensuales promedio de los asalariados según sector de la OIT según sexo y divisa","A","Anual","EAR_EMTA_NB","Ganancias mensuales promedio de los asalariados","SEX_IND_CUR","sexo, sector de la oit, divisa",2003,2025,"25/09/2026 07:05:04",125835,134346,98,,"EAR","Remuneraciones y ingresos","ILOSECTOR","Sectoral employment statistics (ILOSECTOR)"
"EAR_XTLP_SEX_NB_A","EAR_XTLP_SEX_NB","Asalariados pagados los salarios bajos según sexo (millares)","A","Anual","EAR_XTLP_NB","Asalariados pagados los salarios bajos","SEX","sexo",2007,2022,"05/04/2026 14:43:04",555,555,45,,"EAR","Remuneraciones y ingresos","COND","Estadísticas de Salarios y Tiempo de Trabajo (COND)"
"INJ_WORK_ECO_NB_A","INJ_WORK_ECO_NB","Trabajadores en el grupo de referencia según actividad económica (millares)","A","Anual","INJ_WORK_NB","Trabajadores en el grupo de referencia","ECO","actividad económica",1970,2024,"13/09/2026 07:40:04",50715,52060,122,,"INJ","Lesiones profesionales","OSH","Estadísticas de Seguridad y Salud en el Trabajo (OSH)"
"INJ_WORK_SEX_MIG_NB_A","INJ_WORK_SEX_MIG_NB","Trabajadores en el grupo de referencia según sexo y condición de migrante (millares)","A","Anual","INJ_WORK_NB","Trabajadores en el grupo de referencia","SEX_MIG","sexo, situación de migrante",1970,2024,"01/07/2026 19:04:05",4436,4563,117,,"INJ","Lesiones profesionales","OSH","Estadísticas de Seguridad y Salud en el Trabajo (OSH)"
