indicator_id,indicator,area,source,source_url,frequency,period,date,year,value,unit
desempleo_total_wdi,Desempleo total,Mercado laboral,Banco Mundial - World Development Indicators,https://api.worldbank.org/v2/country/VEN/indicator/SL.UEM.TOTL.ZS?format=json&per_page=100,Anual,1991,1991-01-01,1991,9.45,% fuerza laboral
desempleo_total_wdi,Desempleo total,Mercado laboral,Banco Mundial - World Development Indicators,https://api.worldbank.org/v2/country/VEN/indicator/SL.UEM.TOTL.ZS?format=json&per_page=100,Anual,1992,1992-01-01,1992,7.69,% fuerza laboral
desempleo_total_wdi,Desempleo total,Mercado laboral,Banco Mundial - World Development Indicators,https://api.worldbank.org/v2/country/VEN/indicator/SL.UEM.TOTL.ZS?format=json&per_page=100,Anual,1993,1993-01-01,1993,6.6,% fuerza laboral
desempleo_total_wdi,Desempleo total,Mercado laboral,Banco Mundial - World Development Indicators,https://api.worldbank.org/v2/country/VEN/indicator/SL.UEM.TOTL.ZS?format=json&per_page=100,Anual,1994,1994-01-01,1994,8.56,% fuerza laboral
desempleo_total_wdi,Desempleo total,Mercado laboral,Banco Mundial - World Development Indicators,https://api.worldbank.org/v2/country/VEN/indicator/SL.UEM.TOTL.ZS?format=json&per_page=100,Anual,1995,1995-01-01,1995,10.24,% fuerza laboral
desempleo_total_wdi,Desempleo total,Mercado laboral,Banco Mundial - World Development Indicators,https://api.worldbank.org/v2/country/VEN/indicator/SL.UEM.TOTL.ZS?format=json&per_page=100,Anual,1996,1996-01-01,1996,11.77,% fuerza laboral
desempleo_total_wdi,Desempleo total,Mercado laboral,Banco Mundial - World Development Indicators,https://api.worldbank.org/v2/country/VEN/indicator/SL.UEM.TOTL.ZS?format=json&per_page=100,Anual,1997,1997-01-01,1997,11.16,% fuerza laboral
desempleo_total_wdi,Desempleo total,Mercado laboral,Banco Mundial - World Development Indicators,https://api.worldbank.org/v2/country/VEN/indicator/SL.UEM.TOTL.ZS?format=json&per_page=100,Anual,1998,1998-01-01,1998,11.15,% fuerza laboral
desempleo_total_wdi,Desempleo total,Mercado laboral,Banco Mundial - World Development Indicators,https://api.worldbank.org/v2/country/VEN/indicator/SL.UEM.TOTL.ZS?format=json&per_page=100,Anual,1999,1999-01-01,1999,14.53,% fuerza laboral
desempleo_total_wdi,Desempleo total,Mercado laboral,Banco Mundial - World Development Indicators,https://api.worldbank.org/v2/country/VEN/indicator/SL.UEM.TOTL.ZS?format=json&per_page=100,Anual,2000,2000-01-01,2000,13.99,% fuerza laboral
desempleo_total_wdi,Desempleo total,Mercado laboral,Banco Mundial - World Development Indicators,https://api.worldbank.org/v2/country/VEN/indicator/SL.UEM.TOTL.ZS?format=json&per_page=100,Anual,2001,2001-01-01,2001,13.04,% fuerza laboral
desempleo_total_wdi,Desempleo total,Mercado laboral,Banco Mundial - World Development Indicators,https://api.worldbank.org/v2/country/VEN/indicator/SL.UEM.TOTL.ZS?format=json&per_page=100,Anual,2002,2002-01-01,2002,16.17,% fuerza laboral
desempleo_total_wdi,Desempleo total,Mercado laboral,Banco Mundial - World Development Indicators,https://api.worldbank.org/v2/country/VEN/indicator/SL.UEM.TOTL.ZS?format=json&per_page=100,Anual,2003,2003-01-01,2003,16.78,% fuerza laboral
desempleo_total_wdi,Desempleo total,Mercado laboral,Banco Mundial - World Development Indicators,https://api.worldbank.org/v2/country/VEN/indicator/SL.UEM.TOTL.ZS?format=json&per_page=100,Anual,2004,2004-01-01,2004,15.07,% fuerza laboral
desempleo_total_wdi,Desempleo total,Mercado laboral,Banco Mundial - World Development Indicators,https://api.worldbank.org/v2/country/VEN/indicator/SL.UEM.TOTL.ZS?format=json&per_page=100,Anual,2005,2005-01-01,2005,10.663,% fuerza laboral
desempleo_total_wdi,Desempleo total,Mercado laboral,Banco Mundial - World Development Indicators,https://api.worldbank.org/v2/country/VEN/indicator/SL.UEM.TOTL.ZS?format=json&per_page=100,Anual,2006,2006-01-01,2006,8.606,% fuerza laboral
desempleo_total_wdi,Desempleo total,Mercado laboral,Banco Mundial - World Development Indicators,https://api.worldbank.org/v2/country/VEN/indicator/SL.UEM.TOTL.ZS?format=json&per_page=100,Anual,2007,2007-01-01,2007,7.279,% fuerza laboral
desempleo_total_wdi,Desempleo total,Mercado laboral,Banco Mundial - World Development Indicators,https://api.worldbank.org/v2/country/VEN/indicator/SL.UEM.TOTL.ZS?format=json&per_page=100,Anual,2008,2008-01-01,2008,6.245,% fuerza laboral
desempleo_total_wdi,Desempleo total,Mercado laboral,Banco Mundial - World Development Indicators,https://api.worldbank.org/v2/country/VEN/indicator/SL.UEM.TOTL.ZS?format=json&per_page=100,Anual,2009,2009-01-01,2009,6.097,% fuerza laboral
desempleo_total_wdi,Desempleo total,Mercado laboral,Banco Mundial - World Development Indicators,https://api.worldbank.org/v2/country/VEN/indicator/SL.UEM.TOTL.ZS?format=json&per_page=100,Anual,2010,2010-01-01,2010,7.112,% fuerza laboral
desempleo_total_wdi,Desempleo total,Mercado laboral,Banco Mundial - World Development Indicators,https://api.worldbank.org/v2/country/VEN/indicator/SL.UEM.TOTL.ZS?format=json&per_page=100,Anual,2011,2011-01-01,2011,6.902,% fuerza laboral
desempleo_total_wdi,Desempleo total,Mercado laboral,Banco Mundial - World Development Indicators,https://api.worldbank.org/v2/country/VEN/indicator/SL.UEM.TOTL.ZS?format=json&per_page=100,Anual,2012,2012-01-01,2012,6.601,% fuerza laboral
desempleo_total_wdi,Desempleo total,Mercado laboral,Banco Mundial - World Development Indicators,https://api.worldbank.org/v2/country/VEN/indicator/SL.UEM.TOTL.ZS?format=json&per_page=100,Anual,2013,2013-01-01,2013,7.54,% fuerza laboral
desempleo_total_wdi,Desempleo total,Mercado laboral,Banco Mundial - World Development Indicators,https://api.worldbank.org/v2/country/VEN/indicator/SL.UEM.TOTL.ZS?format=json&per_page=100,Anual,2014,2014-01-01,2014,6.821,% fuerza laboral
desempleo_total_wdi,Desempleo total,Mercado laboral,Banco Mundial - World Development Indicators,https://api.worldbank.org/v2/country/VEN/indicator/SL.UEM.TOTL.ZS?format=json&per_page=100,Anual,2015,2015-01-01,2015,6.139,% fuerza laboral
desempleo_total_wdi,Desempleo total,Mercado laboral,Banco Mundial - World Development Indicators,https://api.worldbank.org/v2/country/VEN/indicator/SL.UEM.TOTL.ZS?format=json&per_page=100,Anual,2016,2016-01-01,2016,5.319,% fuerza laboral
desempleo_total_wdi,Desempleo total,Mercado laboral,Banco Mundial - World Development Indicators,https://api.worldbank.org/v2/country/VEN/indicator/SL.UEM.TOTL.ZS?format=json&per_page=100,Anual,2017,2017-01-01,2017,5.045,% fuerza laboral
desempleo_total_wdi,Desempleo total,Mercado laboral,Banco Mundial - World Development Indicators,https://api.worldbank.org/v2/country/VEN/indicator/SL.UEM.TOTL.ZS?format=json&per_page=100,Anual,2018,2018-01-01,2018,5.468,% fuerza laboral
desempleo_total_wdi,Desempleo total,Mercado laboral,Banco Mundial - World Development Indicators,https://api.worldbank.org/v2/country/VEN/indicator/SL.UEM.TOTL.ZS?format=json&per_page=100,Anual,2019,2019-01-01,2019,5.89,% fuerza laboral
desempleo_total_wdi,Desempleo total,Mercado laboral,Banco Mundial - World Development Indicators,https://api.worldbank.org/v2/country/VEN/indicator/SL.UEM.TOTL.ZS?format=json&per_page=100,Anual,2020,2020-01-01,2020,7.53,% fuerza laboral
desempleo_total_wdi,Desempleo total,Mercado laboral,Banco Mundial - World Development Indicators,https://api.worldbank.org/v2/country/VEN/indicator/SL.UEM.TOTL.ZS?format=json&per_page=100,Anual,2021,2021-01-01,2021,7.027,% fuerza laboral
desempleo_total_wdi,Desempleo total,Mercado laboral,Banco Mundial - World Development Indicators,https://api.worldbank.org/v2/country/VEN/indicator/SL.UEM.TOTL.ZS?format=json&per_page=100,Anual,2022,2022-01-01,2022,5.646,% fuerza laboral
desempleo_total_wdi,Desempleo total,Mercado laboral,Banco Mundial - World Development Indicators,https://api.worldbank.org/v2/country/VEN/indicator/SL.UEM.TOTL.ZS?format=json&per_page=100,Anual,2023,2023-01-01,2023,5.407,% fuerza laboral
desempleo_total_wdi,Desempleo total,Mercado laboral,Banco Mundial - World Development Indicators,https://api.worldbank.org/v2/country/VEN/indicator/SL.UEM.TOTL.ZS?format=json&per_page=100,Anual,2024,2024-01-01,2024,5.321,% fuerza laboral
desempleo_total_wdi,Desempleo total,Mercado laboral,Banco Mundial - World Development Indicators,https://api.worldbank.org/v2/country/VEN/indicator/SL.UEM.TOTL.ZS?format=json&per_page=100,Anual,2025,2025-01-01,2025,5.307,% fuerza laboral
inpc_nacional_bcv,INPC nacional,Nivel y condiciones de vida,Banco Central de Venezuela,https://www.bcv.org.ve/sites/default/files/precios_consumidor/4_5_7_2.xls,Mensual,2007-12,2007-12-01,2007,,% mensual
inpc_nacional_bcv,INPC nacional,Nivel y condiciones de vida,Banco Central de Venezuela,https://www.bcv.org.ve/sites/default/files/precios_consumidor/4_5_7_2.xls,Mensual,2008-01,2008-01-01,2008,3.1,% mensual
inpc_nacional_bcv,INPC nacional,Nivel y condiciones de vida,Banco Central de Venezuela,https://www.bcv.org.ve/sites/default/files/precios_consumidor/4_5_7_2.xls,Mensual,2008-02,2008-02-01,2008,2.1,% mensual
inpc_nacional_bcv,INPC nacional,Nivel y condiciones de vida,Banco Central de Venezuela,https://www.bcv.org.ve/sites/default/files/precios_consumidor/4_5_7_2.xls,Mensual,2008-03,2008-03-01,2008,1.7,% mensual
inpc_nacional_bcv,INPC nacional,Nivel y condiciones de vida,Banco Central de Venezuela,https://www.bcv.org.ve/sites/default/files/precios_consumidor/4_5_7_2.xls,Mensual,2008-04,2008-04-01,2008,1.7,% mensual
inpc_nacional_bcv,INPC nacional,Nivel y condiciones de vida,Banco Central de Venezuela,https://www.bcv.org.ve/sites/default/files/precios_consumidor/4_5_7_2.xls,Mensual,2008-05,2008-05-01,2008,3.2,% mensual
inpc_nacional_bcv,INPC nacional,Nivel y condiciones de vida,Banco Central de Venezuela,https://www.bcv.org.ve/sites/default/files/precios_consumidor/4_5_7_2.xls,Mensual,2008-06,2008-06-01,2008,2.4,% mensual
inpc_nacional_bcv,INPC nacional,Nivel y condiciones de vida,Banco Central de Venezuela,https://www.bcv.org.ve/sites/default/files/precios_consumidor/4_5_7_2.xls,Mensual,2008-07,2008-07-01,2008,1.9,% mensual
inpc_nacional_bcv,INPC nacional,Nivel y condiciones de vida,Banco Central de Venezuela,https://www.bcv.org.ve/sites/default/files/precios_consumidor/4_5_7_2.xls,Mensual,2008-08,2008-08-01,2008,1.8,% mensual
inpc_nacional_bcv,INPC nacional,Nivel y condiciones de vida,Banco Central de Venezuela,https://www.bcv.org.ve/sites/default/files/precios_consumidor/4_5_7_2.xls,Mensual,2008-09,2008-09-01,2008,2.0,% mensual
inpc_nacional_bcv,INPC nacional,Nivel y condiciones de vida,Banco Central de Venezuela,https://www.bcv.org.ve/sites/default/files/precios_consumidor/4_5_7_2.xls,Mensual,2008-10,2008-10-01,2008,2.4,% mensual
inpc_nacional_bcv,INPC nacional,Nivel y condiciones de vida,Banco Central de Venezuela,https://www.bcv.org.ve/sites/default/files/precios_consumidor/4_5_7_2.xls,Mensual,2008-11,2008-11-01,2008,2.3,% mensual
inpc_nacional_bcv,INPC nacional,Nivel y condiciones de vida,Banco Central de Venezuela,https://www.bcv.org.ve/sites/default/files/precios_consumidor/4_5_7_2.xls,Mensual,2008-12,2008-12-01,2008,2.6,% mensual
inpc_nacional_bcv,INPC nacional,Nivel y condiciones de vida,Banco Central de Venezuela,https://www.bcv.org.ve/sites/default/files/precios_consumidor/4_5_7_2.xls,Mensual,2009-01,2009-01-01,2009,2.3,% mensual
inpc_nacional_bcv,INPC nacional,Nivel y condiciones de vida,Banco Central de Venezuela,https://www.bcv.org.ve/sites/default/files/precios_consumidor/4_5_7_2.xls,Mensual,2009-02,2009-02-01,2009,1.3,% mensual
inpc_nacional_bcv,INPC nacional,Nivel y condiciones de vida,Banco Central de Venezuela,https://www.bcv.org.ve/sites/default/files/precios_consumidor/4_5_7_2.xls,Mensual,2009-03,2009-03-01,2009,1.2,% mensual
inpc_nacional_bcv,INPC nacional,Nivel y condiciones de vida,Banco Central de Venezuela,https://www.bcv.org.ve/sites/default/files/precios_consumidor/4_5_7_2.xls,Mensual,2009-04,2009-04-01,2009,1.8,% mensual
inpc_nacional_bcv,INPC nacional,Nivel y condiciones de vida,Banco Central de Venezuela,https://www.bcv.org.ve/sites/default/files/precios_consumidor/4_5_7_2.xls,Mensual,2009-05,2009-05-01,2009,2.0,% mensual
inpc_nacional_bcv,INPC nacional,Nivel y condiciones de vida,Banco Central de Venezuela,https://www.bcv.org.ve/sites/default/files/precios_consumidor/4_5_7_2.xls,Mensual,2009-06,2009-06-01,2009,1.8,% mensual
inpc_nacional_bcv,INPC nacional,Nivel y condiciones de vida,Banco Central de Venezuela,https://www.bcv.org.ve/sites/default/files/precios_consumidor/4_5_7_2.xls,Mensual,2009-07,2009-07-01,2009,2.1,% mensual
inpc_nacional_bcv,INPC nacional,Nivel y condiciones de vida,Banco Central de Venezuela,https://www.bcv.org.ve/sites/default/files/precios_consumidor/4_5_7_2.xls,Mensual,2009-08,2009-08-01,2009,2.2,% mensual
inpc_nacional_bcv,INPC nacional,Nivel y condiciones de vida,Banco Central de Venezuela,https://www.bcv.org.ve/sites/default/files/precios_consumidor/4_5_7_2.xls,Mensual,2009-09,2009-09-01,2009,2.5,% mensual
inpc_nacional_bcv,INPC nacional,Nivel y condiciones de vida,Banco Central de Venezuela,https://www.bcv.org.ve/sites/default/files/precios_consumidor/4_5_7_2.xls,Mensual,2009-10,2009-10-01,2009,1.9,% mensual
inpc_nacional_bcv,INPC nacional,Nivel y condiciones de vida,Banco Central de Venezuela,https://www.bcv.org.ve/sites/default/files/precios_consumidor/4_5_7_2.xls,Mensual,2009-11,2009-11-01,2009,1.9,% mensual
inpc_nacional_bcv,INPC nacional,Nivel y condiciones de vida,Banco Central de Venezuela,https://www.bcv.org.ve/sites/default/files/precios_consumidor/4_5_7_2.xls,Mensual,2009-12,2009-12-01,2009,1.7,% mensual
inpc_nacional_bcv,INPC nacional,Nivel y condiciones de vida,Banco Central de Venezuela,https://www.bcv.org.ve/sites/default/files/precios_consumidor/4_5_7_2.xls,Mensual,2010-01,2010-01-01,2010,1.7,% mensual
inpc_nacional_bcv,INPC nacional,Nivel y condiciones de vida,Banco Central de Venezuela,https://www.bcv.org.ve/sites/default/files/precios_consumidor/4_5_7_2.xls,Mensual,2010-02,2010-02-01,2010,1.6,% mensual
inpc_nacional_bcv,INPC nacional,Nivel y condiciones de vida,Banco Central de Venezuela,https://www.bcv.org.ve/sites/default/files/precios_consumidor/4_5_7_2.xls,Mensual,2010-03,2010-03-01,2010,2.4,% mensual
inpc_nacional_bcv,INPC nacional,Nivel y condiciones de vida,Banco Central de Venezuela,https://www.bcv.org.ve/sites/default/files/precios_consumidor/4_5_7_2.xls,Mensual,2010-04,2010-04-01,2010,5.2,% mensual
inpc_nacional_bcv,INPC nacional,Nivel y condiciones de vida,Banco Central de Venezuela,https://www.bcv.org.ve/sites/default/files/precios_consumidor/4_5_7_2.xls,Mensual,2010-05,2010-05-01,2010,2.6,% mensual
inpc_nacional_bcv,INPC nacional,Nivel y condiciones de vida,Banco Central de Venezuela,https://www.bcv.org.ve/sites/default/files/precios_consumidor/4_5_7_2.xls,Mensual,2010-06,2010-06-01,2010,1.8,% mensual
inpc_nacional_bcv,INPC nacional,Nivel y condiciones de vida,Banco Central de Venezuela,https://www.bcv.org.ve/sites/default/files/precios_consumidor/4_5_7_2.xls,Mensual,2010-07,2010-07-01,2010,1.4,% mensual
inpc_nacional_bcv,INPC nacional,Nivel y condiciones de vida,Banco Central de Venezuela,https://www.bcv.org.ve/sites/default/files/precios_consumidor/4_5_7_2.xls,Mensual,2010-08,2010-08-01,2010,1.6,% mensual
inpc_nacional_bcv,INPC nacional,Nivel y condiciones de vida,Banco Central de Venezuela,https://www.bcv.org.ve/sites/default/files/precios_consumidor/4_5_7_2.xls,Mensual,2010-09,2010-09-01,2010,1.1,% mensual
inpc_nacional_bcv,INPC nacional,Nivel y condiciones de vida,Banco Central de Venezuela,https://www.bcv.org.ve/sites/default/files/precios_consumidor/4_5_7_2.xls,Mensual,2010-10,2010-10-01,2010,1.5,% mensual
inpc_nacional_bcv,INPC nacional,Nivel y condiciones de vida,Banco Central de Venezuela,https://www.bcv.org.ve/sites/default/files/precios_consumidor/4_5_7_2.xls,Mensual,2010-11,2010-11-01,2010,1.5,% mensual
inpc_nacional_bcv,INPC nacional,Nivel y condiciones de vida,Banco Central de Venezuela,https://www.bcv.org.ve/sites/default/files/precios_consumidor/4_5_7_2.xls,Mensual,2010-12,2010-12-01,2010,1.8,% mensual
inpc_nacional_bcv,INPC nacional,Nivel y condiciones de vida,Banco Central de Venezuela,https://www.bcv.org.ve/sites/default/files/precios_consumidor/4_5_7_2.xls,Mensual,2011-01,2011-01-01,2011,2.7,% mensual
inpc_nacional_bcv,INPC nacional,Nivel y condiciones de vida,Banco Central de Venezuela,https://www.bcv.org.ve/sites/default/files/precios_consumidor/4_5_7_2.xls,Mensual,2011-02,2011-02-01,2011,1.7,% mensual
inpc_nacional_bcv,INPC nacional,Nivel y condiciones de vida,Banco Central de Venezuela,https://www.bcv.org.ve/sites/default/files/precios_consumidor/4_5_7_2.xls,Mensual,2011-03,2011-03-01,2011,1.4,% mensual
inpc_nacional_bcv,INPC nacional,Nivel y condiciones de vida,Banco Central de Venezuela,https://www.bcv.org.ve/sites/default/files/precios_consumidor/4_5_7_2.xls,Mensual,2011-04,2011-04-01,2011,1.4,% mensual
inpc_nacional_bcv,INPC nacional,Nivel y condiciones de vida,Banco Central de Venezuela,https://www.bcv.org.ve/sites/default/files/precios_consumidor/4_5_7_2.xls,Mensual,2011-05,2011-05-01,2011,2.5,% mensual
inpc_nacional_bcv,INPC nacional,Nivel y condiciones de vida,Banco Central de Venezuela,https://www.bcv.org.ve/sites/default/files/precios_consumidor/4_5_7_2.xls,Mensual,2011-06,2011-06-01,2011,2.5,% mensual
inpc_nacional_bcv,INPC nacional,Nivel y condiciones de vida,Banco Central de Venezuela,https://www.bcv.org.ve/sites/default/files/precios_consumidor/4_5_7_2.xls,Mensual,2011-07,2011-07-01,2011,2.7,% mensual
inpc_nacional_bcv,INPC nacional,Nivel y condiciones de vida,Banco Central de Venezuela,https://www.bcv.org.ve/sites/default/files/precios_consumidor/4_5_7_2.xls,Mensual,2011-08,2011-08-01,2011,2.2,% mensual
inpc_nacional_bcv,INPC nacional,Nivel y condiciones de vida,Banco Central de Venezuela,https://www.bcv.org.ve/sites/default/files/precios_consumidor/4_5_7_2.xls,Mensual,2011-09,2011-09-01,2011,1.6,% mensual
inpc_nacional_bcv,INPC nacional,Nivel y condiciones de vida,Banco Central de Venezuela,https://www.bcv.org.ve/sites/default/files/precios_consumidor/4_5_7_2.xls,Mensual,2011-10,2011-10-01,2011,1.8,% mensual
inpc_nacional_bcv,INPC nacional,Nivel y condiciones de vida,Banco Central de Venezuela,https://www.bcv.org.ve/sites/default/files/precios_consumidor/4_5_7_2.xls,Mensual,2011-11,2011-11-01,2011,2.2,% mensual
inpc_nacional_bcv,INPC nacional,Nivel y condiciones de vida,Banco Central de Venezuela,https://www.bcv.org.ve/sites/default/files/precios_consumidor/4_5_7_2.xls,Mensual,2011-12,2011-12-01,2011,1.8,% mensual
inpc_nacional_bcv,INPC nacional,Nivel y condiciones de vida,Banco Central de Venezuela,https://www.bcv.org.ve/sites/default/files/precios_consumidor/4_5_7_2.xls,Mensual,2012-01,2012-01-01,2012,1.5,% mensual
inpc_nacional_bcv,INPC nacional,Nivel y condiciones de vida,Banco Central de Venezuela,https://www.bcv.org.ve/sites/default/files/precios_consumidor/4_5_7_2.xls,Mensual,2012-02,2012-02-01,2012,1.1,% mensual
inpc_nacional_bcv,INPC nacional,Nivel y condiciones de vida,Banco Central de Venezuela,https://www.bcv.org.ve/sites/default/files/precios_consumidor/4_5_7_2.xls,Mensual,2012-03,2012-03-01,2012,0.9,% mensual
inpc_nacional_bcv,INPC nacional,Nivel y condiciones de vida,Banco Central de Venezuela,https://www.bcv.org.ve/sites/default/files/precios_consumidor/4_5_7_2.xls,Mensual,2012-04,2012-04-01,2012,0.8,% mensual
inpc_nacional_bcv,INPC nacional,Nivel y condiciones de vida,Banco Central de Venezuela,https://www.bcv.org.ve/sites/default/files/precios_consumidor/4_5_7_2.xls,Mensual,2012-05,2012-05-01,2012,1.6,% mensual
inpc_nacional_bcv,INPC nacional,Nivel y condiciones de vida,Banco Central de Venezuela,https://www.bcv.org.ve/sites/default/files/precios_consumidor/4_5_7_2.xls,Mensual,2012-06,2012-06-01,2012,1.4,% mensual
inpc_nacional_bcv,INPC nacional,Nivel y condiciones de vida,Banco Central de Venezuela,https://www.bcv.org.ve/sites/default/files/precios_consumidor/4_5_7_2.xls,Mensual,2012-07,2012-07-01,2012,1.0,% mensual
inpc_nacional_bcv,INPC nacional,Nivel y condiciones de vida,Banco Central de Venezuela,https://www.bcv.org.ve/sites/default/files/precios_consumidor/4_5_7_2.xls,Mensual,2012-08,2012-08-01,2012,1.1,% mensual
inpc_nacional_bcv,INPC nacional,Nivel y condiciones de vida,Banco Central de Venezuela,https://www.bcv.org.ve/sites/default/files/precios_consumidor/4_5_7_2.xls,Mensual,2012-09,2012-09-01,2012,1.6,% mensual
inpc_nacional_bcv,INPC nacional,Nivel y condiciones de vida,Banco Central de Venezuela,https://www.bcv.org.ve/sites/default/files/precios_consumidor/4_5_7_2.xls,Mensual,2012-10,2012-10-01,2012,1.7,% mensual
inpc_nacional_bcv,INPC nacional,Nivel y condiciones de vida,Banco Central de Venezuela,https://www.bcv.org.ve/sites/default/files/precios_consumidor/4_5_7_2.xls,Mensual,2012-11,2012-11-01,2012,2.3,% mensual
inpc_nacional_bcv,INPC nacional,Nivel y condiciones de vida,Banco Central de Venezuela,https://www.bcv.org.ve/sites/default/files/precios_consumidor/4_5_7_2.xls,Mensual,2012-12,2012-12-01,2012,3.5,% mensual
inpc_nacional_bcv,INPC nacional,Nivel y condiciones de vida,Banco Central de Venezuela,https://www.bcv.org.ve/sites/default/files/precios_consumidor/4_5_7_2.xls,Mensual,2013-01,2013-01-01,2013,3.3,% mensual
inpc_nacional_bcv,INPC nacional,Nivel y condiciones de vida,Banco Central de Venezuela,https://www.bcv.org.ve/sites/default/files/precios_consumidor/4_5_7_2.xls,Mensual,2013-02,2013-02-01,2013,1.6,% mensual
inpc_nacional_bcv,INPC nacional,Nivel y condiciones de vida,Banco Central de Venezuela,https://www.bcv.org.ve/sites/default/files/precios_consumidor/4_5_7_2.xls,Mensual,2013-03,2013-03-01,2013,2.8,% mensual
inpc_nacional_bcv,INPC nacional,Nivel y condiciones de vida,Banco Central de Venezuela,https://www.bcv.org.ve/sites/default/files/precios_consumidor/4_5_7_2.xls,Mensual,2013-04,2013-04-01,2013,4.3,% mensual
inpc_nacional_bcv,INPC nacional,Nivel y condiciones de vida,Banco Central de Venezuela,https://www.bcv.org.ve/sites/default/files/precios_consumidor/4_5_7_2.xls,Mensual,2013-05,2013-05-01,2013,6.1,% mensual
inpc_nacional_bcv,INPC nacional,Nivel y condiciones de vida,Banco Central de Venezuela,https://www.bcv.org.ve/sites/default/files/precios_consumidor/4_5_7_2.xls,Mensual,2013-06,2013-06-01,2013,4.7,% mensual
inpc_nacional_bcv,INPC nacional,Nivel y condiciones de vida,Banco Central de Venezuela,https://www.bcv.org.ve/sites/default/files/precios_consumidor/4_5_7_2.xls,Mensual,2013-07,2013-07-01,2013,3.2,% mensual
inpc_nacional_bcv,INPC nacional,Nivel y condiciones de vida,Banco Central de Venezuela,https://www.bcv.org.ve/sites/default/files/precios_consumidor/4_5_7_2.xls,Mensual,2013-08,2013-08-01,2013,3.0,% mensual
inpc_nacional_bcv,INPC nacional,Nivel y condiciones de vida,Banco Central de Venezuela,https://www.bcv.org.ve/sites/default/files/precios_consumidor/4_5_7_2.xls,Mensual,2013-09,2013-09-01,2013,4.4,% mensual
inpc_nacional_bcv,INPC nacional,Nivel y condiciones de vida,Banco Central de Venezuela,https://www.bcv.org.ve/sites/default/files/precios_consumidor/4_5_7_2.xls,Mensual,2013-10,2013-10-01,2013,5.1,% mensual
inpc_nacional_bcv,INPC nacional,Nivel y condiciones de vida,Banco Central de Venezuela,https://www.bcv.org.ve/sites/default/files/precios_consumidor/4_5_7_2.xls,Mensual,2013-11,2013-11-01,2013,4.8,% mensual
inpc_nacional_bcv,INPC nacional,Nivel y condiciones de vida,Banco Central de Venezuela,https://www.bcv.org.ve/sites/default/files/precios_consumidor/4_5_7_2.xls,Mensual,2013-12,2013-12-01,2013,2.2,% mensual
inpc_nacional_bcv,INPC nacional,Nivel y condiciones de vida,Banco Central de Venezuela,https://www.bcv.org.ve/sites/default/files/precios_consumidor/4_5_7_2.xls,Mensual,2014-01,2014-01-01,2014,3.3,% mensual
inpc_nacional_bcv,INPC nacional,Nivel y condiciones de vida,Banco Central de Venezuela,https://www.bcv.org.ve/sites/default/files/precios_consumidor/4_5_7_2.xls,Mensual,2014-02,2014-02-01,2014,2.4,% mensual
inpc_nacional_bcv,INPC nacional,Nivel y condiciones de vida,Banco Central de Venezuela,https://www.bcv.org.ve/sites/default/files/precios_consumidor/4_5_7_2.xls,Mensual,2014-03,2014-03-01,2014,4.1,% mensual
inpc_nacional_bcv,INPC nacional,Nivel y condiciones de vida,Banco Central de Venezuela,https://www.bcv.org.ve/sites/default/files/precios_consumidor/4_5_7_2.xls,Mensual,2014-04,2014-04-01,2014,5.7,% mensual
inpc_nacional_bcv,INPC nacional,Nivel y condiciones de vida,Banco Central de Venezuela,https://www.bcv.org.ve/sites/default/files/precios_consumidor/4_5_7_2.xls,Mensual,2014-05,2014-05-01,2014,5.7,% mensual
inpc_nacional_bcv,INPC nacional,Nivel y condiciones de vida,Banco Central de Venezuela,https://www.bcv.org.ve/sites/default/files/precios_consumidor/4_5_7_2.xls,Mensual,2014-06,2014-06-01,2014,4.4,% mensual
inpc_nacional_bcv,INPC nacional,Nivel y condiciones de vida,Banco Central de Venezuela,https://www.bcv.org.ve/sites/default/files/precios_consumidor/4_5_7_2.xls,Mensual,2014-07,2014-07-01,2014,4.1,% mensual
inpc_nacional_bcv,INPC nacional,Nivel y condiciones de vida,Banco Central de Venezuela,https://www.bcv.org.ve/sites/default/files/precios_consumidor/4_5_7_2.xls,Mensual,2014-08,2014-08-01,2014,3.9,% mensual
inpc_nacional_bcv,INPC nacional,Nivel y condiciones de vida,Banco Central de Venezuela,https://www.bcv.org.ve/sites/default/files/precios_consumidor/4_5_7_2.xls,Mensual,2014-09,2014-09-01,2014,4.8,% mensual
inpc_nacional_bcv,INPC nacional,Nivel y condiciones de vida,Banco Central de Venezuela,https://www.bcv.org.ve/sites/default/files/precios_consumidor/4_5_7_2.xls,Mensual,2014-10,2014-10-01,2014,5.0,% mensual
inpc_nacional_bcv,INPC nacional,Nivel y condiciones de vida,Banco Central de Venezuela,https://www.bcv.org.ve/sites/default/files/precios_consumidor/4_5_7_2.xls,Mensual,2014-11,2014-11-01,2014,4.7,% mensual
inpc_nacional_bcv,INPC nacional,Nivel y condiciones de vida,Banco Central de Venezuela,https://www.bcv.org.ve/sites/default/files/precios_consumidor/4_5_7_2.xls,Mensual,2014-12,2014-12-01,2014,5.3,% mensual
inpc_nacional_bcv,INPC nacional,Nivel y condiciones de vida,Banco Central de Venezuela,https://www.bcv.org.ve/sites/default/files/precios_consumidor/4_5_7_2.xls,Mensual,2015-01,2015-01-01,2015,7.8,% mensual
inpc_nacional_bcv,INPC nacional,Nivel y condiciones de vida,Banco Central de Venezuela,https://www.bcv.org.ve/sites/default/files/precios_consumidor/4_5_7_2.xls,Mensual,2015-02,2015-02-01,2015,4.9,% mensual
inpc_nacional_bcv,INPC nacional,Nivel y condiciones de vida,Banco Central de Venezuela,https://www.bcv.org.ve/sites/default/files/precios_consumidor/4_5_7_2.xls,Mensual,2015-03,2015-03-01,2015,5.4,% mensual
inpc_nacional_bcv,INPC nacional,Nivel y condiciones de vida,Banco Central de Venezuela,https://www.bcv.org.ve/sites/default/files/precios_consumidor/4_5_7_2.xls,Mensual,2015-04,2015-04-01,2015,6.4,% mensual
inpc_nacional_bcv,INPC nacional,Nivel y condiciones de vida,Banco Central de Venezuela,https://www.bcv.org.ve/sites/default/files/precios_consumidor/4_5_7_2.xls,Mensual,2015-05,2015-05-01,2015,8.0,% mensual
inpc_nacional_bcv,INPC nacional,Nivel y condiciones de vida,Banco Central de Venezuela,https://www.bcv.org.ve/sites/default/files/precios_consumidor/4_5_7_2.xls,Mensual,2015-06,2015-06-01,2015,9.8,% mensual
inpc_nacional_bcv,INPC nacional,Nivel y condiciones de vida,Banco Central de Venezuela,https://www.bcv.org.ve/sites/default/files/precios_consumidor/4_5_7_2.xls,Mensual,2015-07,2015-07-01,2015,10.8,% mensual
inpc_nacional_bcv,INPC nacional,Nivel y condiciones de vida,Banco Central de Venezuela,https://www.bcv.org.ve/sites/default/files/precios_consumidor/4_5_7_2.xls,Mensual,2015-08,2015-08-01,2015,12.4,% mensual
inpc_nacional_bcv,INPC nacional,Nivel y condiciones de vida,Banco Central de Venezuela,https://www.bcv.org.ve/sites/default/files/precios_consumidor/4_5_7_2.xls,Mensual,2015-09,2015-09-01,2015,11.5,% mensual
inpc_nacional_bcv,INPC nacional,Nivel y condiciones de vida,Banco Central de Venezuela,https://www.bcv.org.ve/sites/default/files/precios_consumidor/4_5_7_2.xls,Mensual,2015-10,2015-10-01,2015,11.4,% mensual
inpc_nacional_bcv,INPC nacional,Nivel y condiciones de vida,Banco Central de Venezuela,https://www.bcv.org.ve/sites/default/files/precios_consumidor/4_5_7_2.xls,Mensual,2015-11,2015-11-01,2015,11.1,% mensual
inpc_nacional_bcv,INPC nacional,Nivel y condiciones de vida,Banco Central de Venezuela,https://www.bcv.org.ve/sites/default/files/precios_consumidor/4_5_7_2.xls,Mensual,2015-12,2015-12-01,2015,8.7,% mensual
inpc_nacional_bcv,INPC nacional,Nivel y condiciones de vida,Banco Central de Venezuela,https://www.bcv.org.ve/sites/default/files/precios_consumidor/4_5_7_2.xls,Mensual,2016-01,2016-01-01,2016,9.3,% mensual
inpc_nacional_bcv,INPC nacional,Nivel y condiciones de vida,Banco Central de Venezuela,https://www.bcv.org.ve/sites/default/files/precios_consumidor/4_5_7_2.xls,Mensual,2016-02,2016-02-01,2016,8.7,% mensual
inpc_nacional_bcv,INPC nacional,Nivel y condiciones de vida,Banco Central de Venezuela,https://www.bcv.org.ve/sites/default/files/precios_consumidor/4_5_7_2.xls,Mensual,2016-03,2016-03-01,2016,10.5,% mensual
inpc_nacional_bcv,INPC nacional,Nivel y condiciones de vida,Banco Central de Venezuela,https://www.bcv.org.ve/sites/default/files/precios_consumidor/4_5_7_2.xls,Mensual,2016-04,2016-04-01,2016,14.4,% mensual
inpc_nacional_bcv,INPC nacional,Nivel y condiciones de vida,Banco Central de Venezuela,https://www.bcv.org.ve/sites/default/files/precios_consumidor/4_5_7_2.xls,Mensual,2016-05,2016-05-01,2016,18.5,% mensual
inpc_nacional_bcv,INPC nacional,Nivel y condiciones de vida,Banco Central de Venezuela,https://www.bcv.org.ve/sites/default/files/precios_consumidor/4_5_7_2.xls,Mensual,2016-06,2016-06-01,2016,19.2,% mensual
inpc_nacional_bcv,INPC nacional,Nivel y condiciones de vida,Banco Central de Venezuela,https://www.bcv.org.ve/sites/default/files/precios_consumidor/4_5_7_2.xls,Mensual,2016-07,2016-07-01,2016,8.7,% mensual
inpc_nacional_bcv,INPC nacional,Nivel y condiciones de vida,Banco Central de Venezuela,https://www.bcv.org.ve/sites/default/files/precios_consumidor/4_5_7_2.xls,Mensual,2016-08,2016-08-01,2016,7.1,% mensual
inpc_nacional_bcv,INPC nacional,Nivel y condiciones de vida,Banco Central de Venezuela,https://www.bcv.org.ve/sites/default/files/precios_consumidor/4_5_7_2.xls,Mensual,2016-09,2016-09-01,2016,9.2,% mensual
inpc_nacional_bcv,INPC nacional,Nivel y condiciones de vida,Banco Central de Venezuela,https://www.bcv.org.ve/sites/default/files/precios_consumidor/4_5_7_2.xls,Mensual,2016-10,2016-10-01,2016,8.0,% mensual
inpc_nacional_bcv,INPC nacional,Nivel y condiciones de vida,Banco Central de Venezuela,https://www.bcv.org.ve/sites/default/files/precios_consumidor/4_5_7_2.xls,Mensual,2016-11,2016-11-01,2016,11.6,% mensual
inpc_nacional_bcv,INPC nacional,Nivel y condiciones de vida,Banco Central de Venezuela,https://www.bcv.org.ve/sites/default/files/precios_consumidor/4_5_7_2.xls,Mensual,2016-12,2016-12-01,2016,15.1,% mensual
inpc_nacional_bcv,INPC nacional,Nivel y condiciones de vida,Banco Central de Venezuela,https://www.bcv.org.ve/sites/default/files/precios_consumidor/4_5_7_2.xls,Mensual,2017-01,2017-01-01,2017,17.6,% mensual
inpc_nacional_bcv,INPC nacional,Nivel y condiciones de vida,Banco Central de Venezuela,https://www.bcv.org.ve/sites/default/files/precios_consumidor/4_5_7_2.xls,Mensual,2017-02,2017-02-01,2017,12.7,% mensual
inpc_nacional_bcv,INPC nacional,Nivel y condiciones de vida,Banco Central de Venezuela,https://www.bcv.org.ve/sites/default/files/precios_consumidor/4_5_7_2.xls,Mensual,2017-03,2017-03-01,2017,10.4,% mensual
inpc_nacional_bcv,INPC nacional,Nivel y condiciones de vida,Banco Central de Venezuela,https://www.bcv.org.ve/sites/default/files/precios_consumidor/4_5_7_2.xls,Mensual,2017-04,2017-04-01,2017,8.3,% mensual
inpc_nacional_bcv,INPC nacional,Nivel y condiciones de vida,Banco Central de Venezuela,https://www.bcv.org.ve/sites/default/files/precios_consumidor/4_5_7_2.xls,Mensual,2017-05,2017-05-01,2017,11.7,% mensual
inpc_nacional_bcv,INPC nacional,Nivel y condiciones de vida,Banco Central de Venezuela,https://www.bcv.org.ve/sites/default/files/precios_consumidor/4_5_7_2.xls,Mensual,2017-06,2017-06-01,2017,12.3,% mensual
inpc_nacional_bcv,INPC nacional,Nivel y condiciones de vida,Banco Central de Venezuela,https://www.bcv.org.ve/sites/default/files/precios_consumidor/4_5_7_2.xls,Mensual,2017-07,2017-07-01,2017,13.7,% mensual
inpc_nacional_bcv,INPC nacional,Nivel y condiciones de vida,Banco Central de Venezuela,https://www.bcv.org.ve/sites/default/files/precios_consumidor/4_5_7_2.xls,Mensual,2017-08,2017-08-01,2017,19.0,% mensual
inpc_nacional_bcv,INPC nacional,Nivel y condiciones de vida,Banco Central de Venezuela,https://www.bcv.org.ve/sites/default/files/precios_consumidor/4_5_7_2.xls,Mensual,2017-09,2017-09-01,2017,26.1,% mensual
inpc_nacional_bcv,INPC nacional,Nivel y condiciones de vida,Banco Central de Venezuela,https://www.bcv.org.ve/sites/default/files/precios_consumidor/4_5_7_2.xls,Mensual,2017-10,2017-10-01,2017,31.9,% mensual
inpc_nacional_bcv,INPC nacional,Nivel y condiciones de vida,Banco Central de Venezuela,https://www.bcv.org.ve/sites/default/files/precios_consumidor/4_5_7_2.xls,Mensual,2017-11,2017-11-01,2017,38.3,% mensual
inpc_nacional_bcv,INPC nacional,Nivel y condiciones de vida,Banco Central de Venezuela,https://www.bcv.org.ve/sites/default/files/precios_consumidor/4_5_7_2.xls,Mensual,2017-12,2017-12-01,2017,55.6,% mensual
inpc_nacional_bcv,INPC nacional,Nivel y condiciones de vida,Banco Central de Venezuela,https://www.bcv.org.ve/sites/default/files/precios_consumidor/4_5_7_2.xls,Mensual,2018-01,2018-01-01,2018,66.0,% mensual
inpc_nacional_bcv,INPC nacional,Nivel y condiciones de vida,Banco Central de Venezuela,https://www.bcv.org.ve/sites/default/files/precios_consumidor/4_5_7_2.xls,Mensual,2018-02,2018-02-01,2018,44.7,% mensual
inpc_nacional_bcv,INPC nacional,Nivel y condiciones de vida,Banco Central de Venezuela,https://www.bcv.org.ve/sites/default/files/precios_consumidor/4_5_7_2.xls,Mensual,2018-03,2018-03-01,2018,40.9,% mensual
inpc_nacional_bcv,INPC nacional,Nivel y condiciones de vida,Banco Central de Venezuela,https://www.bcv.org.ve/sites/default/files/precios_consumidor/4_5_7_2.xls,Mensual,2018-04,2018-04-01,2018,55.8,% mensual
inpc_nacional_bcv,INPC nacional,Nivel y condiciones de vida,Banco Central de Venezuela,https://www.bcv.org.ve/sites/default/files/precios_consumidor/4_5_7_2.xls,Mensual,2018-05,2018-05-01,2018,110.3,% mensual
inpc_nacional_bcv,INPC nacional,Nivel y condiciones de vida,Banco Central de Venezuela,https://www.bcv.org.ve/sites/default/files/precios_consumidor/4_5_7_2.xls,Mensual,2018-06,2018-06-01,2018,96.7,% mensual
inpc_nacional_bcv,INPC nacional,Nivel y condiciones de vida,Banco Central de Venezuela,https://www.bcv.org.ve/sites/default/files/precios_consumidor/4_5_7_2.xls,Mensual,2018-07,2018-07-01,2018,81.4,% mensual
inpc_nacional_bcv,INPC nacional,Nivel y condiciones de vida,Banco Central de Venezuela,https://www.bcv.org.ve/sites/default/files/precios_consumidor/4_5_7_2.xls,Mensual,2018-08,2018-08-01,2018,76.0,% mensual
inpc_nacional_bcv,INPC nacional,Nivel y condiciones de vida,Banco Central de Venezuela,https://www.bcv.org.ve/sites/default/files/precios_consumidor/4_5_7_2.xls,Mensual,2018-09,2018-09-01,2018,127.7,% mensual
inpc_nacional_bcv,INPC nacional,Nivel y condiciones de vida,Banco Central de Venezuela,https://www.bcv.org.ve/sites/default/files/precios_consumidor/4_5_7_2.xls,Mensual,2018-10,2018-10-01,2018,88.1,% mensual
inpc_nacional_bcv,INPC nacional,Nivel y condiciones de vida,Banco Central de Venezuela,https://www.bcv.org.ve/sites/default/files/precios_consumidor/4_5_7_2.xls,Mensual,2018-11,2018-11-01,2018,123.2,% mensual
inpc_nacional_bcv,INPC nacional,Nivel y condiciones de vida,Banco Central de Venezuela,https://www.bcv.org.ve/sites/default/files/precios_consumidor/4_5_7_2.xls,Mensual,2018-12,2018-12-01,2018,95.4,% mensual
inpc_nacional_bcv,INPC nacional,Nivel y condiciones de vida,Banco Central de Venezuela,https://www.bcv.org.ve/sites/default/files/precios_consumidor/4_5_7_2.xls,Mensual,2019-01,2019-01-01,2019,196.6,% mensual
inpc_nacional_bcv,INPC nacional,Nivel y condiciones de vida,Banco Central de Venezuela,https://www.bcv.org.ve/sites/default/files/precios_consumidor/4_5_7_2.xls,Mensual,2019-02,2019-02-01,2019,114.4,% mensual
inpc_nacional_bcv,INPC nacional,Nivel y condiciones de vida,Banco Central de Venezuela,https://www.bcv.org.ve/sites/default/files/precios_consumidor/4_5_7_2.xls,Mensual,2019-03,2019-03-01,2019,34.8,% mensual
inpc_nacional_bcv,INPC nacional,Nivel y condiciones de vida,Banco Central de Venezuela,https://www.bcv.org.ve/sites/default/files/precios_consumidor/4_5_7_2.xls,Mensual,2019-04,2019-04-01,2019,33.8,% mensual
inpc_nacional_bcv,INPC nacional,Nivel y condiciones de vida,Banco Central de Venezuela,https://www.bcv.org.ve/sites/default/files/precios_consumidor/4_5_7_2.xls,Mensual,2019-05,2019-05-01,2019,39.5,% mensual
inpc_nacional_bcv,INPC nacional,Nivel y condiciones de vida,Banco Central de Venezuela,https://www.bcv.org.ve/sites/default/files/precios_consumidor/4_5_7_2.xls,Mensual,2019-06,2019-06-01,2019,22.1,% mensual
inpc_nacional_bcv,INPC nacional,Nivel y condiciones de vida,Banco Central de Venezuela,https://www.bcv.org.ve/sites/default/files/precios_consumidor/4_5_7_2.xls,Mensual,2019-07,2019-07-01,2019,19.4,% mensual
inpc_nacional_bcv,INPC nacional,Nivel y condiciones de vida,Banco Central de Venezuela,https://www.bcv.org.ve/sites/default/files/precios_consumidor/4_5_7_2.xls,Mensual,2019-08,2019-08-01,2019,34.6,% mensual
inpc_nacional_bcv,INPC nacional,Nivel y condiciones de vida,Banco Central de Venezuela,https://www.bcv.org.ve/sites/default/files/precios_consumidor/4_5_7_2.xls,Mensual,2019-09,2019-09-01,2019,52.2,% mensual
inpc_nacional_bcv,INPC nacional,Nivel y condiciones de vida,Banco Central de Venezuela,https://www.bcv.org.ve/sites/default/files/precios_consumidor/4_5_7_2.xls,Mensual,2019-10,2019-10-01,2019,22.6,% mensual
inpc_nacional_bcv,INPC nacional,Nivel y condiciones de vida,Banco Central de Venezuela,https://www.bcv.org.ve/sites/default/files/precios_consumidor/4_5_7_2.xls,Mensual,2019-11,2019-11-01,2019,25.7,% mensual
inpc_nacional_bcv,INPC nacional,Nivel y condiciones de vida,Banco Central de Venezuela,https://www.bcv.org.ve/sites/default/files/precios_consumidor/4_5_7_2.xls,Mensual,2019-12,2019-12-01,2019,31.5,% mensual
inpc_nacional_bcv,INPC nacional,Nivel y condiciones de vida,Banco Central de Venezuela,https://www.bcv.org.ve/sites/default/files/precios_consumidor/4_5_7_2.xls,Mensual,2020-01,2020-01-01,2020,62.2,% mensual
inpc_nacional_bcv,INPC nacional,Nivel y condiciones de vida,Banco Central de Venezuela,https://www.bcv.org.ve/sites/default/files/precios_consumidor/4_5_7_2.xls,Mensual,2020-02,2020-02-01,2020,21.8,% mensual
inpc_nacional_bcv,INPC nacional,Nivel y condiciones de vida,Banco Central de Venezuela,https://www.bcv.org.ve/sites/default/files/precios_consumidor/4_5_7_2.xls,Mensual,2020-03,2020-03-01,2020,13.3,% mensual
inpc_nacional_bcv,INPC nacional,Nivel y condiciones de vida,Banco Central de Venezuela,https://www.bcv.org.ve/sites/default/files/precios_consumidor/4_5_7_2.xls,Mensual,2020-04,2020-04-01,2020,27.5,% mensual
inpc_nacional_bcv,INPC nacional,Nivel y condiciones de vida,Banco Central de Venezuela,https://www.bcv.org.ve/sites/default/files/precios_consumidor/4_5_7_2.xls,Mensual,2020-05,2020-05-01,2020,38.6,% mensual
inpc_nacional_bcv,INPC nacional,Nivel y condiciones de vida,Banco Central de Venezuela,https://www.bcv.org.ve/sites/default/files/precios_consumidor/4_5_7_2.xls,Mensual,2020-06,2020-06-01,2020,25.1,% mensual
inpc_nacional_bcv,INPC nacional,Nivel y condiciones de vida,Banco Central de Venezuela,https://www.bcv.org.ve/sites/default/files/precios_consumidor/4_5_7_2.xls,Mensual,2020-07,2020-07-01,2020,19.6,% mensual
inpc_nacional_bcv,INPC nacional,Nivel y condiciones de vida,Banco Central de Venezuela,https://www.bcv.org.ve/sites/default/files/precios_consumidor/4_5_7_2.xls,Mensual,2020-08,2020-08-01,2020,24.7,% mensual
inpc_nacional_bcv,INPC nacional,Nivel y condiciones de vida,Banco Central de Venezuela,https://www.bcv.org.ve/sites/default/files/precios_consumidor/4_5_7_2.xls,Mensual,2020-09,2020-09-01,2020,27.9,% mensual
inpc_nacional_bcv,INPC nacional,Nivel y condiciones de vida,Banco Central de Venezuela,https://www.bcv.org.ve/sites/default/files/precios_consumidor/4_5_7_2.xls,Mensual,2020-10,2020-10-01,2020,30.5,% mensual
inpc_nacional_bcv,INPC nacional,Nivel y condiciones de vida,Banco Central de Venezuela,https://www.bcv.org.ve/sites/default/files/precios_consumidor/4_5_7_2.xls,Mensual,2020-11,2020-11-01,2020,40.0,% mensual
inpc_nacional_bcv,INPC nacional,Nivel y condiciones de vida,Banco Central de Venezuela,https://www.bcv.org.ve/sites/default/files/precios_consumidor/4_5_7_2.xls,Mensual,2020-12,2020-12-01,2020,77.5,% mensual
inpc_nacional_bcv,INPC nacional,Nivel y condiciones de vida,Banco Central de Venezuela,https://www.bcv.org.ve/sites/default/files/precios_consumidor/4_5_7_2.xls,Mensual,2021-01,2021-01-01,2021,46.6,% mensual
inpc_nacional_bcv,INPC nacional,Nivel y condiciones de vida,Banco Central de Venezuela,https://www.bcv.org.ve/sites/default/files/precios_consumidor/4_5_7_2.xls,Mensual,2021-02,2021-02-01,2021,33.8,% mensual
inpc_nacional_bcv,INPC nacional,Nivel y condiciones de vida,Banco Central de Venezuela,https://www.bcv.org.ve/sites/default/files/precios_consumidor/4_5_7_2.xls,Mensual,2021-03,2021-03-01,2021,16.1,% mensual
inpc_nacional_bcv,INPC nacional,Nivel y condiciones de vida,Banco Central de Venezuela,https://www.bcv.org.ve/sites/default/files/precios_consumidor/4_5_7_2.xls,Mensual,2021-04,2021-04-01,2021,24.6,% mensual
inpc_nacional_bcv,INPC nacional,Nivel y condiciones de vida,Banco Central de Venezuela,https://www.bcv.org.ve/sites/default/files/precios_consumidor/4_5_7_2.xls,Mensual,2021-05,2021-05-01,2021,28.5,% mensual
inpc_nacional_bcv,INPC nacional,Nivel y condiciones de vida,Banco Central de Venezuela,https://www.bcv.org.ve/sites/default/files/precios_consumidor/4_5_7_2.xls,Mensual,2021-06,2021-06-01,2021,15.7,% mensual
inpc_nacional_bcv,INPC nacional,Nivel y condiciones de vida,Banco Central de Venezuela,https://www.bcv.org.ve/sites/default/files/precios_consumidor/4_5_7_2.xls,Mensual,2021-07,2021-07-01,2021,16.7,% mensual
inpc_nacional_bcv,INPC nacional,Nivel y condiciones de vida,Banco Central de Venezuela,https://www.bcv.org.ve/sites/default/files/precios_consumidor/4_5_7_2.xls,Mensual,2021-08,2021-08-01,2021,19.8,% mensual
inpc_nacional_bcv,INPC nacional,Nivel y condiciones de vida,Banco Central de Venezuela,https://www.bcv.org.ve/sites/default/files/precios_consumidor/4_5_7_2.xls,Mensual,2021-09,2021-09-01,2021,7.1,% mensual
inpc_nacional_bcv,INPC nacional,Nivel y condiciones de vida,Banco Central de Venezuela,https://www.bcv.org.ve/sites/default/files/precios_consumidor/4_5_7_2.xls,Mensual,2021-10,2021-10-01,2021,6.8,% mensual
inpc_nacional_bcv,INPC nacional,Nivel y condiciones de vida,Banco Central de Venezuela,https://www.bcv.org.ve/sites/default/files/precios_consumidor/4_5_7_2.xls,Mensual,2021-11,2021-11-01,2021,8.4,% mensual
inpc_nacional_bcv,INPC nacional,Nivel y condiciones de vida,Banco Central de Venezuela,https://www.bcv.org.ve/sites/default/files/precios_consumidor/4_5_7_2.xls,Mensual,2021-12,2021-12-01,2021,7.6,% mensual
inpc_nacional_bcv,INPC nacional,Nivel y condiciones de vida,Banco Central de Venezuela,https://www.bcv.org.ve/sites/default/files/precios_consumidor/4_5_7_2.xls,Mensual,2022-01,2022-01-01,2022,6.7,% mensual
inpc_nacional_bcv,INPC nacional,Nivel y condiciones de vida,Banco Central de Venezuela,https://www.bcv.org.ve/sites/default/files/precios_consumidor/4_5_7_2.xls,Mensual,2022-02,2022-02-01,2022,2.9,% mensual
inpc_nacional_bcv,INPC nacional,Nivel y condiciones de vida,Banco Central de Venezuela,https://www.bcv.org.ve/sites/default/files/precios_consumidor/4_5_7_2.xls,Mensual,2022-03,2022-03-01,2022,1.4,% mensual
inpc_nacional_bcv,INPC nacional,Nivel y condiciones de vida,Banco Central de Venezuela,https://www.bcv.org.ve/sites/default/files/precios_consumidor/4_5_7_2.xls,Mensual,2022-04,2022-04-01,2022,4.4,% mensual
inpc_nacional_bcv,INPC nacional,Nivel y condiciones de vida,Banco Central de Venezuela,https://www.bcv.org.ve/sites/default/files/precios_consumidor/4_5_7_2.xls,Mensual,2022-05,2022-05-01,2022,6.5,% mensual
inpc_nacional_bcv,INPC nacional,Nivel y condiciones de vida,Banco Central de Venezuela,https://www.bcv.org.ve/sites/default/files/precios_consumidor/4_5_7_2.xls,Mensual,2022-06,2022-06-01,2022,11.4,% mensual
inpc_nacional_bcv,INPC nacional,Nivel y condiciones de vida,Banco Central de Venezuela,https://www.bcv.org.ve/sites/default/files/precios_consumidor/4_5_7_2.xls,Mensual,2022-07,2022-07-01,2022,7.5,% mensual
inpc_nacional_bcv,INPC nacional,Nivel y condiciones de vida,Banco Central de Venezuela,https://www.bcv.org.ve/sites/default/files/precios_consumidor/4_5_7_2.xls,Mensual,2022-08,2022-08-01,2022,8.2,% mensual
inpc_nacional_bcv,INPC nacional,Nivel y condiciones de vida,Banco Central de Venezuela,https://www.bcv.org.ve/sites/default/files/precios_consumidor/4_5_7_2.xls,Mensual,2022-09,2022-09-01,2022,28.7,% mensual
inpc_nacional_bcv,INPC nacional,Nivel y condiciones de vida,Banco Central de Venezuela,https://www.bcv.org.ve/sites/default/files/precios_consumidor/4_5_7_2.xls,Mensual,2022-10,2022-10-01,2022,6.2,% mensual
inpc_nacional_bcv,INPC nacional,Nivel y condiciones de vida,Banco Central de Venezuela,https://www.bcv.org.ve/sites/default/files/precios_consumidor/4_5_7_2.xls,Mensual,2022-11,2022-11-01,2022,12.6,% mensual
inpc_nacional_bcv,INPC nacional,Nivel y condiciones de vida,Banco Central de Venezuela,https://www.bcv.org.ve/sites/default/files/precios_consumidor/4_5_7_2.xls,Mensual,2022-12,2022-12-01,2022,35.3,% mensual
inpc_nacional_bcv,INPC nacional,Nivel y condiciones de vida,Banco Central de Venezuela,https://www.bcv.org.ve/sites/default/files/precios_consumidor/4_5_7_2.xls,Mensual,2023-01,2023-01-01,2023,42.1,% mensual
inpc_nacional_bcv,INPC nacional,Nivel y condiciones de vida,Banco Central de Venezuela,https://www.bcv.org.ve/sites/default/files/precios_consumidor/4_5_7_2.xls,Mensual,2023-02,2023-02-01,2023,19.3,% mensual
inpc_nacional_bcv,INPC nacional,Nivel y condiciones de vida,Banco Central de Venezuela,https://www.bcv.org.ve/sites/default/files/precios_consumidor/4_5_7_2.xls,Mensual,2023-03,2023-03-01,2023,6.1,% mensual
inpc_nacional_bcv,INPC nacional,Nivel y condiciones de vida,Banco Central de Venezuela,https://www.bcv.org.ve/sites/default/files/precios_consumidor/4_5_7_2.xls,Mensual,2023-04,2023-04-01,2023,3.8,% mensual
inpc_nacional_bcv,INPC nacional,Nivel y condiciones de vida,Banco Central de Venezuela,https://www.bcv.org.ve/sites/default/files/precios_consumidor/4_5_7_2.xls,Mensual,2023-05,2023-05-01,2023,5.1,% mensual
inpc_nacional_bcv,INPC nacional,Nivel y condiciones de vida,Banco Central de Venezuela,https://www.bcv.org.ve/sites/default/files/precios_consumidor/4_5_7_2.xls,Mensual,2023-06,2023-06-01,2023,6.2,% mensual
inpc_nacional_bcv,INPC nacional,Nivel y condiciones de vida,Banco Central de Venezuela,https://www.bcv.org.ve/sites/default/files/precios_consumidor/4_5_7_2.xls,Mensual,2023-07,2023-07-01,2023,6.2,% mensual
inpc_nacional_bcv,INPC nacional,Nivel y condiciones de vida,Banco Central de Venezuela,https://www.bcv.org.ve/sites/default/files/precios_consumidor/4_5_7_2.xls,Mensual,2023-08,2023-08-01,2023,7.4,% mensual
inpc_nacional_bcv,INPC nacional,Nivel y condiciones de vida,Banco Central de Venezuela,https://www.bcv.org.ve/sites/default/files/precios_consumidor/4_5_7_2.xls,Mensual,2023-09,2023-09-01,2023,8.7,% mensual
inpc_nacional_bcv,INPC nacional,Nivel y condiciones de vida,Banco Central de Venezuela,https://www.bcv.org.ve/sites/default/files/precios_consumidor/4_5_7_2.xls,Mensual,2023-10,2023-10-01,2023,5.9,% mensual
inpc_nacional_bcv,INPC nacional,Nivel y condiciones de vida,Banco Central de Venezuela,https://www.bcv.org.ve/sites/default/files/precios_consumidor/4_5_7_2.xls,Mensual,2023-11,2023-11-01,2023,3.5,% mensual
inpc_nacional_bcv,INPC nacional,Nivel y condiciones de vida,Banco Central de Venezuela,https://www.bcv.org.ve/sites/default/files/precios_consumidor/4_5_7_2.xls,Mensual,2023-12,2023-12-01,2023,2.4,% mensual
inpc_nacional_bcv,INPC nacional,Nivel y condiciones de vida,Banco Central de Venezuela,https://www.bcv.org.ve/sites/default/files/precios_consumidor/4_5_7_2.xls,Mensual,2024-01,2024-01-01,2024,1.7,% mensual
inpc_nacional_bcv,INPC nacional,Nivel y condiciones de vida,Banco Central de Venezuela,https://www.bcv.org.ve/sites/default/files/precios_consumidor/4_5_7_2.xls,Mensual,2024-02,2024-02-01,2024,1.2,% mensual
inpc_nacional_bcv,INPC nacional,Nivel y condiciones de vida,Banco Central de Venezuela,https://www.bcv.org.ve/sites/default/files/precios_consumidor/4_5_7_2.xls,Mensual,2024-03,2024-03-01,2024,1.2,% mensual
inpc_nacional_bcv,INPC nacional,Nivel y condiciones de vida,Banco Central de Venezuela,https://www.bcv.org.ve/sites/default/files/precios_consumidor/4_5_7_2.xls,Mensual,2024-04,2024-04-01,2024,2.0,% mensual
inpc_nacional_bcv,INPC nacional,Nivel y condiciones de vida,Banco Central de Venezuela,https://www.bcv.org.ve/sites/default/files/precios_consumidor/4_5_7_2.xls,Mensual,2024-05,2024-05-01,2024,1.5,% mensual
inpc_nacional_bcv,INPC nacional,Nivel y condiciones de vida,Banco Central de Venezuela,https://www.bcv.org.ve/sites/default/files/precios_consumidor/4_5_7_2.xls,Mensual,2024-06,2024-06-01,2024,1.0,% mensual
inpc_nacional_bcv,INPC nacional,Nivel y condiciones de vida,Banco Central de Venezuela,https://www.bcv.org.ve/sites/default/files/precios_consumidor/4_5_7_2.xls,Mensual,2024-07,2024-07-01,2024,0.7,% mensual
inpc_nacional_bcv,INPC nacional,Nivel y condiciones de vida,Banco Central de Venezuela,https://www.bcv.org.ve/sites/default/files/precios_consumidor/4_5_7_2.xls,Mensual,2024-08,2024-08-01,2024,1.4,% mensual
inpc_nacional_bcv,INPC nacional,Nivel y condiciones de vida,Banco Central de Venezuela,https://www.bcv.org.ve/sites/default/files/precios_consumidor/4_5_7_2.xls,Mensual,2024-09,2024-09-01,2024,0.8,% mensual
inpc_nacional_bcv,INPC nacional,Nivel y condiciones de vida,Banco Central de Venezuela,https://www.bcv.org.ve/sites/default/files/precios_consumidor/4_5_7_2.xls,Mensual,2024-10,2024-10-01,2024,4.0,% mensual
inpc_nacional_bcv,INPC nacional,Nivel y condiciones de vida,Banco Central de Venezuela,https://www.bcv.org.ve/sites/default/files/precios_consumidor/4_5_7_2.xls,Mensual,2024-11,2024-11-01,2024,15.2,% mensual
inpc_nacional_bcv,INPC nacional,Nivel y condiciones de vida,Banco Central de Venezuela,https://www.bcv.org.ve/sites/default/files/precios_consumidor/4_5_7_2.xls,Mensual,2024-12,2024-12-01,2024,10.2,% mensual
inpc_nacional_bcv,INPC nacional,Nivel y condiciones de vida,Banco Central de Venezuela,https://www.bcv.org.ve/sites/default/files/precios_consumidor/4_5_7_2.xls,Mensual,2025-01,2025-01-01,2025,9.8,% mensual
inpc_nacional_bcv,INPC nacional,Nivel y condiciones de vida,Banco Central de Venezuela,https://www.bcv.org.ve/sites/default/files/precios_consumidor/4_5_7_2.xls,Mensual,2025-02,2025-02-01,2025,10.9,% mensual
inpc_nacional_bcv,INPC nacional,Nivel y condiciones de vida,Banco Central de Venezuela,https://www.bcv.org.ve/sites/default/files/precios_consumidor/4_5_7_2.xls,Mensual,2025-03,2025-03-01,2025,8.3,% mensual
inpc_nacional_bcv,INPC nacional,Nivel y condiciones de vida,Banco Central de Venezuela,https://www.bcv.org.ve/sites/default/files/precios_consumidor/4_5_7_2.xls,Mensual,2025-04,2025-04-01,2025,16.4,% mensual
inpc_nacional_bcv,INPC nacional,Nivel y condiciones de vida,Banco Central de Venezuela,https://www.bcv.org.ve/sites/default/files/precios_consumidor/4_5_7_2.xls,Mensual,2025-05,2025-05-01,2025,21.2,% mensual
inpc_nacional_bcv,INPC nacional,Nivel y condiciones de vida,Banco Central de Venezuela,https://www.bcv.org.ve/sites/default/files/precios_consumidor/4_5_7_2.xls,Mensual,2025-06,2025-06-01,2025,10.3,% mensual
inpc_nacional_bcv,INPC nacional,Nivel y condiciones de vida,Banco Central de Venezuela,https://www.bcv.org.ve/sites/default/files/precios_consumidor/4_5_7_2.xls,Mensual,2025-07,2025-07-01,2025,14.2,% mensual
inpc_nacional_bcv,INPC nacional,Nivel y condiciones de vida,Banco Central de Venezuela,https://www.bcv.org.ve/sites/default/files/precios_consumidor/4_5_7_2.xls,Mensual,2025-08,2025-08-01,2025,16.1,% mensual
inpc_nacional_bcv,INPC nacional,Nivel y condiciones de vida,Banco Central de Venezuela,https://www.bcv.org.ve/sites/default/files/precios_consumidor/4_5_7_2.xls,Mensual,2025-09,2025-09-01,2025,21.556986542248453,% mensual
inpc_nacional_bcv,INPC nacional,Nivel y condiciones de vida,Banco Central de Venezuela,https://www.bcv.org.ve/sites/default/files/precios_consumidor/4_5_7_2.xls,Mensual,2025-10,2025-10-01,2025,25.931301644720108,% mensual
inpc_nacional_bcv,INPC nacional,Nivel y condiciones de vida,Banco Central de Venezuela,https://www.bcv.org.ve/sites/default/files/precios_consumidor/4_5_7_2.xls,Mensual,2025-11,2025-11-01,2025,21.6,% mensual
inpc_nacional_bcv,INPC nacional,Nivel y condiciones de vida,Banco Central de Venezuela,https://www.bcv.org.ve/sites/default/files/precios_consumidor/4_5_7_2.xls,Mensual,2025-12,2025-12-01,2025,13.6,% mensual
inpc_nacional_bcv,INPC nacional,Nivel y condiciones de vida,Banco Central de Venezuela,https://www.bcv.org.ve/sites/default/files/precios_consumidor/4_5_7_2.xls,Mensual,2026-01,2026-01-01,2026,32.6,% mensual
inpc_nacional_bcv,INPC nacional,Nivel y condiciones de vida,Banco Central de Venezuela,https://www.bcv.org.ve/sites/default/files/precios_consumidor/4_5_7_2.xls,Mensual,2026-02,2026-02-01,2026,14.6,% mensual
inpc_nacional_bcv,INPC nacional,Nivel y condiciones de vida,Banco Central de Venezuela,https://www.bcv.org.ve/sites/default/files/precios_consumidor/4_5_7_2.xls,Mensual,2026-03,2026-03-01,2026,13.1,% mensual
inpc_nacional_bcv,INPC nacional,Nivel y condiciones de vida,Banco Central de Venezuela,https://www.bcv.org.ve/sites/default/files/precios_consumidor/4_5_7_2.xls,Mensual,2026-04,2026-04-01,2026,10.6,% mensual
inpc_nacional_bcv,INPC nacional,Nivel y condiciones de vida,Banco Central de Venezuela,https://www.bcv.org.ve/sites/default/files/precios_consumidor/4_5_7_2.xls,Mensual,2026-05,2026-05-01,2026,6.3,% mensual
inpc_nacional_bcv,INPC nacional,Nivel y condiciones de vida,Banco Central de Venezuela,https://www.bcv.org.ve/sites/default/files/precios_consumidor/4_5_7_2.xls,Mensual,2026-06,2026-06-01,2026,13.8,% mensual
pib_corriente_wdi,PIB corriente,Economía,Banco Mundial - World Development Indicators,https://api.worldbank.org/v2/country/VEN/indicator/NY.GDP.MKTP.CD?format=json&per_page=100,Anual,1960,1960-01-01,1960,7.66393830307171,US$ mil millones
pib_corriente_wdi,PIB corriente,Economía,Banco Mundial - World Development Indicators,https://api.worldbank.org/v2/country/VEN/indicator/NY.GDP.MKTP.CD?format=json&per_page=100,Anual,1961,1961-01-01,1961,8.06726703061862,US$ mil millones
pib_corriente_wdi,PIB corriente,Economía,Banco Mundial - World Development Indicators,https://api.worldbank.org/v2/country/VEN/indicator/NY.GDP.MKTP.CD?format=json&per_page=100,Anual,1962,1962-01-01,1962,8.814309884211651,US$ mil millones
pib_corriente_wdi,PIB corriente,Economía,Banco Mundial - World Development Indicators,https://api.worldbank.org/v2/country/VEN/indicator/NY.GDP.MKTP.CD?format=json&per_page=100,Anual,1963,1963-01-01,1963,9.60871728817057,US$ mil millones
pib_corriente_wdi,PIB corriente,Economía,Banco Mundial - World Development Indicators,https://api.worldbank.org/v2/country/VEN/indicator/NY.GDP.MKTP.CD?format=json&per_page=100,Anual,1964,1964-01-01,1964,8.19241379310345,US$ mil millones
pib_corriente_wdi,PIB corriente,Economía,Banco Mundial - World Development Indicators,https://api.worldbank.org/v2/country/VEN/indicator/NY.GDP.MKTP.CD?format=json&per_page=100,Anual,1965,1965-01-01,1965,8.427777777777779,US$ mil millones
pib_corriente_wdi,PIB corriente,Economía,Banco Mundial - World Development Indicators,https://api.worldbank.org/v2/country/VEN/indicator/NY.GDP.MKTP.CD?format=json&per_page=100,Anual,1966,1966-01-01,1966,8.78133333333333,US$ mil millones
pib_corriente_wdi,PIB corriente,Economía,Banco Mundial - World Development Indicators,https://api.worldbank.org/v2/country/VEN/indicator/NY.GDP.MKTP.CD?format=json&per_page=100,Anual,1967,1967-01-01,1967,9.25,US$ mil millones
pib_corriente_wdi,PIB corriente,Economía,Banco Mundial - World Development Indicators,https://api.worldbank.org/v2/country/VEN/indicator/NY.GDP.MKTP.CD?format=json&per_page=100,Anual,1968,1968-01-01,1968,10.0344444444444,US$ mil millones
pib_corriente_wdi,PIB corriente,Economía,Banco Mundial - World Development Indicators,https://api.worldbank.org/v2/country/VEN/indicator/NY.GDP.MKTP.CD?format=json&per_page=100,Anual,1969,1969-01-01,1969,10.2851111111111,US$ mil millones
pib_corriente_wdi,PIB corriente,Economía,Banco Mundial - World Development Indicators,https://api.worldbank.org/v2/country/VEN/indicator/NY.GDP.MKTP.CD?format=json&per_page=100,Anual,1970,1970-01-01,1970,11.5611111111111,US$ mil millones
pib_corriente_wdi,PIB corriente,Economía,Banco Mundial - World Development Indicators,https://api.worldbank.org/v2/country/VEN/indicator/NY.GDP.MKTP.CD?format=json&per_page=100,Anual,1971,1971-01-01,1971,12.9865909090909,US$ mil millones
pib_corriente_wdi,PIB corriente,Economía,Banco Mundial - World Development Indicators,https://api.worldbank.org/v2/country/VEN/indicator/NY.GDP.MKTP.CD?format=json&per_page=100,Anual,1972,1972-01-01,1972,13.9777272727273,US$ mil millones
pib_corriente_wdi,PIB corriente,Economía,Banco Mundial - World Development Indicators,https://api.worldbank.org/v2/country/VEN/indicator/NY.GDP.MKTP.CD?format=json&per_page=100,Anual,1973,1973-01-01,1973,17.0355813953488,US$ mil millones
pib_corriente_wdi,PIB corriente,Economía,Banco Mundial - World Development Indicators,https://api.worldbank.org/v2/country/VEN/indicator/NY.GDP.MKTP.CD?format=json&per_page=100,Anual,1974,1974-01-01,1974,26.100930232558103,US$ mil millones
pib_corriente_wdi,PIB corriente,Economía,Banco Mundial - World Development Indicators,https://api.worldbank.org/v2/country/VEN/indicator/NY.GDP.MKTP.CD?format=json&per_page=100,Anual,1975,1975-01-01,1975,27.464651162790698,US$ mil millones
pib_corriente_wdi,PIB corriente,Economía,Banco Mundial - World Development Indicators,https://api.worldbank.org/v2/country/VEN/indicator/NY.GDP.MKTP.CD?format=json&per_page=100,Anual,1976,1976-01-01,1976,31.419534883720903,US$ mil millones
pib_corriente_wdi,PIB corriente,Economía,Banco Mundial - World Development Indicators,https://api.worldbank.org/v2/country/VEN/indicator/NY.GDP.MKTP.CD?format=json&per_page=100,Anual,1977,1977-01-01,1977,36.210697674418604,US$ mil millones
pib_corriente_wdi,PIB corriente,Economía,Banco Mundial - World Development Indicators,https://api.worldbank.org/v2/country/VEN/indicator/NY.GDP.MKTP.CD?format=json&per_page=100,Anual,1978,1978-01-01,1978,39.316279069767404,US$ mil millones
pib_corriente_wdi,PIB corriente,Economía,Banco Mundial - World Development Indicators,https://api.worldbank.org/v2/country/VEN/indicator/NY.GDP.MKTP.CD?format=json&per_page=100,Anual,1979,1979-01-01,1979,48.3109302325581,US$ mil millones
pib_corriente_wdi,PIB corriente,Economía,Banco Mundial - World Development Indicators,https://api.worldbank.org/v2/country/VEN/indicator/NY.GDP.MKTP.CD?format=json&per_page=100,Anual,1980,1980-01-01,1980,59.116511627906995,US$ mil millones
pib_corriente_wdi,PIB corriente,Economía,Banco Mundial - World Development Indicators,https://api.worldbank.org/v2/country/VEN/indicator/NY.GDP.MKTP.CD?format=json&per_page=100,Anual,1981,1981-01-01,1981,66.3274418604651,US$ mil millones
pib_corriente_wdi,PIB corriente,Economía,Banco Mundial - World Development Indicators,https://api.worldbank.org/v2/country/VEN/indicator/NY.GDP.MKTP.CD?format=json&per_page=100,Anual,1982,1982-01-01,1982,67.73674418604651,US$ mil millones
pib_corriente_wdi,PIB corriente,Economía,Banco Mundial - World Development Indicators,https://api.worldbank.org/v2/country/VEN/indicator/NY.GDP.MKTP.CD?format=json&per_page=100,Anual,1983,1983-01-01,1983,67.5562790697674,US$ mil millones
pib_corriente_wdi,PIB corriente,Economía,Banco Mundial - World Development Indicators,https://api.worldbank.org/v2/country/VEN/indicator/NY.GDP.MKTP.CD?format=json&per_page=100,Anual,1984,1984-01-01,1984,59.8677434679335,US$ mil millones
pib_corriente_wdi,PIB corriente,Economía,Banco Mundial - World Development Indicators,https://api.worldbank.org/v2/country/VEN/indicator/NY.GDP.MKTP.CD?format=json&per_page=100,Anual,1985,1985-01-01,1985,61.9654666666667,US$ mil millones
pib_corriente_wdi,PIB corriente,Economía,Banco Mundial - World Development Indicators,https://api.worldbank.org/v2/country/VEN/indicator/NY.GDP.MKTP.CD?format=json&per_page=100,Anual,1986,1986-01-01,1986,60.5161237113402,US$ mil millones
pib_corriente_wdi,PIB corriente,Economía,Banco Mundial - World Development Indicators,https://api.worldbank.org/v2/country/VEN/indicator/NY.GDP.MKTP.CD?format=json&per_page=100,Anual,1987,1987-01-01,1987,48.0290344827586,US$ mil millones
pib_corriente_wdi,PIB corriente,Economía,Banco Mundial - World Development Indicators,https://api.worldbank.org/v2/country/VEN/indicator/NY.GDP.MKTP.CD?format=json&per_page=100,Anual,1988,1988-01-01,1988,60.226413793103504,US$ mil millones
pib_corriente_wdi,PIB corriente,Economía,Banco Mundial - World Development Indicators,https://api.worldbank.org/v2/country/VEN/indicator/NY.GDP.MKTP.CD?format=json&per_page=100,Anual,1989,1989-01-01,1989,43.5367091040115,US$ mil millones
pib_corriente_wdi,PIB corriente,Economía,Banco Mundial - World Development Indicators,https://api.worldbank.org/v2/country/VEN/indicator/NY.GDP.MKTP.CD?format=json&per_page=100,Anual,1990,1990-01-01,1990,48.6069521947752,US$ mil millones
pib_corriente_wdi,PIB corriente,Economía,Banco Mundial - World Development Indicators,https://api.worldbank.org/v2/country/VEN/indicator/NY.GDP.MKTP.CD?format=json&per_page=100,Anual,1991,1991-01-01,1991,53.4534447866256,US$ mil millones
pib_corriente_wdi,PIB corriente,Economía,Banco Mundial - World Development Indicators,https://api.worldbank.org/v2/country/VEN/indicator/NY.GDP.MKTP.CD?format=json&per_page=100,Anual,1992,1992-01-01,1992,60.4165196200849,US$ mil millones
pib_corriente_wdi,PIB corriente,Economía,Banco Mundial - World Development Indicators,https://api.worldbank.org/v2/country/VEN/indicator/NY.GDP.MKTP.CD?format=json&per_page=100,Anual,1993,1993-01-01,1993,60.0374607831941,US$ mil millones
pib_corriente_wdi,PIB corriente,Economía,Banco Mundial - World Development Indicators,https://api.worldbank.org/v2/country/VEN/indicator/NY.GDP.MKTP.CD?format=json&per_page=100,Anual,1994,1994-01-01,1994,58.4186666666667,US$ mil millones
pib_corriente_wdi,PIB corriente,Economía,Banco Mundial - World Development Indicators,https://api.worldbank.org/v2/country/VEN/indicator/NY.GDP.MKTP.CD?format=json&per_page=100,Anual,1995,1995-01-01,1995,77.38948777008831,US$ mil millones
pib_corriente_wdi,PIB corriente,Economía,Banco Mundial - World Development Indicators,https://api.worldbank.org/v2/country/VEN/indicator/NY.GDP.MKTP.CD?format=json&per_page=100,Anual,1996,1996-01-01,1996,70.543211119099,US$ mil millones
pib_corriente_wdi,PIB corriente,Economía,Banco Mundial - World Development Indicators,https://api.worldbank.org/v2/country/VEN/indicator/NY.GDP.MKTP.CD?format=json&per_page=100,Anual,1997,1997-01-01,1997,85.8376785598324,US$ mil millones
pib_corriente_wdi,PIB corriente,Economía,Banco Mundial - World Development Indicators,https://api.worldbank.org/v2/country/VEN/indicator/NY.GDP.MKTP.CD?format=json&per_page=100,Anual,1998,1998-01-01,1998,91.3367632550597,US$ mil millones
pib_corriente_wdi,PIB corriente,Economía,Banco Mundial - World Development Indicators,https://api.worldbank.org/v2/country/VEN/indicator/NY.GDP.MKTP.CD?format=json&per_page=100,Anual,1999,1999-01-01,1999,97.97284246151311,US$ mil millones
pib_corriente_wdi,PIB corriente,Economía,Banco Mundial - World Development Indicators,https://api.worldbank.org/v2/country/VEN/indicator/NY.GDP.MKTP.CD?format=json&per_page=100,Anual,2000,2000-01-01,2000,117.146466002661,US$ mil millones
pib_corriente_wdi,PIB corriente,Economía,Banco Mundial - World Development Indicators,https://api.worldbank.org/v2/country/VEN/indicator/NY.GDP.MKTP.CD?format=json&per_page=100,Anual,2001,2001-01-01,2001,122.91103674672901,US$ mil millones
pib_corriente_wdi,PIB corriente,Economía,Banco Mundial - World Development Indicators,https://api.worldbank.org/v2/country/VEN/indicator/NY.GDP.MKTP.CD?format=json&per_page=100,Anual,2002,2002-01-01,2002,92.89358773365491,US$ mil millones
pib_corriente_wdi,PIB corriente,Economía,Banco Mundial - World Development Indicators,https://api.worldbank.org/v2/country/VEN/indicator/NY.GDP.MKTP.CD?format=json&per_page=100,Anual,2003,2003-01-01,2003,83.6206285821082,US$ mil millones
pib_corriente_wdi,PIB corriente,Economía,Banco Mundial - World Development Indicators,https://api.worldbank.org/v2/country/VEN/indicator/NY.GDP.MKTP.CD?format=json&per_page=100,Anual,2004,2004-01-01,2004,112.451400424964,US$ mil millones
pib_corriente_wdi,PIB corriente,Economía,Banco Mundial - World Development Indicators,https://api.worldbank.org/v2/country/VEN/indicator/NY.GDP.MKTP.CD?format=json&per_page=100,Anual,2005,2005-01-01,2005,145.51348965187202,US$ mil millones
pib_corriente_wdi,PIB corriente,Economía,Banco Mundial - World Development Indicators,https://api.worldbank.org/v2/country/VEN/indicator/NY.GDP.MKTP.CD?format=json&per_page=100,Anual,2006,2006-01-01,2006,183.477522123894,US$ mil millones
pib_corriente_wdi,PIB corriente,Economía,Banco Mundial - World Development Indicators,https://api.worldbank.org/v2/country/VEN/indicator/NY.GDP.MKTP.CD?format=json&per_page=100,Anual,2007,2007-01-01,2007,230.364012575687,US$ mil millones
pib_corriente_wdi,PIB corriente,Economía,Banco Mundial - World Development Indicators,https://api.worldbank.org/v2/country/VEN/indicator/NY.GDP.MKTP.CD?format=json&per_page=100,Anual,2008,2008-01-01,2008,315.953388510678,US$ mil millones
pib_corriente_wdi,PIB corriente,Economía,Banco Mundial - World Development Indicators,https://api.worldbank.org/v2/country/VEN/indicator/NY.GDP.MKTP.CD?format=json&per_page=100,Anual,2009,2009-01-01,2009,329.787628928472,US$ mil millones
pib_corriente_wdi,PIB corriente,Economía,Banco Mundial - World Development Indicators,https://api.worldbank.org/v2/country/VEN/indicator/NY.GDP.MKTP.CD?format=json&per_page=100,Anual,2010,2010-01-01,2010,393.192354510653,US$ mil millones
pib_corriente_wdi,PIB corriente,Economía,Banco Mundial - World Development Indicators,https://api.worldbank.org/v2/country/VEN/indicator/NY.GDP.MKTP.CD?format=json&per_page=100,Anual,2011,2011-01-01,2011,316.48219080036404,US$ mil millones
pib_corriente_wdi,PIB corriente,Economía,Banco Mundial - World Development Indicators,https://api.worldbank.org/v2/country/VEN/indicator/NY.GDP.MKTP.CD?format=json&per_page=100,Anual,2012,2012-01-01,2012,371.846610182327,US$ mil millones
pib_corriente_wdi,PIB corriente,Economía,Banco Mundial - World Development Indicators,https://api.worldbank.org/v2/country/VEN/indicator/NY.GDP.MKTP.CD?format=json&per_page=100,Anual,2013,2013-01-01,2013,258.51239629771396,US$ mil millones
pib_corriente_wdi,PIB corriente,Economía,Banco Mundial - World Development Indicators,https://api.worldbank.org/v2/country/VEN/indicator/NY.GDP.MKTP.CD?format=json&per_page=100,Anual,2014,2014-01-01,2014,214.83875502196398,US$ mil millones
pib_corriente_wdi,PIB corriente,Economía,Banco Mundial - World Development Indicators,https://api.worldbank.org/v2/country/VEN/indicator/NY.GDP.MKTP.CD?format=json&per_page=100,Anual,2015,2015-01-01,2015,125.249941853534,US$ mil millones
pib_corriente_wdi,PIB corriente,Economía,Banco Mundial - World Development Indicators,https://api.worldbank.org/v2/country/VEN/indicator/NY.GDP.MKTP.CD?format=json&per_page=100,Anual,2016,2016-01-01,2016,112.948035494959,US$ mil millones
pib_corriente_wdi,PIB corriente,Economía,Banco Mundial - World Development Indicators,https://api.worldbank.org/v2/country/VEN/indicator/NY.GDP.MKTP.CD?format=json&per_page=100,Anual,2017,2017-01-01,2017,115.892475742789,US$ mil millones
pib_corriente_wdi,PIB corriente,Economía,Banco Mundial - World Development Indicators,https://api.worldbank.org/v2/country/VEN/indicator/NY.GDP.MKTP.CD?format=json&per_page=100,Anual,2018,2018-01-01,2018,101.987075928918,US$ mil millones
pib_corriente_wdi,PIB corriente,Economía,Banco Mundial - World Development Indicators,https://api.worldbank.org/v2/country/VEN/indicator/NY.GDP.MKTP.CD?format=json&per_page=100,Anual,2019,2019-01-01,2019,73.01415710759399,US$ mil millones
pib_corriente_wdi,PIB corriente,Economía,Banco Mundial - World Development Indicators,https://api.worldbank.org/v2/country/VEN/indicator/NY.GDP.MKTP.CD?format=json&per_page=100,Anual,2020,2020-01-01,2020,42.8379659068675,US$ mil millones
pib_corriente_wdi,PIB corriente,Economía,Banco Mundial - World Development Indicators,https://api.worldbank.org/v2/country/VEN/indicator/NY.GDP.MKTP.CD?format=json&per_page=100,Anual,2021,2021-01-01,2021,56.6150262626535,US$ mil millones
pib_corriente_wdi,PIB corriente,Economía,Banco Mundial - World Development Indicators,https://api.worldbank.org/v2/country/VEN/indicator/NY.GDP.MKTP.CD?format=json&per_page=100,Anual,2022,2022-01-01,2022,89.01325102098309,US$ mil millones
pib_corriente_wdi,PIB corriente,Economía,Banco Mundial - World Development Indicators,https://api.worldbank.org/v2/country/VEN/indicator/NY.GDP.MKTP.CD?format=json&per_page=100,Anual,2023,2023-01-01,2023,102.377501185925,US$ mil millones
pib_corriente_wdi,PIB corriente,Economía,Banco Mundial - World Development Indicators,https://api.worldbank.org/v2/country/VEN/indicator/NY.GDP.MKTP.CD?format=json&per_page=100,Anual,2024,2024-01-01,2024,120.56611239706301,US$ mil millones
pib_corriente_wdi,PIB corriente,Economía,Banco Mundial - World Development Indicators,https://api.worldbank.org/v2/country/VEN/indicator/NY.GDP.MKTP.CD?format=json&per_page=100,Anual,2025,2025-01-01,2025,99.6612441556306,US$ mil millones
pib_per_capita_wdi,PIB per cápita,Economía,Banco Mundial - World Development Indicators,https://api.worldbank.org/v2/country/VEN/indicator/NY.GDP.PCAP.CD?format=json&per_page=100,Anual,1960,1960-01-01,1960,939.197766577539,US$
pib_per_capita_wdi,PIB per cápita,Economía,Banco Mundial - World Development Indicators,https://api.worldbank.org/v2/country/VEN/indicator/NY.GDP.PCAP.CD?format=json&per_page=100,Anual,1961,1961-01-01,1961,954.038330638213,US$
pib_per_capita_wdi,PIB per cápita,Economía,Banco Mundial - World Development Indicators,https://api.worldbank.org/v2/country/VEN/indicator/NY.GDP.PCAP.CD?format=json&per_page=100,Anual,1962,1962-01-01,1962,1006.55940812318,US$
pib_per_capita_wdi,PIB per cápita,Economía,Banco Mundial - World Development Indicators,https://api.worldbank.org/v2/country/VEN/indicator/NY.GDP.PCAP.CD?format=json&per_page=100,Anual,1963,1963-01-01,1963,1060.09433210388,US$
pib_per_capita_wdi,PIB per cápita,Economía,Banco Mundial - World Development Indicators,https://api.worldbank.org/v2/country/VEN/indicator/NY.GDP.PCAP.CD?format=json&per_page=100,Anual,1964,1964-01-01,1964,873.604754880876,US$
pib_per_capita_wdi,PIB per cápita,Economía,Banco Mundial - World Development Indicators,https://api.worldbank.org/v2/country/VEN/indicator/NY.GDP.PCAP.CD?format=json&per_page=100,Anual,1965,1965-01-01,1965,869.041067890496,US$
pib_per_capita_wdi,PIB per cápita,Economía,Banco Mundial - World Development Indicators,https://api.worldbank.org/v2/country/VEN/indicator/NY.GDP.PCAP.CD?format=json&per_page=100,Anual,1966,1966-01-01,1966,875.956231715029,US$
pib_per_capita_wdi,PIB per cápita,Economía,Banco Mundial - World Development Indicators,https://api.worldbank.org/v2/country/VEN/indicator/NY.GDP.PCAP.CD?format=json&per_page=100,Anual,1967,1967-01-01,1967,892.985315556393,US$
pib_per_capita_wdi,PIB per cápita,Economía,Banco Mundial - World Development Indicators,https://api.worldbank.org/v2/country/VEN/indicator/NY.GDP.PCAP.CD?format=json&per_page=100,Anual,1968,1968-01-01,1968,938.015078662499,US$
pib_per_capita_wdi,PIB per cápita,Economía,Banco Mundial - World Development Indicators,https://api.worldbank.org/v2/country/VEN/indicator/NY.GDP.PCAP.CD?format=json&per_page=100,Anual,1969,1969-01-01,1969,931.598755748143,US$
pib_per_capita_wdi,PIB per cápita,Economía,Banco Mundial - World Development Indicators,https://api.worldbank.org/v2/country/VEN/indicator/NY.GDP.PCAP.CD?format=json&per_page=100,Anual,1970,1970-01-01,1970,1015.21990755986,US$
pib_per_capita_wdi,PIB per cápita,Economía,Banco Mundial - World Development Indicators,https://api.worldbank.org/v2/country/VEN/indicator/NY.GDP.PCAP.CD?format=json&per_page=100,Anual,1971,1971-01-01,1971,1106.08824294225,US$
pib_per_capita_wdi,PIB per cápita,Economía,Banco Mundial - World Development Indicators,https://api.worldbank.org/v2/country/VEN/indicator/NY.GDP.PCAP.CD?format=json&per_page=100,Anual,1972,1972-01-01,1972,1155.26236263344,US$
pib_per_capita_wdi,PIB per cápita,Economía,Banco Mundial - World Development Indicators,https://api.worldbank.org/v2/country/VEN/indicator/NY.GDP.PCAP.CD?format=json&per_page=100,Anual,1973,1973-01-01,1973,1366.83361997071,US$
pib_per_capita_wdi,PIB per cápita,Economía,Banco Mundial - World Development Indicators,https://api.worldbank.org/v2/country/VEN/indicator/NY.GDP.PCAP.CD?format=json&per_page=100,Anual,1974,1974-01-01,1974,2033.51900797712,US$
pib_per_capita_wdi,PIB per cápita,Economía,Banco Mundial - World Development Indicators,https://api.worldbank.org/v2/country/VEN/indicator/NY.GDP.PCAP.CD?format=json&per_page=100,Anual,1975,1975-01-01,1975,2078.1534203511,US$
pib_per_capita_wdi,PIB per cápita,Economía,Banco Mundial - World Development Indicators,https://api.worldbank.org/v2/country/VEN/indicator/NY.GDP.PCAP.CD?format=json&per_page=100,Anual,1976,1976-01-01,1976,2309.19293494983,US$
pib_per_capita_wdi,PIB per cápita,Economía,Banco Mundial - World Development Indicators,https://api.worldbank.org/v2/country/VEN/indicator/NY.GDP.PCAP.CD?format=json&per_page=100,Anual,1977,1977-01-01,1977,2585.22051087846,US$
pib_per_capita_wdi,PIB per cápita,Economía,Banco Mundial - World Development Indicators,https://api.worldbank.org/v2/country/VEN/indicator/NY.GDP.PCAP.CD?format=json&per_page=100,Anual,1978,1978-01-01,1978,2727.13746585327,US$
pib_per_capita_wdi,PIB per cápita,Economía,Banco Mundial - World Development Indicators,https://api.worldbank.org/v2/country/VEN/indicator/NY.GDP.PCAP.CD?format=json&per_page=100,Anual,1979,1979-01-01,1979,3256.64908738452,US$
pib_per_capita_wdi,PIB per cápita,Economía,Banco Mundial - World Development Indicators,https://api.worldbank.org/v2/country/VEN/indicator/NY.GDP.PCAP.CD?format=json&per_page=100,Anual,1980,1980-01-01,1980,3874.40470623155,US$
pib_per_capita_wdi,PIB per cápita,Economía,Banco Mundial - World Development Indicators,https://api.worldbank.org/v2/country/VEN/indicator/NY.GDP.PCAP.CD?format=json&per_page=100,Anual,1981,1981-01-01,1981,4228.0988152685,US$
pib_per_capita_wdi,PIB per cápita,Economía,Banco Mundial - World Development Indicators,https://api.worldbank.org/v2/country/VEN/indicator/NY.GDP.PCAP.CD?format=json&per_page=100,Anual,1982,1982-01-01,1982,4201.54283466342,US$
pib_per_capita_wdi,PIB per cápita,Economía,Banco Mundial - World Development Indicators,https://api.worldbank.org/v2/country/VEN/indicator/NY.GDP.PCAP.CD?format=json&per_page=100,Anual,1983,1983-01-01,1983,4078.94233103427,US$
pib_per_capita_wdi,PIB per cápita,Economía,Banco Mundial - World Development Indicators,https://api.worldbank.org/v2/country/VEN/indicator/NY.GDP.PCAP.CD?format=json&per_page=100,Anual,1984,1984-01-01,1984,3519.80146489308,US$
pib_per_capita_wdi,PIB per cápita,Economía,Banco Mundial - World Development Indicators,https://api.worldbank.org/v2/country/VEN/indicator/NY.GDP.PCAP.CD?format=json&per_page=100,Anual,1985,1985-01-01,1985,3548.70434276284,US$
pib_per_capita_wdi,PIB per cápita,Economía,Banco Mundial - World Development Indicators,https://api.worldbank.org/v2/country/VEN/indicator/NY.GDP.PCAP.CD?format=json&per_page=100,Anual,1986,1986-01-01,1986,3376.34960597843,US$
pib_per_capita_wdi,PIB per cápita,Economía,Banco Mundial - World Development Indicators,https://api.worldbank.org/v2/country/VEN/indicator/NY.GDP.PCAP.CD?format=json&per_page=100,Anual,1987,1987-01-01,1987,2610.98837126004,US$
pib_per_capita_wdi,PIB per cápita,Economía,Banco Mundial - World Development Indicators,https://api.worldbank.org/v2/country/VEN/indicator/NY.GDP.PCAP.CD?format=json&per_page=100,Anual,1988,1988-01-01,1988,3191.47633742656,US$
pib_per_capita_wdi,PIB per cápita,Economía,Banco Mundial - World Development Indicators,https://api.worldbank.org/v2/country/VEN/indicator/NY.GDP.PCAP.CD?format=json&per_page=100,Anual,1989,1989-01-01,1989,2250.08459665588,US$
pib_per_capita_wdi,PIB per cápita,Economía,Banco Mundial - World Development Indicators,https://api.worldbank.org/v2/country/VEN/indicator/NY.GDP.PCAP.CD?format=json&per_page=100,Anual,1990,1990-01-01,1990,2451.5523114567,US$
pib_per_capita_wdi,PIB per cápita,Economía,Banco Mundial - World Development Indicators,https://api.worldbank.org/v2/country/VEN/indicator/NY.GDP.PCAP.CD?format=json&per_page=100,Anual,1991,1991-01-01,1991,2632.53969814106,US$
pib_per_capita_wdi,PIB per cápita,Economía,Banco Mundial - World Development Indicators,https://api.worldbank.org/v2/country/VEN/indicator/NY.GDP.PCAP.CD?format=json&per_page=100,Anual,1992,1992-01-01,1992,2907.30334439434,US$
pib_per_capita_wdi,PIB per cápita,Economía,Banco Mundial - World Development Indicators,https://api.worldbank.org/v2/country/VEN/indicator/NY.GDP.PCAP.CD?format=json&per_page=100,Anual,1993,1993-01-01,1993,2824.69144366441,US$
pib_per_capita_wdi,PIB per cápita,Economía,Banco Mundial - World Development Indicators,https://api.worldbank.org/v2/country/VEN/indicator/NY.GDP.PCAP.CD?format=json&per_page=100,Anual,1994,1994-01-01,1994,2688.98325145295,US$
pib_per_capita_wdi,PIB per cápita,Economía,Banco Mundial - World Development Indicators,https://api.worldbank.org/v2/country/VEN/indicator/NY.GDP.PCAP.CD?format=json&per_page=100,Anual,1995,1995-01-01,1995,3486.98350635919,US$
pib_per_capita_wdi,PIB per cápita,Economía,Banco Mundial - World Development Indicators,https://api.worldbank.org/v2/country/VEN/indicator/NY.GDP.PCAP.CD?format=json&per_page=100,Anual,1996,1996-01-01,1996,3112.825848106,US$
pib_per_capita_wdi,PIB per cápita,Economía,Banco Mundial - World Development Indicators,https://api.worldbank.org/v2/country/VEN/indicator/NY.GDP.PCAP.CD?format=json&per_page=100,Anual,1997,1997-01-01,1997,3710.82688355096,US$
pib_per_capita_wdi,PIB per cápita,Economía,Banco Mundial - World Development Indicators,https://api.worldbank.org/v2/country/VEN/indicator/NY.GDP.PCAP.CD?format=json&per_page=100,Anual,1998,1998-01-01,1998,3869.98258848894,US$
pib_per_capita_wdi,PIB per cápita,Economía,Banco Mundial - World Development Indicators,https://api.worldbank.org/v2/country/VEN/indicator/NY.GDP.PCAP.CD?format=json&per_page=100,Anual,1999,1999-01-01,1999,4070.90619189484,US$
pib_per_capita_wdi,PIB per cápita,Economía,Banco Mundial - World Development Indicators,https://api.worldbank.org/v2/country/VEN/indicator/NY.GDP.PCAP.CD?format=json&per_page=100,Anual,2000,2000-01-01,2000,4776.2816763938,US$
pib_per_capita_wdi,PIB per cápita,Economía,Banco Mundial - World Development Indicators,https://api.worldbank.org/v2/country/VEN/indicator/NY.GDP.PCAP.CD?format=json&per_page=100,Anual,2001,2001-01-01,2001,4920.39313600453,US$
pib_per_capita_wdi,PIB per cápita,Economía,Banco Mundial - World Development Indicators,https://api.worldbank.org/v2/country/VEN/indicator/NY.GDP.PCAP.CD?format=json&per_page=100,Anual,2002,2002-01-01,2002,3652.09896501865,US$
pib_per_capita_wdi,PIB per cápita,Economía,Banco Mundial - World Development Indicators,https://api.worldbank.org/v2/country/VEN/indicator/NY.GDP.PCAP.CD?format=json&per_page=100,Anual,2003,2003-01-01,2003,3229.50557082079,US$
pib_per_capita_wdi,PIB per cápita,Economía,Banco Mundial - World Development Indicators,https://api.worldbank.org/v2/country/VEN/indicator/NY.GDP.PCAP.CD?format=json&per_page=100,Anual,2004,2004-01-01,2004,4269.08970872392,US$
pib_per_capita_wdi,PIB per cápita,Economía,Banco Mundial - World Development Indicators,https://api.worldbank.org/v2/country/VEN/indicator/NY.GDP.PCAP.CD?format=json&per_page=100,Anual,2005,2005-01-01,2005,5432.4854184654,US$
pib_per_capita_wdi,PIB per cápita,Economía,Banco Mundial - World Development Indicators,https://api.worldbank.org/v2/country/VEN/indicator/NY.GDP.PCAP.CD?format=json&per_page=100,Anual,2006,2006-01-01,2006,6739.38065342218,US$
pib_per_capita_wdi,PIB per cápita,Economía,Banco Mundial - World Development Indicators,https://api.worldbank.org/v2/country/VEN/indicator/NY.GDP.PCAP.CD?format=json&per_page=100,Anual,2007,2007-01-01,2007,8331.62096991844,US$
pib_per_capita_wdi,PIB per cápita,Economía,Banco Mundial - World Development Indicators,https://api.worldbank.org/v2/country/VEN/indicator/NY.GDP.PCAP.CD?format=json&per_page=100,Anual,2008,2008-01-01,2008,11262.4514256759,US$
pib_per_capita_wdi,PIB per cápita,Economía,Banco Mundial - World Development Indicators,https://api.worldbank.org/v2/country/VEN/indicator/NY.GDP.PCAP.CD?format=json&per_page=100,Anual,2009,2009-01-01,2009,11596.6021921731,US$
pib_per_capita_wdi,PIB per cápita,Economía,Banco Mundial - World Development Indicators,https://api.worldbank.org/v2/country/VEN/indicator/NY.GDP.PCAP.CD?format=json&per_page=100,Anual,2010,2010-01-01,2010,13646.3046622664,US$
pib_per_capita_wdi,PIB per cápita,Economía,Banco Mundial - World Development Indicators,https://api.worldbank.org/v2/country/VEN/indicator/NY.GDP.PCAP.CD?format=json&per_page=100,Anual,2011,2011-01-01,2011,10843.9229703167,US$
pib_per_capita_wdi,PIB per cápita,Economía,Banco Mundial - World Development Indicators,https://api.worldbank.org/v2/country/VEN/indicator/NY.GDP.PCAP.CD?format=json&per_page=100,Anual,2012,2012-01-01,2012,12582.0125686037,US$
pib_per_capita_wdi,PIB per cápita,Economía,Banco Mundial - World Development Indicators,https://api.worldbank.org/v2/country/VEN/indicator/NY.GDP.PCAP.CD?format=json&per_page=100,Anual,2013,2013-01-01,2013,8642.37380007027,US$
pib_per_capita_wdi,PIB per cápita,Economía,Banco Mundial - World Development Indicators,https://api.worldbank.org/v2/country/VEN/indicator/NY.GDP.PCAP.CD?format=json&per_page=100,Anual,2014,2014-01-01,2014,7101.15006382986,US$
pib_per_capita_wdi,PIB per cápita,Economía,Banco Mundial - World Development Indicators,https://api.worldbank.org/v2/country/VEN/indicator/NY.GDP.PCAP.CD?format=json&per_page=100,Anual,2015,2015-01-01,2015,4096.61989137473,US$
pib_per_capita_wdi,PIB per cápita,Economía,Banco Mundial - World Development Indicators,https://api.worldbank.org/v2/country/VEN/indicator/NY.GDP.PCAP.CD?format=json&per_page=100,Anual,2016,2016-01-01,2016,3671.23004093383,US$
pib_per_capita_wdi,PIB per cápita,Economía,Banco Mundial - World Development Indicators,https://api.worldbank.org/v2/country/VEN/indicator/NY.GDP.PCAP.CD?format=json&per_page=100,Anual,2017,2017-01-01,2017,3791.63262049576,US$
pib_per_capita_wdi,PIB per cápita,Economía,Banco Mundial - World Development Indicators,https://api.worldbank.org/v2/country/VEN/indicator/NY.GDP.PCAP.CD?format=json&per_page=100,Anual,2018,2018-01-01,2018,3421.51341607593,US$
pib_per_capita_wdi,PIB per cápita,Economía,Banco Mundial - World Development Indicators,https://api.worldbank.org/v2/country/VEN/indicator/NY.GDP.PCAP.CD?format=json&per_page=100,Anual,2019,2019-01-01,2019,2523.11527549578,US$
pib_per_capita_wdi,PIB per cápita,Economía,Banco Mundial - World Development Indicators,https://api.worldbank.org/v2/country/VEN/indicator/NY.GDP.PCAP.CD?format=json&per_page=100,Anual,2020,2020-01-01,2020,1506.04169391285,US$
pib_per_capita_wdi,PIB per cápita,Economía,Banco Mundial - World Development Indicators,https://api.worldbank.org/v2/country/VEN/indicator/NY.GDP.PCAP.CD?format=json&per_page=100,Anual,2021,2021-01-01,2021,2004.93572921136,US$
pib_per_capita_wdi,PIB per cápita,Economía,Banco Mundial - World Development Indicators,https://api.worldbank.org/v2/country/VEN/indicator/NY.GDP.PCAP.CD?format=json&per_page=100,Anual,2022,2022-01-01,2022,3155.04190923584,US$
pib_per_capita_wdi,PIB per cápita,Economía,Banco Mundial - World Development Indicators,https://api.worldbank.org/v2/country/VEN/indicator/NY.GDP.PCAP.CD?format=json&per_page=100,Anual,2023,2023-01-01,2023,3617.47038396528,US$
pib_per_capita_wdi,PIB per cápita,Economía,Banco Mundial - World Development Indicators,https://api.worldbank.org/v2/country/VEN/indicator/NY.GDP.PCAP.CD?format=json&per_page=100,Anual,2024,2024-01-01,2024,4244.45723136019,US$
pib_per_capita_wdi,PIB per cápita,Economía,Banco Mundial - World Development Indicators,https://api.worldbank.org/v2/country/VEN/indicator/NY.GDP.PCAP.CD?format=json&per_page=100,Anual,2025,2025-01-01,2025,3494.8138870244,US$
pib_real_bcv,PIB real,Economía,Banco Central de Venezuela,https://www.bcv.org.ve/sites/default/files/cuentas_macroeconomicas/5_2_1_si_anual.xlsx,Anual,2008,2008-01-01,2008,3.276408308619679,% anual
pib_real_bcv,PIB real,Economía,Banco Central de Venezuela,https://www.bcv.org.ve/sites/default/files/cuentas_macroeconomicas/5_2_1_si_anual.xlsx,Anual,2009,2009-01-01,2009,-4.095858699654258,% anual
pib_real_bcv,PIB real,Economía,Banco Central de Venezuela,https://www.bcv.org.ve/sites/default/files/cuentas_macroeconomicas/5_2_1_si_anual.xlsx,Anual,2010,2010-01-01,2010,-0.6620080132279327,% anual
pib_real_bcv,PIB real,Economía,Banco Central de Venezuela,https://www.bcv.org.ve/sites/default/files/cuentas_macroeconomicas/5_2_1_si_anual.xlsx,Anual,2011,2011-01-01,2011,2.7289428836952254,% anual
pib_real_bcv,PIB real,Economía,Banco Central de Venezuela,https://www.bcv.org.ve/sites/default/files/cuentas_macroeconomicas/5_2_1_si_anual.xlsx,Anual,2012,2012-01-01,2012,4.2433000303055906,% anual
pib_real_bcv,PIB real,Economía,Banco Central de Venezuela,https://www.bcv.org.ve/sites/default/files/cuentas_macroeconomicas/5_2_1_si_anual.xlsx,Anual,2013,2013-01-01,2013,0.07771331367443679,% anual
pib_real_bcv,PIB real,Economía,Banco Central de Venezuela,https://www.bcv.org.ve/sites/default/files/cuentas_macroeconomicas/5_2_1_si_anual.xlsx,Anual,2014,2014-01-01,2014,-2.3058071825233384,% anual
pib_real_bcv,PIB real,Economía,Banco Central de Venezuela,https://www.bcv.org.ve/sites/default/files/cuentas_macroeconomicas/5_2_1_si_anual.xlsx,Anual,2015,2015-01-01,2015,-3.868720967947553,% anual
pib_real_bcv,PIB real,Economía,Banco Central de Venezuela,https://www.bcv.org.ve/sites/default/files/cuentas_macroeconomicas/5_2_1_si_anual.xlsx,Anual,2016,2016-01-01,2016,-16.97801742690727,% anual
pib_real_bcv,PIB real,Economía,Banco Central de Venezuela,https://www.bcv.org.ve/sites/default/files/cuentas_macroeconomicas/5_2_1_si_anual.xlsx,Anual,2017,2017-01-01,2017,-14.420107217382423,% anual
pib_real_bcv,PIB real,Economía,Banco Central de Venezuela,https://www.bcv.org.ve/sites/default/files/cuentas_macroeconomicas/5_2_1_si_anual.xlsx,Anual,2018,2018-01-01,2018,-21.39586857963141,% anual
pib_real_bcv,PIB real,Economía,Banco Central de Venezuela,https://www.bcv.org.ve/sites/default/files/cuentas_macroeconomicas/5_2_1_si_anual.xlsx,Anual,2019,2019-01-01,2019,-28.991458295234224,% anual
pib_real_bcv,PIB real,Economía,Banco Central de Venezuela,https://www.bcv.org.ve/sites/default/files/cuentas_macroeconomicas/5_2_1_si_anual.xlsx,Anual,2020,2020-01-01,2020,-33.20381272402878,% anual
pib_real_bcv,PIB real,Economía,Banco Central de Venezuela,https://www.bcv.org.ve/sites/default/files/cuentas_macroeconomicas/5_2_1_si_anual.xlsx,Anual,2021,2021-01-01,2021,1.1110162502640435,% anual
pib_real_bcv,PIB real,Economía,Banco Central de Venezuela,https://www.bcv.org.ve/sites/default/files/cuentas_macroeconomicas/5_2_1_si_anual.xlsx,Anual,2022,2022-01-01,2022,14.917680227650166,% anual
pib_real_bcv,PIB real,Economía,Banco Central de Venezuela,https://www.bcv.org.ve/sites/default/files/cuentas_macroeconomicas/5_2_1_si_anual.xlsx,Anual,2023,2023-01-01,2023,5.143618581513593,% anual
pib_real_bcv,PIB real,Economía,Banco Central de Venezuela,https://www.bcv.org.ve/sites/default/files/cuentas_macroeconomicas/5_2_1_si_anual.xlsx,Anual,2024,2024-01-01,2024,9.025539143402,% anual
pib_real_bcv,PIB real,Economía,Banco Central de Venezuela,https://www.bcv.org.ve/sites/default/files/cuentas_macroeconomicas/5_2_1_si_anual.xlsx,Anual,2025,2025-01-01,2025,8.944487326024571,% anual
tipo_cambio_bcv_usd,Tipo de cambio BCV,Economía,Banco Central de Venezuela,https://www.bcv.org.ve/sites/default/files/indicadores_sector_externo/2_1_1_tdc.xlsx,Diaria,2016-01-04,2016-01-04,2016,6.3,Bs/USD
tipo_cambio_bcv_usd,Tipo de cambio BCV,Economía,Banco Central de Venezuela,https://www.bcv.org.ve/sites/default/files/indicadores_sector_externo/2_1_1_tdc.xlsx,Diaria,2016-01-05,2016-01-05,2016,6.3,Bs/USD
tipo_cambio_bcv_usd,Tipo de cambio BCV,Economía,Banco Central de Venezuela,https://www.bcv.org.ve/sites/default/files/indicadores_sector_externo/2_1_1_tdc.xlsx,Diaria,2016-01-06,2016-01-06,2016,6.3,Bs/USD
tipo_cambio_bcv_usd,Tipo de cambio BCV,Economía,Banco Central de Venezuela,https://www.bcv.org.ve/sites/default/files/indicadores_sector_externo/2_1_1_tdc.xlsx,Diaria,2016-01-07,2016-01-07,2016,6.3,Bs/USD
tipo_cambio_bcv_usd,Tipo de cambio BCV,Economía,Banco Central de Venezuela,https://www.bcv.org.ve/sites/default/files/indicadores_sector_externo/2_1_1_tdc.xlsx,Diaria,2016-01-08,2016-01-08,2016,6.3,Bs/USD
tipo_cambio_bcv_usd,Tipo de cambio BCV,Economía,Banco Central de Venezuela,https://www.bcv.org.ve/sites/default/files/indicadores_sector_externo/2_1_1_tdc.xlsx,Diaria,2016-01-12,2016-01-12,2016,6.3,Bs/USD
tipo_cambio_bcv_usd,Tipo de cambio BCV,Economía,Banco Central de Venezuela,https://www.bcv.org.ve/sites/default/files/indicadores_sector_externo/2_1_1_tdc.xlsx,Diaria,2016-01-13,2016-01-13,2016,6.3,Bs/USD
tipo_cambio_bcv_usd,Tipo de cambio BCV,Economía,Banco Central de Venezuela,https://www.bcv.org.ve/sites/default/files/indicadores_sector_externo/2_1_1_tdc.xlsx,Diaria,2016-01-14,2016-01-14,2016,6.3,Bs/USD
tipo_cambio_bcv_usd,Tipo de cambio BCV,Economía,Banco Central de Venezuela,https://www.bcv.org.ve/sites/default/files/indicadores_sector_externo/2_1_1_tdc.xlsx,Diaria,2016-01-15,2016-01-15,2016,6.3,Bs/USD
tipo_cambio_bcv_usd,Tipo de cambio BCV,Economía,Banco Central de Venezuela,https://www.bcv.org.ve/sites/default/files/indicadores_sector_externo/2_1_1_tdc.xlsx,Diaria,2016-01-18,2016-01-18,2016,6.3,Bs/USD
tipo_cambio_bcv_usd,Tipo de cambio BCV,Economía,Banco Central de Venezuela,https://www.bcv.org.ve/sites/default/files/indicadores_sector_externo/2_1_1_tdc.xlsx,Diaria,2016-01-19,2016-01-19,2016,6.3,Bs/USD
tipo_cambio_bcv_usd,Tipo de cambio BCV,Economía,Banco Central de Venezuela,https://www.bcv.org.ve/sites/default/files/indicadores_sector_externo/2_1_1_tdc.xlsx,Diaria,2016-01-20,2016-01-20,2016,6.3,Bs/USD
tipo_cambio_bcv_usd,Tipo de cambio BCV,Economía,Banco Central de Venezuela,https://www.bcv.org.ve/sites/default/files/indicadores_sector_externo/2_1_1_tdc.xlsx,Diaria,2016-01-21,2016-01-21,2016,6.3,Bs/USD
tipo_cambio_bcv_usd,Tipo de cambio BCV,Economía,Banco Central de Venezuela,https://www.bcv.org.ve/sites/default/files/indicadores_sector_externo/2_1_1_tdc.xlsx,Diaria,2016-01-22,2016-01-22,2016,6.3,Bs/USD
tipo_cambio_bcv_usd,Tipo de cambio BCV,Economía,Banco Central de Venezuela,https://www.bcv.org.ve/sites/default/files/indicadores_sector_externo/2_1_1_tdc.xlsx,Diaria,2016-01-25,2016-01-25,2016,6.3,Bs/USD
tipo_cambio_bcv_usd,Tipo de cambio BCV,Economía,Banco Central de Venezuela,https://www.bcv.org.ve/sites/default/files/indicadores_sector_externo/2_1_1_tdc.xlsx,Diaria,2016-01-26,2016-01-26,2016,6.3,Bs/USD
tipo_cambio_bcv_usd,Tipo de cambio BCV,Economía,Banco Central de Venezuela,https://www.bcv.org.ve/sites/default/files/indicadores_sector_externo/2_1_1_tdc.xlsx,Diaria,2016-01-27,2016-01-27,2016,6.3,Bs/USD
tipo_cambio_bcv_usd,Tipo de cambio BCV,Economía,Banco Central de Venezuela,https://www.bcv.org.ve/sites/default/files/indicadores_sector_externo/2_1_1_tdc.xlsx,Diaria,2016-01-28,2016-01-28,2016,6.3,Bs/USD
tipo_cambio_bcv_usd,Tipo de cambio BCV,Economía,Banco Central de Venezuela,https://www.bcv.org.ve/sites/default/files/indicadores_sector_externo/2_1_1_tdc.xlsx,Diaria,2016-01-29,2016-01-29,2016,6.3,Bs/USD
tipo_cambio_bcv_usd,Tipo de cambio BCV,Economía,Banco Central de Venezuela,https://www.bcv.org.ve/sites/default/files/indicadores_sector_externo/2_1_1_tdc.xlsx,Diaria,2016-02-01,2016-02-01,2016,6.3,Bs/USD
tipo_cambio_bcv_usd,Tipo de cambio BCV,Economía,Banco Central de Venezuela,https://www.bcv.org.ve/sites/default/files/indicadores_sector_externo/2_1_1_tdc.xlsx,Diaria,2016-02-02,2016-02-02,2016,6.3,Bs/USD
tipo_cambio_bcv_usd,Tipo de cambio BCV,Economía,Banco Central de Venezuela,https://www.bcv.org.ve/sites/default/files/indicadores_sector_externo/2_1_1_tdc.xlsx,Diaria,2016-02-03,2016-02-03,2016,6.3,Bs/USD
tipo_cambio_bcv_usd,Tipo de cambio BCV,Economía,Banco Central de Venezuela,https://www.bcv.org.ve/sites/default/files/indicadores_sector_externo/2_1_1_tdc.xlsx,Diaria,2016-02-04,2016-02-04,2016,6.3,Bs/USD
tipo_cambio_bcv_usd,Tipo de cambio BCV,Economía,Banco Central de Venezuela,https://www.bcv.org.ve/sites/default/files/indicadores_sector_externo/2_1_1_tdc.xlsx,Diaria,2016-02-05,2016-02-05,2016,6.3,Bs/USD
tipo_cambio_bcv_usd,Tipo de cambio BCV,Economía,Banco Central de Venezuela,https://www.bcv.org.ve/sites/default/files/indicadores_sector_externo/2_1_1_tdc.xlsx,Diaria,2016-02-10,2016-02-10,2016,6.3,Bs/USD
tipo_cambio_bcv_usd,Tipo de cambio BCV,Economía,Banco Central de Venezuela,https://www.bcv.org.ve/sites/default/files/indicadores_sector_externo/2_1_1_tdc.xlsx,Diaria,2016-02-11,2016-02-11,2016,6.3,Bs/USD
tipo_cambio_bcv_usd,Tipo de cambio BCV,Economía,Banco Central de Venezuela,https://www.bcv.org.ve/sites/default/files/indicadores_sector_externo/2_1_1_tdc.xlsx,Diaria,2016-02-12,2016-02-12,2016,6.3,Bs/USD
tipo_cambio_bcv_usd,Tipo de cambio BCV,Economía,Banco Central de Venezuela,https://www.bcv.org.ve/sites/default/files/indicadores_sector_externo/2_1_1_tdc.xlsx,Diaria,2016-02-15,2016-02-15,2016,6.3,Bs/USD
tipo_cambio_bcv_usd,Tipo de cambio BCV,Economía,Banco Central de Venezuela,https://www.bcv.org.ve/sites/default/files/indicadores_sector_externo/2_1_1_tdc.xlsx,Diaria,2016-02-16,2016-02-16,2016,6.3,Bs/USD
tipo_cambio_bcv_usd,Tipo de cambio BCV,Economía,Banco Central de Venezuela,https://www.bcv.org.ve/sites/default/files/indicadores_sector_externo/2_1_1_tdc.xlsx,Diaria,2016-02-17,2016-02-17,2016,6.3,Bs/USD
tipo_cambio_bcv_usd,Tipo de cambio BCV,Economía,Banco Central de Venezuela,https://www.bcv.org.ve/sites/default/files/indicadores_sector_externo/2_1_1_tdc.xlsx,Diaria,2016-02-18,2016-02-18,2016,6.3,Bs/USD
tipo_cambio_bcv_usd,Tipo de cambio BCV,Economía,Banco Central de Venezuela,https://www.bcv.org.ve/sites/default/files/indicadores_sector_externo/2_1_1_tdc.xlsx,Diaria,2016-02-19,2016-02-19,2016,6.3,Bs/USD
tipo_cambio_bcv_usd,Tipo de cambio BCV,Economía,Banco Central de Venezuela,https://www.bcv.org.ve/sites/default/files/indicadores_sector_externo/2_1_1_tdc.xlsx,Diaria,2016-02-22,2016-02-22,2016,6.3,Bs/USD
tipo_cambio_bcv_usd,Tipo de cambio BCV,Economía,Banco Central de Venezuela,https://www.bcv.org.ve/sites/default/files/indicadores_sector_externo/2_1_1_tdc.xlsx,Diaria,2016-02-23,2016-02-23,2016,6.3,Bs/USD
tipo_cambio_bcv_usd,Tipo de cambio BCV,Economía,Banco Central de Venezuela,https://www.bcv.org.ve/sites/default/files/indicadores_sector_externo/2_1_1_tdc.xlsx,Diaria,2016-02-24,2016-02-24,2016,6.3,Bs/USD
tipo_cambio_bcv_usd,Tipo de cambio BCV,Economía,Banco Central de Venezuela,https://www.bcv.org.ve/sites/default/files/indicadores_sector_externo/2_1_1_tdc.xlsx,Diaria,2016-02-25,2016-02-25,2016,6.3,Bs/USD
tipo_cambio_bcv_usd,Tipo de cambio BCV,Economía,Banco Central de Venezuela,https://www.bcv.org.ve/sites/default/files/indicadores_sector_externo/2_1_1_tdc.xlsx,Diaria,2016-02-26,2016-02-26,2016,6.3,Bs/USD
tipo_cambio_bcv_usd,Tipo de cambio BCV,Economía,Banco Central de Venezuela,https://www.bcv.org.ve/sites/default/files/indicadores_sector_externo/2_1_1_tdc.xlsx,Diaria,2016-02-29,2016-02-29,2016,6.3,Bs/USD
tipo_cambio_bcv_usd,Tipo de cambio BCV,Economía,Banco Central de Venezuela,https://www.bcv.org.ve/sites/default/files/indicadores_sector_externo/2_1_1_tdc.xlsx,Diaria,2016-03-01,2016-03-01,2016,6.3,Bs/USD
tipo_cambio_bcv_usd,Tipo de cambio BCV,Economía,Banco Central de Venezuela,https://www.bcv.org.ve/sites/default/files/indicadores_sector_externo/2_1_1_tdc.xlsx,Diaria,2016-03-02,2016-03-02,2016,6.3,Bs/USD
tipo_cambio_bcv_usd,Tipo de cambio BCV,Economía,Banco Central de Venezuela,https://www.bcv.org.ve/sites/default/files/indicadores_sector_externo/2_1_1_tdc.xlsx,Diaria,2016-03-03,2016-03-03,2016,6.3,Bs/USD
tipo_cambio_bcv_usd,Tipo de cambio BCV,Economía,Banco Central de Venezuela,https://www.bcv.org.ve/sites/default/files/indicadores_sector_externo/2_1_1_tdc.xlsx,Diaria,2016-03-04,2016-03-04,2016,6.3,Bs/USD
tipo_cambio_bcv_usd,Tipo de cambio BCV,Economía,Banco Central de Venezuela,https://www.bcv.org.ve/sites/default/files/indicadores_sector_externo/2_1_1_tdc.xlsx,Diaria,2016-03-07,2016-03-07,2016,6.3,Bs/USD
tipo_cambio_bcv_usd,Tipo de cambio BCV,Economía,Banco Central de Venezuela,https://www.bcv.org.ve/sites/default/files/indicadores_sector_externo/2_1_1_tdc.xlsx,Diaria,2016-03-08,2016-03-08,2016,6.3,Bs/USD
tipo_cambio_bcv_usd,Tipo de cambio BCV,Economía,Banco Central de Venezuela,https://www.bcv.org.ve/sites/default/files/indicadores_sector_externo/2_1_1_tdc.xlsx,Diaria,2016-03-09,2016-03-09,2016,6.3,Bs/USD
tipo_cambio_bcv_usd,Tipo de cambio BCV,Economía,Banco Central de Venezuela,https://www.bcv.org.ve/sites/default/files/indicadores_sector_externo/2_1_1_tdc.xlsx,Diaria,2016-03-10,2016-03-10,2016,10.0,Bs/USD
tipo_cambio_bcv_usd,Tipo de cambio BCV,Economía,Banco Central de Venezuela,https://www.bcv.org.ve/sites/default/files/indicadores_sector_externo/2_1_1_tdc.xlsx,Diaria,2016-03-11,2016-03-11,2016,10.0,Bs/USD
tipo_cambio_bcv_usd,Tipo de cambio BCV,Economía,Banco Central de Venezuela,https://www.bcv.org.ve/sites/default/files/indicadores_sector_externo/2_1_1_tdc.xlsx,Diaria,2016-03-14,2016-03-14,2016,10.0,Bs/USD
tipo_cambio_bcv_usd,Tipo de cambio BCV,Economía,Banco Central de Venezuela,https://www.bcv.org.ve/sites/default/files/indicadores_sector_externo/2_1_1_tdc.xlsx,Diaria,2016-03-15,2016-03-15,2016,10.0,Bs/USD
tipo_cambio_bcv_usd,Tipo de cambio BCV,Economía,Banco Central de Venezuela,https://www.bcv.org.ve/sites/default/files/indicadores_sector_externo/2_1_1_tdc.xlsx,Diaria,2016-03-16,2016-03-16,2016,10.0,Bs/USD
tipo_cambio_bcv_usd,Tipo de cambio BCV,Economía,Banco Central de Venezuela,https://www.bcv.org.ve/sites/default/files/indicadores_sector_externo/2_1_1_tdc.xlsx,Diaria,2016-03-17,2016-03-17,2016,10.0,Bs/USD
tipo_cambio_bcv_usd,Tipo de cambio BCV,Economía,Banco Central de Venezuela,https://www.bcv.org.ve/sites/default/files/indicadores_sector_externo/2_1_1_tdc.xlsx,Diaria,2016-03-18,2016-03-18,2016,10.0,Bs/USD
tipo_cambio_bcv_usd,Tipo de cambio BCV,Economía,Banco Central de Venezuela,https://www.bcv.org.ve/sites/default/files/indicadores_sector_externo/2_1_1_tdc.xlsx,Diaria,2016-03-21,2016-03-21,2016,10.0,Bs/USD
tipo_cambio_bcv_usd,Tipo de cambio BCV,Economía,Banco Central de Venezuela,https://www.bcv.org.ve/sites/default/files/indicadores_sector_externo/2_1_1_tdc.xlsx,Diaria,2016-03-22,2016-03-22,2016,10.0,Bs/USD
tipo_cambio_bcv_usd,Tipo de cambio BCV,Economía,Banco Central de Venezuela,https://www.bcv.org.ve/sites/default/files/indicadores_sector_externo/2_1_1_tdc.xlsx,Diaria,2016-03-23,2016-03-23,2016,10.0,Bs/USD
tipo_cambio_bcv_usd,Tipo de cambio BCV,Economía,Banco Central de Venezuela,https://www.bcv.org.ve/sites/default/files/indicadores_sector_externo/2_1_1_tdc.xlsx,Diaria,2016-03-28,2016-03-28,2016,10.0,Bs/USD
tipo_cambio_bcv_usd,Tipo de cambio BCV,Economía,Banco Central de Venezuela,https://www.bcv.org.ve/sites/default/files/indicadores_sector_externo/2_1_1_tdc.xlsx,Diaria,2016-03-29,2016-03-29,2016,10.0,Bs/USD
tipo_cambio_bcv_usd,Tipo de cambio BCV,Economía,Banco Central de Venezuela,https://www.bcv.org.ve/sites/default/files/indicadores_sector_externo/2_1_1_tdc.xlsx,Diaria,2016-03-30,2016-03-30,2016,10.0,Bs/USD
tipo_cambio_bcv_usd,Tipo de cambio BCV,Economía,Banco Central de Venezuela,https://www.bcv.org.ve/sites/default/files/indicadores_sector_externo/2_1_1_tdc.xlsx,Diaria,2016-03-31,2016-03-31,2016,10.0,Bs/USD
tipo_cambio_bcv_usd,Tipo de cambio BCV,Economía,Banco Central de Venezuela,https://www.bcv.org.ve/sites/default/files/indicadores_sector_externo/2_1_1_tdc.xlsx,Diaria,2016-04-01,2016-04-01,2016,10.0,Bs/USD
tipo_cambio_bcv_usd,Tipo de cambio BCV,Economía,Banco Central de Venezuela,https://www.bcv.org.ve/sites/default/files/indicadores_sector_externo/2_1_1_tdc.xlsx,Diaria,2016-04-04,2016-04-04,2016,10.0,Bs/USD
tipo_cambio_bcv_usd,Tipo de cambio BCV,Economía,Banco Central de Venezuela,https://www.bcv.org.ve/sites/default/files/indicadores_sector_externo/2_1_1_tdc.xlsx,Diaria,2016-04-05,2016-04-05,2016,10.0,Bs/USD
tipo_cambio_bcv_usd,Tipo de cambio BCV,Economía,Banco Central de Venezuela,https://www.bcv.org.ve/sites/default/files/indicadores_sector_externo/2_1_1_tdc.xlsx,Diaria,2016-04-06,2016-04-06,2016,10.0,Bs/USD
tipo_cambio_bcv_usd,Tipo de cambio BCV,Economía,Banco Central de Venezuela,https://www.bcv.org.ve/sites/default/files/indicadores_sector_externo/2_1_1_tdc.xlsx,Diaria,2016-04-07,2016-04-07,2016,10.0,Bs/USD
tipo_cambio_bcv_usd,Tipo de cambio BCV,Economía,Banco Central de Venezuela,https://www.bcv.org.ve/sites/default/files/indicadores_sector_externo/2_1_1_tdc.xlsx,Diaria,2016-04-08,2016-04-08,2016,10.0,Bs/USD
tipo_cambio_bcv_usd,Tipo de cambio BCV,Economía,Banco Central de Venezuela,https://www.bcv.org.ve/sites/default/files/indicadores_sector_externo/2_1_1_tdc.xlsx,Diaria,2016-04-11,2016-04-11,2016,10.0,Bs/USD
tipo_cambio_bcv_usd,Tipo de cambio BCV,Economía,Banco Central de Venezuela,https://www.bcv.org.ve/sites/default/files/indicadores_sector_externo/2_1_1_tdc.xlsx,Diaria,2016-04-12,2016-04-12,2016,10.0,Bs/USD
tipo_cambio_bcv_usd,Tipo de cambio BCV,Economía,Banco Central de Venezuela,https://www.bcv.org.ve/sites/default/files/indicadores_sector_externo/2_1_1_tdc.xlsx,Diaria,2016-04-13,2016-04-13,2016,10.0,Bs/USD
tipo_cambio_bcv_usd,Tipo de cambio BCV,Economía,Banco Central de Venezuela,https://www.bcv.org.ve/sites/default/files/indicadores_sector_externo/2_1_1_tdc.xlsx,Diaria,2016-04-14,2016-04-14,2016,10.0,Bs/USD
tipo_cambio_bcv_usd,Tipo de cambio BCV,Economía,Banco Central de Venezuela,https://www.bcv.org.ve/sites/default/files/indicadores_sector_externo/2_1_1_tdc.xlsx,Diaria,2016-04-15,2016-04-15,2016,10.0,Bs/USD
tipo_cambio_bcv_usd,Tipo de cambio BCV,Economía,Banco Central de Venezuela,https://www.bcv.org.ve/sites/default/files/indicadores_sector_externo/2_1_1_tdc.xlsx,Diaria,2016-04-18,2016-04-18,2016,10.0,Bs/USD
tipo_cambio_bcv_usd,Tipo de cambio BCV,Economía,Banco Central de Venezuela,https://www.bcv.org.ve/sites/default/files/indicadores_sector_externo/2_1_1_tdc.xlsx,Diaria,2016-04-20,2016-04-20,2016,10.0,Bs/USD
tipo_cambio_bcv_usd,Tipo de cambio BCV,Economía,Banco Central de Venezuela,https://www.bcv.org.ve/sites/default/files/indicadores_sector_externo/2_1_1_tdc.xlsx,Diaria,2016-04-21,2016-04-21,2016,10.0,Bs/USD
tipo_cambio_bcv_usd,Tipo de cambio BCV,Economía,Banco Central de Venezuela,https://www.bcv.org.ve/sites/default/files/indicadores_sector_externo/2_1_1_tdc.xlsx,Diaria,2016-04-22,2016-04-22,2016,10.0,Bs/USD
tipo_cambio_bcv_usd,Tipo de cambio BCV,Economía,Banco Central de Venezuela,https://www.bcv.org.ve/sites/default/files/indicadores_sector_externo/2_1_1_tdc.xlsx,Diaria,2016-04-25,2016-04-25,2016,10.0,Bs/USD
tipo_cambio_bcv_usd,Tipo de cambio BCV,Economía,Banco Central de Venezuela,https://www.bcv.org.ve/sites/default/files/indicadores_sector_externo/2_1_1_tdc.xlsx,Diaria,2016-04-26,2016-04-26,2016,10.0,Bs/USD
tipo_cambio_bcv_usd,Tipo de cambio BCV,Economía,Banco Central de Venezuela,https://www.bcv.org.ve/sites/default/files/indicadores_sector_externo/2_1_1_tdc.xlsx,Diaria,2016-04-27,2016-04-27,2016,10.0,Bs/USD
tipo_cambio_bcv_usd,Tipo de cambio BCV,Economía,Banco Central de Venezuela,https://www.bcv.org.ve/sites/default/files/indicadores_sector_externo/2_1_1_tdc.xlsx,Diaria,2016-04-28,2016-04-28,2016,10.0,Bs/USD
tipo_cambio_bcv_usd,Tipo de cambio BCV,Economía,Banco Central de Venezuela,https://www.bcv.org.ve/sites/default/files/indicadores_sector_externo/2_1_1_tdc.xlsx,Diaria,2016-04-29,2016-04-29,2016,10.0,Bs/USD
tipo_cambio_bcv_usd,Tipo de cambio BCV,Economía,Banco Central de Venezuela,https://www.bcv.org.ve/sites/default/files/indicadores_sector_externo/2_1_1_tdc.xlsx,Diaria,2016-05-02,2016-05-02,2016,10.0,Bs/USD
tipo_cambio_bcv_usd,Tipo de cambio BCV,Economía,Banco Central de Venezuela,https://www.bcv.org.ve/sites/default/files/indicadores_sector_externo/2_1_1_tdc.xlsx,Diaria,2016-05-03,2016-05-03,2016,10.0,Bs/USD
tipo_cambio_bcv_usd,Tipo de cambio BCV,Economía,Banco Central de Venezuela,https://www.bcv.org.ve/sites/default/files/indicadores_sector_externo/2_1_1_tdc.xlsx,Diaria,2016-05-04,2016-05-04,2016,10.0,Bs/USD
tipo_cambio_bcv_usd,Tipo de cambio BCV,Economía,Banco Central de Venezuela,https://www.bcv.org.ve/sites/default/files/indicadores_sector_externo/2_1_1_tdc.xlsx,Diaria,2016-05-05,2016-05-05,2016,10.0,Bs/USD
tipo_cambio_bcv_usd,Tipo de cambio BCV,Economía,Banco Central de Venezuela,https://www.bcv.org.ve/sites/default/files/indicadores_sector_externo/2_1_1_tdc.xlsx,Diaria,2016-05-06,2016-05-06,2016,10.0,Bs/USD
tipo_cambio_bcv_usd,Tipo de cambio BCV,Economía,Banco Central de Venezuela,https://www.bcv.org.ve/sites/default/files/indicadores_sector_externo/2_1_1_tdc.xlsx,Diaria,2016-05-10,2016-05-10,2016,10.0,Bs/USD
tipo_cambio_bcv_usd,Tipo de cambio BCV,Economía,Banco Central de Venezuela,https://www.bcv.org.ve/sites/default/files/indicadores_sector_externo/2_1_1_tdc.xlsx,Diaria,2016-05-11,2016-05-11,2016,10.0,Bs/USD
tipo_cambio_bcv_usd,Tipo de cambio BCV,Economía,Banco Central de Venezuela,https://www.bcv.org.ve/sites/default/files/indicadores_sector_externo/2_1_1_tdc.xlsx,Diaria,2016-05-12,2016-05-12,2016,10.0,Bs/USD
tipo_cambio_bcv_usd,Tipo de cambio BCV,Economía,Banco Central de Venezuela,https://www.bcv.org.ve/sites/default/files/indicadores_sector_externo/2_1_1_tdc.xlsx,Diaria,2016-05-13,2016-05-13,2016,10.0,Bs/USD
tipo_cambio_bcv_usd,Tipo de cambio BCV,Economía,Banco Central de Venezuela,https://www.bcv.org.ve/sites/default/files/indicadores_sector_externo/2_1_1_tdc.xlsx,Diaria,2016-05-16,2016-05-16,2016,10.0,Bs/USD
tipo_cambio_bcv_usd,Tipo de cambio BCV,Economía,Banco Central de Venezuela,https://www.bcv.org.ve/sites/default/files/indicadores_sector_externo/2_1_1_tdc.xlsx,Diaria,2016-05-17,2016-05-17,2016,10.0,Bs/USD
tipo_cambio_bcv_usd,Tipo de cambio BCV,Economía,Banco Central de Venezuela,https://www.bcv.org.ve/sites/default/files/indicadores_sector_externo/2_1_1_tdc.xlsx,Diaria,2016-05-18,2016-05-18,2016,10.0,Bs/USD
tipo_cambio_bcv_usd,Tipo de cambio BCV,Economía,Banco Central de Venezuela,https://www.bcv.org.ve/sites/default/files/indicadores_sector_externo/2_1_1_tdc.xlsx,Diaria,2016-05-19,2016-05-19,2016,10.0,Bs/USD
tipo_cambio_bcv_usd,Tipo de cambio BCV,Economía,Banco Central de Venezuela,https://www.bcv.org.ve/sites/default/files/indicadores_sector_externo/2_1_1_tdc.xlsx,Diaria,2016-05-20,2016-05-20,2016,10.0,Bs/USD
tipo_cambio_bcv_usd,Tipo de cambio BCV,Economía,Banco Central de Venezuela,https://www.bcv.org.ve/sites/default/files/indicadores_sector_externo/2_1_1_tdc.xlsx,Diaria,2016-05-23,2016-05-23,2016,10.0,Bs/USD
tipo_cambio_bcv_usd,Tipo de cambio BCV,Economía,Banco Central de Venezuela,https://www.bcv.org.ve/sites/default/files/indicadores_sector_externo/2_1_1_tdc.xlsx,Diaria,2016-05-24,2016-05-24,2016,10.0,Bs/USD
tipo_cambio_bcv_usd,Tipo de cambio BCV,Economía,Banco Central de Venezuela,https://www.bcv.org.ve/sites/default/files/indicadores_sector_externo/2_1_1_tdc.xlsx,Diaria,2016-05-25,2016-05-25,2016,10.0,Bs/USD
tipo_cambio_bcv_usd,Tipo de cambio BCV,Economía,Banco Central de Venezuela,https://www.bcv.org.ve/sites/default/files/indicadores_sector_externo/2_1_1_tdc.xlsx,Diaria,2016-05-26,2016-05-26,2016,10.0,Bs/USD
tipo_cambio_bcv_usd,Tipo de cambio BCV,Economía,Banco Central de Venezuela,https://www.bcv.org.ve/sites/default/files/indicadores_sector_externo/2_1_1_tdc.xlsx,Diaria,2016-05-27,2016-05-27,2016,10.0,Bs/USD
tipo_cambio_bcv_usd,Tipo de cambio BCV,Economía,Banco Central de Venezuela,https://www.bcv.org.ve/sites/default/files/indicadores_sector_externo/2_1_1_tdc.xlsx,Diaria,2016-05-31,2016-05-31,2016,10.0,Bs/USD
tipo_cambio_bcv_usd,Tipo de cambio BCV,Economía,Banco Central de Venezuela,https://www.bcv.org.ve/sites/default/files/indicadores_sector_externo/2_1_1_tdc.xlsx,Diaria,2016-06-01,2016-06-01,2016,10.0,Bs/USD
tipo_cambio_bcv_usd,Tipo de cambio BCV,Economía,Banco Central de Venezuela,https://www.bcv.org.ve/sites/default/files/indicadores_sector_externo/2_1_1_tdc.xlsx,Diaria,2016-06-02,2016-06-02,2016,10.0,Bs/USD
tipo_cambio_bcv_usd,Tipo de cambio BCV,Economía,Banco Central de Venezuela,https://www.bcv.org.ve/sites/default/files/indicadores_sector_externo/2_1_1_tdc.xlsx,Diaria,2016-06-03,2016-06-03,2016,10.0,Bs/USD
tipo_cambio_bcv_usd,Tipo de cambio BCV,Economía,Banco Central de Venezuela,https://www.bcv.org.ve/sites/default/files/indicadores_sector_externo/2_1_1_tdc.xlsx,Diaria,2016-06-06,2016-06-06,2016,10.0,Bs/USD
tipo_cambio_bcv_usd,Tipo de cambio BCV,Economía,Banco Central de Venezuela,https://www.bcv.org.ve/sites/default/files/indicadores_sector_externo/2_1_1_tdc.xlsx,Diaria,2016-06-07,2016-06-07,2016,10.0,Bs/USD
tipo_cambio_bcv_usd,Tipo de cambio BCV,Economía,Banco Central de Venezuela,https://www.bcv.org.ve/sites/default/files/indicadores_sector_externo/2_1_1_tdc.xlsx,Diaria,2016-06-08,2016-06-08,2016,10.0,Bs/USD
tipo_cambio_bcv_usd,Tipo de cambio BCV,Economía,Banco Central de Venezuela,https://www.bcv.org.ve/sites/default/files/indicadores_sector_externo/2_1_1_tdc.xlsx,Diaria,2016-06-09,2016-06-09,2016,10.0,Bs/USD
tipo_cambio_bcv_usd,Tipo de cambio BCV,Economía,Banco Central de Venezuela,https://www.bcv.org.ve/sites/default/files/indicadores_sector_externo/2_1_1_tdc.xlsx,Diaria,2016-06-10,2016-06-10,2016,10.0,Bs/USD
tipo_cambio_bcv_usd,Tipo de cambio BCV,Economía,Banco Central de Venezuela,https://www.bcv.org.ve/sites/default/files/indicadores_sector_externo/2_1_1_tdc.xlsx,Diaria,2016-06-13,2016-06-13,2016,10.0,Bs/USD
tipo_cambio_bcv_usd,Tipo de cambio BCV,Economía,Banco Central de Venezuela,https://www.bcv.org.ve/sites/default/files/indicadores_sector_externo/2_1_1_tdc.xlsx,Diaria,2016-06-14,2016-06-14,2016,10.0,Bs/USD
tipo_cambio_bcv_usd,Tipo de cambio BCV,Economía,Banco Central de Venezuela,https://www.bcv.org.ve/sites/default/files/indicadores_sector_externo/2_1_1_tdc.xlsx,Diaria,2016-06-15,2016-06-15,2016,10.0,Bs/USD
tipo_cambio_bcv_usd,Tipo de cambio BCV,Economía,Banco Central de Venezuela,https://www.bcv.org.ve/sites/default/files/indicadores_sector_externo/2_1_1_tdc.xlsx,Diaria,2016-06-16,2016-06-16,2016,10.0,Bs/USD
tipo_cambio_bcv_usd,Tipo de cambio BCV,Economía,Banco Central de Venezuela,https://www.bcv.org.ve/sites/default/files/indicadores_sector_externo/2_1_1_tdc.xlsx,Diaria,2016-06-17,2016-06-17,2016,10.0,Bs/USD
tipo_cambio_bcv_usd,Tipo de cambio BCV,Economía,Banco Central de Venezuela,https://www.bcv.org.ve/sites/default/files/indicadores_sector_externo/2_1_1_tdc.xlsx,Diaria,2016-06-20,2016-06-20,2016,10.0,Bs/USD
tipo_cambio_bcv_usd,Tipo de cambio BCV,Economía,Banco Central de Venezuela,https://www.bcv.org.ve/sites/default/files/indicadores_sector_externo/2_1_1_tdc.xlsx,Diaria,2016-06-21,2016-06-21,2016,10.0,Bs/USD
tipo_cambio_bcv_usd,Tipo de cambio BCV,Economía,Banco Central de Venezuela,https://www.bcv.org.ve/sites/default/files/indicadores_sector_externo/2_1_1_tdc.xlsx,Diaria,2016-06-22,2016-06-22,2016,10.0,Bs/USD
tipo_cambio_bcv_usd,Tipo de cambio BCV,Economía,Banco Central de Venezuela,https://www.bcv.org.ve/sites/default/files/indicadores_sector_externo/2_1_1_tdc.xlsx,Diaria,2016-06-23,2016-06-23,2016,10.0,Bs/USD
tipo_cambio_bcv_usd,Tipo de cambio BCV,Economía,Banco Central de Venezuela,https://www.bcv.org.ve/sites/default/files/indicadores_sector_externo/2_1_1_tdc.xlsx,Diaria,2016-06-27,2016-06-27,2016,10.0,Bs/USD
tipo_cambio_bcv_usd,Tipo de cambio BCV,Economía,Banco Central de Venezuela,https://www.bcv.org.ve/sites/default/files/indicadores_sector_externo/2_1_1_tdc.xlsx,Diaria,2016-06-28,2016-06-28,2016,10.0,Bs/USD
tipo_cambio_bcv_usd,Tipo de cambio BCV,Economía,Banco Central de Venezuela,https://www.bcv.org.ve/sites/default/files/indicadores_sector_externo/2_1_1_tdc.xlsx,Diaria,2016-06-29,2016-06-29,2016,10.0,Bs/USD
tipo_cambio_bcv_usd,Tipo de cambio BCV,Economía,Banco Central de Venezuela,https://www.bcv.org.ve/sites/default/files/indicadores_sector_externo/2_1_1_tdc.xlsx,Diaria,2016-06-30,2016-06-30,2016,10.0,Bs/USD
tipo_cambio_bcv_usd,Tipo de cambio BCV,Economía,Banco Central de Venezuela,https://www.bcv.org.ve/sites/default/files/indicadores_sector_externo/2_1_1_tdc.xlsx,Diaria,2016-07-01,2016-07-01,2016,10.0,Bs/USD
tipo_cambio_bcv_usd,Tipo de cambio BCV,Economía,Banco Central de Venezuela,https://www.bcv.org.ve/sites/default/files/indicadores_sector_externo/2_1_1_tdc.xlsx,Diaria,2016-07-06,2016-07-06,2016,10.0,Bs/USD
tipo_cambio_bcv_usd,Tipo de cambio BCV,Economía,Banco Central de Venezuela,https://www.bcv.org.ve/sites/default/files/indicadores_sector_externo/2_1_1_tdc.xlsx,Diaria,2016-07-07,2016-07-07,2016,10.0,Bs/USD
tipo_cambio_bcv_usd,Tipo de cambio BCV,Economía,Banco Central de Venezuela,https://www.bcv.org.ve/sites/default/files/indicadores_sector_externo/2_1_1_tdc.xlsx,Diaria,2016-07-08,2016-07-08,2016,10.0,Bs/USD
tipo_cambio_bcv_usd,Tipo de cambio BCV,Economía,Banco Central de Venezuela,https://www.bcv.org.ve/sites/default/files/indicadores_sector_externo/2_1_1_tdc.xlsx,Diaria,2016-07-11,2016-07-11,2016,10.0,Bs/USD
tipo_cambio_bcv_usd,Tipo de cambio BCV,Economía,Banco Central de Venezuela,https://www.bcv.org.ve/sites/default/files/indicadores_sector_externo/2_1_1_tdc.xlsx,Diaria,2016-07-12,2016-07-12,2016,10.0,Bs/USD
tipo_cambio_bcv_usd,Tipo de cambio BCV,Economía,Banco Central de Venezuela,https://www.bcv.org.ve/sites/default/files/indicadores_sector_externo/2_1_1_tdc.xlsx,Diaria,2016-07-13,2016-07-13,2016,10.0,Bs/USD
tipo_cambio_bcv_usd,Tipo de cambio BCV,Economía,Banco Central de Venezuela,https://www.bcv.org.ve/sites/default/files/indicadores_sector_externo/2_1_1_tdc.xlsx,Diaria,2016-07-14,2016-07-14,2016,10.0,Bs/USD
tipo_cambio_bcv_usd,Tipo de cambio BCV,Economía,Banco Central de Venezuela,https://www.bcv.org.ve/sites/default/files/indicadores_sector_externo/2_1_1_tdc.xlsx,Diaria,2016-07-15,2016-07-15,2016,10.0,Bs/USD
tipo_cambio_bcv_usd,Tipo de cambio BCV,Economía,Banco Central de Venezuela,https://www.bcv.org.ve/sites/default/files/indicadores_sector_externo/2_1_1_tdc.xlsx,Diaria,2016-07-18,2016-07-18,2016,10.0,Bs/USD
tipo_cambio_bcv_usd,Tipo de cambio BCV,Economía,Banco Central de Venezuela,https://www.bcv.org.ve/sites/default/files/indicadores_sector_externo/2_1_1_tdc.xlsx,Diaria,2016-07-19,2016-07-19,2016,10.0,Bs/USD
tipo_cambio_bcv_usd,Tipo de cambio BCV,Economía,Banco Central de Venezuela,https://www.bcv.org.ve/sites/default/files/indicadores_sector_externo/2_1_1_tdc.xlsx,Diaria,2016-07-20,2016-07-20,2016,10.0,Bs/USD
tipo_cambio_bcv_usd,Tipo de cambio BCV,Economía,Banco Central de Venezuela,https://www.bcv.org.ve/sites/default/files/indicadores_sector_externo/2_1_1_tdc.xlsx,Diaria,2016-07-21,2016-07-21,2016,10.0,Bs/USD
tipo_cambio_bcv_usd,Tipo de cambio BCV,Economía,Banco Central de Venezuela,https://www.bcv.org.ve/sites/default/files/indicadores_sector_externo/2_1_1_tdc.xlsx,Diaria,2016-07-22,2016-07-22,2016,10.0,Bs/USD
tipo_cambio_bcv_usd,Tipo de cambio BCV,Economía,Banco Central de Venezuela,https://www.bcv.org.ve/sites/default/files/indicadores_sector_externo/2_1_1_tdc.xlsx,Diaria,2016-07-25,2016-07-25,2016,10.0,Bs/USD
tipo_cambio_bcv_usd,Tipo de cambio BCV,Economía,Banco Central de Venezuela,https://www.bcv.org.ve/sites/default/files/indicadores_sector_externo/2_1_1_tdc.xlsx,Diaria,2016-07-26,2016-07-26,2016,10.0,Bs/USD
tipo_cambio_bcv_usd,Tipo de cambio BCV,Economía,Banco Central de Venezuela,https://www.bcv.org.ve/sites/default/files/indicadores_sector_externo/2_1_1_tdc.xlsx,Diaria,2016-07-27,2016-07-27,2016,10.0,Bs/USD
tipo_cambio_bcv_usd,Tipo de cambio BCV,Economía,Banco Central de Venezuela,https://www.bcv.org.ve/sites/default/files/indicadores_sector_externo/2_1_1_tdc.xlsx,Diaria,2016-07-28,2016-07-28,2016,10.0,Bs/USD
tipo_cambio_bcv_usd,Tipo de cambio BCV,Economía,Banco Central de Venezuela,https://www.bcv.org.ve/sites/default/files/indicadores_sector_externo/2_1_1_tdc.xlsx,Diaria,2016-07-29,2016-07-29,2016,10.0,Bs/USD
tipo_cambio_bcv_usd,Tipo de cambio BCV,Economía,Banco Central de Venezuela,https://www.bcv.org.ve/sites/default/files/indicadores_sector_externo/2_1_1_tdc.xlsx,Diaria,2016-08-01,2016-08-01,2016,10.0,Bs/USD
tipo_cambio_bcv_usd,Tipo de cambio BCV,Economía,Banco Central de Venezuela,https://www.bcv.org.ve/sites/default/files/indicadores_sector_externo/2_1_1_tdc.xlsx,Diaria,2016-08-02,2016-08-02,2016,10.0,Bs/USD
tipo_cambio_bcv_usd,Tipo de cambio BCV,Economía,Banco Central de Venezuela,https://www.bcv.org.ve/sites/default/files/indicadores_sector_externo/2_1_1_tdc.xlsx,Diaria,2016-08-03,2016-08-03,2016,10.0,Bs/USD
tipo_cambio_bcv_usd,Tipo de cambio BCV,Economía,Banco Central de Venezuela,https://www.bcv.org.ve/sites/default/files/indicadores_sector_externo/2_1_1_tdc.xlsx,Diaria,2016-08-04,2016-08-04,2016,10.0,Bs/USD
tipo_cambio_bcv_usd,Tipo de cambio BCV,Economía,Banco Central de Venezuela,https://www.bcv.org.ve/sites/default/files/indicadores_sector_externo/2_1_1_tdc.xlsx,Diaria,2016-08-05,2016-08-05,2016,10.0,Bs/USD
tipo_cambio_bcv_usd,Tipo de cambio BCV,Economía,Banco Central de Venezuela,https://www.bcv.org.ve/sites/default/files/indicadores_sector_externo/2_1_1_tdc.xlsx,Diaria,2016-08-08,2016-08-08,2016,10.0,Bs/USD
tipo_cambio_bcv_usd,Tipo de cambio BCV,Economía,Banco Central de Venezuela,https://www.bcv.org.ve/sites/default/files/indicadores_sector_externo/2_1_1_tdc.xlsx,Diaria,2016-08-09,2016-08-09,2016,10.0,Bs/USD
tipo_cambio_bcv_usd,Tipo de cambio BCV,Economía,Banco Central de Venezuela,https://www.bcv.org.ve/sites/default/files/indicadores_sector_externo/2_1_1_tdc.xlsx,Diaria,2016-08-10,2016-08-10,2016,10.0,Bs/USD
tipo_cambio_bcv_usd,Tipo de cambio BCV,Economía,Banco Central de Venezuela,https://www.bcv.org.ve/sites/default/files/indicadores_sector_externo/2_1_1_tdc.xlsx,Diaria,2016-08-11,2016-08-11,2016,10.0,Bs/USD
tipo_cambio_bcv_usd,Tipo de cambio BCV,Economía,Banco Central de Venezuela,https://www.bcv.org.ve/sites/default/files/indicadores_sector_externo/2_1_1_tdc.xlsx,Diaria,2016-08-12,2016-08-12,2016,10.0,Bs/USD
tipo_cambio_bcv_usd,Tipo de cambio BCV,Economía,Banco Central de Venezuela,https://www.bcv.org.ve/sites/default/files/indicadores_sector_externo/2_1_1_tdc.xlsx,Diaria,2016-08-16,2016-08-16,2016,10.0,Bs/USD
tipo_cambio_bcv_usd,Tipo de cambio BCV,Economía,Banco Central de Venezuela,https://www.bcv.org.ve/sites/default/files/indicadores_sector_externo/2_1_1_tdc.xlsx,Diaria,2016-08-17,2016-08-17,2016,10.0,Bs/USD
tipo_cambio_bcv_usd,Tipo de cambio BCV,Economía,Banco Central de Venezuela,https://www.bcv.org.ve/sites/default/files/indicadores_sector_externo/2_1_1_tdc.xlsx,Diaria,2016-08-18,2016-08-18,2016,10.0,Bs/USD
tipo_cambio_bcv_usd,Tipo de cambio BCV,Economía,Banco Central de Venezuela,https://www.bcv.org.ve/sites/default/files/indicadores_sector_externo/2_1_1_tdc.xlsx,Diaria,2016-08-19,2016-08-19,2016,10.0,Bs/USD
tipo_cambio_bcv_usd,Tipo de cambio BCV,Economía,Banco Central de Venezuela,https://www.bcv.org.ve/sites/default/files/indicadores_sector_externo/2_1_1_tdc.xlsx,Diaria,2016-08-22,2016-08-22,2016,10.0,Bs/USD
tipo_cambio_bcv_usd,Tipo de cambio BCV,Economía,Banco Central de Venezuela,https://www.bcv.org.ve/sites/default/files/indicadores_sector_externo/2_1_1_tdc.xlsx,Diaria,2016-08-23,2016-08-23,2016,10.0,Bs/USD
tipo_cambio_bcv_usd,Tipo de cambio BCV,Economía,Banco Central de Venezuela,https://www.bcv.org.ve/sites/default/files/indicadores_sector_externo/2_1_1_tdc.xlsx,Diaria,2016-08-24,2016-08-24,2016,10.0,Bs/USD
tipo_cambio_bcv_usd,Tipo de cambio BCV,Economía,Banco Central de Venezuela,https://www.bcv.org.ve/sites/default/files/indicadores_sector_externo/2_1_1_tdc.xlsx,Diaria,2016-08-25,2016-08-25,2016,10.0,Bs/USD
tipo_cambio_bcv_usd,Tipo de cambio BCV,Economía,Banco Central de Venezuela,https://www.bcv.org.ve/sites/default/files/indicadores_sector_externo/2_1_1_tdc.xlsx,Diaria,2016-08-26,2016-08-26,2016,10.0,Bs/USD
tipo_cambio_bcv_usd,Tipo de cambio BCV,Economía,Banco Central de Venezuela,https://www.bcv.org.ve/sites/default/files/indicadores_sector_externo/2_1_1_tdc.xlsx,Diaria,2016-08-29,2016-08-29,2016,10.0,Bs/USD
tipo_cambio_bcv_usd,Tipo de cambio BCV,Economía,Banco Central de Venezuela,https://www.bcv.org.ve/sites/default/files/indicadores_sector_externo/2_1_1_tdc.xlsx,Diaria,2016-08-30,2016-08-30,2016,10.0,Bs/USD
tipo_cambio_bcv_usd,Tipo de cambio BCV,Economía,Banco Central de Venezuela,https://www.bcv.org.ve/sites/default/files/indicadores_sector_externo/2_1_1_tdc.xlsx,Diaria,2016-08-31,2016-08-31,2016,10.0,Bs/USD
tipo_cambio_bcv_usd,Tipo de cambio BCV,Economía,Banco Central de Venezuela,https://www.bcv.org.ve/sites/default/files/indicadores_sector_externo/2_1_1_tdc.xlsx,Diaria,2016-09-01,2016-09-01,2016,10.0,Bs/USD
tipo_cambio_bcv_usd,Tipo de cambio BCV,Economía,Banco Central de Venezuela,https://www.bcv.org.ve/sites/default/files/indicadores_sector_externo/2_1_1_tdc.xlsx,Diaria,2016-09-02,2016-09-02,2016,10.0,Bs/USD
tipo_cambio_bcv_usd,Tipo de cambio BCV,Economía,Banco Central de Venezuela,https://www.bcv.org.ve/sites/default/files/indicadores_sector_externo/2_1_1_tdc.xlsx,Diaria,2016-09-05,2016-09-05,2016,10.0,Bs/USD
tipo_cambio_bcv_usd,Tipo de cambio BCV,Economía,Banco Central de Venezuela,https://www.bcv.org.ve/sites/default/files/indicadores_sector_externo/2_1_1_tdc.xlsx,Diaria,2016-09-06,2016-09-06,2016,10.0,Bs/USD
tipo_cambio_bcv_usd,Tipo de cambio BCV,Economía,Banco Central de Venezuela,https://www.bcv.org.ve/sites/default/files/indicadores_sector_externo/2_1_1_tdc.xlsx,Diaria,2016-09-07,2016-09-07,2016,10.0,Bs/USD
tipo_cambio_bcv_usd,Tipo de cambio BCV,Economía,Banco Central de Venezuela,https://www.bcv.org.ve/sites/default/files/indicadores_sector_externo/2_1_1_tdc.xlsx,Diaria,2016-09-08,2016-09-08,2016,10.0,Bs/USD
tipo_cambio_bcv_usd,Tipo de cambio BCV,Economía,Banco Central de Venezuela,https://www.bcv.org.ve/sites/default/files/indicadores_sector_externo/2_1_1_tdc.xlsx,Diaria,2016-09-09,2016-09-09,2016,10.0,Bs/USD
tipo_cambio_bcv_usd,Tipo de cambio BCV,Economía,Banco Central de Venezuela,https://www.bcv.org.ve/sites/default/files/indicadores_sector_externo/2_1_1_tdc.xlsx,Diaria,2016-09-12,2016-09-12,2016,10.0,Bs/USD
tipo_cambio_bcv_usd,Tipo de cambio BCV,Economía,Banco Central de Venezuela,https://www.bcv.org.ve/sites/default/files/indicadores_sector_externo/2_1_1_tdc.xlsx,Diaria,2016-09-13,2016-09-13,2016,10.0,Bs/USD
tipo_cambio_bcv_usd,Tipo de cambio BCV,Economía,Banco Central de Venezuela,https://www.bcv.org.ve/sites/default/files/indicadores_sector_externo/2_1_1_tdc.xlsx,Diaria,2016-09-14,2016-09-14,2016,10.0,Bs/USD
tipo_cambio_bcv_usd,Tipo de cambio BCV,Economía,Banco Central de Venezuela,https://www.bcv.org.ve/sites/default/files/indicadores_sector_externo/2_1_1_tdc.xlsx,Diaria,2016-09-15,2016-09-15,2016,10.0,Bs/USD
tipo_cambio_bcv_usd,Tipo de cambio BCV,Economía,Banco Central de Venezuela,https://www.bcv.org.ve/sites/default/files/indicadores_sector_externo/2_1_1_tdc.xlsx,Diaria,2016-09-16,2016-09-16,2016,10.0,Bs/USD
tipo_cambio_bcv_usd,Tipo de cambio BCV,Economía,Banco Central de Venezuela,https://www.bcv.org.ve/sites/default/files/indicadores_sector_externo/2_1_1_tdc.xlsx,Diaria,2016-09-19,2016-09-19,2016,10.0,Bs/USD
tipo_cambio_bcv_usd,Tipo de cambio BCV,Economía,Banco Central de Venezuela,https://www.bcv.org.ve/sites/default/files/indicadores_sector_externo/2_1_1_tdc.xlsx,Diaria,2016-09-20,2016-09-20,2016,10.0,Bs/USD
tipo_cambio_bcv_usd,Tipo de cambio BCV,Economía,Banco Central de Venezuela,https://www.bcv.org.ve/sites/default/files/indicadores_sector_externo/2_1_1_tdc.xlsx,Diaria,2016-09-21,2016-09-21,2016,10.0,Bs/USD
tipo_cambio_bcv_usd,Tipo de cambio BCV,Economía,Banco Central de Venezuela,https://www.bcv.org.ve/sites/default/files/indicadores_sector_externo/2_1_1_tdc.xlsx,Diaria,2016-09-22,2016-09-22,2016,10.0,Bs/USD
tipo_cambio_bcv_usd,Tipo de cambio BCV,Economía,Banco Central de Venezuela,https://www.bcv.org.ve/sites/default/files/indicadores_sector_externo/2_1_1_tdc.xlsx,Diaria,2016-09-23,2016-09-23,2016,10.0,Bs/USD
tipo_cambio_bcv_usd,Tipo de cambio BCV,Economía,Banco Central de Venezuela,https://www.bcv.org.ve/sites/default/files/indicadores_sector_externo/2_1_1_tdc.xlsx,Diaria,2016-09-26,2016-09-26,2016,10.0,Bs/USD
tipo_cambio_bcv_usd,Tipo de cambio BCV,Economía,Banco Central de Venezuela,https://www.bcv.org.ve/sites/default/files/indicadores_sector_externo/2_1_1_tdc.xlsx,Diaria,2016-09-27,2016-09-27,2016,10.0,Bs/USD
tipo_cambio_bcv_usd,Tipo de cambio BCV,Economía,Banco Central de Venezuela,https://www.bcv.org.ve/sites/default/files/indicadores_sector_externo/2_1_1_tdc.xlsx,Diaria,2016-09-28,2016-09-28,2016,10.0,Bs/USD
tipo_cambio_bcv_usd,Tipo de cambio BCV,Economía,Banco Central de Venezuela,https://www.bcv.org.ve/sites/default/files/indicadores_sector_externo/2_1_1_tdc.xlsx,Diaria,2016-09-29,2016-09-29,2016,10.0,Bs/USD
tipo_cambio_bcv_usd,Tipo de cambio BCV,Economía,Banco Central de Venezuela,https://www.bcv.org.ve/sites/default/files/indicadores_sector_externo/2_1_1_tdc.xlsx,Diaria,2016-09-30,2016-09-30,2016,10.0,Bs/USD
tipo_cambio_bcv_usd,Tipo de cambio BCV,Economía,Banco Central de Venezuela,https://www.bcv.org.ve/sites/default/files/indicadores_sector_externo/2_1_1_tdc.xlsx,Diaria,2016-10-03,2016-10-03,2016,10.0,Bs/USD
tipo_cambio_bcv_usd,Tipo de cambio BCV,Economía,Banco Central de Venezuela,https://www.bcv.org.ve/sites/default/files/indicadores_sector_externo/2_1_1_tdc.xlsx,Diaria,2016-10-04,2016-10-04,2016,10.0,Bs/USD
tipo_cambio_bcv_usd,Tipo de cambio BCV,Economía,Banco Central de Venezuela,https://www.bcv.org.ve/sites/default/files/indicadores_sector_externo/2_1_1_tdc.xlsx,Diaria,2016-10-05,2016-10-05,2016,10.0,Bs/USD
tipo_cambio_bcv_usd,Tipo de cambio BCV,Economía,Banco Central de Venezuela,https://www.bcv.org.ve/sites/default/files/indicadores_sector_externo/2_1_1_tdc.xlsx,Diaria,2016-10-06,2016-10-06,2016,10.0,Bs/USD
tipo_cambio_bcv_usd,Tipo de cambio BCV,Economía,Banco Central de Venezuela,https://www.bcv.org.ve/sites/default/files/indicadores_sector_externo/2_1_1_tdc.xlsx,Diaria,2016-10-07,2016-10-07,2016,10.0,Bs/USD
tipo_cambio_bcv_usd,Tipo de cambio BCV,Economía,Banco Central de Venezuela,https://www.bcv.org.ve/sites/default/files/indicadores_sector_externo/2_1_1_tdc.xlsx,Diaria,2016-10-10,2016-10-10,2016,10.0,Bs/USD
tipo_cambio_bcv_usd,Tipo de cambio BCV,Economía,Banco Central de Venezuela,https://www.bcv.org.ve/sites/default/files/indicadores_sector_externo/2_1_1_tdc.xlsx,Diaria,2016-10-11,2016-10-11,2016,10.0,Bs/USD
tipo_cambio_bcv_usd,Tipo de cambio BCV,Economía,Banco Central de Venezuela,https://www.bcv.org.ve/sites/default/files/indicadores_sector_externo/2_1_1_tdc.xlsx,Diaria,2016-10-13,2016-10-13,2016,10.0,Bs/USD
tipo_cambio_bcv_usd,Tipo de cambio BCV,Economía,Banco Central de Venezuela,https://www.bcv.org.ve/sites/default/files/indicadores_sector_externo/2_1_1_tdc.xlsx,Diaria,2016-10-14,2016-10-14,2016,10.0,Bs/USD
tipo_cambio_bcv_usd,Tipo de cambio BCV,Economía,Banco Central de Venezuela,https://www.bcv.org.ve/sites/default/files/indicadores_sector_externo/2_1_1_tdc.xlsx,Diaria,2016-10-17,2016-10-17,2016,10.0,Bs/USD
tipo_cambio_bcv_usd,Tipo de cambio BCV,Economía,Banco Central de Venezuela,https://www.bcv.org.ve/sites/default/files/indicadores_sector_externo/2_1_1_tdc.xlsx,Diaria,2016-10-18,2016-10-18,2016,10.0,Bs/USD
tipo_cambio_bcv_usd,Tipo de cambio BCV,Economía,Banco Central de Venezuela,https://www.bcv.org.ve/sites/default/files/indicadores_sector_externo/2_1_1_tdc.xlsx,Diaria,2016-10-19,2016-10-19,2016,10.0,Bs/USD
tipo_cambio_bcv_usd,Tipo de cambio BCV,Economía,Banco Central de Venezuela,https://www.bcv.org.ve/sites/default/files/indicadores_sector_externo/2_1_1_tdc.xlsx,Diaria,2016-10-20,2016-10-20,2016,10.0,Bs/USD
tipo_cambio_bcv_usd,Tipo de cambio BCV,Economía,Banco Central de Venezuela,https://www.bcv.org.ve/sites/default/files/indicadores_sector_externo/2_1_1_tdc.xlsx,Diaria,2016-10-21,2016-10-21,2016,10.0,Bs/USD
tipo_cambio_bcv_usd,Tipo de cambio BCV,Economía,Banco Central de Venezuela,https://www.bcv.org.ve/sites/default/files/indicadores_sector_externo/2_1_1_tdc.xlsx,Diaria,2016-10-24,2016-10-24,2016,10.0,Bs/USD
tipo_cambio_bcv_usd,Tipo de cambio BCV,Economía,Banco Central de Venezuela,https://www.bcv.org.ve/sites/default/files/indicadores_sector_externo/2_1_1_tdc.xlsx,Diaria,2016-10-25,2016-10-25,2016,10.0,Bs/USD
tipo_cambio_bcv_usd,Tipo de cambio BCV,Economía,Banco Central de Venezuela,https://www.bcv.org.ve/sites/default/files/indicadores_sector_externo/2_1_1_tdc.xlsx,Diaria,2016-10-26,2016-10-26,2016,10.0,Bs/USD
tipo_cambio_bcv_usd,Tipo de cambio BCV,Economía,Banco Central de Venezuela,https://www.bcv.org.ve/sites/default/files/indicadores_sector_externo/2_1_1_tdc.xlsx,Diaria,2016-10-27,2016-10-27,2016,10.0,Bs/USD
tipo_cambio_bcv_usd,Tipo de cambio BCV,Economía,Banco Central de Venezuela,https://www.bcv.org.ve/sites/default/files/indicadores_sector_externo/2_1_1_tdc.xlsx,Diaria,2016-10-28,2016-10-28,2016,10.0,Bs/USD
tipo_cambio_bcv_usd,Tipo de cambio BCV,Economía,Banco Central de Venezuela,https://www.bcv.org.ve/sites/default/files/indicadores_sector_externo/2_1_1_tdc.xlsx,Diaria,2016-10-31,2016-10-31,2016,10.0,Bs/USD
tipo_cambio_bcv_usd,Tipo de cambio BCV,Economía,Banco Central de Venezuela,https://www.bcv.org.ve/sites/default/files/indicadores_sector_externo/2_1_1_tdc.xlsx,Diaria,2016-11-01,2016-11-01,2016,10.0,Bs/USD
tipo_cambio_bcv_usd,Tipo de cambio BCV,Economía,Banco Central de Venezuela,https://www.bcv.org.ve/sites/default/files/indicadores_sector_externo/2_1_1_tdc.xlsx,Diaria,2016-11-02,2016-11-02,2016,10.0,Bs/USD
tipo_cambio_bcv_usd,Tipo de cambio BCV,Economía,Banco Central de Venezuela,https://www.bcv.org.ve/sites/default/files/indicadores_sector_externo/2_1_1_tdc.xlsx,Diaria,2016-11-03,2016-11-03,2016,10.0,Bs/USD
tipo_cambio_bcv_usd,Tipo de cambio BCV,Economía,Banco Central de Venezuela,https://www.bcv.org.ve/sites/default/files/indicadores_sector_externo/2_1_1_tdc.xlsx,Diaria,2016-11-04,2016-11-04,2016,10.0,Bs/USD
tipo_cambio_bcv_usd,Tipo de cambio BCV,Economía,Banco Central de Venezuela,https://www.bcv.org.ve/sites/default/files/indicadores_sector_externo/2_1_1_tdc.xlsx,Diaria,2016-11-08,2016-11-08,2016,10.0,Bs/USD
tipo_cambio_bcv_usd,Tipo de cambio BCV,Economía,Banco Central de Venezuela,https://www.bcv.org.ve/sites/default/files/indicadores_sector_externo/2_1_1_tdc.xlsx,Diaria,2016-11-09,2016-11-09,2016,10.0,Bs/USD
tipo_cambio_bcv_usd,Tipo de cambio BCV,Economía,Banco Central de Venezuela,https://www.bcv.org.ve/sites/default/files/indicadores_sector_externo/2_1_1_tdc.xlsx,Diaria,2016-11-10,2016-11-10,2016,10.0,Bs/USD
tipo_cambio_bcv_usd,Tipo de cambio BCV,Economía,Banco Central de Venezuela,https://www.bcv.org.ve/sites/default/files/indicadores_sector_externo/2_1_1_tdc.xlsx,Diaria,2016-11-11,2016-11-11,2016,10.0,Bs/USD
tipo_cambio_bcv_usd,Tipo de cambio BCV,Economía,Banco Central de Venezuela,https://www.bcv.org.ve/sites/default/files/indicadores_sector_externo/2_1_1_tdc.xlsx,Diaria,2016-11-14,2016-11-14,2016,10.0,Bs/USD
tipo_cambio_bcv_usd,Tipo de cambio BCV,Economía,Banco Central de Venezuela,https://www.bcv.org.ve/sites/default/files/indicadores_sector_externo/2_1_1_tdc.xlsx,Diaria,2016-11-15,2016-11-15,2016,10.0,Bs/USD
tipo_cambio_bcv_usd,Tipo de cambio BCV,Economía,Banco Central de Venezuela,https://www.bcv.org.ve/sites/default/files/indicadores_sector_externo/2_1_1_tdc.xlsx,Diaria,2016-11-16,2016-11-16,2016,10.0,Bs/USD
tipo_cambio_bcv_usd,Tipo de cambio BCV,Economía,Banco Central de Venezuela,https://www.bcv.org.ve/sites/default/files/indicadores_sector_externo/2_1_1_tdc.xlsx,Diaria,2016-11-17,2016-11-17,2016,10.0,Bs/USD
tipo_cambio_bcv_usd,Tipo de cambio BCV,Economía,Banco Central de Venezuela,https://www.bcv.org.ve/sites/default/files/indicadores_sector_externo/2_1_1_tdc.xlsx,Diaria,2016-11-18,2016-11-18,2016,10.0,Bs/USD
tipo_cambio_bcv_usd,Tipo de cambio BCV,Economía,Banco Central de Venezuela,https://www.bcv.org.ve/sites/default/files/indicadores_sector_externo/2_1_1_tdc.xlsx,Diaria,2016-11-21,2016-11-21,2016,10.0,Bs/USD
tipo_cambio_bcv_usd,Tipo de cambio BCV,Economía,Banco Central de Venezuela,https://www.bcv.org.ve/sites/default/files/indicadores_sector_externo/2_1_1_tdc.xlsx,Diaria,2016-11-22,2016-11-22,2016,10.0,Bs/USD
tipo_cambio_bcv_usd,Tipo de cambio BCV,Economía,Banco Central de Venezuela,https://www.bcv.org.ve/sites/default/files/indicadores_sector_externo/2_1_1_tdc.xlsx,Diaria,2016-11-23,2016-11-23,2016,10.0,Bs/USD
tipo_cambio_bcv_usd,Tipo de cambio BCV,Economía,Banco Central de Venezuela,https://www.bcv.org.ve/sites/default/files/indicadores_sector_externo/2_1_1_tdc.xlsx,Diaria,2016-11-24,2016-11-24,2016,10.0,Bs/USD
tipo_cambio_bcv_usd,Tipo de cambio BCV,Economía,Banco Central de Venezuela,https://www.bcv.org.ve/sites/default/files/indicadores_sector_externo/2_1_1_tdc.xlsx,Diaria,2016-11-25,2016-11-25,2016,10.0,Bs/USD
tipo_cambio_bcv_usd,Tipo de cambio BCV,Economía,Banco Central de Venezuela,https://www.bcv.org.ve/sites/default/files/indicadores_sector_externo/2_1_1_tdc.xlsx,Diaria,2016-11-28,2016-11-28,2016,10.0,Bs/USD
tipo_cambio_bcv_usd,Tipo de cambio BCV,Economía,Banco Central de Venezuela,https://www.bcv.org.ve/sites/default/files/indicadores_sector_externo/2_1_1_tdc.xlsx,Diaria,2016-11-29,2016-11-29,2016,10.0,Bs/USD
tipo_cambio_bcv_usd,Tipo de cambio BCV,Economía,Banco Central de Venezuela,https://www.bcv.org.ve/sites/default/files/indicadores_sector_externo/2_1_1_tdc.xlsx,Diaria,2016-11-30,2016-11-30,2016,10.0,Bs/USD
tipo_cambio_bcv_usd,Tipo de cambio BCV,Economía,Banco Central de Venezuela,https://www.bcv.org.ve/sites/default/files/indicadores_sector_externo/2_1_1_tdc.xlsx,Diaria,2016-12-01,2016-12-01,2016,10.0,Bs/USD
tipo_cambio_bcv_usd,Tipo de cambio BCV,Economía,Banco Central de Venezuela,https://www.bcv.org.ve/sites/default/files/indicadores_sector_externo/2_1_1_tdc.xlsx,Diaria,2016-12-02,2016-12-02,2016,10.0,Bs/USD
tipo_cambio_bcv_usd,Tipo de cambio BCV,Economía,Banco Central de Venezuela,https://www.bcv.org.ve/sites/default/files/indicadores_sector_externo/2_1_1_tdc.xlsx,Diaria,2016-12-05,2016-12-05,2016,10.0,Bs/USD
tipo_cambio_bcv_usd,Tipo de cambio BCV,Economía,Banco Central de Venezuela,https://www.bcv.org.ve/sites/default/files/indicadores_sector_externo/2_1_1_tdc.xlsx,Diaria,2016-12-06,2016-12-06,2016,10.0,Bs/USD
tipo_cambio_bcv_usd,Tipo de cambio BCV,Economía,Banco Central de Venezuela,https://www.bcv.org.ve/sites/default/files/indicadores_sector_externo/2_1_1_tdc.xlsx,Diaria,2016-12-07,2016-12-07,2016,10.0,Bs/USD
tipo_cambio_bcv_usd,Tipo de cambio BCV,Economía,Banco Central de Venezuela,https://www.bcv.org.ve/sites/default/files/indicadores_sector_externo/2_1_1_tdc.xlsx,Diaria,2016-12-08,2016-12-08,2016,10.0,Bs/USD
tipo_cambio_bcv_usd,Tipo de cambio BCV,Economía,Banco Central de Venezuela,https://www.bcv.org.ve/sites/default/files/indicadores_sector_externo/2_1_1_tdc.xlsx,Diaria,2016-12-09,2016-12-09,2016,10.0,Bs/USD
tipo_cambio_bcv_usd,Tipo de cambio BCV,Economía,Banco Central de Venezuela,https://www.bcv.org.ve/sites/default/files/indicadores_sector_externo/2_1_1_tdc.xlsx,Diaria,2016-12-13,2016-12-13,2016,10.0,Bs/USD
tipo_cambio_bcv_usd,Tipo de cambio BCV,Economía,Banco Central de Venezuela,https://www.bcv.org.ve/sites/default/files/indicadores_sector_externo/2_1_1_tdc.xlsx,Diaria,2016-12-14,2016-12-14,2016,10.0,Bs/USD
tipo_cambio_bcv_usd,Tipo de cambio BCV,Economía,Banco Central de Venezuela,https://www.bcv.org.ve/sites/default/files/indicadores_sector_externo/2_1_1_tdc.xlsx,Diaria,2016-12-15,2016-12-15,2016,10.0,Bs/USD
tipo_cambio_bcv_usd,Tipo de cambio BCV,Economía,Banco Central de Venezuela,https://www.bcv.org.ve/sites/default/files/indicadores_sector_externo/2_1_1_tdc.xlsx,Diaria,2016-12-16,2016-12-16,2016,10.0,Bs/USD
tipo_cambio_bcv_usd,Tipo de cambio BCV,Economía,Banco Central de Venezuela,https://www.bcv.org.ve/sites/default/files/indicadores_sector_externo/2_1_1_tdc.xlsx,Diaria,2016-12-19,2016-12-19,2016,10.0,Bs/USD
tipo_cambio_bcv_usd,Tipo de cambio BCV,Economía,Banco Central de Venezuela,https://www.bcv.org.ve/sites/default/files/indicadores_sector_externo/2_1_1_tdc.xlsx,Diaria,2016-12-20,2016-12-20,2016,10.0,Bs/USD
tipo_cambio_bcv_usd,Tipo de cambio BCV,Economía,Banco Central de Venezuela,https://www.bcv.org.ve/sites/default/files/indicadores_sector_externo/2_1_1_tdc.xlsx,Diaria,2016-12-21,2016-12-21,2016,10.0,Bs/USD
tipo_cambio_bcv_usd,Tipo de cambio BCV,Economía,Banco Central de Venezuela,https://www.bcv.org.ve/sites/default/files/indicadores_sector_externo/2_1_1_tdc.xlsx,Diaria,2016-12-22,2016-12-22,2016,10.0,Bs/USD
tipo_cambio_bcv_usd,Tipo de cambio BCV,Economía,Banco Central de Venezuela,https://www.bcv.org.ve/sites/default/files/indicadores_sector_externo/2_1_1_tdc.xlsx,Diaria,2016-12-23,2016-12-23,2016,10.0,Bs/USD
tipo_cambio_bcv_usd,Tipo de cambio BCV,Economía,Banco Central de Venezuela,https://www.bcv.org.ve/sites/default/files/indicadores_sector_externo/2_1_1_tdc.xlsx,Diaria,2016-12-26,2016-12-26,2016,10.0,Bs/USD
tipo_cambio_bcv_usd,Tipo de cambio BCV,Economía,Banco Central de Venezuela,https://www.bcv.org.ve/sites/default/files/indicadores_sector_externo/2_1_1_tdc.xlsx,Diaria,2016-12-27,2016-12-27,2016,10.0,Bs/USD
tipo_cambio_bcv_usd,Tipo de cambio BCV,Economía,Banco Central de Venezuela,https://www.bcv.org.ve/sites/default/files/indicadores_sector_externo/2_1_1_tdc.xlsx,Diaria,2016-12-28,2016-12-28,2016,10.0,Bs/USD
tipo_cambio_bcv_usd,Tipo de cambio BCV,Economía,Banco Central de Venezuela,https://www.bcv.org.ve/sites/default/files/indicadores_sector_externo/2_1_1_tdc.xlsx,Diaria,2016-12-29,2016-12-29,2016,10.0,Bs/USD
tipo_cambio_bcv_usd,Tipo de cambio BCV,Economía,Banco Central de Venezuela,https://www.bcv.org.ve/sites/default/files/indicadores_sector_externo/2_1_1_tdc.xlsx,Diaria,2016-12-30,2016-12-30,2016,10.0,Bs/USD
tipo_cambio_bcv_usd,Tipo de cambio BCV,Economía,Banco Central de Venezuela,https://www.bcv.org.ve/sites/default/files/indicadores_sector_externo/2_1_1_tdc.xlsx,Diaria,2017-01-02,2017-01-02,2017,10.0,Bs/USD
tipo_cambio_bcv_usd,Tipo de cambio BCV,Economía,Banco Central de Venezuela,https://www.bcv.org.ve/sites/default/files/indicadores_sector_externo/2_1_1_tdc.xlsx,Diaria,2017-01-03,2017-01-03,2017,10.0,Bs/USD
tipo_cambio_bcv_usd,Tipo de cambio BCV,Economía,Banco Central de Venezuela,https://www.bcv.org.ve/sites/default/files/indicadores_sector_externo/2_1_1_tdc.xlsx,Diaria,2017-01-04,2017-01-04,2017,10.0,Bs/USD
tipo_cambio_bcv_usd,Tipo de cambio BCV,Economía,Banco Central de Venezuela,https://www.bcv.org.ve/sites/default/files/indicadores_sector_externo/2_1_1_tdc.xlsx,Diaria,2017-01-05,2017-01-05,2017,10.0,Bs/USD
tipo_cambio_bcv_usd,Tipo de cambio BCV,Economía,Banco Central de Venezuela,https://www.bcv.org.ve/sites/default/files/indicadores_sector_externo/2_1_1_tdc.xlsx,Diaria,2017-01-06,2017-01-06,2017,10.0,Bs/USD
tipo_cambio_bcv_usd,Tipo de cambio BCV,Economía,Banco Central de Venezuela,https://www.bcv.org.ve/sites/default/files/indicadores_sector_externo/2_1_1_tdc.xlsx,Diaria,2017-01-10,2017-01-10,2017,10.0,Bs/USD
tipo_cambio_bcv_usd,Tipo de cambio BCV,Economía,Banco Central de Venezuela,https://www.bcv.org.ve/sites/default/files/indicadores_sector_externo/2_1_1_tdc.xlsx,Diaria,2017-01-11,2017-01-11,2017,10.0,Bs/USD
tipo_cambio_bcv_usd,Tipo de cambio BCV,Economía,Banco Central de Venezuela,https://www.bcv.org.ve/sites/default/files/indicadores_sector_externo/2_1_1_tdc.xlsx,Diaria,2017-01-12,2017-01-12,2017,10.0,Bs/USD
tipo_cambio_bcv_usd,Tipo de cambio BCV,Economía,Banco Central de Venezuela,https://www.bcv.org.ve/sites/default/files/indicadores_sector_externo/2_1_1_tdc.xlsx,Diaria,2017-01-13,2017-01-13,2017,10.0,Bs/USD
tipo_cambio_bcv_usd,Tipo de cambio BCV,Economía,Banco Central de Venezuela,https://www.bcv.org.ve/sites/default/files/indicadores_sector_externo/2_1_1_tdc.xlsx,Diaria,2017-01-16,2017-01-16,2017,10.0,Bs/USD
tipo_cambio_bcv_usd,Tipo de cambio BCV,Economía,Banco Central de Venezuela,https://www.bcv.org.ve/sites/default/files/indicadores_sector_externo/2_1_1_tdc.xlsx,Diaria,2017-01-17,2017-01-17,2017,10.0,Bs/USD
tipo_cambio_bcv_usd,Tipo de cambio BCV,Economía,Banco Central de Venezuela,https://www.bcv.org.ve/sites/default/files/indicadores_sector_externo/2_1_1_tdc.xlsx,Diaria,2017-01-18,2017-01-18,2017,10.0,Bs/USD
tipo_cambio_bcv_usd,Tipo de cambio BCV,Economía,Banco Central de Venezuela,https://www.bcv.org.ve/sites/default/files/indicadores_sector_externo/2_1_1_tdc.xlsx,Diaria,2017-01-19,2017-01-19,2017,10.0,Bs/USD
tipo_cambio_bcv_usd,Tipo de cambio BCV,Economía,Banco Central de Venezuela,https://www.bcv.org.ve/sites/default/files/indicadores_sector_externo/2_1_1_tdc.xlsx,Diaria,2017-01-20,2017-01-20,2017,10.0,Bs/USD
tipo_cambio_bcv_usd,Tipo de cambio BCV,Economía,Banco Central de Venezuela,https://www.bcv.org.ve/sites/default/files/indicadores_sector_externo/2_1_1_tdc.xlsx,Diaria,2017-01-23,2017-01-23,2017,10.0,Bs/USD
tipo_cambio_bcv_usd,Tipo de cambio BCV,Economía,Banco Central de Venezuela,https://www.bcv.org.ve/sites/default/files/indicadores_sector_externo/2_1_1_tdc.xlsx,Diaria,2017-01-24,2017-01-24,2017,10.0,Bs/USD
tipo_cambio_bcv_usd,Tipo de cambio BCV,Economía,Banco Central de Venezuela,https://www.bcv.org.ve/sites/default/files/indicadores_sector_externo/2_1_1_tdc.xlsx,Diaria,2017-01-25,2017-01-25,2017,10.0,Bs/USD
tipo_cambio_bcv_usd,Tipo de cambio BCV,Economía,Banco Central de Venezuela,https://www.bcv.org.ve/sites/default/files/indicadores_sector_externo/2_1_1_tdc.xlsx,Diaria,2017-01-26,2017-01-26,2017,10.0,Bs/USD
tipo_cambio_bcv_usd,Tipo de cambio BCV,Economía,Banco Central de Venezuela,https://www.bcv.org.ve/sites/default/files/indicadores_sector_externo/2_1_1_tdc.xlsx,Diaria,2017-01-27,2017-01-27,2017,10.0,Bs/USD
tipo_cambio_bcv_usd,Tipo de cambio BCV,Economía,Banco Central de Venezuela,https://www.bcv.org.ve/sites/default/files/indicadores_sector_externo/2_1_1_tdc.xlsx,Diaria,2017-01-30,2017-01-30,2017,10.0,Bs/USD
tipo_cambio_bcv_usd,Tipo de cambio BCV,Economía,Banco Central de Venezuela,https://www.bcv.org.ve/sites/default/files/indicadores_sector_externo/2_1_1_tdc.xlsx,Diaria,2017-01-31,2017-01-31,2017,10.0,Bs/USD
tipo_cambio_bcv_usd,Tipo de cambio BCV,Economía,Banco Central de Venezuela,https://www.bcv.org.ve/sites/default/files/indicadores_sector_externo/2_1_1_tdc.xlsx,Diaria,2017-02-01,2017-02-01,2017,10.0,Bs/USD
tipo_cambio_bcv_usd,Tipo de cambio BCV,Economía,Banco Central de Venezuela,https://www.bcv.org.ve/sites/default/files/indicadores_sector_externo/2_1_1_tdc.xlsx,Diaria,2017-02-02,2017-02-02,2017,10.0,Bs/USD
tipo_cambio_bcv_usd,Tipo de cambio BCV,Economía,Banco Central de Venezuela,https://www.bcv.org.ve/sites/default/files/indicadores_sector_externo/2_1_1_tdc.xlsx,Diaria,2017-02-03,2017-02-03,2017,10.0,Bs/USD
tipo_cambio_bcv_usd,Tipo de cambio BCV,Economía,Banco Central de Venezuela,https://www.bcv.org.ve/sites/default/files/indicadores_sector_externo/2_1_1_tdc.xlsx,Diaria,2017-02-06,2017-02-06,2017,10.0,Bs/USD
tipo_cambio_bcv_usd,Tipo de cambio BCV,Economía,Banco Central de Venezuela,https://www.bcv.org.ve/sites/default/files/indicadores_sector_externo/2_1_1_tdc.xlsx,Diaria,2017-02-07,2017-02-07,2017,10.0,Bs/USD
tipo_cambio_bcv_usd,Tipo de cambio BCV,Economía,Banco Central de Venezuela,https://www.bcv.org.ve/sites/default/files/indicadores_sector_externo/2_1_1_tdc.xlsx,Diaria,2017-02-08,2017-02-08,2017,10.0,Bs/USD
tipo_cambio_bcv_usd,Tipo de cambio BCV,Economía,Banco Central de Venezuela,https://www.bcv.org.ve/sites/default/files/indicadores_sector_externo/2_1_1_tdc.xlsx,Diaria,2017-02-09,2017-02-09,2017,10.0,Bs/USD
tipo_cambio_bcv_usd,Tipo de cambio BCV,Economía,Banco Central de Venezuela,https://www.bcv.org.ve/sites/default/files/indicadores_sector_externo/2_1_1_tdc.xlsx,Diaria,2017-02-10,2017-02-10,2017,10.0,Bs/USD
tipo_cambio_bcv_usd,Tipo de cambio BCV,Economía,Banco Central de Venezuela,https://www.bcv.org.ve/sites/default/files/indicadores_sector_externo/2_1_1_tdc.xlsx,Diaria,2017-02-13,2017-02-13,2017,10.0,Bs/USD
tipo_cambio_bcv_usd,Tipo de cambio BCV,Economía,Banco Central de Venezuela,https://www.bcv.org.ve/sites/default/files/indicadores_sector_externo/2_1_1_tdc.xlsx,Diaria,2017-02-14,2017-02-14,2017,10.0,Bs/USD
tipo_cambio_bcv_usd,Tipo de cambio BCV,Economía,Banco Central de Venezuela,https://www.bcv.org.ve/sites/default/files/indicadores_sector_externo/2_1_1_tdc.xlsx,Diaria,2017-02-15,2017-02-15,2017,10.0,Bs/USD
tipo_cambio_bcv_usd,Tipo de cambio BCV,Economía,Banco Central de Venezuela,https://www.bcv.org.ve/sites/default/files/indicadores_sector_externo/2_1_1_tdc.xlsx,Diaria,2017-02-16,2017-02-16,2017,10.0,Bs/USD
tipo_cambio_bcv_usd,Tipo de cambio BCV,Economía,Banco Central de Venezuela,https://www.bcv.org.ve/sites/default/files/indicadores_sector_externo/2_1_1_tdc.xlsx,Diaria,2017-02-17,2017-02-17,2017,10.0,Bs/USD
tipo_cambio_bcv_usd,Tipo de cambio BCV,Economía,Banco Central de Venezuela,https://www.bcv.org.ve/sites/default/files/indicadores_sector_externo/2_1_1_tdc.xlsx,Diaria,2017-02-20,2017-02-20,2017,10.0,Bs/USD
tipo_cambio_bcv_usd,Tipo de cambio BCV,Economía,Banco Central de Venezuela,https://www.bcv.org.ve/sites/default/files/indicadores_sector_externo/2_1_1_tdc.xlsx,Diaria,2017-02-21,2017-02-21,2017,10.0,Bs/USD
tipo_cambio_bcv_usd,Tipo de cambio BCV,Economía,Banco Central de Venezuela,https://www.bcv.org.ve/sites/default/files/indicadores_sector_externo/2_1_1_tdc.xlsx,Diaria,2017-02-22,2017-02-22,2017,10.0,Bs/USD
tipo_cambio_bcv_usd,Tipo de cambio BCV,Economía,Banco Central de Venezuela,https://www.bcv.org.ve/sites/default/files/indicadores_sector_externo/2_1_1_tdc.xlsx,Diaria,2017-02-23,2017-02-23,2017,10.0,Bs/USD
tipo_cambio_bcv_usd,Tipo de cambio BCV,Economía,Banco Central de Venezuela,https://www.bcv.org.ve/sites/default/files/indicadores_sector_externo/2_1_1_tdc.xlsx,Diaria,2017-02-24,2017-02-24,2017,10.0,Bs/USD
tipo_cambio_bcv_usd,Tipo de cambio BCV,Economía,Banco Central de Venezuela,https://www.bcv.org.ve/sites/default/files/indicadores_sector_externo/2_1_1_tdc.xlsx,Diaria,2017-03-01,2017-03-01,2017,10.0,Bs/USD
tipo_cambio_bcv_usd,Tipo de cambio BCV,Economía,Banco Central de Venezuela,https://www.bcv.org.ve/sites/default/files/indicadores_sector_externo/2_1_1_tdc.xlsx,Diaria,2017-03-02,2017-03-02,2017,10.0,Bs/USD
tipo_cambio_bcv_usd,Tipo de cambio BCV,Economía,Banco Central de Venezuela,https://www.bcv.org.ve/sites/default/files/indicadores_sector_externo/2_1_1_tdc.xlsx,Diaria,2017-03-03,2017-03-03,2017,10.0,Bs/USD
tipo_cambio_bcv_usd,Tipo de cambio BCV,Economía,Banco Central de Venezuela,https://www.bcv.org.ve/sites/default/files/indicadores_sector_externo/2_1_1_tdc.xlsx,Diaria,2017-03-06,2017-03-06,2017,10.0,Bs/USD
tipo_cambio_bcv_usd,Tipo de cambio BCV,Economía,Banco Central de Venezuela,https://www.bcv.org.ve/sites/default/files/indicadores_sector_externo/2_1_1_tdc.xlsx,Diaria,2017-03-07,2017-03-07,2017,10.0,Bs/USD
tipo_cambio_bcv_usd,Tipo de cambio BCV,Economía,Banco Central de Venezuela,https://www.bcv.org.ve/sites/default/files/indicadores_sector_externo/2_1_1_tdc.xlsx,Diaria,2017-03-08,2017-03-08,2017,10.0,Bs/USD
tipo_cambio_bcv_usd,Tipo de cambio BCV,Economía,Banco Central de Venezuela,https://www.bcv.org.ve/sites/default/files/indicadores_sector_externo/2_1_1_tdc.xlsx,Diaria,2017-03-09,2017-03-09,2017,10.0,Bs/USD
tipo_cambio_bcv_usd,Tipo de cambio BCV,Economía,Banco Central de Venezuela,https://www.bcv.org.ve/sites/default/files/indicadores_sector_externo/2_1_1_tdc.xlsx,Diaria,2017-03-10,2017-03-10,2017,10.0,Bs/USD
tipo_cambio_bcv_usd,Tipo de cambio BCV,Economía,Banco Central de Venezuela,https://www.bcv.org.ve/sites/default/files/indicadores_sector_externo/2_1_1_tdc.xlsx,Diaria,2017-03-13,2017-03-13,2017,10.0,Bs/USD
tipo_cambio_bcv_usd,Tipo de cambio BCV,Economía,Banco Central de Venezuela,https://www.bcv.org.ve/sites/default/files/indicadores_sector_externo/2_1_1_tdc.xlsx,Diaria,2017-03-14,2017-03-14,2017,10.0,Bs/USD
tipo_cambio_bcv_usd,Tipo de cambio BCV,Economía,Banco Central de Venezuela,https://www.bcv.org.ve/sites/default/files/indicadores_sector_externo/2_1_1_tdc.xlsx,Diaria,2017-03-15,2017-03-15,2017,10.0,Bs/USD
tipo_cambio_bcv_usd,Tipo de cambio BCV,Economía,Banco Central de Venezuela,https://www.bcv.org.ve/sites/default/files/indicadores_sector_externo/2_1_1_tdc.xlsx,Diaria,2017-03-16,2017-03-16,2017,10.0,Bs/USD
tipo_cambio_bcv_usd,Tipo de cambio BCV,Economía,Banco Central de Venezuela,https://www.bcv.org.ve/sites/default/files/indicadores_sector_externo/2_1_1_tdc.xlsx,Diaria,2017-03-17,2017-03-17,2017,10.0,Bs/USD
tipo_cambio_bcv_usd,Tipo de cambio BCV,Economía,Banco Central de Venezuela,https://www.bcv.org.ve/sites/default/files/indicadores_sector_externo/2_1_1_tdc.xlsx,Diaria,2017-03-20,2017-03-20,2017,10.0,Bs/USD
tipo_cambio_bcv_usd,Tipo de cambio BCV,Economía,Banco Central de Venezuela,https://www.bcv.org.ve/sites/default/files/indicadores_sector_externo/2_1_1_tdc.xlsx,Diaria,2017-03-21,2017-03-21,2017,10.0,Bs/USD
tipo_cambio_bcv_usd,Tipo de cambio BCV,Economía,Banco Central de Venezuela,https://www.bcv.org.ve/sites/default/files/indicadores_sector_externo/2_1_1_tdc.xlsx,Diaria,2017-03-22,2017-03-22,2017,10.0,Bs/USD
tipo_cambio_bcv_usd,Tipo de cambio BCV,Economía,Banco Central de Venezuela,https://www.bcv.org.ve/sites/default/files/indicadores_sector_externo/2_1_1_tdc.xlsx,Diaria,2017-03-23,2017-03-23,2017,10.0,Bs/USD
tipo_cambio_bcv_usd,Tipo de cambio BCV,Economía,Banco Central de Venezuela,https://www.bcv.org.ve/sites/default/files/indicadores_sector_externo/2_1_1_tdc.xlsx,Diaria,2017-03-24,2017-03-24,2017,10.0,Bs/USD
tipo_cambio_bcv_usd,Tipo de cambio BCV,Economía,Banco Central de Venezuela,https://www.bcv.org.ve/sites/default/files/indicadores_sector_externo/2_1_1_tdc.xlsx,Diaria,2017-03-27,2017-03-27,2017,10.0,Bs/USD
tipo_cambio_bcv_usd,Tipo de cambio BCV,Economía,Banco Central de Venezuela,https://www.bcv.org.ve/sites/default/files/indicadores_sector_externo/2_1_1_tdc.xlsx,Diaria,2017-03-28,2017-03-28,2017,10.0,Bs/USD
tipo_cambio_bcv_usd,Tipo de cambio BCV,Economía,Banco Central de Venezuela,https://www.bcv.org.ve/sites/default/files/indicadores_sector_externo/2_1_1_tdc.xlsx,Diaria,2017-03-29,2017-03-29,2017,10.0,Bs/USD
tipo_cambio_bcv_usd,Tipo de cambio BCV,Economía,Banco Central de Venezuela,https://www.bcv.org.ve/sites/default/files/indicadores_sector_externo/2_1_1_tdc.xlsx,Diaria,2017-03-30,2017-03-30,2017,10.0,Bs/USD
tipo_cambio_bcv_usd,Tipo de cambio BCV,Economía,Banco Central de Venezuela,https://www.bcv.org.ve/sites/default/files/indicadores_sector_externo/2_1_1_tdc.xlsx,Diaria,2017-03-31,2017-03-31,2017,10.0,Bs/USD
tipo_cambio_bcv_usd,Tipo de cambio BCV,Economía,Banco Central de Venezuela,https://www.bcv.org.ve/sites/default/files/indicadores_sector_externo/2_1_1_tdc.xlsx,Diaria,2017-04-03,2017-04-03,2017,10.0,Bs/USD
tipo_cambio_bcv_usd,Tipo de cambio BCV,Economía,Banco Central de Venezuela,https://www.bcv.org.ve/sites/default/files/indicadores_sector_externo/2_1_1_tdc.xlsx,Diaria,2017-04-04,2017-04-04,2017,10.0,Bs/USD
tipo_cambio_bcv_usd,Tipo de cambio BCV,Economía,Banco Central de Venezuela,https://www.bcv.org.ve/sites/default/files/indicadores_sector_externo/2_1_1_tdc.xlsx,Diaria,2017-04-05,2017-04-05,2017,10.0,Bs/USD
tipo_cambio_bcv_usd,Tipo de cambio BCV,Economía,Banco Central de Venezuela,https://www.bcv.org.ve/sites/default/files/indicadores_sector_externo/2_1_1_tdc.xlsx,Diaria,2017-04-06,2017-04-06,2017,10.0,Bs/USD
tipo_cambio_bcv_usd,Tipo de cambio BCV,Economía,Banco Central de Venezuela,https://www.bcv.org.ve/sites/default/files/indicadores_sector_externo/2_1_1_tdc.xlsx,Diaria,2017-04-07,2017-04-07,2017,10.0,Bs/USD
tipo_cambio_bcv_usd,Tipo de cambio BCV,Economía,Banco Central de Venezuela,https://www.bcv.org.ve/sites/default/files/indicadores_sector_externo/2_1_1_tdc.xlsx,Diaria,2017-04-10,2017-04-10,2017,10.0,Bs/USD
tipo_cambio_bcv_usd,Tipo de cambio BCV,Economía,Banco Central de Venezuela,https://www.bcv.org.ve/sites/default/files/indicadores_sector_externo/2_1_1_tdc.xlsx,Diaria,2017-04-11,2017-04-11,2017,10.0,Bs/USD
tipo_cambio_bcv_usd,Tipo de cambio BCV,Economía,Banco Central de Venezuela,https://www.bcv.org.ve/sites/default/files/indicadores_sector_externo/2_1_1_tdc.xlsx,Diaria,2017-04-12,2017-04-12,2017,10.0,Bs/USD
tipo_cambio_bcv_usd,Tipo de cambio BCV,Economía,Banco Central de Venezuela,https://www.bcv.org.ve/sites/default/files/indicadores_sector_externo/2_1_1_tdc.xlsx,Diaria,2017-04-17,2017-04-17,2017,10.0,Bs/USD
tipo_cambio_bcv_usd,Tipo de cambio BCV,Economía,Banco Central de Venezuela,https://www.bcv.org.ve/sites/default/files/indicadores_sector_externo/2_1_1_tdc.xlsx,Diaria,2017-04-18,2017-04-18,2017,10.0,Bs/USD
tipo_cambio_bcv_usd,Tipo de cambio BCV,Economía,Banco Central de Venezuela,https://www.bcv.org.ve/sites/default/files/indicadores_sector_externo/2_1_1_tdc.xlsx,Diaria,2017-04-20,2017-04-20,2017,10.0,Bs/USD
tipo_cambio_bcv_usd,Tipo de cambio BCV,Economía,Banco Central de Venezuela,https://www.bcv.org.ve/sites/default/files/indicadores_sector_externo/2_1_1_tdc.xlsx,Diaria,2017-04-21,2017-04-21,2017,10.0,Bs/USD
tipo_cambio_bcv_usd,Tipo de cambio BCV,Economía,Banco Central de Venezuela,https://www.bcv.org.ve/sites/default/files/indicadores_sector_externo/2_1_1_tdc.xlsx,Diaria,2017-04-24,2017-04-24,2017,10.0,Bs/USD
tipo_cambio_bcv_usd,Tipo de cambio BCV,Economía,Banco Central de Venezuela,https://www.bcv.org.ve/sites/default/files/indicadores_sector_externo/2_1_1_tdc.xlsx,Diaria,2017-04-25,2017-04-25,2017,10.0,Bs/USD
tipo_cambio_bcv_usd,Tipo de cambio BCV,Economía,Banco Central de Venezuela,https://www.bcv.org.ve/sites/default/files/indicadores_sector_externo/2_1_1_tdc.xlsx,Diaria,2017-04-26,2017-04-26,2017,10.0,Bs/USD
tipo_cambio_bcv_usd,Tipo de cambio BCV,Economía,Banco Central de Venezuela,https://www.bcv.org.ve/sites/default/files/indicadores_sector_externo/2_1_1_tdc.xlsx,Diaria,2017-04-27,2017-04-27,2017,10.0,Bs/USD
tipo_cambio_bcv_usd,Tipo de cambio BCV,Economía,Banco Central de Venezuela,https://www.bcv.org.ve/sites/default/files/indicadores_sector_externo/2_1_1_tdc.xlsx,Diaria,2017-04-28,2017-04-28,2017,10.0,Bs/USD
tipo_cambio_bcv_usd,Tipo de cambio BCV,Economía,Banco Central de Venezuela,https://www.bcv.org.ve/sites/default/files/indicadores_sector_externo/2_1_1_tdc.xlsx,Diaria,2017-05-02,2017-05-02,2017,10.0,Bs/USD
tipo_cambio_bcv_usd,Tipo de cambio BCV,Economía,Banco Central de Venezuela,https://www.bcv.org.ve/sites/default/files/indicadores_sector_externo/2_1_1_tdc.xlsx,Diaria,2017-05-03,2017-05-03,2017,10.0,Bs/USD
tipo_cambio_bcv_usd,Tipo de cambio BCV,Economía,Banco Central de Venezuela,https://www.bcv.org.ve/sites/default/files/indicadores_sector_externo/2_1_1_tdc.xlsx,Diaria,2017-05-04,2017-05-04,2017,10.0,Bs/USD
tipo_cambio_bcv_usd,Tipo de cambio BCV,Economía,Banco Central de Venezuela,https://www.bcv.org.ve/sites/default/files/indicadores_sector_externo/2_1_1_tdc.xlsx,Diaria,2017-05-05,2017-05-05,2017,10.0,Bs/USD
tipo_cambio_bcv_usd,Tipo de cambio BCV,Economía,Banco Central de Venezuela,https://www.bcv.org.ve/sites/default/files/indicadores_sector_externo/2_1_1_tdc.xlsx,Diaria,2017-05-08,2017-05-08,2017,10.0,Bs/USD
tipo_cambio_bcv_usd,Tipo de cambio BCV,Economía,Banco Central de Venezuela,https://www.bcv.org.ve/sites/default/files/indicadores_sector_externo/2_1_1_tdc.xlsx,Diaria,2017-05-09,2017-05-09,2017,10.0,Bs/USD
tipo_cambio_bcv_usd,Tipo de cambio BCV,Economía,Banco Central de Venezuela,https://www.bcv.org.ve/sites/default/files/indicadores_sector_externo/2_1_1_tdc.xlsx,Diaria,2017-05-10,2017-05-10,2017,10.0,Bs/USD
tipo_cambio_bcv_usd,Tipo de cambio BCV,Economía,Banco Central de Venezuela,https://www.bcv.org.ve/sites/default/files/indicadores_sector_externo/2_1_1_tdc.xlsx,Diaria,2017-05-11,2017-05-11,2017,10.0,Bs/USD
tipo_cambio_bcv_usd,Tipo de cambio BCV,Economía,Banco Central de Venezuela,https://www.bcv.org.ve/sites/default/files/indicadores_sector_externo/2_1_1_tdc.xlsx,Diaria,2017-05-12,2017-05-12,2017,10.0,Bs/USD
tipo_cambio_bcv_usd,Tipo de cambio BCV,Economía,Banco Central de Venezuela,https://www.bcv.org.ve/sites/default/files/indicadores_sector_externo/2_1_1_tdc.xlsx,Diaria,2017-05-15,2017-05-15,2017,10.0,Bs/USD
tipo_cambio_bcv_usd,Tipo de cambio BCV,Economía,Banco Central de Venezuela,https://www.bcv.org.ve/sites/default/files/indicadores_sector_externo/2_1_1_tdc.xlsx,Diaria,2017-05-16,2017-05-16,2017,10.0,Bs/USD
tipo_cambio_bcv_usd,Tipo de cambio BCV,Economía,Banco Central de Venezuela,https://www.bcv.org.ve/sites/default/files/indicadores_sector_externo/2_1_1_tdc.xlsx,Diaria,2017-05-17,2017-05-17,2017,10.0,Bs/USD
tipo_cambio_bcv_usd,Tipo de cambio BCV,Economía,Banco Central de Venezuela,https://www.bcv.org.ve/sites/default/files/indicadores_sector_externo/2_1_1_tdc.xlsx,Diaria,2017-05-18,2017-05-18,2017,10.0,Bs/USD
tipo_cambio_bcv_usd,Tipo de cambio BCV,Economía,Banco Central de Venezuela,https://www.bcv.org.ve/sites/default/files/indicadores_sector_externo/2_1_1_tdc.xlsx,Diaria,2017-05-19,2017-05-19,2017,10.0,Bs/USD
tipo_cambio_bcv_usd,Tipo de cambio BCV,Economía,Banco Central de Venezuela,https://www.bcv.org.ve/sites/default/files/indicadores_sector_externo/2_1_1_tdc.xlsx,Diaria,2017-05-22,2017-05-22,2017,10.0,Bs/USD
tipo_cambio_bcv_usd,Tipo de cambio BCV,Economía,Banco Central de Venezuela,https://www.bcv.org.ve/sites/default/files/indicadores_sector_externo/2_1_1_tdc.xlsx,Diaria,2017-05-23,2017-05-23,2017,10.0,Bs/USD
tipo_cambio_bcv_usd,Tipo de cambio BCV,Economía,Banco Central de Venezuela,https://www.bcv.org.ve/sites/default/files/indicadores_sector_externo/2_1_1_tdc.xlsx,Diaria,2017-05-24,2017-05-24,2017,10.0,Bs/USD
tipo_cambio_bcv_usd,Tipo de cambio BCV,Economía,Banco Central de Venezuela,https://www.bcv.org.ve/sites/default/files/indicadores_sector_externo/2_1_1_tdc.xlsx,Diaria,2017-05-25,2017-05-25,2017,10.0,Bs/USD
tipo_cambio_bcv_usd,Tipo de cambio BCV,Economía,Banco Central de Venezuela,https://www.bcv.org.ve/sites/default/files/indicadores_sector_externo/2_1_1_tdc.xlsx,Diaria,2017-05-26,2017-05-26,2017,10.0,Bs/USD
tipo_cambio_bcv_usd,Tipo de cambio BCV,Economía,Banco Central de Venezuela,https://www.bcv.org.ve/sites/default/files/indicadores_sector_externo/2_1_1_tdc.xlsx,Diaria,2017-05-30,2017-05-30,2017,10.0,Bs/USD
tipo_cambio_bcv_usd,Tipo de cambio BCV,Economía,Banco Central de Venezuela,https://www.bcv.org.ve/sites/default/files/indicadores_sector_externo/2_1_1_tdc.xlsx,Diaria,2017-05-31,2017-05-31,2017,10.0,Bs/USD
tipo_cambio_bcv_usd,Tipo de cambio BCV,Economía,Banco Central de Venezuela,https://www.bcv.org.ve/sites/default/files/indicadores_sector_externo/2_1_1_tdc.xlsx,Diaria,2017-06-01,2017-06-01,2017,10.0,Bs/USD
tipo_cambio_bcv_usd,Tipo de cambio BCV,Economía,Banco Central de Venezuela,https://www.bcv.org.ve/sites/default/files/indicadores_sector_externo/2_1_1_tdc.xlsx,Diaria,2017-06-02,2017-06-02,2017,10.0,Bs/USD
tipo_cambio_bcv_usd,Tipo de cambio BCV,Economía,Banco Central de Venezuela,https://www.bcv.org.ve/sites/default/files/indicadores_sector_externo/2_1_1_tdc.xlsx,Diaria,2017-06-05,2017-06-05,2017,10.0,Bs/USD
tipo_cambio_bcv_usd,Tipo de cambio BCV,Economía,Banco Central de Venezuela,https://www.bcv.org.ve/sites/default/files/indicadores_sector_externo/2_1_1_tdc.xlsx,Diaria,2017-06-06,2017-06-06,2017,10.0,Bs/USD
tipo_cambio_bcv_usd,Tipo de cambio BCV,Economía,Banco Central de Venezuela,https://www.bcv.org.ve/sites/default/files/indicadores_sector_externo/2_1_1_tdc.xlsx,Diaria,2017-06-07,2017-06-07,2017,10.0,Bs/USD
tipo_cambio_bcv_usd,Tipo de cambio BCV,Economía,Banco Central de Venezuela,https://www.bcv.org.ve/sites/default/files/indicadores_sector_externo/2_1_1_tdc.xlsx,Diaria,2017-06-08,2017-06-08,2017,10.0,Bs/USD
tipo_cambio_bcv_usd,Tipo de cambio BCV,Economía,Banco Central de Venezuela,https://www.bcv.org.ve/sites/default/files/indicadores_sector_externo/2_1_1_tdc.xlsx,Diaria,2017-06-09,2017-06-09,2017,10.0,Bs/USD
tipo_cambio_bcv_usd,Tipo de cambio BCV,Economía,Banco Central de Venezuela,https://www.bcv.org.ve/sites/default/files/indicadores_sector_externo/2_1_1_tdc.xlsx,Diaria,2017-06-12,2017-06-12,2017,10.0,Bs/USD
tipo_cambio_bcv_usd,Tipo de cambio BCV,Economía,Banco Central de Venezuela,https://www.bcv.org.ve/sites/default/files/indicadores_sector_externo/2_1_1_tdc.xlsx,Diaria,2017-06-13,2017-06-13,2017,10.0,Bs/USD
tipo_cambio_bcv_usd,Tipo de cambio BCV,Economía,Banco Central de Venezuela,https://www.bcv.org.ve/sites/default/files/indicadores_sector_externo/2_1_1_tdc.xlsx,Diaria,2017-06-14,2017-06-14,2017,10.0,Bs/USD
tipo_cambio_bcv_usd,Tipo de cambio BCV,Economía,Banco Central de Venezuela,https://www.bcv.org.ve/sites/default/files/indicadores_sector_externo/2_1_1_tdc.xlsx,Diaria,2017-06-15,2017-06-15,2017,10.0,Bs/USD
tipo_cambio_bcv_usd,Tipo de cambio BCV,Economía,Banco Central de Venezuela,https://www.bcv.org.ve/sites/default/files/indicadores_sector_externo/2_1_1_tdc.xlsx,Diaria,2017-06-16,2017-06-16,2017,10.0,Bs/USD
tipo_cambio_bcv_usd,Tipo de cambio BCV,Economía,Banco Central de Venezuela,https://www.bcv.org.ve/sites/default/files/indicadores_sector_externo/2_1_1_tdc.xlsx,Diaria,2017-06-20,2017-06-20,2017,10.0,Bs/USD
tipo_cambio_bcv_usd,Tipo de cambio BCV,Economía,Banco Central de Venezuela,https://www.bcv.org.ve/sites/default/files/indicadores_sector_externo/2_1_1_tdc.xlsx,Diaria,2017-06-21,2017-06-21,2017,10.0,Bs/USD
tipo_cambio_bcv_usd,Tipo de cambio BCV,Economía,Banco Central de Venezuela,https://www.bcv.org.ve/sites/default/files/indicadores_sector_externo/2_1_1_tdc.xlsx,Diaria,2017-06-22,2017-06-22,2017,10.0,Bs/USD
tipo_cambio_bcv_usd,Tipo de cambio BCV,Economía,Banco Central de Venezuela,https://www.bcv.org.ve/sites/default/files/indicadores_sector_externo/2_1_1_tdc.xlsx,Diaria,2017-06-23,2017-06-23,2017,10.0,Bs/USD
tipo_cambio_bcv_usd,Tipo de cambio BCV,Economía,Banco Central de Venezuela,https://www.bcv.org.ve/sites/default/files/indicadores_sector_externo/2_1_1_tdc.xlsx,Diaria,2017-06-26,2017-06-26,2017,10.0,Bs/USD
tipo_cambio_bcv_usd,Tipo de cambio BCV,Economía,Banco Central de Venezuela,https://www.bcv.org.ve/sites/default/files/indicadores_sector_externo/2_1_1_tdc.xlsx,Diaria,2017-06-27,2017-06-27,2017,10.0,Bs/USD
tipo_cambio_bcv_usd,Tipo de cambio BCV,Economía,Banco Central de Venezuela,https://www.bcv.org.ve/sites/default/files/indicadores_sector_externo/2_1_1_tdc.xlsx,Diaria,2017-06-28,2017-06-28,2017,10.0,Bs/USD
tipo_cambio_bcv_usd,Tipo de cambio BCV,Economía,Banco Central de Venezuela,https://www.bcv.org.ve/sites/default/files/indicadores_sector_externo/2_1_1_tdc.xlsx,Diaria,2017-06-29,2017-06-29,2017,10.0,Bs/USD
tipo_cambio_bcv_usd,Tipo de cambio BCV,Economía,Banco Central de Venezuela,https://www.bcv.org.ve/sites/default/files/indicadores_sector_externo/2_1_1_tdc.xlsx,Diaria,2017-06-30,2017-06-30,2017,10.0,Bs/USD
tipo_cambio_bcv_usd,Tipo de cambio BCV,Economía,Banco Central de Venezuela,https://www.bcv.org.ve/sites/default/files/indicadores_sector_externo/2_1_1_tdc.xlsx,Diaria,2017-07-04,2017-07-04,2017,10.0,Bs/USD
tipo_cambio_bcv_usd,Tipo de cambio BCV,Economía,Banco Central de Venezuela,https://www.bcv.org.ve/sites/default/files/indicadores_sector_externo/2_1_1_tdc.xlsx,Diaria,2017-07-06,2017-07-06,2017,10.0,Bs/USD
tipo_cambio_bcv_usd,Tipo de cambio BCV,Economía,Banco Central de Venezuela,https://www.bcv.org.ve/sites/default/files/indicadores_sector_externo/2_1_1_tdc.xlsx,Diaria,2017-07-07,2017-07-07,2017,10.0,Bs/USD
tipo_cambio_bcv_usd,Tipo de cambio BCV,Economía,Banco Central de Venezuela,https://www.bcv.org.ve/sites/default/files/indicadores_sector_externo/2_1_1_tdc.xlsx,Diaria,2017-07-10,2017-07-10,2017,10.0,Bs/USD
tipo_cambio_bcv_usd,Tipo de cambio BCV,Economía,Banco Central de Venezuela,https://www.bcv.org.ve/sites/default/files/indicadores_sector_externo/2_1_1_tdc.xlsx,Diaria,2017-07-11,2017-07-11,2017,10.0,Bs/USD
tipo_cambio_bcv_usd,Tipo de cambio BCV,Economía,Banco Central de Venezuela,https://www.bcv.org.ve/sites/default/files/indicadores_sector_externo/2_1_1_tdc.xlsx,Diaria,2017-07-12,2017-07-12,2017,10.0,Bs/USD
tipo_cambio_bcv_usd,Tipo de cambio BCV,Economía,Banco Central de Venezuela,https://www.bcv.org.ve/sites/default/files/indicadores_sector_externo/2_1_1_tdc.xlsx,Diaria,2017-07-13,2017-07-13,2017,10.0,Bs/USD
tipo_cambio_bcv_usd,Tipo de cambio BCV,Economía,Banco Central de Venezuela,https://www.bcv.org.ve/sites/default/files/indicadores_sector_externo/2_1_1_tdc.xlsx,Diaria,2017-07-14,2017-07-14,2017,10.0,Bs/USD
tipo_cambio_bcv_usd,Tipo de cambio BCV,Economía,Banco Central de Venezuela,https://www.bcv.org.ve/sites/default/files/indicadores_sector_externo/2_1_1_tdc.xlsx,Diaria,2017-07-17,2017-07-17,2017,10.0,Bs/USD
tipo_cambio_bcv_usd,Tipo de cambio BCV,Economía,Banco Central de Venezuela,https://www.bcv.org.ve/sites/default/files/indicadores_sector_externo/2_1_1_tdc.xlsx,Diaria,2017-07-18,2017-07-18,2017,10.0,Bs/USD
tipo_cambio_bcv_usd,Tipo de cambio BCV,Economía,Banco Central de Venezuela,https://www.bcv.org.ve/sites/default/files/indicadores_sector_externo/2_1_1_tdc.xlsx,Diaria,2017-07-19,2017-07-19,2017,10.0,Bs/USD
tipo_cambio_bcv_usd,Tipo de cambio BCV,Economía,Banco Central de Venezuela,https://www.bcv.org.ve/sites/default/files/indicadores_sector_externo/2_1_1_tdc.xlsx,Diaria,2017-07-20,2017-07-20,2017,10.0,Bs/USD
tipo_cambio_bcv_usd,Tipo de cambio BCV,Economía,Banco Central de Venezuela,https://www.bcv.org.ve/sites/default/files/indicadores_sector_externo/2_1_1_tdc.xlsx,Diaria,2017-07-21,2017-07-21,2017,10.0,Bs/USD
tipo_cambio_bcv_usd,Tipo de cambio BCV,Economía,Banco Central de Venezuela,https://www.bcv.org.ve/sites/default/files/indicadores_sector_externo/2_1_1_tdc.xlsx,Diaria,2017-07-25,2017-07-25,2017,10.0,Bs/USD
tipo_cambio_bcv_usd,Tipo de cambio BCV,Economía,Banco Central de Venezuela,https://www.bcv.org.ve/sites/default/files/indicadores_sector_externo/2_1_1_tdc.xlsx,Diaria,2017-07-26,2017-07-26,2017,10.0,Bs/USD
tipo_cambio_bcv_usd,Tipo de cambio BCV,Economía,Banco Central de Venezuela,https://www.bcv.org.ve/sites/default/files/indicadores_sector_externo/2_1_1_tdc.xlsx,Diaria,2017-07-27,2017-07-27,2017,10.0,Bs/USD
tipo_cambio_bcv_usd,Tipo de cambio BCV,Economía,Banco Central de Venezuela,https://www.bcv.org.ve/sites/default/files/indicadores_sector_externo/2_1_1_tdc.xlsx,Diaria,2017-07-28,2017-07-28,2017,10.0,Bs/USD
tipo_cambio_bcv_usd,Tipo de cambio BCV,Economía,Banco Central de Venezuela,https://www.bcv.org.ve/sites/default/files/indicadores_sector_externo/2_1_1_tdc.xlsx,Diaria,2017-07-31,2017-07-31,2017,10.0,Bs/USD
tipo_cambio_bcv_usd,Tipo de cambio BCV,Economía,Banco Central de Venezuela,https://www.bcv.org.ve/sites/default/files/indicadores_sector_externo/2_1_1_tdc.xlsx,Diaria,2017-08-01,2017-08-01,2017,10.0,Bs/USD
tipo_cambio_bcv_usd,Tipo de cambio BCV,Economía,Banco Central de Venezuela,https://www.bcv.org.ve/sites/default/files/indicadores_sector_externo/2_1_1_tdc.xlsx,Diaria,2017-08-02,2017-08-02,2017,10.0,Bs/USD
tipo_cambio_bcv_usd,Tipo de cambio BCV,Economía,Banco Central de Venezuela,https://www.bcv.org.ve/sites/default/files/indicadores_sector_externo/2_1_1_tdc.xlsx,Diaria,2017-08-03,2017-08-03,2017,10.0,Bs/USD
tipo_cambio_bcv_usd,Tipo de cambio BCV,Economía,Banco Central de Venezuela,https://www.bcv.org.ve/sites/default/files/indicadores_sector_externo/2_1_1_tdc.xlsx,Diaria,2017-08-04,2017-08-04,2017,10.0,Bs/USD
tipo_cambio_bcv_usd,Tipo de cambio BCV,Economía,Banco Central de Venezuela,https://www.bcv.org.ve/sites/default/files/indicadores_sector_externo/2_1_1_tdc.xlsx,Diaria,2017-08-07,2017-08-07,2017,10.0,Bs/USD
tipo_cambio_bcv_usd,Tipo de cambio BCV,Economía,Banco Central de Venezuela,https://www.bcv.org.ve/sites/default/files/indicadores_sector_externo/2_1_1_tdc.xlsx,Diaria,2017-08-08,2017-08-08,2017,10.0,Bs/USD
tipo_cambio_bcv_usd,Tipo de cambio BCV,Economía,Banco Central de Venezuela,https://www.bcv.org.ve/sites/default/files/indicadores_sector_externo/2_1_1_tdc.xlsx,Diaria,2017-08-09,2017-08-09,2017,10.0,Bs/USD
tipo_cambio_bcv_usd,Tipo de cambio BCV,Economía,Banco Central de Venezuela,https://www.bcv.org.ve/sites/default/files/indicadores_sector_externo/2_1_1_tdc.xlsx,Diaria,2017-08-10,2017-08-10,2017,10.0,Bs/USD
tipo_cambio_bcv_usd,Tipo de cambio BCV,Economía,Banco Central de Venezuela,https://www.bcv.org.ve/sites/default/files/indicadores_sector_externo/2_1_1_tdc.xlsx,Diaria,2017-08-11,2017-08-11,2017,10.0,Bs/USD
tipo_cambio_bcv_usd,Tipo de cambio BCV,Economía,Banco Central de Venezuela,https://www.bcv.org.ve/sites/default/files/indicadores_sector_externo/2_1_1_tdc.xlsx,Diaria,2017-08-15,2017-08-15,2017,10.0,Bs/USD
tipo_cambio_bcv_usd,Tipo de cambio BCV,Economía,Banco Central de Venezuela,https://www.bcv.org.ve/sites/default/files/indicadores_sector_externo/2_1_1_tdc.xlsx,Diaria,2017-08-16,2017-08-16,2017,10.0,Bs/USD
tipo_cambio_bcv_usd,Tipo de cambio BCV,Economía,Banco Central de Venezuela,https://www.bcv.org.ve/sites/default/files/indicadores_sector_externo/2_1_1_tdc.xlsx,Diaria,2017-08-17,2017-08-17,2017,10.0,Bs/USD
tipo_cambio_bcv_usd,Tipo de cambio BCV,Economía,Banco Central de Venezuela,https://www.bcv.org.ve/sites/default/files/indicadores_sector_externo/2_1_1_tdc.xlsx,Diaria,2017-08-18,2017-08-18,2017,10.0,Bs/USD
tipo_cambio_bcv_usd,Tipo de cambio BCV,Economía,Banco Central de Venezuela,https://www.bcv.org.ve/sites/default/files/indicadores_sector_externo/2_1_1_tdc.xlsx,Diaria,2017-08-21,2017-08-21,2017,10.0,Bs/USD
tipo_cambio_bcv_usd,Tipo de cambio BCV,Economía,Banco Central de Venezuela,https://www.bcv.org.ve/sites/default/files/indicadores_sector_externo/2_1_1_tdc.xlsx,Diaria,2017-08-22,2017-08-22,2017,10.0,Bs/USD
tipo_cambio_bcv_usd,Tipo de cambio BCV,Economía,Banco Central de Venezuela,https://www.bcv.org.ve/sites/default/files/indicadores_sector_externo/2_1_1_tdc.xlsx,Diaria,2017-08-23,2017-08-23,2017,10.0,Bs/USD
tipo_cambio_bcv_usd,Tipo de cambio BCV,Economía,Banco Central de Venezuela,https://www.bcv.org.ve/sites/default/files/indicadores_sector_externo/2_1_1_tdc.xlsx,Diaria,2017-08-24,2017-08-24,2017,10.0,Bs/USD
tipo_cambio_bcv_usd,Tipo de cambio BCV,Economía,Banco Central de Venezuela,https://www.bcv.org.ve/sites/default/files/indicadores_sector_externo/2_1_1_tdc.xlsx,Diaria,2017-08-25,2017-08-25,2017,10.0,Bs/USD
tipo_cambio_bcv_usd,Tipo de cambio BCV,Economía,Banco Central de Venezuela,https://www.bcv.org.ve/sites/default/files/indicadores_sector_externo/2_1_1_tdc.xlsx,Diaria,2017-08-28,2017-08-28,2017,10.0,Bs/USD
tipo_cambio_bcv_usd,Tipo de cambio BCV,Economía,Banco Central de Venezuela,https://www.bcv.org.ve/sites/default/files/indicadores_sector_externo/2_1_1_tdc.xlsx,Diaria,2017-08-29,2017-08-29,2017,10.0,Bs/USD
tipo_cambio_bcv_usd,Tipo de cambio BCV,Economía,Banco Central de Venezuela,https://www.bcv.org.ve/sites/default/files/indicadores_sector_externo/2_1_1_tdc.xlsx,Diaria,2017-08-30,2017-08-30,2017,10.0,Bs/USD
tipo_cambio_bcv_usd,Tipo de cambio BCV,Economía,Banco Central de Venezuela,https://www.bcv.org.ve/sites/default/files/indicadores_sector_externo/2_1_1_tdc.xlsx,Diaria,2017-08-31,2017-08-31,2017,10.0,Bs/USD
tipo_cambio_bcv_usd,Tipo de cambio BCV,Economía,Banco Central de Venezuela,https://www.bcv.org.ve/sites/default/files/indicadores_sector_externo/2_1_1_tdc.xlsx,Diaria,2017-09-01,2017-09-01,2017,10.0,Bs/USD
tipo_cambio_bcv_usd,Tipo de cambio BCV,Economía,Banco Central de Venezuela,https://www.bcv.org.ve/sites/default/files/indicadores_sector_externo/2_1_1_tdc.xlsx,Diaria,2017-09-04,2017-09-04,2017,10.0,Bs/USD
tipo_cambio_bcv_usd,Tipo de cambio BCV,Economía,Banco Central de Venezuela,https://www.bcv.org.ve/sites/default/files/indicadores_sector_externo/2_1_1_tdc.xlsx,Diaria,2017-09-05,2017-09-05,2017,10.0,Bs/USD
tipo_cambio_bcv_usd,Tipo de cambio BCV,Economía,Banco Central de Venezuela,https://www.bcv.org.ve/sites/default/files/indicadores_sector_externo/2_1_1_tdc.xlsx,Diaria,2017-09-06,2017-09-06,2017,10.0,Bs/USD
tipo_cambio_bcv_usd,Tipo de cambio BCV,Economía,Banco Central de Venezuela,https://www.bcv.org.ve/sites/default/files/indicadores_sector_externo/2_1_1_tdc.xlsx,Diaria,2017-09-07,2017-09-07,2017,10.0,Bs/USD
tipo_cambio_bcv_usd,Tipo de cambio BCV,Economía,Banco Central de Venezuela,https://www.bcv.org.ve/sites/default/files/indicadores_sector_externo/2_1_1_tdc.xlsx,Diaria,2017-09-08,2017-09-08,2017,10.0,Bs/USD
tipo_cambio_bcv_usd,Tipo de cambio BCV,Economía,Banco Central de Venezuela,https://www.bcv.org.ve/sites/default/files/indicadores_sector_externo/2_1_1_tdc.xlsx,Diaria,2017-09-12,2017-09-12,2017,10.0,Bs/USD
tipo_cambio_bcv_usd,Tipo de cambio BCV,Economía,Banco Central de Venezuela,https://www.bcv.org.ve/sites/default/files/indicadores_sector_externo/2_1_1_tdc.xlsx,Diaria,2017-09-13,2017-09-13,2017,10.0,Bs/USD
tipo_cambio_bcv_usd,Tipo de cambio BCV,Economía,Banco Central de Venezuela,https://www.bcv.org.ve/sites/default/files/indicadores_sector_externo/2_1_1_tdc.xlsx,Diaria,2017-09-14,2017-09-14,2017,10.0,Bs/USD
tipo_cambio_bcv_usd,Tipo de cambio BCV,Economía,Banco Central de Venezuela,https://www.bcv.org.ve/sites/default/files/indicadores_sector_externo/2_1_1_tdc.xlsx,Diaria,2017-09-15,2017-09-15,2017,10.0,Bs/USD
tipo_cambio_bcv_usd,Tipo de cambio BCV,Economía,Banco Central de Venezuela,https://www.bcv.org.ve/sites/default/files/indicadores_sector_externo/2_1_1_tdc.xlsx,Diaria,2017-09-18,2017-09-18,2017,10.0,Bs/USD
tipo_cambio_bcv_usd,Tipo de cambio BCV,Economía,Banco Central de Venezuela,https://www.bcv.org.ve/sites/default/files/indicadores_sector_externo/2_1_1_tdc.xlsx,Diaria,2017-09-19,2017-09-19,2017,10.0,Bs/USD
tipo_cambio_bcv_usd,Tipo de cambio BCV,Economía,Banco Central de Venezuela,https://www.bcv.org.ve/sites/default/files/indicadores_sector_externo/2_1_1_tdc.xlsx,Diaria,2017-09-20,2017-09-20,2017,10.0,Bs/USD
tipo_cambio_bcv_usd,Tipo de cambio BCV,Economía,Banco Central de Venezuela,https://www.bcv.org.ve/sites/default/files/indicadores_sector_externo/2_1_1_tdc.xlsx,Diaria,2017-09-21,2017-09-21,2017,10.0,Bs/USD
tipo_cambio_bcv_usd,Tipo de cambio BCV,Economía,Banco Central de Venezuela,https://www.bcv.org.ve/sites/default/files/indicadores_sector_externo/2_1_1_tdc.xlsx,Diaria,2017-09-22,2017-09-22,2017,10.0,Bs/USD
tipo_cambio_bcv_usd,Tipo de cambio BCV,Economía,Banco Central de Venezuela,https://www.bcv.org.ve/sites/default/files/indicadores_sector_externo/2_1_1_tdc.xlsx,Diaria,2017-09-25,2017-09-25,2017,10.0,Bs/USD
tipo_cambio_bcv_usd,Tipo de cambio BCV,Economía,Banco Central de Venezuela,https://www.bcv.org.ve/sites/default/files/indicadores_sector_externo/2_1_1_tdc.xlsx,Diaria,2017-09-26,2017-09-26,2017,10.0,Bs/USD
tipo_cambio_bcv_usd,Tipo de cambio BCV,Economía,Banco Central de Venezuela,https://www.bcv.org.ve/sites/default/files/indicadores_sector_externo/2_1_1_tdc.xlsx,Diaria,2017-09-27,2017-09-27,2017,10.0,Bs/USD
tipo_cambio_bcv_usd,Tipo de cambio BCV,Economía,Banco Central de Venezuela,https://www.bcv.org.ve/sites/default/files/indicadores_sector_externo/2_1_1_tdc.xlsx,Diaria,2017-09-28,2017-09-28,2017,10.0,Bs/USD
tipo_cambio_bcv_usd,Tipo de cambio BCV,Economía,Banco Central de Venezuela,https://www.bcv.org.ve/sites/default/files/indicadores_sector_externo/2_1_1_tdc.xlsx,Diaria,2017-09-29,2017-09-29,2017,10.0,Bs/USD
tipo_cambio_bcv_usd,Tipo de cambio BCV,Economía,Banco Central de Venezuela,https://www.bcv.org.ve/sites/default/files/indicadores_sector_externo/2_1_1_tdc.xlsx,Diaria,2017-10-02,2017-10-02,2017,10.0,Bs/USD
tipo_cambio_bcv_usd,Tipo de cambio BCV,Economía,Banco Central de Venezuela,https://www.bcv.org.ve/sites/default/files/indicadores_sector_externo/2_1_1_tdc.xlsx,Diaria,2017-10-03,2017-10-03,2017,10.0,Bs/USD
tipo_cambio_bcv_usd,Tipo de cambio BCV,Economía,Banco Central de Venezuela,https://www.bcv.org.ve/sites/default/files/indicadores_sector_externo/2_1_1_tdc.xlsx,Diaria,2017-10-04,2017-10-04,2017,10.0,Bs/USD
tipo_cambio_bcv_usd,Tipo de cambio BCV,Economía,Banco Central de Venezuela,https://www.bcv.org.ve/sites/default/files/indicadores_sector_externo/2_1_1_tdc.xlsx,Diaria,2017-10-05,2017-10-05,2017,10.0,Bs/USD
tipo_cambio_bcv_usd,Tipo de cambio BCV,Economía,Banco Central de Venezuela,https://www.bcv.org.ve/sites/default/files/indicadores_sector_externo/2_1_1_tdc.xlsx,Diaria,2017-10-06,2017-10-06,2017,10.0,Bs/USD
tipo_cambio_bcv_usd,Tipo de cambio BCV,Economía,Banco Central de Venezuela,https://www.bcv.org.ve/sites/default/files/indicadores_sector_externo/2_1_1_tdc.xlsx,Diaria,2017-10-09,2017-10-09,2017,10.0,Bs/USD
tipo_cambio_bcv_usd,Tipo de cambio BCV,Economía,Banco Central de Venezuela,https://www.bcv.org.ve/sites/default/files/indicadores_sector_externo/2_1_1_tdc.xlsx,Diaria,2017-10-10,2017-10-10,2017,10.0,Bs/USD
tipo_cambio_bcv_usd,Tipo de cambio BCV,Economía,Banco Central de Venezuela,https://www.bcv.org.ve/sites/default/files/indicadores_sector_externo/2_1_1_tdc.xlsx,Diaria,2017-10-11,2017-10-11,2017,10.0,Bs/USD
tipo_cambio_bcv_usd,Tipo de cambio BCV,Economía,Banco Central de Venezuela,https://www.bcv.org.ve/sites/default/files/indicadores_sector_externo/2_1_1_tdc.xlsx,Diaria,2017-10-13,2017-10-13,2017,10.0,Bs/USD
tipo_cambio_bcv_usd,Tipo de cambio BCV,Economía,Banco Central de Venezuela,https://www.bcv.org.ve/sites/default/files/indicadores_sector_externo/2_1_1_tdc.xlsx,Diaria,2017-10-16,2017-10-16,2017,10.0,Bs/USD
tipo_cambio_bcv_usd,Tipo de cambio BCV,Economía,Banco Central de Venezuela,https://www.bcv.org.ve/sites/default/files/indicadores_sector_externo/2_1_1_tdc.xlsx,Diaria,2017-10-17,2017-10-17,2017,10.0,Bs/USD
tipo_cambio_bcv_usd,Tipo de cambio BCV,Economía,Banco Central de Venezuela,https://www.bcv.org.ve/sites/default/files/indicadores_sector_externo/2_1_1_tdc.xlsx,Diaria,2017-10-18,2017-10-18,2017,10.0,Bs/USD
tipo_cambio_bcv_usd,Tipo de cambio BCV,Economía,Banco Central de Venezuela,https://www.bcv.org.ve/sites/default/files/indicadores_sector_externo/2_1_1_tdc.xlsx,Diaria,2017-10-19,2017-10-19,2017,10.0,Bs/USD
tipo_cambio_bcv_usd,Tipo de cambio BCV,Economía,Banco Central de Venezuela,https://www.bcv.org.ve/sites/default/files/indicadores_sector_externo/2_1_1_tdc.xlsx,Diaria,2017-10-20,2017-10-20,2017,10.0,Bs/USD
tipo_cambio_bcv_usd,Tipo de cambio BCV,Economía,Banco Central de Venezuela,https://www.bcv.org.ve/sites/default/files/indicadores_sector_externo/2_1_1_tdc.xlsx,Diaria,2017-10-23,2017-10-23,2017,10.0,Bs/USD
tipo_cambio_bcv_usd,Tipo de cambio BCV,Economía,Banco Central de Venezuela,https://www.bcv.org.ve/sites/default/files/indicadores_sector_externo/2_1_1_tdc.xlsx,Diaria,2017-10-24,2017-10-24,2017,10.0,Bs/USD
tipo_cambio_bcv_usd,Tipo de cambio BCV,Economía,Banco Central de Venezuela,https://www.bcv.org.ve/sites/default/files/indicadores_sector_externo/2_1_1_tdc.xlsx,Diaria,2017-10-25,2017-10-25,2017,10.0,Bs/USD
tipo_cambio_bcv_usd,Tipo de cambio BCV,Economía,Banco Central de Venezuela,https://www.bcv.org.ve/sites/default/files/indicadores_sector_externo/2_1_1_tdc.xlsx,Diaria,2017-10-26,2017-10-26,2017,10.0,Bs/USD
tipo_cambio_bcv_usd,Tipo de cambio BCV,Economía,Banco Central de Venezuela,https://www.bcv.org.ve/sites/default/files/indicadores_sector_externo/2_1_1_tdc.xlsx,Diaria,2017-10-27,2017-10-27,2017,10.0,Bs/USD
tipo_cambio_bcv_usd,Tipo de cambio BCV,Economía,Banco Central de Venezuela,https://www.bcv.org.ve/sites/default/files/indicadores_sector_externo/2_1_1_tdc.xlsx,Diaria,2017-10-30,2017-10-30,2017,10.0,Bs/USD
tipo_cambio_bcv_usd,Tipo de cambio BCV,Economía,Banco Central de Venezuela,https://www.bcv.org.ve/sites/default/files/indicadores_sector_externo/2_1_1_tdc.xlsx,Diaria,2017-10-31,2017-10-31,2017,10.0,Bs/USD
tipo_cambio_bcv_usd,Tipo de cambio BCV,Economía,Banco Central de Venezuela,https://www.bcv.org.ve/sites/default/files/indicadores_sector_externo/2_1_1_tdc.xlsx,Diaria,2017-11-01,2017-11-01,2017,10.0,Bs/USD
tipo_cambio_bcv_usd,Tipo de cambio BCV,Economía,Banco Central de Venezuela,https://www.bcv.org.ve/sites/default/files/indicadores_sector_externo/2_1_1_tdc.xlsx,Diaria,2017-11-02,2017-11-02,2017,10.0,Bs/USD
tipo_cambio_bcv_usd,Tipo de cambio BCV,Economía,Banco Central de Venezuela,https://www.bcv.org.ve/sites/default/files/indicadores_sector_externo/2_1_1_tdc.xlsx,Diaria,2017-11-03,2017-11-03,2017,10.0,Bs/USD
tipo_cambio_bcv_usd,Tipo de cambio BCV,Economía,Banco Central de Venezuela,https://www.bcv.org.ve/sites/default/files/indicadores_sector_externo/2_1_1_tdc.xlsx,Diaria,2017-11-07,2017-11-07,2017,10.0,Bs/USD
tipo_cambio_bcv_usd,Tipo de cambio BCV,Economía,Banco Central de Venezuela,https://www.bcv.org.ve/sites/default/files/indicadores_sector_externo/2_1_1_tdc.xlsx,Diaria,2017-11-08,2017-11-08,2017,10.0,Bs/USD
tipo_cambio_bcv_usd,Tipo de cambio BCV,Economía,Banco Central de Venezuela,https://www.bcv.org.ve/sites/default/files/indicadores_sector_externo/2_1_1_tdc.xlsx,Diaria,2017-11-09,2017-11-09,2017,10.0,Bs/USD
tipo_cambio_bcv_usd,Tipo de cambio BCV,Economía,Banco Central de Venezuela,https://www.bcv.org.ve/sites/default/files/indicadores_sector_externo/2_1_1_tdc.xlsx,Diaria,2017-11-10,2017-11-10,2017,10.0,Bs/USD
tipo_cambio_bcv_usd,Tipo de cambio BCV,Economía,Banco Central de Venezuela,https://www.bcv.org.ve/sites/default/files/indicadores_sector_externo/2_1_1_tdc.xlsx,Diaria,2017-11-13,2017-11-13,2017,10.0,Bs/USD
tipo_cambio_bcv_usd,Tipo de cambio BCV,Economía,Banco Central de Venezuela,https://www.bcv.org.ve/sites/default/files/indicadores_sector_externo/2_1_1_tdc.xlsx,Diaria,2017-11-14,2017-11-14,2017,10.0,Bs/USD
tipo_cambio_bcv_usd,Tipo de cambio BCV,Economía,Banco Central de Venezuela,https://www.bcv.org.ve/sites/default/files/indicadores_sector_externo/2_1_1_tdc.xlsx,Diaria,2017-11-15,2017-11-15,2017,10.0,Bs/USD
tipo_cambio_bcv_usd,Tipo de cambio BCV,Economía,Banco Central de Venezuela,https://www.bcv.org.ve/sites/default/files/indicadores_sector_externo/2_1_1_tdc.xlsx,Diaria,2017-11-16,2017-11-16,2017,10.0,Bs/USD
tipo_cambio_bcv_usd,Tipo de cambio BCV,Economía,Banco Central de Venezuela,https://www.bcv.org.ve/sites/default/files/indicadores_sector_externo/2_1_1_tdc.xlsx,Diaria,2017-11-17,2017-11-17,2017,10.0,Bs/USD
tipo_cambio_bcv_usd,Tipo de cambio BCV,Economía,Banco Central de Venezuela,https://www.bcv.org.ve/sites/default/files/indicadores_sector_externo/2_1_1_tdc.xlsx,Diaria,2017-11-20,2017-11-20,2017,10.0,Bs/USD
tipo_cambio_bcv_usd,Tipo de cambio BCV,Economía,Banco Central de Venezuela,https://www.bcv.org.ve/sites/default/files/indicadores_sector_externo/2_1_1_tdc.xlsx,Diaria,2017-11-21,2017-11-21,2017,10.0,Bs/USD
tipo_cambio_bcv_usd,Tipo de cambio BCV,Economía,Banco Central de Venezuela,https://www.bcv.org.ve/sites/default/files/indicadores_sector_externo/2_1_1_tdc.xlsx,Diaria,2017-11-22,2017-11-22,2017,10.0,Bs/USD
tipo_cambio_bcv_usd,Tipo de cambio BCV,Economía,Banco Central de Venezuela,https://www.bcv.org.ve/sites/default/files/indicadores_sector_externo/2_1_1_tdc.xlsx,Diaria,2017-11-23,2017-11-23,2017,10.0,Bs/USD
tipo_cambio_bcv_usd,Tipo de cambio BCV,Economía,Banco Central de Venezuela,https://www.bcv.org.ve/sites/default/files/indicadores_sector_externo/2_1_1_tdc.xlsx,Diaria,2017-11-24,2017-11-24,2017,10.0,Bs/USD
tipo_cambio_bcv_usd,Tipo de cambio BCV,Economía,Banco Central de Venezuela,https://www.bcv.org.ve/sites/default/files/indicadores_sector_externo/2_1_1_tdc.xlsx,Diaria,2017-11-27,2017-11-27,2017,10.0,Bs/USD
tipo_cambio_bcv_usd,Tipo de cambio BCV,Economía,Banco Central de Venezuela,https://www.bcv.org.ve/sites/default/files/indicadores_sector_externo/2_1_1_tdc.xlsx,Diaria,2017-11-28,2017-11-28,2017,10.0,Bs/USD
tipo_cambio_bcv_usd,Tipo de cambio BCV,Economía,Banco Central de Venezuela,https://www.bcv.org.ve/sites/default/files/indicadores_sector_externo/2_1_1_tdc.xlsx,Diaria,2017-11-29,2017-11-29,2017,10.0,Bs/USD
tipo_cambio_bcv_usd,Tipo de cambio BCV,Economía,Banco Central de Venezuela,https://www.bcv.org.ve/sites/default/files/indicadores_sector_externo/2_1_1_tdc.xlsx,Diaria,2017-11-30,2017-11-30,2017,10.0,Bs/USD
tipo_cambio_bcv_usd,Tipo de cambio BCV,Economía,Banco Central de Venezuela,https://www.bcv.org.ve/sites/default/files/indicadores_sector_externo/2_1_1_tdc.xlsx,Diaria,2017-12-01,2017-12-01,2017,10.0,Bs/USD
tipo_cambio_bcv_usd,Tipo de cambio BCV,Economía,Banco Central de Venezuela,https://www.bcv.org.ve/sites/default/files/indicadores_sector_externo/2_1_1_tdc.xlsx,Diaria,2017-12-04,2017-12-04,2017,10.0,Bs/USD
tipo_cambio_bcv_usd,Tipo de cambio BCV,Economía,Banco Central de Venezuela,https://www.bcv.org.ve/sites/default/files/indicadores_sector_externo/2_1_1_tdc.xlsx,Diaria,2017-12-05,2017-12-05,2017,10.0,Bs/USD
tipo_cambio_bcv_usd,Tipo de cambio BCV,Economía,Banco Central de Venezuela,https://www.bcv.org.ve/sites/default/files/indicadores_sector_externo/2_1_1_tdc.xlsx,Diaria,2017-12-06,2017-12-06,2017,10.0,Bs/USD
tipo_cambio_bcv_usd,Tipo de cambio BCV,Economía,Banco Central de Venezuela,https://www.bcv.org.ve/sites/default/files/indicadores_sector_externo/2_1_1_tdc.xlsx,Diaria,2017-12-07,2017-12-07,2017,10.0,Bs/USD
tipo_cambio_bcv_usd,Tipo de cambio BCV,Economía,Banco Central de Venezuela,https://www.bcv.org.ve/sites/default/files/indicadores_sector_externo/2_1_1_tdc.xlsx,Diaria,2017-12-08,2017-12-08,2017,10.0,Bs/USD
tipo_cambio_bcv_usd,Tipo de cambio BCV,Economía,Banco Central de Venezuela,https://www.bcv.org.ve/sites/default/files/indicadores_sector_externo/2_1_1_tdc.xlsx,Diaria,2017-12-12,2017-12-12,2017,10.0,Bs/USD
tipo_cambio_bcv_usd,Tipo de cambio BCV,Economía,Banco Central de Venezuela,https://www.bcv.org.ve/sites/default/files/indicadores_sector_externo/2_1_1_tdc.xlsx,Diaria,2017-12-13,2017-12-13,2017,10.0,Bs/USD
tipo_cambio_bcv_usd,Tipo de cambio BCV,Economía,Banco Central de Venezuela,https://www.bcv.org.ve/sites/default/files/indicadores_sector_externo/2_1_1_tdc.xlsx,Diaria,2017-12-14,2017-12-14,2017,10.0,Bs/USD
tipo_cambio_bcv_usd,Tipo de cambio BCV,Economía,Banco Central de Venezuela,https://www.bcv.org.ve/sites/default/files/indicadores_sector_externo/2_1_1_tdc.xlsx,Diaria,2017-12-15,2017-12-15,2017,10.0,Bs/USD
tipo_cambio_bcv_usd,Tipo de cambio BCV,Economía,Banco Central de Venezuela,https://www.bcv.org.ve/sites/default/files/indicadores_sector_externo/2_1_1_tdc.xlsx,Diaria,2017-12-18,2017-12-18,2017,10.0,Bs/USD
tipo_cambio_bcv_usd,Tipo de cambio BCV,Economía,Banco Central de Venezuela,https://www.bcv.org.ve/sites/default/files/indicadores_sector_externo/2_1_1_tdc.xlsx,Diaria,2017-12-19,2017-12-19,2017,10.0,Bs/USD
tipo_cambio_bcv_usd,Tipo de cambio BCV,Economía,Banco Central de Venezuela,https://www.bcv.org.ve/sites/default/files/indicadores_sector_externo/2_1_1_tdc.xlsx,Diaria,2017-12-20,2017-12-20,2017,10.0,Bs/USD
tipo_cambio_bcv_usd,Tipo de cambio BCV,Economía,Banco Central de Venezuela,https://www.bcv.org.ve/sites/default/files/indicadores_sector_externo/2_1_1_tdc.xlsx,Diaria,2017-12-21,2017-12-21,2017,10.0,Bs/USD
tipo_cambio_bcv_usd,Tipo de cambio BCV,Economía,Banco Central de Venezuela,https://www.bcv.org.ve/sites/default/files/indicadores_sector_externo/2_1_1_tdc.xlsx,Diaria,2017-12-22,2017-12-22,2017,10.0,Bs/USD
tipo_cambio_bcv_usd,Tipo de cambio BCV,Economía,Banco Central de Venezuela,https://www.bcv.org.ve/sites/default/files/indicadores_sector_externo/2_1_1_tdc.xlsx,Diaria,2017-12-26,2017-12-26,2017,10.0,Bs/USD
tipo_cambio_bcv_usd,Tipo de cambio BCV,Economía,Banco Central de Venezuela,https://www.bcv.org.ve/sites/default/files/indicadores_sector_externo/2_1_1_tdc.xlsx,Diaria,2017-12-27,2017-12-27,2017,10.0,Bs/USD
tipo_cambio_bcv_usd,Tipo de cambio BCV,Economía,Banco Central de Venezuela,https://www.bcv.org.ve/sites/default/files/indicadores_sector_externo/2_1_1_tdc.xlsx,Diaria,2017-12-28,2017-12-28,2017,10.0,Bs/USD
tipo_cambio_bcv_usd,Tipo de cambio BCV,Economía,Banco Central de Venezuela,https://www.bcv.org.ve/sites/default/files/indicadores_sector_externo/2_1_1_tdc.xlsx,Diaria,2017-12-29,2017-12-29,2017,10.0,Bs/USD
tipo_cambio_bcv_usd,Tipo de cambio BCV,Economía,Banco Central de Venezuela,https://www.bcv.org.ve/sites/default/files/indicadores_sector_externo/2_1_1_tdc.xlsx,Diaria,2018-01-02,2018-01-02,2018,10.0,Bs/USD
tipo_cambio_bcv_usd,Tipo de cambio BCV,Economía,Banco Central de Venezuela,https://www.bcv.org.ve/sites/default/files/indicadores_sector_externo/2_1_1_tdc.xlsx,Diaria,2018-01-03,2018-01-03,2018,10.0,Bs/USD
tipo_cambio_bcv_usd,Tipo de cambio BCV,Economía,Banco Central de Venezuela,https://www.bcv.org.ve/sites/default/files/indicadores_sector_externo/2_1_1_tdc.xlsx,Diaria,2018-01-04,2018-01-04,2018,10.0,Bs/USD
tipo_cambio_bcv_usd,Tipo de cambio BCV,Economía,Banco Central de Venezuela,https://www.bcv.org.ve/sites/default/files/indicadores_sector_externo/2_1_1_tdc.xlsx,Diaria,2018-01-05,2018-01-05,2018,10.0,Bs/USD
tipo_cambio_bcv_usd,Tipo de cambio BCV,Economía,Banco Central de Venezuela,https://www.bcv.org.ve/sites/default/files/indicadores_sector_externo/2_1_1_tdc.xlsx,Diaria,2018-01-08,2018-01-08,2018,10.0,Bs/USD
tipo_cambio_bcv_usd,Tipo de cambio BCV,Economía,Banco Central de Venezuela,https://www.bcv.org.ve/sites/default/files/indicadores_sector_externo/2_1_1_tdc.xlsx,Diaria,2018-01-09,2018-01-09,2018,10.0,Bs/USD
tipo_cambio_bcv_usd,Tipo de cambio BCV,Economía,Banco Central de Venezuela,https://www.bcv.org.ve/sites/default/files/indicadores_sector_externo/2_1_1_tdc.xlsx,Diaria,2018-01-10,2018-01-10,2018,10.0,Bs/USD
tipo_cambio_bcv_usd,Tipo de cambio BCV,Economía,Banco Central de Venezuela,https://www.bcv.org.ve/sites/default/files/indicadores_sector_externo/2_1_1_tdc.xlsx,Diaria,2018-01-11,2018-01-11,2018,10.0,Bs/USD
tipo_cambio_bcv_usd,Tipo de cambio BCV,Economía,Banco Central de Venezuela,https://www.bcv.org.ve/sites/default/files/indicadores_sector_externo/2_1_1_tdc.xlsx,Diaria,2018-01-12,2018-01-12,2018,10.0,Bs/USD
tipo_cambio_bcv_usd,Tipo de cambio BCV,Economía,Banco Central de Venezuela,https://www.bcv.org.ve/sites/default/files/indicadores_sector_externo/2_1_1_tdc.xlsx,Diaria,2018-01-15,2018-01-15,2018,10.0,Bs/USD
tipo_cambio_bcv_usd,Tipo de cambio BCV,Economía,Banco Central de Venezuela,https://www.bcv.org.ve/sites/default/files/indicadores_sector_externo/2_1_1_tdc.xlsx,Diaria,2018-01-16,2018-01-16,2018,10.0,Bs/USD
tipo_cambio_bcv_usd,Tipo de cambio BCV,Economía,Banco Central de Venezuela,https://www.bcv.org.ve/sites/default/files/indicadores_sector_externo/2_1_1_tdc.xlsx,Diaria,2018-01-17,2018-01-17,2018,10.0,Bs/USD
tipo_cambio_bcv_usd,Tipo de cambio BCV,Economía,Banco Central de Venezuela,https://www.bcv.org.ve/sites/default/files/indicadores_sector_externo/2_1_1_tdc.xlsx,Diaria,2018-01-18,2018-01-18,2018,10.0,Bs/USD
tipo_cambio_bcv_usd,Tipo de cambio BCV,Economía,Banco Central de Venezuela,https://www.bcv.org.ve/sites/default/files/indicadores_sector_externo/2_1_1_tdc.xlsx,Diaria,2018-01-19,2018-01-19,2018,10.0,Bs/USD
tipo_cambio_bcv_usd,Tipo de cambio BCV,Economía,Banco Central de Venezuela,https://www.bcv.org.ve/sites/default/files/indicadores_sector_externo/2_1_1_tdc.xlsx,Diaria,2018-01-22,2018-01-22,2018,10.0,Bs/USD
tipo_cambio_bcv_usd,Tipo de cambio BCV,Economía,Banco Central de Venezuela,https://www.bcv.org.ve/sites/default/files/indicadores_sector_externo/2_1_1_tdc.xlsx,Diaria,2018-01-23,2018-01-23,2018,10.0,Bs/USD
tipo_cambio_bcv_usd,Tipo de cambio BCV,Economía,Banco Central de Venezuela,https://www.bcv.org.ve/sites/default/files/indicadores_sector_externo/2_1_1_tdc.xlsx,Diaria,2018-01-24,2018-01-24,2018,10.0,Bs/USD
tipo_cambio_bcv_usd,Tipo de cambio BCV,Economía,Banco Central de Venezuela,https://www.bcv.org.ve/sites/default/files/indicadores_sector_externo/2_1_1_tdc.xlsx,Diaria,2018-01-25,2018-01-25,2018,10.0,Bs/USD
tipo_cambio_bcv_usd,Tipo de cambio BCV,Economía,Banco Central de Venezuela,https://www.bcv.org.ve/sites/default/files/indicadores_sector_externo/2_1_1_tdc.xlsx,Diaria,2018-01-26,2018-01-26,2018,10.0,Bs/USD
tipo_cambio_bcv_usd,Tipo de cambio BCV,Economía,Banco Central de Venezuela,https://www.bcv.org.ve/sites/default/files/indicadores_sector_externo/2_1_1_tdc.xlsx,Diaria,2018-01-29,2018-01-29,2018,10.0,Bs/USD
tipo_cambio_bcv_usd,Tipo de cambio BCV,Economía,Banco Central de Venezuela,https://www.bcv.org.ve/sites/default/files/indicadores_sector_externo/2_1_1_tdc.xlsx,Diaria,2018-01-30,2018-01-30,2018,3345.0,Bs/USD
tipo_cambio_bcv_usd,Tipo de cambio BCV,Economía,Banco Central de Venezuela,https://www.bcv.org.ve/sites/default/files/indicadores_sector_externo/2_1_1_tdc.xlsx,Diaria,2018-01-31,2018-01-31,2018,3345.0,Bs/USD
tipo_cambio_bcv_usd,Tipo de cambio BCV,Economía,Banco Central de Venezuela,https://www.bcv.org.ve/sites/default/files/indicadores_sector_externo/2_1_1_tdc.xlsx,Diaria,2018-02-01,2018-02-01,2018,3345.0,Bs/USD
tipo_cambio_bcv_usd,Tipo de cambio BCV,Economía,Banco Central de Venezuela,https://www.bcv.org.ve/sites/default/files/indicadores_sector_externo/2_1_1_tdc.xlsx,Diaria,2018-02-02,2018-02-02,2018,3345.0,Bs/USD
tipo_cambio_bcv_usd,Tipo de cambio BCV,Economía,Banco Central de Venezuela,https://www.bcv.org.ve/sites/default/files/indicadores_sector_externo/2_1_1_tdc.xlsx,Diaria,2018-02-05,2018-02-05,2018,3345.0,Bs/USD
tipo_cambio_bcv_usd,Tipo de cambio BCV,Economía,Banco Central de Venezuela,https://www.bcv.org.ve/sites/default/files/indicadores_sector_externo/2_1_1_tdc.xlsx,Diaria,2018-02-06,2018-02-06,2018,3345.0,Bs/USD
tipo_cambio_bcv_usd,Tipo de cambio BCV,Economía,Banco Central de Venezuela,https://www.bcv.org.ve/sites/default/files/indicadores_sector_externo/2_1_1_tdc.xlsx,Diaria,2018-02-07,2018-02-07,2018,25000.0,Bs/USD
tipo_cambio_bcv_usd,Tipo de cambio BCV,Economía,Banco Central de Venezuela,https://www.bcv.org.ve/sites/default/files/indicadores_sector_externo/2_1_1_tdc.xlsx,Diaria,2018-02-08,2018-02-08,2018,25000.0,Bs/USD
tipo_cambio_bcv_usd,Tipo de cambio BCV,Economía,Banco Central de Venezuela,https://www.bcv.org.ve/sites/default/files/indicadores_sector_externo/2_1_1_tdc.xlsx,Diaria,2018-02-09,2018-02-09,2018,25000.0,Bs/USD
tipo_cambio_bcv_usd,Tipo de cambio BCV,Economía,Banco Central de Venezuela,https://www.bcv.org.ve/sites/default/files/indicadores_sector_externo/2_1_1_tdc.xlsx,Diaria,2018-02-14,2018-02-14,2018,25000.0,Bs/USD
tipo_cambio_bcv_usd,Tipo de cambio BCV,Economía,Banco Central de Venezuela,https://www.bcv.org.ve/sites/default/files/indicadores_sector_externo/2_1_1_tdc.xlsx,Diaria,2018-02-15,2018-02-15,2018,25000.0,Bs/USD
tipo_cambio_bcv_usd,Tipo de cambio BCV,Economía,Banco Central de Venezuela,https://www.bcv.org.ve/sites/default/files/indicadores_sector_externo/2_1_1_tdc.xlsx,Diaria,2018-02-16,2018-02-16,2018,25000.0,Bs/USD
tipo_cambio_bcv_usd,Tipo de cambio BCV,Economía,Banco Central de Venezuela,https://www.bcv.org.ve/sites/default/files/indicadores_sector_externo/2_1_1_tdc.xlsx,Diaria,2018-02-19,2018-02-19,2018,25000.0,Bs/USD
tipo_cambio_bcv_usd,Tipo de cambio BCV,Economía,Banco Central de Venezuela,https://www.bcv.org.ve/sites/default/files/indicadores_sector_externo/2_1_1_tdc.xlsx,Diaria,2018-02-20,2018-02-20,2018,25000.0,Bs/USD
tipo_cambio_bcv_usd,Tipo de cambio BCV,Economía,Banco Central de Venezuela,https://www.bcv.org.ve/sites/default/files/indicadores_sector_externo/2_1_1_tdc.xlsx,Diaria,2018-02-21,2018-02-21,2018,25000.0,Bs/USD
tipo_cambio_bcv_usd,Tipo de cambio BCV,Economía,Banco Central de Venezuela,https://www.bcv.org.ve/sites/default/files/indicadores_sector_externo/2_1_1_tdc.xlsx,Diaria,2018-02-22,2018-02-22,2018,25000.0,Bs/USD
tipo_cambio_bcv_usd,Tipo de cambio BCV,Economía,Banco Central de Venezuela,https://www.bcv.org.ve/sites/default/files/indicadores_sector_externo/2_1_1_tdc.xlsx,Diaria,2018-02-23,2018-02-23,2018,29000.0,Bs/USD
tipo_cambio_bcv_usd,Tipo de cambio BCV,Economía,Banco Central de Venezuela,https://www.bcv.org.ve/sites/default/files/indicadores_sector_externo/2_1_1_tdc.xlsx,Diaria,2018-02-26,2018-02-26,2018,29000.0,Bs/USD
tipo_cambio_bcv_usd,Tipo de cambio BCV,Economía,Banco Central de Venezuela,https://www.bcv.org.ve/sites/default/files/indicadores_sector_externo/2_1_1_tdc.xlsx,Diaria,2018-02-27,2018-02-27,2018,29000.0,Bs/USD
tipo_cambio_bcv_usd,Tipo de cambio BCV,Economía,Banco Central de Venezuela,https://www.bcv.org.ve/sites/default/files/indicadores_sector_externo/2_1_1_tdc.xlsx,Diaria,2018-02-28,2018-02-28,2018,29000.0,Bs/USD
tipo_cambio_bcv_usd,Tipo de cambio BCV,Economía,Banco Central de Venezuela,https://www.bcv.org.ve/sites/default/files/indicadores_sector_externo/2_1_1_tdc.xlsx,Diaria,2018-03-01,2018-03-01,2018,29000.0,Bs/USD
tipo_cambio_bcv_usd,Tipo de cambio BCV,Economía,Banco Central de Venezuela,https://www.bcv.org.ve/sites/default/files/indicadores_sector_externo/2_1_1_tdc.xlsx,Diaria,2018-03-02,2018-03-02,2018,35280.0,Bs/USD
tipo_cambio_bcv_usd,Tipo de cambio BCV,Economía,Banco Central de Venezuela,https://www.bcv.org.ve/sites/default/files/indicadores_sector_externo/2_1_1_tdc.xlsx,Diaria,2018-03-05,2018-03-05,2018,35280.0,Bs/USD
tipo_cambio_bcv_usd,Tipo de cambio BCV,Economía,Banco Central de Venezuela,https://www.bcv.org.ve/sites/default/files/indicadores_sector_externo/2_1_1_tdc.xlsx,Diaria,2018-03-06,2018-03-06,2018,35280.0,Bs/USD
tipo_cambio_bcv_usd,Tipo de cambio BCV,Economía,Banco Central de Venezuela,https://www.bcv.org.ve/sites/default/files/indicadores_sector_externo/2_1_1_tdc.xlsx,Diaria,2018-03-07,2018-03-07,2018,35280.0,Bs/USD
tipo_cambio_bcv_usd,Tipo de cambio BCV,Economía,Banco Central de Venezuela,https://www.bcv.org.ve/sites/default/files/indicadores_sector_externo/2_1_1_tdc.xlsx,Diaria,2018-03-08,2018-03-08,2018,35280.0,Bs/USD
tipo_cambio_bcv_usd,Tipo de cambio BCV,Economía,Banco Central de Venezuela,https://www.bcv.org.ve/sites/default/files/indicadores_sector_externo/2_1_1_tdc.xlsx,Diaria,2018-03-09,2018-03-09,2018,40000.0,Bs/USD
tipo_cambio_bcv_usd,Tipo de cambio BCV,Economía,Banco Central de Venezuela,https://www.bcv.org.ve/sites/default/files/indicadores_sector_externo/2_1_1_tdc.xlsx,Diaria,2018-03-12,2018-03-12,2018,40000.0,Bs/USD
tipo_cambio_bcv_usd,Tipo de cambio BCV,Economía,Banco Central de Venezuela,https://www.bcv.org.ve/sites/default/files/indicadores_sector_externo/2_1_1_tdc.xlsx,Diaria,2018-03-13,2018-03-13,2018,40000.0,Bs/USD
tipo_cambio_bcv_usd,Tipo de cambio BCV,Economía,Banco Central de Venezuela,https://www.bcv.org.ve/sites/default/files/indicadores_sector_externo/2_1_1_tdc.xlsx,Diaria,2018-03-14,2018-03-14,2018,36650.0,Bs/USD
tipo_cambio_bcv_usd,Tipo de cambio BCV,Economía,Banco Central de Venezuela,https://www.bcv.org.ve/sites/default/files/indicadores_sector_externo/2_1_1_tdc.xlsx,Diaria,2018-03-15,2018-03-15,2018,36650.0,Bs/USD
tipo_cambio_bcv_usd,Tipo de cambio BCV,Economía,Banco Central de Venezuela,https://www.bcv.org.ve/sites/default/files/indicadores_sector_externo/2_1_1_tdc.xlsx,Diaria,2018-03-16,2018-03-16,2018,36650.0,Bs/USD
tipo_cambio_bcv_usd,Tipo de cambio BCV,Economía,Banco Central de Venezuela,https://www.bcv.org.ve/sites/default/files/indicadores_sector_externo/2_1_1_tdc.xlsx,Diaria,2018-03-20,2018-03-20,2018,43980.0,Bs/USD
tipo_cambio_bcv_usd,Tipo de cambio BCV,Economía,Banco Central de Venezuela,https://www.bcv.org.ve/sites/default/files/indicadores_sector_externo/2_1_1_tdc.xlsx,Diaria,2018-03-21,2018-03-21,2018,43980.0,Bs/USD
tipo_cambio_bcv_usd,Tipo de cambio BCV,Economía,Banco Central de Venezuela,https://www.bcv.org.ve/sites/default/files/indicadores_sector_externo/2_1_1_tdc.xlsx,Diaria,2018-03-22,2018-03-22,2018,43980.0,Bs/USD
tipo_cambio_bcv_usd,Tipo de cambio BCV,Economía,Banco Central de Venezuela,https://www.bcv.org.ve/sites/default/files/indicadores_sector_externo/2_1_1_tdc.xlsx,Diaria,2018-03-23,2018-03-23,2018,43980.0,Bs/USD
tipo_cambio_bcv_usd,Tipo de cambio BCV,Economía,Banco Central de Venezuela,https://www.bcv.org.ve/sites/default/files/indicadores_sector_externo/2_1_1_tdc.xlsx,Diaria,2018-03-26,2018-03-26,2018,49477.5,Bs/USD
tipo_cambio_bcv_usd,Tipo de cambio BCV,Economía,Banco Central de Venezuela,https://www.bcv.org.ve/sites/default/files/indicadores_sector_externo/2_1_1_tdc.xlsx,Diaria,2018-03-27,2018-03-27,2018,49477.5,Bs/USD
tipo_cambio_bcv_usd,Tipo de cambio BCV,Economía,Banco Central de Venezuela,https://www.bcv.org.ve/sites/default/files/indicadores_sector_externo/2_1_1_tdc.xlsx,Diaria,2018-03-28,2018-03-28,2018,49477.5,Bs/USD
tipo_cambio_bcv_usd,Tipo de cambio BCV,Economía,Banco Central de Venezuela,https://www.bcv.org.ve/sites/default/files/indicadores_sector_externo/2_1_1_tdc.xlsx,Diaria,2018-04-02,2018-04-02,2018,49477.5,Bs/USD
tipo_cambio_bcv_usd,Tipo de cambio BCV,Economía,Banco Central de Venezuela,https://www.bcv.org.ve/sites/default/files/indicadores_sector_externo/2_1_1_tdc.xlsx,Diaria,2018-04-03,2018-04-03,2018,49477.5,Bs/USD
tipo_cambio_bcv_usd,Tipo de cambio BCV,Economía,Banco Central de Venezuela,https://www.bcv.org.ve/sites/default/files/indicadores_sector_externo/2_1_1_tdc.xlsx,Diaria,2018-04-04,2018-04-04,2018,49477.5,Bs/USD
tipo_cambio_bcv_usd,Tipo de cambio BCV,Economía,Banco Central de Venezuela,https://www.bcv.org.ve/sites/default/files/indicadores_sector_externo/2_1_1_tdc.xlsx,Diaria,2018-04-05,2018-04-05,2018,49477.5,Bs/USD
tipo_cambio_bcv_usd,Tipo de cambio BCV,Economía,Banco Central de Venezuela,https://www.bcv.org.ve/sites/default/files/indicadores_sector_externo/2_1_1_tdc.xlsx,Diaria,2018-04-06,2018-04-06,2018,49477.5,Bs/USD
tipo_cambio_bcv_usd,Tipo de cambio BCV,Economía,Banco Central de Venezuela,https://www.bcv.org.ve/sites/default/files/indicadores_sector_externo/2_1_1_tdc.xlsx,Diaria,2018-04-09,2018-04-09,2018,49500.0,Bs/USD
tipo_cambio_bcv_usd,Tipo de cambio BCV,Economía,Banco Central de Venezuela,https://www.bcv.org.ve/sites/default/files/indicadores_sector_externo/2_1_1_tdc.xlsx,Diaria,2018-04-10,2018-04-10,2018,49500.0,Bs/USD
tipo_cambio_bcv_usd,Tipo de cambio BCV,Economía,Banco Central de Venezuela,https://www.bcv.org.ve/sites/default/files/indicadores_sector_externo/2_1_1_tdc.xlsx,Diaria,2018-04-11,2018-04-11,2018,49500.0,Bs/USD
tipo_cambio_bcv_usd,Tipo de cambio BCV,Economía,Banco Central de Venezuela,https://www.bcv.org.ve/sites/default/files/indicadores_sector_externo/2_1_1_tdc.xlsx,Diaria,2018-04-12,2018-04-12,2018,49500.0,Bs/USD
tipo_cambio_bcv_usd,Tipo de cambio BCV,Economía,Banco Central de Venezuela,https://www.bcv.org.ve/sites/default/files/indicadores_sector_externo/2_1_1_tdc.xlsx,Diaria,2018-04-13,2018-04-13,2018,49500.0,Bs/USD
tipo_cambio_bcv_usd,Tipo de cambio BCV,Economía,Banco Central de Venezuela,https://www.bcv.org.ve/sites/default/files/indicadores_sector_externo/2_1_1_tdc.xlsx,Diaria,2018-04-16,2018-04-16,2018,59500.0,Bs/USD
tipo_cambio_bcv_usd,Tipo de cambio BCV,Economía,Banco Central de Venezuela,https://www.bcv.org.ve/sites/default/files/indicadores_sector_externo/2_1_1_tdc.xlsx,Diaria,2018-04-17,2018-04-17,2018,59500.0,Bs/USD
tipo_cambio_bcv_usd,Tipo de cambio BCV,Economía,Banco Central de Venezuela,https://www.bcv.org.ve/sites/default/files/indicadores_sector_externo/2_1_1_tdc.xlsx,Diaria,2018-04-18,2018-04-18,2018,59500.0,Bs/USD
tipo_cambio_bcv_usd,Tipo de cambio BCV,Economía,Banco Central de Venezuela,https://www.bcv.org.ve/sites/default/files/indicadores_sector_externo/2_1_1_tdc.xlsx,Diaria,2018-04-20,2018-04-20,2018,59500.0,Bs/USD
tipo_cambio_bcv_usd,Tipo de cambio BCV,Economía,Banco Central de Venezuela,https://www.bcv.org.ve/sites/default/files/indicadores_sector_externo/2_1_1_tdc.xlsx,Diaria,2018-04-23,2018-04-23,2018,66937.5,Bs/USD
tipo_cambio_bcv_usd,Tipo de cambio BCV,Economía,Banco Central de Venezuela,https://www.bcv.org.ve/sites/default/files/indicadores_sector_externo/2_1_1_tdc.xlsx,Diaria,2018-04-24,2018-04-24,2018,66937.5,Bs/USD
tipo_cambio_bcv_usd,Tipo de cambio BCV,Economía,Banco Central de Venezuela,https://www.bcv.org.ve/sites/default/files/indicadores_sector_externo/2_1_1_tdc.xlsx,Diaria,2018-04-25,2018-04-25,2018,66937.5,Bs/USD
tipo_cambio_bcv_usd,Tipo de cambio BCV,Economía,Banco Central de Venezuela,https://www.bcv.org.ve/sites/default/files/indicadores_sector_externo/2_1_1_tdc.xlsx,Diaria,2018-04-26,2018-04-26,2018,66937.5,Bs/USD
tipo_cambio_bcv_usd,Tipo de cambio BCV,Economía,Banco Central de Venezuela,https://www.bcv.org.ve/sites/default/files/indicadores_sector_externo/2_1_1_tdc.xlsx,Diaria,2018-04-27,2018-04-27,2018,66937.5,Bs/USD
tipo_cambio_bcv_usd,Tipo de cambio BCV,Economía,Banco Central de Venezuela,https://www.bcv.org.ve/sites/default/files/indicadores_sector_externo/2_1_1_tdc.xlsx,Diaria,2018-04-30,2018-04-30,2018,69000.0,Bs/USD
tipo_cambio_bcv_usd,Tipo de cambio BCV,Economía,Banco Central de Venezuela,https://www.bcv.org.ve/sites/default/files/indicadores_sector_externo/2_1_1_tdc.xlsx,Diaria,2018-05-02,2018-05-02,2018,69000.0,Bs/USD
tipo_cambio_bcv_usd,Tipo de cambio BCV,Economía,Banco Central de Venezuela,https://www.bcv.org.ve/sites/default/files/indicadores_sector_externo/2_1_1_tdc.xlsx,Diaria,2018-05-03,2018-05-03,2018,69000.0,Bs/USD
tipo_cambio_bcv_usd,Tipo de cambio BCV,Economía,Banco Central de Venezuela,https://www.bcv.org.ve/sites/default/files/indicadores_sector_externo/2_1_1_tdc.xlsx,Diaria,2018-05-04,2018-05-04,2018,69000.0,Bs/USD
tipo_cambio_bcv_usd,Tipo de cambio BCV,Economía,Banco Central de Venezuela,https://www.bcv.org.ve/sites/default/files/indicadores_sector_externo/2_1_1_tdc.xlsx,Diaria,2018-05-07,2018-05-07,2018,70000.0,Bs/USD
tipo_cambio_bcv_usd,Tipo de cambio BCV,Economía,Banco Central de Venezuela,https://www.bcv.org.ve/sites/default/files/indicadores_sector_externo/2_1_1_tdc.xlsx,Diaria,2018-05-08,2018-05-08,2018,70000.0,Bs/USD
tipo_cambio_bcv_usd,Tipo de cambio BCV,Economía,Banco Central de Venezuela,https://www.bcv.org.ve/sites/default/files/indicadores_sector_externo/2_1_1_tdc.xlsx,Diaria,2018-05-09,2018-05-09,2018,70000.0,Bs/USD
tipo_cambio_bcv_usd,Tipo de cambio BCV,Economía,Banco Central de Venezuela,https://www.bcv.org.ve/sites/default/files/indicadores_sector_externo/2_1_1_tdc.xlsx,Diaria,2018-05-10,2018-05-10,2018,70000.0,Bs/USD
tipo_cambio_bcv_usd,Tipo de cambio BCV,Economía,Banco Central de Venezuela,https://www.bcv.org.ve/sites/default/files/indicadores_sector_externo/2_1_1_tdc.xlsx,Diaria,2018-05-11,2018-05-11,2018,70000.0,Bs/USD
tipo_cambio_bcv_usd,Tipo de cambio BCV,Economía,Banco Central de Venezuela,https://www.bcv.org.ve/sites/default/files/indicadores_sector_externo/2_1_1_tdc.xlsx,Diaria,2018-05-15,2018-05-15,2018,70000.0,Bs/USD
tipo_cambio_bcv_usd,Tipo de cambio BCV,Economía,Banco Central de Venezuela,https://www.bcv.org.ve/sites/default/files/indicadores_sector_externo/2_1_1_tdc.xlsx,Diaria,2018-05-16,2018-05-16,2018,70000.0,Bs/USD
tipo_cambio_bcv_usd,Tipo de cambio BCV,Economía,Banco Central de Venezuela,https://www.bcv.org.ve/sites/default/files/indicadores_sector_externo/2_1_1_tdc.xlsx,Diaria,2018-05-17,2018-05-17,2018,70000.0,Bs/USD
tipo_cambio_bcv_usd,Tipo de cambio BCV,Economía,Banco Central de Venezuela,https://www.bcv.org.ve/sites/default/files/indicadores_sector_externo/2_1_1_tdc.xlsx,Diaria,2018-05-18,2018-05-18,2018,70000.0,Bs/USD
tipo_cambio_bcv_usd,Tipo de cambio BCV,Economía,Banco Central de Venezuela,https://www.bcv.org.ve/sites/default/files/indicadores_sector_externo/2_1_1_tdc.xlsx,Diaria,2018-05-21,2018-05-21,2018,78750.0,Bs/USD
tipo_cambio_bcv_usd,Tipo de cambio BCV,Economía,Banco Central de Venezuela,https://www.bcv.org.ve/sites/default/files/indicadores_sector_externo/2_1_1_tdc.xlsx,Diaria,2018-05-22,2018-05-22,2018,78750.0,Bs/USD
tipo_cambio_bcv_usd,Tipo de cambio BCV,Economía,Banco Central de Venezuela,https://www.bcv.org.ve/sites/default/files/indicadores_sector_externo/2_1_1_tdc.xlsx,Diaria,2018-05-23,2018-05-23,2018,78750.0,Bs/USD
tipo_cambio_bcv_usd,Tipo de cambio BCV,Economía,Banco Central de Venezuela,https://www.bcv.org.ve/sites/default/files/indicadores_sector_externo/2_1_1_tdc.xlsx,Diaria,2018-05-24,2018-05-24,2018,78750.0,Bs/USD
tipo_cambio_bcv_usd,Tipo de cambio BCV,Economía,Banco Central de Venezuela,https://www.bcv.org.ve/sites/default/files/indicadores_sector_externo/2_1_1_tdc.xlsx,Diaria,2018-05-25,2018-05-25,2018,78750.0,Bs/USD
tipo_cambio_bcv_usd,Tipo de cambio BCV,Economía,Banco Central de Venezuela,https://www.bcv.org.ve/sites/default/files/indicadores_sector_externo/2_1_1_tdc.xlsx,Diaria,2018-05-28,2018-05-28,2018,78750.0,Bs/USD
tipo_cambio_bcv_usd,Tipo de cambio BCV,Economía,Banco Central de Venezuela,https://www.bcv.org.ve/sites/default/files/indicadores_sector_externo/2_1_1_tdc.xlsx,Diaria,2018-05-29,2018-05-29,2018,80000.0,Bs/USD
tipo_cambio_bcv_usd,Tipo de cambio BCV,Economía,Banco Central de Venezuela,https://www.bcv.org.ve/sites/default/files/indicadores_sector_externo/2_1_1_tdc.xlsx,Diaria,2018-05-30,2018-05-30,2018,80000.0,Bs/USD
tipo_cambio_bcv_usd,Tipo de cambio BCV,Economía,Banco Central de Venezuela,https://www.bcv.org.ve/sites/default/files/indicadores_sector_externo/2_1_1_tdc.xlsx,Diaria,2018-05-31,2018-05-31,2018,80000.0,Bs/USD
tipo_cambio_bcv_usd,Tipo de cambio BCV,Economía,Banco Central de Venezuela,https://www.bcv.org.ve/sites/default/files/indicadores_sector_externo/2_1_1_tdc.xlsx,Diaria,2018-06-01,2018-06-01,2018,80000.0,Bs/USD
tipo_cambio_bcv_usd,Tipo de cambio BCV,Economía,Banco Central de Venezuela,https://www.bcv.org.ve/sites/default/files/indicadores_sector_externo/2_1_1_tdc.xlsx,Diaria,2018-06-05,2018-06-05,2018,80000.0,Bs/USD
tipo_cambio_bcv_usd,Tipo de cambio BCV,Economía,Banco Central de Venezuela,https://www.bcv.org.ve/sites/default/files/indicadores_sector_externo/2_1_1_tdc.xlsx,Diaria,2018-06-06,2018-06-06,2018,80000.0,Bs/USD
tipo_cambio_bcv_usd,Tipo de cambio BCV,Economía,Banco Central de Venezuela,https://www.bcv.org.ve/sites/default/files/indicadores_sector_externo/2_1_1_tdc.xlsx,Diaria,2018-06-07,2018-06-07,2018,80000.0,Bs/USD
tipo_cambio_bcv_usd,Tipo de cambio BCV,Economía,Banco Central de Venezuela,https://www.bcv.org.ve/sites/default/files/indicadores_sector_externo/2_1_1_tdc.xlsx,Diaria,2018-06-08,2018-06-08,2018,80000.0,Bs/USD
tipo_cambio_bcv_usd,Tipo de cambio BCV,Economía,Banco Central de Venezuela,https://www.bcv.org.ve/sites/default/files/indicadores_sector_externo/2_1_1_tdc.xlsx,Diaria,2018-06-11,2018-06-11,2018,80000.0,Bs/USD
tipo_cambio_bcv_usd,Tipo de cambio BCV,Economía,Banco Central de Venezuela,https://www.bcv.org.ve/sites/default/files/indicadores_sector_externo/2_1_1_tdc.xlsx,Diaria,2018-06-12,2018-06-12,2018,80000.0,Bs/USD
tipo_cambio_bcv_usd,Tipo de cambio BCV,Economía,Banco Central de Venezuela,https://www.bcv.org.ve/sites/default/files/indicadores_sector_externo/2_1_1_tdc.xlsx,Diaria,2018-06-13,2018-06-13,2018,80000.0,Bs/USD
tipo_cambio_bcv_usd,Tipo de cambio BCV,Economía,Banco Central de Venezuela,https://www.bcv.org.ve/sites/default/files/indicadores_sector_externo/2_1_1_tdc.xlsx,Diaria,2018-06-14,2018-06-14,2018,80000.0,Bs/USD
tipo_cambio_bcv_usd,Tipo de cambio BCV,Economía,Banco Central de Venezuela,https://www.bcv.org.ve/sites/default/files/indicadores_sector_externo/2_1_1_tdc.xlsx,Diaria,2018-06-15,2018-06-15,2018,80000.0,Bs/USD
tipo_cambio_bcv_usd,Tipo de cambio BCV,Economía,Banco Central de Venezuela,https://www.bcv.org.ve/sites/default/files/indicadores_sector_externo/2_1_1_tdc.xlsx,Diaria,2018-06-18,2018-06-18,2018,80000.0,Bs/USD
tipo_cambio_bcv_usd,Tipo de cambio BCV,Economía,Banco Central de Venezuela,https://www.bcv.org.ve/sites/default/files/indicadores_sector_externo/2_1_1_tdc.xlsx,Diaria,2018-06-19,2018-06-19,2018,80000.0,Bs/USD
tipo_cambio_bcv_usd,Tipo de cambio BCV,Economía,Banco Central de Venezuela,https://www.bcv.org.ve/sites/default/files/indicadores_sector_externo/2_1_1_tdc.xlsx,Diaria,2018-06-20,2018-06-20,2018,80000.0,Bs/USD
tipo_cambio_bcv_usd,Tipo de cambio BCV,Economía,Banco Central de Venezuela,https://www.bcv.org.ve/sites/default/files/indicadores_sector_externo/2_1_1_tdc.xlsx,Diaria,2018-06-21,2018-06-21,2018,80000.0,Bs/USD
tipo_cambio_bcv_usd,Tipo de cambio BCV,Economía,Banco Central de Venezuela,https://www.bcv.org.ve/sites/default/files/indicadores_sector_externo/2_1_1_tdc.xlsx,Diaria,2018-06-22,2018-06-22,2018,80000.0,Bs/USD
tipo_cambio_bcv_usd,Tipo de cambio BCV,Economía,Banco Central de Venezuela,https://www.bcv.org.ve/sites/default/files/indicadores_sector_externo/2_1_1_tdc.xlsx,Diaria,2018-06-25,2018-06-25,2018,96000.0,Bs/USD
tipo_cambio_bcv_usd,Tipo de cambio BCV,Economía,Banco Central de Venezuela,https://www.bcv.org.ve/sites/default/files/indicadores_sector_externo/2_1_1_tdc.xlsx,Diaria,2018-06-26,2018-06-26,2018,96000.0,Bs/USD
tipo_cambio_bcv_usd,Tipo de cambio BCV,Economía,Banco Central de Venezuela,https://www.bcv.org.ve/sites/default/files/indicadores_sector_externo/2_1_1_tdc.xlsx,Diaria,2018-06-27,2018-06-27,2018,96000.0,Bs/USD
tipo_cambio_bcv_usd,Tipo de cambio BCV,Economía,Banco Central de Venezuela,https://www.bcv.org.ve/sites/default/files/indicadores_sector_externo/2_1_1_tdc.xlsx,Diaria,2018-06-28,2018-06-28,2018,96000.0,Bs/USD
tipo_cambio_bcv_usd,Tipo de cambio BCV,Economía,Banco Central de Venezuela,https://www.bcv.org.ve/sites/default/files/indicadores_sector_externo/2_1_1_tdc.xlsx,Diaria,2018-06-29,2018-06-29,2018,96000.0,Bs/USD
tipo_cambio_bcv_usd,Tipo de cambio BCV,Economía,Banco Central de Venezuela,https://www.bcv.org.ve/sites/default/files/indicadores_sector_externo/2_1_1_tdc.xlsx,Diaria,2018-07-03,2018-07-03,2018,115000.0,Bs/USD
tipo_cambio_bcv_usd,Tipo de cambio BCV,Economía,Banco Central de Venezuela,https://www.bcv.org.ve/sites/default/files/indicadores_sector_externo/2_1_1_tdc.xlsx,Diaria,2018-07-04,2018-07-04,2018,115000.0,Bs/USD
tipo_cambio_bcv_usd,Tipo de cambio BCV,Economía,Banco Central de Venezuela,https://www.bcv.org.ve/sites/default/files/indicadores_sector_externo/2_1_1_tdc.xlsx,Diaria,2018-07-06,2018-07-06,2018,115000.0,Bs/USD
tipo_cambio_bcv_usd,Tipo de cambio BCV,Economía,Banco Central de Venezuela,https://www.bcv.org.ve/sites/default/files/indicadores_sector_externo/2_1_1_tdc.xlsx,Diaria,2018-07-09,2018-07-09,2018,115000.0,Bs/USD
tipo_cambio_bcv_usd,Tipo de cambio BCV,Economía,Banco Central de Venezuela,https://www.bcv.org.ve/sites/default/files/indicadores_sector_externo/2_1_1_tdc.xlsx,Diaria,2018-07-10,2018-07-10,2018,120000.0,Bs/USD
tipo_cambio_bcv_usd,Tipo de cambio BCV,Economía,Banco Central de Venezuela,https://www.bcv.org.ve/sites/default/files/indicadores_sector_externo/2_1_1_tdc.xlsx,Diaria,2018-07-11,2018-07-11,2018,120000.0,Bs/USD
tipo_cambio_bcv_usd,Tipo de cambio BCV,Economía,Banco Central de Venezuela,https://www.bcv.org.ve/sites/default/files/indicadores_sector_externo/2_1_1_tdc.xlsx,Diaria,2018-07-12,2018-07-12,2018,120000.0,Bs/USD
tipo_cambio_bcv_usd,Tipo de cambio BCV,Economía,Banco Central de Venezuela,https://www.bcv.org.ve/sites/default/files/indicadores_sector_externo/2_1_1_tdc.xlsx,Diaria,2018-07-13,2018-07-13,2018,120000.0,Bs/USD
tipo_cambio_bcv_usd,Tipo de cambio BCV,Economía,Banco Central de Venezuela,https://www.bcv.org.ve/sites/default/files/indicadores_sector_externo/2_1_1_tdc.xlsx,Diaria,2018-07-16,2018-07-16,2018,120000.0,Bs/USD
tipo_cambio_bcv_usd,Tipo de cambio BCV,Economía,Banco Central de Venezuela,https://www.bcv.org.ve/sites/default/files/indicadores_sector_externo/2_1_1_tdc.xlsx,Diaria,2018-07-17,2018-07-17,2018,120000.0,Bs/USD
tipo_cambio_bcv_usd,Tipo de cambio BCV,Economía,Banco Central de Venezuela,https://www.bcv.org.ve/sites/default/files/indicadores_sector_externo/2_1_1_tdc.xlsx,Diaria,2018-07-18,2018-07-18,2018,120000.0,Bs/USD
tipo_cambio_bcv_usd,Tipo de cambio BCV,Economía,Banco Central de Venezuela,https://www.bcv.org.ve/sites/default/files/indicadores_sector_externo/2_1_1_tdc.xlsx,Diaria,2018-07-19,2018-07-19,2018,120000.0,Bs/USD
tipo_cambio_bcv_usd,Tipo de cambio BCV,Economía,Banco Central de Venezuela,https://www.bcv.org.ve/sites/default/files/indicadores_sector_externo/2_1_1_tdc.xlsx,Diaria,2018-07-20,2018-07-20,2018,120000.0,Bs/USD
tipo_cambio_bcv_usd,Tipo de cambio BCV,Economía,Banco Central de Venezuela,https://www.bcv.org.ve/sites/default/files/indicadores_sector_externo/2_1_1_tdc.xlsx,Diaria,2018-07-23,2018-07-23,2018,144000.0,Bs/USD
tipo_cambio_bcv_usd,Tipo de cambio BCV,Economía,Banco Central de Venezuela,https://www.bcv.org.ve/sites/default/files/indicadores_sector_externo/2_1_1_tdc.xlsx,Diaria,2018-07-25,2018-07-25,2018,144000.0,Bs/USD
tipo_cambio_bcv_usd,Tipo de cambio BCV,Economía,Banco Central de Venezuela,https://www.bcv.org.ve/sites/default/files/indicadores_sector_externo/2_1_1_tdc.xlsx,Diaria,2018-07-26,2018-07-26,2018,144000.0,Bs/USD
tipo_cambio_bcv_usd,Tipo de cambio BCV,Economía,Banco Central de Venezuela,https://www.bcv.org.ve/sites/default/files/indicadores_sector_externo/2_1_1_tdc.xlsx,Diaria,2018-07-27,2018-07-27,2018,144000.0,Bs/USD
tipo_cambio_bcv_usd,Tipo de cambio BCV,Economía,Banco Central de Venezuela,https://www.bcv.org.ve/sites/default/files/indicadores_sector_externo/2_1_1_tdc.xlsx,Diaria,2018-07-30,2018-07-30,2018,172800.0,Bs/USD
tipo_cambio_bcv_usd,Tipo de cambio BCV,Economía,Banco Central de Venezuela,https://www.bcv.org.ve/sites/default/files/indicadores_sector_externo/2_1_1_tdc.xlsx,Diaria,2018-07-31,2018-07-31,2018,172800.0,Bs/USD
tipo_cambio_bcv_usd,Tipo de cambio BCV,Economía,Banco Central de Venezuela,https://www.bcv.org.ve/sites/default/files/indicadores_sector_externo/2_1_1_tdc.xlsx,Diaria,2018-08-01,2018-08-01,2018,172800.0,Bs/USD
tipo_cambio_bcv_usd,Tipo de cambio BCV,Economía,Banco Central de Venezuela,https://www.bcv.org.ve/sites/default/files/indicadores_sector_externo/2_1_1_tdc.xlsx,Diaria,2018-08-02,2018-08-02,2018,172800.0,Bs/USD
tipo_cambio_bcv_usd,Tipo de cambio BCV,Economía,Banco Central de Venezuela,https://www.bcv.org.ve/sites/default/files/indicadores_sector_externo/2_1_1_tdc.xlsx,Diaria,2018-08-03,2018-08-03,2018,172800.0,Bs/USD
tipo_cambio_bcv_usd,Tipo de cambio BCV,Economía,Banco Central de Venezuela,https://www.bcv.org.ve/sites/default/files/indicadores_sector_externo/2_1_1_tdc.xlsx,Diaria,2018-08-06,2018-08-06,2018,207360.0,Bs/USD
tipo_cambio_bcv_usd,Tipo de cambio BCV,Economía,Banco Central de Venezuela,https://www.bcv.org.ve/sites/default/files/indicadores_sector_externo/2_1_1_tdc.xlsx,Diaria,2018-08-07,2018-08-07,2018,207360.0,Bs/USD
tipo_cambio_bcv_usd,Tipo de cambio BCV,Economía,Banco Central de Venezuela,https://www.bcv.org.ve/sites/default/files/indicadores_sector_externo/2_1_1_tdc.xlsx,Diaria,2018-08-08,2018-08-08,2018,207360.0,Bs/USD
tipo_cambio_bcv_usd,Tipo de cambio BCV,Economía,Banco Central de Venezuela,https://www.bcv.org.ve/sites/default/files/indicadores_sector_externo/2_1_1_tdc.xlsx,Diaria,2018-08-09,2018-08-09,2018,207360.0,Bs/USD
tipo_cambio_bcv_usd,Tipo de cambio BCV,Economía,Banco Central de Venezuela,https://www.bcv.org.ve/sites/default/files/indicadores_sector_externo/2_1_1_tdc.xlsx,Diaria,2018-08-10,2018-08-10,2018,207360.0,Bs/USD
tipo_cambio_bcv_usd,Tipo de cambio BCV,Economía,Banco Central de Venezuela,https://www.bcv.org.ve/sites/default/files/indicadores_sector_externo/2_1_1_tdc.xlsx,Diaria,2018-08-13,2018-08-13,2018,248832.0,Bs/USD
tipo_cambio_bcv_usd,Tipo de cambio BCV,Economía,Banco Central de Venezuela,https://www.bcv.org.ve/sites/default/files/indicadores_sector_externo/2_1_1_tdc.xlsx,Diaria,2018-08-14,2018-08-14,2018,248832.0,Bs/USD
tipo_cambio_bcv_usd,Tipo de cambio BCV,Economía,Banco Central de Venezuela,https://www.bcv.org.ve/sites/default/files/indicadores_sector_externo/2_1_1_tdc.xlsx,Diaria,2018-08-15,2018-08-15,2018,248832.0,Bs/USD
tipo_cambio_bcv_usd,Tipo de cambio BCV,Economía,Banco Central de Venezuela,https://www.bcv.org.ve/sites/default/files/indicadores_sector_externo/2_1_1_tdc.xlsx,Diaria,2018-08-16,2018-08-16,2018,248832.0,Bs/USD
tipo_cambio_bcv_usd,Tipo de cambio BCV,Economía,Banco Central de Venezuela,https://www.bcv.org.ve/sites/default/files/indicadores_sector_externo/2_1_1_tdc.xlsx,Diaria,2018-08-17,2018-08-17,2018,248832.0,Bs/USD
tipo_cambio_bcv_usd,Tipo de cambio BCV,Economía,Banco Central de Venezuela,https://www.bcv.org.ve/sites/default/files/indicadores_sector_externo/2_1_1_tdc.xlsx,Diaria,2018-08-21,2018-08-21,2018,60.0,Bs/USD
tipo_cambio_bcv_usd,Tipo de cambio BCV,Economía,Banco Central de Venezuela,https://www.bcv.org.ve/sites/default/files/indicadores_sector_externo/2_1_1_tdc.xlsx,Diaria,2018-08-22,2018-08-22,2018,60.0,Bs/USD
tipo_cambio_bcv_usd,Tipo de cambio BCV,Economía,Banco Central de Venezuela,https://www.bcv.org.ve/sites/default/files/indicadores_sector_externo/2_1_1_tdc.xlsx,Diaria,2018-08-23,2018-08-23,2018,60.27,Bs/USD
tipo_cambio_bcv_usd,Tipo de cambio BCV,Economía,Banco Central de Venezuela,https://www.bcv.org.ve/sites/default/files/indicadores_sector_externo/2_1_1_tdc.xlsx,Diaria,2018-08-24,2018-08-24,2018,60.27,Bs/USD
tipo_cambio_bcv_usd,Tipo de cambio BCV,Economía,Banco Central de Venezuela,https://www.bcv.org.ve/sites/default/files/indicadores_sector_externo/2_1_1_tdc.xlsx,Diaria,2018-08-27,2018-08-27,2018,60.25,Bs/USD
tipo_cambio_bcv_usd,Tipo de cambio BCV,Economía,Banco Central de Venezuela,https://www.bcv.org.ve/sites/default/files/indicadores_sector_externo/2_1_1_tdc.xlsx,Diaria,2018-08-28,2018-08-28,2018,60.89,Bs/USD
tipo_cambio_bcv_usd,Tipo de cambio BCV,Economía,Banco Central de Venezuela,https://www.bcv.org.ve/sites/default/files/indicadores_sector_externo/2_1_1_tdc.xlsx,Diaria,2018-08-29,2018-08-29,2018,60.89,Bs/USD
tipo_cambio_bcv_usd,Tipo de cambio BCV,Economía,Banco Central de Venezuela,https://www.bcv.org.ve/sites/default/files/indicadores_sector_externo/2_1_1_tdc.xlsx,Diaria,2018-08-30,2018-08-30,2018,61.12,Bs/USD
tipo_cambio_bcv_usd,Tipo de cambio BCV,Economía,Banco Central de Venezuela,https://www.bcv.org.ve/sites/default/files/indicadores_sector_externo/2_1_1_tdc.xlsx,Diaria,2018-08-31,2018-08-31,2018,61.12,Bs/USD
tipo_cambio_bcv_usd,Tipo de cambio BCV,Economía,Banco Central de Venezuela,https://www.bcv.org.ve/sites/default/files/indicadores_sector_externo/2_1_1_tdc.xlsx,Diaria,2018-09-03,2018-09-03,2018,61.12,Bs/USD
tipo_cambio_bcv_usd,Tipo de cambio BCV,Economía,Banco Central de Venezuela,https://www.bcv.org.ve/sites/default/files/indicadores_sector_externo/2_1_1_tdc.xlsx,Diaria,2018-09-04,2018-09-04,2018,61.09,Bs/USD
tipo_cambio_bcv_usd,Tipo de cambio BCV,Economía,Banco Central de Venezuela,https://www.bcv.org.ve/sites/default/files/indicadores_sector_externo/2_1_1_tdc.xlsx,Diaria,2018-09-05,2018-09-05,2018,61.02,Bs/USD
tipo_cambio_bcv_usd,Tipo de cambio BCV,Economía,Banco Central de Venezuela,https://www.bcv.org.ve/sites/default/files/indicadores_sector_externo/2_1_1_tdc.xlsx,Diaria,2018-09-06,2018-09-06,2018,61.57,Bs/USD
tipo_cambio_bcv_usd,Tipo de cambio BCV,Economía,Banco Central de Venezuela,https://www.bcv.org.ve/sites/default/files/indicadores_sector_externo/2_1_1_tdc.xlsx,Diaria,2018-09-07,2018-09-07,2018,61.57,Bs/USD
tipo_cambio_bcv_usd,Tipo de cambio BCV,Economía,Banco Central de Venezuela,https://www.bcv.org.ve/sites/default/files/indicadores_sector_externo/2_1_1_tdc.xlsx,Diaria,2018-09-11,2018-09-11,2018,61.67,Bs/USD
tipo_cambio_bcv_usd,Tipo de cambio BCV,Economía,Banco Central de Venezuela,https://www.bcv.org.ve/sites/default/files/indicadores_sector_externo/2_1_1_tdc.xlsx,Diaria,2018-09-12,2018-09-12,2018,61.67,Bs/USD
tipo_cambio_bcv_usd,Tipo de cambio BCV,Economía,Banco Central de Venezuela,https://www.bcv.org.ve/sites/default/files/indicadores_sector_externo/2_1_1_tdc.xlsx,Diaria,2018-09-13,2018-09-13,2018,61.93,Bs/USD
tipo_cambio_bcv_usd,Tipo de cambio BCV,Economía,Banco Central de Venezuela,https://www.bcv.org.ve/sites/default/files/indicadores_sector_externo/2_1_1_tdc.xlsx,Diaria,2018-09-14,2018-09-14,2018,61.93,Bs/USD
tipo_cambio_bcv_usd,Tipo de cambio BCV,Economía,Banco Central de Venezuela,https://www.bcv.org.ve/sites/default/files/indicadores_sector_externo/2_1_1_tdc.xlsx,Diaria,2018-09-17,2018-09-17,2018,61.33,Bs/USD
tipo_cambio_bcv_usd,Tipo de cambio BCV,Economía,Banco Central de Venezuela,https://www.bcv.org.ve/sites/default/files/indicadores_sector_externo/2_1_1_tdc.xlsx,Diaria,2018-09-18,2018-09-18,2018,61.39,Bs/USD
tipo_cambio_bcv_usd,Tipo de cambio BCV,Economía,Banco Central de Venezuela,https://www.bcv.org.ve/sites/default/files/indicadores_sector_externo/2_1_1_tdc.xlsx,Diaria,2018-09-19,2018-09-19,2018,61.39,Bs/USD
tipo_cambio_bcv_usd,Tipo de cambio BCV,Economía,Banco Central de Venezuela,https://www.bcv.org.ve/sites/default/files/indicadores_sector_externo/2_1_1_tdc.xlsx,Diaria,2018-09-20,2018-09-20,2018,61.11,Bs/USD
tipo_cambio_bcv_usd,Tipo de cambio BCV,Economía,Banco Central de Venezuela,https://www.bcv.org.ve/sites/default/files/indicadores_sector_externo/2_1_1_tdc.xlsx,Diaria,2018-09-21,2018-09-21,2018,61.11,Bs/USD
tipo_cambio_bcv_usd,Tipo de cambio BCV,Economía,Banco Central de Venezuela,https://www.bcv.org.ve/sites/default/files/indicadores_sector_externo/2_1_1_tdc.xlsx,Diaria,2018-09-24,2018-09-24,2018,61.67,Bs/USD
tipo_cambio_bcv_usd,Tipo de cambio BCV,Economía,Banco Central de Venezuela,https://www.bcv.org.ve/sites/default/files/indicadores_sector_externo/2_1_1_tdc.xlsx,Diaria,2018-09-25,2018-09-25,2018,61.91,Bs/USD
tipo_cambio_bcv_usd,Tipo de cambio BCV,Economía,Banco Central de Venezuela,https://www.bcv.org.ve/sites/default/files/indicadores_sector_externo/2_1_1_tdc.xlsx,Diaria,2018-09-26,2018-09-26,2018,61.91,Bs/USD
tipo_cambio_bcv_usd,Tipo de cambio BCV,Economía,Banco Central de Venezuela,https://www.bcv.org.ve/sites/default/files/indicadores_sector_externo/2_1_1_tdc.xlsx,Diaria,2018-09-27,2018-09-27,2018,62.04,Bs/USD
tipo_cambio_bcv_usd,Tipo de cambio BCV,Economía,Banco Central de Venezuela,https://www.bcv.org.ve/sites/default/files/indicadores_sector_externo/2_1_1_tdc.xlsx,Diaria,2018-09-28,2018-09-28,2018,62.04,Bs/USD
tipo_cambio_bcv_usd,Tipo de cambio BCV,Economía,Banco Central de Venezuela,https://www.bcv.org.ve/sites/default/files/indicadores_sector_externo/2_1_1_tdc.xlsx,Diaria,2018-10-01,2018-10-01,2018,62.17,Bs/USD
tipo_cambio_bcv_usd,Tipo de cambio BCV,Economía,Banco Central de Venezuela,https://www.bcv.org.ve/sites/default/files/indicadores_sector_externo/2_1_1_tdc.xlsx,Diaria,2018-10-02,2018-10-02,2018,62.26,Bs/USD
tipo_cambio_bcv_usd,Tipo de cambio BCV,Economía,Banco Central de Venezuela,https://www.bcv.org.ve/sites/default/files/indicadores_sector_externo/2_1_1_tdc.xlsx,Diaria,2018-10-03,2018-10-03,2018,62.26,Bs/USD
tipo_cambio_bcv_usd,Tipo de cambio BCV,Economía,Banco Central de Venezuela,https://www.bcv.org.ve/sites/default/files/indicadores_sector_externo/2_1_1_tdc.xlsx,Diaria,2018-10-04,2018-10-04,2018,62.34,Bs/USD
tipo_cambio_bcv_usd,Tipo de cambio BCV,Economía,Banco Central de Venezuela,https://www.bcv.org.ve/sites/default/files/indicadores_sector_externo/2_1_1_tdc.xlsx,Diaria,2018-10-05,2018-10-05,2018,62.34,Bs/USD
tipo_cambio_bcv_usd,Tipo de cambio BCV,Economía,Banco Central de Venezuela,https://www.bcv.org.ve/sites/default/files/indicadores_sector_externo/2_1_1_tdc.xlsx,Diaria,2018-10-08,2018-10-08,2018,62.66,Bs/USD
tipo_cambio_bcv_usd,Tipo de cambio BCV,Economía,Banco Central de Venezuela,https://www.bcv.org.ve/sites/default/files/indicadores_sector_externo/2_1_1_tdc.xlsx,Diaria,2018-10-09,2018-10-09,2018,62.78,Bs/USD
tipo_cambio_bcv_usd,Tipo de cambio BCV,Economía,Banco Central de Venezuela,https://www.bcv.org.ve/sites/default/files/indicadores_sector_externo/2_1_1_tdc.xlsx,Diaria,2018-10-10,2018-10-10,2018,62.78,Bs/USD
tipo_cambio_bcv_usd,Tipo de cambio BCV,Economía,Banco Central de Venezuela,https://www.bcv.org.ve/sites/default/files/indicadores_sector_externo/2_1_1_tdc.xlsx,Diaria,2018-10-11,2018-10-11,2018,62.88,Bs/USD
tipo_cambio_bcv_usd,Tipo de cambio BCV,Economía,Banco Central de Venezuela,https://www.bcv.org.ve/sites/default/files/indicadores_sector_externo/2_1_1_tdc.xlsx,Diaria,2018-10-15,2018-10-15,2018,62.88,Bs/USD
tipo_cambio_bcv_usd,Tipo de cambio BCV,Economía,Banco Central de Venezuela,https://www.bcv.org.ve/sites/default/files/indicadores_sector_externo/2_1_1_tdc.xlsx,Diaria,2018-10-16,2018-10-16,2018,63.03,Bs/USD
tipo_cambio_bcv_usd,Tipo de cambio BCV,Economía,Banco Central de Venezuela,https://www.bcv.org.ve/sites/default/files/indicadores_sector_externo/2_1_1_tdc.xlsx,Diaria,2018-10-17,2018-10-17,2018,63.03,Bs/USD
tipo_cambio_bcv_usd,Tipo de cambio BCV,Economía,Banco Central de Venezuela,https://www.bcv.org.ve/sites/default/files/indicadores_sector_externo/2_1_1_tdc.xlsx,Diaria,2018-10-18,2018-10-18,2018,63.47,Bs/USD
tipo_cambio_bcv_usd,Tipo de cambio BCV,Economía,Banco Central de Venezuela,https://www.bcv.org.ve/sites/default/files/indicadores_sector_externo/2_1_1_tdc.xlsx,Diaria,2018-10-19,2018-10-19,2018,63.47,Bs/USD
tipo_cambio_bcv_usd,Tipo de cambio BCV,Economía,Banco Central de Venezuela,https://www.bcv.org.ve/sites/default/files/indicadores_sector_externo/2_1_1_tdc.xlsx,Diaria,2018-10-22,2018-10-22,2018,63.81,Bs/USD
tipo_cambio_bcv_usd,Tipo de cambio BCV,Economía,Banco Central de Venezuela,https://www.bcv.org.ve/sites/default/files/indicadores_sector_externo/2_1_1_tdc.xlsx,Diaria,2018-10-23,2018-10-23,2018,63.99,Bs/USD
tipo_cambio_bcv_usd,Tipo de cambio BCV,Economía,Banco Central de Venezuela,https://www.bcv.org.ve/sites/default/files/indicadores_sector_externo/2_1_1_tdc.xlsx,Diaria,2018-10-24,2018-10-24,2018,63.99,Bs/USD
tipo_cambio_bcv_usd,Tipo de cambio BCV,Economía,Banco Central de Venezuela,https://www.bcv.org.ve/sites/default/files/indicadores_sector_externo/2_1_1_tdc.xlsx,Diaria,2018-10-25,2018-10-25,2018,64.17,Bs/USD
tipo_cambio_bcv_usd,Tipo de cambio BCV,Economía,Banco Central de Venezuela,https://www.bcv.org.ve/sites/default/files/indicadores_sector_externo/2_1_1_tdc.xlsx,Diaria,2018-10-26,2018-10-26,2018,64.17,Bs/USD
tipo_cambio_bcv_usd,Tipo de cambio BCV,Economía,Banco Central de Venezuela,https://www.bcv.org.ve/sites/default/files/indicadores_sector_externo/2_1_1_tdc.xlsx,Diaria,2018-10-29,2018-10-29,2018,64.3,Bs/USD
tipo_cambio_bcv_usd,Tipo de cambio BCV,Economía,Banco Central de Venezuela,https://www.bcv.org.ve/sites/default/files/indicadores_sector_externo/2_1_1_tdc.xlsx,Diaria,2018-10-30,2018-10-30,2018,64.55,Bs/USD
tipo_cambio_bcv_usd,Tipo de cambio BCV,Economía,Banco Central de Venezuela,https://www.bcv.org.ve/sites/default/files/indicadores_sector_externo/2_1_1_tdc.xlsx,Diaria,2018-10-31,2018-10-31,2018,64.55,Bs/USD
tipo_cambio_bcv_usd,Tipo de cambio BCV,Economía,Banco Central de Venezuela,https://www.bcv.org.ve/sites/default/files/indicadores_sector_externo/2_1_1_tdc.xlsx,Diaria,2018-11-01,2018-11-01,2018,64.74,Bs/USD
tipo_cambio_bcv_usd,Tipo de cambio BCV,Economía,Banco Central de Venezuela,https://www.bcv.org.ve/sites/default/files/indicadores_sector_externo/2_1_1_tdc.xlsx,Diaria,2018-11-02,2018-11-02,2018,64.74,Bs/USD
tipo_cambio_bcv_usd,Tipo de cambio BCV,Economía,Banco Central de Venezuela,https://www.bcv.org.ve/sites/default/files/indicadores_sector_externo/2_1_1_tdc.xlsx,Diaria,2018-11-06,2018-11-06,2018,64.89,Bs/USD
tipo_cambio_bcv_usd,Tipo de cambio BCV,Economía,Banco Central de Venezuela,https://www.bcv.org.ve/sites/default/files/indicadores_sector_externo/2_1_1_tdc.xlsx,Diaria,2018-11-07,2018-11-07,2018,64.89,Bs/USD
tipo_cambio_bcv_usd,Tipo de cambio BCV,Economía,Banco Central de Venezuela,https://www.bcv.org.ve/sites/default/files/indicadores_sector_externo/2_1_1_tdc.xlsx,Diaria,2018-11-08,2018-11-08,2018,65.1,Bs/USD
tipo_cambio_bcv_usd,Tipo de cambio BCV,Economía,Banco Central de Venezuela,https://www.bcv.org.ve/sites/default/files/indicadores_sector_externo/2_1_1_tdc.xlsx,Diaria,2018-11-09,2018-11-09,2018,65.1,Bs/USD
tipo_cambio_bcv_usd,Tipo de cambio BCV,Economía,Banco Central de Venezuela,https://www.bcv.org.ve/sites/default/files/indicadores_sector_externo/2_1_1_tdc.xlsx,Diaria,2018-11-12,2018-11-12,2018,65.22,Bs/USD
tipo_cambio_bcv_usd,Tipo de cambio BCV,Economía,Banco Central de Venezuela,https://www.bcv.org.ve/sites/default/files/indicadores_sector_externo/2_1_1_tdc.xlsx,Diaria,2018-11-13,2018-11-13,2018,65.43,Bs/USD
tipo_cambio_bcv_usd,Tipo de cambio BCV,Economía,Banco Central de Venezuela,https://www.bcv.org.ve/sites/default/files/indicadores_sector_externo/2_1_1_tdc.xlsx,Diaria,2018-11-14,2018-11-14,2018,65.43,Bs/USD
tipo_cambio_bcv_usd,Tipo de cambio BCV,Economía,Banco Central de Venezuela,https://www.bcv.org.ve/sites/default/files/indicadores_sector_externo/2_1_1_tdc.xlsx,Diaria,2018-11-15,2018-11-15,2018,67.21,Bs/USD
tipo_cambio_bcv_usd,Tipo de cambio BCV,Economía,Banco Central de Venezuela,https://www.bcv.org.ve/sites/default/files/indicadores_sector_externo/2_1_1_tdc.xlsx,Diaria,2018-11-16,2018-11-16,2018,67.21,Bs/USD
tipo_cambio_bcv_usd,Tipo de cambio BCV,Economía,Banco Central de Venezuela,https://www.bcv.org.ve/sites/default/files/indicadores_sector_externo/2_1_1_tdc.xlsx,Diaria,2018-11-19,2018-11-19,2018,70.02,Bs/USD
tipo_cambio_bcv_usd,Tipo de cambio BCV,Economía,Banco Central de Venezuela,https://www.bcv.org.ve/sites/default/files/indicadores_sector_externo/2_1_1_tdc.xlsx,Diaria,2018-11-20,2018-11-20,2018,72.79,Bs/USD
tipo_cambio_bcv_usd,Tipo de cambio BCV,Economía,Banco Central de Venezuela,https://www.bcv.org.ve/sites/default/files/indicadores_sector_externo/2_1_1_tdc.xlsx,Diaria,2018-11-21,2018-11-21,2018,72.79,Bs/USD
tipo_cambio_bcv_usd,Tipo de cambio BCV,Economía,Banco Central de Venezuela,https://www.bcv.org.ve/sites/default/files/indicadores_sector_externo/2_1_1_tdc.xlsx,Diaria,2018-11-22,2018-11-22,2018,77.21,Bs/USD
tipo_cambio_bcv_usd,Tipo de cambio BCV,Economía,Banco Central de Venezuela,https://www.bcv.org.ve/sites/default/files/indicadores_sector_externo/2_1_1_tdc.xlsx,Diaria,2018-11-23,2018-11-23,2018,77.21,Bs/USD
tipo_cambio_bcv_usd,Tipo de cambio BCV,Economía,Banco Central de Venezuela,https://www.bcv.org.ve/sites/default/files/indicadores_sector_externo/2_1_1_tdc.xlsx,Diaria,2018-11-26,2018-11-26,2018,79.56,Bs/USD
tipo_cambio_bcv_usd,Tipo de cambio BCV,Economía,Banco Central de Venezuela,https://www.bcv.org.ve/sites/default/files/indicadores_sector_externo/2_1_1_tdc.xlsx,Diaria,2018-11-27,2018-11-27,2018,82.26,Bs/USD
tipo_cambio_bcv_usd,Tipo de cambio BCV,Economía,Banco Central de Venezuela,https://www.bcv.org.ve/sites/default/files/indicadores_sector_externo/2_1_1_tdc.xlsx,Diaria,2018-11-28,2018-11-28,2018,82.26,Bs/USD
tipo_cambio_bcv_usd,Tipo de cambio BCV,Economía,Banco Central de Venezuela,https://www.bcv.org.ve/sites/default/files/indicadores_sector_externo/2_1_1_tdc.xlsx,Diaria,2018-11-29,2018-11-29,2018,85.87,Bs/USD
tipo_cambio_bcv_usd,Tipo de cambio BCV,Economía,Banco Central de Venezuela,https://www.bcv.org.ve/sites/default/files/indicadores_sector_externo/2_1_1_tdc.xlsx,Diaria,2018-11-30,2018-11-30,2018,85.87,Bs/USD
tipo_cambio_bcv_usd,Tipo de cambio BCV,Economía,Banco Central de Venezuela,https://www.bcv.org.ve/sites/default/files/indicadores_sector_externo/2_1_1_tdc.xlsx,Diaria,2018-12-03,2018-12-03,2018,151.64,Bs/USD
tipo_cambio_bcv_usd,Tipo de cambio BCV,Economía,Banco Central de Venezuela,https://www.bcv.org.ve/sites/default/files/indicadores_sector_externo/2_1_1_tdc.xlsx,Diaria,2018-12-04,2018-12-04,2018,157.12,Bs/USD
tipo_cambio_bcv_usd,Tipo de cambio BCV,Economía,Banco Central de Venezuela,https://www.bcv.org.ve/sites/default/files/indicadores_sector_externo/2_1_1_tdc.xlsx,Diaria,2018-12-05,2018-12-05,2018,157.12,Bs/USD
tipo_cambio_bcv_usd,Tipo de cambio BCV,Economía,Banco Central de Venezuela,https://www.bcv.org.ve/sites/default/files/indicadores_sector_externo/2_1_1_tdc.xlsx,Diaria,2018-12-06,2018-12-06,2018,188.54,Bs/USD
tipo_cambio_bcv_usd,Tipo de cambio BCV,Economía,Banco Central de Venezuela,https://www.bcv.org.ve/sites/default/files/indicadores_sector_externo/2_1_1_tdc.xlsx,Diaria,2018-12-07,2018-12-07,2018,188.54,Bs/USD
tipo_cambio_bcv_usd,Tipo de cambio BCV,Economía,Banco Central de Venezuela,https://www.bcv.org.ve/sites/default/files/indicadores_sector_externo/2_1_1_tdc.xlsx,Diaria,2018-12-10,2018-12-10,2018,212.69,Bs/USD
tipo_cambio_bcv_usd,Tipo de cambio BCV,Economía,Banco Central de Venezuela,https://www.bcv.org.ve/sites/default/files/indicadores_sector_externo/2_1_1_tdc.xlsx,Diaria,2018-12-11,2018-12-11,2018,253.73,Bs/USD
tipo_cambio_bcv_usd,Tipo de cambio BCV,Economía,Banco Central de Venezuela,https://www.bcv.org.ve/sites/default/files/indicadores_sector_externo/2_1_1_tdc.xlsx,Diaria,2018-12-12,2018-12-12,2018,253.73,Bs/USD
tipo_cambio_bcv_usd,Tipo de cambio BCV,Economía,Banco Central de Venezuela,https://www.bcv.org.ve/sites/default/files/indicadores_sector_externo/2_1_1_tdc.xlsx,Diaria,2018-12-13,2018-12-13,2018,301.37,Bs/USD
tipo_cambio_bcv_usd,Tipo de cambio BCV,Economía,Banco Central de Venezuela,https://www.bcv.org.ve/sites/default/files/indicadores_sector_externo/2_1_1_tdc.xlsx,Diaria,2018-12-14,2018-12-14,2018,301.37,Bs/USD
tipo_cambio_bcv_usd,Tipo de cambio BCV,Economía,Banco Central de Venezuela,https://www.bcv.org.ve/sites/default/files/indicadores_sector_externo/2_1_1_tdc.xlsx,Diaria,2018-12-17,2018-12-17,2018,352.72,Bs/USD
tipo_cambio_bcv_usd,Tipo de cambio BCV,Economía,Banco Central de Venezuela,https://www.bcv.org.ve/sites/default/files/indicadores_sector_externo/2_1_1_tdc.xlsx,Diaria,2018-12-18,2018-12-18,2018,388.83,Bs/USD
tipo_cambio_bcv_usd,Tipo de cambio BCV,Economía,Banco Central de Venezuela,https://www.bcv.org.ve/sites/default/files/indicadores_sector_externo/2_1_1_tdc.xlsx,Diaria,2018-12-19,2018-12-19,2018,388.83,Bs/USD
tipo_cambio_bcv_usd,Tipo de cambio BCV,Economía,Banco Central de Venezuela,https://www.bcv.org.ve/sites/default/files/indicadores_sector_externo/2_1_1_tdc.xlsx,Diaria,2018-12-20,2018-12-20,2018,447.62,Bs/USD
tipo_cambio_bcv_usd,Tipo de cambio BCV,Economía,Banco Central de Venezuela,https://www.bcv.org.ve/sites/default/files/indicadores_sector_externo/2_1_1_tdc.xlsx,Diaria,2018-12-21,2018-12-21,2018,447.62,Bs/USD
tipo_cambio_bcv_usd,Tipo de cambio BCV,Economía,Banco Central de Venezuela,https://www.bcv.org.ve/sites/default/files/indicadores_sector_externo/2_1_1_tdc.xlsx,Diaria,2018-12-26,2018-12-26,2018,504.37,Bs/USD
tipo_cambio_bcv_usd,Tipo de cambio BCV,Economía,Banco Central de Venezuela,https://www.bcv.org.ve/sites/default/files/indicadores_sector_externo/2_1_1_tdc.xlsx,Diaria,2018-12-27,2018-12-27,2018,563.98,Bs/USD
tipo_cambio_bcv_usd,Tipo de cambio BCV,Economía,Banco Central de Venezuela,https://www.bcv.org.ve/sites/default/files/indicadores_sector_externo/2_1_1_tdc.xlsx,Diaria,2018-12-28,2018-12-28,2018,563.98,Bs/USD
tipo_cambio_bcv_usd,Tipo de cambio BCV,Economía,Banco Central de Venezuela,https://www.bcv.org.ve/sites/default/files/indicadores_sector_externo/2_1_1_tdc.xlsx,Diaria,2019-01-02,2019-01-02,2019,638.18,Bs/USD
tipo_cambio_bcv_usd,Tipo de cambio BCV,Economía,Banco Central de Venezuela,https://www.bcv.org.ve/sites/default/files/indicadores_sector_externo/2_1_1_tdc.xlsx,Diaria,2019-01-03,2019-01-03,2019,638.18,Bs/USD
tipo_cambio_bcv_usd,Tipo de cambio BCV,Economía,Banco Central de Venezuela,https://www.bcv.org.ve/sites/default/files/indicadores_sector_externo/2_1_1_tdc.xlsx,Diaria,2019-01-04,2019-01-04,2019,638.18,Bs/USD
tipo_cambio_bcv_usd,Tipo de cambio BCV,Economía,Banco Central de Venezuela,https://www.bcv.org.ve/sites/default/files/indicadores_sector_externo/2_1_1_tdc.xlsx,Diaria,2019-01-07,2019-01-07,2019,638.18,Bs/USD
tipo_cambio_bcv_usd,Tipo de cambio BCV,Economía,Banco Central de Venezuela,https://www.bcv.org.ve/sites/default/files/indicadores_sector_externo/2_1_1_tdc.xlsx,Diaria,2019-01-08,2019-01-08,2019,704.57,Bs/USD
tipo_cambio_bcv_usd,Tipo de cambio BCV,Economía,Banco Central de Venezuela,https://www.bcv.org.ve/sites/default/files/indicadores_sector_externo/2_1_1_tdc.xlsx,Diaria,2019-01-09,2019-01-09,2019,704.57,Bs/USD
tipo_cambio_bcv_usd,Tipo de cambio BCV,Economía,Banco Central de Venezuela,https://www.bcv.org.ve/sites/default/files/indicadores_sector_externo/2_1_1_tdc.xlsx,Diaria,2019-01-10,2019-01-10,2019,795.46,Bs/USD
tipo_cambio_bcv_usd,Tipo de cambio BCV,Economía,Banco Central de Venezuela,https://www.bcv.org.ve/sites/default/files/indicadores_sector_externo/2_1_1_tdc.xlsx,Diaria,2019-01-11,2019-01-11,2019,795.46,Bs/USD
tipo_cambio_bcv_usd,Tipo de cambio BCV,Economía,Banco Central de Venezuela,https://www.bcv.org.ve/sites/default/files/indicadores_sector_externo/2_1_1_tdc.xlsx,Diaria,2019-01-14,2019-01-14,2019,862.32,Bs/USD
tipo_cambio_bcv_usd,Tipo de cambio BCV,Economía,Banco Central de Venezuela,https://www.bcv.org.ve/sites/default/files/indicadores_sector_externo/2_1_1_tdc.xlsx,Diaria,2019-01-15,2019-01-15,2019,949.47,Bs/USD
tipo_cambio_bcv_usd,Tipo de cambio BCV,Economía,Banco Central de Venezuela,https://www.bcv.org.ve/sites/default/files/indicadores_sector_externo/2_1_1_tdc.xlsx,Diaria,2019-01-16,2019-01-16,2019,949.47,Bs/USD
tipo_cambio_bcv_usd,Tipo de cambio BCV,Economía,Banco Central de Venezuela,https://www.bcv.org.ve/sites/default/files/indicadores_sector_externo/2_1_1_tdc.xlsx,Diaria,2019-01-17,2019-01-17,2019,1001.74,Bs/USD
tipo_cambio_bcv_usd,Tipo de cambio BCV,Economía,Banco Central de Venezuela,https://www.bcv.org.ve/sites/default/files/indicadores_sector_externo/2_1_1_tdc.xlsx,Diaria,2019-01-18,2019-01-18,2019,1001.74,Bs/USD
tipo_cambio_bcv_usd,Tipo de cambio BCV,Economía,Banco Central de Venezuela,https://www.bcv.org.ve/sites/default/files/indicadores_sector_externo/2_1_1_tdc.xlsx,Diaria,2019-01-21,2019-01-21,2019,1123.46,Bs/USD
tipo_cambio_bcv_usd,Tipo de cambio BCV,Economía,Banco Central de Venezuela,https://www.bcv.org.ve/sites/default/files/indicadores_sector_externo/2_1_1_tdc.xlsx,Diaria,2019-01-22,2019-01-22,2019,1324.9,Bs/USD
tipo_cambio_bcv_usd,Tipo de cambio BCV,Economía,Banco Central de Venezuela,https://www.bcv.org.ve/sites/default/files/indicadores_sector_externo/2_1_1_tdc.xlsx,Diaria,2019-01-23,2019-01-23,2019,1324.9,Bs/USD
tipo_cambio_bcv_usd,Tipo de cambio BCV,Economía,Banco Central de Venezuela,https://www.bcv.org.ve/sites/default/files/indicadores_sector_externo/2_1_1_tdc.xlsx,Diaria,2019-01-24,2019-01-24,2019,1572.55,Bs/USD
tipo_cambio_bcv_usd,Tipo de cambio BCV,Economía,Banco Central de Venezuela,https://www.bcv.org.ve/sites/default/files/indicadores_sector_externo/2_1_1_tdc.xlsx,Diaria,2019-01-25,2019-01-25,2019,1572.55,Bs/USD
tipo_cambio_bcv_usd,Tipo de cambio BCV,Economía,Banco Central de Venezuela,https://www.bcv.org.ve/sites/default/files/indicadores_sector_externo/2_1_1_tdc.xlsx,Diaria,2019-01-28,2019-01-28,2019,2084.39,Bs/USD
tipo_cambio_bcv_usd,Tipo de cambio BCV,Economía,Banco Central de Venezuela,https://www.bcv.org.ve/sites/default/files/indicadores_sector_externo/2_1_1_tdc.xlsx,Diaria,2019-01-29,2019-01-29,2019,3299.12,Bs/USD
tipo_cambio_bcv_usd,Tipo de cambio BCV,Economía,Banco Central de Venezuela,https://www.bcv.org.ve/sites/default/files/indicadores_sector_externo/2_1_1_tdc.xlsx,Diaria,2019-01-30,2019-01-30,2019,3299.12,Bs/USD
tipo_cambio_bcv_usd,Tipo de cambio BCV,Economía,Banco Central de Venezuela,https://www.bcv.org.ve/sites/default/files/indicadores_sector_externo/2_1_1_tdc.xlsx,Diaria,2019-01-31,2019-01-31,2019,3299.12,Bs/USD
tipo_cambio_bcv_usd,Tipo de cambio BCV,Economía,Banco Central de Venezuela,https://www.bcv.org.ve/sites/default/files/indicadores_sector_externo/2_1_1_tdc.xlsx,Diaria,2019-02-01,2019-02-01,2019,3299.12,Bs/USD
tipo_cambio_bcv_usd,Tipo de cambio BCV,Economía,Banco Central de Venezuela,https://www.bcv.org.ve/sites/default/files/indicadores_sector_externo/2_1_1_tdc.xlsx,Diaria,2019-02-04,2019-02-04,2019,3298.2,Bs/USD
tipo_cambio_bcv_usd,Tipo de cambio BCV,Economía,Banco Central de Venezuela,https://www.bcv.org.ve/sites/default/files/indicadores_sector_externo/2_1_1_tdc.xlsx,Diaria,2019-02-05,2019-02-05,2019,3297.22,Bs/USD
tipo_cambio_bcv_usd,Tipo de cambio BCV,Economía,Banco Central de Venezuela,https://www.bcv.org.ve/sites/default/files/indicadores_sector_externo/2_1_1_tdc.xlsx,Diaria,2019-02-06,2019-02-06,2019,3297.4,Bs/USD
tipo_cambio_bcv_usd,Tipo de cambio BCV,Economía,Banco Central de Venezuela,https://www.bcv.org.ve/sites/default/files/indicadores_sector_externo/2_1_1_tdc.xlsx,Diaria,2019-02-07,2019-02-07,2019,3297.62,Bs/USD
tipo_cambio_bcv_usd,Tipo de cambio BCV,Economía,Banco Central de Venezuela,https://www.bcv.org.ve/sites/default/files/indicadores_sector_externo/2_1_1_tdc.xlsx,Diaria,2019-02-08,2019-02-08,2019,3297.71,Bs/USD
tipo_cambio_bcv_usd,Tipo de cambio BCV,Economía,Banco Central de Venezuela,https://www.bcv.org.ve/sites/default/files/indicadores_sector_externo/2_1_1_tdc.xlsx,Diaria,2019-02-11,2019-02-11,2019,3298.02,Bs/USD
tipo_cambio_bcv_usd,Tipo de cambio BCV,Economía,Banco Central de Venezuela,https://www.bcv.org.ve/sites/default/files/indicadores_sector_externo/2_1_1_tdc.xlsx,Diaria,2019-02-12,2019-02-12,2019,3298.84,Bs/USD
tipo_cambio_bcv_usd,Tipo de cambio BCV,Economía,Banco Central de Venezuela,https://www.bcv.org.ve/sites/default/files/indicadores_sector_externo/2_1_1_tdc.xlsx,Diaria,2019-02-13,2019-02-13,2019,3298.11,Bs/USD
tipo_cambio_bcv_usd,Tipo de cambio BCV,Economía,Banco Central de Venezuela,https://www.bcv.org.ve/sites/default/files/indicadores_sector_externo/2_1_1_tdc.xlsx,Diaria,2019-02-14,2019-02-14,2019,3298.23,Bs/USD
tipo_cambio_bcv_usd,Tipo de cambio BCV,Economía,Banco Central de Venezuela,https://www.bcv.org.ve/sites/default/files/indicadores_sector_externo/2_1_1_tdc.xlsx,Diaria,2019-02-15,2019-02-15,2019,3298.38,Bs/USD
tipo_cambio_bcv_usd,Tipo de cambio BCV,Economía,Banco Central de Venezuela,https://www.bcv.org.ve/sites/default/files/indicadores_sector_externo/2_1_1_tdc.xlsx,Diaria,2019-02-18,2019-02-18,2019,3298.45,Bs/USD
tipo_cambio_bcv_usd,Tipo de cambio BCV,Economía,Banco Central de Venezuela,https://www.bcv.org.ve/sites/default/files/indicadores_sector_externo/2_1_1_tdc.xlsx,Diaria,2019-02-19,2019-02-19,2019,3298.21,Bs/USD
tipo_cambio_bcv_usd,Tipo de cambio BCV,Economía,Banco Central de Venezuela,https://www.bcv.org.ve/sites/default/files/indicadores_sector_externo/2_1_1_tdc.xlsx,Diaria,2019-02-20,2019-02-20,2019,3298.39,Bs/USD
tipo_cambio_bcv_usd,Tipo de cambio BCV,Economía,Banco Central de Venezuela,https://www.bcv.org.ve/sites/default/files/indicadores_sector_externo/2_1_1_tdc.xlsx,Diaria,2019-02-21,2019-02-21,2019,3298.64,Bs/USD
tipo_cambio_bcv_usd,Tipo de cambio BCV,Economía,Banco Central de Venezuela,https://www.bcv.org.ve/sites/default/files/indicadores_sector_externo/2_1_1_tdc.xlsx,Diaria,2019-02-22,2019-02-22,2019,3298.85,Bs/USD
tipo_cambio_bcv_usd,Tipo de cambio BCV,Economía,Banco Central de Venezuela,https://www.bcv.org.ve/sites/default/files/indicadores_sector_externo/2_1_1_tdc.xlsx,Diaria,2019-02-25,2019-02-25,2019,3299.53,Bs/USD
tipo_cambio_bcv_usd,Tipo de cambio BCV,Economía,Banco Central de Venezuela,https://www.bcv.org.ve/sites/default/files/indicadores_sector_externo/2_1_1_tdc.xlsx,Diaria,2019-02-26,2019-02-26,2019,3299.97,Bs/USD
tipo_cambio_bcv_usd,Tipo de cambio BCV,Economía,Banco Central de Venezuela,https://www.bcv.org.ve/sites/default/files/indicadores_sector_externo/2_1_1_tdc.xlsx,Diaria,2019-02-27,2019-02-27,2019,3301.83,Bs/USD
tipo_cambio_bcv_usd,Tipo de cambio BCV,Economía,Banco Central de Venezuela,https://www.bcv.org.ve/sites/default/files/indicadores_sector_externo/2_1_1_tdc.xlsx,Diaria,2019-02-28,2019-02-28,2019,3298.32,Bs/USD
tipo_cambio_bcv_usd,Tipo de cambio BCV,Economía,Banco Central de Venezuela,https://www.bcv.org.ve/sites/default/files/indicadores_sector_externo/2_1_1_tdc.xlsx,Diaria,2019-03-01,2019-03-01,2019,3302.24,Bs/USD
tipo_cambio_bcv_usd,Tipo de cambio BCV,Economía,Banco Central de Venezuela,https://www.bcv.org.ve/sites/default/files/indicadores_sector_externo/2_1_1_tdc.xlsx,Diaria,2019-03-06,2019-03-06,2019,3301.07,Bs/USD
tipo_cambio_bcv_usd,Tipo de cambio BCV,Economía,Banco Central de Venezuela,https://www.bcv.org.ve/sites/default/files/indicadores_sector_externo/2_1_1_tdc.xlsx,Diaria,2019-03-07,2019-03-07,2019,3298.91,Bs/USD
tipo_cambio_bcv_usd,Tipo de cambio BCV,Economía,Banco Central de Venezuela,https://www.bcv.org.ve/sites/default/files/indicadores_sector_externo/2_1_1_tdc.xlsx,Diaria,2019-03-08,2019-03-08,2019,3299.59,Bs/USD
tipo_cambio_bcv_usd,Tipo de cambio BCV,Economía,Banco Central de Venezuela,https://www.bcv.org.ve/sites/default/files/indicadores_sector_externo/2_1_1_tdc.xlsx,Diaria,2019-03-11,2019-03-11,2019,3299.59,Bs/USD
tipo_cambio_bcv_usd,Tipo de cambio BCV,Economía,Banco Central de Venezuela,https://www.bcv.org.ve/sites/default/files/indicadores_sector_externo/2_1_1_tdc.xlsx,Diaria,2019-03-12,2019-03-12,2019,3299.59,Bs/USD
tipo_cambio_bcv_usd,Tipo de cambio BCV,Economía,Banco Central de Venezuela,https://www.bcv.org.ve/sites/default/files/indicadores_sector_externo/2_1_1_tdc.xlsx,Diaria,2019-03-13,2019-03-13,2019,3299.59,Bs/USD
tipo_cambio_bcv_usd,Tipo de cambio BCV,Economía,Banco Central de Venezuela,https://www.bcv.org.ve/sites/default/files/indicadores_sector_externo/2_1_1_tdc.xlsx,Diaria,2019-03-14,2019-03-14,2019,3299.59,Bs/USD
tipo_cambio_bcv_usd,Tipo de cambio BCV,Economía,Banco Central de Venezuela,https://www.bcv.org.ve/sites/default/files/indicadores_sector_externo/2_1_1_tdc.xlsx,Diaria,2019-03-15,2019-03-15,2019,3297.93,Bs/USD
tipo_cambio_bcv_usd,Tipo de cambio BCV,Economía,Banco Central de Venezuela,https://www.bcv.org.ve/sites/default/files/indicadores_sector_externo/2_1_1_tdc.xlsx,Diaria,2019-03-18,2019-03-18,2019,3296.12,Bs/USD
tipo_cambio_bcv_usd,Tipo de cambio BCV,Economía,Banco Central de Venezuela,https://www.bcv.org.ve/sites/default/files/indicadores_sector_externo/2_1_1_tdc.xlsx,Diaria,2019-03-20,2019-03-20,2019,3297.71,Bs/USD
tipo_cambio_bcv_usd,Tipo de cambio BCV,Economía,Banco Central de Venezuela,https://www.bcv.org.ve/sites/default/files/indicadores_sector_externo/2_1_1_tdc.xlsx,Diaria,2019-03-21,2019-03-21,2019,3299.02,Bs/USD
tipo_cambio_bcv_usd,Tipo de cambio BCV,Economía,Banco Central de Venezuela,https://www.bcv.org.ve/sites/default/files/indicadores_sector_externo/2_1_1_tdc.xlsx,Diaria,2019-03-22,2019-03-22,2019,3297.17,Bs/USD
tipo_cambio_bcv_usd,Tipo de cambio BCV,Economía,Banco Central de Venezuela,https://www.bcv.org.ve/sites/default/files/indicadores_sector_externo/2_1_1_tdc.xlsx,Diaria,2019-03-25,2019-03-25,2019,3295.01,Bs/USD
tipo_cambio_bcv_usd,Tipo de cambio BCV,Economía,Banco Central de Venezuela,https://www.bcv.org.ve/sites/default/files/indicadores_sector_externo/2_1_1_tdc.xlsx,Diaria,2019-03-26,2019-03-26,2019,3294.48,Bs/USD
tipo_cambio_bcv_usd,Tipo de cambio BCV,Economía,Banco Central de Venezuela,https://www.bcv.org.ve/sites/default/files/indicadores_sector_externo/2_1_1_tdc.xlsx,Diaria,2019-03-27,2019-03-27,2019,3294.48,Bs/USD
tipo_cambio_bcv_usd,Tipo de cambio BCV,Economía,Banco Central de Venezuela,https://www.bcv.org.ve/sites/default/files/indicadores_sector_externo/2_1_1_tdc.xlsx,Diaria,2019-03-28,2019-03-28,2019,3294.48,Bs/USD
tipo_cambio_bcv_usd,Tipo de cambio BCV,Economía,Banco Central de Venezuela,https://www.bcv.org.ve/sites/default/files/indicadores_sector_externo/2_1_1_tdc.xlsx,Diaria,2019-03-29,2019-03-29,2019,3294.48,Bs/USD
tipo_cambio_bcv_usd,Tipo de cambio BCV,Economía,Banco Central de Venezuela,https://www.bcv.org.ve/sites/default/files/indicadores_sector_externo/2_1_1_tdc.xlsx,Diaria,2019-04-01,2019-04-01,2019,3294.48,Bs/USD
tipo_cambio_bcv_usd,Tipo de cambio BCV,Economía,Banco Central de Venezuela,https://www.bcv.org.ve/sites/default/files/indicadores_sector_externo/2_1_1_tdc.xlsx,Diaria,2019-04-02,2019-04-02,2019,3295.92,Bs/USD
tipo_cambio_bcv_usd,Tipo de cambio BCV,Economía,Banco Central de Venezuela,https://www.bcv.org.ve/sites/default/files/indicadores_sector_externo/2_1_1_tdc.xlsx,Diaria,2019-04-03,2019-04-03,2019,3296.15,Bs/USD
tipo_cambio_bcv_usd,Tipo de cambio BCV,Economía,Banco Central de Venezuela,https://www.bcv.org.ve/sites/default/files/indicadores_sector_externo/2_1_1_tdc.xlsx,Diaria,2019-04-04,2019-04-04,2019,3298.46,Bs/USD
tipo_cambio_bcv_usd,Tipo de cambio BCV,Economía,Banco Central de Venezuela,https://www.bcv.org.ve/sites/default/files/indicadores_sector_externo/2_1_1_tdc.xlsx,Diaria,2019-04-05,2019-04-05,2019,3300.41,Bs/USD
tipo_cambio_bcv_usd,Tipo de cambio BCV,Economía,Banco Central de Venezuela,https://www.bcv.org.ve/sites/default/files/indicadores_sector_externo/2_1_1_tdc.xlsx,Diaria,2019-04-08,2019-04-08,2019,3302.24,Bs/USD
tipo_cambio_bcv_usd,Tipo de cambio BCV,Economía,Banco Central de Venezuela,https://www.bcv.org.ve/sites/default/files/indicadores_sector_externo/2_1_1_tdc.xlsx,Diaria,2019-04-09,2019-04-09,2019,3308.27,Bs/USD
tipo_cambio_bcv_usd,Tipo de cambio BCV,Economía,Banco Central de Venezuela,https://www.bcv.org.ve/sites/default/files/indicadores_sector_externo/2_1_1_tdc.xlsx,Diaria,2019-04-10,2019-04-10,2019,3309.3,Bs/USD
tipo_cambio_bcv_usd,Tipo de cambio BCV,Economía,Banco Central de Venezuela,https://www.bcv.org.ve/sites/default/files/indicadores_sector_externo/2_1_1_tdc.xlsx,Diaria,2019-04-11,2019-04-11,2019,3311.82,Bs/USD
tipo_cambio_bcv_usd,Tipo de cambio BCV,Economía,Banco Central de Venezuela,https://www.bcv.org.ve/sites/default/files/indicadores_sector_externo/2_1_1_tdc.xlsx,Diaria,2019-04-12,2019-04-12,2019,3314.34,Bs/USD
tipo_cambio_bcv_usd,Tipo de cambio BCV,Economía,Banco Central de Venezuela,https://www.bcv.org.ve/sites/default/files/indicadores_sector_externo/2_1_1_tdc.xlsx,Diaria,2019-04-15,2019-04-15,2019,3318.96,Bs/USD
tipo_cambio_bcv_usd,Tipo de cambio BCV,Economía,Banco Central de Venezuela,https://www.bcv.org.ve/sites/default/files/indicadores_sector_externo/2_1_1_tdc.xlsx,Diaria,2019-04-16,2019-04-16,2019,4100.0,Bs/USD
tipo_cambio_bcv_usd,Tipo de cambio BCV,Economía,Banco Central de Venezuela,https://www.bcv.org.ve/sites/default/files/indicadores_sector_externo/2_1_1_tdc.xlsx,Diaria,2019-04-22,2019-04-22,2019,4113.36,Bs/USD
tipo_cambio_bcv_usd,Tipo de cambio BCV,Economía,Banco Central de Venezuela,https://www.bcv.org.ve/sites/default/files/indicadores_sector_externo/2_1_1_tdc.xlsx,Diaria,2019-04-23,2019-04-23,2019,5200.0,Bs/USD
tipo_cambio_bcv_usd,Tipo de cambio BCV,Economía,Banco Central de Venezuela,https://www.bcv.org.ve/sites/default/files/indicadores_sector_externo/2_1_1_tdc.xlsx,Diaria,2019-04-24,2019-04-24,2019,5201.03,Bs/USD
tipo_cambio_bcv_usd,Tipo de cambio BCV,Economía,Banco Central de Venezuela,https://www.bcv.org.ve/sites/default/files/indicadores_sector_externo/2_1_1_tdc.xlsx,Diaria,2019-04-25,2019-04-25,2019,5201.88,Bs/USD
tipo_cambio_bcv_usd,Tipo de cambio BCV,Economía,Banco Central de Venezuela,https://www.bcv.org.ve/sites/default/files/indicadores_sector_externo/2_1_1_tdc.xlsx,Diaria,2019-04-26,2019-04-26,2019,5201.97,Bs/USD
tipo_cambio_bcv_usd,Tipo de cambio BCV,Economía,Banco Central de Venezuela,https://www.bcv.org.ve/sites/default/files/indicadores_sector_externo/2_1_1_tdc.xlsx,Diaria,2019-04-29,2019-04-29,2019,5202.26,Bs/USD
tipo_cambio_bcv_usd,Tipo de cambio BCV,Economía,Banco Central de Venezuela,https://www.bcv.org.ve/sites/default/files/indicadores_sector_externo/2_1_1_tdc.xlsx,Diaria,2019-04-30,2019-04-30,2019,5202.89,Bs/USD
tipo_cambio_bcv_usd,Tipo de cambio BCV,Economía,Banco Central de Venezuela,https://www.bcv.org.ve/sites/default/files/indicadores_sector_externo/2_1_1_tdc.xlsx,Diaria,2019-05-02,2019-05-02,2019,5202.94,Bs/USD
tipo_cambio_bcv_usd,Tipo de cambio BCV,Economía,Banco Central de Venezuela,https://www.bcv.org.ve/sites/default/files/indicadores_sector_externo/2_1_1_tdc.xlsx,Diaria,2019-05-03,2019-05-03,2019,5203.21,Bs/USD
tipo_cambio_bcv_usd,Tipo de cambio BCV,Economía,Banco Central de Venezuela,https://www.bcv.org.ve/sites/default/files/indicadores_sector_externo/2_1_1_tdc.xlsx,Diaria,2019-05-06,2019-05-06,2019,5202.85,Bs/USD
tipo_cambio_bcv_usd,Tipo de cambio BCV,Economía,Banco Central de Venezuela,https://www.bcv.org.ve/sites/default/files/indicadores_sector_externo/2_1_1_tdc.xlsx,Diaria,2019-05-07,2019-05-07,2019,5202.93,Bs/USD
tipo_cambio_bcv_usd,Tipo de cambio BCV,Economía,Banco Central de Venezuela,https://www.bcv.org.ve/sites/default/files/indicadores_sector_externo/2_1_1_tdc.xlsx,Diaria,2019-05-08,2019-05-08,2019,5202.81,Bs/USD
tipo_cambio_bcv_usd,Tipo de cambio BCV,Economía,Banco Central de Venezuela,https://www.bcv.org.ve/sites/default/files/indicadores_sector_externo/2_1_1_tdc.xlsx,Diaria,2019-05-09,2019-05-09,2019,5202.77,Bs/USD
tipo_cambio_bcv_usd,Tipo de cambio BCV,Economía,Banco Central de Venezuela,https://www.bcv.org.ve/sites/default/files/indicadores_sector_externo/2_1_1_tdc.xlsx,Diaria,2019-05-10,2019-05-10,2019,5202.62,Bs/USD
tipo_cambio_bcv_usd,Tipo de cambio BCV,Economía,Banco Central de Venezuela,https://www.bcv.org.ve/sites/default/files/indicadores_sector_externo/2_1_1_tdc.xlsx,Diaria,2019-05-13,2019-05-13,2019,5202.57,Bs/USD
tipo_cambio_bcv_usd,Tipo de cambio BCV,Economía,Banco Central de Venezuela,https://www.bcv.org.ve/sites/default/files/indicadores_sector_externo/2_1_1_tdc.xlsx,Diaria,2019-05-14,2019-05-14,2019,5262.5518,Bs/USD
tipo_cambio_bcv_usd,Tipo de cambio BCV,Economía,Banco Central de Venezuela,https://www.bcv.org.ve/sites/default/files/indicadores_sector_externo/2_1_1_tdc.xlsx,Diaria,2019-05-15,2019-05-15,2019,5256.1241,Bs/USD
tipo_cambio_bcv_usd,Tipo de cambio BCV,Economía,Banco Central de Venezuela,https://www.bcv.org.ve/sites/default/files/indicadores_sector_externo/2_1_1_tdc.xlsx,Diaria,2019-05-16,2019-05-16,2019,5368.9281,Bs/USD
tipo_cambio_bcv_usd,Tipo de cambio BCV,Economía,Banco Central de Venezuela,https://www.bcv.org.ve/sites/default/files/indicadores_sector_externo/2_1_1_tdc.xlsx,Diaria,2019-05-17,2019-05-17,2019,5402.1855,Bs/USD
tipo_cambio_bcv_usd,Tipo de cambio BCV,Economía,Banco Central de Venezuela,https://www.bcv.org.ve/sites/default/files/indicadores_sector_externo/2_1_1_tdc.xlsx,Diaria,2019-05-20,2019-05-20,2019,5556.9597,Bs/USD
tipo_cambio_bcv_usd,Tipo de cambio BCV,Economía,Banco Central de Venezuela,https://www.bcv.org.ve/sites/default/files/indicadores_sector_externo/2_1_1_tdc.xlsx,Diaria,2019-05-21,2019-05-21,2019,5545.7514,Bs/USD
tipo_cambio_bcv_usd,Tipo de cambio BCV,Economía,Banco Central de Venezuela,https://www.bcv.org.ve/sites/default/files/indicadores_sector_externo/2_1_1_tdc.xlsx,Diaria,2019-05-22,2019-05-22,2019,5633.6277,Bs/USD
tipo_cambio_bcv_usd,Tipo de cambio BCV,Economía,Banco Central de Venezuela,https://www.bcv.org.ve/sites/default/files/indicadores_sector_externo/2_1_1_tdc.xlsx,Diaria,2019-05-23,2019-05-23,2019,5638.4452,Bs/USD
tipo_cambio_bcv_usd,Tipo de cambio BCV,Economía,Banco Central de Venezuela,https://www.bcv.org.ve/sites/default/files/indicadores_sector_externo/2_1_1_tdc.xlsx,Diaria,2019-05-24,2019-05-24,2019,5641.497,Bs/USD
tipo_cambio_bcv_usd,Tipo de cambio BCV,Economía,Banco Central de Venezuela,https://www.bcv.org.ve/sites/default/files/indicadores_sector_externo/2_1_1_tdc.xlsx,Diaria,2019-05-27,2019-05-27,2019,5738.2644,Bs/USD
tipo_cambio_bcv_usd,Tipo de cambio BCV,Economía,Banco Central de Venezuela,https://www.bcv.org.ve/sites/default/files/indicadores_sector_externo/2_1_1_tdc.xlsx,Diaria,2019-05-28,2019-05-28,2019,5769.8236,Bs/USD
tipo_cambio_bcv_usd,Tipo de cambio BCV,Economía,Banco Central de Venezuela,https://www.bcv.org.ve/sites/default/files/indicadores_sector_externo/2_1_1_tdc.xlsx,Diaria,2019-05-29,2019-05-29,2019,5835.2482,Bs/USD
tipo_cambio_bcv_usd,Tipo de cambio BCV,Economía,Banco Central de Venezuela,https://www.bcv.org.ve/sites/default/files/indicadores_sector_externo/2_1_1_tdc.xlsx,Diaria,2019-05-30,2019-05-30,2019,5829.6499,Bs/USD
tipo_cambio_bcv_usd,Tipo de cambio BCV,Economía,Banco Central de Venezuela,https://www.bcv.org.ve/sites/default/files/indicadores_sector_externo/2_1_1_tdc.xlsx,Diaria,2019-05-31,2019-05-31,2019,5730.8941,Bs/USD
tipo_cambio_bcv_usd,Tipo de cambio BCV,Economía,Banco Central de Venezuela,https://www.bcv.org.ve/sites/default/files/indicadores_sector_externo/2_1_1_tdc.xlsx,Diaria,2019-06-04,2019-06-04,2019,5887.9647,Bs/USD
tipo_cambio_bcv_usd,Tipo de cambio BCV,Economía,Banco Central de Venezuela,https://www.bcv.org.ve/sites/default/files/indicadores_sector_externo/2_1_1_tdc.xlsx,Diaria,2019-06-05,2019-06-05,2019,5903.797,Bs/USD
tipo_cambio_bcv_usd,Tipo de cambio BCV,Economía,Banco Central de Venezuela,https://www.bcv.org.ve/sites/default/files/indicadores_sector_externo/2_1_1_tdc.xlsx,Diaria,2019-06-06,2019-06-06,2019,5919.2369,Bs/USD
tipo_cambio_bcv_usd,Tipo de cambio BCV,Economía,Banco Central de Venezuela,https://www.bcv.org.ve/sites/default/files/indicadores_sector_externo/2_1_1_tdc.xlsx,Diaria,2019-06-07,2019-06-07,2019,6033.7512,Bs/USD
tipo_cambio_bcv_usd,Tipo de cambio BCV,Economía,Banco Central de Venezuela,https://www.bcv.org.ve/sites/default/files/indicadores_sector_externo/2_1_1_tdc.xlsx,Diaria,2019-06-10,2019-06-10,2019,6049.207,Bs/USD
tipo_cambio_bcv_usd,Tipo de cambio BCV,Economía,Banco Central de Venezuela,https://www.bcv.org.ve/sites/default/files/indicadores_sector_externo/2_1_1_tdc.xlsx,Diaria,2019-06-11,2019-06-11,2019,6086.7509,Bs/USD
tipo_cambio_bcv_usd,Tipo de cambio BCV,Economía,Banco Central de Venezuela,https://www.bcv.org.ve/sites/default/files/indicadores_sector_externo/2_1_1_tdc.xlsx,Diaria,2019-06-12,2019-06-12,2019,6139.1066,Bs/USD
tipo_cambio_bcv_usd,Tipo de cambio BCV,Economía,Banco Central de Venezuela,https://www.bcv.org.ve/sites/default/files/indicadores_sector_externo/2_1_1_tdc.xlsx,Diaria,2019-06-13,2019-06-13,2019,6159.7057,Bs/USD
tipo_cambio_bcv_usd,Tipo de cambio BCV,Economía,Banco Central de Venezuela,https://www.bcv.org.ve/sites/default/files/indicadores_sector_externo/2_1_1_tdc.xlsx,Diaria,2019-06-14,2019-06-14,2019,6177.0297,Bs/USD
tipo_cambio_bcv_usd,Tipo de cambio BCV,Economía,Banco Central de Venezuela,https://www.bcv.org.ve/sites/default/files/indicadores_sector_externo/2_1_1_tdc.xlsx,Diaria,2019-06-18,2019-06-18,2019,6244.3319,Bs/USD
tipo_cambio_bcv_usd,Tipo de cambio BCV,Economía,Banco Central de Venezuela,https://www.bcv.org.ve/sites/default/files/indicadores_sector_externo/2_1_1_tdc.xlsx,Diaria,2019-06-19,2019-06-19,2019,6218.3585,Bs/USD
tipo_cambio_bcv_usd,Tipo de cambio BCV,Economía,Banco Central de Venezuela,https://www.bcv.org.ve/sites/default/files/indicadores_sector_externo/2_1_1_tdc.xlsx,Diaria,2019-06-20,2019-06-20,2019,6273.2518,Bs/USD
tipo_cambio_bcv_usd,Tipo de cambio BCV,Economía,Banco Central de Venezuela,https://www.bcv.org.ve/sites/default/files/indicadores_sector_externo/2_1_1_tdc.xlsx,Diaria,2019-06-21,2019-06-21,2019,6291.9568,Bs/USD
tipo_cambio_bcv_usd,Tipo de cambio BCV,Economía,Banco Central de Venezuela,https://www.bcv.org.ve/sites/default/files/indicadores_sector_externo/2_1_1_tdc.xlsx,Diaria,2019-06-25,2019-06-25,2019,6522.6917,Bs/USD
tipo_cambio_bcv_usd,Tipo de cambio BCV,Economía,Banco Central de Venezuela,https://www.bcv.org.ve/sites/default/files/indicadores_sector_externo/2_1_1_tdc.xlsx,Diaria,2019-06-26,2019-06-26,2019,6359.165,Bs/USD
tipo_cambio_bcv_usd,Tipo de cambio BCV,Economía,Banco Central de Venezuela,https://www.bcv.org.ve/sites/default/files/indicadores_sector_externo/2_1_1_tdc.xlsx,Diaria,2019-06-27,2019-06-27,2019,6479.1511,Bs/USD
tipo_cambio_bcv_usd,Tipo de cambio BCV,Economía,Banco Central de Venezuela,https://www.bcv.org.ve/sites/default/files/indicadores_sector_externo/2_1_1_tdc.xlsx,Diaria,2019-06-28,2019-06-28,2019,6566.4638,Bs/USD
tipo_cambio_bcv_usd,Tipo de cambio BCV,Economía,Banco Central de Venezuela,https://www.bcv.org.ve/sites/default/files/indicadores_sector_externo/2_1_1_tdc.xlsx,Diaria,2019-07-01,2019-07-01,2019,6733.2885,Bs/USD
tipo_cambio_bcv_usd,Tipo de cambio BCV,Economía,Banco Central de Venezuela,https://www.bcv.org.ve/sites/default/files/indicadores_sector_externo/2_1_1_tdc.xlsx,Diaria,2019-07-02,2019-07-02,2019,6738.4069,Bs/USD
tipo_cambio_bcv_usd,Tipo de cambio BCV,Economía,Banco Central de Venezuela,https://www.bcv.org.ve/sites/default/files/indicadores_sector_externo/2_1_1_tdc.xlsx,Diaria,2019-07-03,2019-07-03,2019,6684.9216,Bs/USD
tipo_cambio_bcv_usd,Tipo de cambio BCV,Economía,Banco Central de Venezuela,https://www.bcv.org.ve/sites/default/files/indicadores_sector_externo/2_1_1_tdc.xlsx,Diaria,2019-07-04,2019-07-04,2019,6922.2352,Bs/USD
tipo_cambio_bcv_usd,Tipo de cambio BCV,Economía,Banco Central de Venezuela,https://www.bcv.org.ve/sites/default/files/indicadores_sector_externo/2_1_1_tdc.xlsx,Diaria,2019-07-08,2019-07-08,2019,7205.0689,Bs/USD
tipo_cambio_bcv_usd,Tipo de cambio BCV,Economía,Banco Central de Venezuela,https://www.bcv.org.ve/sites/default/files/indicadores_sector_externo/2_1_1_tdc.xlsx,Diaria,2019-07-09,2019-07-09,2019,6977.1945,Bs/USD
tipo_cambio_bcv_usd,Tipo de cambio BCV,Economía,Banco Central de Venezuela,https://www.bcv.org.ve/sites/default/files/indicadores_sector_externo/2_1_1_tdc.xlsx,Diaria,2019-07-10,2019-07-10,2019,7103.3653,Bs/USD
tipo_cambio_bcv_usd,Tipo de cambio BCV,Economía,Banco Central de Venezuela,https://www.bcv.org.ve/sites/default/files/indicadores_sector_externo/2_1_1_tdc.xlsx,Diaria,2019-07-11,2019-07-11,2019,7144.4833,Bs/USD
tipo_cambio_bcv_usd,Tipo de cambio BCV,Economía,Banco Central de Venezuela,https://www.bcv.org.ve/sites/default/files/indicadores_sector_externo/2_1_1_tdc.xlsx,Diaria,2019-07-12,2019-07-12,2019,7156.4898,Bs/USD
tipo_cambio_bcv_usd,Tipo de cambio BCV,Economía,Banco Central de Venezuela,https://www.bcv.org.ve/sites/default/files/indicadores_sector_externo/2_1_1_tdc.xlsx,Diaria,2019-07-15,2019-07-15,2019,7204.7284,Bs/USD
tipo_cambio_bcv_usd,Tipo de cambio BCV,Economía,Banco Central de Venezuela,https://www.bcv.org.ve/sites/default/files/indicadores_sector_externo/2_1_1_tdc.xlsx,Diaria,2019-07-16,2019-07-16,2019,7246.0408,Bs/USD
tipo_cambio_bcv_usd,Tipo de cambio BCV,Economía,Banco Central de Venezuela,https://www.bcv.org.ve/sites/default/files/indicadores_sector_externo/2_1_1_tdc.xlsx,Diaria,2019-07-17,2019-07-17,2019,7245.8509,Bs/USD
tipo_cambio_bcv_usd,Tipo de cambio BCV,Economía,Banco Central de Venezuela,https://www.bcv.org.ve/sites/default/files/indicadores_sector_externo/2_1_1_tdc.xlsx,Diaria,2019-07-18,2019-07-18,2019,7344.7719,Bs/USD
tipo_cambio_bcv_usd,Tipo de cambio BCV,Economía,Banco Central de Venezuela,https://www.bcv.org.ve/sites/default/files/indicadores_sector_externo/2_1_1_tdc.xlsx,Diaria,2019-07-19,2019-07-19,2019,7475.7386,Bs/USD
tipo_cambio_bcv_usd,Tipo de cambio BCV,Economía,Banco Central de Venezuela,https://www.bcv.org.ve/sites/default/files/indicadores_sector_externo/2_1_1_tdc.xlsx,Diaria,2019-07-22,2019-07-22,2019,7503.9057,Bs/USD
tipo_cambio_bcv_usd,Tipo de cambio BCV,Economía,Banco Central de Venezuela,https://www.bcv.org.ve/sites/default/files/indicadores_sector_externo/2_1_1_tdc.xlsx,Diaria,2019-07-23,2019-07-23,2019,7609.4799,Bs/USD
tipo_cambio_bcv_usd,Tipo de cambio BCV,Economía,Banco Central de Venezuela,https://www.bcv.org.ve/sites/default/files/indicadores_sector_externo/2_1_1_tdc.xlsx,Diaria,2019-07-25,2019-07-25,2019,8067.8619,Bs/USD
tipo_cambio_bcv_usd,Tipo de cambio BCV,Economía,Banco Central de Venezuela,https://www.bcv.org.ve/sites/default/files/indicadores_sector_externo/2_1_1_tdc.xlsx,Diaria,2019-07-26,2019-07-26,2019,8557.2927,Bs/USD
tipo_cambio_bcv_usd,Tipo de cambio BCV,Economía,Banco Central de Venezuela,https://www.bcv.org.ve/sites/default/files/indicadores_sector_externo/2_1_1_tdc.xlsx,Diaria,2019-07-29,2019-07-29,2019,8838.4079,Bs/USD
tipo_cambio_bcv_usd,Tipo de cambio BCV,Economía,Banco Central de Venezuela,https://www.bcv.org.ve/sites/default/files/indicadores_sector_externo/2_1_1_tdc.xlsx,Diaria,2019-07-30,2019-07-30,2019,9830.9441,Bs/USD
tipo_cambio_bcv_usd,Tipo de cambio BCV,Economía,Banco Central de Venezuela,https://www.bcv.org.ve/sites/default/files/indicadores_sector_externo/2_1_1_tdc.xlsx,Diaria,2019-07-31,2019-07-31,2019,10731.1109,Bs/USD
tipo_cambio_bcv_usd,Tipo de cambio BCV,Economía,Banco Central de Venezuela,https://www.bcv.org.ve/sites/default/files/indicadores_sector_externo/2_1_1_tdc.xlsx,Diaria,2019-08-01,2019-08-01,2019,11264.4811,Bs/USD
tipo_cambio_bcv_usd,Tipo de cambio BCV,Economía,Banco Central de Venezuela,https://www.bcv.org.ve/sites/default/files/indicadores_sector_externo/2_1_1_tdc.xlsx,Diaria,2019-08-02,2019-08-02,2019,11909.2152,Bs/USD
tipo_cambio_bcv_usd,Tipo de cambio BCV,Economía,Banco Central de Venezuela,https://www.bcv.org.ve/sites/default/files/indicadores_sector_externo/2_1_1_tdc.xlsx,Diaria,2019-08-05,2019-08-05,2019,11939.7126,Bs/USD
tipo_cambio_bcv_usd,Tipo de cambio BCV,Economía,Banco Central de Venezuela,https://www.bcv.org.ve/sites/default/files/indicadores_sector_externo/2_1_1_tdc.xlsx,Diaria,2019-08-06,2019-08-06,2019,12041.5804,Bs/USD
tipo_cambio_bcv_usd,Tipo de cambio BCV,Economía,Banco Central de Venezuela,https://www.bcv.org.ve/sites/default/files/indicadores_sector_externo/2_1_1_tdc.xlsx,Diaria,2019-08-07,2019-08-07,2019,12559.4581,Bs/USD
tipo_cambio_bcv_usd,Tipo de cambio BCV,Economía,Banco Central de Venezuela,https://www.bcv.org.ve/sites/default/files/indicadores_sector_externo/2_1_1_tdc.xlsx,Diaria,2019-08-08,2019-08-08,2019,12808.5444,Bs/USD
tipo_cambio_bcv_usd,Tipo de cambio BCV,Economía,Banco Central de Venezuela,https://www.bcv.org.ve/sites/default/files/indicadores_sector_externo/2_1_1_tdc.xlsx,Diaria,2019-08-09,2019-08-09,2019,13004.4437,Bs/USD
tipo_cambio_bcv_usd,Tipo de cambio BCV,Economía,Banco Central de Venezuela,https://www.bcv.org.ve/sites/default/files/indicadores_sector_externo/2_1_1_tdc.xlsx,Diaria,2019-08-12,2019-08-12,2019,13225.1898,Bs/USD
tipo_cambio_bcv_usd,Tipo de cambio BCV,Economía,Banco Central de Venezuela,https://www.bcv.org.ve/sites/default/files/indicadores_sector_externo/2_1_1_tdc.xlsx,Diaria,2019-08-13,2019-08-13,2019,13613.3157,Bs/USD
tipo_cambio_bcv_usd,Tipo de cambio BCV,Economía,Banco Central de Venezuela,https://www.bcv.org.ve/sites/default/files/indicadores_sector_externo/2_1_1_tdc.xlsx,Diaria,2019-08-14,2019-08-14,2019,13763.0797,Bs/USD
tipo_cambio_bcv_usd,Tipo de cambio BCV,Economía,Banco Central de Venezuela,https://www.bcv.org.ve/sites/default/files/indicadores_sector_externo/2_1_1_tdc.xlsx,Diaria,2019-08-15,2019-08-15,2019,13921.4657,Bs/USD
tipo_cambio_bcv_usd,Tipo de cambio BCV,Economía,Banco Central de Venezuela,https://www.bcv.org.ve/sites/default/files/indicadores_sector_externo/2_1_1_tdc.xlsx,Diaria,2019-08-16,2019-08-16,2019,14071.6344,Bs/USD
tipo_cambio_bcv_usd,Tipo de cambio BCV,Economía,Banco Central de Venezuela,https://www.bcv.org.ve/sites/default/files/indicadores_sector_externo/2_1_1_tdc.xlsx,Diaria,2019-08-20,2019-08-20,2019,14483.5372,Bs/USD
tipo_cambio_bcv_usd,Tipo de cambio BCV,Economía,Banco Central de Venezuela,https://www.bcv.org.ve/sites/default/files/indicadores_sector_externo/2_1_1_tdc.xlsx,Diaria,2019-08-21,2019-08-21,2019,14642.8622,Bs/USD
tipo_cambio_bcv_usd,Tipo de cambio BCV,Economía,Banco Central de Venezuela,https://www.bcv.org.ve/sites/default/files/indicadores_sector_externo/2_1_1_tdc.xlsx,Diaria,2019-08-22,2019-08-22,2019,15684.7796,Bs/USD
tipo_cambio_bcv_usd,Tipo de cambio BCV,Economía,Banco Central de Venezuela,https://www.bcv.org.ve/sites/default/files/indicadores_sector_externo/2_1_1_tdc.xlsx,Diaria,2019-08-23,2019-08-23,2019,15883.7024,Bs/USD
tipo_cambio_bcv_usd,Tipo de cambio BCV,Economía,Banco Central de Venezuela,https://www.bcv.org.ve/sites/default/files/indicadores_sector_externo/2_1_1_tdc.xlsx,Diaria,2019-08-26,2019-08-26,2019,16075.6025,Bs/USD
tipo_cambio_bcv_usd,Tipo de cambio BCV,Economía,Banco Central de Venezuela,https://www.bcv.org.ve/sites/default/files/indicadores_sector_externo/2_1_1_tdc.xlsx,Diaria,2019-08-27,2019-08-27,2019,16516.0093,Bs/USD
tipo_cambio_bcv_usd,Tipo de cambio BCV,Economía,Banco Central de Venezuela,https://www.bcv.org.ve/sites/default/files/indicadores_sector_externo/2_1_1_tdc.xlsx,Diaria,2019-08-28,2019-08-28,2019,17651.7341,Bs/USD
tipo_cambio_bcv_usd,Tipo de cambio BCV,Economía,Banco Central de Venezuela,https://www.bcv.org.ve/sites/default/files/indicadores_sector_externo/2_1_1_tdc.xlsx,Diaria,2019-08-29,2019-08-29,2019,18410.0986,Bs/USD
tipo_cambio_bcv_usd,Tipo de cambio BCV,Economía,Banco Central de Venezuela,https://www.bcv.org.ve/sites/default/files/indicadores_sector_externo/2_1_1_tdc.xlsx,Diaria,2019-08-30,2019-08-30,2019,20511.0516,Bs/USD
tipo_cambio_bcv_usd,Tipo de cambio BCV,Economía,Banco Central de Venezuela,https://www.bcv.org.ve/sites/default/files/indicadores_sector_externo/2_1_1_tdc.xlsx,Diaria,2019-09-02,2019-09-02,2019,22186.8904,Bs/USD
tipo_cambio_bcv_usd,Tipo de cambio BCV,Economía,Banco Central de Venezuela,https://www.bcv.org.ve/sites/default/files/indicadores_sector_externo/2_1_1_tdc.xlsx,Diaria,2019-09-03,2019-09-03,2019,23330.1426,Bs/USD
tipo_cambio_bcv_usd,Tipo de cambio BCV,Economía,Banco Central de Venezuela,https://www.bcv.org.ve/sites/default/files/indicadores_sector_externo/2_1_1_tdc.xlsx,Diaria,2019-09-04,2019-09-04,2019,23840.7912,Bs/USD
tipo_cambio_bcv_usd,Tipo de cambio BCV,Economía,Banco Central de Venezuela,https://www.bcv.org.ve/sites/default/files/indicadores_sector_externo/2_1_1_tdc.xlsx,Diaria,2019-09-05,2019-09-05,2019,23675.6032,Bs/USD
tipo_cambio_bcv_usd,Tipo de cambio BCV,Economía,Banco Central de Venezuela,https://www.bcv.org.ve/sites/default/files/indicadores_sector_externo/2_1_1_tdc.xlsx,Diaria,2019-09-06,2019-09-06,2019,20959.9174,Bs/USD
tipo_cambio_bcv_usd,Tipo de cambio BCV,Economía,Banco Central de Venezuela,https://www.bcv.org.ve/sites/default/files/indicadores_sector_externo/2_1_1_tdc.xlsx,Diaria,2019-09-09,2019-09-09,2019,20430.1102,Bs/USD
tipo_cambio_bcv_usd,Tipo de cambio BCV,Economía,Banco Central de Venezuela,https://www.bcv.org.ve/sites/default/files/indicadores_sector_externo/2_1_1_tdc.xlsx,Diaria,2019-09-10,2019-09-10,2019,20506.3448,Bs/USD
tipo_cambio_bcv_usd,Tipo de cambio BCV,Economía,Banco Central de Venezuela,https://www.bcv.org.ve/sites/default/files/indicadores_sector_externo/2_1_1_tdc.xlsx,Diaria,2019-09-11,2019-09-11,2019,21181.8946,Bs/USD
tipo_cambio_bcv_usd,Tipo de cambio BCV,Economía,Banco Central de Venezuela,https://www.bcv.org.ve/sites/default/files/indicadores_sector_externo/2_1_1_tdc.xlsx,Diaria,2019-09-12,2019-09-12,2019,21228.4786,Bs/USD
tipo_cambio_bcv_usd,Tipo de cambio BCV,Economía,Banco Central de Venezuela,https://www.bcv.org.ve/sites/default/files/indicadores_sector_externo/2_1_1_tdc.xlsx,Diaria,2019-09-13,2019-09-13,2019,21444.6465,Bs/USD
tipo_cambio_bcv_usd,Tipo de cambio BCV,Economía,Banco Central de Venezuela,https://www.bcv.org.ve/sites/default/files/indicadores_sector_externo/2_1_1_tdc.xlsx,Diaria,2019-09-17,2019-09-17,2019,21555.4134,Bs/USD
tipo_cambio_bcv_usd,Tipo de cambio BCV,Economía,Banco Central de Venezuela,https://www.bcv.org.ve/sites/default/files/indicadores_sector_externo/2_1_1_tdc.xlsx,Diaria,2019-09-18,2019-09-18,2019,19889.2903,Bs/USD
tipo_cambio_bcv_usd,Tipo de cambio BCV,Economía,Banco Central de Venezuela,https://www.bcv.org.ve/sites/default/files/indicadores_sector_externo/2_1_1_tdc.xlsx,Diaria,2019-09-19,2019-09-19,2019,19839.6701,Bs/USD
tipo_cambio_bcv_usd,Tipo de cambio BCV,Economía,Banco Central de Venezuela,https://www.bcv.org.ve/sites/default/files/indicadores_sector_externo/2_1_1_tdc.xlsx,Diaria,2019-09-20,2019-09-20,2019,19871.7356,Bs/USD
tipo_cambio_bcv_usd,Tipo de cambio BCV,Economía,Banco Central de Venezuela,https://www.bcv.org.ve/sites/default/files/indicadores_sector_externo/2_1_1_tdc.xlsx,Diaria,2019-09-23,2019-09-23,2019,19715.3137,Bs/USD
tipo_cambio_bcv_usd,Tipo de cambio BCV,Economía,Banco Central de Venezuela,https://www.bcv.org.ve/sites/default/files/indicadores_sector_externo/2_1_1_tdc.xlsx,Diaria,2019-09-24,2019-09-24,2019,19770.1997,Bs/USD
tipo_cambio_bcv_usd,Tipo de cambio BCV,Economía,Banco Central de Venezuela,https://www.bcv.org.ve/sites/default/files/indicadores_sector_externo/2_1_1_tdc.xlsx,Diaria,2019-09-25,2019-09-25,2019,19988.5674,Bs/USD
tipo_cambio_bcv_usd,Tipo de cambio BCV,Economía,Banco Central de Venezuela,https://www.bcv.org.ve/sites/default/files/indicadores_sector_externo/2_1_1_tdc.xlsx,Diaria,2019-09-26,2019-09-26,2019,20708.1705,Bs/USD
tipo_cambio_bcv_usd,Tipo de cambio BCV,Economía,Banco Central de Venezuela,https://www.bcv.org.ve/sites/default/files/indicadores_sector_externo/2_1_1_tdc.xlsx,Diaria,2019-09-27,2019-09-27,2019,20903.6751,Bs/USD
tipo_cambio_bcv_usd,Tipo de cambio BCV,Economía,Banco Central de Venezuela,https://www.bcv.org.ve/sites/default/files/indicadores_sector_externo/2_1_1_tdc.xlsx,Diaria,2019-09-30,2019-09-30,2019,21028.0799,Bs/USD
tipo_cambio_bcv_usd,Tipo de cambio BCV,Economía,Banco Central de Venezuela,https://www.bcv.org.ve/sites/default/files/indicadores_sector_externo/2_1_1_tdc.xlsx,Diaria,2019-10-01,2019-10-01,2019,20746.3919,Bs/USD
tipo_cambio_bcv_usd,Tipo de cambio BCV,Economía,Banco Central de Venezuela,https://www.bcv.org.ve/sites/default/files/indicadores_sector_externo/2_1_1_tdc.xlsx,Diaria,2019-10-02,2019-10-02,2019,20425.6386,Bs/USD
tipo_cambio_bcv_usd,Tipo de cambio BCV,Economía,Banco Central de Venezuela,https://www.bcv.org.ve/sites/default/files/indicadores_sector_externo/2_1_1_tdc.xlsx,Diaria,2019-10-03,2019-10-03,2019,20254.5902,Bs/USD
tipo_cambio_bcv_usd,Tipo de cambio BCV,Economía,Banco Central de Venezuela,https://www.bcv.org.ve/sites/default/files/indicadores_sector_externo/2_1_1_tdc.xlsx,Diaria,2019-10-04,2019-10-04,2019,20163.357,Bs/USD
tipo_cambio_bcv_usd,Tipo de cambio BCV,Economía,Banco Central de Venezuela,https://www.bcv.org.ve/sites/default/files/indicadores_sector_externo/2_1_1_tdc.xlsx,Diaria,2019-10-07,2019-10-07,2019,20218.0263,Bs/USD
tipo_cambio_bcv_usd,Tipo de cambio BCV,Economía,Banco Central de Venezuela,https://www.bcv.org.ve/sites/default/files/indicadores_sector_externo/2_1_1_tdc.xlsx,Diaria,2019-10-08,2019-10-08,2019,20112.8809,Bs/USD
tipo_cambio_bcv_usd,Tipo de cambio BCV,Economía,Banco Central de Venezuela,https://www.bcv.org.ve/sites/default/files/indicadores_sector_externo/2_1_1_tdc.xlsx,Diaria,2019-10-09,2019-10-09,2019,19663.7989,Bs/USD
tipo_cambio_bcv_usd,Tipo de cambio BCV,Economía,Banco Central de Venezuela,https://www.bcv.org.ve/sites/default/files/indicadores_sector_externo/2_1_1_tdc.xlsx,Diaria,2019-10-10,2019-10-10,2019,19758.2791,Bs/USD
tipo_cambio_bcv_usd,Tipo de cambio BCV,Economía,Banco Central de Venezuela,https://www.bcv.org.ve/sites/default/files/indicadores_sector_externo/2_1_1_tdc.xlsx,Diaria,2019-10-11,2019-10-11,2019,19413.6516,Bs/USD
tipo_cambio_bcv_usd,Tipo de cambio BCV,Economía,Banco Central de Venezuela,https://www.bcv.org.ve/sites/default/files/indicadores_sector_externo/2_1_1_tdc.xlsx,Diaria,2019-10-14,2019-10-14,2019,19733.4053,Bs/USD
tipo_cambio_bcv_usd,Tipo de cambio BCV,Economía,Banco Central de Venezuela,https://www.bcv.org.ve/sites/default/files/indicadores_sector_externo/2_1_1_tdc.xlsx,Diaria,2019-10-15,2019-10-15,2019,19025.394,Bs/USD
tipo_cambio_bcv_usd,Tipo de cambio BCV,Economía,Banco Central de Venezuela,https://www.bcv.org.ve/sites/default/files/indicadores_sector_externo/2_1_1_tdc.xlsx,Diaria,2019-10-16,2019-10-16,2019,18955.0319,Bs/USD
tipo_cambio_bcv_usd,Tipo de cambio BCV,Economía,Banco Central de Venezuela,https://www.bcv.org.ve/sites/default/files/indicadores_sector_externo/2_1_1_tdc.xlsx,Diaria,2019-10-17,2019-10-17,2019,18854.2151,Bs/USD
tipo_cambio_bcv_usd,Tipo de cambio BCV,Economía,Banco Central de Venezuela,https://www.bcv.org.ve/sites/default/files/indicadores_sector_externo/2_1_1_tdc.xlsx,Diaria,2019-10-18,2019-10-18,2019,19173.6754,Bs/USD
tipo_cambio_bcv_usd,Tipo de cambio BCV,Economía,Banco Central de Venezuela,https://www.bcv.org.ve/sites/default/files/indicadores_sector_externo/2_1_1_tdc.xlsx,Diaria,2019-10-21,2019-10-21,2019,18710.5642,Bs/USD
tipo_cambio_bcv_usd,Tipo de cambio BCV,Economía,Banco Central de Venezuela,https://www.bcv.org.ve/sites/default/files/indicadores_sector_externo/2_1_1_tdc.xlsx,Diaria,2019-10-22,2019-10-22,2019,18374.5407,Bs/USD
tipo_cambio_bcv_usd,Tipo de cambio BCV,Economía,Banco Central de Venezuela,https://www.bcv.org.ve/sites/default/files/indicadores_sector_externo/2_1_1_tdc.xlsx,Diaria,2019-10-23,2019-10-23,2019,18380.4092,Bs/USD
tipo_cambio_bcv_usd,Tipo de cambio BCV,Economía,Banco Central de Venezuela,https://www.bcv.org.ve/sites/default/files/indicadores_sector_externo/2_1_1_tdc.xlsx,Diaria,2019-10-24,2019-10-24,2019,18587.1472,Bs/USD
tipo_cambio_bcv_usd,Tipo de cambio BCV,Economía,Banco Central de Venezuela,https://www.bcv.org.ve/sites/default/files/indicadores_sector_externo/2_1_1_tdc.xlsx,Diaria,2019-10-25,2019-10-25,2019,19758.0698,Bs/USD
tipo_cambio_bcv_usd,Tipo de cambio BCV,Economía,Banco Central de Venezuela,https://www.bcv.org.ve/sites/default/files/indicadores_sector_externo/2_1_1_tdc.xlsx,Diaria,2019-10-28,2019-10-28,2019,20454.306,Bs/USD
tipo_cambio_bcv_usd,Tipo de cambio BCV,Economía,Banco Central de Venezuela,https://www.bcv.org.ve/sites/default/files/indicadores_sector_externo/2_1_1_tdc.xlsx,Diaria,2019-10-29,2019-10-29,2019,21659.9171,Bs/USD
tipo_cambio_bcv_usd,Tipo de cambio BCV,Economía,Banco Central de Venezuela,https://www.bcv.org.ve/sites/default/files/indicadores_sector_externo/2_1_1_tdc.xlsx,Diaria,2019-10-30,2019-10-30,2019,23605.9412,Bs/USD
tipo_cambio_bcv_usd,Tipo de cambio BCV,Economía,Banco Central de Venezuela,https://www.bcv.org.ve/sites/default/files/indicadores_sector_externo/2_1_1_tdc.xlsx,Diaria,2019-10-31,2019-10-31,2019,24415.0657,Bs/USD
tipo_cambio_bcv_usd,Tipo de cambio BCV,Economía,Banco Central de Venezuela,https://www.bcv.org.ve/sites/default/files/indicadores_sector_externo/2_1_1_tdc.xlsx,Diaria,2019-11-01,2019-11-01,2019,23402.9079,Bs/USD
tipo_cambio_bcv_usd,Tipo de cambio BCV,Economía,Banco Central de Venezuela,https://www.bcv.org.ve/sites/default/files/indicadores_sector_externo/2_1_1_tdc.xlsx,Diaria,2019-11-05,2019-11-05,2019,22493.9131,Bs/USD
tipo_cambio_bcv_usd,Tipo de cambio BCV,Economía,Banco Central de Venezuela,https://www.bcv.org.ve/sites/default/files/indicadores_sector_externo/2_1_1_tdc.xlsx,Diaria,2019-11-06,2019-11-06,2019,22715.9437,Bs/USD
tipo_cambio_bcv_usd,Tipo de cambio BCV,Economía,Banco Central de Venezuela,https://www.bcv.org.ve/sites/default/files/indicadores_sector_externo/2_1_1_tdc.xlsx,Diaria,2019-11-07,2019-11-07,2019,23533.378,Bs/USD
tipo_cambio_bcv_usd,Tipo de cambio BCV,Economía,Banco Central de Venezuela,https://www.bcv.org.ve/sites/default/files/indicadores_sector_externo/2_1_1_tdc.xlsx,Diaria,2019-11-08,2019-11-08,2019,24228.3336,Bs/USD
tipo_cambio_bcv_usd,Tipo de cambio BCV,Economía,Banco Central de Venezuela,https://www.bcv.org.ve/sites/default/files/indicadores_sector_externo/2_1_1_tdc.xlsx,Diaria,2019-11-11,2019-11-11,2019,25734.2846,Bs/USD
tipo_cambio_bcv_usd,Tipo de cambio BCV,Economía,Banco Central de Venezuela,https://www.bcv.org.ve/sites/default/files/indicadores_sector_externo/2_1_1_tdc.xlsx,Diaria,2019-11-12,2019-11-12,2019,26781.5663,Bs/USD
tipo_cambio_bcv_usd,Tipo de cambio BCV,Economía,Banco Central de Venezuela,https://www.bcv.org.ve/sites/default/files/indicadores_sector_externo/2_1_1_tdc.xlsx,Diaria,2019-11-13,2019-11-13,2019,27962.016,Bs/USD
tipo_cambio_bcv_usd,Tipo de cambio BCV,Economía,Banco Central de Venezuela,https://www.bcv.org.ve/sites/default/files/indicadores_sector_externo/2_1_1_tdc.xlsx,Diaria,2019-11-14,2019-11-14,2019,29949.6789,Bs/USD
tipo_cambio_bcv_usd,Tipo de cambio BCV,Economía,Banco Central de Venezuela,https://www.bcv.org.ve/sites/default/files/indicadores_sector_externo/2_1_1_tdc.xlsx,Diaria,2019-11-15,2019-11-15,2019,30085.8586,Bs/USD
tipo_cambio_bcv_usd,Tipo de cambio BCV,Economía,Banco Central de Venezuela,https://www.bcv.org.ve/sites/default/files/indicadores_sector_externo/2_1_1_tdc.xlsx,Diaria,2019-11-18,2019-11-18,2019,29383.2383,Bs/USD
tipo_cambio_bcv_usd,Tipo de cambio BCV,Economía,Banco Central de Venezuela,https://www.bcv.org.ve/sites/default/files/indicadores_sector_externo/2_1_1_tdc.xlsx,Diaria,2019-11-19,2019-11-19,2019,28954.7129,Bs/USD
tipo_cambio_bcv_usd,Tipo de cambio BCV,Economía,Banco Central de Venezuela,https://www.bcv.org.ve/sites/default/files/indicadores_sector_externo/2_1_1_tdc.xlsx,Diaria,2019-11-20,2019-11-20,2019,30435.0527,Bs/USD
tipo_cambio_bcv_usd,Tipo de cambio BCV,Economía,Banco Central de Venezuela,https://www.bcv.org.ve/sites/default/files/indicadores_sector_externo/2_1_1_tdc.xlsx,Diaria,2019-11-21,2019-11-21,2019,32096.0774,Bs/USD
tipo_cambio_bcv_usd,Tipo de cambio BCV,Economía,Banco Central de Venezuela,https://www.bcv.org.ve/sites/default/files/indicadores_sector_externo/2_1_1_tdc.xlsx,Diaria,2019-11-22,2019-11-22,2019,32190.4613,Bs/USD
tipo_cambio_bcv_usd,Tipo de cambio BCV,Economía,Banco Central de Venezuela,https://www.bcv.org.ve/sites/default/files/indicadores_sector_externo/2_1_1_tdc.xlsx,Diaria,2019-11-25,2019-11-25,2019,32638.7429,Bs/USD
tipo_cambio_bcv_usd,Tipo de cambio BCV,Economía,Banco Central de Venezuela,https://www.bcv.org.ve/sites/default/files/indicadores_sector_externo/2_1_1_tdc.xlsx,Diaria,2019-11-26,2019-11-26,2019,33370.2448,Bs/USD
tipo_cambio_bcv_usd,Tipo de cambio BCV,Economía,Banco Central de Venezuela,https://www.bcv.org.ve/sites/default/files/indicadores_sector_externo/2_1_1_tdc.xlsx,Diaria,2019-11-27,2019-11-27,2019,35470.614,Bs/USD
tipo_cambio_bcv_usd,Tipo de cambio BCV,Economía,Banco Central de Venezuela,https://www.bcv.org.ve/sites/default/files/indicadores_sector_externo/2_1_1_tdc.xlsx,Diaria,2019-11-28,2019-11-28,2019,36733.7995,Bs/USD
tipo_cambio_bcv_usd,Tipo de cambio BCV,Economía,Banco Central de Venezuela,https://www.bcv.org.ve/sites/default/files/indicadores_sector_externo/2_1_1_tdc.xlsx,Diaria,2019-11-29,2019-11-29,2019,38204.2209,Bs/USD
tipo_cambio_bcv_usd,Tipo de cambio BCV,Economía,Banco Central de Venezuela,https://www.bcv.org.ve/sites/default/files/indicadores_sector_externo/2_1_1_tdc.xlsx,Diaria,2019-12-02,2019-12-02,2019,38980.8297,Bs/USD
tipo_cambio_bcv_usd,Tipo de cambio BCV,Economía,Banco Central de Venezuela,https://www.bcv.org.ve/sites/default/files/indicadores_sector_externo/2_1_1_tdc.xlsx,Diaria,2019-12-03,2019-12-03,2019,37606.1607,Bs/USD
tipo_cambio_bcv_usd,Tipo de cambio BCV,Economía,Banco Central de Venezuela,https://www.bcv.org.ve/sites/default/files/indicadores_sector_externo/2_1_1_tdc.xlsx,Diaria,2019-12-04,2019-12-04,2019,38455.7489,Bs/USD
tipo_cambio_bcv_usd,Tipo de cambio BCV,Economía,Banco Central de Venezuela,https://www.bcv.org.ve/sites/default/files/indicadores_sector_externo/2_1_1_tdc.xlsx,Diaria,2019-12-05,2019-12-05,2019,39947.6007,Bs/USD
tipo_cambio_bcv_usd,Tipo de cambio BCV,Economía,Banco Central de Venezuela,https://www.bcv.org.ve/sites/default/files/indicadores_sector_externo/2_1_1_tdc.xlsx,Diaria,2019-12-06,2019-12-06,2019,41675.2713,Bs/USD
tipo_cambio_bcv_usd,Tipo de cambio BCV,Economía,Banco Central de Venezuela,https://www.bcv.org.ve/sites/default/files/indicadores_sector_externo/2_1_1_tdc.xlsx,Diaria,2019-12-09,2019-12-09,2019,42087.678,Bs/USD
tipo_cambio_bcv_usd,Tipo de cambio BCV,Economía,Banco Central de Venezuela,https://www.bcv.org.ve/sites/default/files/indicadores_sector_externo/2_1_1_tdc.xlsx,Diaria,2019-12-10,2019-12-10,2019,43651.1612,Bs/USD
tipo_cambio_bcv_usd,Tipo de cambio BCV,Economía,Banco Central de Venezuela,https://www.bcv.org.ve/sites/default/files/indicadores_sector_externo/2_1_1_tdc.xlsx,Diaria,2019-12-11,2019-12-11,2019,44610.4637,Bs/USD
tipo_cambio_bcv_usd,Tipo de cambio BCV,Economía,Banco Central de Venezuela,https://www.bcv.org.ve/sites/default/files/indicadores_sector_externo/2_1_1_tdc.xlsx,Diaria,2019-12-12,2019-12-12,2019,46134.4393,Bs/USD
tipo_cambio_bcv_usd,Tipo de cambio BCV,Economía,Banco Central de Venezuela,https://www.bcv.org.ve/sites/default/files/indicadores_sector_externo/2_1_1_tdc.xlsx,Diaria,2019-12-13,2019-12-13,2019,46291.6201,Bs/USD
tipo_cambio_bcv_usd,Tipo de cambio BCV,Economía,Banco Central de Venezuela,https://www.bcv.org.ve/sites/default/files/indicadores_sector_externo/2_1_1_tdc.xlsx,Diaria,2019-12-16,2019-12-16,2019,46304.2614,Bs/USD
tipo_cambio_bcv_usd,Tipo de cambio BCV,Economía,Banco Central de Venezuela,https://www.bcv.org.ve/sites/default/files/indicadores_sector_externo/2_1_1_tdc.xlsx,Diaria,2019-12-17,2019-12-17,2019,46366.5799,Bs/USD
tipo_cambio_bcv_usd,Tipo de cambio BCV,Economía,Banco Central de Venezuela,https://www.bcv.org.ve/sites/default/files/indicadores_sector_externo/2_1_1_tdc.xlsx,Diaria,2019-12-18,2019-12-18,2019,46946.2661,Bs/USD
tipo_cambio_bcv_usd,Tipo de cambio BCV,Economía,Banco Central de Venezuela,https://www.bcv.org.ve/sites/default/files/indicadores_sector_externo/2_1_1_tdc.xlsx,Diaria,2019-12-19,2019-12-19,2019,47942.8582,Bs/USD
tipo_cambio_bcv_usd,Tipo de cambio BCV,Economía,Banco Central de Venezuela,https://www.bcv.org.ve/sites/default/files/indicadores_sector_externo/2_1_1_tdc.xlsx,Diaria,2019-12-20,2019-12-20,2019,47167.4895,Bs/USD
tipo_cambio_bcv_usd,Tipo de cambio BCV,Economía,Banco Central de Venezuela,https://www.bcv.org.ve/sites/default/files/indicadores_sector_externo/2_1_1_tdc.xlsx,Diaria,2019-12-23,2019-12-23,2019,46677.1968,Bs/USD
tipo_cambio_bcv_usd,Tipo de cambio BCV,Economía,Banco Central de Venezuela,https://www.bcv.org.ve/sites/default/files/indicadores_sector_externo/2_1_1_tdc.xlsx,Diaria,2019-12-26,2019-12-26,2019,45553.2127,Bs/USD
tipo_cambio_bcv_usd,Tipo de cambio BCV,Economía,Banco Central de Venezuela,https://www.bcv.org.ve/sites/default/files/indicadores_sector_externo/2_1_1_tdc.xlsx,Diaria,2019-12-27,2019-12-27,2019,45257.3775,Bs/USD
tipo_cambio_bcv_usd,Tipo de cambio BCV,Economía,Banco Central de Venezuela,https://www.bcv.org.ve/sites/default/files/indicadores_sector_externo/2_1_1_tdc.xlsx,Diaria,2019-12-30,2019-12-30,2019,45874.8056,Bs/USD
tipo_cambio_bcv_usd,Tipo de cambio BCV,Economía,Banco Central de Venezuela,https://www.bcv.org.ve/sites/default/files/indicadores_sector_externo/2_1_1_tdc.xlsx,Diaria,2020-01-02,2020-01-02,2020,46620.8306,Bs/USD
tipo_cambio_bcv_usd,Tipo de cambio BCV,Economía,Banco Central de Venezuela,https://www.bcv.org.ve/sites/default/files/indicadores_sector_externo/2_1_1_tdc.xlsx,Diaria,2020-01-03,2020-01-03,2020,48709.3628,Bs/USD
tipo_cambio_bcv_usd,Tipo de cambio BCV,Economía,Banco Central de Venezuela,https://www.bcv.org.ve/sites/default/files/indicadores_sector_externo/2_1_1_tdc.xlsx,Diaria,2020-01-07,2020-01-07,2020,54441.9263,Bs/USD
tipo_cambio_bcv_usd,Tipo de cambio BCV,Economía,Banco Central de Venezuela,https://www.bcv.org.ve/sites/default/files/indicadores_sector_externo/2_1_1_tdc.xlsx,Diaria,2020-01-08,2020-01-08,2020,56741.09,Bs/USD
tipo_cambio_bcv_usd,Tipo de cambio BCV,Economía,Banco Central de Venezuela,https://www.bcv.org.ve/sites/default/files/indicadores_sector_externo/2_1_1_tdc.xlsx,Diaria,2020-01-09,2020-01-09,2020,60990.4668,Bs/USD
tipo_cambio_bcv_usd,Tipo de cambio BCV,Economía,Banco Central de Venezuela,https://www.bcv.org.ve/sites/default/files/indicadores_sector_externo/2_1_1_tdc.xlsx,Diaria,2020-01-10,2020-01-10,2020,62299.0377,Bs/USD
tipo_cambio_bcv_usd,Tipo de cambio BCV,Economía,Banco Central de Venezuela,https://www.bcv.org.ve/sites/default/files/indicadores_sector_externo/2_1_1_tdc.xlsx,Diaria,2020-01-13,2020-01-13,2020,67213.9898,Bs/USD
tipo_cambio_bcv_usd,Tipo de cambio BCV,Economía,Banco Central de Venezuela,https://www.bcv.org.ve/sites/default/files/indicadores_sector_externo/2_1_1_tdc.xlsx,Diaria,2020-01-14,2020-01-14,2020,67814.7458,Bs/USD
tipo_cambio_bcv_usd,Tipo de cambio BCV,Economía,Banco Central de Venezuela,https://www.bcv.org.ve/sites/default/files/indicadores_sector_externo/2_1_1_tdc.xlsx,Diaria,2020-01-15,2020-01-15,2020,70675.7409,Bs/USD
tipo_cambio_bcv_usd,Tipo de cambio BCV,Economía,Banco Central de Venezuela,https://www.bcv.org.ve/sites/default/files/indicadores_sector_externo/2_1_1_tdc.xlsx,Diaria,2020-01-16,2020-01-16,2020,71208.2395,Bs/USD
tipo_cambio_bcv_usd,Tipo de cambio BCV,Economía,Banco Central de Venezuela,https://www.bcv.org.ve/sites/default/files/indicadores_sector_externo/2_1_1_tdc.xlsx,Diaria,2020-01-17,2020-01-17,2020,72228.3402,Bs/USD
tipo_cambio_bcv_usd,Tipo de cambio BCV,Economía,Banco Central de Venezuela,https://www.bcv.org.ve/sites/default/files/indicadores_sector_externo/2_1_1_tdc.xlsx,Diaria,2020-01-21,2020-01-21,2020,74139.4739,Bs/USD
tipo_cambio_bcv_usd,Tipo de cambio BCV,Economía,Banco Central de Venezuela,https://www.bcv.org.ve/sites/default/files/indicadores_sector_externo/2_1_1_tdc.xlsx,Diaria,2020-01-22,2020-01-22,2020,73430.4806,Bs/USD
tipo_cambio_bcv_usd,Tipo de cambio BCV,Economía,Banco Central de Venezuela,https://www.bcv.org.ve/sites/default/files/indicadores_sector_externo/2_1_1_tdc.xlsx,Diaria,2020-01-23,2020-01-23,2020,73701.0816,Bs/USD
tipo_cambio_bcv_usd,Tipo de cambio BCV,Economía,Banco Central de Venezuela,https://www.bcv.org.ve/sites/default/files/indicadores_sector_externo/2_1_1_tdc.xlsx,Diaria,2020-01-24,2020-01-24,2020,74243.5961,Bs/USD
tipo_cambio_bcv_usd,Tipo de cambio BCV,Economía,Banco Central de Venezuela,https://www.bcv.org.ve/sites/default/files/indicadores_sector_externo/2_1_1_tdc.xlsx,Diaria,2020-01-27,2020-01-27,2020,74673.8145,Bs/USD
tipo_cambio_bcv_usd,Tipo de cambio BCV,Economía,Banco Central de Venezuela,https://www.bcv.org.ve/sites/default/files/indicadores_sector_externo/2_1_1_tdc.xlsx,Diaria,2020-01-28,2020-01-28,2020,74444.1554,Bs/USD
tipo_cambio_bcv_usd,Tipo de cambio BCV,Economía,Banco Central de Venezuela,https://www.bcv.org.ve/sites/default/files/indicadores_sector_externo/2_1_1_tdc.xlsx,Diaria,2020-01-29,2020-01-29,2020,74727.1861,Bs/USD
tipo_cambio_bcv_usd,Tipo de cambio BCV,Economía,Banco Central de Venezuela,https://www.bcv.org.ve/sites/default/files/indicadores_sector_externo/2_1_1_tdc.xlsx,Diaria,2020-01-30,2020-01-30,2020,74903.9913,Bs/USD
tipo_cambio_bcv_usd,Tipo de cambio BCV,Economía,Banco Central de Venezuela,https://www.bcv.org.ve/sites/default/files/indicadores_sector_externo/2_1_1_tdc.xlsx,Diaria,2020-01-31,2020-01-31,2020,74989.8741,Bs/USD
tipo_cambio_bcv_usd,Tipo de cambio BCV,Economía,Banco Central de Venezuela,https://www.bcv.org.ve/sites/default/files/indicadores_sector_externo/2_1_1_tdc.xlsx,Diaria,2020-02-03,2020-02-03,2020,74026.6125,Bs/USD
tipo_cambio_bcv_usd,Tipo de cambio BCV,Economía,Banco Central de Venezuela,https://www.bcv.org.ve/sites/default/files/indicadores_sector_externo/2_1_1_tdc.xlsx,Diaria,2020-02-04,2020-02-04,2020,72941.8283,Bs/USD
tipo_cambio_bcv_usd,Tipo de cambio BCV,Economía,Banco Central de Venezuela,https://www.bcv.org.ve/sites/default/files/indicadores_sector_externo/2_1_1_tdc.xlsx,Diaria,2020-02-05,2020-02-05,2020,73341.1891,Bs/USD
tipo_cambio_bcv_usd,Tipo de cambio BCV,Economía,Banco Central de Venezuela,https://www.bcv.org.ve/sites/default/files/indicadores_sector_externo/2_1_1_tdc.xlsx,Diaria,2020-02-06,2020-02-06,2020,73607.3643,Bs/USD
tipo_cambio_bcv_usd,Tipo de cambio BCV,Economía,Banco Central de Venezuela,https://www.bcv.org.ve/sites/default/files/indicadores_sector_externo/2_1_1_tdc.xlsx,Diaria,2020-02-07,2020-02-07,2020,73612.4812,Bs/USD
tipo_cambio_bcv_usd,Tipo de cambio BCV,Economía,Banco Central de Venezuela,https://www.bcv.org.ve/sites/default/files/indicadores_sector_externo/2_1_1_tdc.xlsx,Diaria,2020-02-10,2020-02-10,2020,73430.5516,Bs/USD
tipo_cambio_bcv_usd,Tipo de cambio BCV,Economía,Banco Central de Venezuela,https://www.bcv.org.ve/sites/default/files/indicadores_sector_externo/2_1_1_tdc.xlsx,Diaria,2020-02-11,2020-02-11,2020,73048.4882,Bs/USD
tipo_cambio_bcv_usd,Tipo de cambio BCV,Economía,Banco Central de Venezuela,https://www.bcv.org.ve/sites/default/files/indicadores_sector_externo/2_1_1_tdc.xlsx,Diaria,2020-02-12,2020-02-12,2020,73172.4968,Bs/USD
tipo_cambio_bcv_usd,Tipo de cambio BCV,Economía,Banco Central de Venezuela,https://www.bcv.org.ve/sites/default/files/indicadores_sector_externo/2_1_1_tdc.xlsx,Diaria,2020-02-13,2020-02-13,2020,73486.9847,Bs/USD
tipo_cambio_bcv_usd,Tipo de cambio BCV,Economía,Banco Central de Venezuela,https://www.bcv.org.ve/sites/default/files/indicadores_sector_externo/2_1_1_tdc.xlsx,Diaria,2020-02-14,2020-02-14,2020,73582.9359,Bs/USD
tipo_cambio_bcv_usd,Tipo de cambio BCV,Economía,Banco Central de Venezuela,https://www.bcv.org.ve/sites/default/files/indicadores_sector_externo/2_1_1_tdc.xlsx,Diaria,2020-02-17,2020-02-17,2020,73393.2933,Bs/USD
tipo_cambio_bcv_usd,Tipo de cambio BCV,Economía,Banco Central de Venezuela,https://www.bcv.org.ve/sites/default/files/indicadores_sector_externo/2_1_1_tdc.xlsx,Diaria,2020-02-18,2020-02-18,2020,73470.981,Bs/USD
tipo_cambio_bcv_usd,Tipo de cambio BCV,Economía,Banco Central de Venezuela,https://www.bcv.org.ve/sites/default/files/indicadores_sector_externo/2_1_1_tdc.xlsx,Diaria,2020-02-19,2020-02-19,2020,73772.3256,Bs/USD
tipo_cambio_bcv_usd,Tipo de cambio BCV,Economía,Banco Central de Venezuela,https://www.bcv.org.ve/sites/default/files/indicadores_sector_externo/2_1_1_tdc.xlsx,Diaria,2020-02-20,2020-02-20,2020,73759.8431,Bs/USD
tipo_cambio_bcv_usd,Tipo de cambio BCV,Economía,Banco Central de Venezuela,https://www.bcv.org.ve/sites/default/files/indicadores_sector_externo/2_1_1_tdc.xlsx,Diaria,2020-02-21,2020-02-21,2020,73787.0624,Bs/USD
tipo_cambio_bcv_usd,Tipo de cambio BCV,Economía,Banco Central de Venezuela,https://www.bcv.org.ve/sites/default/files/indicadores_sector_externo/2_1_1_tdc.xlsx,Diaria,2020-02-26,2020-02-26,2020,73351.0331,Bs/USD
tipo_cambio_bcv_usd,Tipo de cambio BCV,Economía,Banco Central de Venezuela,https://www.bcv.org.ve/sites/default/files/indicadores_sector_externo/2_1_1_tdc.xlsx,Diaria,2020-02-27,2020-02-27,2020,73603.1222,Bs/USD
tipo_cambio_bcv_usd,Tipo de cambio BCV,Economía,Banco Central de Venezuela,https://www.bcv.org.ve/sites/default/files/indicadores_sector_externo/2_1_1_tdc.xlsx,Diaria,2020-02-28,2020-02-28,2020,73652.1744,Bs/USD
tipo_cambio_bcv_usd,Tipo de cambio BCV,Economía,Banco Central de Venezuela,https://www.bcv.org.ve/sites/default/files/indicadores_sector_externo/2_1_1_tdc.xlsx,Diaria,2020-03-02,2020-03-02,2020,74092.5747,Bs/USD
tipo_cambio_bcv_usd,Tipo de cambio BCV,Economía,Banco Central de Venezuela,https://www.bcv.org.ve/sites/default/files/indicadores_sector_externo/2_1_1_tdc.xlsx,Diaria,2020-03-03,2020-03-03,2020,73987.4465,Bs/USD
tipo_cambio_bcv_usd,Tipo de cambio BCV,Economía,Banco Central de Venezuela,https://www.bcv.org.ve/sites/default/files/indicadores_sector_externo/2_1_1_tdc.xlsx,Diaria,2020-03-04,2020-03-04,2020,73829.0328,Bs/USD
tipo_cambio_bcv_usd,Tipo de cambio BCV,Economía,Banco Central de Venezuela,https://www.bcv.org.ve/sites/default/files/indicadores_sector_externo/2_1_1_tdc.xlsx,Diaria,2020-03-05,2020-03-05,2020,73653.2775,Bs/USD
tipo_cambio_bcv_usd,Tipo de cambio BCV,Economía,Banco Central de Venezuela,https://www.bcv.org.ve/sites/default/files/indicadores_sector_externo/2_1_1_tdc.xlsx,Diaria,2020-03-06,2020-03-06,2020,73193.3066,Bs/USD
tipo_cambio_bcv_usd,Tipo de cambio BCV,Economía,Banco Central de Venezuela,https://www.bcv.org.ve/sites/default/files/indicadores_sector_externo/2_1_1_tdc.xlsx,Diaria,2020-03-09,2020-03-09,2020,73224.1491,Bs/USD
tipo_cambio_bcv_usd,Tipo de cambio BCV,Economía,Banco Central de Venezuela,https://www.bcv.org.ve/sites/default/files/indicadores_sector_externo/2_1_1_tdc.xlsx,Diaria,2020-03-10,2020-03-10,2020,73255.7634,Bs/USD
tipo_cambio_bcv_usd,Tipo de cambio BCV,Economía,Banco Central de Venezuela,https://www.bcv.org.ve/sites/default/files/indicadores_sector_externo/2_1_1_tdc.xlsx,Diaria,2020-03-11,2020-03-11,2020,73334.8306,Bs/USD
tipo_cambio_bcv_usd,Tipo de cambio BCV,Economía,Banco Central de Venezuela,https://www.bcv.org.ve/sites/default/files/indicadores_sector_externo/2_1_1_tdc.xlsx,Diaria,2020-03-12,2020-03-12,2020,73649.5567,Bs/USD
tipo_cambio_bcv_usd,Tipo de cambio BCV,Economía,Banco Central de Venezuela,https://www.bcv.org.ve/sites/default/files/indicadores_sector_externo/2_1_1_tdc.xlsx,Diaria,2020-03-13,2020-03-13,2020,73688.7326,Bs/USD
tipo_cambio_bcv_usd,Tipo de cambio BCV,Economía,Banco Central de Venezuela,https://www.bcv.org.ve/sites/default/files/indicadores_sector_externo/2_1_1_tdc.xlsx,Diaria,2020-03-16,2020-03-16,2020,74081.8696,Bs/USD
tipo_cambio_bcv_usd,Tipo de cambio BCV,Economía,Banco Central de Venezuela,https://www.bcv.org.ve/sites/default/files/indicadores_sector_externo/2_1_1_tdc.xlsx,Diaria,2020-03-17,2020-03-17,2020,74146.4841,Bs/USD
tipo_cambio_bcv_usd,Tipo de cambio BCV,Economía,Banco Central de Venezuela,https://www.bcv.org.ve/sites/default/files/indicadores_sector_externo/2_1_1_tdc.xlsx,Diaria,2020-03-18,2020-03-18,2020,74007.9739,Bs/USD
tipo_cambio_bcv_usd,Tipo de cambio BCV,Economía,Banco Central de Venezuela,https://www.bcv.org.ve/sites/default/files/indicadores_sector_externo/2_1_1_tdc.xlsx,Diaria,2020-03-20,2020-03-20,2020,72260.068,Bs/USD
tipo_cambio_bcv_usd,Tipo de cambio BCV,Economía,Banco Central de Venezuela,https://www.bcv.org.ve/sites/default/files/indicadores_sector_externo/2_1_1_tdc.xlsx,Diaria,2020-03-23,2020-03-23,2020,70718.5836,Bs/USD
tipo_cambio_bcv_usd,Tipo de cambio BCV,Economía,Banco Central de Venezuela,https://www.bcv.org.ve/sites/default/files/indicadores_sector_externo/2_1_1_tdc.xlsx,Diaria,2020-03-24,2020-03-24,2020,69896.3449,Bs/USD
tipo_cambio_bcv_usd,Tipo de cambio BCV,Economía,Banco Central de Venezuela,https://www.bcv.org.ve/sites/default/files/indicadores_sector_externo/2_1_1_tdc.xlsx,Diaria,2020-03-25,2020-03-25,2020,70854.8891,Bs/USD
tipo_cambio_bcv_usd,Tipo de cambio BCV,Economía,Banco Central de Venezuela,https://www.bcv.org.ve/sites/default/files/indicadores_sector_externo/2_1_1_tdc.xlsx,Diaria,2020-03-26,2020-03-26,2020,71208.5282,Bs/USD
tipo_cambio_bcv_usd,Tipo de cambio BCV,Economía,Banco Central de Venezuela,https://www.bcv.org.ve/sites/default/files/indicadores_sector_externo/2_1_1_tdc.xlsx,Diaria,2020-03-27,2020-03-27,2020,73830.1638,Bs/USD
tipo_cambio_bcv_usd,Tipo de cambio BCV,Economía,Banco Central de Venezuela,https://www.bcv.org.ve/sites/default/files/indicadores_sector_externo/2_1_1_tdc.xlsx,Diaria,2020-03-30,2020-03-30,2020,77893.4605,Bs/USD
tipo_cambio_bcv_usd,Tipo de cambio BCV,Economía,Banco Central de Venezuela,https://www.bcv.org.ve/sites/default/files/indicadores_sector_externo/2_1_1_tdc.xlsx,Diaria,2020-03-31,2020-03-31,2020,80270.0977,Bs/USD
tipo_cambio_bcv_usd,Tipo de cambio BCV,Economía,Banco Central de Venezuela,https://www.bcv.org.ve/sites/default/files/indicadores_sector_externo/2_1_1_tdc.xlsx,Diaria,2020-04-01,2020-04-01,2020,80945.7245,Bs/USD
tipo_cambio_bcv_usd,Tipo de cambio BCV,Economía,Banco Central de Venezuela,https://www.bcv.org.ve/sites/default/files/indicadores_sector_externo/2_1_1_tdc.xlsx,Diaria,2020-04-02,2020-04-02,2020,83375.719,Bs/USD
tipo_cambio_bcv_usd,Tipo de cambio BCV,Economía,Banco Central de Venezuela,https://www.bcv.org.ve/sites/default/files/indicadores_sector_externo/2_1_1_tdc.xlsx,Diaria,2020-04-03,2020-04-03,2020,84693.3211,Bs/USD
tipo_cambio_bcv_usd,Tipo de cambio BCV,Economía,Banco Central de Venezuela,https://www.bcv.org.ve/sites/default/files/indicadores_sector_externo/2_1_1_tdc.xlsx,Diaria,2020-04-06,2020-04-06,2020,86657.8789,Bs/USD
tipo_cambio_bcv_usd,Tipo de cambio BCV,Economía,Banco Central de Venezuela,https://www.bcv.org.ve/sites/default/files/indicadores_sector_externo/2_1_1_tdc.xlsx,Diaria,2020-04-07,2020-04-07,2020,91832.0611,Bs/USD
tipo_cambio_bcv_usd,Tipo de cambio BCV,Economía,Banco Central de Venezuela,https://www.bcv.org.ve/sites/default/files/indicadores_sector_externo/2_1_1_tdc.xlsx,Diaria,2020-04-08,2020-04-08,2020,96632.4324,Bs/USD
tipo_cambio_bcv_usd,Tipo de cambio BCV,Economía,Banco Central de Venezuela,https://www.bcv.org.ve/sites/default/files/indicadores_sector_externo/2_1_1_tdc.xlsx,Diaria,2020-04-13,2020-04-13,2020,100980.1296,Bs/USD
tipo_cambio_bcv_usd,Tipo de cambio BCV,Economía,Banco Central de Venezuela,https://www.bcv.org.ve/sites/default/files/indicadores_sector_externo/2_1_1_tdc.xlsx,Diaria,2020-04-14,2020-04-14,2020,105906.6942,Bs/USD
tipo_cambio_bcv_usd,Tipo de cambio BCV,Economía,Banco Central de Venezuela,https://www.bcv.org.ve/sites/default/files/indicadores_sector_externo/2_1_1_tdc.xlsx,Diaria,2020-04-15,2020-04-15,2020,113833.9692,Bs/USD
tipo_cambio_bcv_usd,Tipo de cambio BCV,Economía,Banco Central de Venezuela,https://www.bcv.org.ve/sites/default/files/indicadores_sector_externo/2_1_1_tdc.xlsx,Diaria,2020-04-16,2020-04-16,2020,120860.4093,Bs/USD
tipo_cambio_bcv_usd,Tipo de cambio BCV,Economía,Banco Central de Venezuela,https://www.bcv.org.ve/sites/default/files/indicadores_sector_externo/2_1_1_tdc.xlsx,Diaria,2020-04-17,2020-04-17,2020,125975.0892,Bs/USD
tipo_cambio_bcv_usd,Tipo de cambio BCV,Economía,Banco Central de Venezuela,https://www.bcv.org.ve/sites/default/files/indicadores_sector_externo/2_1_1_tdc.xlsx,Diaria,2020-04-20,2020-04-20,2020,125574.0328,Bs/USD
tipo_cambio_bcv_usd,Tipo de cambio BCV,Economía,Banco Central de Venezuela,https://www.bcv.org.ve/sites/default/files/indicadores_sector_externo/2_1_1_tdc.xlsx,Diaria,2020-04-21,2020-04-21,2020,128044.2806,Bs/USD
tipo_cambio_bcv_usd,Tipo de cambio BCV,Economía,Banco Central de Venezuela,https://www.bcv.org.ve/sites/default/files/indicadores_sector_externo/2_1_1_tdc.xlsx,Diaria,2020-04-22,2020-04-22,2020,129093.0684,Bs/USD
tipo_cambio_bcv_usd,Tipo de cambio BCV,Economía,Banco Central de Venezuela,https://www.bcv.org.ve/sites/default/files/indicadores_sector_externo/2_1_1_tdc.xlsx,Diaria,2020-04-23,2020-04-23,2020,144957.1901,Bs/USD
tipo_cambio_bcv_usd,Tipo de cambio BCV,Economía,Banco Central de Venezuela,https://www.bcv.org.ve/sites/default/files/indicadores_sector_externo/2_1_1_tdc.xlsx,Diaria,2020-04-24,2020-04-24,2020,171575.509,Bs/USD
tipo_cambio_bcv_usd,Tipo de cambio BCV,Economía,Banco Central de Venezuela,https://www.bcv.org.ve/sites/default/files/indicadores_sector_externo/2_1_1_tdc.xlsx,Diaria,2020-04-27,2020-04-27,2020,171072.85,Bs/USD
tipo_cambio_bcv_usd,Tipo de cambio BCV,Economía,Banco Central de Venezuela,https://www.bcv.org.ve/sites/default/files/indicadores_sector_externo/2_1_1_tdc.xlsx,Diaria,2020-04-28,2020-04-28,2020,170342.6783,Bs/USD
tipo_cambio_bcv_usd,Tipo de cambio BCV,Economía,Banco Central de Venezuela,https://www.bcv.org.ve/sites/default/files/indicadores_sector_externo/2_1_1_tdc.xlsx,Diaria,2020-04-29,2020-04-29,2020,175659.8426,Bs/USD
tipo_cambio_bcv_usd,Tipo de cambio BCV,Economía,Banco Central de Venezuela,https://www.bcv.org.ve/sites/default/files/indicadores_sector_externo/2_1_1_tdc.xlsx,Diaria,2020-04-30,2020-04-30,2020,176563.0719,Bs/USD
tipo_cambio_bcv_usd,Tipo de cambio BCV,Economía,Banco Central de Venezuela,https://www.bcv.org.ve/sites/default/files/indicadores_sector_externo/2_1_1_tdc.xlsx,Diaria,2020-05-04,2020-05-04,2020,176538.0403,Bs/USD
tipo_cambio_bcv_usd,Tipo de cambio BCV,Economía,Banco Central de Venezuela,https://www.bcv.org.ve/sites/default/files/indicadores_sector_externo/2_1_1_tdc.xlsx,Diaria,2020-05-05,2020-05-05,2020,175414.0816,Bs/USD
tipo_cambio_bcv_usd,Tipo de cambio BCV,Economía,Banco Central de Venezuela,https://www.bcv.org.ve/sites/default/files/indicadores_sector_externo/2_1_1_tdc.xlsx,Diaria,2020-05-06,2020-05-06,2020,171874.5464,Bs/USD
tipo_cambio_bcv_usd,Tipo de cambio BCV,Economía,Banco Central de Venezuela,https://www.bcv.org.ve/sites/default/files/indicadores_sector_externo/2_1_1_tdc.xlsx,Diaria,2020-05-07,2020-05-07,2020,169363.8874,Bs/USD
tipo_cambio_bcv_usd,Tipo de cambio BCV,Economía,Banco Central de Venezuela,https://www.bcv.org.ve/sites/default/files/indicadores_sector_externo/2_1_1_tdc.xlsx,Diaria,2020-05-08,2020-05-08,2020,172952.8257,Bs/USD
tipo_cambio_bcv_usd,Tipo de cambio BCV,Economía,Banco Central de Venezuela,https://www.bcv.org.ve/sites/default/files/indicadores_sector_externo/2_1_1_tdc.xlsx,Diaria,2020-05-11,2020-05-11,2020,179019.2596,Bs/USD
tipo_cambio_bcv_usd,Tipo de cambio BCV,Economía,Banco Central de Venezuela,https://www.bcv.org.ve/sites/default/files/indicadores_sector_externo/2_1_1_tdc.xlsx,Diaria,2020-05-12,2020-05-12,2020,179104.5753,Bs/USD
tipo_cambio_bcv_usd,Tipo de cambio BCV,Economía,Banco Central de Venezuela,https://www.bcv.org.ve/sites/default/files/indicadores_sector_externo/2_1_1_tdc.xlsx,Diaria,2020-05-13,2020-05-13,2020,178532.4412,Bs/USD
tipo_cambio_bcv_usd,Tipo de cambio BCV,Economía,Banco Central de Venezuela,https://www.bcv.org.ve/sites/default/files/indicadores_sector_externo/2_1_1_tdc.xlsx,Diaria,2020-05-14,2020-05-14,2020,179041.3439,Bs/USD
tipo_cambio_bcv_usd,Tipo de cambio BCV,Economía,Banco Central de Venezuela,https://www.bcv.org.ve/sites/default/files/indicadores_sector_externo/2_1_1_tdc.xlsx,Diaria,2020-05-15,2020-05-15,2020,181675.8766,Bs/USD
tipo_cambio_bcv_usd,Tipo de cambio BCV,Economía,Banco Central de Venezuela,https://www.bcv.org.ve/sites/default/files/indicadores_sector_externo/2_1_1_tdc.xlsx,Diaria,2020-05-18,2020-05-18,2020,183048.2988,Bs/USD
tipo_cambio_bcv_usd,Tipo de cambio BCV,Economía,Banco Central de Venezuela,https://www.bcv.org.ve/sites/default/files/indicadores_sector_externo/2_1_1_tdc.xlsx,Diaria,2020-05-19,2020-05-19,2020,183337.6012,Bs/USD
tipo_cambio_bcv_usd,Tipo de cambio BCV,Economía,Banco Central de Venezuela,https://www.bcv.org.ve/sites/default/files/indicadores_sector_externo/2_1_1_tdc.xlsx,Diaria,2020-05-20,2020-05-20,2020,182834.2246,Bs/USD
tipo_cambio_bcv_usd,Tipo de cambio BCV,Economía,Banco Central de Venezuela,https://www.bcv.org.ve/sites/default/files/indicadores_sector_externo/2_1_1_tdc.xlsx,Diaria,2020-05-21,2020-05-21,2020,183533.8341,Bs/USD
tipo_cambio_bcv_usd,Tipo de cambio BCV,Economía,Banco Central de Venezuela,https://www.bcv.org.ve/sites/default/files/indicadores_sector_externo/2_1_1_tdc.xlsx,Diaria,2020-05-22,2020-05-22,2020,188129.9074,Bs/USD
tipo_cambio_bcv_usd,Tipo de cambio BCV,Economía,Banco Central de Venezuela,https://www.bcv.org.ve/sites/default/files/indicadores_sector_externo/2_1_1_tdc.xlsx,Diaria,2020-05-26,2020-05-26,2020,193404.5883,Bs/USD
tipo_cambio_bcv_usd,Tipo de cambio BCV,Economía,Banco Central de Venezuela,https://www.bcv.org.ve/sites/default/files/indicadores_sector_externo/2_1_1_tdc.xlsx,Diaria,2020-05-27,2020-05-27,2020,193464.324,Bs/USD
tipo_cambio_bcv_usd,Tipo de cambio BCV,Economía,Banco Central de Venezuela,https://www.bcv.org.ve/sites/default/files/indicadores_sector_externo/2_1_1_tdc.xlsx,Diaria,2020-05-28,2020-05-28,2020,196049.7566,Bs/USD
tipo_cambio_bcv_usd,Tipo de cambio BCV,Economía,Banco Central de Venezuela,https://www.bcv.org.ve/sites/default/files/indicadores_sector_externo/2_1_1_tdc.xlsx,Diaria,2020-05-29,2020-05-29,2020,197214.9547,Bs/USD
tipo_cambio_bcv_usd,Tipo de cambio BCV,Economía,Banco Central de Venezuela,https://www.bcv.org.ve/sites/default/files/indicadores_sector_externo/2_1_1_tdc.xlsx,Diaria,2020-06-01,2020-06-01,2020,198110.5907,Bs/USD
tipo_cambio_bcv_usd,Tipo de cambio BCV,Economía,Banco Central de Venezuela,https://www.bcv.org.ve/sites/default/files/indicadores_sector_externo/2_1_1_tdc.xlsx,Diaria,2020-06-02,2020-06-02,2020,197794.7422,Bs/USD
tipo_cambio_bcv_usd,Tipo de cambio BCV,Economía,Banco Central de Venezuela,https://www.bcv.org.ve/sites/default/files/indicadores_sector_externo/2_1_1_tdc.xlsx,Diaria,2020-06-03,2020-06-03,2020,197189.0396,Bs/USD
tipo_cambio_bcv_usd,Tipo de cambio BCV,Economía,Banco Central de Venezuela,https://www.bcv.org.ve/sites/default/files/indicadores_sector_externo/2_1_1_tdc.xlsx,Diaria,2020-06-04,2020-06-04,2020,197515.0101,Bs/USD
tipo_cambio_bcv_usd,Tipo de cambio BCV,Economía,Banco Central de Venezuela,https://www.bcv.org.ve/sites/default/files/indicadores_sector_externo/2_1_1_tdc.xlsx,Diaria,2020-06-05,2020-06-05,2020,198651.705,Bs/USD
tipo_cambio_bcv_usd,Tipo de cambio BCV,Economía,Banco Central de Venezuela,https://www.bcv.org.ve/sites/default/files/indicadores_sector_externo/2_1_1_tdc.xlsx,Diaria,2020-06-08,2020-06-08,2020,199030.9333,Bs/USD
tipo_cambio_bcv_usd,Tipo de cambio BCV,Economía,Banco Central de Venezuela,https://www.bcv.org.ve/sites/default/files/indicadores_sector_externo/2_1_1_tdc.xlsx,Diaria,2020-06-09,2020-06-09,2020,198185.1028,Bs/USD
tipo_cambio_bcv_usd,Tipo de cambio BCV,Economía,Banco Central de Venezuela,https://www.bcv.org.ve/sites/default/files/indicadores_sector_externo/2_1_1_tdc.xlsx,Diaria,2020-06-10,2020-06-10,2020,197893.7068,Bs/USD
tipo_cambio_bcv_usd,Tipo de cambio BCV,Economía,Banco Central de Venezuela,https://www.bcv.org.ve/sites/default/files/indicadores_sector_externo/2_1_1_tdc.xlsx,Diaria,2020-06-11,2020-06-11,2020,201166.3025,Bs/USD
tipo_cambio_bcv_usd,Tipo de cambio BCV,Economía,Banco Central de Venezuela,https://www.bcv.org.ve/sites/default/files/indicadores_sector_externo/2_1_1_tdc.xlsx,Diaria,2020-06-12,2020-06-12,2020,202465.5508,Bs/USD
tipo_cambio_bcv_usd,Tipo de cambio BCV,Economía,Banco Central de Venezuela,https://www.bcv.org.ve/sites/default/files/indicadores_sector_externo/2_1_1_tdc.xlsx,Diaria,2020-06-15,2020-06-15,2020,203257.5093,Bs/USD
tipo_cambio_bcv_usd,Tipo de cambio BCV,Economía,Banco Central de Venezuela,https://www.bcv.org.ve/sites/default/files/indicadores_sector_externo/2_1_1_tdc.xlsx,Diaria,2020-06-16,2020-06-16,2020,203505.2067,Bs/USD
tipo_cambio_bcv_usd,Tipo de cambio BCV,Economía,Banco Central de Venezuela,https://www.bcv.org.ve/sites/default/files/indicadores_sector_externo/2_1_1_tdc.xlsx,Diaria,2020-06-17,2020-06-17,2020,203639.6436,Bs/USD
tipo_cambio_bcv_usd,Tipo de cambio BCV,Economía,Banco Central de Venezuela,https://www.bcv.org.ve/sites/default/files/indicadores_sector_externo/2_1_1_tdc.xlsx,Diaria,2020-06-18,2020-06-18,2020,203457.8587,Bs/USD
tipo_cambio_bcv_usd,Tipo de cambio BCV,Economía,Banco Central de Venezuela,https://www.bcv.org.ve/sites/default/files/indicadores_sector_externo/2_1_1_tdc.xlsx,Diaria,2020-06-19,2020-06-19,2020,202883.1937,Bs/USD
tipo_cambio_bcv_usd,Tipo de cambio BCV,Economía,Banco Central de Venezuela,https://www.bcv.org.ve/sites/default/files/indicadores_sector_externo/2_1_1_tdc.xlsx,Diaria,2020-06-22,2020-06-22,2020,202838.8912,Bs/USD
tipo_cambio_bcv_usd,Tipo de cambio BCV,Economía,Banco Central de Venezuela,https://www.bcv.org.ve/sites/default/files/indicadores_sector_externo/2_1_1_tdc.xlsx,Diaria,2020-06-23,2020-06-23,2020,201738.5731,Bs/USD
tipo_cambio_bcv_usd,Tipo de cambio BCV,Economía,Banco Central de Venezuela,https://www.bcv.org.ve/sites/default/files/indicadores_sector_externo/2_1_1_tdc.xlsx,Diaria,2020-06-25,2020-06-25,2020,201961.3987,Bs/USD
tipo_cambio_bcv_usd,Tipo de cambio BCV,Economía,Banco Central de Venezuela,https://www.bcv.org.ve/sites/default/files/indicadores_sector_externo/2_1_1_tdc.xlsx,Diaria,2020-06-26,2020-06-26,2020,202157.017,Bs/USD
tipo_cambio_bcv_usd,Tipo de cambio BCV,Economía,Banco Central de Venezuela,https://www.bcv.org.ve/sites/default/files/indicadores_sector_externo/2_1_1_tdc.xlsx,Diaria,2020-06-30,2020-06-30,2020,202331.5101,Bs/USD
tipo_cambio_bcv_usd,Tipo de cambio BCV,Economía,Banco Central de Venezuela,https://www.bcv.org.ve/sites/default/files/indicadores_sector_externo/2_1_1_tdc.xlsx,Diaria,2020-07-01,2020-07-01,2020,204417.6916,Bs/USD
tipo_cambio_bcv_usd,Tipo de cambio BCV,Economía,Banco Central de Venezuela,https://www.bcv.org.ve/sites/default/files/indicadores_sector_externo/2_1_1_tdc.xlsx,Diaria,2020-07-02,2020-07-02,2020,205028.1744,Bs/USD
tipo_cambio_bcv_usd,Tipo de cambio BCV,Economía,Banco Central de Venezuela,https://www.bcv.org.ve/sites/default/files/indicadores_sector_externo/2_1_1_tdc.xlsx,Diaria,2020-07-03,2020-07-03,2020,205733.5651,Bs/USD
tipo_cambio_bcv_usd,Tipo de cambio BCV,Economía,Banco Central de Venezuela,https://www.bcv.org.ve/sites/default/files/indicadores_sector_externo/2_1_1_tdc.xlsx,Diaria,2020-07-06,2020-07-06,2020,206970.5603,Bs/USD
tipo_cambio_bcv_usd,Tipo de cambio BCV,Economía,Banco Central de Venezuela,https://www.bcv.org.ve/sites/default/files/indicadores_sector_externo/2_1_1_tdc.xlsx,Diaria,2020-07-07,2020-07-07,2020,207722.2482,Bs/USD
tipo_cambio_bcv_usd,Tipo de cambio BCV,Economía,Banco Central de Venezuela,https://www.bcv.org.ve/sites/default/files/indicadores_sector_externo/2_1_1_tdc.xlsx,Diaria,2020-07-08,2020-07-08,2020,208216.7508,Bs/USD
tipo_cambio_bcv_usd,Tipo de cambio BCV,Economía,Banco Central de Venezuela,https://www.bcv.org.ve/sites/default/files/indicadores_sector_externo/2_1_1_tdc.xlsx,Diaria,2020-07-09,2020-07-09,2020,211675.0087,Bs/USD
tipo_cambio_bcv_usd,Tipo de cambio BCV,Economía,Banco Central de Venezuela,https://www.bcv.org.ve/sites/default/files/indicadores_sector_externo/2_1_1_tdc.xlsx,Diaria,2020-07-10,2020-07-10,2020,214006.5087,Bs/USD
tipo_cambio_bcv_usd,Tipo de cambio BCV,Economía,Banco Central de Venezuela,https://www.bcv.org.ve/sites/default/files/indicadores_sector_externo/2_1_1_tdc.xlsx,Diaria,2020-07-13,2020-07-13,2020,215992.7214,Bs/USD
tipo_cambio_bcv_usd,Tipo de cambio BCV,Economía,Banco Central de Venezuela,https://www.bcv.org.ve/sites/default/files/indicadores_sector_externo/2_1_1_tdc.xlsx,Diaria,2020-07-14,2020-07-14,2020,216906.4285,Bs/USD
tipo_cambio_bcv_usd,Tipo de cambio BCV,Economía,Banco Central de Venezuela,https://www.bcv.org.ve/sites/default/files/indicadores_sector_externo/2_1_1_tdc.xlsx,Diaria,2020-07-15,2020-07-15,2020,219799.4497,Bs/USD
tipo_cambio_bcv_usd,Tipo de cambio BCV,Economía,Banco Central de Venezuela,https://www.bcv.org.ve/sites/default/files/indicadores_sector_externo/2_1_1_tdc.xlsx,Diaria,2020-07-16,2020-07-16,2020,220983.8278,Bs/USD
tipo_cambio_bcv_usd,Tipo de cambio BCV,Economía,Banco Central de Venezuela,https://www.bcv.org.ve/sites/default/files/indicadores_sector_externo/2_1_1_tdc.xlsx,Diaria,2020-07-17,2020-07-17,2020,223823.8224,Bs/USD
tipo_cambio_bcv_usd,Tipo de cambio BCV,Economía,Banco Central de Venezuela,https://www.bcv.org.ve/sites/default/files/indicadores_sector_externo/2_1_1_tdc.xlsx,Diaria,2020-07-20,2020-07-20,2020,226660.2504,Bs/USD
tipo_cambio_bcv_usd,Tipo de cambio BCV,Economía,Banco Central de Venezuela,https://www.bcv.org.ve/sites/default/files/indicadores_sector_externo/2_1_1_tdc.xlsx,Diaria,2020-07-21,2020-07-21,2020,228860.1363,Bs/USD
tipo_cambio_bcv_usd,Tipo de cambio BCV,Economía,Banco Central de Venezuela,https://www.bcv.org.ve/sites/default/files/indicadores_sector_externo/2_1_1_tdc.xlsx,Diaria,2020-07-22,2020-07-22,2020,231749.7018,Bs/USD
tipo_cambio_bcv_usd,Tipo de cambio BCV,Economía,Banco Central de Venezuela,https://www.bcv.org.ve/sites/default/files/indicadores_sector_externo/2_1_1_tdc.xlsx,Diaria,2020-07-23,2020-07-23,2020,237210.1853,Bs/USD
tipo_cambio_bcv_usd,Tipo de cambio BCV,Economía,Banco Central de Venezuela,https://www.bcv.org.ve/sites/default/files/indicadores_sector_externo/2_1_1_tdc.xlsx,Diaria,2020-07-27,2020-07-27,2020,241970.7809,Bs/USD
tipo_cambio_bcv_usd,Tipo de cambio BCV,Economía,Banco Central de Venezuela,https://www.bcv.org.ve/sites/default/files/indicadores_sector_externo/2_1_1_tdc.xlsx,Diaria,2020-07-28,2020-07-28,2020,245056.0363,Bs/USD
tipo_cambio_bcv_usd,Tipo de cambio BCV,Economía,Banco Central de Venezuela,https://www.bcv.org.ve/sites/default/files/indicadores_sector_externo/2_1_1_tdc.xlsx,Diaria,2020-07-29,2020-07-29,2020,249580.4825,Bs/USD
tipo_cambio_bcv_usd,Tipo de cambio BCV,Economía,Banco Central de Venezuela,https://www.bcv.org.ve/sites/default/files/indicadores_sector_externo/2_1_1_tdc.xlsx,Diaria,2020-07-30,2020-07-30,2020,249681.5473,Bs/USD
tipo_cambio_bcv_usd,Tipo de cambio BCV,Economía,Banco Central de Venezuela,https://www.bcv.org.ve/sites/default/files/indicadores_sector_externo/2_1_1_tdc.xlsx,Diaria,2020-07-31,2020-07-31,2020,258364.812,Bs/USD
tipo_cambio_bcv_usd,Tipo de cambio BCV,Economía,Banco Central de Venezuela,https://www.bcv.org.ve/sites/default/files/indicadores_sector_externo/2_1_1_tdc.xlsx,Diaria,2020-08-03,2020-08-03,2020,259096.0901,Bs/USD
tipo_cambio_bcv_usd,Tipo de cambio BCV,Economía,Banco Central de Venezuela,https://www.bcv.org.ve/sites/default/files/indicadores_sector_externo/2_1_1_tdc.xlsx,Diaria,2020-08-04,2020-08-04,2020,262561.2438,Bs/USD
tipo_cambio_bcv_usd,Tipo de cambio BCV,Economía,Banco Central de Venezuela,https://www.bcv.org.ve/sites/default/files/indicadores_sector_externo/2_1_1_tdc.xlsx,Diaria,2020-08-05,2020-08-05,2020,263070.17,Bs/USD
tipo_cambio_bcv_usd,Tipo de cambio BCV,Economía,Banco Central de Venezuela,https://www.bcv.org.ve/sites/default/files/indicadores_sector_externo/2_1_1_tdc.xlsx,Diaria,2020-08-06,2020-08-06,2020,265597.9061,Bs/USD
tipo_cambio_bcv_usd,Tipo de cambio BCV,Economía,Banco Central de Venezuela,https://www.bcv.org.ve/sites/default/files/indicadores_sector_externo/2_1_1_tdc.xlsx,Diaria,2020-08-07,2020-08-07,2020,271032.2178,Bs/USD
tipo_cambio_bcv_usd,Tipo de cambio BCV,Economía,Banco Central de Venezuela,https://www.bcv.org.ve/sites/default/files/indicadores_sector_externo/2_1_1_tdc.xlsx,Diaria,2020-08-10,2020-08-10,2020,278038.6477,Bs/USD
tipo_cambio_bcv_usd,Tipo de cambio BCV,Economía,Banco Central de Venezuela,https://www.bcv.org.ve/sites/default/files/indicadores_sector_externo/2_1_1_tdc.xlsx,Diaria,2020-08-11,2020-08-11,2020,284601.2685,Bs/USD
tipo_cambio_bcv_usd,Tipo de cambio BCV,Economía,Banco Central de Venezuela,https://www.bcv.org.ve/sites/default/files/indicadores_sector_externo/2_1_1_tdc.xlsx,Diaria,2020-08-12,2020-08-12,2020,284125.3128,Bs/USD
tipo_cambio_bcv_usd,Tipo de cambio BCV,Economía,Banco Central de Venezuela,https://www.bcv.org.ve/sites/default/files/indicadores_sector_externo/2_1_1_tdc.xlsx,Diaria,2020-08-13,2020-08-13,2020,284003.0154,Bs/USD
tipo_cambio_bcv_usd,Tipo de cambio BCV,Economía,Banco Central de Venezuela,https://www.bcv.org.ve/sites/default/files/indicadores_sector_externo/2_1_1_tdc.xlsx,Diaria,2020-08-14,2020-08-14,2020,287367.7348,Bs/USD
tipo_cambio_bcv_usd,Tipo de cambio BCV,Economía,Banco Central de Venezuela,https://www.bcv.org.ve/sites/default/files/indicadores_sector_externo/2_1_1_tdc.xlsx,Diaria,2020-08-17,2020-08-17,2020,294657.389,Bs/USD
tipo_cambio_bcv_usd,Tipo de cambio BCV,Economía,Banco Central de Venezuela,https://www.bcv.org.ve/sites/default/files/indicadores_sector_externo/2_1_1_tdc.xlsx,Diaria,2020-08-18,2020-08-18,2020,290276.4417,Bs/USD
tipo_cambio_bcv_usd,Tipo de cambio BCV,Economía,Banco Central de Venezuela,https://www.bcv.org.ve/sites/default/files/indicadores_sector_externo/2_1_1_tdc.xlsx,Diaria,2020-08-19,2020-08-19,2020,292528.1327,Bs/USD
tipo_cambio_bcv_usd,Tipo de cambio BCV,Economía,Banco Central de Venezuela,https://www.bcv.org.ve/sites/default/files/indicadores_sector_externo/2_1_1_tdc.xlsx,Diaria,2020-08-20,2020-08-20,2020,296769.194,Bs/USD
tipo_cambio_bcv_usd,Tipo de cambio BCV,Economía,Banco Central de Venezuela,https://www.bcv.org.ve/sites/default/files/indicadores_sector_externo/2_1_1_tdc.xlsx,Diaria,2020-08-21,2020-08-21,2020,303537.9987,Bs/USD
tipo_cambio_bcv_usd,Tipo de cambio BCV,Economía,Banco Central de Venezuela,https://www.bcv.org.ve/sites/default/files/indicadores_sector_externo/2_1_1_tdc.xlsx,Diaria,2020-08-24,2020-08-24,2020,305452.4579,Bs/USD
tipo_cambio_bcv_usd,Tipo de cambio BCV,Economía,Banco Central de Venezuela,https://www.bcv.org.ve/sites/default/files/indicadores_sector_externo/2_1_1_tdc.xlsx,Diaria,2020-08-25,2020-08-25,2020,306257.2548,Bs/USD
tipo_cambio_bcv_usd,Tipo de cambio BCV,Economía,Banco Central de Venezuela,https://www.bcv.org.ve/sites/default/files/indicadores_sector_externo/2_1_1_tdc.xlsx,Diaria,2020-08-26,2020-08-26,2020,307991.1414,Bs/USD
tipo_cambio_bcv_usd,Tipo de cambio BCV,Economía,Banco Central de Venezuela,https://www.bcv.org.ve/sites/default/files/indicadores_sector_externo/2_1_1_tdc.xlsx,Diaria,2020-08-27,2020-08-27,2020,312841.7632,Bs/USD
tipo_cambio_bcv_usd,Tipo de cambio BCV,Economía,Banco Central de Venezuela,https://www.bcv.org.ve/sites/default/files/indicadores_sector_externo/2_1_1_tdc.xlsx,Diaria,2020-08-28,2020-08-28,2020,316590.0479,Bs/USD
tipo_cambio_bcv_usd,Tipo de cambio BCV,Economía,Banco Central de Venezuela,https://www.bcv.org.ve/sites/default/files/indicadores_sector_externo/2_1_1_tdc.xlsx,Diaria,2020-08-31,2020-08-31,2020,324611.6956,Bs/USD
tipo_cambio_bcv_usd,Tipo de cambio BCV,Economía,Banco Central de Venezuela,https://www.bcv.org.ve/sites/default/files/indicadores_sector_externo/2_1_1_tdc.xlsx,Diaria,2020-09-01,2020-09-01,2020,327748.8903,Bs/USD
tipo_cambio_bcv_usd,Tipo de cambio BCV,Economía,Banco Central de Venezuela,https://www.bcv.org.ve/sites/default/files/indicadores_sector_externo/2_1_1_tdc.xlsx,Diaria,2020-09-02,2020-09-02,2020,329553.2983,Bs/USD
tipo_cambio_bcv_usd,Tipo de cambio BCV,Economía,Banco Central de Venezuela,https://www.bcv.org.ve/sites/default/files/indicadores_sector_externo/2_1_1_tdc.xlsx,Diaria,2020-09-03,2020-09-03,2020,335021.059,Bs/USD
tipo_cambio_bcv_usd,Tipo de cambio BCV,Economía,Banco Central de Venezuela,https://www.bcv.org.ve/sites/default/files/indicadores_sector_externo/2_1_1_tdc.xlsx,Diaria,2020-09-04,2020-09-04,2020,338778.0548,Bs/USD
tipo_cambio_bcv_usd,Tipo de cambio BCV,Economía,Banco Central de Venezuela,https://www.bcv.org.ve/sites/default/files/indicadores_sector_externo/2_1_1_tdc.xlsx,Diaria,2020-09-07,2020-09-07,2020,349431.4293,Bs/USD
tipo_cambio_bcv_usd,Tipo de cambio BCV,Economía,Banco Central de Venezuela,https://www.bcv.org.ve/sites/default/files/indicadores_sector_externo/2_1_1_tdc.xlsx,Diaria,2020-09-08,2020-09-08,2020,355743.3116,Bs/USD
tipo_cambio_bcv_usd,Tipo de cambio BCV,Economía,Banco Central de Venezuela,https://www.bcv.org.ve/sites/default/files/indicadores_sector_externo/2_1_1_tdc.xlsx,Diaria,2020-09-09,2020-09-09,2020,358855.3782,Bs/USD
tipo_cambio_bcv_usd,Tipo de cambio BCV,Economía,Banco Central de Venezuela,https://www.bcv.org.ve/sites/default/files/indicadores_sector_externo/2_1_1_tdc.xlsx,Diaria,2020-09-10,2020-09-10,2020,360514.3485,Bs/USD
tipo_cambio_bcv_usd,Tipo de cambio BCV,Economía,Banco Central de Venezuela,https://www.bcv.org.ve/sites/default/files/indicadores_sector_externo/2_1_1_tdc.xlsx,Diaria,2020-09-11,2020-09-11,2020,360855.2448,Bs/USD
tipo_cambio_bcv_usd,Tipo de cambio BCV,Economía,Banco Central de Venezuela,https://www.bcv.org.ve/sites/default/files/indicadores_sector_externo/2_1_1_tdc.xlsx,Diaria,2020-09-15,2020-09-15,2020,363164.9761,Bs/USD
tipo_cambio_bcv_usd,Tipo de cambio BCV,Economía,Banco Central de Venezuela,https://www.bcv.org.ve/sites/default/files/indicadores_sector_externo/2_1_1_tdc.xlsx,Diaria,2020-09-16,2020-09-16,2020,365927.067,Bs/USD
tipo_cambio_bcv_usd,Tipo de cambio BCV,Economía,Banco Central de Venezuela,https://www.bcv.org.ve/sites/default/files/indicadores_sector_externo/2_1_1_tdc.xlsx,Diaria,2020-09-17,2020-09-17,2020,366226.7552,Bs/USD
tipo_cambio_bcv_usd,Tipo de cambio BCV,Economía,Banco Central de Venezuela,https://www.bcv.org.ve/sites/default/files/indicadores_sector_externo/2_1_1_tdc.xlsx,Diaria,2020-09-18,2020-09-18,2020,369326.4749,Bs/USD
tipo_cambio_bcv_usd,Tipo de cambio BCV,Economía,Banco Central de Venezuela,https://www.bcv.org.ve/sites/default/files/indicadores_sector_externo/2_1_1_tdc.xlsx,Diaria,2020-09-21,2020-09-21,2020,374236.2513,Bs/USD
tipo_cambio_bcv_usd,Tipo de cambio BCV,Economía,Banco Central de Venezuela,https://www.bcv.org.ve/sites/default/files/indicadores_sector_externo/2_1_1_tdc.xlsx,Diaria,2020-09-22,2020-09-22,2020,375312.2028,Bs/USD
tipo_cambio_bcv_usd,Tipo de cambio BCV,Economía,Banco Central de Venezuela,https://www.bcv.org.ve/sites/default/files/indicadores_sector_externo/2_1_1_tdc.xlsx,Diaria,2020-09-23,2020-09-23,2020,386868.1398,Bs/USD
tipo_cambio_bcv_usd,Tipo de cambio BCV,Economía,Banco Central de Venezuela,https://www.bcv.org.ve/sites/default/files/indicadores_sector_externo/2_1_1_tdc.xlsx,Diaria,2020-09-24,2020-09-24,2020,392128.5047,Bs/USD
tipo_cambio_bcv_usd,Tipo de cambio BCV,Economía,Banco Central de Venezuela,https://www.bcv.org.ve/sites/default/files/indicadores_sector_externo/2_1_1_tdc.xlsx,Diaria,2020-09-25,2020-09-25,2020,399396.5381,Bs/USD
tipo_cambio_bcv_usd,Tipo de cambio BCV,Economía,Banco Central de Venezuela,https://www.bcv.org.ve/sites/default/files/indicadores_sector_externo/2_1_1_tdc.xlsx,Diaria,2020-09-28,2020-09-28,2020,414379.0515,Bs/USD
tipo_cambio_bcv_usd,Tipo de cambio BCV,Economía,Banco Central de Venezuela,https://www.bcv.org.ve/sites/default/files/indicadores_sector_externo/2_1_1_tdc.xlsx,Diaria,2020-09-29,2020-09-29,2020,421193.8705,Bs/USD
tipo_cambio_bcv_usd,Tipo de cambio BCV,Economía,Banco Central de Venezuela,https://www.bcv.org.ve/sites/default/files/indicadores_sector_externo/2_1_1_tdc.xlsx,Diaria,2020-09-30,2020-09-30,2020,430670.1647,Bs/USD
tipo_cambio_bcv_usd,Tipo de cambio BCV,Economía,Banco Central de Venezuela,https://www.bcv.org.ve/sites/default/files/indicadores_sector_externo/2_1_1_tdc.xlsx,Diaria,2020-10-01,2020-10-01,2020,436677.4493,Bs/USD
tipo_cambio_bcv_usd,Tipo de cambio BCV,Economía,Banco Central de Venezuela,https://www.bcv.org.ve/sites/default/files/indicadores_sector_externo/2_1_1_tdc.xlsx,Diaria,2020-10-02,2020-10-02,2020,437053.744,Bs/USD
tipo_cambio_bcv_usd,Tipo de cambio BCV,Economía,Banco Central de Venezuela,https://www.bcv.org.ve/sites/default/files/indicadores_sector_externo/2_1_1_tdc.xlsx,Diaria,2020-10-05,2020-10-05,2020,438517.6017,Bs/USD
tipo_cambio_bcv_usd,Tipo de cambio BCV,Economía,Banco Central de Venezuela,https://www.bcv.org.ve/sites/default/files/indicadores_sector_externo/2_1_1_tdc.xlsx,Diaria,2020-10-06,2020-10-06,2020,437770.2168,Bs/USD
tipo_cambio_bcv_usd,Tipo de cambio BCV,Economía,Banco Central de Venezuela,https://www.bcv.org.ve/sites/default/files/indicadores_sector_externo/2_1_1_tdc.xlsx,Diaria,2020-10-07,2020-10-07,2020,440722.8385,Bs/USD
tipo_cambio_bcv_usd,Tipo de cambio BCV,Economía,Banco Central de Venezuela,https://www.bcv.org.ve/sites/default/files/indicadores_sector_externo/2_1_1_tdc.xlsx,Diaria,2020-10-08,2020-10-08,2020,441688.4018,Bs/USD
tipo_cambio_bcv_usd,Tipo de cambio BCV,Economía,Banco Central de Venezuela,https://www.bcv.org.ve/sites/default/files/indicadores_sector_externo/2_1_1_tdc.xlsx,Diaria,2020-10-09,2020-10-09,2020,450104.4808,Bs/USD
tipo_cambio_bcv_usd,Tipo de cambio BCV,Economía,Banco Central de Venezuela,https://www.bcv.org.ve/sites/default/files/indicadores_sector_externo/2_1_1_tdc.xlsx,Diaria,2020-10-13,2020-10-13,2020,452306.1102,Bs/USD
tipo_cambio_bcv_usd,Tipo de cambio BCV,Economía,Banco Central de Venezuela,https://www.bcv.org.ve/sites/default/files/indicadores_sector_externo/2_1_1_tdc.xlsx,Diaria,2020-10-14,2020-10-14,2020,452892.8548,Bs/USD
tipo_cambio_bcv_usd,Tipo de cambio BCV,Economía,Banco Central de Venezuela,https://www.bcv.org.ve/sites/default/files/indicadores_sector_externo/2_1_1_tdc.xlsx,Diaria,2020-10-15,2020-10-15,2020,450719.557,Bs/USD
tipo_cambio_bcv_usd,Tipo de cambio BCV,Economía,Banco Central de Venezuela,https://www.bcv.org.ve/sites/default/files/indicadores_sector_externo/2_1_1_tdc.xlsx,Diaria,2020-10-16,2020-10-16,2020,450854.1421,Bs/USD
tipo_cambio_bcv_usd,Tipo de cambio BCV,Economía,Banco Central de Venezuela,https://www.bcv.org.ve/sites/default/files/indicadores_sector_externo/2_1_1_tdc.xlsx,Diaria,2020-10-19,2020-10-19,2020,452844.1506,Bs/USD
tipo_cambio_bcv_usd,Tipo de cambio BCV,Economía,Banco Central de Venezuela,https://www.bcv.org.ve/sites/default/files/indicadores_sector_externo/2_1_1_tdc.xlsx,Diaria,2020-10-20,2020-10-20,2020,455306.54,Bs/USD
tipo_cambio_bcv_usd,Tipo de cambio BCV,Economía,Banco Central de Venezuela,https://www.bcv.org.ve/sites/default/files/indicadores_sector_externo/2_1_1_tdc.xlsx,Diaria,2020-10-21,2020-10-21,2020,456920.3276,Bs/USD
tipo_cambio_bcv_usd,Tipo de cambio BCV,Economía,Banco Central de Venezuela,https://www.bcv.org.ve/sites/default/files/indicadores_sector_externo/2_1_1_tdc.xlsx,Diaria,2020-10-22,2020-10-22,2020,457242.119,Bs/USD
tipo_cambio_bcv_usd,Tipo de cambio BCV,Economía,Banco Central de Venezuela,https://www.bcv.org.ve/sites/default/files/indicadores_sector_externo/2_1_1_tdc.xlsx,Diaria,2020-10-23,2020-10-23,2020,459954.3903,Bs/USD
tipo_cambio_bcv_usd,Tipo de cambio BCV,Economía,Banco Central de Venezuela,https://www.bcv.org.ve/sites/default/files/indicadores_sector_externo/2_1_1_tdc.xlsx,Diaria,2020-10-26,2020-10-26,2020,462415.9712,Bs/USD
tipo_cambio_bcv_usd,Tipo de cambio BCV,Economía,Banco Central de Venezuela,https://www.bcv.org.ve/sites/default/files/indicadores_sector_externo/2_1_1_tdc.xlsx,Diaria,2020-10-27,2020-10-27,2020,464291.4828,Bs/USD
tipo_cambio_bcv_usd,Tipo de cambio BCV,Economía,Banco Central de Venezuela,https://www.bcv.org.ve/sites/default/files/indicadores_sector_externo/2_1_1_tdc.xlsx,Diaria,2020-10-28,2020-10-28,2020,471188.8047,Bs/USD
tipo_cambio_bcv_usd,Tipo de cambio BCV,Economía,Banco Central de Venezuela,https://www.bcv.org.ve/sites/default/files/indicadores_sector_externo/2_1_1_tdc.xlsx,Diaria,2020-10-29,2020-10-29,2020,488217.0001,Bs/USD
tipo_cambio_bcv_usd,Tipo de cambio BCV,Economía,Banco Central de Venezuela,https://www.bcv.org.ve/sites/default/files/indicadores_sector_externo/2_1_1_tdc.xlsx,Diaria,2020-10-30,2020-10-30,2020,506541.7814,Bs/USD
tipo_cambio_bcv_usd,Tipo de cambio BCV,Economía,Banco Central de Venezuela,https://www.bcv.org.ve/sites/default/files/indicadores_sector_externo/2_1_1_tdc.xlsx,Diaria,2020-11-02,2020-11-02,2020,519082.4134,Bs/USD
tipo_cambio_bcv_usd,Tipo de cambio BCV,Economía,Banco Central de Venezuela,https://www.bcv.org.ve/sites/default/files/indicadores_sector_externo/2_1_1_tdc.xlsx,Diaria,2020-11-03,2020-11-03,2020,515919.2608,Bs/USD
tipo_cambio_bcv_usd,Tipo de cambio BCV,Economía,Banco Central de Venezuela,https://www.bcv.org.ve/sites/default/files/indicadores_sector_externo/2_1_1_tdc.xlsx,Diaria,2020-11-04,2020-11-04,2020,517231.5747,Bs/USD
tipo_cambio_bcv_usd,Tipo de cambio BCV,Economía,Banco Central de Venezuela,https://www.bcv.org.ve/sites/default/files/indicadores_sector_externo/2_1_1_tdc.xlsx,Diaria,2020-11-05,2020-11-05,2020,518286.9207,Bs/USD
tipo_cambio_bcv_usd,Tipo de cambio BCV,Economía,Banco Central de Venezuela,https://www.bcv.org.ve/sites/default/files/indicadores_sector_externo/2_1_1_tdc.xlsx,Diaria,2020-11-06,2020-11-06,2020,527480.2994,Bs/USD
tipo_cambio_bcv_usd,Tipo de cambio BCV,Economía,Banco Central de Venezuela,https://www.bcv.org.ve/sites/default/files/indicadores_sector_externo/2_1_1_tdc.xlsx,Diaria,2020-11-09,2020-11-09,2020,535345.9772,Bs/USD
tipo_cambio_bcv_usd,Tipo de cambio BCV,Economía,Banco Central de Venezuela,https://www.bcv.org.ve/sites/default/files/indicadores_sector_externo/2_1_1_tdc.xlsx,Diaria,2020-11-10,2020-11-10,2020,535719.2516,Bs/USD
tipo_cambio_bcv_usd,Tipo de cambio BCV,Economía,Banco Central de Venezuela,https://www.bcv.org.ve/sites/default/files/indicadores_sector_externo/2_1_1_tdc.xlsx,Diaria,2020-11-11,2020-11-11,2020,548442.839,Bs/USD
tipo_cambio_bcv_usd,Tipo de cambio BCV,Economía,Banco Central de Venezuela,https://www.bcv.org.ve/sites/default/files/indicadores_sector_externo/2_1_1_tdc.xlsx,Diaria,2020-11-12,2020-11-12,2020,571622.1589,Bs/USD
tipo_cambio_bcv_usd,Tipo de cambio BCV,Economía,Banco Central de Venezuela,https://www.bcv.org.ve/sites/default/files/indicadores_sector_externo/2_1_1_tdc.xlsx,Diaria,2020-11-13,2020-11-13,2020,607475.8235,Bs/USD
tipo_cambio_bcv_usd,Tipo de cambio BCV,Economía,Banco Central de Venezuela,https://www.bcv.org.ve/sites/default/files/indicadores_sector_externo/2_1_1_tdc.xlsx,Diaria,2020-11-16,2020-11-16,2020,646322.8816,Bs/USD
tipo_cambio_bcv_usd,Tipo de cambio BCV,Economía,Banco Central de Venezuela,https://www.bcv.org.ve/sites/default/files/indicadores_sector_externo/2_1_1_tdc.xlsx,Diaria,2020-11-17,2020-11-17,2020,666713.2056,Bs/USD
tipo_cambio_bcv_usd,Tipo de cambio BCV,Economía,Banco Central de Venezuela,https://www.bcv.org.ve/sites/default/files/indicadores_sector_externo/2_1_1_tdc.xlsx,Diaria,2020-11-18,2020-11-18,2020,670975.4299,Bs/USD
tipo_cambio_bcv_usd,Tipo de cambio BCV,Economía,Banco Central de Venezuela,https://www.bcv.org.ve/sites/default/files/indicadores_sector_externo/2_1_1_tdc.xlsx,Diaria,2020-11-19,2020-11-19,2020,681155.9399,Bs/USD
tipo_cambio_bcv_usd,Tipo de cambio BCV,Economía,Banco Central de Venezuela,https://www.bcv.org.ve/sites/default/files/indicadores_sector_externo/2_1_1_tdc.xlsx,Diaria,2020-11-20,2020-11-20,2020,710701.5211,Bs/USD
tipo_cambio_bcv_usd,Tipo de cambio BCV,Economía,Banco Central de Venezuela,https://www.bcv.org.ve/sites/default/files/indicadores_sector_externo/2_1_1_tdc.xlsx,Diaria,2020-11-24,2020-11-24,2020,782025.1639,Bs/USD
tipo_cambio_bcv_usd,Tipo de cambio BCV,Economía,Banco Central de Venezuela,https://www.bcv.org.ve/sites/default/files/indicadores_sector_externo/2_1_1_tdc.xlsx,Diaria,2020-11-25,2020-11-25,2020,917739.5205,Bs/USD
tipo_cambio_bcv_usd,Tipo de cambio BCV,Economía,Banco Central de Venezuela,https://www.bcv.org.ve/sites/default/files/indicadores_sector_externo/2_1_1_tdc.xlsx,Diaria,2020-11-26,2020-11-26,2020,925505.887,Bs/USD
tipo_cambio_bcv_usd,Tipo de cambio BCV,Economía,Banco Central de Venezuela,https://www.bcv.org.ve/sites/default/files/indicadores_sector_externo/2_1_1_tdc.xlsx,Diaria,2020-11-27,2020-11-27,2020,974184.2628,Bs/USD
tipo_cambio_bcv_usd,Tipo de cambio BCV,Economía,Banco Central de Venezuela,https://www.bcv.org.ve/sites/default/files/indicadores_sector_externo/2_1_1_tdc.xlsx,Diaria,2020-11-30,2020-11-30,2020,1035887.0272,Bs/USD
tipo_cambio_bcv_usd,Tipo de cambio BCV,Economía,Banco Central de Venezuela,https://www.bcv.org.ve/sites/default/files/indicadores_sector_externo/2_1_1_tdc.xlsx,Diaria,2020-12-01,2020-12-01,2020,1050811.9756,Bs/USD
tipo_cambio_bcv_usd,Tipo de cambio BCV,Economía,Banco Central de Venezuela,https://www.bcv.org.ve/sites/default/files/indicadores_sector_externo/2_1_1_tdc.xlsx,Diaria,2020-12-02,2020-12-02,2020,1039923.6038,Bs/USD
tipo_cambio_bcv_usd,Tipo de cambio BCV,Economía,Banco Central de Venezuela,https://www.bcv.org.ve/sites/default/files/indicadores_sector_externo/2_1_1_tdc.xlsx,Diaria,2020-12-03,2020-12-03,2020,1010404.149,Bs/USD
tipo_cambio_bcv_usd,Tipo de cambio BCV,Economía,Banco Central de Venezuela,https://www.bcv.org.ve/sites/default/files/indicadores_sector_externo/2_1_1_tdc.xlsx,Diaria,2020-12-04,2020-12-04,2020,1029051.9204,Bs/USD
tipo_cambio_bcv_usd,Tipo de cambio BCV,Economía,Banco Central de Venezuela,https://www.bcv.org.ve/sites/default/files/indicadores_sector_externo/2_1_1_tdc.xlsx,Diaria,2020-12-07,2020-12-07,2020,1086140.7152,Bs/USD
tipo_cambio_bcv_usd,Tipo de cambio BCV,Economía,Banco Central de Venezuela,https://www.bcv.org.ve/sites/default/files/indicadores_sector_externo/2_1_1_tdc.xlsx,Diaria,2020-12-08,2020-12-08,2020,1084295.2894,Bs/USD
tipo_cambio_bcv_usd,Tipo de cambio BCV,Economía,Banco Central de Venezuela,https://www.bcv.org.ve/sites/default/files/indicadores_sector_externo/2_1_1_tdc.xlsx,Diaria,2020-12-09,2020-12-09,2020,1081303.5426,Bs/USD
tipo_cambio_bcv_usd,Tipo de cambio BCV,Economía,Banco Central de Venezuela,https://www.bcv.org.ve/sites/default/files/indicadores_sector_externo/2_1_1_tdc.xlsx,Diaria,2020-12-10,2020-12-10,2020,1079923.2073,Bs/USD
tipo_cambio_bcv_usd,Tipo de cambio BCV,Economía,Banco Central de Venezuela,https://www.bcv.org.ve/sites/default/files/indicadores_sector_externo/2_1_1_tdc.xlsx,Diaria,2020-12-11,2020-12-11,2020,1084350.9177,Bs/USD
tipo_cambio_bcv_usd,Tipo de cambio BCV,Economía,Banco Central de Venezuela,https://www.bcv.org.ve/sites/default/files/indicadores_sector_externo/2_1_1_tdc.xlsx,Diaria,2020-12-15,2020-12-15,2020,1103443.685,Bs/USD
tipo_cambio_bcv_usd,Tipo de cambio BCV,Economía,Banco Central de Venezuela,https://www.bcv.org.ve/sites/default/files/indicadores_sector_externo/2_1_1_tdc.xlsx,Diaria,2020-12-16,2020-12-16,2020,1087525.5278,Bs/USD
tipo_cambio_bcv_usd,Tipo de cambio BCV,Economía,Banco Central de Venezuela,https://www.bcv.org.ve/sites/default/files/indicadores_sector_externo/2_1_1_tdc.xlsx,Diaria,2020-12-17,2020-12-17,2020,1075442.1643,Bs/USD
tipo_cambio_bcv_usd,Tipo de cambio BCV,Economía,Banco Central de Venezuela,https://www.bcv.org.ve/sites/default/files/indicadores_sector_externo/2_1_1_tdc.xlsx,Diaria,2020-12-18,2020-12-18,2020,1050531.3368,Bs/USD
tipo_cambio_bcv_usd,Tipo de cambio BCV,Economía,Banco Central de Venezuela,https://www.bcv.org.ve/sites/default/files/indicadores_sector_externo/2_1_1_tdc.xlsx,Diaria,2020-12-21,2020-12-21,2020,1062380.477,Bs/USD
tipo_cambio_bcv_usd,Tipo de cambio BCV,Economía,Banco Central de Venezuela,https://www.bcv.org.ve/sites/default/files/indicadores_sector_externo/2_1_1_tdc.xlsx,Diaria,2020-12-22,2020-12-22,2020,1069360.3303,Bs/USD
tipo_cambio_bcv_usd,Tipo de cambio BCV,Economía,Banco Central de Venezuela,https://www.bcv.org.ve/sites/default/files/indicadores_sector_externo/2_1_1_tdc.xlsx,Diaria,2020-12-23,2020-12-23,2020,1063464.9046,Bs/USD
tipo_cambio_bcv_usd,Tipo de cambio BCV,Economía,Banco Central de Venezuela,https://www.bcv.org.ve/sites/default/files/indicadores_sector_externo/2_1_1_tdc.xlsx,Diaria,2020-12-28,2020-12-28,2020,1037851.2511,Bs/USD
tipo_cambio_bcv_usd,Tipo de cambio BCV,Economía,Banco Central de Venezuela,https://www.bcv.org.ve/sites/default/files/indicadores_sector_externo/2_1_1_tdc.xlsx,Diaria,2020-12-29,2020-12-29,2020,1036631.0175,Bs/USD
tipo_cambio_bcv_usd,Tipo de cambio BCV,Economía,Banco Central de Venezuela,https://www.bcv.org.ve/sites/default/files/indicadores_sector_externo/2_1_1_tdc.xlsx,Diaria,2020-12-30,2020-12-30,2020,1089058.0735,Bs/USD
tipo_cambio_bcv_usd,Tipo de cambio BCV,Economía,Banco Central de Venezuela,https://www.bcv.org.ve/sites/default/files/indicadores_sector_externo/2_1_1_tdc.xlsx,Diaria,2021-01-04,2021-01-04,2021,1107198.5835,Bs/USD
tipo_cambio_bcv_usd,Tipo de cambio BCV,Economía,Banco Central de Venezuela,https://www.bcv.org.ve/sites/default/files/indicadores_sector_externo/2_1_1_tdc.xlsx,Diaria,2021-01-05,2021-01-05,2021,1114769.093,Bs/USD
tipo_cambio_bcv_usd,Tipo de cambio BCV,Economía,Banco Central de Venezuela,https://www.bcv.org.ve/sites/default/files/indicadores_sector_externo/2_1_1_tdc.xlsx,Diaria,2021-01-06,2021-01-06,2021,1174992.6146,Bs/USD
tipo_cambio_bcv_usd,Tipo de cambio BCV,Economía,Banco Central de Venezuela,https://www.bcv.org.ve/sites/default/files/indicadores_sector_externo/2_1_1_tdc.xlsx,Diaria,2021-01-07,2021-01-07,2021,1231206.1135,Bs/USD
tipo_cambio_bcv_usd,Tipo de cambio BCV,Economía,Banco Central de Venezuela,https://www.bcv.org.ve/sites/default/files/indicadores_sector_externo/2_1_1_tdc.xlsx,Diaria,2021-01-08,2021-01-08,2021,1317659.5773,Bs/USD
tipo_cambio_bcv_usd,Tipo de cambio BCV,Economía,Banco Central de Venezuela,https://www.bcv.org.ve/sites/default/files/indicadores_sector_externo/2_1_1_tdc.xlsx,Diaria,2021-01-12,2021-01-12,2021,1468241.1492,Bs/USD
tipo_cambio_bcv_usd,Tipo de cambio BCV,Economía,Banco Central de Venezuela,https://www.bcv.org.ve/sites/default/files/indicadores_sector_externo/2_1_1_tdc.xlsx,Diaria,2021-01-13,2021-01-13,2021,1504750.2229,Bs/USD
tipo_cambio_bcv_usd,Tipo de cambio BCV,Economía,Banco Central de Venezuela,https://www.bcv.org.ve/sites/default/files/indicadores_sector_externo/2_1_1_tdc.xlsx,Diaria,2021-01-14,2021-01-14,2021,1495567.5709,Bs/USD
tipo_cambio_bcv_usd,Tipo de cambio BCV,Economía,Banco Central de Venezuela,https://www.bcv.org.ve/sites/default/files/indicadores_sector_externo/2_1_1_tdc.xlsx,Diaria,2021-01-15,2021-01-15,2021,1500315.9749,Bs/USD
tipo_cambio_bcv_usd,Tipo de cambio BCV,Economía,Banco Central de Venezuela,https://www.bcv.org.ve/sites/default/files/indicadores_sector_externo/2_1_1_tdc.xlsx,Diaria,2021-01-19,2021-01-19,2021,1548933.3151,Bs/USD
tipo_cambio_bcv_usd,Tipo de cambio BCV,Economía,Banco Central de Venezuela,https://www.bcv.org.ve/sites/default/files/indicadores_sector_externo/2_1_1_tdc.xlsx,Diaria,2021-01-20,2021-01-20,2021,1555320.5463,Bs/USD
tipo_cambio_bcv_usd,Tipo de cambio BCV,Economía,Banco Central de Venezuela,https://www.bcv.org.ve/sites/default/files/indicadores_sector_externo/2_1_1_tdc.xlsx,Diaria,2021-01-21,2021-01-21,2021,1561382.1279,Bs/USD
tipo_cambio_bcv_usd,Tipo de cambio BCV,Economía,Banco Central de Venezuela,https://www.bcv.org.ve/sites/default/files/indicadores_sector_externo/2_1_1_tdc.xlsx,Diaria,2021-01-22,2021-01-22,2021,1651774.351,Bs/USD
tipo_cambio_bcv_usd,Tipo de cambio BCV,Economía,Banco Central de Venezuela,https://www.bcv.org.ve/sites/default/files/indicadores_sector_externo/2_1_1_tdc.xlsx,Diaria,2021-01-25,2021-01-25,2021,1738760.9965,Bs/USD
tipo_cambio_bcv_usd,Tipo de cambio BCV,Economía,Banco Central de Venezuela,https://www.bcv.org.ve/sites/default/files/indicadores_sector_externo/2_1_1_tdc.xlsx,Diaria,2021-01-26,2021-01-26,2021,1732056.0111,Bs/USD
tipo_cambio_bcv_usd,Tipo de cambio BCV,Economía,Banco Central de Venezuela,https://www.bcv.org.ve/sites/default/files/indicadores_sector_externo/2_1_1_tdc.xlsx,Diaria,2021-01-27,2021-01-27,2021,1786690.2584,Bs/USD
tipo_cambio_bcv_usd,Tipo de cambio BCV,Economía,Banco Central de Venezuela,https://www.bcv.org.ve/sites/default/files/indicadores_sector_externo/2_1_1_tdc.xlsx,Diaria,2021-01-28,2021-01-28,2021,1823711.0624,Bs/USD
tipo_cambio_bcv_usd,Tipo de cambio BCV,Economía,Banco Central de Venezuela,https://www.bcv.org.ve/sites/default/files/indicadores_sector_externo/2_1_1_tdc.xlsx,Diaria,2021-01-29,2021-01-29,2021,1823627.3195,Bs/USD
tipo_cambio_bcv_usd,Tipo de cambio BCV,Economía,Banco Central de Venezuela,https://www.bcv.org.ve/sites/default/files/indicadores_sector_externo/2_1_1_tdc.xlsx,Diaria,2021-02-01,2021-02-01,2021,1821534.6745,Bs/USD
tipo_cambio_bcv_usd,Tipo de cambio BCV,Economía,Banco Central de Venezuela,https://www.bcv.org.ve/sites/default/files/indicadores_sector_externo/2_1_1_tdc.xlsx,Diaria,2021-02-02,2021-02-02,2021,1805260.6523,Bs/USD
tipo_cambio_bcv_usd,Tipo de cambio BCV,Economía,Banco Central de Venezuela,https://www.bcv.org.ve/sites/default/files/indicadores_sector_externo/2_1_1_tdc.xlsx,Diaria,2021-02-03,2021-02-03,2021,1790207.3487,Bs/USD
tipo_cambio_bcv_usd,Tipo de cambio BCV,Economía,Banco Central de Venezuela,https://www.bcv.org.ve/sites/default/files/indicadores_sector_externo/2_1_1_tdc.xlsx,Diaria,2021-02-04,2021-02-04,2021,1789925.2137,Bs/USD
tipo_cambio_bcv_usd,Tipo de cambio BCV,Economía,Banco Central de Venezuela,https://www.bcv.org.ve/sites/default/files/indicadores_sector_externo/2_1_1_tdc.xlsx,Diaria,2021-02-05,2021-02-05,2021,1828405.5004,Bs/USD
tipo_cambio_bcv_usd,Tipo de cambio BCV,Economía,Banco Central de Venezuela,https://www.bcv.org.ve/sites/default/files/indicadores_sector_externo/2_1_1_tdc.xlsx,Diaria,2021-02-08,2021-02-08,2021,1837423.4604,Bs/USD
tipo_cambio_bcv_usd,Tipo de cambio BCV,Economía,Banco Central de Venezuela,https://www.bcv.org.ve/sites/default/files/indicadores_sector_externo/2_1_1_tdc.xlsx,Diaria,2021-02-09,2021-02-09,2021,1812462.9241,Bs/USD
tipo_cambio_bcv_usd,Tipo de cambio BCV,Economía,Banco Central de Venezuela,https://www.bcv.org.ve/sites/default/files/indicadores_sector_externo/2_1_1_tdc.xlsx,Diaria,2021-02-10,2021-02-10,2021,1803816.6228,Bs/USD
tipo_cambio_bcv_usd,Tipo de cambio BCV,Economía,Banco Central de Venezuela,https://www.bcv.org.ve/sites/default/files/indicadores_sector_externo/2_1_1_tdc.xlsx,Diaria,2021-02-11,2021-02-11,2021,1788247.0795,Bs/USD
tipo_cambio_bcv_usd,Tipo de cambio BCV,Economía,Banco Central de Venezuela,https://www.bcv.org.ve/sites/default/files/indicadores_sector_externo/2_1_1_tdc.xlsx,Diaria,2021-02-12,2021-02-12,2021,1768156.5739,Bs/USD
tipo_cambio_bcv_usd,Tipo de cambio BCV,Economía,Banco Central de Venezuela,https://www.bcv.org.ve/sites/default/files/indicadores_sector_externo/2_1_1_tdc.xlsx,Diaria,2021-02-17,2021-02-17,2021,1728295.9767,Bs/USD
tipo_cambio_bcv_usd,Tipo de cambio BCV,Economía,Banco Central de Venezuela,https://www.bcv.org.ve/sites/default/files/indicadores_sector_externo/2_1_1_tdc.xlsx,Diaria,2021-02-18,2021-02-18,2021,1721287.1009,Bs/USD
tipo_cambio_bcv_usd,Tipo de cambio BCV,Economía,Banco Central de Venezuela,https://www.bcv.org.ve/sites/default/files/indicadores_sector_externo/2_1_1_tdc.xlsx,Diaria,2021-02-19,2021-02-19,2021,1720426.0475,Bs/USD
tipo_cambio_bcv_usd,Tipo de cambio BCV,Economía,Banco Central de Venezuela,https://www.bcv.org.ve/sites/default/files/indicadores_sector_externo/2_1_1_tdc.xlsx,Diaria,2021-02-22,2021-02-22,2021,1757608.7767,Bs/USD
tipo_cambio_bcv_usd,Tipo de cambio BCV,Economía,Banco Central de Venezuela,https://www.bcv.org.ve/sites/default/files/indicadores_sector_externo/2_1_1_tdc.xlsx,Diaria,2021-02-23,2021-02-23,2021,1803699.7156,Bs/USD
tipo_cambio_bcv_usd,Tipo de cambio BCV,Economía,Banco Central de Venezuela,https://www.bcv.org.ve/sites/default/files/indicadores_sector_externo/2_1_1_tdc.xlsx,Diaria,2021-02-24,2021-02-24,2021,1829671.7944,Bs/USD
tipo_cambio_bcv_usd,Tipo de cambio BCV,Economía,Banco Central de Venezuela,https://www.bcv.org.ve/sites/default/files/indicadores_sector_externo/2_1_1_tdc.xlsx,Diaria,2021-02-25,2021-02-25,2021,1872651.3781,Bs/USD
tipo_cambio_bcv_usd,Tipo de cambio BCV,Economía,Banco Central de Venezuela,https://www.bcv.org.ve/sites/default/files/indicadores_sector_externo/2_1_1_tdc.xlsx,Diaria,2021-02-26,2021-02-26,2021,1871361.1346,Bs/USD
tipo_cambio_bcv_usd,Tipo de cambio BCV,Economía,Banco Central de Venezuela,https://www.bcv.org.ve/sites/default/files/indicadores_sector_externo/2_1_1_tdc.xlsx,Diaria,2021-03-01,2021-03-01,2021,1865613.8866,Bs/USD
tipo_cambio_bcv_usd,Tipo de cambio BCV,Economía,Banco Central de Venezuela,https://www.bcv.org.ve/sites/default/files/indicadores_sector_externo/2_1_1_tdc.xlsx,Diaria,2021-03-02,2021-03-02,2021,1865857.9973,Bs/USD
tipo_cambio_bcv_usd,Tipo de cambio BCV,Economía,Banco Central de Venezuela,https://www.bcv.org.ve/sites/default/files/indicadores_sector_externo/2_1_1_tdc.xlsx,Diaria,2021-03-03,2021-03-03,2021,1863252.9372,Bs/USD
tipo_cambio_bcv_usd,Tipo de cambio BCV,Economía,Banco Central de Venezuela,https://www.bcv.org.ve/sites/default/files/indicadores_sector_externo/2_1_1_tdc.xlsx,Diaria,2021-03-04,2021-03-04,2021,1865046.2874,Bs/USD
tipo_cambio_bcv_usd,Tipo de cambio BCV,Economía,Banco Central de Venezuela,https://www.bcv.org.ve/sites/default/files/indicadores_sector_externo/2_1_1_tdc.xlsx,Diaria,2021-03-05,2021-03-05,2021,1874605.3587,Bs/USD
tipo_cambio_bcv_usd,Tipo de cambio BCV,Economía,Banco Central de Venezuela,https://www.bcv.org.ve/sites/default/files/indicadores_sector_externo/2_1_1_tdc.xlsx,Diaria,2021-03-08,2021-03-08,2021,1889184.9082,Bs/USD
tipo_cambio_bcv_usd,Tipo de cambio BCV,Economía,Banco Central de Venezuela,https://www.bcv.org.ve/sites/default/files/indicadores_sector_externo/2_1_1_tdc.xlsx,Diaria,2021-03-09,2021-03-09,2021,1888035.8474,Bs/USD
tipo_cambio_bcv_usd,Tipo de cambio BCV,Economía,Banco Central de Venezuela,https://www.bcv.org.ve/sites/default/files/indicadores_sector_externo/2_1_1_tdc.xlsx,Diaria,2021-03-10,2021-03-10,2021,1881868.7399,Bs/USD
tipo_cambio_bcv_usd,Tipo de cambio BCV,Economía,Banco Central de Venezuela,https://www.bcv.org.ve/sites/default/files/indicadores_sector_externo/2_1_1_tdc.xlsx,Diaria,2021-03-11,2021-03-11,2021,1874468.1221,Bs/USD
tipo_cambio_bcv_usd,Tipo de cambio BCV,Economía,Banco Central de Venezuela,https://www.bcv.org.ve/sites/default/files/indicadores_sector_externo/2_1_1_tdc.xlsx,Diaria,2021-03-12,2021-03-12,2021,1858754.101,Bs/USD
tipo_cambio_bcv_usd,Tipo de cambio BCV,Economía,Banco Central de Venezuela,https://www.bcv.org.ve/sites/default/files/indicadores_sector_externo/2_1_1_tdc.xlsx,Diaria,2021-03-15,2021-03-15,2021,1848567.5699,Bs/USD
tipo_cambio_bcv_usd,Tipo de cambio BCV,Economía,Banco Central de Venezuela,https://www.bcv.org.ve/sites/default/files/indicadores_sector_externo/2_1_1_tdc.xlsx,Diaria,2021-03-16,2021-03-16,2021,1827284.7922,Bs/USD
tipo_cambio_bcv_usd,Tipo de cambio BCV,Economía,Banco Central de Venezuela,https://www.bcv.org.ve/sites/default/files/indicadores_sector_externo/2_1_1_tdc.xlsx,Diaria,2021-03-17,2021-03-17,2021,1822320.2778,Bs/USD
tipo_cambio_bcv_usd,Tipo de cambio BCV,Economía,Banco Central de Venezuela,https://www.bcv.org.ve/sites/default/files/indicadores_sector_externo/2_1_1_tdc.xlsx,Diaria,2021-03-18,2021-03-18,2021,1804479.6607,Bs/USD
tipo_cambio_bcv_usd,Tipo de cambio BCV,Economía,Banco Central de Venezuela,https://www.bcv.org.ve/sites/default/files/indicadores_sector_externo/2_1_1_tdc.xlsx,Diaria,2021-03-22,2021-03-22,2021,1804994.4562,Bs/USD
tipo_cambio_bcv_usd,Tipo de cambio BCV,Economía,Banco Central de Venezuela,https://www.bcv.org.ve/sites/default/files/indicadores_sector_externo/2_1_1_tdc.xlsx,Diaria,2021-03-23,2021-03-23,2021,1821810.808,Bs/USD
tipo_cambio_bcv_usd,Tipo de cambio BCV,Economía,Banco Central de Venezuela,https://www.bcv.org.ve/sites/default/files/indicadores_sector_externo/2_1_1_tdc.xlsx,Diaria,2021-03-24,2021-03-24,2021,1827910.5729,Bs/USD
tipo_cambio_bcv_usd,Tipo de cambio BCV,Economía,Banco Central de Venezuela,https://www.bcv.org.ve/sites/default/files/indicadores_sector_externo/2_1_1_tdc.xlsx,Diaria,2021-03-25,2021-03-25,2021,1845928.6599,Bs/USD
tipo_cambio_bcv_usd,Tipo de cambio BCV,Economía,Banco Central de Venezuela,https://www.bcv.org.ve/sites/default/files/indicadores_sector_externo/2_1_1_tdc.xlsx,Diaria,2021-03-26,2021-03-26,2021,1852972.1242,Bs/USD
tipo_cambio_bcv_usd,Tipo de cambio BCV,Economía,Banco Central de Venezuela,https://www.bcv.org.ve/sites/default/files/indicadores_sector_externo/2_1_1_tdc.xlsx,Diaria,2021-03-29,2021-03-29,2021,1890076.7446,Bs/USD
tipo_cambio_bcv_usd,Tipo de cambio BCV,Economía,Banco Central de Venezuela,https://www.bcv.org.ve/sites/default/files/indicadores_sector_externo/2_1_1_tdc.xlsx,Diaria,2021-03-30,2021-03-30,2021,1931176.1948,Bs/USD
tipo_cambio_bcv_usd,Tipo de cambio BCV,Economía,Banco Central de Venezuela,https://www.bcv.org.ve/sites/default/files/indicadores_sector_externo/2_1_1_tdc.xlsx,Diaria,2021-03-31,2021-03-31,2021,1968064.2251,Bs/USD
tipo_cambio_bcv_usd,Tipo de cambio BCV,Economía,Banco Central de Venezuela,https://www.bcv.org.ve/sites/default/files/indicadores_sector_externo/2_1_1_tdc.xlsx,Diaria,2021-04-05,2021-04-05,2021,1987184.7478,Bs/USD
tipo_cambio_bcv_usd,Tipo de cambio BCV,Economía,Banco Central de Venezuela,https://www.bcv.org.ve/sites/default/files/indicadores_sector_externo/2_1_1_tdc.xlsx,Diaria,2021-04-06,2021-04-06,2021,2070854.9672,Bs/USD
tipo_cambio_bcv_usd,Tipo de cambio BCV,Economía,Banco Central de Venezuela,https://www.bcv.org.ve/sites/default/files/indicadores_sector_externo/2_1_1_tdc.xlsx,Diaria,2021-04-07,2021-04-07,2021,2078720.571,Bs/USD
tipo_cambio_bcv_usd,Tipo de cambio BCV,Economía,Banco Central de Venezuela,https://www.bcv.org.ve/sites/default/files/indicadores_sector_externo/2_1_1_tdc.xlsx,Diaria,2021-04-08,2021-04-08,2021,2109981.3964,Bs/USD
tipo_cambio_bcv_usd,Tipo de cambio BCV,Economía,Banco Central de Venezuela,https://www.bcv.org.ve/sites/default/files/indicadores_sector_externo/2_1_1_tdc.xlsx,Diaria,2021-04-09,2021-04-09,2021,2142514.41,Bs/USD
tipo_cambio_bcv_usd,Tipo de cambio BCV,Economía,Banco Central de Venezuela,https://www.bcv.org.ve/sites/default/files/indicadores_sector_externo/2_1_1_tdc.xlsx,Diaria,2021-04-12,2021-04-12,2021,2235823.8067,Bs/USD
tipo_cambio_bcv_usd,Tipo de cambio BCV,Economía,Banco Central de Venezuela,https://www.bcv.org.ve/sites/default/files/indicadores_sector_externo/2_1_1_tdc.xlsx,Diaria,2021-04-13,2021-04-13,2021,2290488.2879,Bs/USD
tipo_cambio_bcv_usd,Tipo de cambio BCV,Economía,Banco Central de Venezuela,https://www.bcv.org.ve/sites/default/files/indicadores_sector_externo/2_1_1_tdc.xlsx,Diaria,2021-04-14,2021-04-14,2021,2334983.5488,Bs/USD
tipo_cambio_bcv_usd,Tipo de cambio BCV,Economía,Banco Central de Venezuela,https://www.bcv.org.ve/sites/default/files/indicadores_sector_externo/2_1_1_tdc.xlsx,Diaria,2021-04-15,2021-04-15,2021,2315163.0203,Bs/USD
tipo_cambio_bcv_usd,Tipo de cambio BCV,Economía,Banco Central de Venezuela,https://www.bcv.org.ve/sites/default/files/indicadores_sector_externo/2_1_1_tdc.xlsx,Diaria,2021-04-16,2021-04-16,2021,2381793.6473,Bs/USD
tipo_cambio_bcv_usd,Tipo de cambio BCV,Economía,Banco Central de Venezuela,https://www.bcv.org.ve/sites/default/files/indicadores_sector_externo/2_1_1_tdc.xlsx,Diaria,2021-04-20,2021-04-20,2021,2363585.2091,Bs/USD
tipo_cambio_bcv_usd,Tipo de cambio BCV,Economía,Banco Central de Venezuela,https://www.bcv.org.ve/sites/default/files/indicadores_sector_externo/2_1_1_tdc.xlsx,Diaria,2021-04-21,2021-04-21,2021,2467460.6985,Bs/USD
tipo_cambio_bcv_usd,Tipo de cambio BCV,Economía,Banco Central de Venezuela,https://www.bcv.org.ve/sites/default/files/indicadores_sector_externo/2_1_1_tdc.xlsx,Diaria,2021-04-22,2021-04-22,2021,2518331.4825,Bs/USD
tipo_cambio_bcv_usd,Tipo de cambio BCV,Economía,Banco Central de Venezuela,https://www.bcv.org.ve/sites/default/files/indicadores_sector_externo/2_1_1_tdc.xlsx,Diaria,2021-04-23,2021-04-23,2021,2506329.9142,Bs/USD
tipo_cambio_bcv_usd,Tipo de cambio BCV,Economía,Banco Central de Venezuela,https://www.bcv.org.ve/sites/default/files/indicadores_sector_externo/2_1_1_tdc.xlsx,Diaria,2021-04-26,2021-04-26,2021,2647851.6636,Bs/USD
tipo_cambio_bcv_usd,Tipo de cambio BCV,Economía,Banco Central de Venezuela,https://www.bcv.org.ve/sites/default/files/indicadores_sector_externo/2_1_1_tdc.xlsx,Diaria,2021-04-27,2021-04-27,2021,2721326.1231,Bs/USD
tipo_cambio_bcv_usd,Tipo de cambio BCV,Economía,Banco Central de Venezuela,https://www.bcv.org.ve/sites/default/files/indicadores_sector_externo/2_1_1_tdc.xlsx,Diaria,2021-04-28,2021-04-28,2021,2688830.3874,Bs/USD
tipo_cambio_bcv_usd,Tipo de cambio BCV,Economía,Banco Central de Venezuela,https://www.bcv.org.ve/sites/default/files/indicadores_sector_externo/2_1_1_tdc.xlsx,Diaria,2021-04-29,2021-04-29,2021,2724717.5209,Bs/USD
tipo_cambio_bcv_usd,Tipo de cambio BCV,Economía,Banco Central de Venezuela,https://www.bcv.org.ve/sites/default/files/indicadores_sector_externo/2_1_1_tdc.xlsx,Diaria,2021-04-30,2021-04-30,2021,2746151.8112,Bs/USD
tipo_cambio_bcv_usd,Tipo de cambio BCV,Economía,Banco Central de Venezuela,https://www.bcv.org.ve/sites/default/files/indicadores_sector_externo/2_1_1_tdc.xlsx,Diaria,2021-05-03,2021-05-03,2021,2822874.4822,Bs/USD
tipo_cambio_bcv_usd,Tipo de cambio BCV,Economía,Banco Central de Venezuela,https://www.bcv.org.ve/sites/default/files/indicadores_sector_externo/2_1_1_tdc.xlsx,Diaria,2021-05-04,2021-05-04,2021,2796868.8056,Bs/USD
tipo_cambio_bcv_usd,Tipo de cambio BCV,Economía,Banco Central de Venezuela,https://www.bcv.org.ve/sites/default/files/indicadores_sector_externo/2_1_1_tdc.xlsx,Diaria,2021-05-05,2021-05-05,2021,2840459.1128,Bs/USD
tipo_cambio_bcv_usd,Tipo de cambio BCV,Economía,Banco Central de Venezuela,https://www.bcv.org.ve/sites/default/files/indicadores_sector_externo/2_1_1_tdc.xlsx,Diaria,2021-05-06,2021-05-06,2021,2866324.5189,Bs/USD
tipo_cambio_bcv_usd,Tipo de cambio BCV,Economía,Banco Central de Venezuela,https://www.bcv.org.ve/sites/default/files/indicadores_sector_externo/2_1_1_tdc.xlsx,Diaria,2021-05-07,2021-05-07,2021,2861988.4243,Bs/USD
tipo_cambio_bcv_usd,Tipo de cambio BCV,Economía,Banco Central de Venezuela,https://www.bcv.org.ve/sites/default/files/indicadores_sector_externo/2_1_1_tdc.xlsx,Diaria,2021-05-10,2021-05-10,2021,2847609.4333,Bs/USD
tipo_cambio_bcv_usd,Tipo de cambio BCV,Economía,Banco Central de Venezuela,https://www.bcv.org.ve/sites/default/files/indicadores_sector_externo/2_1_1_tdc.xlsx,Diaria,2021-05-11,2021-05-11,2021,2836569.6374,Bs/USD
tipo_cambio_bcv_usd,Tipo de cambio BCV,Economía,Banco Central de Venezuela,https://www.bcv.org.ve/sites/default/files/indicadores_sector_externo/2_1_1_tdc.xlsx,Diaria,2021-05-12,2021-05-12,2021,2824879.8294,Bs/USD
tipo_cambio_bcv_usd,Tipo de cambio BCV,Economía,Banco Central de Venezuela,https://www.bcv.org.ve/sites/default/files/indicadores_sector_externo/2_1_1_tdc.xlsx,Diaria,2021-05-13,2021-05-13,2021,2835035.0651,Bs/USD
tipo_cambio_bcv_usd,Tipo de cambio BCV,Economía,Banco Central de Venezuela,https://www.bcv.org.ve/sites/default/files/indicadores_sector_externo/2_1_1_tdc.xlsx,Diaria,2021-05-14,2021-05-14,2021,2909844.3633,Bs/USD
tipo_cambio_bcv_usd,Tipo de cambio BCV,Economía,Banco Central de Venezuela,https://www.bcv.org.ve/sites/default/files/indicadores_sector_externo/2_1_1_tdc.xlsx,Diaria,2021-05-17,2021-05-17,2021,2966678.9558,Bs/USD
tipo_cambio_bcv_usd,Tipo de cambio BCV,Economía,Banco Central de Venezuela,https://www.bcv.org.ve/sites/default/files/indicadores_sector_externo/2_1_1_tdc.xlsx,Diaria,2021-05-18,2021-05-18,2021,2931949.404,Bs/USD
tipo_cambio_bcv_usd,Tipo de cambio BCV,Economía,Banco Central de Venezuela,https://www.bcv.org.ve/sites/default/files/indicadores_sector_externo/2_1_1_tdc.xlsx,Diaria,2021-05-19,2021-05-19,2021,2954844.3608,Bs/USD
tipo_cambio_bcv_usd,Tipo de cambio BCV,Economía,Banco Central de Venezuela,https://www.bcv.org.ve/sites/default/files/indicadores_sector_externo/2_1_1_tdc.xlsx,Diaria,2021-05-20,2021-05-20,2021,3026929.2652,Bs/USD
tipo_cambio_bcv_usd,Tipo de cambio BCV,Economía,Banco Central de Venezuela,https://www.bcv.org.ve/sites/default/files/indicadores_sector_externo/2_1_1_tdc.xlsx,Diaria,2021-05-21,2021-05-21,2021,3050025.8384,Bs/USD
tipo_cambio_bcv_usd,Tipo de cambio BCV,Economía,Banco Central de Venezuela,https://www.bcv.org.ve/sites/default/files/indicadores_sector_externo/2_1_1_tdc.xlsx,Diaria,2021-05-25,2021-05-25,2021,3045129.9096,Bs/USD
tipo_cambio_bcv_usd,Tipo de cambio BCV,Economía,Banco Central de Venezuela,https://www.bcv.org.ve/sites/default/files/indicadores_sector_externo/2_1_1_tdc.xlsx,Diaria,2021-05-26,2021-05-26,2021,3055549.9962,Bs/USD
tipo_cambio_bcv_usd,Tipo de cambio BCV,Economía,Banco Central de Venezuela,https://www.bcv.org.ve/sites/default/files/indicadores_sector_externo/2_1_1_tdc.xlsx,Diaria,2021-05-27,2021-05-27,2021,3070282.8335,Bs/USD
tipo_cambio_bcv_usd,Tipo de cambio BCV,Economía,Banco Central de Venezuela,https://www.bcv.org.ve/sites/default/files/indicadores_sector_externo/2_1_1_tdc.xlsx,Diaria,2021-05-28,2021-05-28,2021,3066706.0294,Bs/USD
tipo_cambio_bcv_usd,Tipo de cambio BCV,Economía,Banco Central de Venezuela,https://www.bcv.org.ve/sites/default/files/indicadores_sector_externo/2_1_1_tdc.xlsx,Diaria,2021-05-31,2021-05-31,2021,3100864.2374,Bs/USD
tipo_cambio_bcv_usd,Tipo de cambio BCV,Economía,Banco Central de Venezuela,https://www.bcv.org.ve/sites/default/files/indicadores_sector_externo/2_1_1_tdc.xlsx,Diaria,2021-06-01,2021-06-01,2021,3115766.5268,Bs/USD
tipo_cambio_bcv_usd,Tipo de cambio BCV,Economía,Banco Central de Venezuela,https://www.bcv.org.ve/sites/default/files/indicadores_sector_externo/2_1_1_tdc.xlsx,Diaria,2021-06-02,2021-06-02,2021,3115193.4103,Bs/USD
tipo_cambio_bcv_usd,Tipo de cambio BCV,Economía,Banco Central de Venezuela,https://www.bcv.org.ve/sites/default/files/indicadores_sector_externo/2_1_1_tdc.xlsx,Diaria,2021-06-03,2021-06-03,2021,3097326.7536,Bs/USD
tipo_cambio_bcv_usd,Tipo de cambio BCV,Economía,Banco Central de Venezuela,https://www.bcv.org.ve/sites/default/files/indicadores_sector_externo/2_1_1_tdc.xlsx,Diaria,2021-06-04,2021-06-04,2021,3101194.009,Bs/USD
tipo_cambio_bcv_usd,Tipo de cambio BCV,Economía,Banco Central de Venezuela,https://www.bcv.org.ve/sites/default/files/indicadores_sector_externo/2_1_1_tdc.xlsx,Diaria,2021-06-07,2021-06-07,2021,3113917.35,Bs/USD
tipo_cambio_bcv_usd,Tipo de cambio BCV,Economía,Banco Central de Venezuela,https://www.bcv.org.ve/sites/default/files/indicadores_sector_externo/2_1_1_tdc.xlsx,Diaria,2021-06-08,2021-06-08,2021,3111041.0463,Bs/USD
tipo_cambio_bcv_usd,Tipo de cambio BCV,Economía,Banco Central de Venezuela,https://www.bcv.org.ve/sites/default/files/indicadores_sector_externo/2_1_1_tdc.xlsx,Diaria,2021-06-09,2021-06-09,2021,3127700.6083,Bs/USD
tipo_cambio_bcv_usd,Tipo de cambio BCV,Economía,Banco Central de Venezuela,https://www.bcv.org.ve/sites/default/files/indicadores_sector_externo/2_1_1_tdc.xlsx,Diaria,2021-06-10,2021-06-10,2021,3123420.1938,Bs/USD
tipo_cambio_bcv_usd,Tipo de cambio BCV,Economía,Banco Central de Venezuela,https://www.bcv.org.ve/sites/default/files/indicadores_sector_externo/2_1_1_tdc.xlsx,Diaria,2021-06-11,2021-06-11,2021,3133641.8878,Bs/USD
tipo_cambio_bcv_usd,Tipo de cambio BCV,Economía,Banco Central de Venezuela,https://www.bcv.org.ve/sites/default/files/indicadores_sector_externo/2_1_1_tdc.xlsx,Diaria,2021-06-15,2021-06-15,2021,3120424.4119,Bs/USD
tipo_cambio_bcv_usd,Tipo de cambio BCV,Economía,Banco Central de Venezuela,https://www.bcv.org.ve/sites/default/files/indicadores_sector_externo/2_1_1_tdc.xlsx,Diaria,2021-06-16,2021-06-16,2021,3113042.5789,Bs/USD
tipo_cambio_bcv_usd,Tipo de cambio BCV,Economía,Banco Central de Venezuela,https://www.bcv.org.ve/sites/default/files/indicadores_sector_externo/2_1_1_tdc.xlsx,Diaria,2021-06-17,2021-06-17,2021,3105034.5867,Bs/USD
tipo_cambio_bcv_usd,Tipo de cambio BCV,Economía,Banco Central de Venezuela,https://www.bcv.org.ve/sites/default/files/indicadores_sector_externo/2_1_1_tdc.xlsx,Diaria,2021-06-18,2021-06-18,2021,3113807.1751,Bs/USD
tipo_cambio_bcv_usd,Tipo de cambio BCV,Economía,Banco Central de Venezuela,https://www.bcv.org.ve/sites/default/files/indicadores_sector_externo/2_1_1_tdc.xlsx,Diaria,2021-06-21,2021-06-21,2021,3138598.8096,Bs/USD
tipo_cambio_bcv_usd,Tipo de cambio BCV,Economía,Banco Central de Venezuela,https://www.bcv.org.ve/sites/default/files/indicadores_sector_externo/2_1_1_tdc.xlsx,Diaria,2021-06-22,2021-06-22,2021,3147297.1262,Bs/USD
tipo_cambio_bcv_usd,Tipo de cambio BCV,Economía,Banco Central de Venezuela,https://www.bcv.org.ve/sites/default/files/indicadores_sector_externo/2_1_1_tdc.xlsx,Diaria,2021-06-23,2021-06-23,2021,3178517.0786,Bs/USD
tipo_cambio_bcv_usd,Tipo de cambio BCV,Economía,Banco Central de Venezuela,https://www.bcv.org.ve/sites/default/files/indicadores_sector_externo/2_1_1_tdc.xlsx,Diaria,2021-06-25,2021-06-25,2021,3183413.5097,Bs/USD
tipo_cambio_bcv_usd,Tipo de cambio BCV,Economía,Banco Central de Venezuela,https://www.bcv.org.ve/sites/default/files/indicadores_sector_externo/2_1_1_tdc.xlsx,Diaria,2021-06-29,2021-06-29,2021,3196903.0125,Bs/USD
tipo_cambio_bcv_usd,Tipo de cambio BCV,Economía,Banco Central de Venezuela,https://www.bcv.org.ve/sites/default/files/indicadores_sector_externo/2_1_1_tdc.xlsx,Diaria,2021-06-30,2021-06-30,2021,3204079.5169,Bs/USD
tipo_cambio_bcv_usd,Tipo de cambio BCV,Economía,Banco Central de Venezuela,https://www.bcv.org.ve/sites/default/files/indicadores_sector_externo/2_1_1_tdc.xlsx,Diaria,2021-07-01,2021-07-01,2021,3220598.3532,Bs/USD
tipo_cambio_bcv_usd,Tipo de cambio BCV,Economía,Banco Central de Venezuela,https://www.bcv.org.ve/sites/default/files/indicadores_sector_externo/2_1_1_tdc.xlsx,Diaria,2021-07-02,2021-07-02,2021,3246320.8994,Bs/USD
tipo_cambio_bcv_usd,Tipo de cambio BCV,Economía,Banco Central de Venezuela,https://www.bcv.org.ve/sites/default/files/indicadores_sector_externo/2_1_1_tdc.xlsx,Diaria,2021-07-06,2021-07-06,2021,3241854.5967,Bs/USD
tipo_cambio_bcv_usd,Tipo de cambio BCV,Economía,Banco Central de Venezuela,https://www.bcv.org.ve/sites/default/files/indicadores_sector_externo/2_1_1_tdc.xlsx,Diaria,2021-07-07,2021-07-07,2021,3247321.9659,Bs/USD
tipo_cambio_bcv_usd,Tipo de cambio BCV,Economía,Banco Central de Venezuela,https://www.bcv.org.ve/sites/default/files/indicadores_sector_externo/2_1_1_tdc.xlsx,Diaria,2021-07-08,2021-07-08,2021,3247321.9659,Bs/USD
tipo_cambio_bcv_usd,Tipo de cambio BCV,Economía,Banco Central de Venezuela,https://www.bcv.org.ve/sites/default/files/indicadores_sector_externo/2_1_1_tdc.xlsx,Diaria,2021-07-09,2021-07-09,2021,3260677.8505,Bs/USD
tipo_cambio_bcv_usd,Tipo de cambio BCV,Economía,Banco Central de Venezuela,https://www.bcv.org.ve/sites/default/files/indicadores_sector_externo/2_1_1_tdc.xlsx,Diaria,2021-07-12,2021-07-12,2021,3275925.3892,Bs/USD
tipo_cambio_bcv_usd,Tipo de cambio BCV,Economía,Banco Central de Venezuela,https://www.bcv.org.ve/sites/default/files/indicadores_sector_externo/2_1_1_tdc.xlsx,Diaria,2021-07-13,2021-07-13,2021,3291083.8657,Bs/USD
tipo_cambio_bcv_usd,Tipo de cambio BCV,Economía,Banco Central de Venezuela,https://www.bcv.org.ve/sites/default/files/indicadores_sector_externo/2_1_1_tdc.xlsx,Diaria,2021-07-14,2021-07-14,2021,3321657.5235,Bs/USD
tipo_cambio_bcv_usd,Tipo de cambio BCV,Economía,Banco Central de Venezuela,https://www.bcv.org.ve/sites/default/files/indicadores_sector_externo/2_1_1_tdc.xlsx,Diaria,2021-07-15,2021-07-15,2021,3391651.9119,Bs/USD
tipo_cambio_bcv_usd,Tipo de cambio BCV,Economía,Banco Central de Venezuela,https://www.bcv.org.ve/sites/default/files/indicadores_sector_externo/2_1_1_tdc.xlsx,Diaria,2021-07-16,2021-07-16,2021,3443394.7261,Bs/USD
tipo_cambio_bcv_usd,Tipo de cambio BCV,Economía,Banco Central de Venezuela,https://www.bcv.org.ve/sites/default/files/indicadores_sector_externo/2_1_1_tdc.xlsx,Diaria,2021-07-19,2021-07-19,2021,3548283.8492,Bs/USD
tipo_cambio_bcv_usd,Tipo de cambio BCV,Economía,Banco Central de Venezuela,https://www.bcv.org.ve/sites/default/files/indicadores_sector_externo/2_1_1_tdc.xlsx,Diaria,2021-07-20,2021-07-20,2021,3618512.2105,Bs/USD
tipo_cambio_bcv_usd,Tipo de cambio BCV,Economía,Banco Central de Venezuela,https://www.bcv.org.ve/sites/default/files/indicadores_sector_externo/2_1_1_tdc.xlsx,Diaria,2021-07-21,2021-07-21,2021,3646930.9953,Bs/USD
tipo_cambio_bcv_usd,Tipo de cambio BCV,Economía,Banco Central de Venezuela,https://www.bcv.org.ve/sites/default/files/indicadores_sector_externo/2_1_1_tdc.xlsx,Diaria,2021-07-22,2021-07-22,2021,3712699.5661,Bs/USD
tipo_cambio_bcv_usd,Tipo de cambio BCV,Economía,Banco Central de Venezuela,https://www.bcv.org.ve/sites/default/files/indicadores_sector_externo/2_1_1_tdc.xlsx,Diaria,2021-07-23,2021-07-23,2021,3773693.215,Bs/USD
tipo_cambio_bcv_usd,Tipo de cambio BCV,Economía,Banco Central de Venezuela,https://www.bcv.org.ve/sites/default/files/indicadores_sector_externo/2_1_1_tdc.xlsx,Diaria,2021-07-26,2021-07-26,2021,3784653.8353,Bs/USD
tipo_cambio_bcv_usd,Tipo de cambio BCV,Economía,Banco Central de Venezuela,https://www.bcv.org.ve/sites/default/files/indicadores_sector_externo/2_1_1_tdc.xlsx,Diaria,2021-07-27,2021-07-27,2021,3885813.0403,Bs/USD
tipo_cambio_bcv_usd,Tipo de cambio BCV,Economía,Banco Central de Venezuela,https://www.bcv.org.ve/sites/default/files/indicadores_sector_externo/2_1_1_tdc.xlsx,Diaria,2021-07-28,2021-07-28,2021,3988843.2261,Bs/USD
tipo_cambio_bcv_usd,Tipo de cambio BCV,Economía,Banco Central de Venezuela,https://www.bcv.org.ve/sites/default/files/indicadores_sector_externo/2_1_1_tdc.xlsx,Diaria,2021-07-29,2021-07-29,2021,4036633.952,Bs/USD
tipo_cambio_bcv_usd,Tipo de cambio BCV,Economía,Banco Central de Venezuela,https://www.bcv.org.ve/sites/default/files/indicadores_sector_externo/2_1_1_tdc.xlsx,Diaria,2021-07-30,2021-07-30,2021,3983173.5508,Bs/USD
tipo_cambio_bcv_usd,Tipo de cambio BCV,Economía,Banco Central de Venezuela,https://www.bcv.org.ve/sites/default/files/indicadores_sector_externo/2_1_1_tdc.xlsx,Diaria,2021-08-02,2021-08-02,2021,4015645.7582,Bs/USD
tipo_cambio_bcv_usd,Tipo de cambio BCV,Economía,Banco Central de Venezuela,https://www.bcv.org.ve/sites/default/files/indicadores_sector_externo/2_1_1_tdc.xlsx,Diaria,2021-08-03,2021-08-03,2021,4018492.2389,Bs/USD
tipo_cambio_bcv_usd,Tipo de cambio BCV,Economía,Banco Central de Venezuela,https://www.bcv.org.ve/sites/default/files/indicadores_sector_externo/2_1_1_tdc.xlsx,Diaria,2021-08-04,2021-08-04,2021,4033104.5368,Bs/USD
tipo_cambio_bcv_usd,Tipo de cambio BCV,Economía,Banco Central de Venezuela,https://www.bcv.org.ve/sites/default/files/indicadores_sector_externo/2_1_1_tdc.xlsx,Diaria,2021-08-05,2021-08-05,2021,4036194.8469,Bs/USD
tipo_cambio_bcv_usd,Tipo de cambio BCV,Economía,Banco Central de Venezuela,https://www.bcv.org.ve/sites/default/files/indicadores_sector_externo/2_1_1_tdc.xlsx,Diaria,2021-08-06,2021-08-06,2021,4040784.7314,Bs/USD
tipo_cambio_bcv_usd,Tipo de cambio BCV,Economía,Banco Central de Venezuela,https://www.bcv.org.ve/sites/default/files/indicadores_sector_externo/2_1_1_tdc.xlsx,Diaria,2021-08-09,2021-08-09,2021,4068823.0274,Bs/USD
tipo_cambio_bcv_usd,Tipo de cambio BCV,Economía,Banco Central de Venezuela,https://www.bcv.org.ve/sites/default/files/indicadores_sector_externo/2_1_1_tdc.xlsx,Diaria,2021-08-10,2021-08-10,2021,4080378.0772,Bs/USD
tipo_cambio_bcv_usd,Tipo de cambio BCV,Economía,Banco Central de Venezuela,https://www.bcv.org.ve/sites/default/files/indicadores_sector_externo/2_1_1_tdc.xlsx,Diaria,2021-08-11,2021-08-11,2021,4094502.0242,Bs/USD
tipo_cambio_bcv_usd,Tipo de cambio BCV,Economía,Banco Central de Venezuela,https://www.bcv.org.ve/sites/default/files/indicadores_sector_externo/2_1_1_tdc.xlsx,Diaria,2021-08-12,2021-08-12,2021,4117054.6443,Bs/USD
tipo_cambio_bcv_usd,Tipo de cambio BCV,Economía,Banco Central de Venezuela,https://www.bcv.org.ve/sites/default/files/indicadores_sector_externo/2_1_1_tdc.xlsx,Diaria,2021-08-13,2021-08-13,2021,4113365.6763,Bs/USD
tipo_cambio_bcv_usd,Tipo de cambio BCV,Economía,Banco Central de Venezuela,https://www.bcv.org.ve/sites/default/files/indicadores_sector_externo/2_1_1_tdc.xlsx,Diaria,2021-08-16,2021-08-16,2021,4135488.0862,Bs/USD
tipo_cambio_bcv_usd,Tipo de cambio BCV,Economía,Banco Central de Venezuela,https://www.bcv.org.ve/sites/default/files/indicadores_sector_externo/2_1_1_tdc.xlsx,Diaria,2021-08-17,2021-08-17,2021,4110497.999,Bs/USD
tipo_cambio_bcv_usd,Tipo de cambio BCV,Economía,Banco Central de Venezuela,https://www.bcv.org.ve/sites/default/files/indicadores_sector_externo/2_1_1_tdc.xlsx,Diaria,2021-08-18,2021-08-18,2021,4130164.856,Bs/USD
tipo_cambio_bcv_usd,Tipo de cambio BCV,Economía,Banco Central de Venezuela,https://www.bcv.org.ve/sites/default/files/indicadores_sector_externo/2_1_1_tdc.xlsx,Diaria,2021-08-19,2021-08-19,2021,4085372.2501,Bs/USD
tipo_cambio_bcv_usd,Tipo de cambio BCV,Economía,Banco Central de Venezuela,https://www.bcv.org.ve/sites/default/files/indicadores_sector_externo/2_1_1_tdc.xlsx,Diaria,2021-08-20,2021-08-20,2021,4122223.3817,Bs/USD
tipo_cambio_bcv_usd,Tipo de cambio BCV,Economía,Banco Central de Venezuela,https://www.bcv.org.ve/sites/default/files/indicadores_sector_externo/2_1_1_tdc.xlsx,Diaria,2021-08-23,2021-08-23,2021,4123464.3173,Bs/USD
tipo_cambio_bcv_usd,Tipo de cambio BCV,Economía,Banco Central de Venezuela,https://www.bcv.org.ve/sites/default/files/indicadores_sector_externo/2_1_1_tdc.xlsx,Diaria,2021-08-24,2021-08-24,2021,4129660.9167,Bs/USD
tipo_cambio_bcv_usd,Tipo de cambio BCV,Economía,Banco Central de Venezuela,https://www.bcv.org.ve/sites/default/files/indicadores_sector_externo/2_1_1_tdc.xlsx,Diaria,2021-08-25,2021-08-25,2021,4121652.7348,Bs/USD
tipo_cambio_bcv_usd,Tipo de cambio BCV,Economía,Banco Central de Venezuela,https://www.bcv.org.ve/sites/default/files/indicadores_sector_externo/2_1_1_tdc.xlsx,Diaria,2021-08-26,2021-08-26,2021,4147300.5159,Bs/USD
tipo_cambio_bcv_usd,Tipo de cambio BCV,Economía,Banco Central de Venezuela,https://www.bcv.org.ve/sites/default/files/indicadores_sector_externo/2_1_1_tdc.xlsx,Diaria,2021-08-27,2021-08-27,2021,4139860.2579,Bs/USD
tipo_cambio_bcv_usd,Tipo de cambio BCV,Economía,Banco Central de Venezuela,https://www.bcv.org.ve/sites/default/files/indicadores_sector_externo/2_1_1_tdc.xlsx,Diaria,2021-08-30,2021-08-30,2021,4134298.0483,Bs/USD
tipo_cambio_bcv_usd,Tipo de cambio BCV,Economía,Banco Central de Venezuela,https://www.bcv.org.ve/sites/default/files/indicadores_sector_externo/2_1_1_tdc.xlsx,Diaria,2021-08-31,2021-08-31,2021,4144502.8546,Bs/USD
tipo_cambio_bcv_usd,Tipo de cambio BCV,Economía,Banco Central de Venezuela,https://www.bcv.org.ve/sites/default/files/indicadores_sector_externo/2_1_1_tdc.xlsx,Diaria,2021-09-01,2021-09-01,2021,4127024.2257,Bs/USD
tipo_cambio_bcv_usd,Tipo de cambio BCV,Economía,Banco Central de Venezuela,https://www.bcv.org.ve/sites/default/files/indicadores_sector_externo/2_1_1_tdc.xlsx,Diaria,2021-09-02,2021-09-02,2021,4100108.2304,Bs/USD
tipo_cambio_bcv_usd,Tipo de cambio BCV,Economía,Banco Central de Venezuela,https://www.bcv.org.ve/sites/default/files/indicadores_sector_externo/2_1_1_tdc.xlsx,Diaria,2021-09-03,2021-09-03,2021,4087136.4245,Bs/USD
tipo_cambio_bcv_usd,Tipo de cambio BCV,Economía,Banco Central de Venezuela,https://www.bcv.org.ve/sites/default/files/indicadores_sector_externo/2_1_1_tdc.xlsx,Diaria,2021-09-06,2021-09-06,2021,4058787.1147,Bs/USD
tipo_cambio_bcv_usd,Tipo de cambio BCV,Economía,Banco Central de Venezuela,https://www.bcv.org.ve/sites/default/files/indicadores_sector_externo/2_1_1_tdc.xlsx,Diaria,2021-09-07,2021-09-07,2021,4072866.1228,Bs/USD
tipo_cambio_bcv_usd,Tipo de cambio BCV,Economía,Banco Central de Venezuela,https://www.bcv.org.ve/sites/default/files/indicadores_sector_externo/2_1_1_tdc.xlsx,Diaria,2021-09-08,2021-09-08,2021,4071866.2459,Bs/USD
tipo_cambio_bcv_usd,Tipo de cambio BCV,Economía,Banco Central de Venezuela,https://www.bcv.org.ve/sites/default/files/indicadores_sector_externo/2_1_1_tdc.xlsx,Diaria,2021-09-09,2021-09-09,2021,4070427.7044,Bs/USD
tipo_cambio_bcv_usd,Tipo de cambio BCV,Economía,Banco Central de Venezuela,https://www.bcv.org.ve/sites/default/files/indicadores_sector_externo/2_1_1_tdc.xlsx,Diaria,2021-09-10,2021-09-10,2021,4084549.6965,Bs/USD
tipo_cambio_bcv_usd,Tipo de cambio BCV,Economía,Banco Central de Venezuela,https://www.bcv.org.ve/sites/default/files/indicadores_sector_externo/2_1_1_tdc.xlsx,Diaria,2021-09-13,2021-09-13,2021,4057528.6514,Bs/USD
tipo_cambio_bcv_usd,Tipo de cambio BCV,Economía,Banco Central de Venezuela,https://www.bcv.org.ve/sites/default/files/indicadores_sector_externo/2_1_1_tdc.xlsx,Diaria,2021-09-14,2021-09-14,2021,3996013.026,Bs/USD
tipo_cambio_bcv_usd,Tipo de cambio BCV,Economía,Banco Central de Venezuela,https://www.bcv.org.ve/sites/default/files/indicadores_sector_externo/2_1_1_tdc.xlsx,Diaria,2021-09-15,2021-09-15,2021,4031654.3101,Bs/USD
tipo_cambio_bcv_usd,Tipo de cambio BCV,Economía,Banco Central de Venezuela,https://www.bcv.org.ve/sites/default/files/indicadores_sector_externo/2_1_1_tdc.xlsx,Diaria,2021-09-16,2021-09-16,2021,4023277.5927,Bs/USD
tipo_cambio_bcv_usd,Tipo de cambio BCV,Economía,Banco Central de Venezuela,https://www.bcv.org.ve/sites/default/files/indicadores_sector_externo/2_1_1_tdc.xlsx,Diaria,2021-09-17,2021-09-17,2021,4048613.395,Bs/USD
tipo_cambio_bcv_usd,Tipo de cambio BCV,Economía,Banco Central de Venezuela,https://www.bcv.org.ve/sites/default/files/indicadores_sector_externo/2_1_1_tdc.xlsx,Diaria,2021-09-20,2021-09-20,2021,4041830.4387,Bs/USD
tipo_cambio_bcv_usd,Tipo de cambio BCV,Economía,Banco Central de Venezuela,https://www.bcv.org.ve/sites/default/files/indicadores_sector_externo/2_1_1_tdc.xlsx,Diaria,2021-09-21,2021-09-21,2021,4043797.6778,Bs/USD
tipo_cambio_bcv_usd,Tipo de cambio BCV,Economía,Banco Central de Venezuela,https://www.bcv.org.ve/sites/default/files/indicadores_sector_externo/2_1_1_tdc.xlsx,Diaria,2021-09-22,2021-09-22,2021,4026316.4024,Bs/USD
tipo_cambio_bcv_usd,Tipo de cambio BCV,Economía,Banco Central de Venezuela,https://www.bcv.org.ve/sites/default/files/indicadores_sector_externo/2_1_1_tdc.xlsx,Diaria,2021-09-23,2021-09-23,2021,4032128.5667,Bs/USD
tipo_cambio_bcv_usd,Tipo de cambio BCV,Economía,Banco Central de Venezuela,https://www.bcv.org.ve/sites/default/files/indicadores_sector_externo/2_1_1_tdc.xlsx,Diaria,2021-09-24,2021-09-24,2021,4040871.4989,Bs/USD
tipo_cambio_bcv_usd,Tipo de cambio BCV,Economía,Banco Central de Venezuela,https://www.bcv.org.ve/sites/default/files/indicadores_sector_externo/2_1_1_tdc.xlsx,Diaria,2021-09-27,2021-09-27,2021,4104217.9894,Bs/USD
tipo_cambio_bcv_usd,Tipo de cambio BCV,Economía,Banco Central de Venezuela,https://www.bcv.org.ve/sites/default/files/indicadores_sector_externo/2_1_1_tdc.xlsx,Diaria,2021-09-28,2021-09-28,2021,4142727.0387,Bs/USD
tipo_cambio_bcv_usd,Tipo de cambio BCV,Economía,Banco Central de Venezuela,https://www.bcv.org.ve/sites/default/files/indicadores_sector_externo/2_1_1_tdc.xlsx,Diaria,2021-09-29,2021-09-29,2021,4138617.5603,Bs/USD
tipo_cambio_bcv_usd,Tipo de cambio BCV,Economía,Banco Central de Venezuela,https://www.bcv.org.ve/sites/default/files/indicadores_sector_externo/2_1_1_tdc.xlsx,Diaria,2021-10-04,2021-10-04,2021,4.18178183,Bs/USD
tipo_cambio_bcv_usd,Tipo de cambio BCV,Economía,Banco Central de Venezuela,https://www.bcv.org.ve/sites/default/files/indicadores_sector_externo/2_1_1_tdc.xlsx,Diaria,2021-10-05,2021-10-05,2021,4.1755,Bs/USD
tipo_cambio_bcv_usd,Tipo de cambio BCV,Economía,Banco Central de Venezuela,https://www.bcv.org.ve/sites/default/files/indicadores_sector_externo/2_1_1_tdc.xlsx,Diaria,2021-10-06,2021-10-06,2021,4.1945,Bs/USD
tipo_cambio_bcv_usd,Tipo de cambio BCV,Economía,Banco Central de Venezuela,https://www.bcv.org.ve/sites/default/files/indicadores_sector_externo/2_1_1_tdc.xlsx,Diaria,2021-10-07,2021-10-07,2021,4.1655,Bs/USD
tipo_cambio_bcv_usd,Tipo de cambio BCV,Economía,Banco Central de Venezuela,https://www.bcv.org.ve/sites/default/files/indicadores_sector_externo/2_1_1_tdc.xlsx,Diaria,2021-10-08,2021-10-08,2021,4.1551,Bs/USD
tipo_cambio_bcv_usd,Tipo de cambio BCV,Economía,Banco Central de Venezuela,https://www.bcv.org.ve/sites/default/files/indicadores_sector_externo/2_1_1_tdc.xlsx,Diaria,2021-10-11,2021-10-11,2021,4.1641,Bs/USD
tipo_cambio_bcv_usd,Tipo de cambio BCV,Economía,Banco Central de Venezuela,https://www.bcv.org.ve/sites/default/files/indicadores_sector_externo/2_1_1_tdc.xlsx,Diaria,2021-10-13,2021-10-13,2021,4.1632,Bs/USD
tipo_cambio_bcv_usd,Tipo de cambio BCV,Economía,Banco Central de Venezuela,https://www.bcv.org.ve/sites/default/files/indicadores_sector_externo/2_1_1_tdc.xlsx,Diaria,2021-10-14,2021-10-14,2021,4.1816,Bs/USD
tipo_cambio_bcv_usd,Tipo de cambio BCV,Economía,Banco Central de Venezuela,https://www.bcv.org.ve/sites/default/files/indicadores_sector_externo/2_1_1_tdc.xlsx,Diaria,2021-10-15,2021-10-15,2021,4.1619,Bs/USD
tipo_cambio_bcv_usd,Tipo de cambio BCV,Economía,Banco Central de Venezuela,https://www.bcv.org.ve/sites/default/files/indicadores_sector_externo/2_1_1_tdc.xlsx,Diaria,2021-10-18,2021-10-18,2021,4.1392,Bs/USD
tipo_cambio_bcv_usd,Tipo de cambio BCV,Economía,Banco Central de Venezuela,https://www.bcv.org.ve/sites/default/files/indicadores_sector_externo/2_1_1_tdc.xlsx,Diaria,2021-10-19,2021-10-19,2021,4.151,Bs/USD
tipo_cambio_bcv_usd,Tipo de cambio BCV,Economía,Banco Central de Venezuela,https://www.bcv.org.ve/sites/default/files/indicadores_sector_externo/2_1_1_tdc.xlsx,Diaria,2021-10-20,2021-10-20,2021,4.1564,Bs/USD
tipo_cambio_bcv_usd,Tipo de cambio BCV,Economía,Banco Central de Venezuela,https://www.bcv.org.ve/sites/default/files/indicadores_sector_externo/2_1_1_tdc.xlsx,Diaria,2021-10-21,2021-10-21,2021,4.1745,Bs/USD
tipo_cambio_bcv_usd,Tipo de cambio BCV,Economía,Banco Central de Venezuela,https://www.bcv.org.ve/sites/default/files/indicadores_sector_externo/2_1_1_tdc.xlsx,Diaria,2021-10-22,2021-10-22,2021,4.2111,Bs/USD
tipo_cambio_bcv_usd,Tipo de cambio BCV,Economía,Banco Central de Venezuela,https://www.bcv.org.ve/sites/default/files/indicadores_sector_externo/2_1_1_tdc.xlsx,Diaria,2021-10-25,2021-10-25,2021,4.2388,Bs/USD
tipo_cambio_bcv_usd,Tipo de cambio BCV,Economía,Banco Central de Venezuela,https://www.bcv.org.ve/sites/default/files/indicadores_sector_externo/2_1_1_tdc.xlsx,Diaria,2021-10-26,2021-10-26,2021,4.2728,Bs/USD
tipo_cambio_bcv_usd,Tipo de cambio BCV,Economía,Banco Central de Venezuela,https://www.bcv.org.ve/sites/default/files/indicadores_sector_externo/2_1_1_tdc.xlsx,Diaria,2021-10-27,2021-10-27,2021,4.2944,Bs/USD
tipo_cambio_bcv_usd,Tipo de cambio BCV,Economía,Banco Central de Venezuela,https://www.bcv.org.ve/sites/default/files/indicadores_sector_externo/2_1_1_tdc.xlsx,Diaria,2021-10-28,2021-10-28,2021,4.3244,Bs/USD
tipo_cambio_bcv_usd,Tipo de cambio BCV,Economía,Banco Central de Venezuela,https://www.bcv.org.ve/sites/default/files/indicadores_sector_externo/2_1_1_tdc.xlsx,Diaria,2021-10-29,2021-10-29,2021,4.3881,Bs/USD
tipo_cambio_bcv_usd,Tipo de cambio BCV,Economía,Banco Central de Venezuela,https://www.bcv.org.ve/sites/default/files/indicadores_sector_externo/2_1_1_tdc.xlsx,Diaria,2021-11-02,2021-11-02,2021,4.3779,Bs/USD
tipo_cambio_bcv_usd,Tipo de cambio BCV,Economía,Banco Central de Venezuela,https://www.bcv.org.ve/sites/default/files/indicadores_sector_externo/2_1_1_tdc.xlsx,Diaria,2021-11-03,2021-11-03,2021,4.4097,Bs/USD
tipo_cambio_bcv_usd,Tipo de cambio BCV,Economía,Banco Central de Venezuela,https://www.bcv.org.ve/sites/default/files/indicadores_sector_externo/2_1_1_tdc.xlsx,Diaria,2021-11-04,2021-11-04,2021,4.4388,Bs/USD
tipo_cambio_bcv_usd,Tipo de cambio BCV,Economía,Banco Central de Venezuela,https://www.bcv.org.ve/sites/default/files/indicadores_sector_externo/2_1_1_tdc.xlsx,Diaria,2021-11-05,2021-11-05,2021,4.4234,Bs/USD
tipo_cambio_bcv_usd,Tipo de cambio BCV,Economía,Banco Central de Venezuela,https://www.bcv.org.ve/sites/default/files/indicadores_sector_externo/2_1_1_tdc.xlsx,Diaria,2021-11-08,2021-11-08,2021,4.445,Bs/USD
tipo_cambio_bcv_usd,Tipo de cambio BCV,Economía,Banco Central de Venezuela,https://www.bcv.org.ve/sites/default/files/indicadores_sector_externo/2_1_1_tdc.xlsx,Diaria,2021-11-09,2021-11-09,2021,4.4378,Bs/USD
tipo_cambio_bcv_usd,Tipo de cambio BCV,Economía,Banco Central de Venezuela,https://www.bcv.org.ve/sites/default/files/indicadores_sector_externo/2_1_1_tdc.xlsx,Diaria,2021-11-10,2021-11-10,2021,4.4501,Bs/USD
tipo_cambio_bcv_usd,Tipo de cambio BCV,Economía,Banco Central de Venezuela,https://www.bcv.org.ve/sites/default/files/indicadores_sector_externo/2_1_1_tdc.xlsx,Diaria,2021-11-11,2021-11-11,2021,4.4798,Bs/USD
tipo_cambio_bcv_usd,Tipo de cambio BCV,Economía,Banco Central de Venezuela,https://www.bcv.org.ve/sites/default/files/indicadores_sector_externo/2_1_1_tdc.xlsx,Diaria,2021-11-12,2021-11-12,2021,4.4724,Bs/USD
tipo_cambio_bcv_usd,Tipo de cambio BCV,Economía,Banco Central de Venezuela,https://www.bcv.org.ve/sites/default/files/indicadores_sector_externo/2_1_1_tdc.xlsx,Diaria,2021-11-15,2021-11-15,2021,4.4808,Bs/USD
tipo_cambio_bcv_usd,Tipo de cambio BCV,Economía,Banco Central de Venezuela,https://www.bcv.org.ve/sites/default/files/indicadores_sector_externo/2_1_1_tdc.xlsx,Diaria,2021-11-16,2021-11-16,2021,4.4883,Bs/USD
tipo_cambio_bcv_usd,Tipo de cambio BCV,Economía,Banco Central de Venezuela,https://www.bcv.org.ve/sites/default/files/indicadores_sector_externo/2_1_1_tdc.xlsx,Diaria,2021-11-17,2021-11-17,2021,4.5243,Bs/USD
tipo_cambio_bcv_usd,Tipo de cambio BCV,Economía,Banco Central de Venezuela,https://www.bcv.org.ve/sites/default/files/indicadores_sector_externo/2_1_1_tdc.xlsx,Diaria,2021-11-18,2021-11-18,2021,4.5287,Bs/USD
tipo_cambio_bcv_usd,Tipo de cambio BCV,Economía,Banco Central de Venezuela,https://www.bcv.org.ve/sites/default/files/indicadores_sector_externo/2_1_1_tdc.xlsx,Diaria,2021-11-19,2021-11-19,2021,4.5861,Bs/USD
tipo_cambio_bcv_usd,Tipo de cambio BCV,Economía,Banco Central de Venezuela,https://www.bcv.org.ve/sites/default/files/indicadores_sector_externo/2_1_1_tdc.xlsx,Diaria,2021-11-23,2021-11-23,2021,4.5435,Bs/USD
tipo_cambio_bcv_usd,Tipo de cambio BCV,Economía,Banco Central de Venezuela,https://www.bcv.org.ve/sites/default/files/indicadores_sector_externo/2_1_1_tdc.xlsx,Diaria,2021-11-24,2021-11-24,2021,4.5433,Bs/USD
tipo_cambio_bcv_usd,Tipo de cambio BCV,Economía,Banco Central de Venezuela,https://www.bcv.org.ve/sites/default/files/indicadores_sector_externo/2_1_1_tdc.xlsx,Diaria,2021-11-25,2021-11-25,2021,4.564,Bs/USD
tipo_cambio_bcv_usd,Tipo de cambio BCV,Economía,Banco Central de Venezuela,https://www.bcv.org.ve/sites/default/files/indicadores_sector_externo/2_1_1_tdc.xlsx,Diaria,2021-11-26,2021-11-26,2021,4.5828,Bs/USD
tipo_cambio_bcv_usd,Tipo de cambio BCV,Economía,Banco Central de Venezuela,https://www.bcv.org.ve/sites/default/files/indicadores_sector_externo/2_1_1_tdc.xlsx,Diaria,2021-11-29,2021-11-29,2021,4.6154,Bs/USD
tipo_cambio_bcv_usd,Tipo de cambio BCV,Economía,Banco Central de Venezuela,https://www.bcv.org.ve/sites/default/files/indicadores_sector_externo/2_1_1_tdc.xlsx,Diaria,2021-11-30,2021-11-30,2021,4.6078,Bs/USD
tipo_cambio_bcv_usd,Tipo de cambio BCV,Economía,Banco Central de Venezuela,https://www.bcv.org.ve/sites/default/files/indicadores_sector_externo/2_1_1_tdc.xlsx,Diaria,2021-12-01,2021-12-01,2021,4.6216,Bs/USD
tipo_cambio_bcv_usd,Tipo de cambio BCV,Economía,Banco Central de Venezuela,https://www.bcv.org.ve/sites/default/files/indicadores_sector_externo/2_1_1_tdc.xlsx,Diaria,2021-12-02,2021-12-02,2021,4.6322,Bs/USD
tipo_cambio_bcv_usd,Tipo de cambio BCV,Economía,Banco Central de Venezuela,https://www.bcv.org.ve/sites/default/files/indicadores_sector_externo/2_1_1_tdc.xlsx,Diaria,2021-12-03,2021-12-03,2021,4.6476,Bs/USD
tipo_cambio_bcv_usd,Tipo de cambio BCV,Economía,Banco Central de Venezuela,https://www.bcv.org.ve/sites/default/files/indicadores_sector_externo/2_1_1_tdc.xlsx,Diaria,2021-12-06,2021-12-06,2021,4.638,Bs/USD
tipo_cambio_bcv_usd,Tipo de cambio BCV,Economía,Banco Central de Venezuela,https://www.bcv.org.ve/sites/default/files/indicadores_sector_externo/2_1_1_tdc.xlsx,Diaria,2021-12-07,2021-12-07,2021,4.6333,Bs/USD
tipo_cambio_bcv_usd,Tipo de cambio BCV,Economía,Banco Central de Venezuela,https://www.bcv.org.ve/sites/default/files/indicadores_sector_externo/2_1_1_tdc.xlsx,Diaria,2021-12-08,2021-12-08,2021,4.6282,Bs/USD
tipo_cambio_bcv_usd,Tipo de cambio BCV,Economía,Banco Central de Venezuela,https://www.bcv.org.ve/sites/default/files/indicadores_sector_externo/2_1_1_tdc.xlsx,Diaria,2021-12-09,2021-12-09,2021,4.6379,Bs/USD
tipo_cambio_bcv_usd,Tipo de cambio BCV,Economía,Banco Central de Venezuela,https://www.bcv.org.ve/sites/default/files/indicadores_sector_externo/2_1_1_tdc.xlsx,Diaria,2021-12-10,2021-12-10,2021,4.6353,Bs/USD
tipo_cambio_bcv_usd,Tipo de cambio BCV,Economía,Banco Central de Venezuela,https://www.bcv.org.ve/sites/default/files/indicadores_sector_externo/2_1_1_tdc.xlsx,Diaria,2021-12-14,2021-12-14,2021,4.6382,Bs/USD
tipo_cambio_bcv_usd,Tipo de cambio BCV,Economía,Banco Central de Venezuela,https://www.bcv.org.ve/sites/default/files/indicadores_sector_externo/2_1_1_tdc.xlsx,Diaria,2021-12-15,2021-12-15,2021,4.6212,Bs/USD
tipo_cambio_bcv_usd,Tipo de cambio BCV,Economía,Banco Central de Venezuela,https://www.bcv.org.ve/sites/default/files/indicadores_sector_externo/2_1_1_tdc.xlsx,Diaria,2021-12-16,2021-12-16,2021,4.6071,Bs/USD
tipo_cambio_bcv_usd,Tipo de cambio BCV,Economía,Banco Central de Venezuela,https://www.bcv.org.ve/sites/default/files/indicadores_sector_externo/2_1_1_tdc.xlsx,Diaria,2021-12-17,2021-12-17,2021,4.6131,Bs/USD
tipo_cambio_bcv_usd,Tipo de cambio BCV,Economía,Banco Central de Venezuela,https://www.bcv.org.ve/sites/default/files/indicadores_sector_externo/2_1_1_tdc.xlsx,Diaria,2021-12-20,2021-12-20,2021,4.6157,Bs/USD
tipo_cambio_bcv_usd,Tipo de cambio BCV,Economía,Banco Central de Venezuela,https://www.bcv.org.ve/sites/default/files/indicadores_sector_externo/2_1_1_tdc.xlsx,Diaria,2021-12-21,2021-12-21,2021,4.6001,Bs/USD
tipo_cambio_bcv_usd,Tipo de cambio BCV,Economía,Banco Central de Venezuela,https://www.bcv.org.ve/sites/default/files/indicadores_sector_externo/2_1_1_tdc.xlsx,Diaria,2021-12-22,2021-12-22,2021,4.601,Bs/USD
tipo_cambio_bcv_usd,Tipo de cambio BCV,Economía,Banco Central de Venezuela,https://www.bcv.org.ve/sites/default/files/indicadores_sector_externo/2_1_1_tdc.xlsx,Diaria,2021-12-23,2021-12-23,2021,4.5829,Bs/USD
tipo_cambio_bcv_usd,Tipo de cambio BCV,Economía,Banco Central de Venezuela,https://www.bcv.org.ve/sites/default/files/indicadores_sector_externo/2_1_1_tdc.xlsx,Diaria,2021-12-27,2021-12-27,2021,4.5839,Bs/USD
tipo_cambio_bcv_usd,Tipo de cambio BCV,Economía,Banco Central de Venezuela,https://www.bcv.org.ve/sites/default/files/indicadores_sector_externo/2_1_1_tdc.xlsx,Diaria,2021-12-28,2021-12-28,2021,4.5702,Bs/USD
tipo_cambio_bcv_usd,Tipo de cambio BCV,Economía,Banco Central de Venezuela,https://www.bcv.org.ve/sites/default/files/indicadores_sector_externo/2_1_1_tdc.xlsx,Diaria,2021-12-29,2021-12-29,2021,4.5786,Bs/USD
tipo_cambio_bcv_usd,Tipo de cambio BCV,Economía,Banco Central de Venezuela,https://www.bcv.org.ve/sites/default/files/indicadores_sector_externo/2_1_1_tdc.xlsx,Diaria,2021-12-30,2021-12-30,2021,4.5897,Bs/USD
tipo_cambio_bcv_usd,Tipo de cambio BCV,Economía,Banco Central de Venezuela,https://www.bcv.org.ve/sites/default/files/indicadores_sector_externo/2_1_1_tdc.xlsx,Diaria,2022-01-03,2022-01-03,2022,4.5972,Bs/USD
tipo_cambio_bcv_usd,Tipo de cambio BCV,Economía,Banco Central de Venezuela,https://www.bcv.org.ve/sites/default/files/indicadores_sector_externo/2_1_1_tdc.xlsx,Diaria,2022-01-04,2022-01-04,2022,4.5877,Bs/USD
tipo_cambio_bcv_usd,Tipo de cambio BCV,Economía,Banco Central de Venezuela,https://www.bcv.org.ve/sites/default/files/indicadores_sector_externo/2_1_1_tdc.xlsx,Diaria,2022-01-05,2022-01-05,2022,4.6039,Bs/USD
tipo_cambio_bcv_usd,Tipo de cambio BCV,Economía,Banco Central de Venezuela,https://www.bcv.org.ve/sites/default/files/indicadores_sector_externo/2_1_1_tdc.xlsx,Diaria,2022-01-06,2022-01-06,2022,4.6001,Bs/USD
tipo_cambio_bcv_usd,Tipo de cambio BCV,Economía,Banco Central de Venezuela,https://www.bcv.org.ve/sites/default/files/indicadores_sector_externo/2_1_1_tdc.xlsx,Diaria,2022-01-07,2022-01-07,2022,4.6221,Bs/USD
tipo_cambio_bcv_usd,Tipo de cambio BCV,Economía,Banco Central de Venezuela,https://www.bcv.org.ve/sites/default/files/indicadores_sector_externo/2_1_1_tdc.xlsx,Diaria,2022-01-11,2022-01-11,2022,4.6365,Bs/USD
tipo_cambio_bcv_usd,Tipo de cambio BCV,Economía,Banco Central de Venezuela,https://www.bcv.org.ve/sites/default/files/indicadores_sector_externo/2_1_1_tdc.xlsx,Diaria,2022-01-12,2022-01-12,2022,4.6443,Bs/USD
tipo_cambio_bcv_usd,Tipo de cambio BCV,Economía,Banco Central de Venezuela,https://www.bcv.org.ve/sites/default/files/indicadores_sector_externo/2_1_1_tdc.xlsx,Diaria,2022-01-13,2022-01-13,2022,4.638,Bs/USD
tipo_cambio_bcv_usd,Tipo de cambio BCV,Economía,Banco Central de Venezuela,https://www.bcv.org.ve/sites/default/files/indicadores_sector_externo/2_1_1_tdc.xlsx,Diaria,2022-01-14,2022-01-14,2022,4.6359,Bs/USD
tipo_cambio_bcv_usd,Tipo de cambio BCV,Economía,Banco Central de Venezuela,https://www.bcv.org.ve/sites/default/files/indicadores_sector_externo/2_1_1_tdc.xlsx,Diaria,2022-01-18,2022-01-18,2022,4.6316,Bs/USD
tipo_cambio_bcv_usd,Tipo de cambio BCV,Economía,Banco Central de Venezuela,https://www.bcv.org.ve/sites/default/files/indicadores_sector_externo/2_1_1_tdc.xlsx,Diaria,2022-01-19,2022-01-19,2022,4.6294,Bs/USD
tipo_cambio_bcv_usd,Tipo de cambio BCV,Economía,Banco Central de Venezuela,https://www.bcv.org.ve/sites/default/files/indicadores_sector_externo/2_1_1_tdc.xlsx,Diaria,2022-01-20,2022-01-20,2022,4.6365,Bs/USD
tipo_cambio_bcv_usd,Tipo de cambio BCV,Economía,Banco Central de Venezuela,https://www.bcv.org.ve/sites/default/files/indicadores_sector_externo/2_1_1_tdc.xlsx,Diaria,2022-01-21,2022-01-21,2022,4.6155,Bs/USD
tipo_cambio_bcv_usd,Tipo de cambio BCV,Economía,Banco Central de Venezuela,https://www.bcv.org.ve/sites/default/files/indicadores_sector_externo/2_1_1_tdc.xlsx,Diaria,2022-01-24,2022-01-24,2022,4.607,Bs/USD
tipo_cambio_bcv_usd,Tipo de cambio BCV,Economía,Banco Central de Venezuela,https://www.bcv.org.ve/sites/default/files/indicadores_sector_externo/2_1_1_tdc.xlsx,Diaria,2022-01-25,2022-01-25,2022,4.588,Bs/USD
tipo_cambio_bcv_usd,Tipo de cambio BCV,Economía,Banco Central de Venezuela,https://www.bcv.org.ve/sites/default/files/indicadores_sector_externo/2_1_1_tdc.xlsx,Diaria,2022-01-26,2022-01-26,2022,4.5911,Bs/USD
tipo_cambio_bcv_usd,Tipo de cambio BCV,Economía,Banco Central de Venezuela,https://www.bcv.org.ve/sites/default/files/indicadores_sector_externo/2_1_1_tdc.xlsx,Diaria,2022-01-27,2022-01-27,2022,4.5837,Bs/USD
tipo_cambio_bcv_usd,Tipo de cambio BCV,Economía,Banco Central de Venezuela,https://www.bcv.org.ve/sites/default/files/indicadores_sector_externo/2_1_1_tdc.xlsx,Diaria,2022-01-28,2022-01-28,2022,4.5756,Bs/USD
tipo_cambio_bcv_usd,Tipo de cambio BCV,Economía,Banco Central de Venezuela,https://www.bcv.org.ve/sites/default/files/indicadores_sector_externo/2_1_1_tdc.xlsx,Diaria,2022-01-31,2022-01-31,2022,4.5492,Bs/USD
tipo_cambio_bcv_usd,Tipo de cambio BCV,Economía,Banco Central de Venezuela,https://www.bcv.org.ve/sites/default/files/indicadores_sector_externo/2_1_1_tdc.xlsx,Diaria,2022-02-01,2022-02-01,2022,4.5376,Bs/USD
tipo_cambio_bcv_usd,Tipo de cambio BCV,Economía,Banco Central de Venezuela,https://www.bcv.org.ve/sites/default/files/indicadores_sector_externo/2_1_1_tdc.xlsx,Diaria,2022-02-02,2022-02-02,2022,4.5275,Bs/USD
tipo_cambio_bcv_usd,Tipo de cambio BCV,Economía,Banco Central de Venezuela,https://www.bcv.org.ve/sites/default/files/indicadores_sector_externo/2_1_1_tdc.xlsx,Diaria,2022-02-03,2022-02-03,2022,4.5248,Bs/USD
tipo_cambio_bcv_usd,Tipo de cambio BCV,Economía,Banco Central de Venezuela,https://www.bcv.org.ve/sites/default/files/indicadores_sector_externo/2_1_1_tdc.xlsx,Diaria,2022-02-04,2022-02-04,2022,4.5263,Bs/USD
tipo_cambio_bcv_usd,Tipo de cambio BCV,Economía,Banco Central de Venezuela,https://www.bcv.org.ve/sites/default/files/indicadores_sector_externo/2_1_1_tdc.xlsx,Diaria,2022-02-07,2022-02-07,2022,4.5219,Bs/USD
tipo_cambio_bcv_usd,Tipo de cambio BCV,Economía,Banco Central de Venezuela,https://www.bcv.org.ve/sites/default/files/indicadores_sector_externo/2_1_1_tdc.xlsx,Diaria,2022-02-08,2022-02-08,2022,4.5068,Bs/USD
tipo_cambio_bcv_usd,Tipo de cambio BCV,Economía,Banco Central de Venezuela,https://www.bcv.org.ve/sites/default/files/indicadores_sector_externo/2_1_1_tdc.xlsx,Diaria,2022-02-09,2022-02-09,2022,4.4942,Bs/USD
tipo_cambio_bcv_usd,Tipo de cambio BCV,Economía,Banco Central de Venezuela,https://www.bcv.org.ve/sites/default/files/indicadores_sector_externo/2_1_1_tdc.xlsx,Diaria,2022-02-10,2022-02-10,2022,4.4907,Bs/USD
tipo_cambio_bcv_usd,Tipo de cambio BCV,Economía,Banco Central de Venezuela,https://www.bcv.org.ve/sites/default/files/indicadores_sector_externo/2_1_1_tdc.xlsx,Diaria,2022-02-11,2022-02-11,2022,4.4652,Bs/USD
tipo_cambio_bcv_usd,Tipo de cambio BCV,Economía,Banco Central de Venezuela,https://www.bcv.org.ve/sites/default/files/indicadores_sector_externo/2_1_1_tdc.xlsx,Diaria,2022-02-14,2022-02-14,2022,4.4637,Bs/USD
tipo_cambio_bcv_usd,Tipo de cambio BCV,Economía,Banco Central de Venezuela,https://www.bcv.org.ve/sites/default/files/indicadores_sector_externo/2_1_1_tdc.xlsx,Diaria,2022-02-15,2022-02-15,2022,4.441,Bs/USD
tipo_cambio_bcv_usd,Tipo de cambio BCV,Economía,Banco Central de Venezuela,https://www.bcv.org.ve/sites/default/files/indicadores_sector_externo/2_1_1_tdc.xlsx,Diaria,2022-02-16,2022-02-16,2022,4.4412,Bs/USD
tipo_cambio_bcv_usd,Tipo de cambio BCV,Economía,Banco Central de Venezuela,https://www.bcv.org.ve/sites/default/files/indicadores_sector_externo/2_1_1_tdc.xlsx,Diaria,2022-02-17,2022-02-17,2022,4.4369,Bs/USD
tipo_cambio_bcv_usd,Tipo de cambio BCV,Economía,Banco Central de Venezuela,https://www.bcv.org.ve/sites/default/files/indicadores_sector_externo/2_1_1_tdc.xlsx,Diaria,2022-02-18,2022-02-18,2022,4.4032,Bs/USD
tipo_cambio_bcv_usd,Tipo de cambio BCV,Economía,Banco Central de Venezuela,https://www.bcv.org.ve/sites/default/files/indicadores_sector_externo/2_1_1_tdc.xlsx,Diaria,2022-02-21,2022-02-21,2022,4.4208,Bs/USD
tipo_cambio_bcv_usd,Tipo de cambio BCV,Economía,Banco Central de Venezuela,https://www.bcv.org.ve/sites/default/files/indicadores_sector_externo/2_1_1_tdc.xlsx,Diaria,2022-02-22,2022-02-22,2022,4.4078,Bs/USD
tipo_cambio_bcv_usd,Tipo de cambio BCV,Economía,Banco Central de Venezuela,https://www.bcv.org.ve/sites/default/files/indicadores_sector_externo/2_1_1_tdc.xlsx,Diaria,2022-02-23,2022-02-23,2022,4.3427,Bs/USD
tipo_cambio_bcv_usd,Tipo de cambio BCV,Economía,Banco Central de Venezuela,https://www.bcv.org.ve/sites/default/files/indicadores_sector_externo/2_1_1_tdc.xlsx,Diaria,2022-02-24,2022-02-24,2022,4.3879,Bs/USD
tipo_cambio_bcv_usd,Tipo de cambio BCV,Economía,Banco Central de Venezuela,https://www.bcv.org.ve/sites/default/files/indicadores_sector_externo/2_1_1_tdc.xlsx,Diaria,2022-02-25,2022-02-25,2022,4.3805,Bs/USD
tipo_cambio_bcv_usd,Tipo de cambio BCV,Economía,Banco Central de Venezuela,https://www.bcv.org.ve/sites/default/files/indicadores_sector_externo/2_1_1_tdc.xlsx,Diaria,2022-03-02,2022-03-02,2022,4.3859,Bs/USD
tipo_cambio_bcv_usd,Tipo de cambio BCV,Economía,Banco Central de Venezuela,https://www.bcv.org.ve/sites/default/files/indicadores_sector_externo/2_1_1_tdc.xlsx,Diaria,2022-03-03,2022-03-03,2022,4.3677,Bs/USD
tipo_cambio_bcv_usd,Tipo de cambio BCV,Economía,Banco Central de Venezuela,https://www.bcv.org.ve/sites/default/files/indicadores_sector_externo/2_1_1_tdc.xlsx,Diaria,2022-03-04,2022-03-04,2022,4.3684,Bs/USD
tipo_cambio_bcv_usd,Tipo de cambio BCV,Economía,Banco Central de Venezuela,https://www.bcv.org.ve/sites/default/files/indicadores_sector_externo/2_1_1_tdc.xlsx,Diaria,2022-03-07,2022-03-07,2022,4.3266,Bs/USD
tipo_cambio_bcv_usd,Tipo de cambio BCV,Economía,Banco Central de Venezuela,https://www.bcv.org.ve/sites/default/files/indicadores_sector_externo/2_1_1_tdc.xlsx,Diaria,2022-03-08,2022-03-08,2022,4.3302,Bs/USD
tipo_cambio_bcv_usd,Tipo de cambio BCV,Economía,Banco Central de Venezuela,https://www.bcv.org.ve/sites/default/files/indicadores_sector_externo/2_1_1_tdc.xlsx,Diaria,2022-03-09,2022-03-09,2022,4.332,Bs/USD
tipo_cambio_bcv_usd,Tipo de cambio BCV,Economía,Banco Central de Venezuela,https://www.bcv.org.ve/sites/default/files/indicadores_sector_externo/2_1_1_tdc.xlsx,Diaria,2022-03-10,2022-03-10,2022,4.3277,Bs/USD
tipo_cambio_bcv_usd,Tipo de cambio BCV,Economía,Banco Central de Venezuela,https://www.bcv.org.ve/sites/default/files/indicadores_sector_externo/2_1_1_tdc.xlsx,Diaria,2022-03-11,2022-03-11,2022,4.3304,Bs/USD
tipo_cambio_bcv_usd,Tipo de cambio BCV,Economía,Banco Central de Venezuela,https://www.bcv.org.ve/sites/default/files/indicadores_sector_externo/2_1_1_tdc.xlsx,Diaria,2022-03-14,2022-03-14,2022,4.2233,Bs/USD
tipo_cambio_bcv_usd,Tipo de cambio BCV,Economía,Banco Central de Venezuela,https://www.bcv.org.ve/sites/default/files/indicadores_sector_externo/2_1_1_tdc.xlsx,Diaria,2022-03-15,2022-03-15,2022,4.2423,Bs/USD
tipo_cambio_bcv_usd,Tipo de cambio BCV,Economía,Banco Central de Venezuela,https://www.bcv.org.ve/sites/default/files/indicadores_sector_externo/2_1_1_tdc.xlsx,Diaria,2022-03-16,2022-03-16,2022,4.2697,Bs/USD
tipo_cambio_bcv_usd,Tipo de cambio BCV,Economía,Banco Central de Venezuela,https://www.bcv.org.ve/sites/default/files/indicadores_sector_externo/2_1_1_tdc.xlsx,Diaria,2022-03-17,2022-03-17,2022,4.2904,Bs/USD
tipo_cambio_bcv_usd,Tipo de cambio BCV,Economía,Banco Central de Venezuela,https://www.bcv.org.ve/sites/default/files/indicadores_sector_externo/2_1_1_tdc.xlsx,Diaria,2022-03-18,2022-03-18,2022,4.295,Bs/USD
tipo_cambio_bcv_usd,Tipo de cambio BCV,Economía,Banco Central de Venezuela,https://www.bcv.org.ve/sites/default/files/indicadores_sector_externo/2_1_1_tdc.xlsx,Diaria,2022-03-21,2022-03-21,2022,4.3088,Bs/USD
tipo_cambio_bcv_usd,Tipo de cambio BCV,Economía,Banco Central de Venezuela,https://www.bcv.org.ve/sites/default/files/indicadores_sector_externo/2_1_1_tdc.xlsx,Diaria,2022-03-22,2022-03-22,2022,4.298,Bs/USD
tipo_cambio_bcv_usd,Tipo de cambio BCV,Economía,Banco Central de Venezuela,https://www.bcv.org.ve/sites/default/files/indicadores_sector_externo/2_1_1_tdc.xlsx,Diaria,2022-03-23,2022-03-23,2022,4.3091,Bs/USD
tipo_cambio_bcv_usd,Tipo de cambio BCV,Economía,Banco Central de Venezuela,https://www.bcv.org.ve/sites/default/files/indicadores_sector_externo/2_1_1_tdc.xlsx,Diaria,2022-03-24,2022-03-24,2022,4.3269,Bs/USD
tipo_cambio_bcv_usd,Tipo de cambio BCV,Economía,Banco Central de Venezuela,https://www.bcv.org.ve/sites/default/files/indicadores_sector_externo/2_1_1_tdc.xlsx,Diaria,2022-03-25,2022-03-25,2022,4.3419,Bs/USD
tipo_cambio_bcv_usd,Tipo de cambio BCV,Economía,Banco Central de Venezuela,https://www.bcv.org.ve/sites/default/files/indicadores_sector_externo/2_1_1_tdc.xlsx,Diaria,2022-03-28,2022-03-28,2022,4.3642,Bs/USD
tipo_cambio_bcv_usd,Tipo de cambio BCV,Economía,Banco Central de Venezuela,https://www.bcv.org.ve/sites/default/files/indicadores_sector_externo/2_1_1_tdc.xlsx,Diaria,2022-03-29,2022-03-29,2022,4.3693,Bs/USD
tipo_cambio_bcv_usd,Tipo de cambio BCV,Economía,Banco Central de Venezuela,https://www.bcv.org.ve/sites/default/files/indicadores_sector_externo/2_1_1_tdc.xlsx,Diaria,2022-03-30,2022-03-30,2022,4.3698,Bs/USD
tipo_cambio_bcv_usd,Tipo de cambio BCV,Economía,Banco Central de Venezuela,https://www.bcv.org.ve/sites/default/files/indicadores_sector_externo/2_1_1_tdc.xlsx,Diaria,2022-03-31,2022-03-31,2022,4.3771,Bs/USD
tipo_cambio_bcv_usd,Tipo de cambio BCV,Economía,Banco Central de Venezuela,https://www.bcv.org.ve/sites/default/files/indicadores_sector_externo/2_1_1_tdc.xlsx,Diaria,2022-04-01,2022-04-01,2022,4.3805,Bs/USD
tipo_cambio_bcv_usd,Tipo de cambio BCV,Economía,Banco Central de Venezuela,https://www.bcv.org.ve/sites/default/files/indicadores_sector_externo/2_1_1_tdc.xlsx,Diaria,2022-04-04,2022-04-04,2022,4.4082,Bs/USD
tipo_cambio_bcv_usd,Tipo de cambio BCV,Economía,Banco Central de Venezuela,https://www.bcv.org.ve/sites/default/files/indicadores_sector_externo/2_1_1_tdc.xlsx,Diaria,2022-04-05,2022-04-05,2022,4.4125,Bs/USD
tipo_cambio_bcv_usd,Tipo de cambio BCV,Economía,Banco Central de Venezuela,https://www.bcv.org.ve/sites/default/files/indicadores_sector_externo/2_1_1_tdc.xlsx,Diaria,2022-04-06,2022-04-06,2022,4.4188,Bs/USD
tipo_cambio_bcv_usd,Tipo de cambio BCV,Economía,Banco Central de Venezuela,https://www.bcv.org.ve/sites/default/files/indicadores_sector_externo/2_1_1_tdc.xlsx,Diaria,2022-04-07,2022-04-07,2022,4.4124,Bs/USD
tipo_cambio_bcv_usd,Tipo de cambio BCV,Economía,Banco Central de Venezuela,https://www.bcv.org.ve/sites/default/files/indicadores_sector_externo/2_1_1_tdc.xlsx,Diaria,2022-04-08,2022-04-08,2022,4.4189,Bs/USD
tipo_cambio_bcv_usd,Tipo de cambio BCV,Economía,Banco Central de Venezuela,https://www.bcv.org.ve/sites/default/files/indicadores_sector_externo/2_1_1_tdc.xlsx,Diaria,2022-04-11,2022-04-11,2022,4.4222,Bs/USD
tipo_cambio_bcv_usd,Tipo de cambio BCV,Economía,Banco Central de Venezuela,https://www.bcv.org.ve/sites/default/files/indicadores_sector_externo/2_1_1_tdc.xlsx,Diaria,2022-04-12,2022-04-12,2022,4.4248,Bs/USD
tipo_cambio_bcv_usd,Tipo de cambio BCV,Economía,Banco Central de Venezuela,https://www.bcv.org.ve/sites/default/files/indicadores_sector_externo/2_1_1_tdc.xlsx,Diaria,2022-04-13,2022-04-13,2022,4.4349,Bs/USD
tipo_cambio_bcv_usd,Tipo de cambio BCV,Economía,Banco Central de Venezuela,https://www.bcv.org.ve/sites/default/files/indicadores_sector_externo/2_1_1_tdc.xlsx,Diaria,2022-04-18,2022-04-18,2022,4.4374,Bs/USD
tipo_cambio_bcv_usd,Tipo de cambio BCV,Economía,Banco Central de Venezuela,https://www.bcv.org.ve/sites/default/files/indicadores_sector_externo/2_1_1_tdc.xlsx,Diaria,2022-04-20,2022-04-20,2022,4.4442,Bs/USD
tipo_cambio_bcv_usd,Tipo de cambio BCV,Economía,Banco Central de Venezuela,https://www.bcv.org.ve/sites/default/files/indicadores_sector_externo/2_1_1_tdc.xlsx,Diaria,2022-04-21,2022-04-21,2022,4.4449,Bs/USD
tipo_cambio_bcv_usd,Tipo de cambio BCV,Economía,Banco Central de Venezuela,https://www.bcv.org.ve/sites/default/files/indicadores_sector_externo/2_1_1_tdc.xlsx,Diaria,2022-04-22,2022-04-22,2022,4.4378,Bs/USD
tipo_cambio_bcv_usd,Tipo de cambio BCV,Economía,Banco Central de Venezuela,https://www.bcv.org.ve/sites/default/files/indicadores_sector_externo/2_1_1_tdc.xlsx,Diaria,2022-04-25,2022-04-25,2022,4.4375,Bs/USD
tipo_cambio_bcv_usd,Tipo de cambio BCV,Economía,Banco Central de Venezuela,https://www.bcv.org.ve/sites/default/files/indicadores_sector_externo/2_1_1_tdc.xlsx,Diaria,2022-04-26,2022-04-26,2022,4.4389,Bs/USD
tipo_cambio_bcv_usd,Tipo de cambio BCV,Economía,Banco Central de Venezuela,https://www.bcv.org.ve/sites/default/files/indicadores_sector_externo/2_1_1_tdc.xlsx,Diaria,2022-04-27,2022-04-27,2022,4.449,Bs/USD
tipo_cambio_bcv_usd,Tipo de cambio BCV,Economía,Banco Central de Venezuela,https://www.bcv.org.ve/sites/default/files/indicadores_sector_externo/2_1_1_tdc.xlsx,Diaria,2022-04-28,2022-04-28,2022,4.4664,Bs/USD
tipo_cambio_bcv_usd,Tipo de cambio BCV,Economía,Banco Central de Venezuela,https://www.bcv.org.ve/sites/default/files/indicadores_sector_externo/2_1_1_tdc.xlsx,Diaria,2022-04-29,2022-04-29,2022,4.4867,Bs/USD
tipo_cambio_bcv_usd,Tipo de cambio BCV,Economía,Banco Central de Venezuela,https://www.bcv.org.ve/sites/default/files/indicadores_sector_externo/2_1_1_tdc.xlsx,Diaria,2022-05-02,2022-05-02,2022,4.4965,Bs/USD
tipo_cambio_bcv_usd,Tipo de cambio BCV,Economía,Banco Central de Venezuela,https://www.bcv.org.ve/sites/default/files/indicadores_sector_externo/2_1_1_tdc.xlsx,Diaria,2022-05-03,2022-05-03,2022,4.5071,Bs/USD
tipo_cambio_bcv_usd,Tipo de cambio BCV,Economía,Banco Central de Venezuela,https://www.bcv.org.ve/sites/default/files/indicadores_sector_externo/2_1_1_tdc.xlsx,Diaria,2022-05-04,2022-05-04,2022,4.5227,Bs/USD
tipo_cambio_bcv_usd,Tipo de cambio BCV,Economía,Banco Central de Venezuela,https://www.bcv.org.ve/sites/default/files/indicadores_sector_externo/2_1_1_tdc.xlsx,Diaria,2022-05-05,2022-05-05,2022,4.5473,Bs/USD
tipo_cambio_bcv_usd,Tipo de cambio BCV,Economía,Banco Central de Venezuela,https://www.bcv.org.ve/sites/default/files/indicadores_sector_externo/2_1_1_tdc.xlsx,Diaria,2022-05-06,2022-05-06,2022,4.5605,Bs/USD
tipo_cambio_bcv_usd,Tipo de cambio BCV,Economía,Banco Central de Venezuela,https://www.bcv.org.ve/sites/default/files/indicadores_sector_externo/2_1_1_tdc.xlsx,Diaria,2022-05-09,2022-05-09,2022,4.5763,Bs/USD
tipo_cambio_bcv_usd,Tipo de cambio BCV,Economía,Banco Central de Venezuela,https://www.bcv.org.ve/sites/default/files/indicadores_sector_externo/2_1_1_tdc.xlsx,Diaria,2022-05-10,2022-05-10,2022,4.5842,Bs/USD
tipo_cambio_bcv_usd,Tipo de cambio BCV,Economía,Banco Central de Venezuela,https://www.bcv.org.ve/sites/default/files/indicadores_sector_externo/2_1_1_tdc.xlsx,Diaria,2022-05-11,2022-05-11,2022,4.6068,Bs/USD
tipo_cambio_bcv_usd,Tipo de cambio BCV,Economía,Banco Central de Venezuela,https://www.bcv.org.ve/sites/default/files/indicadores_sector_externo/2_1_1_tdc.xlsx,Diaria,2022-05-12,2022-05-12,2022,4.6432,Bs/USD
tipo_cambio_bcv_usd,Tipo de cambio BCV,Economía,Banco Central de Venezuela,https://www.bcv.org.ve/sites/default/files/indicadores_sector_externo/2_1_1_tdc.xlsx,Diaria,2022-05-13,2022-05-13,2022,4.718,Bs/USD
tipo_cambio_bcv_usd,Tipo de cambio BCV,Economía,Banco Central de Venezuela,https://www.bcv.org.ve/sites/default/files/indicadores_sector_externo/2_1_1_tdc.xlsx,Diaria,2022-05-16,2022-05-16,2022,4.7705,Bs/USD
tipo_cambio_bcv_usd,Tipo de cambio BCV,Economía,Banco Central de Venezuela,https://www.bcv.org.ve/sites/default/files/indicadores_sector_externo/2_1_1_tdc.xlsx,Diaria,2022-05-17,2022-05-17,2022,4.7848,Bs/USD
tipo_cambio_bcv_usd,Tipo de cambio BCV,Economía,Banco Central de Venezuela,https://www.bcv.org.ve/sites/default/files/indicadores_sector_externo/2_1_1_tdc.xlsx,Diaria,2022-05-18,2022-05-18,2022,4.8048,Bs/USD
tipo_cambio_bcv_usd,Tipo de cambio BCV,Economía,Banco Central de Venezuela,https://www.bcv.org.ve/sites/default/files/indicadores_sector_externo/2_1_1_tdc.xlsx,Diaria,2022-05-19,2022-05-19,2022,4.8317,Bs/USD
tipo_cambio_bcv_usd,Tipo de cambio BCV,Economía,Banco Central de Venezuela,https://www.bcv.org.ve/sites/default/files/indicadores_sector_externo/2_1_1_tdc.xlsx,Diaria,2022-05-20,2022-05-20,2022,4.8952,Bs/USD
tipo_cambio_bcv_usd,Tipo de cambio BCV,Economía,Banco Central de Venezuela,https://www.bcv.org.ve/sites/default/files/indicadores_sector_externo/2_1_1_tdc.xlsx,Diaria,2022-05-23,2022-05-23,2022,4.9453,Bs/USD
tipo_cambio_bcv_usd,Tipo de cambio BCV,Economía,Banco Central de Venezuela,https://www.bcv.org.ve/sites/default/files/indicadores_sector_externo/2_1_1_tdc.xlsx,Diaria,2022-05-24,2022-05-24,2022,4.9368,Bs/USD
tipo_cambio_bcv_usd,Tipo de cambio BCV,Economía,Banco Central de Venezuela,https://www.bcv.org.ve/sites/default/files/indicadores_sector_externo/2_1_1_tdc.xlsx,Diaria,2022-05-25,2022-05-25,2022,4.9585,Bs/USD
tipo_cambio_bcv_usd,Tipo de cambio BCV,Economía,Banco Central de Venezuela,https://www.bcv.org.ve/sites/default/files/indicadores_sector_externo/2_1_1_tdc.xlsx,Diaria,2022-05-26,2022-05-26,2022,5.0128,Bs/USD
tipo_cambio_bcv_usd,Tipo de cambio BCV,Economía,Banco Central de Venezuela,https://www.bcv.org.ve/sites/default/files/indicadores_sector_externo/2_1_1_tdc.xlsx,Diaria,2022-05-27,2022-05-27,2022,5.0277,Bs/USD
tipo_cambio_bcv_usd,Tipo de cambio BCV,Economía,Banco Central de Venezuela,https://www.bcv.org.ve/sites/default/files/indicadores_sector_externo/2_1_1_tdc.xlsx,Diaria,2022-05-31,2022-05-31,2022,5.0668,Bs/USD
tipo_cambio_bcv_usd,Tipo de cambio BCV,Economía,Banco Central de Venezuela,https://www.bcv.org.ve/sites/default/files/indicadores_sector_externo/2_1_1_tdc.xlsx,Diaria,2022-06-01,2022-06-01,2022,5.0649,Bs/USD
tipo_cambio_bcv_usd,Tipo de cambio BCV,Economía,Banco Central de Venezuela,https://www.bcv.org.ve/sites/default/files/indicadores_sector_externo/2_1_1_tdc.xlsx,Diaria,2022-06-02,2022-06-02,2022,5.0906,Bs/USD
tipo_cambio_bcv_usd,Tipo de cambio BCV,Economía,Banco Central de Venezuela,https://www.bcv.org.ve/sites/default/files/indicadores_sector_externo/2_1_1_tdc.xlsx,Diaria,2022-06-03,2022-06-03,2022,5.1208,Bs/USD
tipo_cambio_bcv_usd,Tipo de cambio BCV,Economía,Banco Central de Venezuela,https://www.bcv.org.ve/sites/default/files/indicadores_sector_externo/2_1_1_tdc.xlsx,Diaria,2022-06-06,2022-06-06,2022,5.1513,Bs/USD
tipo_cambio_bcv_usd,Tipo de cambio BCV,Economía,Banco Central de Venezuela,https://www.bcv.org.ve/sites/default/files/indicadores_sector_externo/2_1_1_tdc.xlsx,Diaria,2022-06-07,2022-06-07,2022,5.1539,Bs/USD
tipo_cambio_bcv_usd,Tipo de cambio BCV,Economía,Banco Central de Venezuela,https://www.bcv.org.ve/sites/default/files/indicadores_sector_externo/2_1_1_tdc.xlsx,Diaria,2022-06-08,2022-06-08,2022,5.1611,Bs/USD
tipo_cambio_bcv_usd,Tipo de cambio BCV,Economía,Banco Central de Venezuela,https://www.bcv.org.ve/sites/default/files/indicadores_sector_externo/2_1_1_tdc.xlsx,Diaria,2022-06-09,2022-06-09,2022,5.198,Bs/USD
tipo_cambio_bcv_usd,Tipo de cambio BCV,Economía,Banco Central de Venezuela,https://www.bcv.org.ve/sites/default/files/indicadores_sector_externo/2_1_1_tdc.xlsx,Diaria,2022-06-10,2022-06-10,2022,5.2534,Bs/USD
tipo_cambio_bcv_usd,Tipo de cambio BCV,Economía,Banco Central de Venezuela,https://www.bcv.org.ve/sites/default/files/indicadores_sector_externo/2_1_1_tdc.xlsx,Diaria,2022-06-14,2022-06-14,2022,5.3106,Bs/USD
tipo_cambio_bcv_usd,Tipo de cambio BCV,Economía,Banco Central de Venezuela,https://www.bcv.org.ve/sites/default/files/indicadores_sector_externo/2_1_1_tdc.xlsx,Diaria,2022-06-15,2022-06-15,2022,5.311,Bs/USD
tipo_cambio_bcv_usd,Tipo de cambio BCV,Economía,Banco Central de Venezuela,https://www.bcv.org.ve/sites/default/files/indicadores_sector_externo/2_1_1_tdc.xlsx,Diaria,2022-06-16,2022-06-16,2022,5.3642,Bs/USD
tipo_cambio_bcv_usd,Tipo de cambio BCV,Economía,Banco Central de Venezuela,https://www.bcv.org.ve/sites/default/files/indicadores_sector_externo/2_1_1_tdc.xlsx,Diaria,2022-06-17,2022-06-17,2022,5.4209,Bs/USD
tipo_cambio_bcv_usd,Tipo de cambio BCV,Economía,Banco Central de Venezuela,https://www.bcv.org.ve/sites/default/files/indicadores_sector_externo/2_1_1_tdc.xlsx,Diaria,2022-06-21,2022-06-21,2022,5.4663,Bs/USD
tipo_cambio_bcv_usd,Tipo de cambio BCV,Economía,Banco Central de Venezuela,https://www.bcv.org.ve/sites/default/files/indicadores_sector_externo/2_1_1_tdc.xlsx,Diaria,2022-06-22,2022-06-22,2022,5.4572,Bs/USD
tipo_cambio_bcv_usd,Tipo de cambio BCV,Economía,Banco Central de Venezuela,https://www.bcv.org.ve/sites/default/files/indicadores_sector_externo/2_1_1_tdc.xlsx,Diaria,2022-06-23,2022-06-23,2022,5.4701,Bs/USD
tipo_cambio_bcv_usd,Tipo de cambio BCV,Economía,Banco Central de Venezuela,https://www.bcv.org.ve/sites/default/files/indicadores_sector_externo/2_1_1_tdc.xlsx,Diaria,2022-06-27,2022-06-27,2022,5.5077,Bs/USD
tipo_cambio_bcv_usd,Tipo de cambio BCV,Economía,Banco Central de Venezuela,https://www.bcv.org.ve/sites/default/files/indicadores_sector_externo/2_1_1_tdc.xlsx,Diaria,2022-06-28,2022-06-28,2022,5.4784,Bs/USD
tipo_cambio_bcv_usd,Tipo de cambio BCV,Economía,Banco Central de Venezuela,https://www.bcv.org.ve/sites/default/files/indicadores_sector_externo/2_1_1_tdc.xlsx,Diaria,2022-06-29,2022-06-29,2022,5.5131,Bs/USD
tipo_cambio_bcv_usd,Tipo de cambio BCV,Economía,Banco Central de Venezuela,https://www.bcv.org.ve/sites/default/files/indicadores_sector_externo/2_1_1_tdc.xlsx,Diaria,2022-06-30,2022-06-30,2022,5.5346,Bs/USD
tipo_cambio_bcv_usd,Tipo de cambio BCV,Economía,Banco Central de Venezuela,https://www.bcv.org.ve/sites/default/files/indicadores_sector_externo/2_1_1_tdc.xlsx,Diaria,2022-07-01,2022-07-01,2022,5.5369,Bs/USD
tipo_cambio_bcv_usd,Tipo de cambio BCV,Economía,Banco Central de Venezuela,https://www.bcv.org.ve/sites/default/files/indicadores_sector_externo/2_1_1_tdc.xlsx,Diaria,2022-07-06,2022-07-06,2022,5.5552,Bs/USD
tipo_cambio_bcv_usd,Tipo de cambio BCV,Economía,Banco Central de Venezuela,https://www.bcv.org.ve/sites/default/files/indicadores_sector_externo/2_1_1_tdc.xlsx,Diaria,2022-07-07,2022-07-07,2022,5.55,Bs/USD
tipo_cambio_bcv_usd,Tipo de cambio BCV,Economía,Banco Central de Venezuela,https://www.bcv.org.ve/sites/default/files/indicadores_sector_externo/2_1_1_tdc.xlsx,Diaria,2022-07-08,2022-07-08,2022,5.5746,Bs/USD
tipo_cambio_bcv_usd,Tipo de cambio BCV,Economía,Banco Central de Venezuela,https://www.bcv.org.ve/sites/default/files/indicadores_sector_externo/2_1_1_tdc.xlsx,Diaria,2022-07-11,2022-07-11,2022,5.6122,Bs/USD
tipo_cambio_bcv_usd,Tipo de cambio BCV,Economía,Banco Central de Venezuela,https://www.bcv.org.ve/sites/default/files/indicadores_sector_externo/2_1_1_tdc.xlsx,Diaria,2022-07-12,2022-07-12,2022,5.5999,Bs/USD
tipo_cambio_bcv_usd,Tipo de cambio BCV,Economía,Banco Central de Venezuela,https://www.bcv.org.ve/sites/default/files/indicadores_sector_externo/2_1_1_tdc.xlsx,Diaria,2022-07-13,2022-07-13,2022,5.6194,Bs/USD
tipo_cambio_bcv_usd,Tipo de cambio BCV,Economía,Banco Central de Venezuela,https://www.bcv.org.ve/sites/default/files/indicadores_sector_externo/2_1_1_tdc.xlsx,Diaria,2022-07-14,2022-07-14,2022,5.657,Bs/USD
tipo_cambio_bcv_usd,Tipo de cambio BCV,Economía,Banco Central de Venezuela,https://www.bcv.org.ve/sites/default/files/indicadores_sector_externo/2_1_1_tdc.xlsx,Diaria,2022-07-15,2022-07-15,2022,5.6777,Bs/USD
tipo_cambio_bcv_usd,Tipo de cambio BCV,Economía,Banco Central de Venezuela,https://www.bcv.org.ve/sites/default/files/indicadores_sector_externo/2_1_1_tdc.xlsx,Diaria,2022-07-18,2022-07-18,2022,5.699,Bs/USD
tipo_cambio_bcv_usd,Tipo de cambio BCV,Economía,Banco Central de Venezuela,https://www.bcv.org.ve/sites/default/files/indicadores_sector_externo/2_1_1_tdc.xlsx,Diaria,2022-07-19,2022-07-19,2022,5.6803,Bs/USD
tipo_cambio_bcv_usd,Tipo de cambio BCV,Economía,Banco Central de Venezuela,https://www.bcv.org.ve/sites/default/files/indicadores_sector_externo/2_1_1_tdc.xlsx,Diaria,2022-07-20,2022-07-20,2022,5.7012,Bs/USD
tipo_cambio_bcv_usd,Tipo de cambio BCV,Economía,Banco Central de Venezuela,https://www.bcv.org.ve/sites/default/files/indicadores_sector_externo/2_1_1_tdc.xlsx,Diaria,2022-07-21,2022-07-21,2022,5.7285,Bs/USD
tipo_cambio_bcv_usd,Tipo de cambio BCV,Economía,Banco Central de Venezuela,https://www.bcv.org.ve/sites/default/files/indicadores_sector_externo/2_1_1_tdc.xlsx,Diaria,2022-07-22,2022-07-22,2022,5.7311,Bs/USD
tipo_cambio_bcv_usd,Tipo de cambio BCV,Economía,Banco Central de Venezuela,https://www.bcv.org.ve/sites/default/files/indicadores_sector_externo/2_1_1_tdc.xlsx,Diaria,2022-07-25,2022-07-25,2022,5.7327,Bs/USD
tipo_cambio_bcv_usd,Tipo de cambio BCV,Economía,Banco Central de Venezuela,https://www.bcv.org.ve/sites/default/files/indicadores_sector_externo/2_1_1_tdc.xlsx,Diaria,2022-07-26,2022-07-26,2022,5.721,Bs/USD
tipo_cambio_bcv_usd,Tipo de cambio BCV,Economía,Banco Central de Venezuela,https://www.bcv.org.ve/sites/default/files/indicadores_sector_externo/2_1_1_tdc.xlsx,Diaria,2022-07-27,2022-07-27,2022,5.7456,Bs/USD
tipo_cambio_bcv_usd,Tipo de cambio BCV,Economía,Banco Central de Venezuela,https://www.bcv.org.ve/sites/default/files/indicadores_sector_externo/2_1_1_tdc.xlsx,Diaria,2022-07-28,2022-07-28,2022,5.7712,Bs/USD
tipo_cambio_bcv_usd,Tipo de cambio BCV,Economía,Banco Central de Venezuela,https://www.bcv.org.ve/sites/default/files/indicadores_sector_externo/2_1_1_tdc.xlsx,Diaria,2022-07-29,2022-07-29,2022,5.7836,Bs/USD
tipo_cambio_bcv_usd,Tipo de cambio BCV,Economía,Banco Central de Venezuela,https://www.bcv.org.ve/sites/default/files/indicadores_sector_externo/2_1_1_tdc.xlsx,Diaria,2022-08-01,2022-08-01,2022,5.7934,Bs/USD
tipo_cambio_bcv_usd,Tipo de cambio BCV,Economía,Banco Central de Venezuela,https://www.bcv.org.ve/sites/default/files/indicadores_sector_externo/2_1_1_tdc.xlsx,Diaria,2022-08-02,2022-08-02,2022,5.7769,Bs/USD
tipo_cambio_bcv_usd,Tipo de cambio BCV,Economía,Banco Central de Venezuela,https://www.bcv.org.ve/sites/default/files/indicadores_sector_externo/2_1_1_tdc.xlsx,Diaria,2022-08-03,2022-08-03,2022,5.7973,Bs/USD
tipo_cambio_bcv_usd,Tipo de cambio BCV,Economía,Banco Central de Venezuela,https://www.bcv.org.ve/sites/default/files/indicadores_sector_externo/2_1_1_tdc.xlsx,Diaria,2022-08-04,2022-08-04,2022,5.7908,Bs/USD
tipo_cambio_bcv_usd,Tipo de cambio BCV,Economía,Banco Central de Venezuela,https://www.bcv.org.ve/sites/default/files/indicadores_sector_externo/2_1_1_tdc.xlsx,Diaria,2022-08-05,2022-08-05,2022,5.8407,Bs/USD
tipo_cambio_bcv_usd,Tipo de cambio BCV,Economía,Banco Central de Venezuela,https://www.bcv.org.ve/sites/default/files/indicadores_sector_externo/2_1_1_tdc.xlsx,Diaria,2022-08-08,2022-08-08,2022,5.8662,Bs/USD
tipo_cambio_bcv_usd,Tipo de cambio BCV,Economía,Banco Central de Venezuela,https://www.bcv.org.ve/sites/default/files/indicadores_sector_externo/2_1_1_tdc.xlsx,Diaria,2022-08-09,2022-08-09,2022,5.8518,Bs/USD
tipo_cambio_bcv_usd,Tipo de cambio BCV,Economía,Banco Central de Venezuela,https://www.bcv.org.ve/sites/default/files/indicadores_sector_externo/2_1_1_tdc.xlsx,Diaria,2022-08-10,2022-08-10,2022,5.897,Bs/USD
tipo_cambio_bcv_usd,Tipo de cambio BCV,Economía,Banco Central de Venezuela,https://www.bcv.org.ve/sites/default/files/indicadores_sector_externo/2_1_1_tdc.xlsx,Diaria,2022-08-11,2022-08-11,2022,5.9249,Bs/USD
tipo_cambio_bcv_usd,Tipo de cambio BCV,Economía,Banco Central de Venezuela,https://www.bcv.org.ve/sites/default/files/indicadores_sector_externo/2_1_1_tdc.xlsx,Diaria,2022-08-12,2022-08-12,2022,5.9481,Bs/USD
tipo_cambio_bcv_usd,Tipo de cambio BCV,Economía,Banco Central de Venezuela,https://www.bcv.org.ve/sites/default/files/indicadores_sector_externo/2_1_1_tdc.xlsx,Diaria,2022-08-16,2022-08-16,2022,5.9783,Bs/USD
tipo_cambio_bcv_usd,Tipo de cambio BCV,Economía,Banco Central de Venezuela,https://www.bcv.org.ve/sites/default/files/indicadores_sector_externo/2_1_1_tdc.xlsx,Diaria,2022-08-17,2022-08-17,2022,5.97,Bs/USD
tipo_cambio_bcv_usd,Tipo de cambio BCV,Economía,Banco Central de Venezuela,https://www.bcv.org.ve/sites/default/files/indicadores_sector_externo/2_1_1_tdc.xlsx,Diaria,2022-08-18,2022-08-18,2022,5.976,Bs/USD
tipo_cambio_bcv_usd,Tipo de cambio BCV,Economía,Banco Central de Venezuela,https://www.bcv.org.ve/sites/default/files/indicadores_sector_externo/2_1_1_tdc.xlsx,Diaria,2022-08-19,2022-08-19,2022,6.0942,Bs/USD
tipo_cambio_bcv_usd,Tipo de cambio BCV,Economía,Banco Central de Venezuela,https://www.bcv.org.ve/sites/default/files/indicadores_sector_externo/2_1_1_tdc.xlsx,Diaria,2022-08-22,2022-08-22,2022,6.1801,Bs/USD
tipo_cambio_bcv_usd,Tipo de cambio BCV,Economía,Banco Central de Venezuela,https://www.bcv.org.ve/sites/default/files/indicadores_sector_externo/2_1_1_tdc.xlsx,Diaria,2022-08-23,2022-08-23,2022,6.2416,Bs/USD
tipo_cambio_bcv_usd,Tipo de cambio BCV,Economía,Banco Central de Venezuela,https://www.bcv.org.ve/sites/default/files/indicadores_sector_externo/2_1_1_tdc.xlsx,Diaria,2022-08-24,2022-08-24,2022,6.2817,Bs/USD
tipo_cambio_bcv_usd,Tipo de cambio BCV,Economía,Banco Central de Venezuela,https://www.bcv.org.ve/sites/default/files/indicadores_sector_externo/2_1_1_tdc.xlsx,Diaria,2022-08-25,2022-08-25,2022,7.0147,Bs/USD
tipo_cambio_bcv_usd,Tipo de cambio BCV,Economía,Banco Central de Venezuela,https://www.bcv.org.ve/sites/default/files/indicadores_sector_externo/2_1_1_tdc.xlsx,Diaria,2022-08-26,2022-08-26,2022,7.836,Bs/USD
tipo_cambio_bcv_usd,Tipo de cambio BCV,Economía,Banco Central de Venezuela,https://www.bcv.org.ve/sites/default/files/indicadores_sector_externo/2_1_1_tdc.xlsx,Diaria,2022-08-29,2022-08-29,2022,7.8507,Bs/USD
tipo_cambio_bcv_usd,Tipo de cambio BCV,Economía,Banco Central de Venezuela,https://www.bcv.org.ve/sites/default/files/indicadores_sector_externo/2_1_1_tdc.xlsx,Diaria,2022-08-30,2022-08-30,2022,7.8217,Bs/USD
tipo_cambio_bcv_usd,Tipo de cambio BCV,Economía,Banco Central de Venezuela,https://www.bcv.org.ve/sites/default/files/indicadores_sector_externo/2_1_1_tdc.xlsx,Diaria,2022-08-31,2022-08-31,2022,7.8553,Bs/USD
tipo_cambio_bcv_usd,Tipo de cambio BCV,Economía,Banco Central de Venezuela,https://www.bcv.org.ve/sites/default/files/indicadores_sector_externo/2_1_1_tdc.xlsx,Diaria,2022-09-01,2022-09-01,2022,7.8922,Bs/USD
tipo_cambio_bcv_usd,Tipo de cambio BCV,Economía,Banco Central de Venezuela,https://www.bcv.org.ve/sites/default/files/indicadores_sector_externo/2_1_1_tdc.xlsx,Diaria,2022-09-02,2022-09-02,2022,7.9078,Bs/USD
tipo_cambio_bcv_usd,Tipo de cambio BCV,Economía,Banco Central de Venezuela,https://www.bcv.org.ve/sites/default/files/indicadores_sector_externo/2_1_1_tdc.xlsx,Diaria,2022-09-05,2022-09-05,2022,7.9644,Bs/USD
tipo_cambio_bcv_usd,Tipo de cambio BCV,Economía,Banco Central de Venezuela,https://www.bcv.org.ve/sites/default/files/indicadores_sector_externo/2_1_1_tdc.xlsx,Diaria,2022-09-06,2022-09-06,2022,7.9447,Bs/USD
tipo_cambio_bcv_usd,Tipo de cambio BCV,Economía,Banco Central de Venezuela,https://www.bcv.org.ve/sites/default/files/indicadores_sector_externo/2_1_1_tdc.xlsx,Diaria,2022-09-07,2022-09-07,2022,7.9816,Bs/USD
tipo_cambio_bcv_usd,Tipo de cambio BCV,Economía,Banco Central de Venezuela,https://www.bcv.org.ve/sites/default/files/indicadores_sector_externo/2_1_1_tdc.xlsx,Diaria,2022-09-08,2022-09-08,2022,7.9879,Bs/USD
tipo_cambio_bcv_usd,Tipo de cambio BCV,Economía,Banco Central de Venezuela,https://www.bcv.org.ve/sites/default/files/indicadores_sector_externo/2_1_1_tdc.xlsx,Diaria,2022-09-09,2022-09-09,2022,8.0029,Bs/USD
tipo_cambio_bcv_usd,Tipo de cambio BCV,Economía,Banco Central de Venezuela,https://www.bcv.org.ve/sites/default/files/indicadores_sector_externo/2_1_1_tdc.xlsx,Diaria,2022-09-12,2022-09-12,2022,7.9835,Bs/USD
tipo_cambio_bcv_usd,Tipo de cambio BCV,Economía,Banco Central de Venezuela,https://www.bcv.org.ve/sites/default/files/indicadores_sector_externo/2_1_1_tdc.xlsx,Diaria,2022-09-13,2022-09-13,2022,7.9763,Bs/USD
tipo_cambio_bcv_usd,Tipo de cambio BCV,Economía,Banco Central de Venezuela,https://www.bcv.org.ve/sites/default/files/indicadores_sector_externo/2_1_1_tdc.xlsx,Diaria,2022-09-14,2022-09-14,2022,8.004,Bs/USD
tipo_cambio_bcv_usd,Tipo de cambio BCV,Economía,Banco Central de Venezuela,https://www.bcv.org.ve/sites/default/files/indicadores_sector_externo/2_1_1_tdc.xlsx,Diaria,2022-09-15,2022-09-15,2022,8.0294,Bs/USD
tipo_cambio_bcv_usd,Tipo de cambio BCV,Economía,Banco Central de Venezuela,https://www.bcv.org.ve/sites/default/files/indicadores_sector_externo/2_1_1_tdc.xlsx,Diaria,2022-09-16,2022-09-16,2022,8.0277,Bs/USD
tipo_cambio_bcv_usd,Tipo de cambio BCV,Economía,Banco Central de Venezuela,https://www.bcv.org.ve/sites/default/files/indicadores_sector_externo/2_1_1_tdc.xlsx,Diaria,2022-09-19,2022-09-19,2022,8.0508,Bs/USD
tipo_cambio_bcv_usd,Tipo de cambio BCV,Economía,Banco Central de Venezuela,https://www.bcv.org.ve/sites/default/files/indicadores_sector_externo/2_1_1_tdc.xlsx,Diaria,2022-09-20,2022-09-20,2022,8.0275,Bs/USD
tipo_cambio_bcv_usd,Tipo de cambio BCV,Economía,Banco Central de Venezuela,https://www.bcv.org.ve/sites/default/files/indicadores_sector_externo/2_1_1_tdc.xlsx,Diaria,2022-09-21,2022-09-21,2022,8.0496,Bs/USD
tipo_cambio_bcv_usd,Tipo de cambio BCV,Economía,Banco Central de Venezuela,https://www.bcv.org.ve/sites/default/files/indicadores_sector_externo/2_1_1_tdc.xlsx,Diaria,2022-09-22,2022-09-22,2022,8.0959,Bs/USD
tipo_cambio_bcv_usd,Tipo de cambio BCV,Economía,Banco Central de Venezuela,https://www.bcv.org.ve/sites/default/files/indicadores_sector_externo/2_1_1_tdc.xlsx,Diaria,2022-09-23,2022-09-23,2022,8.114,Bs/USD
tipo_cambio_bcv_usd,Tipo de cambio BCV,Economía,Banco Central de Venezuela,https://www.bcv.org.ve/sites/default/files/indicadores_sector_externo/2_1_1_tdc.xlsx,Diaria,2022-09-26,2022-09-26,2022,8.118,Bs/USD
tipo_cambio_bcv_usd,Tipo de cambio BCV,Economía,Banco Central de Venezuela,https://www.bcv.org.ve/sites/default/files/indicadores_sector_externo/2_1_1_tdc.xlsx,Diaria,2022-09-27,2022-09-27,2022,8.1018,Bs/USD
tipo_cambio_bcv_usd,Tipo de cambio BCV,Economía,Banco Central de Venezuela,https://www.bcv.org.ve/sites/default/files/indicadores_sector_externo/2_1_1_tdc.xlsx,Diaria,2022-09-28,2022-09-28,2022,8.1419,Bs/USD
tipo_cambio_bcv_usd,Tipo de cambio BCV,Economía,Banco Central de Venezuela,https://www.bcv.org.ve/sites/default/files/indicadores_sector_externo/2_1_1_tdc.xlsx,Diaria,2022-09-29,2022-09-29,2022,8.1475,Bs/USD
tipo_cambio_bcv_usd,Tipo de cambio BCV,Economía,Banco Central de Venezuela,https://www.bcv.org.ve/sites/default/files/indicadores_sector_externo/2_1_1_tdc.xlsx,Diaria,2022-09-30,2022-09-30,2022,8.1837,Bs/USD
tipo_cambio_bcv_usd,Tipo de cambio BCV,Economía,Banco Central de Venezuela,https://www.bcv.org.ve/sites/default/files/indicadores_sector_externo/2_1_1_tdc.xlsx,Diaria,2022-10-03,2022-10-03,2022,8.2036,Bs/USD
tipo_cambio_bcv_usd,Tipo de cambio BCV,Economía,Banco Central de Venezuela,https://www.bcv.org.ve/sites/default/files/indicadores_sector_externo/2_1_1_tdc.xlsx,Diaria,2022-10-04,2022-10-04,2022,8.1714,Bs/USD
tipo_cambio_bcv_usd,Tipo de cambio BCV,Economía,Banco Central de Venezuela,https://www.bcv.org.ve/sites/default/files/indicadores_sector_externo/2_1_1_tdc.xlsx,Diaria,2022-10-05,2022-10-05,2022,8.1923,Bs/USD
tipo_cambio_bcv_usd,Tipo de cambio BCV,Economía,Banco Central de Venezuela,https://www.bcv.org.ve/sites/default/files/indicadores_sector_externo/2_1_1_tdc.xlsx,Diaria,2022-10-06,2022-10-06,2022,8.2087,Bs/USD
tipo_cambio_bcv_usd,Tipo de cambio BCV,Economía,Banco Central de Venezuela,https://www.bcv.org.ve/sites/default/files/indicadores_sector_externo/2_1_1_tdc.xlsx,Diaria,2022-10-07,2022-10-07,2022,8.2102,Bs/USD
tipo_cambio_bcv_usd,Tipo de cambio BCV,Economía,Banco Central de Venezuela,https://www.bcv.org.ve/sites/default/files/indicadores_sector_externo/2_1_1_tdc.xlsx,Diaria,2022-10-10,2022-10-10,2022,8.2346,Bs/USD
tipo_cambio_bcv_usd,Tipo de cambio BCV,Economía,Banco Central de Venezuela,https://www.bcv.org.ve/sites/default/files/indicadores_sector_externo/2_1_1_tdc.xlsx,Diaria,2022-10-11,2022-10-11,2022,8.2113,Bs/USD
tipo_cambio_bcv_usd,Tipo de cambio BCV,Economía,Banco Central de Venezuela,https://www.bcv.org.ve/sites/default/files/indicadores_sector_externo/2_1_1_tdc.xlsx,Diaria,2022-10-13,2022-10-13,2022,8.2681,Bs/USD
tipo_cambio_bcv_usd,Tipo de cambio BCV,Economía,Banco Central de Venezuela,https://www.bcv.org.ve/sites/default/files/indicadores_sector_externo/2_1_1_tdc.xlsx,Diaria,2022-10-14,2022-10-14,2022,8.267,Bs/USD
tipo_cambio_bcv_usd,Tipo de cambio BCV,Economía,Banco Central de Venezuela,https://www.bcv.org.ve/sites/default/files/indicadores_sector_externo/2_1_1_tdc.xlsx,Diaria,2022-10-17,2022-10-17,2022,8.3078,Bs/USD
tipo_cambio_bcv_usd,Tipo de cambio BCV,Economía,Banco Central de Venezuela,https://www.bcv.org.ve/sites/default/files/indicadores_sector_externo/2_1_1_tdc.xlsx,Diaria,2022-10-18,2022-10-18,2022,8.2838,Bs/USD
tipo_cambio_bcv_usd,Tipo de cambio BCV,Economía,Banco Central de Venezuela,https://www.bcv.org.ve/sites/default/files/indicadores_sector_externo/2_1_1_tdc.xlsx,Diaria,2022-10-19,2022-10-19,2022,8.3788,Bs/USD
tipo_cambio_bcv_usd,Tipo de cambio BCV,Economía,Banco Central de Venezuela,https://www.bcv.org.ve/sites/default/files/indicadores_sector_externo/2_1_1_tdc.xlsx,Diaria,2022-10-20,2022-10-20,2022,8.372,Bs/USD
tipo_cambio_bcv_usd,Tipo de cambio BCV,Economía,Banco Central de Venezuela,https://www.bcv.org.ve/sites/default/files/indicadores_sector_externo/2_1_1_tdc.xlsx,Diaria,2022-10-21,2022-10-21,2022,8.393,Bs/USD
tipo_cambio_bcv_usd,Tipo de cambio BCV,Economía,Banco Central de Venezuela,https://www.bcv.org.ve/sites/default/files/indicadores_sector_externo/2_1_1_tdc.xlsx,Diaria,2022-10-25,2022-10-25,2022,8.4076,Bs/USD
tipo_cambio_bcv_usd,Tipo de cambio BCV,Economía,Banco Central de Venezuela,https://www.bcv.org.ve/sites/default/files/indicadores_sector_externo/2_1_1_tdc.xlsx,Diaria,2022-10-26,2022-10-26,2022,8.4096,Bs/USD
tipo_cambio_bcv_usd,Tipo de cambio BCV,Economía,Banco Central de Venezuela,https://www.bcv.org.ve/sites/default/files/indicadores_sector_externo/2_1_1_tdc.xlsx,Diaria,2022-10-27,2022-10-27,2022,8.4508,Bs/USD
tipo_cambio_bcv_usd,Tipo de cambio BCV,Economía,Banco Central de Venezuela,https://www.bcv.org.ve/sites/default/files/indicadores_sector_externo/2_1_1_tdc.xlsx,Diaria,2022-10-28,2022-10-28,2022,8.5254,Bs/USD
tipo_cambio_bcv_usd,Tipo de cambio BCV,Economía,Banco Central de Venezuela,https://www.bcv.org.ve/sites/default/files/indicadores_sector_externo/2_1_1_tdc.xlsx,Diaria,2022-11-01,2022-11-01,2022,8.5918,Bs/USD
tipo_cambio_bcv_usd,Tipo de cambio BCV,Economía,Banco Central de Venezuela,https://www.bcv.org.ve/sites/default/files/indicadores_sector_externo/2_1_1_tdc.xlsx,Diaria,2022-11-02,2022-11-02,2022,8.5744,Bs/USD
tipo_cambio_bcv_usd,Tipo de cambio BCV,Economía,Banco Central de Venezuela,https://www.bcv.org.ve/sites/default/files/indicadores_sector_externo/2_1_1_tdc.xlsx,Diaria,2022-11-03,2022-11-03,2022,8.6461,Bs/USD
tipo_cambio_bcv_usd,Tipo de cambio BCV,Economía,Banco Central de Venezuela,https://www.bcv.org.ve/sites/default/files/indicadores_sector_externo/2_1_1_tdc.xlsx,Diaria,2022-11-04,2022-11-04,2022,8.6636,Bs/USD
tipo_cambio_bcv_usd,Tipo de cambio BCV,Economía,Banco Central de Venezuela,https://www.bcv.org.ve/sites/default/files/indicadores_sector_externo/2_1_1_tdc.xlsx,Diaria,2022-11-07,2022-11-07,2022,8.7752,Bs/USD
tipo_cambio_bcv_usd,Tipo de cambio BCV,Economía,Banco Central de Venezuela,https://www.bcv.org.ve/sites/default/files/indicadores_sector_externo/2_1_1_tdc.xlsx,Diaria,2022-11-08,2022-11-08,2022,8.7311,Bs/USD
tipo_cambio_bcv_usd,Tipo de cambio BCV,Economía,Banco Central de Venezuela,https://www.bcv.org.ve/sites/default/files/indicadores_sector_externo/2_1_1_tdc.xlsx,Diaria,2022-11-09,2022-11-09,2022,8.8292,Bs/USD
tipo_cambio_bcv_usd,Tipo de cambio BCV,Economía,Banco Central de Venezuela,https://www.bcv.org.ve/sites/default/files/indicadores_sector_externo/2_1_1_tdc.xlsx,Diaria,2022-11-10,2022-11-10,2022,8.9308,Bs/USD
tipo_cambio_bcv_usd,Tipo de cambio BCV,Economía,Banco Central de Venezuela,https://www.bcv.org.ve/sites/default/files/indicadores_sector_externo/2_1_1_tdc.xlsx,Diaria,2022-11-11,2022-11-11,2022,9.0197,Bs/USD
tipo_cambio_bcv_usd,Tipo de cambio BCV,Economía,Banco Central de Venezuela,https://www.bcv.org.ve/sites/default/files/indicadores_sector_externo/2_1_1_tdc.xlsx,Diaria,2022-11-14,2022-11-14,2022,9.293,Bs/USD
tipo_cambio_bcv_usd,Tipo de cambio BCV,Economía,Banco Central de Venezuela,https://www.bcv.org.ve/sites/default/files/indicadores_sector_externo/2_1_1_tdc.xlsx,Diaria,2022-11-15,2022-11-15,2022,9.3133,Bs/USD
tipo_cambio_bcv_usd,Tipo de cambio BCV,Economía,Banco Central de Venezuela,https://www.bcv.org.ve/sites/default/files/indicadores_sector_externo/2_1_1_tdc.xlsx,Diaria,2022-11-16,2022-11-16,2022,9.4293,Bs/USD
tipo_cambio_bcv_usd,Tipo de cambio BCV,Economía,Banco Central de Venezuela,https://www.bcv.org.ve/sites/default/files/indicadores_sector_externo/2_1_1_tdc.xlsx,Diaria,2022-11-17,2022-11-17,2022,9.5615,Bs/USD
tipo_cambio_bcv_usd,Tipo de cambio BCV,Economía,Banco Central de Venezuela,https://www.bcv.org.ve/sites/default/files/indicadores_sector_externo/2_1_1_tdc.xlsx,Diaria,2022-11-18,2022-11-18,2022,9.7945,Bs/USD
tipo_cambio_bcv_usd,Tipo de cambio BCV,Economía,Banco Central de Venezuela,https://www.bcv.org.ve/sites/default/files/indicadores_sector_externo/2_1_1_tdc.xlsx,Diaria,2022-11-22,2022-11-22,2022,9.9787,Bs/USD
tipo_cambio_bcv_usd,Tipo de cambio BCV,Economía,Banco Central de Venezuela,https://www.bcv.org.ve/sites/default/files/indicadores_sector_externo/2_1_1_tdc.xlsx,Diaria,2022-11-23,2022-11-23,2022,9.9887,Bs/USD
tipo_cambio_bcv_usd,Tipo de cambio BCV,Economía,Banco Central de Venezuela,https://www.bcv.org.ve/sites/default/files/indicadores_sector_externo/2_1_1_tdc.xlsx,Diaria,2022-11-24,2022-11-24,2022,10.2346,Bs/USD
tipo_cambio_bcv_usd,Tipo de cambio BCV,Economía,Banco Central de Venezuela,https://www.bcv.org.ve/sites/default/files/indicadores_sector_externo/2_1_1_tdc.xlsx,Diaria,2022-11-25,2022-11-25,2022,10.4094,Bs/USD
tipo_cambio_bcv_usd,Tipo de cambio BCV,Economía,Banco Central de Venezuela,https://www.bcv.org.ve/sites/default/files/indicadores_sector_externo/2_1_1_tdc.xlsx,Diaria,2022-11-28,2022-11-28,2022,10.7256,Bs/USD
tipo_cambio_bcv_usd,Tipo de cambio BCV,Economía,Banco Central de Venezuela,https://www.bcv.org.ve/sites/default/files/indicadores_sector_externo/2_1_1_tdc.xlsx,Diaria,2022-11-29,2022-11-29,2022,10.8062,Bs/USD
tipo_cambio_bcv_usd,Tipo de cambio BCV,Economía,Banco Central de Venezuela,https://www.bcv.org.ve/sites/default/files/indicadores_sector_externo/2_1_1_tdc.xlsx,Diaria,2022-11-30,2022-11-30,2022,10.9545,Bs/USD
tipo_cambio_bcv_usd,Tipo de cambio BCV,Economía,Banco Central de Venezuela,https://www.bcv.org.ve/sites/default/files/indicadores_sector_externo/2_1_1_tdc.xlsx,Diaria,2022-12-01,2022-12-01,2022,11.0789,Bs/USD
tipo_cambio_bcv_usd,Tipo de cambio BCV,Economía,Banco Central de Venezuela,https://www.bcv.org.ve/sites/default/files/indicadores_sector_externo/2_1_1_tdc.xlsx,Diaria,2022-12-02,2022-12-02,2022,11.2548,Bs/USD
tipo_cambio_bcv_usd,Tipo de cambio BCV,Economía,Banco Central de Venezuela,https://www.bcv.org.ve/sites/default/files/indicadores_sector_externo/2_1_1_tdc.xlsx,Diaria,2022-12-05,2022-12-05,2022,11.6918,Bs/USD
tipo_cambio_bcv_usd,Tipo de cambio BCV,Economía,Banco Central de Venezuela,https://www.bcv.org.ve/sites/default/files/indicadores_sector_externo/2_1_1_tdc.xlsx,Diaria,2022-12-06,2022-12-06,2022,11.539,Bs/USD
tipo_cambio_bcv_usd,Tipo de cambio BCV,Economía,Banco Central de Venezuela,https://www.bcv.org.ve/sites/default/files/indicadores_sector_externo/2_1_1_tdc.xlsx,Diaria,2022-12-07,2022-12-07,2022,11.8608,Bs/USD
tipo_cambio_bcv_usd,Tipo de cambio BCV,Economía,Banco Central de Venezuela,https://www.bcv.org.ve/sites/default/files/indicadores_sector_externo/2_1_1_tdc.xlsx,Diaria,2022-12-08,2022-12-08,2022,12.6615,Bs/USD
tipo_cambio_bcv_usd,Tipo de cambio BCV,Economía,Banco Central de Venezuela,https://www.bcv.org.ve/sites/default/files/indicadores_sector_externo/2_1_1_tdc.xlsx,Diaria,2022-12-09,2022-12-09,2022,13.5966,Bs/USD
tipo_cambio_bcv_usd,Tipo de cambio BCV,Economía,Banco Central de Venezuela,https://www.bcv.org.ve/sites/default/files/indicadores_sector_externo/2_1_1_tdc.xlsx,Diaria,2022-12-13,2022-12-13,2022,14.1251,Bs/USD
tipo_cambio_bcv_usd,Tipo de cambio BCV,Economía,Banco Central de Venezuela,https://www.bcv.org.ve/sites/default/files/indicadores_sector_externo/2_1_1_tdc.xlsx,Diaria,2022-12-14,2022-12-14,2022,14.7646,Bs/USD
tipo_cambio_bcv_usd,Tipo de cambio BCV,Economía,Banco Central de Venezuela,https://www.bcv.org.ve/sites/default/files/indicadores_sector_externo/2_1_1_tdc.xlsx,Diaria,2022-12-15,2022-12-15,2022,15.2354,Bs/USD
tipo_cambio_bcv_usd,Tipo de cambio BCV,Economía,Banco Central de Venezuela,https://www.bcv.org.ve/sites/default/files/indicadores_sector_externo/2_1_1_tdc.xlsx,Diaria,2022-12-16,2022-12-16,2022,15.5716,Bs/USD
tipo_cambio_bcv_usd,Tipo de cambio BCV,Economía,Banco Central de Venezuela,https://www.bcv.org.ve/sites/default/files/indicadores_sector_externo/2_1_1_tdc.xlsx,Diaria,2022-12-19,2022-12-19,2022,15.7668,Bs/USD
tipo_cambio_bcv_usd,Tipo de cambio BCV,Economía,Banco Central de Venezuela,https://www.bcv.org.ve/sites/default/files/indicadores_sector_externo/2_1_1_tdc.xlsx,Diaria,2022-12-20,2022-12-20,2022,16.0006,Bs/USD
tipo_cambio_bcv_usd,Tipo de cambio BCV,Economía,Banco Central de Venezuela,https://www.bcv.org.ve/sites/default/files/indicadores_sector_externo/2_1_1_tdc.xlsx,Diaria,2022-12-21,2022-12-21,2022,16.0418,Bs/USD
tipo_cambio_bcv_usd,Tipo de cambio BCV,Economía,Banco Central de Venezuela,https://www.bcv.org.ve/sites/default/files/indicadores_sector_externo/2_1_1_tdc.xlsx,Diaria,2022-12-22,2022-12-22,2022,16.1777,Bs/USD
tipo_cambio_bcv_usd,Tipo de cambio BCV,Economía,Banco Central de Venezuela,https://www.bcv.org.ve/sites/default/files/indicadores_sector_externo/2_1_1_tdc.xlsx,Diaria,2022-12-23,2022-12-23,2022,16.4523,Bs/USD
tipo_cambio_bcv_usd,Tipo de cambio BCV,Economía,Banco Central de Venezuela,https://www.bcv.org.ve/sites/default/files/indicadores_sector_externo/2_1_1_tdc.xlsx,Diaria,2022-12-26,2022-12-26,2022,16.5663,Bs/USD
tipo_cambio_bcv_usd,Tipo de cambio BCV,Economía,Banco Central de Venezuela,https://www.bcv.org.ve/sites/default/files/indicadores_sector_externo/2_1_1_tdc.xlsx,Diaria,2022-12-27,2022-12-27,2022,16.5666,Bs/USD
tipo_cambio_bcv_usd,Tipo de cambio BCV,Economía,Banco Central de Venezuela,https://www.bcv.org.ve/sites/default/files/indicadores_sector_externo/2_1_1_tdc.xlsx,Diaria,2022-12-28,2022-12-28,2022,16.8028,Bs/USD
tipo_cambio_bcv_usd,Tipo de cambio BCV,Economía,Banco Central de Venezuela,https://www.bcv.org.ve/sites/default/files/indicadores_sector_externo/2_1_1_tdc.xlsx,Diaria,2022-12-29,2022-12-29,2022,17.1172,Bs/USD
tipo_cambio_bcv_usd,Tipo de cambio BCV,Economía,Banco Central de Venezuela,https://www.bcv.org.ve/sites/default/files/indicadores_sector_externo/2_1_1_tdc.xlsx,Diaria,2022-12-30,2022-12-30,2022,17.2787,Bs/USD
tipo_cambio_bcv_usd,Tipo de cambio BCV,Economía,Banco Central de Venezuela,https://www.bcv.org.ve/sites/default/files/indicadores_sector_externo/2_1_1_tdc.xlsx,Diaria,2023-01-02,2023-01-02,2023,17.489,Bs/USD
tipo_cambio_bcv_usd,Tipo de cambio BCV,Economía,Banco Central de Venezuela,https://www.bcv.org.ve/sites/default/files/indicadores_sector_externo/2_1_1_tdc.xlsx,Diaria,2023-01-03,2023-01-03,2023,17.5591,Bs/USD
tipo_cambio_bcv_usd,Tipo de cambio BCV,Economía,Banco Central de Venezuela,https://www.bcv.org.ve/sites/default/files/indicadores_sector_externo/2_1_1_tdc.xlsx,Diaria,2023-01-04,2023-01-04,2023,17.8643,Bs/USD
tipo_cambio_bcv_usd,Tipo de cambio BCV,Economía,Banco Central de Venezuela,https://www.bcv.org.ve/sites/default/files/indicadores_sector_externo/2_1_1_tdc.xlsx,Diaria,2023-01-05,2023-01-05,2023,17.9442,Bs/USD
tipo_cambio_bcv_usd,Tipo de cambio BCV,Economía,Banco Central de Venezuela,https://www.bcv.org.ve/sites/default/files/indicadores_sector_externo/2_1_1_tdc.xlsx,Diaria,2023-01-06,2023-01-06,2023,18.3946,Bs/USD
tipo_cambio_bcv_usd,Tipo de cambio BCV,Economía,Banco Central de Venezuela,https://www.bcv.org.ve/sites/default/files/indicadores_sector_externo/2_1_1_tdc.xlsx,Diaria,2023-01-10,2023-01-10,2023,18.6138,Bs/USD
tipo_cambio_bcv_usd,Tipo de cambio BCV,Economía,Banco Central de Venezuela,https://www.bcv.org.ve/sites/default/files/indicadores_sector_externo/2_1_1_tdc.xlsx,Diaria,2023-01-11,2023-01-11,2023,18.8092,Bs/USD
tipo_cambio_bcv_usd,Tipo de cambio BCV,Economía,Banco Central de Venezuela,https://www.bcv.org.ve/sites/default/files/indicadores_sector_externo/2_1_1_tdc.xlsx,Diaria,2023-01-12,2023-01-12,2023,19.0531,Bs/USD
tipo_cambio_bcv_usd,Tipo de cambio BCV,Economía,Banco Central de Venezuela,https://www.bcv.org.ve/sites/default/files/indicadores_sector_externo/2_1_1_tdc.xlsx,Diaria,2023-01-13,2023-01-13,2023,19.2784,Bs/USD
tipo_cambio_bcv_usd,Tipo de cambio BCV,Economía,Banco Central de Venezuela,https://www.bcv.org.ve/sites/default/files/indicadores_sector_externo/2_1_1_tdc.xlsx,Diaria,2023-01-16,2023-01-16,2023,19.452,Bs/USD
tipo_cambio_bcv_usd,Tipo de cambio BCV,Economía,Banco Central de Venezuela,https://www.bcv.org.ve/sites/default/files/indicadores_sector_externo/2_1_1_tdc.xlsx,Diaria,2023-01-17,2023-01-17,2023,19.6638,Bs/USD
tipo_cambio_bcv_usd,Tipo de cambio BCV,Economía,Banco Central de Venezuela,https://www.bcv.org.ve/sites/default/files/indicadores_sector_externo/2_1_1_tdc.xlsx,Diaria,2023-01-18,2023-01-18,2023,19.9725,Bs/USD
tipo_cambio_bcv_usd,Tipo de cambio BCV,Economía,Banco Central de Venezuela,https://www.bcv.org.ve/sites/default/files/indicadores_sector_externo/2_1_1_tdc.xlsx,Diaria,2023-01-19,2023-01-19,2023,19.9845,Bs/USD
tipo_cambio_bcv_usd,Tipo de cambio BCV,Economía,Banco Central de Venezuela,https://www.bcv.org.ve/sites/default/files/indicadores_sector_externo/2_1_1_tdc.xlsx,Diaria,2023-01-20,2023-01-20,2023,20.2948,Bs/USD
tipo_cambio_bcv_usd,Tipo de cambio BCV,Economía,Banco Central de Venezuela,https://www.bcv.org.ve/sites/default/files/indicadores_sector_externo/2_1_1_tdc.xlsx,Diaria,2023-01-23,2023-01-23,2023,20.5272,Bs/USD
tipo_cambio_bcv_usd,Tipo de cambio BCV,Economía,Banco Central de Venezuela,https://www.bcv.org.ve/sites/default/files/indicadores_sector_externo/2_1_1_tdc.xlsx,Diaria,2023-01-24,2023-01-24,2023,20.734,Bs/USD
tipo_cambio_bcv_usd,Tipo de cambio BCV,Economía,Banco Central de Venezuela,https://www.bcv.org.ve/sites/default/files/indicadores_sector_externo/2_1_1_tdc.xlsx,Diaria,2023-01-25,2023-01-25,2023,21.1744,Bs/USD
tipo_cambio_bcv_usd,Tipo de cambio BCV,Economía,Banco Central de Venezuela,https://www.bcv.org.ve/sites/default/files/indicadores_sector_externo/2_1_1_tdc.xlsx,Diaria,2023-01-26,2023-01-26,2023,21.3189,Bs/USD
tipo_cambio_bcv_usd,Tipo de cambio BCV,Economía,Banco Central de Venezuela,https://www.bcv.org.ve/sites/default/files/indicadores_sector_externo/2_1_1_tdc.xlsx,Diaria,2023-01-27,2023-01-27,2023,21.7271,Bs/USD
tipo_cambio_bcv_usd,Tipo de cambio BCV,Economía,Banco Central de Venezuela,https://www.bcv.org.ve/sites/default/files/indicadores_sector_externo/2_1_1_tdc.xlsx,Diaria,2023-01-30,2023-01-30,2023,21.9689,Bs/USD
tipo_cambio_bcv_usd,Tipo de cambio BCV,Economía,Banco Central de Venezuela,https://www.bcv.org.ve/sites/default/files/indicadores_sector_externo/2_1_1_tdc.xlsx,Diaria,2023-01-31,2023-01-31,2023,21.9512,Bs/USD
tipo_cambio_bcv_usd,Tipo de cambio BCV,Economía,Banco Central de Venezuela,https://www.bcv.org.ve/sites/default/files/indicadores_sector_externo/2_1_1_tdc.xlsx,Diaria,2023-02-01,2023-02-01,2023,22.3737,Bs/USD
tipo_cambio_bcv_usd,Tipo de cambio BCV,Economía,Banco Central de Venezuela,https://www.bcv.org.ve/sites/default/files/indicadores_sector_externo/2_1_1_tdc.xlsx,Diaria,2023-02-02,2023-02-02,2023,22.4381,Bs/USD
tipo_cambio_bcv_usd,Tipo de cambio BCV,Economía,Banco Central de Venezuela,https://www.bcv.org.ve/sites/default/files/indicadores_sector_externo/2_1_1_tdc.xlsx,Diaria,2023-02-03,2023-02-03,2023,22.6808,Bs/USD
tipo_cambio_bcv_usd,Tipo de cambio BCV,Economía,Banco Central de Venezuela,https://www.bcv.org.ve/sites/default/files/indicadores_sector_externo/2_1_1_tdc.xlsx,Diaria,2023-02-06,2023-02-06,2023,22.9062,Bs/USD
tipo_cambio_bcv_usd,Tipo de cambio BCV,Economía,Banco Central de Venezuela,https://www.bcv.org.ve/sites/default/files/indicadores_sector_externo/2_1_1_tdc.xlsx,Diaria,2023-02-07,2023-02-07,2023,23.1487,Bs/USD
tipo_cambio_bcv_usd,Tipo de cambio BCV,Economía,Banco Central de Venezuela,https://www.bcv.org.ve/sites/default/files/indicadores_sector_externo/2_1_1_tdc.xlsx,Diaria,2023-02-08,2023-02-08,2023,23.6127,Bs/USD
tipo_cambio_bcv_usd,Tipo de cambio BCV,Economía,Banco Central de Venezuela,https://www.bcv.org.ve/sites/default/files/indicadores_sector_externo/2_1_1_tdc.xlsx,Diaria,2023-02-09,2023-02-09,2023,23.8095,Bs/USD
tipo_cambio_bcv_usd,Tipo de cambio BCV,Economía,Banco Central de Venezuela,https://www.bcv.org.ve/sites/default/files/indicadores_sector_externo/2_1_1_tdc.xlsx,Diaria,2023-02-10,2023-02-10,2023,24.1985,Bs/USD
tipo_cambio_bcv_usd,Tipo de cambio BCV,Economía,Banco Central de Venezuela,https://www.bcv.org.ve/sites/default/files/indicadores_sector_externo/2_1_1_tdc.xlsx,Diaria,2023-02-13,2023-02-13,2023,24.2,Bs/USD
tipo_cambio_bcv_usd,Tipo de cambio BCV,Economía,Banco Central de Venezuela,https://www.bcv.org.ve/sites/default/files/indicadores_sector_externo/2_1_1_tdc.xlsx,Diaria,2023-02-14,2023-02-14,2023,24.2531,Bs/USD
tipo_cambio_bcv_usd,Tipo de cambio BCV,Economía,Banco Central de Venezuela,https://www.bcv.org.ve/sites/default/files/indicadores_sector_externo/2_1_1_tdc.xlsx,Diaria,2023-02-15,2023-02-15,2023,24.3431,Bs/USD
tipo_cambio_bcv_usd,Tipo de cambio BCV,Economía,Banco Central de Venezuela,https://www.bcv.org.ve/sites/default/files/indicadores_sector_externo/2_1_1_tdc.xlsx,Diaria,2023-02-16,2023-02-16,2023,24.3652,Bs/USD
tipo_cambio_bcv_usd,Tipo de cambio BCV,Economía,Banco Central de Venezuela,https://www.bcv.org.ve/sites/default/files/indicadores_sector_externo/2_1_1_tdc.xlsx,Diaria,2023-02-17,2023-02-17,2023,24.3874,Bs/USD
tipo_cambio_bcv_usd,Tipo de cambio BCV,Economía,Banco Central de Venezuela,https://www.bcv.org.ve/sites/default/files/indicadores_sector_externo/2_1_1_tdc.xlsx,Diaria,2023-02-22,2023-02-22,2023,24.4014,Bs/USD
tipo_cambio_bcv_usd,Tipo de cambio BCV,Economía,Banco Central de Venezuela,https://www.bcv.org.ve/sites/default/files/indicadores_sector_externo/2_1_1_tdc.xlsx,Diaria,2023-02-23,2023-02-23,2023,24.3914,Bs/USD
tipo_cambio_bcv_usd,Tipo de cambio BCV,Economía,Banco Central de Venezuela,https://www.bcv.org.ve/sites/default/files/indicadores_sector_externo/2_1_1_tdc.xlsx,Diaria,2023-02-24,2023-02-24,2023,24.3708,Bs/USD
tipo_cambio_bcv_usd,Tipo de cambio BCV,Economía,Banco Central de Venezuela,https://www.bcv.org.ve/sites/default/files/indicadores_sector_externo/2_1_1_tdc.xlsx,Diaria,2023-02-27,2023-02-27,2023,24.4163,Bs/USD
tipo_cambio_bcv_usd,Tipo de cambio BCV,Economía,Banco Central de Venezuela,https://www.bcv.org.ve/sites/default/files/indicadores_sector_externo/2_1_1_tdc.xlsx,Diaria,2023-02-28,2023-02-28,2023,24.3635,Bs/USD
tipo_cambio_bcv_usd,Tipo de cambio BCV,Economía,Banco Central de Venezuela,https://www.bcv.org.ve/sites/default/files/indicadores_sector_externo/2_1_1_tdc.xlsx,Diaria,2023-03-01,2023-03-01,2023,24.3609,Bs/USD
tipo_cambio_bcv_usd,Tipo de cambio BCV,Economía,Banco Central de Venezuela,https://www.bcv.org.ve/sites/default/files/indicadores_sector_externo/2_1_1_tdc.xlsx,Diaria,2023-03-02,2023-03-02,2023,24.3571,Bs/USD
tipo_cambio_bcv_usd,Tipo de cambio BCV,Economía,Banco Central de Venezuela,https://www.bcv.org.ve/sites/default/files/indicadores_sector_externo/2_1_1_tdc.xlsx,Diaria,2023-03-03,2023-03-03,2023,24.357,Bs/USD
tipo_cambio_bcv_usd,Tipo de cambio BCV,Economía,Banco Central de Venezuela,https://www.bcv.org.ve/sites/default/files/indicadores_sector_externo/2_1_1_tdc.xlsx,Diaria,2023-03-06,2023-03-06,2023,24.3168,Bs/USD
tipo_cambio_bcv_usd,Tipo de cambio BCV,Economía,Banco Central de Venezuela,https://www.bcv.org.ve/sites/default/files/indicadores_sector_externo/2_1_1_tdc.xlsx,Diaria,2023-03-07,2023-03-07,2023,24.274,Bs/USD
tipo_cambio_bcv_usd,Tipo de cambio BCV,Economía,Banco Central de Venezuela,https://www.bcv.org.ve/sites/default/files/indicadores_sector_externo/2_1_1_tdc.xlsx,Diaria,2023-03-08,2023-03-08,2023,24.1557,Bs/USD
tipo_cambio_bcv_usd,Tipo de cambio BCV,Economía,Banco Central de Venezuela,https://www.bcv.org.ve/sites/default/files/indicadores_sector_externo/2_1_1_tdc.xlsx,Diaria,2023-03-09,2023-03-09,2023,24.1694,Bs/USD
tipo_cambio_bcv_usd,Tipo de cambio BCV,Economía,Banco Central de Venezuela,https://www.bcv.org.ve/sites/default/files/indicadores_sector_externo/2_1_1_tdc.xlsx,Diaria,2023-03-10,2023-03-10,2023,24.135,Bs/USD
tipo_cambio_bcv_usd,Tipo de cambio BCV,Economía,Banco Central de Venezuela,https://www.bcv.org.ve/sites/default/files/indicadores_sector_externo/2_1_1_tdc.xlsx,Diaria,2023-03-13,2023-03-13,2023,24.1459,Bs/USD
tipo_cambio_bcv_usd,Tipo de cambio BCV,Economía,Banco Central de Venezuela,https://www.bcv.org.ve/sites/default/files/indicadores_sector_externo/2_1_1_tdc.xlsx,Diaria,2023-03-14,2023-03-14,2023,24.1182,Bs/USD
tipo_cambio_bcv_usd,Tipo de cambio BCV,Economía,Banco Central de Venezuela,https://www.bcv.org.ve/sites/default/files/indicadores_sector_externo/2_1_1_tdc.xlsx,Diaria,2023-03-15,2023-03-15,2023,24.0003,Bs/USD
tipo_cambio_bcv_usd,Tipo de cambio BCV,Economía,Banco Central de Venezuela,https://www.bcv.org.ve/sites/default/files/indicadores_sector_externo/2_1_1_tdc.xlsx,Diaria,2023-03-16,2023-03-16,2023,24.0677,Bs/USD
tipo_cambio_bcv_usd,Tipo de cambio BCV,Economía,Banco Central de Venezuela,https://www.bcv.org.ve/sites/default/files/indicadores_sector_externo/2_1_1_tdc.xlsx,Diaria,2023-03-17,2023-03-17,2023,24.1258,Bs/USD
tipo_cambio_bcv_usd,Tipo de cambio BCV,Economía,Banco Central de Venezuela,https://www.bcv.org.ve/sites/default/files/indicadores_sector_externo/2_1_1_tdc.xlsx,Diaria,2023-03-20,2023-03-20,2023,24.2034,Bs/USD
tipo_cambio_bcv_usd,Tipo de cambio BCV,Economía,Banco Central de Venezuela,https://www.bcv.org.ve/sites/default/files/indicadores_sector_externo/2_1_1_tdc.xlsx,Diaria,2023-03-21,2023-03-21,2023,24.2197,Bs/USD
tipo_cambio_bcv_usd,Tipo de cambio BCV,Economía,Banco Central de Venezuela,https://www.bcv.org.ve/sites/default/files/indicadores_sector_externo/2_1_1_tdc.xlsx,Diaria,2023-03-22,2023-03-22,2023,24.2415,Bs/USD
tipo_cambio_bcv_usd,Tipo de cambio BCV,Economía,Banco Central de Venezuela,https://www.bcv.org.ve/sites/default/files/indicadores_sector_externo/2_1_1_tdc.xlsx,Diaria,2023-03-23,2023-03-23,2023,24.2039,Bs/USD
tipo_cambio_bcv_usd,Tipo de cambio BCV,Economía,Banco Central de Venezuela,https://www.bcv.org.ve/sites/default/files/indicadores_sector_externo/2_1_1_tdc.xlsx,Diaria,2023-03-24,2023-03-24,2023,24.3093,Bs/USD
tipo_cambio_bcv_usd,Tipo de cambio BCV,Economía,Banco Central de Venezuela,https://www.bcv.org.ve/sites/default/files/indicadores_sector_externo/2_1_1_tdc.xlsx,Diaria,2023-03-27,2023-03-27,2023,24.4016,Bs/USD
tipo_cambio_bcv_usd,Tipo de cambio BCV,Economía,Banco Central de Venezuela,https://www.bcv.org.ve/sites/default/files/indicadores_sector_externo/2_1_1_tdc.xlsx,Diaria,2023-03-28,2023-03-28,2023,24.3917,Bs/USD
tipo_cambio_bcv_usd,Tipo de cambio BCV,Economía,Banco Central de Venezuela,https://www.bcv.org.ve/sites/default/files/indicadores_sector_externo/2_1_1_tdc.xlsx,Diaria,2023-03-29,2023-03-29,2023,24.4151,Bs/USD
tipo_cambio_bcv_usd,Tipo de cambio BCV,Economía,Banco Central de Venezuela,https://www.bcv.org.ve/sites/default/files/indicadores_sector_externo/2_1_1_tdc.xlsx,Diaria,2023-03-30,2023-03-30,2023,24.4874,Bs/USD
tipo_cambio_bcv_usd,Tipo de cambio BCV,Economía,Banco Central de Venezuela,https://www.bcv.org.ve/sites/default/files/indicadores_sector_externo/2_1_1_tdc.xlsx,Diaria,2023-03-31,2023-03-31,2023,24.4968,Bs/USD
tipo_cambio_bcv_usd,Tipo de cambio BCV,Economía,Banco Central de Venezuela,https://www.bcv.org.ve/sites/default/files/indicadores_sector_externo/2_1_1_tdc.xlsx,Diaria,2023-04-03,2023-04-03,2023,24.5256,Bs/USD
tipo_cambio_bcv_usd,Tipo de cambio BCV,Economía,Banco Central de Venezuela,https://www.bcv.org.ve/sites/default/files/indicadores_sector_externo/2_1_1_tdc.xlsx,Diaria,2023-04-04,2023-04-04,2023,24.4897,Bs/USD
tipo_cambio_bcv_usd,Tipo de cambio BCV,Economía,Banco Central de Venezuela,https://www.bcv.org.ve/sites/default/files/indicadores_sector_externo/2_1_1_tdc.xlsx,Diaria,2023-04-05,2023-04-05,2023,24.4414,Bs/USD
tipo_cambio_bcv_usd,Tipo de cambio BCV,Economía,Banco Central de Venezuela,https://www.bcv.org.ve/sites/default/files/indicadores_sector_externo/2_1_1_tdc.xlsx,Diaria,2023-04-10,2023-04-10,2023,24.4879,Bs/USD
tipo_cambio_bcv_usd,Tipo de cambio BCV,Economía,Banco Central de Venezuela,https://www.bcv.org.ve/sites/default/files/indicadores_sector_externo/2_1_1_tdc.xlsx,Diaria,2023-04-11,2023-04-11,2023,24.3921,Bs/USD
tipo_cambio_bcv_usd,Tipo de cambio BCV,Economía,Banco Central de Venezuela,https://www.bcv.org.ve/sites/default/files/indicadores_sector_externo/2_1_1_tdc.xlsx,Diaria,2023-04-12,2023-04-12,2023,24.4734,Bs/USD
tipo_cambio_bcv_usd,Tipo de cambio BCV,Economía,Banco Central de Venezuela,https://www.bcv.org.ve/sites/default/files/indicadores_sector_externo/2_1_1_tdc.xlsx,Diaria,2023-04-13,2023-04-13,2023,24.4879,Bs/USD
tipo_cambio_bcv_usd,Tipo de cambio BCV,Economía,Banco Central de Venezuela,https://www.bcv.org.ve/sites/default/files/indicadores_sector_externo/2_1_1_tdc.xlsx,Diaria,2023-04-14,2023-04-14,2023,24.5419,Bs/USD
tipo_cambio_bcv_usd,Tipo de cambio BCV,Economía,Banco Central de Venezuela,https://www.bcv.org.ve/sites/default/files/indicadores_sector_externo/2_1_1_tdc.xlsx,Diaria,2023-04-17,2023-04-17,2023,24.5739,Bs/USD
tipo_cambio_bcv_usd,Tipo de cambio BCV,Economía,Banco Central de Venezuela,https://www.bcv.org.ve/sites/default/files/indicadores_sector_externo/2_1_1_tdc.xlsx,Diaria,2023-04-18,2023-04-18,2023,24.5612,Bs/USD
tipo_cambio_bcv_usd,Tipo de cambio BCV,Economía,Banco Central de Venezuela,https://www.bcv.org.ve/sites/default/files/indicadores_sector_externo/2_1_1_tdc.xlsx,Diaria,2023-04-20,2023-04-20,2023,24.5633,Bs/USD
tipo_cambio_bcv_usd,Tipo de cambio BCV,Economía,Banco Central de Venezuela,https://www.bcv.org.ve/sites/default/files/indicadores_sector_externo/2_1_1_tdc.xlsx,Diaria,2023-04-21,2023-04-21,2023,24.5766,Bs/USD
tipo_cambio_bcv_usd,Tipo de cambio BCV,Economía,Banco Central de Venezuela,https://www.bcv.org.ve/sites/default/files/indicadores_sector_externo/2_1_1_tdc.xlsx,Diaria,2023-04-24,2023-04-24,2023,24.6484,Bs/USD
tipo_cambio_bcv_usd,Tipo de cambio BCV,Economía,Banco Central de Venezuela,https://www.bcv.org.ve/sites/default/files/indicadores_sector_externo/2_1_1_tdc.xlsx,Diaria,2023-04-25,2023-04-25,2023,24.6147,Bs/USD
tipo_cambio_bcv_usd,Tipo de cambio BCV,Economía,Banco Central de Venezuela,https://www.bcv.org.ve/sites/default/files/indicadores_sector_externo/2_1_1_tdc.xlsx,Diaria,2023-04-26,2023-04-26,2023,24.6533,Bs/USD
tipo_cambio_bcv_usd,Tipo de cambio BCV,Economía,Banco Central de Venezuela,https://www.bcv.org.ve/sites/default/files/indicadores_sector_externo/2_1_1_tdc.xlsx,Diaria,2023-04-27,2023-04-27,2023,24.632,Bs/USD
tipo_cambio_bcv_usd,Tipo de cambio BCV,Economía,Banco Central de Venezuela,https://www.bcv.org.ve/sites/default/files/indicadores_sector_externo/2_1_1_tdc.xlsx,Diaria,2023-04-28,2023-04-28,2023,24.7304,Bs/USD
tipo_cambio_bcv_usd,Tipo de cambio BCV,Economía,Banco Central de Venezuela,https://www.bcv.org.ve/sites/default/files/indicadores_sector_externo/2_1_1_tdc.xlsx,Diaria,2023-05-02,2023-05-02,2023,24.7503,Bs/USD
tipo_cambio_bcv_usd,Tipo de cambio BCV,Economía,Banco Central de Venezuela,https://www.bcv.org.ve/sites/default/files/indicadores_sector_externo/2_1_1_tdc.xlsx,Diaria,2023-05-03,2023-05-03,2023,24.8156,Bs/USD
tipo_cambio_bcv_usd,Tipo de cambio BCV,Economía,Banco Central de Venezuela,https://www.bcv.org.ve/sites/default/files/indicadores_sector_externo/2_1_1_tdc.xlsx,Diaria,2023-05-04,2023-05-04,2023,24.8725,Bs/USD
tipo_cambio_bcv_usd,Tipo de cambio BCV,Economía,Banco Central de Venezuela,https://www.bcv.org.ve/sites/default/files/indicadores_sector_externo/2_1_1_tdc.xlsx,Diaria,2023-05-05,2023-05-05,2023,25.0299,Bs/USD
tipo_cambio_bcv_usd,Tipo de cambio BCV,Economía,Banco Central de Venezuela,https://www.bcv.org.ve/sites/default/files/indicadores_sector_externo/2_1_1_tdc.xlsx,Diaria,2023-05-08,2023-05-08,2023,25.0577,Bs/USD
tipo_cambio_bcv_usd,Tipo de cambio BCV,Economía,Banco Central de Venezuela,https://www.bcv.org.ve/sites/default/files/indicadores_sector_externo/2_1_1_tdc.xlsx,Diaria,2023-05-09,2023-05-09,2023,25.0395,Bs/USD
tipo_cambio_bcv_usd,Tipo de cambio BCV,Economía,Banco Central de Venezuela,https://www.bcv.org.ve/sites/default/files/indicadores_sector_externo/2_1_1_tdc.xlsx,Diaria,2023-05-10,2023-05-10,2023,25.1236,Bs/USD
tipo_cambio_bcv_usd,Tipo de cambio BCV,Economía,Banco Central de Venezuela,https://www.bcv.org.ve/sites/default/files/indicadores_sector_externo/2_1_1_tdc.xlsx,Diaria,2023-05-11,2023-05-11,2023,25.1791,Bs/USD
tipo_cambio_bcv_usd,Tipo de cambio BCV,Economía,Banco Central de Venezuela,https://www.bcv.org.ve/sites/default/files/indicadores_sector_externo/2_1_1_tdc.xlsx,Diaria,2023-05-12,2023-05-12,2023,25.3484,Bs/USD
tipo_cambio_bcv_usd,Tipo de cambio BCV,Economía,Banco Central de Venezuela,https://www.bcv.org.ve/sites/default/files/indicadores_sector_externo/2_1_1_tdc.xlsx,Diaria,2023-05-15,2023-05-15,2023,25.435,Bs/USD
tipo_cambio_bcv_usd,Tipo de cambio BCV,Economía,Banco Central de Venezuela,https://www.bcv.org.ve/sites/default/files/indicadores_sector_externo/2_1_1_tdc.xlsx,Diaria,2023-05-16,2023-05-16,2023,25.4891,Bs/USD
tipo_cambio_bcv_usd,Tipo de cambio BCV,Economía,Banco Central de Venezuela,https://www.bcv.org.ve/sites/default/files/indicadores_sector_externo/2_1_1_tdc.xlsx,Diaria,2023-05-17,2023-05-17,2023,25.6479,Bs/USD
tipo_cambio_bcv_usd,Tipo de cambio BCV,Economía,Banco Central de Venezuela,https://www.bcv.org.ve/sites/default/files/indicadores_sector_externo/2_1_1_tdc.xlsx,Diaria,2023-05-18,2023-05-18,2023,25.8122,Bs/USD
tipo_cambio_bcv_usd,Tipo de cambio BCV,Economía,Banco Central de Venezuela,https://www.bcv.org.ve/sites/default/files/indicadores_sector_externo/2_1_1_tdc.xlsx,Diaria,2023-05-19,2023-05-19,2023,25.9029,Bs/USD
tipo_cambio_bcv_usd,Tipo de cambio BCV,Economía,Banco Central de Venezuela,https://www.bcv.org.ve/sites/default/files/indicadores_sector_externo/2_1_1_tdc.xlsx,Diaria,2023-05-23,2023-05-23,2023,26.0055,Bs/USD
tipo_cambio_bcv_usd,Tipo de cambio BCV,Economía,Banco Central de Venezuela,https://www.bcv.org.ve/sites/default/files/indicadores_sector_externo/2_1_1_tdc.xlsx,Diaria,2023-05-24,2023-05-24,2023,26.0015,Bs/USD
tipo_cambio_bcv_usd,Tipo de cambio BCV,Economía,Banco Central de Venezuela,https://www.bcv.org.ve/sites/default/files/indicadores_sector_externo/2_1_1_tdc.xlsx,Diaria,2023-05-25,2023-05-25,2023,26.037,Bs/USD
tipo_cambio_bcv_usd,Tipo de cambio BCV,Economía,Banco Central de Venezuela,https://www.bcv.org.ve/sites/default/files/indicadores_sector_externo/2_1_1_tdc.xlsx,Diaria,2023-05-26,2023-05-26,2023,26.1295,Bs/USD
tipo_cambio_bcv_usd,Tipo de cambio BCV,Economía,Banco Central de Venezuela,https://www.bcv.org.ve/sites/default/files/indicadores_sector_externo/2_1_1_tdc.xlsx,Diaria,2023-05-29,2023-05-29,2023,26.2714,Bs/USD
tipo_cambio_bcv_usd,Tipo de cambio BCV,Economía,Banco Central de Venezuela,https://www.bcv.org.ve/sites/default/files/indicadores_sector_externo/2_1_1_tdc.xlsx,Diaria,2023-05-30,2023-05-30,2023,26.2548,Bs/USD
tipo_cambio_bcv_usd,Tipo de cambio BCV,Economía,Banco Central de Venezuela,https://www.bcv.org.ve/sites/default/files/indicadores_sector_externo/2_1_1_tdc.xlsx,Diaria,2023-05-31,2023-05-31,2023,26.1639,Bs/USD
tipo_cambio_bcv_usd,Tipo de cambio BCV,Economía,Banco Central de Venezuela,https://www.bcv.org.ve/sites/default/files/indicadores_sector_externo/2_1_1_tdc.xlsx,Diaria,2023-06-01,2023-06-01,2023,26.267,Bs/USD
tipo_cambio_bcv_usd,Tipo de cambio BCV,Economía,Banco Central de Venezuela,https://www.bcv.org.ve/sites/default/files/indicadores_sector_externo/2_1_1_tdc.xlsx,Diaria,2023-06-02,2023-06-02,2023,26.4672,Bs/USD
tipo_cambio_bcv_usd,Tipo de cambio BCV,Economía,Banco Central de Venezuela,https://www.bcv.org.ve/sites/default/files/indicadores_sector_externo/2_1_1_tdc.xlsx,Diaria,2023-06-05,2023-06-05,2023,26.5963,Bs/USD
tipo_cambio_bcv_usd,Tipo de cambio BCV,Economía,Banco Central de Venezuela,https://www.bcv.org.ve/sites/default/files/indicadores_sector_externo/2_1_1_tdc.xlsx,Diaria,2023-06-06,2023-06-06,2023,26.4625,Bs/USD
tipo_cambio_bcv_usd,Tipo de cambio BCV,Economía,Banco Central de Venezuela,https://www.bcv.org.ve/sites/default/files/indicadores_sector_externo/2_1_1_tdc.xlsx,Diaria,2023-06-07,2023-06-07,2023,26.6329,Bs/USD
tipo_cambio_bcv_usd,Tipo de cambio BCV,Economía,Banco Central de Venezuela,https://www.bcv.org.ve/sites/default/files/indicadores_sector_externo/2_1_1_tdc.xlsx,Diaria,2023-06-08,2023-06-08,2023,26.7038,Bs/USD
tipo_cambio_bcv_usd,Tipo de cambio BCV,Economía,Banco Central de Venezuela,https://www.bcv.org.ve/sites/default/files/indicadores_sector_externo/2_1_1_tdc.xlsx,Diaria,2023-06-09,2023-06-09,2023,26.8571,Bs/USD
tipo_cambio_bcv_usd,Tipo de cambio BCV,Economía,Banco Central de Venezuela,https://www.bcv.org.ve/sites/default/files/indicadores_sector_externo/2_1_1_tdc.xlsx,Diaria,2023-06-13,2023-06-13,2023,27.021,Bs/USD
tipo_cambio_bcv_usd,Tipo de cambio BCV,Economía,Banco Central de Venezuela,https://www.bcv.org.ve/sites/default/files/indicadores_sector_externo/2_1_1_tdc.xlsx,Diaria,2023-06-14,2023-06-14,2023,27.018,Bs/USD
tipo_cambio_bcv_usd,Tipo de cambio BCV,Economía,Banco Central de Venezuela,https://www.bcv.org.ve/sites/default/files/indicadores_sector_externo/2_1_1_tdc.xlsx,Diaria,2023-06-15,2023-06-15,2023,27.1053,Bs/USD
tipo_cambio_bcv_usd,Tipo de cambio BCV,Economía,Banco Central de Venezuela,https://www.bcv.org.ve/sites/default/files/indicadores_sector_externo/2_1_1_tdc.xlsx,Diaria,2023-06-16,2023-06-16,2023,27.1737,Bs/USD
tipo_cambio_bcv_usd,Tipo de cambio BCV,Economía,Banco Central de Venezuela,https://www.bcv.org.ve/sites/default/files/indicadores_sector_externo/2_1_1_tdc.xlsx,Diaria,2023-06-20,2023-06-20,2023,27.278,Bs/USD
tipo_cambio_bcv_usd,Tipo de cambio BCV,Economía,Banco Central de Venezuela,https://www.bcv.org.ve/sites/default/files/indicadores_sector_externo/2_1_1_tdc.xlsx,Diaria,2023-06-21,2023-06-21,2023,27.2543,Bs/USD
tipo_cambio_bcv_usd,Tipo de cambio BCV,Economía,Banco Central de Venezuela,https://www.bcv.org.ve/sites/default/files/indicadores_sector_externo/2_1_1_tdc.xlsx,Diaria,2023-06-22,2023-06-22,2023,27.3,Bs/USD
tipo_cambio_bcv_usd,Tipo de cambio BCV,Economía,Banco Central de Venezuela,https://www.bcv.org.ve/sites/default/files/indicadores_sector_externo/2_1_1_tdc.xlsx,Diaria,2023-06-23,2023-06-23,2023,27.542,Bs/USD
tipo_cambio_bcv_usd,Tipo de cambio BCV,Economía,Banco Central de Venezuela,https://www.bcv.org.ve/sites/default/files/indicadores_sector_externo/2_1_1_tdc.xlsx,Diaria,2023-06-26,2023-06-26,2023,27.6096,Bs/USD
tipo_cambio_bcv_usd,Tipo de cambio BCV,Economía,Banco Central de Venezuela,https://www.bcv.org.ve/sites/default/files/indicadores_sector_externo/2_1_1_tdc.xlsx,Diaria,2023-06-27,2023-06-27,2023,27.6169,Bs/USD
tipo_cambio_bcv_usd,Tipo de cambio BCV,Economía,Banco Central de Venezuela,https://www.bcv.org.ve/sites/default/files/indicadores_sector_externo/2_1_1_tdc.xlsx,Diaria,2023-06-28,2023-06-28,2023,27.7156,Bs/USD
tipo_cambio_bcv_usd,Tipo de cambio BCV,Economía,Banco Central de Venezuela,https://www.bcv.org.ve/sites/default/files/indicadores_sector_externo/2_1_1_tdc.xlsx,Diaria,2023-06-29,2023-06-29,2023,27.8374,Bs/USD
tipo_cambio_bcv_usd,Tipo de cambio BCV,Economía,Banco Central de Venezuela,https://www.bcv.org.ve/sites/default/files/indicadores_sector_externo/2_1_1_tdc.xlsx,Diaria,2023-06-30,2023-06-30,2023,27.8546,Bs/USD
tipo_cambio_bcv_usd,Tipo de cambio BCV,Economía,Banco Central de Venezuela,https://www.bcv.org.ve/sites/default/files/indicadores_sector_externo/2_1_1_tdc.xlsx,Diaria,2023-07-04,2023-07-04,2023,28.0162,Bs/USD
tipo_cambio_bcv_usd,Tipo de cambio BCV,Economía,Banco Central de Venezuela,https://www.bcv.org.ve/sites/default/files/indicadores_sector_externo/2_1_1_tdc.xlsx,Diaria,2023-07-06,2023-07-06,2023,28.1648,Bs/USD
tipo_cambio_bcv_usd,Tipo de cambio BCV,Economía,Banco Central de Venezuela,https://www.bcv.org.ve/sites/default/files/indicadores_sector_externo/2_1_1_tdc.xlsx,Diaria,2023-07-07,2023-07-07,2023,28.2768,Bs/USD
tipo_cambio_bcv_usd,Tipo de cambio BCV,Economía,Banco Central de Venezuela,https://www.bcv.org.ve/sites/default/files/indicadores_sector_externo/2_1_1_tdc.xlsx,Diaria,2023-07-10,2023-07-10,2023,28.3048,Bs/USD
tipo_cambio_bcv_usd,Tipo de cambio BCV,Economía,Banco Central de Venezuela,https://www.bcv.org.ve/sites/default/files/indicadores_sector_externo/2_1_1_tdc.xlsx,Diaria,2023-07-11,2023-07-11,2023,28.2066,Bs/USD
tipo_cambio_bcv_usd,Tipo de cambio BCV,Economía,Banco Central de Venezuela,https://www.bcv.org.ve/sites/default/files/indicadores_sector_externo/2_1_1_tdc.xlsx,Diaria,2023-07-12,2023-07-12,2023,28.3568,Bs/USD
tipo_cambio_bcv_usd,Tipo de cambio BCV,Economía,Banco Central de Venezuela,https://www.bcv.org.ve/sites/default/files/indicadores_sector_externo/2_1_1_tdc.xlsx,Diaria,2023-07-13,2023-07-13,2023,28.3529,Bs/USD
tipo_cambio_bcv_usd,Tipo de cambio BCV,Economía,Banco Central de Venezuela,https://www.bcv.org.ve/sites/default/files/indicadores_sector_externo/2_1_1_tdc.xlsx,Diaria,2023-07-14,2023-07-14,2023,28.4556,Bs/USD
tipo_cambio_bcv_usd,Tipo de cambio BCV,Economía,Banco Central de Venezuela,https://www.bcv.org.ve/sites/default/files/indicadores_sector_externo/2_1_1_tdc.xlsx,Diaria,2023-07-17,2023-07-17,2023,28.6099,Bs/USD
tipo_cambio_bcv_usd,Tipo de cambio BCV,Economía,Banco Central de Venezuela,https://www.bcv.org.ve/sites/default/files/indicadores_sector_externo/2_1_1_tdc.xlsx,Diaria,2023-07-18,2023-07-18,2023,28.6695,Bs/USD
tipo_cambio_bcv_usd,Tipo de cambio BCV,Economía,Banco Central de Venezuela,https://www.bcv.org.ve/sites/default/files/indicadores_sector_externo/2_1_1_tdc.xlsx,Diaria,2023-07-19,2023-07-19,2023,28.8123,Bs/USD
tipo_cambio_bcv_usd,Tipo de cambio BCV,Economía,Banco Central de Venezuela,https://www.bcv.org.ve/sites/default/files/indicadores_sector_externo/2_1_1_tdc.xlsx,Diaria,2023-07-20,2023-07-20,2023,28.8789,Bs/USD
tipo_cambio_bcv_usd,Tipo de cambio BCV,Economía,Banco Central de Venezuela,https://www.bcv.org.ve/sites/default/files/indicadores_sector_externo/2_1_1_tdc.xlsx,Diaria,2023-07-21,2023-07-21,2023,28.9906,Bs/USD
tipo_cambio_bcv_usd,Tipo de cambio BCV,Economía,Banco Central de Venezuela,https://www.bcv.org.ve/sites/default/files/indicadores_sector_externo/2_1_1_tdc.xlsx,Diaria,2023-07-25,2023-07-25,2023,29.0872,Bs/USD
tipo_cambio_bcv_usd,Tipo de cambio BCV,Economía,Banco Central de Venezuela,https://www.bcv.org.ve/sites/default/files/indicadores_sector_externo/2_1_1_tdc.xlsx,Diaria,2023-07-26,2023-07-26,2023,29.1042,Bs/USD
tipo_cambio_bcv_usd,Tipo de cambio BCV,Economía,Banco Central de Venezuela,https://www.bcv.org.ve/sites/default/files/indicadores_sector_externo/2_1_1_tdc.xlsx,Diaria,2023-07-27,2023-07-27,2023,29.314,Bs/USD
tipo_cambio_bcv_usd,Tipo de cambio BCV,Economía,Banco Central de Venezuela,https://www.bcv.org.ve/sites/default/files/indicadores_sector_externo/2_1_1_tdc.xlsx,Diaria,2023-07-28,2023-07-28,2023,29.3052,Bs/USD
tipo_cambio_bcv_usd,Tipo de cambio BCV,Economía,Banco Central de Venezuela,https://www.bcv.org.ve/sites/default/files/indicadores_sector_externo/2_1_1_tdc.xlsx,Diaria,2023-07-31,2023-07-31,2023,29.512,Bs/USD
tipo_cambio_bcv_usd,Tipo de cambio BCV,Economía,Banco Central de Venezuela,https://www.bcv.org.ve/sites/default/files/indicadores_sector_externo/2_1_1_tdc.xlsx,Diaria,2023-08-01,2023-08-01,2023,29.5037,Bs/USD
tipo_cambio_bcv_usd,Tipo de cambio BCV,Economía,Banco Central de Venezuela,https://www.bcv.org.ve/sites/default/files/indicadores_sector_externo/2_1_1_tdc.xlsx,Diaria,2023-08-02,2023-08-02,2023,29.6153,Bs/USD
tipo_cambio_bcv_usd,Tipo de cambio BCV,Economía,Banco Central de Venezuela,https://www.bcv.org.ve/sites/default/files/indicadores_sector_externo/2_1_1_tdc.xlsx,Diaria,2023-08-03,2023-08-03,2023,29.7559,Bs/USD
tipo_cambio_bcv_usd,Tipo de cambio BCV,Economía,Banco Central de Venezuela,https://www.bcv.org.ve/sites/default/files/indicadores_sector_externo/2_1_1_tdc.xlsx,Diaria,2023-08-04,2023-08-04,2023,30.1042,Bs/USD
tipo_cambio_bcv_usd,Tipo de cambio BCV,Economía,Banco Central de Venezuela,https://www.bcv.org.ve/sites/default/files/indicadores_sector_externo/2_1_1_tdc.xlsx,Diaria,2023-08-07,2023-08-07,2023,30.9826,Bs/USD
tipo_cambio_bcv_usd,Tipo de cambio BCV,Economía,Banco Central de Venezuela,https://www.bcv.org.ve/sites/default/files/indicadores_sector_externo/2_1_1_tdc.xlsx,Diaria,2023-08-08,2023-08-08,2023,30.9685,Bs/USD
tipo_cambio_bcv_usd,Tipo de cambio BCV,Economía,Banco Central de Venezuela,https://www.bcv.org.ve/sites/default/files/indicadores_sector_externo/2_1_1_tdc.xlsx,Diaria,2023-08-09,2023-08-09,2023,31.0989,Bs/USD
tipo_cambio_bcv_usd,Tipo de cambio BCV,Economía,Banco Central de Venezuela,https://www.bcv.org.ve/sites/default/files/indicadores_sector_externo/2_1_1_tdc.xlsx,Diaria,2023-08-10,2023-08-10,2023,31.2376,Bs/USD
tipo_cambio_bcv_usd,Tipo de cambio BCV,Economía,Banco Central de Venezuela,https://www.bcv.org.ve/sites/default/files/indicadores_sector_externo/2_1_1_tdc.xlsx,Diaria,2023-08-11,2023-08-11,2023,31.3554,Bs/USD
tipo_cambio_bcv_usd,Tipo de cambio BCV,Economía,Banco Central de Venezuela,https://www.bcv.org.ve/sites/default/files/indicadores_sector_externo/2_1_1_tdc.xlsx,Diaria,2023-08-15,2023-08-15,2023,31.5251,Bs/USD
tipo_cambio_bcv_usd,Tipo de cambio BCV,Economía,Banco Central de Venezuela,https://www.bcv.org.ve/sites/default/files/indicadores_sector_externo/2_1_1_tdc.xlsx,Diaria,2023-08-16,2023-08-16,2023,31.5098,Bs/USD
tipo_cambio_bcv_usd,Tipo de cambio BCV,Economía,Banco Central de Venezuela,https://www.bcv.org.ve/sites/default/files/indicadores_sector_externo/2_1_1_tdc.xlsx,Diaria,2023-08-17,2023-08-17,2023,31.6117,Bs/USD
tipo_cambio_bcv_usd,Tipo de cambio BCV,Economía,Banco Central de Venezuela,https://www.bcv.org.ve/sites/default/files/indicadores_sector_externo/2_1_1_tdc.xlsx,Diaria,2023-08-18,2023-08-18,2023,31.7535,Bs/USD
tipo_cambio_bcv_usd,Tipo de cambio BCV,Economía,Banco Central de Venezuela,https://www.bcv.org.ve/sites/default/files/indicadores_sector_externo/2_1_1_tdc.xlsx,Diaria,2023-08-21,2023-08-21,2023,31.8473,Bs/USD
tipo_cambio_bcv_usd,Tipo de cambio BCV,Economía,Banco Central de Venezuela,https://www.bcv.org.ve/sites/default/files/indicadores_sector_externo/2_1_1_tdc.xlsx,Diaria,2023-08-22,2023-08-22,2023,31.8337,Bs/USD
tipo_cambio_bcv_usd,Tipo de cambio BCV,Economía,Banco Central de Venezuela,https://www.bcv.org.ve/sites/default/files/indicadores_sector_externo/2_1_1_tdc.xlsx,Diaria,2023-08-23,2023-08-23,2023,32.0079,Bs/USD
tipo_cambio_bcv_usd,Tipo de cambio BCV,Economía,Banco Central de Venezuela,https://www.bcv.org.ve/sites/default/files/indicadores_sector_externo/2_1_1_tdc.xlsx,Diaria,2023-08-24,2023-08-24,2023,32.1785,Bs/USD
tipo_cambio_bcv_usd,Tipo de cambio BCV,Economía,Banco Central de Venezuela,https://www.bcv.org.ve/sites/default/files/indicadores_sector_externo/2_1_1_tdc.xlsx,Diaria,2023-08-25,2023-08-25,2023,32.2956,Bs/USD
tipo_cambio_bcv_usd,Tipo de cambio BCV,Economía,Banco Central de Venezuela,https://www.bcv.org.ve/sites/default/files/indicadores_sector_externo/2_1_1_tdc.xlsx,Diaria,2023-08-28,2023-08-28,2023,32.3445,Bs/USD
tipo_cambio_bcv_usd,Tipo de cambio BCV,Economía,Banco Central de Venezuela,https://www.bcv.org.ve/sites/default/files/indicadores_sector_externo/2_1_1_tdc.xlsx,Diaria,2023-08-29,2023-08-29,2023,32.4371,Bs/USD
tipo_cambio_bcv_usd,Tipo de cambio BCV,Economía,Banco Central de Venezuela,https://www.bcv.org.ve/sites/default/files/indicadores_sector_externo/2_1_1_tdc.xlsx,Diaria,2023-08-30,2023-08-30,2023,32.4284,Bs/USD
tipo_cambio_bcv_usd,Tipo de cambio BCV,Economía,Banco Central de Venezuela,https://www.bcv.org.ve/sites/default/files/indicadores_sector_externo/2_1_1_tdc.xlsx,Diaria,2023-08-31,2023-08-31,2023,32.5079,Bs/USD
tipo_cambio_bcv_usd,Tipo de cambio BCV,Economía,Banco Central de Venezuela,https://www.bcv.org.ve/sites/default/files/indicadores_sector_externo/2_1_1_tdc.xlsx,Diaria,2023-09-01,2023-09-01,2023,32.5984,Bs/USD
tipo_cambio_bcv_usd,Tipo de cambio BCV,Economía,Banco Central de Venezuela,https://www.bcv.org.ve/sites/default/files/indicadores_sector_externo/2_1_1_tdc.xlsx,Diaria,2023-09-04,2023-09-04,2023,32.8151,Bs/USD
tipo_cambio_bcv_usd,Tipo de cambio BCV,Economía,Banco Central de Venezuela,https://www.bcv.org.ve/sites/default/files/indicadores_sector_externo/2_1_1_tdc.xlsx,Diaria,2023-09-05,2023-09-05,2023,32.7921,Bs/USD
tipo_cambio_bcv_usd,Tipo de cambio BCV,Economía,Banco Central de Venezuela,https://www.bcv.org.ve/sites/default/files/indicadores_sector_externo/2_1_1_tdc.xlsx,Diaria,2023-09-06,2023-09-06,2023,32.9394,Bs/USD
tipo_cambio_bcv_usd,Tipo de cambio BCV,Economía,Banco Central de Venezuela,https://www.bcv.org.ve/sites/default/files/indicadores_sector_externo/2_1_1_tdc.xlsx,Diaria,2023-09-07,2023-09-07,2023,33.1115,Bs/USD
tipo_cambio_bcv_usd,Tipo de cambio BCV,Economía,Banco Central de Venezuela,https://www.bcv.org.ve/sites/default/files/indicadores_sector_externo/2_1_1_tdc.xlsx,Diaria,2023-09-08,2023-09-08,2023,33.2157,Bs/USD
tipo_cambio_bcv_usd,Tipo de cambio BCV,Economía,Banco Central de Venezuela,https://www.bcv.org.ve/sites/default/files/indicadores_sector_externo/2_1_1_tdc.xlsx,Diaria,2023-09-12,2023-09-12,2023,33.3401,Bs/USD
tipo_cambio_bcv_usd,Tipo de cambio BCV,Economía,Banco Central de Venezuela,https://www.bcv.org.ve/sites/default/files/indicadores_sector_externo/2_1_1_tdc.xlsx,Diaria,2023-09-13,2023-09-13,2023,33.3371,Bs/USD
tipo_cambio_bcv_usd,Tipo de cambio BCV,Economía,Banco Central de Venezuela,https://www.bcv.org.ve/sites/default/files/indicadores_sector_externo/2_1_1_tdc.xlsx,Diaria,2023-09-14,2023-09-14,2023,33.4402,Bs/USD
tipo_cambio_bcv_usd,Tipo de cambio BCV,Economía,Banco Central de Venezuela,https://www.bcv.org.ve/sites/default/files/indicadores_sector_externo/2_1_1_tdc.xlsx,Diaria,2023-09-15,2023-09-15,2023,33.5078,Bs/USD
tipo_cambio_bcv_usd,Tipo de cambio BCV,Economía,Banco Central de Venezuela,https://www.bcv.org.ve/sites/default/files/indicadores_sector_externo/2_1_1_tdc.xlsx,Diaria,2023-09-18,2023-09-18,2023,33.6607,Bs/USD
tipo_cambio_bcv_usd,Tipo de cambio BCV,Economía,Banco Central de Venezuela,https://www.bcv.org.ve/sites/default/files/indicadores_sector_externo/2_1_1_tdc.xlsx,Diaria,2023-09-19,2023-09-19,2023,33.6681,Bs/USD
tipo_cambio_bcv_usd,Tipo de cambio BCV,Economía,Banco Central de Venezuela,https://www.bcv.org.ve/sites/default/files/indicadores_sector_externo/2_1_1_tdc.xlsx,Diaria,2023-09-20,2023-09-20,2023,33.8161,Bs/USD
tipo_cambio_bcv_usd,Tipo de cambio BCV,Economía,Banco Central de Venezuela,https://www.bcv.org.ve/sites/default/files/indicadores_sector_externo/2_1_1_tdc.xlsx,Diaria,2023-09-21,2023-09-21,2023,33.8333,Bs/USD
tipo_cambio_bcv_usd,Tipo de cambio BCV,Economía,Banco Central de Venezuela,https://www.bcv.org.ve/sites/default/files/indicadores_sector_externo/2_1_1_tdc.xlsx,Diaria,2023-09-22,2023-09-22,2023,33.9289,Bs/USD
tipo_cambio_bcv_usd,Tipo de cambio BCV,Economía,Banco Central de Venezuela,https://www.bcv.org.ve/sites/default/files/indicadores_sector_externo/2_1_1_tdc.xlsx,Diaria,2023-09-25,2023-09-25,2023,33.9912,Bs/USD
tipo_cambio_bcv_usd,Tipo de cambio BCV,Economía,Banco Central de Venezuela,https://www.bcv.org.ve/sites/default/files/indicadores_sector_externo/2_1_1_tdc.xlsx,Diaria,2023-09-26,2023-09-26,2023,34.0233,Bs/USD
tipo_cambio_bcv_usd,Tipo de cambio BCV,Economía,Banco Central de Venezuela,https://www.bcv.org.ve/sites/default/files/indicadores_sector_externo/2_1_1_tdc.xlsx,Diaria,2023-09-27,2023-09-27,2023,34.0933,Bs/USD
tipo_cambio_bcv_usd,Tipo de cambio BCV,Economía,Banco Central de Venezuela,https://www.bcv.org.ve/sites/default/files/indicadores_sector_externo/2_1_1_tdc.xlsx,Diaria,2023-09-28,2023-09-28,2023,34.2507,Bs/USD
tipo_cambio_bcv_usd,Tipo de cambio BCV,Economía,Banco Central de Venezuela,https://www.bcv.org.ve/sites/default/files/indicadores_sector_externo/2_1_1_tdc.xlsx,Diaria,2023-09-29,2023-09-29,2023,34.3009,Bs/USD
tipo_cambio_bcv_usd,Tipo de cambio BCV,Economía,Banco Central de Venezuela,https://www.bcv.org.ve/sites/default/files/indicadores_sector_externo/2_1_1_tdc.xlsx,Diaria,2023-10-02,2023-10-02,2023,34.4254,Bs/USD
tipo_cambio_bcv_usd,Tipo de cambio BCV,Economía,Banco Central de Venezuela,https://www.bcv.org.ve/sites/default/files/indicadores_sector_externo/2_1_1_tdc.xlsx,Diaria,2023-10-03,2023-10-03,2023,34.4681,Bs/USD
tipo_cambio_bcv_usd,Tipo de cambio BCV,Economía,Banco Central de Venezuela,https://www.bcv.org.ve/sites/default/files/indicadores_sector_externo/2_1_1_tdc.xlsx,Diaria,2023-10-04,2023-10-04,2023,34.6685,Bs/USD
tipo_cambio_bcv_usd,Tipo de cambio BCV,Economía,Banco Central de Venezuela,https://www.bcv.org.ve/sites/default/files/indicadores_sector_externo/2_1_1_tdc.xlsx,Diaria,2023-10-05,2023-10-05,2023,34.7133,Bs/USD
tipo_cambio_bcv_usd,Tipo de cambio BCV,Economía,Banco Central de Venezuela,https://www.bcv.org.ve/sites/default/files/indicadores_sector_externo/2_1_1_tdc.xlsx,Diaria,2023-10-06,2023-10-06,2023,34.7499,Bs/USD
tipo_cambio_bcv_usd,Tipo de cambio BCV,Economía,Banco Central de Venezuela,https://www.bcv.org.ve/sites/default/files/indicadores_sector_externo/2_1_1_tdc.xlsx,Diaria,2023-10-09,2023-10-09,2023,34.8565,Bs/USD
tipo_cambio_bcv_usd,Tipo de cambio BCV,Economía,Banco Central de Venezuela,https://www.bcv.org.ve/sites/default/files/indicadores_sector_externo/2_1_1_tdc.xlsx,Diaria,2023-10-10,2023-10-10,2023,34.8199,Bs/USD
tipo_cambio_bcv_usd,Tipo de cambio BCV,Economía,Banco Central de Venezuela,https://www.bcv.org.ve/sites/default/files/indicadores_sector_externo/2_1_1_tdc.xlsx,Diaria,2023-10-11,2023-10-11,2023,34.8416,Bs/USD
tipo_cambio_bcv_usd,Tipo de cambio BCV,Economía,Banco Central de Venezuela,https://www.bcv.org.ve/sites/default/files/indicadores_sector_externo/2_1_1_tdc.xlsx,Diaria,2023-10-13,2023-10-13,2023,34.9001,Bs/USD
tipo_cambio_bcv_usd,Tipo de cambio BCV,Economía,Banco Central de Venezuela,https://www.bcv.org.ve/sites/default/files/indicadores_sector_externo/2_1_1_tdc.xlsx,Diaria,2023-10-16,2023-10-16,2023,34.8776,Bs/USD
tipo_cambio_bcv_usd,Tipo de cambio BCV,Economía,Banco Central de Venezuela,https://www.bcv.org.ve/sites/default/files/indicadores_sector_externo/2_1_1_tdc.xlsx,Diaria,2023-10-17,2023-10-17,2023,34.8508,Bs/USD
tipo_cambio_bcv_usd,Tipo de cambio BCV,Economía,Banco Central de Venezuela,https://www.bcv.org.ve/sites/default/files/indicadores_sector_externo/2_1_1_tdc.xlsx,Diaria,2023-10-18,2023-10-18,2023,34.8126,Bs/USD
tipo_cambio_bcv_usd,Tipo de cambio BCV,Economía,Banco Central de Venezuela,https://www.bcv.org.ve/sites/default/files/indicadores_sector_externo/2_1_1_tdc.xlsx,Diaria,2023-10-19,2023-10-19,2023,34.8602,Bs/USD
tipo_cambio_bcv_usd,Tipo de cambio BCV,Economía,Banco Central de Venezuela,https://www.bcv.org.ve/sites/default/files/indicadores_sector_externo/2_1_1_tdc.xlsx,Diaria,2023-10-20,2023-10-20,2023,34.8584,Bs/USD
tipo_cambio_bcv_usd,Tipo de cambio BCV,Economía,Banco Central de Venezuela,https://www.bcv.org.ve/sites/default/files/indicadores_sector_externo/2_1_1_tdc.xlsx,Diaria,2023-10-23,2023-10-23,2023,34.9779,Bs/USD
tipo_cambio_bcv_usd,Tipo de cambio BCV,Economía,Banco Central de Venezuela,https://www.bcv.org.ve/sites/default/files/indicadores_sector_externo/2_1_1_tdc.xlsx,Diaria,2023-10-24,2023-10-24,2023,34.976,Bs/USD
tipo_cambio_bcv_usd,Tipo de cambio BCV,Economía,Banco Central de Venezuela,https://www.bcv.org.ve/sites/default/files/indicadores_sector_externo/2_1_1_tdc.xlsx,Diaria,2023-10-25,2023-10-25,2023,35.0278,Bs/USD
tipo_cambio_bcv_usd,Tipo de cambio BCV,Economía,Banco Central de Venezuela,https://www.bcv.org.ve/sites/default/files/indicadores_sector_externo/2_1_1_tdc.xlsx,Diaria,2023-10-26,2023-10-26,2023,35.0222,Bs/USD
tipo_cambio_bcv_usd,Tipo de cambio BCV,Economía,Banco Central de Venezuela,https://www.bcv.org.ve/sites/default/files/indicadores_sector_externo/2_1_1_tdc.xlsx,Diaria,2023-10-27,2023-10-27,2023,35.0919,Bs/USD
tipo_cambio_bcv_usd,Tipo de cambio BCV,Economía,Banco Central de Venezuela,https://www.bcv.org.ve/sites/default/files/indicadores_sector_externo/2_1_1_tdc.xlsx,Diaria,2023-10-31,2023-10-31,2023,35.1276,Bs/USD
tipo_cambio_bcv_usd,Tipo de cambio BCV,Economía,Banco Central de Venezuela,https://www.bcv.org.ve/sites/default/files/indicadores_sector_externo/2_1_1_tdc.xlsx,Diaria,2023-11-01,2023-11-01,2023,35.0653,Bs/USD
tipo_cambio_bcv_usd,Tipo de cambio BCV,Economía,Banco Central de Venezuela,https://www.bcv.org.ve/sites/default/files/indicadores_sector_externo/2_1_1_tdc.xlsx,Diaria,2023-11-02,2023-11-02,2023,35.1535,Bs/USD
tipo_cambio_bcv_usd,Tipo de cambio BCV,Economía,Banco Central de Venezuela,https://www.bcv.org.ve/sites/default/files/indicadores_sector_externo/2_1_1_tdc.xlsx,Diaria,2023-11-03,2023-11-03,2023,35.1724,Bs/USD
tipo_cambio_bcv_usd,Tipo de cambio BCV,Economía,Banco Central de Venezuela,https://www.bcv.org.ve/sites/default/files/indicadores_sector_externo/2_1_1_tdc.xlsx,Diaria,2023-11-07,2023-11-07,2023,35.236,Bs/USD
tipo_cambio_bcv_usd,Tipo de cambio BCV,Economía,Banco Central de Venezuela,https://www.bcv.org.ve/sites/default/files/indicadores_sector_externo/2_1_1_tdc.xlsx,Diaria,2023-11-08,2023-11-08,2023,35.1541,Bs/USD
tipo_cambio_bcv_usd,Tipo de cambio BCV,Economía,Banco Central de Venezuela,https://www.bcv.org.ve/sites/default/files/indicadores_sector_externo/2_1_1_tdc.xlsx,Diaria,2023-11-09,2023-11-09,2023,35.2458,Bs/USD
tipo_cambio_bcv_usd,Tipo de cambio BCV,Economía,Banco Central de Venezuela,https://www.bcv.org.ve/sites/default/files/indicadores_sector_externo/2_1_1_tdc.xlsx,Diaria,2023-11-10,2023-11-10,2023,35.3342,Bs/USD
tipo_cambio_bcv_usd,Tipo de cambio BCV,Economía,Banco Central de Venezuela,https://www.bcv.org.ve/sites/default/files/indicadores_sector_externo/2_1_1_tdc.xlsx,Diaria,2023-11-13,2023-11-13,2023,35.3706,Bs/USD
tipo_cambio_bcv_usd,Tipo de cambio BCV,Economía,Banco Central de Venezuela,https://www.bcv.org.ve/sites/default/files/indicadores_sector_externo/2_1_1_tdc.xlsx,Diaria,2023-11-14,2023-11-14,2023,35.3148,Bs/USD
tipo_cambio_bcv_usd,Tipo de cambio BCV,Economía,Banco Central de Venezuela,https://www.bcv.org.ve/sites/default/files/indicadores_sector_externo/2_1_1_tdc.xlsx,Diaria,2023-11-15,2023-11-15,2023,35.3819,Bs/USD
tipo_cambio_bcv_usd,Tipo de cambio BCV,Economía,Banco Central de Venezuela,https://www.bcv.org.ve/sites/default/files/indicadores_sector_externo/2_1_1_tdc.xlsx,Diaria,2023-11-16,2023-11-16,2023,35.4108,Bs/USD
tipo_cambio_bcv_usd,Tipo de cambio BCV,Economía,Banco Central de Venezuela,https://www.bcv.org.ve/sites/default/files/indicadores_sector_externo/2_1_1_tdc.xlsx,Diaria,2023-11-17,2023-11-17,2023,35.4298,Bs/USD
tipo_cambio_bcv_usd,Tipo de cambio BCV,Economía,Banco Central de Venezuela,https://www.bcv.org.ve/sites/default/files/indicadores_sector_externo/2_1_1_tdc.xlsx,Diaria,2023-11-20,2023-11-20,2023,35.478,Bs/USD
tipo_cambio_bcv_usd,Tipo de cambio BCV,Economía,Banco Central de Venezuela,https://www.bcv.org.ve/sites/default/files/indicadores_sector_externo/2_1_1_tdc.xlsx,Diaria,2023-11-21,2023-11-21,2023,35.4511,Bs/USD
tipo_cambio_bcv_usd,Tipo de cambio BCV,Economía,Banco Central de Venezuela,https://www.bcv.org.ve/sites/default/files/indicadores_sector_externo/2_1_1_tdc.xlsx,Diaria,2023-11-22,2023-11-22,2023,35.4186,Bs/USD
tipo_cambio_bcv_usd,Tipo de cambio BCV,Economía,Banco Central de Venezuela,https://www.bcv.org.ve/sites/default/files/indicadores_sector_externo/2_1_1_tdc.xlsx,Diaria,2023-11-23,2023-11-23,2023,35.3916,Bs/USD
tipo_cambio_bcv_usd,Tipo de cambio BCV,Economía,Banco Central de Venezuela,https://www.bcv.org.ve/sites/default/files/indicadores_sector_externo/2_1_1_tdc.xlsx,Diaria,2023-11-24,2023-11-24,2023,35.4854,Bs/USD
tipo_cambio_bcv_usd,Tipo de cambio BCV,Economía,Banco Central de Venezuela,https://www.bcv.org.ve/sites/default/files/indicadores_sector_externo/2_1_1_tdc.xlsx,Diaria,2023-11-27,2023-11-27,2023,35.5021,Bs/USD
tipo_cambio_bcv_usd,Tipo de cambio BCV,Economía,Banco Central de Venezuela,https://www.bcv.org.ve/sites/default/files/indicadores_sector_externo/2_1_1_tdc.xlsx,Diaria,2023-11-28,2023-11-28,2023,35.4708,Bs/USD
tipo_cambio_bcv_usd,Tipo de cambio BCV,Economía,Banco Central de Venezuela,https://www.bcv.org.ve/sites/default/files/indicadores_sector_externo/2_1_1_tdc.xlsx,Diaria,2023-11-29,2023-11-29,2023,35.4784,Bs/USD
tipo_cambio_bcv_usd,Tipo de cambio BCV,Economía,Banco Central de Venezuela,https://www.bcv.org.ve/sites/default/files/indicadores_sector_externo/2_1_1_tdc.xlsx,Diaria,2023-11-30,2023-11-30,2023,35.4939,Bs/USD
tipo_cambio_bcv_usd,Tipo de cambio BCV,Economía,Banco Central de Venezuela,https://www.bcv.org.ve/sites/default/files/indicadores_sector_externo/2_1_1_tdc.xlsx,Diaria,2023-12-01,2023-12-01,2023,35.5131,Bs/USD
tipo_cambio_bcv_usd,Tipo de cambio BCV,Economía,Banco Central de Venezuela,https://www.bcv.org.ve/sites/default/files/indicadores_sector_externo/2_1_1_tdc.xlsx,Diaria,2023-12-04,2023-12-04,2023,35.5806,Bs/USD
tipo_cambio_bcv_usd,Tipo de cambio BCV,Economía,Banco Central de Venezuela,https://www.bcv.org.ve/sites/default/files/indicadores_sector_externo/2_1_1_tdc.xlsx,Diaria,2023-12-05,2023-12-05,2023,35.5228,Bs/USD
tipo_cambio_bcv_usd,Tipo de cambio BCV,Economía,Banco Central de Venezuela,https://www.bcv.org.ve/sites/default/files/indicadores_sector_externo/2_1_1_tdc.xlsx,Diaria,2023-12-06,2023-12-06,2023,35.5578,Bs/USD
tipo_cambio_bcv_usd,Tipo de cambio BCV,Economía,Banco Central de Venezuela,https://www.bcv.org.ve/sites/default/files/indicadores_sector_externo/2_1_1_tdc.xlsx,Diaria,2023-12-07,2023-12-07,2023,35.5974,Bs/USD
tipo_cambio_bcv_usd,Tipo de cambio BCV,Economía,Banco Central de Venezuela,https://www.bcv.org.ve/sites/default/files/indicadores_sector_externo/2_1_1_tdc.xlsx,Diaria,2023-12-08,2023-12-08,2023,35.6018,Bs/USD
tipo_cambio_bcv_usd,Tipo de cambio BCV,Economía,Banco Central de Venezuela,https://www.bcv.org.ve/sites/default/files/indicadores_sector_externo/2_1_1_tdc.xlsx,Diaria,2023-12-12,2023-12-12,2023,35.6248,Bs/USD
tipo_cambio_bcv_usd,Tipo de cambio BCV,Economía,Banco Central de Venezuela,https://www.bcv.org.ve/sites/default/files/indicadores_sector_externo/2_1_1_tdc.xlsx,Diaria,2023-12-13,2023-12-13,2023,35.5724,Bs/USD
tipo_cambio_bcv_usd,Tipo de cambio BCV,Economía,Banco Central de Venezuela,https://www.bcv.org.ve/sites/default/files/indicadores_sector_externo/2_1_1_tdc.xlsx,Diaria,2023-12-14,2023-12-14,2023,35.6262,Bs/USD
tipo_cambio_bcv_usd,Tipo de cambio BCV,Economía,Banco Central de Venezuela,https://www.bcv.org.ve/sites/default/files/indicadores_sector_externo/2_1_1_tdc.xlsx,Diaria,2023-12-15,2023-12-15,2023,35.6403,Bs/USD
tipo_cambio_bcv_usd,Tipo de cambio BCV,Economía,Banco Central de Venezuela,https://www.bcv.org.ve/sites/default/files/indicadores_sector_externo/2_1_1_tdc.xlsx,Diaria,2023-12-18,2023-12-18,2023,35.7247,Bs/USD
tipo_cambio_bcv_usd,Tipo de cambio BCV,Economía,Banco Central de Venezuela,https://www.bcv.org.ve/sites/default/files/indicadores_sector_externo/2_1_1_tdc.xlsx,Diaria,2023-12-19,2023-12-19,2023,35.654,Bs/USD
tipo_cambio_bcv_usd,Tipo de cambio BCV,Economía,Banco Central de Venezuela,https://www.bcv.org.ve/sites/default/files/indicadores_sector_externo/2_1_1_tdc.xlsx,Diaria,2023-12-20,2023-12-20,2023,35.7156,Bs/USD
tipo_cambio_bcv_usd,Tipo de cambio BCV,Economía,Banco Central de Venezuela,https://www.bcv.org.ve/sites/default/files/indicadores_sector_externo/2_1_1_tdc.xlsx,Diaria,2023-12-21,2023-12-21,2023,35.732,Bs/USD
tipo_cambio_bcv_usd,Tipo de cambio BCV,Economía,Banco Central de Venezuela,https://www.bcv.org.ve/sites/default/files/indicadores_sector_externo/2_1_1_tdc.xlsx,Diaria,2023-12-22,2023-12-22,2023,35.7874,Bs/USD
tipo_cambio_bcv_usd,Tipo de cambio BCV,Economía,Banco Central de Venezuela,https://www.bcv.org.ve/sites/default/files/indicadores_sector_externo/2_1_1_tdc.xlsx,Diaria,2023-12-26,2023-12-26,2023,35.8134,Bs/USD
tipo_cambio_bcv_usd,Tipo de cambio BCV,Economía,Banco Central de Venezuela,https://www.bcv.org.ve/sites/default/files/indicadores_sector_externo/2_1_1_tdc.xlsx,Diaria,2023-12-27,2023-12-27,2023,35.7827,Bs/USD
tipo_cambio_bcv_usd,Tipo de cambio BCV,Economía,Banco Central de Venezuela,https://www.bcv.org.ve/sites/default/files/indicadores_sector_externo/2_1_1_tdc.xlsx,Diaria,2023-12-28,2023-12-28,2023,35.8348,Bs/USD
tipo_cambio_bcv_usd,Tipo de cambio BCV,Economía,Banco Central de Venezuela,https://www.bcv.org.ve/sites/default/files/indicadores_sector_externo/2_1_1_tdc.xlsx,Diaria,2023-12-29,2023-12-29,2023,35.9305,Bs/USD
tipo_cambio_bcv_usd,Tipo de cambio BCV,Economía,Banco Central de Venezuela,https://www.bcv.org.ve/sites/default/files/indicadores_sector_externo/2_1_1_tdc.xlsx,Diaria,2024-01-02,2024-01-02,2024,35.9593,Bs/USD
tipo_cambio_bcv_usd,Tipo de cambio BCV,Economía,Banco Central de Venezuela,https://www.bcv.org.ve/sites/default/files/indicadores_sector_externo/2_1_1_tdc.xlsx,Diaria,2024-01-03,2024-01-03,2024,35.867,Bs/USD
tipo_cambio_bcv_usd,Tipo de cambio BCV,Economía,Banco Central de Venezuela,https://www.bcv.org.ve/sites/default/files/indicadores_sector_externo/2_1_1_tdc.xlsx,Diaria,2024-01-04,2024-01-04,2024,35.9496,Bs/USD
tipo_cambio_bcv_usd,Tipo de cambio BCV,Economía,Banco Central de Venezuela,https://www.bcv.org.ve/sites/default/files/indicadores_sector_externo/2_1_1_tdc.xlsx,Diaria,2024-01-05,2024-01-05,2024,36.0345,Bs/USD
tipo_cambio_bcv_usd,Tipo de cambio BCV,Economía,Banco Central de Venezuela,https://www.bcv.org.ve/sites/default/files/indicadores_sector_externo/2_1_1_tdc.xlsx,Diaria,2024-01-08,2024-01-08,2024,36.0065,Bs/USD
tipo_cambio_bcv_usd,Tipo de cambio BCV,Economía,Banco Central de Venezuela,https://www.bcv.org.ve/sites/default/files/indicadores_sector_externo/2_1_1_tdc.xlsx,Diaria,2024-01-09,2024-01-09,2024,35.9385,Bs/USD
tipo_cambio_bcv_usd,Tipo de cambio BCV,Economía,Banco Central de Venezuela,https://www.bcv.org.ve/sites/default/files/indicadores_sector_externo/2_1_1_tdc.xlsx,Diaria,2024-01-10,2024-01-10,2024,35.9171,Bs/USD
tipo_cambio_bcv_usd,Tipo de cambio BCV,Economía,Banco Central de Venezuela,https://www.bcv.org.ve/sites/default/files/indicadores_sector_externo/2_1_1_tdc.xlsx,Diaria,2024-01-11,2024-01-11,2024,35.9437,Bs/USD
tipo_cambio_bcv_usd,Tipo de cambio BCV,Economía,Banco Central de Venezuela,https://www.bcv.org.ve/sites/default/files/indicadores_sector_externo/2_1_1_tdc.xlsx,Diaria,2024-01-12,2024-01-12,2024,35.9629,Bs/USD
tipo_cambio_bcv_usd,Tipo de cambio BCV,Economía,Banco Central de Venezuela,https://www.bcv.org.ve/sites/default/files/indicadores_sector_externo/2_1_1_tdc.xlsx,Diaria,2024-01-15,2024-01-15,2024,36.0397,Bs/USD
tipo_cambio_bcv_usd,Tipo de cambio BCV,Economía,Banco Central de Venezuela,https://www.bcv.org.ve/sites/default/files/indicadores_sector_externo/2_1_1_tdc.xlsx,Diaria,2024-01-16,2024-01-16,2024,35.9744,Bs/USD
tipo_cambio_bcv_usd,Tipo de cambio BCV,Economía,Banco Central de Venezuela,https://www.bcv.org.ve/sites/default/files/indicadores_sector_externo/2_1_1_tdc.xlsx,Diaria,2024-01-17,2024-01-17,2024,36.0466,Bs/USD
tipo_cambio_bcv_usd,Tipo de cambio BCV,Economía,Banco Central de Venezuela,https://www.bcv.org.ve/sites/default/files/indicadores_sector_externo/2_1_1_tdc.xlsx,Diaria,2024-01-18,2024-01-18,2024,36.0761,Bs/USD
tipo_cambio_bcv_usd,Tipo de cambio BCV,Economía,Banco Central de Venezuela,https://www.bcv.org.ve/sites/default/files/indicadores_sector_externo/2_1_1_tdc.xlsx,Diaria,2024-01-19,2024-01-19,2024,36.1379,Bs/USD
tipo_cambio_bcv_usd,Tipo de cambio BCV,Economía,Banco Central de Venezuela,https://www.bcv.org.ve/sites/default/files/indicadores_sector_externo/2_1_1_tdc.xlsx,Diaria,2024-01-22,2024-01-22,2024,36.1459,Bs/USD
tipo_cambio_bcv_usd,Tipo de cambio BCV,Economía,Banco Central de Venezuela,https://www.bcv.org.ve/sites/default/files/indicadores_sector_externo/2_1_1_tdc.xlsx,Diaria,2024-01-23,2024-01-23,2024,36.1104,Bs/USD
tipo_cambio_bcv_usd,Tipo de cambio BCV,Economía,Banco Central de Venezuela,https://www.bcv.org.ve/sites/default/files/indicadores_sector_externo/2_1_1_tdc.xlsx,Diaria,2024-01-24,2024-01-24,2024,36.1279,Bs/USD
tipo_cambio_bcv_usd,Tipo de cambio BCV,Economía,Banco Central de Venezuela,https://www.bcv.org.ve/sites/default/files/indicadores_sector_externo/2_1_1_tdc.xlsx,Diaria,2024-01-25,2024-01-25,2024,36.1187,Bs/USD
tipo_cambio_bcv_usd,Tipo de cambio BCV,Economía,Banco Central de Venezuela,https://www.bcv.org.ve/sites/default/files/indicadores_sector_externo/2_1_1_tdc.xlsx,Diaria,2024-01-26,2024-01-26,2024,36.1186,Bs/USD
tipo_cambio_bcv_usd,Tipo de cambio BCV,Economía,Banco Central de Venezuela,https://www.bcv.org.ve/sites/default/files/indicadores_sector_externo/2_1_1_tdc.xlsx,Diaria,2024-01-29,2024-01-29,2024,36.202,Bs/USD
tipo_cambio_bcv_usd,Tipo de cambio BCV,Economía,Banco Central de Venezuela,https://www.bcv.org.ve/sites/default/files/indicadores_sector_externo/2_1_1_tdc.xlsx,Diaria,2024-01-30,2024-01-30,2024,36.1418,Bs/USD
tipo_cambio_bcv_usd,Tipo de cambio BCV,Economía,Banco Central de Venezuela,https://www.bcv.org.ve/sites/default/files/indicadores_sector_externo/2_1_1_tdc.xlsx,Diaria,2024-01-31,2024-01-31,2024,36.2032,Bs/USD
tipo_cambio_bcv_usd,Tipo de cambio BCV,Economía,Banco Central de Venezuela,https://www.bcv.org.ve/sites/default/files/indicadores_sector_externo/2_1_1_tdc.xlsx,Diaria,2024-02-01,2024-02-01,2024,36.2601,Bs/USD
tipo_cambio_bcv_usd,Tipo de cambio BCV,Economía,Banco Central de Venezuela,https://www.bcv.org.ve/sites/default/files/indicadores_sector_externo/2_1_1_tdc.xlsx,Diaria,2024-02-02,2024-02-02,2024,36.2352,Bs/USD
tipo_cambio_bcv_usd,Tipo de cambio BCV,Economía,Banco Central de Venezuela,https://www.bcv.org.ve/sites/default/files/indicadores_sector_externo/2_1_1_tdc.xlsx,Diaria,2024-02-05,2024-02-05,2024,36.2859,Bs/USD
tipo_cambio_bcv_usd,Tipo de cambio BCV,Economía,Banco Central de Venezuela,https://www.bcv.org.ve/sites/default/files/indicadores_sector_externo/2_1_1_tdc.xlsx,Diaria,2024-02-06,2024-02-06,2024,36.2534,Bs/USD
tipo_cambio_bcv_usd,Tipo de cambio BCV,Economía,Banco Central de Venezuela,https://www.bcv.org.ve/sites/default/files/indicadores_sector_externo/2_1_1_tdc.xlsx,Diaria,2024-02-07,2024-02-07,2024,36.2556,Bs/USD
tipo_cambio_bcv_usd,Tipo de cambio BCV,Economía,Banco Central de Venezuela,https://www.bcv.org.ve/sites/default/files/indicadores_sector_externo/2_1_1_tdc.xlsx,Diaria,2024-02-08,2024-02-08,2024,36.2375,Bs/USD
tipo_cambio_bcv_usd,Tipo de cambio BCV,Economía,Banco Central de Venezuela,https://www.bcv.org.ve/sites/default/files/indicadores_sector_externo/2_1_1_tdc.xlsx,Diaria,2024-02-09,2024-02-09,2024,36.2919,Bs/USD
tipo_cambio_bcv_usd,Tipo de cambio BCV,Economía,Banco Central de Venezuela,https://www.bcv.org.ve/sites/default/files/indicadores_sector_externo/2_1_1_tdc.xlsx,Diaria,2024-02-14,2024-02-14,2024,36.3185,Bs/USD
tipo_cambio_bcv_usd,Tipo de cambio BCV,Economía,Banco Central de Venezuela,https://www.bcv.org.ve/sites/default/files/indicadores_sector_externo/2_1_1_tdc.xlsx,Diaria,2024-02-15,2024-02-15,2024,36.2609,Bs/USD
tipo_cambio_bcv_usd,Tipo de cambio BCV,Economía,Banco Central de Venezuela,https://www.bcv.org.ve/sites/default/files/indicadores_sector_externo/2_1_1_tdc.xlsx,Diaria,2024-02-16,2024-02-16,2024,36.2737,Bs/USD
tipo_cambio_bcv_usd,Tipo de cambio BCV,Economía,Banco Central de Venezuela,https://www.bcv.org.ve/sites/default/files/indicadores_sector_externo/2_1_1_tdc.xlsx,Diaria,2024-02-19,2024-02-19,2024,36.3358,Bs/USD
tipo_cambio_bcv_usd,Tipo de cambio BCV,Economía,Banco Central de Venezuela,https://www.bcv.org.ve/sites/default/files/indicadores_sector_externo/2_1_1_tdc.xlsx,Diaria,2024-02-20,2024-02-20,2024,36.2375,Bs/USD
tipo_cambio_bcv_usd,Tipo de cambio BCV,Economía,Banco Central de Venezuela,https://www.bcv.org.ve/sites/default/files/indicadores_sector_externo/2_1_1_tdc.xlsx,Diaria,2024-02-21,2024-02-21,2024,36.2951,Bs/USD
tipo_cambio_bcv_usd,Tipo de cambio BCV,Economía,Banco Central de Venezuela,https://www.bcv.org.ve/sites/default/files/indicadores_sector_externo/2_1_1_tdc.xlsx,Diaria,2024-02-22,2024-02-22,2024,36.2315,Bs/USD
tipo_cambio_bcv_usd,Tipo de cambio BCV,Economía,Banco Central de Venezuela,https://www.bcv.org.ve/sites/default/files/indicadores_sector_externo/2_1_1_tdc.xlsx,Diaria,2024-02-23,2024-02-23,2024,36.2329,Bs/USD
tipo_cambio_bcv_usd,Tipo de cambio BCV,Economía,Banco Central de Venezuela,https://www.bcv.org.ve/sites/default/files/indicadores_sector_externo/2_1_1_tdc.xlsx,Diaria,2024-02-26,2024-02-26,2024,36.0698,Bs/USD
tipo_cambio_bcv_usd,Tipo de cambio BCV,Economía,Banco Central de Venezuela,https://www.bcv.org.ve/sites/default/files/indicadores_sector_externo/2_1_1_tdc.xlsx,Diaria,2024-02-27,2024-02-27,2024,36.0706,Bs/USD
tipo_cambio_bcv_usd,Tipo de cambio BCV,Economía,Banco Central de Venezuela,https://www.bcv.org.ve/sites/default/files/indicadores_sector_externo/2_1_1_tdc.xlsx,Diaria,2024-02-28,2024-02-28,2024,36.0955,Bs/USD
tipo_cambio_bcv_usd,Tipo de cambio BCV,Economía,Banco Central de Venezuela,https://www.bcv.org.ve/sites/default/files/indicadores_sector_externo/2_1_1_tdc.xlsx,Diaria,2024-02-29,2024-02-29,2024,36.1304,Bs/USD
tipo_cambio_bcv_usd,Tipo de cambio BCV,Economía,Banco Central de Venezuela,https://www.bcv.org.ve/sites/default/files/indicadores_sector_externo/2_1_1_tdc.xlsx,Diaria,2024-03-01,2024-03-01,2024,36.1518,Bs/USD
tipo_cambio_bcv_usd,Tipo de cambio BCV,Economía,Banco Central de Venezuela,https://www.bcv.org.ve/sites/default/files/indicadores_sector_externo/2_1_1_tdc.xlsx,Diaria,2024-03-04,2024-03-04,2024,36.0801,Bs/USD
tipo_cambio_bcv_usd,Tipo de cambio BCV,Economía,Banco Central de Venezuela,https://www.bcv.org.ve/sites/default/files/indicadores_sector_externo/2_1_1_tdc.xlsx,Diaria,2024-03-05,2024-03-05,2024,36.0933,Bs/USD
tipo_cambio_bcv_usd,Tipo de cambio BCV,Economía,Banco Central de Venezuela,https://www.bcv.org.ve/sites/default/files/indicadores_sector_externo/2_1_1_tdc.xlsx,Diaria,2024-03-06,2024-03-06,2024,36.1318,Bs/USD
tipo_cambio_bcv_usd,Tipo de cambio BCV,Economía,Banco Central de Venezuela,https://www.bcv.org.ve/sites/default/files/indicadores_sector_externo/2_1_1_tdc.xlsx,Diaria,2024-03-07,2024-03-07,2024,36.1726,Bs/USD
tipo_cambio_bcv_usd,Tipo de cambio BCV,Economía,Banco Central de Venezuela,https://www.bcv.org.ve/sites/default/files/indicadores_sector_externo/2_1_1_tdc.xlsx,Diaria,2024-03-08,2024-03-08,2024,36.1331,Bs/USD
tipo_cambio_bcv_usd,Tipo de cambio BCV,Economía,Banco Central de Venezuela,https://www.bcv.org.ve/sites/default/files/indicadores_sector_externo/2_1_1_tdc.xlsx,Diaria,2024-03-11,2024-03-11,2024,36.1903,Bs/USD
tipo_cambio_bcv_usd,Tipo de cambio BCV,Economía,Banco Central de Venezuela,https://www.bcv.org.ve/sites/default/files/indicadores_sector_externo/2_1_1_tdc.xlsx,Diaria,2024-03-12,2024-03-12,2024,36.2005,Bs/USD
tipo_cambio_bcv_usd,Tipo de cambio BCV,Economía,Banco Central de Venezuela,https://www.bcv.org.ve/sites/default/files/indicadores_sector_externo/2_1_1_tdc.xlsx,Diaria,2024-03-13,2024-03-13,2024,36.2368,Bs/USD
tipo_cambio_bcv_usd,Tipo de cambio BCV,Economía,Banco Central de Venezuela,https://www.bcv.org.ve/sites/default/files/indicadores_sector_externo/2_1_1_tdc.xlsx,Diaria,2024-03-14,2024-03-14,2024,36.2633,Bs/USD
tipo_cambio_bcv_usd,Tipo de cambio BCV,Economía,Banco Central de Venezuela,https://www.bcv.org.ve/sites/default/files/indicadores_sector_externo/2_1_1_tdc.xlsx,Diaria,2024-03-15,2024-03-15,2024,36.276,Bs/USD
tipo_cambio_bcv_usd,Tipo de cambio BCV,Economía,Banco Central de Venezuela,https://www.bcv.org.ve/sites/default/files/indicadores_sector_externo/2_1_1_tdc.xlsx,Diaria,2024-03-18,2024-03-18,2024,36.3167,Bs/USD
tipo_cambio_bcv_usd,Tipo de cambio BCV,Economía,Banco Central de Venezuela,https://www.bcv.org.ve/sites/default/files/indicadores_sector_externo/2_1_1_tdc.xlsx,Diaria,2024-03-20,2024-03-20,2024,36.2653,Bs/USD
tipo_cambio_bcv_usd,Tipo de cambio BCV,Economía,Banco Central de Venezuela,https://www.bcv.org.ve/sites/default/files/indicadores_sector_externo/2_1_1_tdc.xlsx,Diaria,2024-03-21,2024-03-21,2024,36.2861,Bs/USD
tipo_cambio_bcv_usd,Tipo de cambio BCV,Economía,Banco Central de Venezuela,https://www.bcv.org.ve/sites/default/files/indicadores_sector_externo/2_1_1_tdc.xlsx,Diaria,2024-03-22,2024-03-22,2024,36.3217,Bs/USD
tipo_cambio_bcv_usd,Tipo de cambio BCV,Economía,Banco Central de Venezuela,https://www.bcv.org.ve/sites/default/files/indicadores_sector_externo/2_1_1_tdc.xlsx,Diaria,2024-03-25,2024-03-25,2024,36.3555,Bs/USD
tipo_cambio_bcv_usd,Tipo de cambio BCV,Economía,Banco Central de Venezuela,https://www.bcv.org.ve/sites/default/files/indicadores_sector_externo/2_1_1_tdc.xlsx,Diaria,2024-03-26,2024-03-26,2024,36.3006,Bs/USD
tipo_cambio_bcv_usd,Tipo de cambio BCV,Economía,Banco Central de Venezuela,https://www.bcv.org.ve/sites/default/files/indicadores_sector_externo/2_1_1_tdc.xlsx,Diaria,2024-03-27,2024-03-27,2024,36.334,Bs/USD
tipo_cambio_bcv_usd,Tipo de cambio BCV,Economía,Banco Central de Venezuela,https://www.bcv.org.ve/sites/default/files/indicadores_sector_externo/2_1_1_tdc.xlsx,Diaria,2024-04-01,2024-04-01,2024,36.2896,Bs/USD
tipo_cambio_bcv_usd,Tipo de cambio BCV,Economía,Banco Central de Venezuela,https://www.bcv.org.ve/sites/default/files/indicadores_sector_externo/2_1_1_tdc.xlsx,Diaria,2024-04-02,2024-04-02,2024,36.2611,Bs/USD
tipo_cambio_bcv_usd,Tipo de cambio BCV,Economía,Banco Central de Venezuela,https://www.bcv.org.ve/sites/default/files/indicadores_sector_externo/2_1_1_tdc.xlsx,Diaria,2024-04-03,2024-04-03,2024,36.286,Bs/USD
tipo_cambio_bcv_usd,Tipo de cambio BCV,Economía,Banco Central de Venezuela,https://www.bcv.org.ve/sites/default/files/indicadores_sector_externo/2_1_1_tdc.xlsx,Diaria,2024-04-04,2024-04-04,2024,36.2493,Bs/USD
tipo_cambio_bcv_usd,Tipo de cambio BCV,Economía,Banco Central de Venezuela,https://www.bcv.org.ve/sites/default/files/indicadores_sector_externo/2_1_1_tdc.xlsx,Diaria,2024-04-05,2024-04-05,2024,36.2105,Bs/USD
tipo_cambio_bcv_usd,Tipo de cambio BCV,Economía,Banco Central de Venezuela,https://www.bcv.org.ve/sites/default/files/indicadores_sector_externo/2_1_1_tdc.xlsx,Diaria,2024-04-08,2024-04-08,2024,36.2274,Bs/USD
tipo_cambio_bcv_usd,Tipo de cambio BCV,Economía,Banco Central de Venezuela,https://www.bcv.org.ve/sites/default/files/indicadores_sector_externo/2_1_1_tdc.xlsx,Diaria,2024-04-09,2024-04-09,2024,36.1809,Bs/USD
tipo_cambio_bcv_usd,Tipo de cambio BCV,Economía,Banco Central de Venezuela,https://www.bcv.org.ve/sites/default/files/indicadores_sector_externo/2_1_1_tdc.xlsx,Diaria,2024-04-10,2024-04-10,2024,36.2251,Bs/USD
tipo_cambio_bcv_usd,Tipo de cambio BCV,Economía,Banco Central de Venezuela,https://www.bcv.org.ve/sites/default/files/indicadores_sector_externo/2_1_1_tdc.xlsx,Diaria,2024-04-11,2024-04-11,2024,36.1883,Bs/USD
tipo_cambio_bcv_usd,Tipo de cambio BCV,Economía,Banco Central de Venezuela,https://www.bcv.org.ve/sites/default/files/indicadores_sector_externo/2_1_1_tdc.xlsx,Diaria,2024-04-12,2024-04-12,2024,36.2804,Bs/USD
tipo_cambio_bcv_usd,Tipo de cambio BCV,Economía,Banco Central de Venezuela,https://www.bcv.org.ve/sites/default/files/indicadores_sector_externo/2_1_1_tdc.xlsx,Diaria,2024-04-15,2024-04-15,2024,36.2947,Bs/USD
tipo_cambio_bcv_usd,Tipo de cambio BCV,Economía,Banco Central de Venezuela,https://www.bcv.org.ve/sites/default/files/indicadores_sector_externo/2_1_1_tdc.xlsx,Diaria,2024-04-16,2024-04-16,2024,36.2889,Bs/USD
tipo_cambio_bcv_usd,Tipo de cambio BCV,Economía,Banco Central de Venezuela,https://www.bcv.org.ve/sites/default/files/indicadores_sector_externo/2_1_1_tdc.xlsx,Diaria,2024-04-17,2024-04-17,2024,36.2974,Bs/USD
tipo_cambio_bcv_usd,Tipo de cambio BCV,Economía,Banco Central de Venezuela,https://www.bcv.org.ve/sites/default/files/indicadores_sector_externo/2_1_1_tdc.xlsx,Diaria,2024-04-18,2024-04-18,2024,36.3265,Bs/USD
tipo_cambio_bcv_usd,Tipo de cambio BCV,Economía,Banco Central de Venezuela,https://www.bcv.org.ve/sites/default/files/indicadores_sector_externo/2_1_1_tdc.xlsx,Diaria,2024-04-22,2024-04-22,2024,36.3421,Bs/USD
tipo_cambio_bcv_usd,Tipo de cambio BCV,Economía,Banco Central de Venezuela,https://www.bcv.org.ve/sites/default/files/indicadores_sector_externo/2_1_1_tdc.xlsx,Diaria,2024-04-23,2024-04-23,2024,36.3506,Bs/USD
tipo_cambio_bcv_usd,Tipo de cambio BCV,Economía,Banco Central de Venezuela,https://www.bcv.org.ve/sites/default/files/indicadores_sector_externo/2_1_1_tdc.xlsx,Diaria,2024-04-24,2024-04-24,2024,36.3877,Bs/USD
tipo_cambio_bcv_usd,Tipo de cambio BCV,Economía,Banco Central de Venezuela,https://www.bcv.org.ve/sites/default/files/indicadores_sector_externo/2_1_1_tdc.xlsx,Diaria,2024-04-25,2024-04-25,2024,36.4231,Bs/USD
tipo_cambio_bcv_usd,Tipo de cambio BCV,Economía,Banco Central de Venezuela,https://www.bcv.org.ve/sites/default/files/indicadores_sector_externo/2_1_1_tdc.xlsx,Diaria,2024-04-26,2024-04-26,2024,36.4311,Bs/USD
tipo_cambio_bcv_usd,Tipo de cambio BCV,Economía,Banco Central de Venezuela,https://www.bcv.org.ve/sites/default/files/indicadores_sector_externo/2_1_1_tdc.xlsx,Diaria,2024-04-29,2024-04-29,2024,36.4324,Bs/USD
tipo_cambio_bcv_usd,Tipo de cambio BCV,Economía,Banco Central de Venezuela,https://www.bcv.org.ve/sites/default/files/indicadores_sector_externo/2_1_1_tdc.xlsx,Diaria,2024-04-30,2024-04-30,2024,36.4262,Bs/USD
tipo_cambio_bcv_usd,Tipo de cambio BCV,Economía,Banco Central de Venezuela,https://www.bcv.org.ve/sites/default/files/indicadores_sector_externo/2_1_1_tdc.xlsx,Diaria,2024-05-02,2024-05-02,2024,36.473,Bs/USD
tipo_cambio_bcv_usd,Tipo de cambio BCV,Economía,Banco Central de Venezuela,https://www.bcv.org.ve/sites/default/files/indicadores_sector_externo/2_1_1_tdc.xlsx,Diaria,2024-05-03,2024-05-03,2024,36.5099,Bs/USD
tipo_cambio_bcv_usd,Tipo de cambio BCV,Economía,Banco Central de Venezuela,https://www.bcv.org.ve/sites/default/files/indicadores_sector_externo/2_1_1_tdc.xlsx,Diaria,2024-05-06,2024-05-06,2024,36.5849,Bs/USD
tipo_cambio_bcv_usd,Tipo de cambio BCV,Economía,Banco Central de Venezuela,https://www.bcv.org.ve/sites/default/files/indicadores_sector_externo/2_1_1_tdc.xlsx,Diaria,2024-05-07,2024-05-07,2024,36.5763,Bs/USD
tipo_cambio_bcv_usd,Tipo de cambio BCV,Economía,Banco Central de Venezuela,https://www.bcv.org.ve/sites/default/files/indicadores_sector_externo/2_1_1_tdc.xlsx,Diaria,2024-05-08,2024-05-08,2024,36.5621,Bs/USD
tipo_cambio_bcv_usd,Tipo de cambio BCV,Economía,Banco Central de Venezuela,https://www.bcv.org.ve/sites/default/files/indicadores_sector_externo/2_1_1_tdc.xlsx,Diaria,2024-05-09,2024-05-09,2024,36.5828,Bs/USD
tipo_cambio_bcv_usd,Tipo de cambio BCV,Economía,Banco Central de Venezuela,https://www.bcv.org.ve/sites/default/files/indicadores_sector_externo/2_1_1_tdc.xlsx,Diaria,2024-05-10,2024-05-10,2024,36.5865,Bs/USD
tipo_cambio_bcv_usd,Tipo de cambio BCV,Economía,Banco Central de Venezuela,https://www.bcv.org.ve/sites/default/files/indicadores_sector_externo/2_1_1_tdc.xlsx,Diaria,2024-05-14,2024-05-14,2024,36.6101,Bs/USD
tipo_cambio_bcv_usd,Tipo de cambio BCV,Economía,Banco Central de Venezuela,https://www.bcv.org.ve/sites/default/files/indicadores_sector_externo/2_1_1_tdc.xlsx,Diaria,2024-05-15,2024-05-15,2024,36.5949,Bs/USD
tipo_cambio_bcv_usd,Tipo de cambio BCV,Economía,Banco Central de Venezuela,https://www.bcv.org.ve/sites/default/files/indicadores_sector_externo/2_1_1_tdc.xlsx,Diaria,2024-05-16,2024-05-16,2024,36.6042,Bs/USD
tipo_cambio_bcv_usd,Tipo de cambio BCV,Economía,Banco Central de Venezuela,https://www.bcv.org.ve/sites/default/files/indicadores_sector_externo/2_1_1_tdc.xlsx,Diaria,2024-05-17,2024-05-17,2024,36.6265,Bs/USD
tipo_cambio_bcv_usd,Tipo de cambio BCV,Economía,Banco Central de Venezuela,https://www.bcv.org.ve/sites/default/files/indicadores_sector_externo/2_1_1_tdc.xlsx,Diaria,2024-05-20,2024-05-20,2024,36.5717,Bs/USD
tipo_cambio_bcv_usd,Tipo de cambio BCV,Economía,Banco Central de Venezuela,https://www.bcv.org.ve/sites/default/files/indicadores_sector_externo/2_1_1_tdc.xlsx,Diaria,2024-05-21,2024-05-21,2024,36.5703,Bs/USD
tipo_cambio_bcv_usd,Tipo de cambio BCV,Economía,Banco Central de Venezuela,https://www.bcv.org.ve/sites/default/files/indicadores_sector_externo/2_1_1_tdc.xlsx,Diaria,2024-05-22,2024-05-22,2024,36.5589,Bs/USD
tipo_cambio_bcv_usd,Tipo de cambio BCV,Economía,Banco Central de Venezuela,https://www.bcv.org.ve/sites/default/files/indicadores_sector_externo/2_1_1_tdc.xlsx,Diaria,2024-05-23,2024-05-23,2024,36.5464,Bs/USD
tipo_cambio_bcv_usd,Tipo de cambio BCV,Economía,Banco Central de Venezuela,https://www.bcv.org.ve/sites/default/files/indicadores_sector_externo/2_1_1_tdc.xlsx,Diaria,2024-05-24,2024-05-24,2024,36.5219,Bs/USD
tipo_cambio_bcv_usd,Tipo de cambio BCV,Economía,Banco Central de Venezuela,https://www.bcv.org.ve/sites/default/files/indicadores_sector_externo/2_1_1_tdc.xlsx,Diaria,2024-05-27,2024-05-27,2024,36.5129,Bs/USD
tipo_cambio_bcv_usd,Tipo de cambio BCV,Economía,Banco Central de Venezuela,https://www.bcv.org.ve/sites/default/files/indicadores_sector_externo/2_1_1_tdc.xlsx,Diaria,2024-05-28,2024-05-28,2024,36.5119,Bs/USD
tipo_cambio_bcv_usd,Tipo de cambio BCV,Economía,Banco Central de Venezuela,https://www.bcv.org.ve/sites/default/files/indicadores_sector_externo/2_1_1_tdc.xlsx,Diaria,2024-05-29,2024-05-29,2024,36.5103,Bs/USD
tipo_cambio_bcv_usd,Tipo de cambio BCV,Economía,Banco Central de Venezuela,https://www.bcv.org.ve/sites/default/files/indicadores_sector_externo/2_1_1_tdc.xlsx,Diaria,2024-05-30,2024-05-30,2024,36.5114,Bs/USD
tipo_cambio_bcv_usd,Tipo de cambio BCV,Economía,Banco Central de Venezuela,https://www.bcv.org.ve/sites/default/files/indicadores_sector_externo/2_1_1_tdc.xlsx,Diaria,2024-05-31,2024-05-31,2024,36.5372,Bs/USD
tipo_cambio_bcv_usd,Tipo de cambio BCV,Economía,Banco Central de Venezuela,https://www.bcv.org.ve/sites/default/files/indicadores_sector_externo/2_1_1_tdc.xlsx,Diaria,2024-06-04,2024-06-04,2024,36.5344,Bs/USD
tipo_cambio_bcv_usd,Tipo de cambio BCV,Economía,Banco Central de Venezuela,https://www.bcv.org.ve/sites/default/files/indicadores_sector_externo/2_1_1_tdc.xlsx,Diaria,2024-06-05,2024-06-05,2024,36.5408,Bs/USD
tipo_cambio_bcv_usd,Tipo de cambio BCV,Economía,Banco Central de Venezuela,https://www.bcv.org.ve/sites/default/files/indicadores_sector_externo/2_1_1_tdc.xlsx,Diaria,2024-06-06,2024-06-06,2024,36.524,Bs/USD
tipo_cambio_bcv_usd,Tipo de cambio BCV,Economía,Banco Central de Venezuela,https://www.bcv.org.ve/sites/default/files/indicadores_sector_externo/2_1_1_tdc.xlsx,Diaria,2024-06-07,2024-06-07,2024,36.4882,Bs/USD
tipo_cambio_bcv_usd,Tipo de cambio BCV,Economía,Banco Central de Venezuela,https://www.bcv.org.ve/sites/default/files/indicadores_sector_externo/2_1_1_tdc.xlsx,Diaria,2024-06-10,2024-06-10,2024,36.4787,Bs/USD
tipo_cambio_bcv_usd,Tipo de cambio BCV,Economía,Banco Central de Venezuela,https://www.bcv.org.ve/sites/default/files/indicadores_sector_externo/2_1_1_tdc.xlsx,Diaria,2024-06-11,2024-06-11,2024,36.45,Bs/USD
tipo_cambio_bcv_usd,Tipo de cambio BCV,Economía,Banco Central de Venezuela,https://www.bcv.org.ve/sites/default/files/indicadores_sector_externo/2_1_1_tdc.xlsx,Diaria,2024-06-12,2024-06-12,2024,36.4385,Bs/USD
tipo_cambio_bcv_usd,Tipo de cambio BCV,Economía,Banco Central de Venezuela,https://www.bcv.org.ve/sites/default/files/indicadores_sector_externo/2_1_1_tdc.xlsx,Diaria,2024-06-13,2024-06-13,2024,36.4497,Bs/USD
tipo_cambio_bcv_usd,Tipo de cambio BCV,Economía,Banco Central de Venezuela,https://www.bcv.org.ve/sites/default/files/indicadores_sector_externo/2_1_1_tdc.xlsx,Diaria,2024-06-14,2024-06-14,2024,36.4296,Bs/USD
tipo_cambio_bcv_usd,Tipo de cambio BCV,Economía,Banco Central de Venezuela,https://www.bcv.org.ve/sites/default/files/indicadores_sector_externo/2_1_1_tdc.xlsx,Diaria,2024-06-18,2024-06-18,2024,36.4176,Bs/USD
tipo_cambio_bcv_usd,Tipo de cambio BCV,Economía,Banco Central de Venezuela,https://www.bcv.org.ve/sites/default/files/indicadores_sector_externo/2_1_1_tdc.xlsx,Diaria,2024-06-19,2024-06-19,2024,36.3939,Bs/USD
tipo_cambio_bcv_usd,Tipo de cambio BCV,Economía,Banco Central de Venezuela,https://www.bcv.org.ve/sites/default/files/indicadores_sector_externo/2_1_1_tdc.xlsx,Diaria,2024-06-20,2024-06-20,2024,36.3831,Bs/USD
tipo_cambio_bcv_usd,Tipo de cambio BCV,Economía,Banco Central de Venezuela,https://www.bcv.org.ve/sites/default/files/indicadores_sector_externo/2_1_1_tdc.xlsx,Diaria,2024-06-21,2024-06-21,2024,36.3789,Bs/USD
tipo_cambio_bcv_usd,Tipo de cambio BCV,Economía,Banco Central de Venezuela,https://www.bcv.org.ve/sites/default/files/indicadores_sector_externo/2_1_1_tdc.xlsx,Diaria,2024-06-25,2024-06-25,2024,36.3725,Bs/USD
tipo_cambio_bcv_usd,Tipo de cambio BCV,Economía,Banco Central de Venezuela,https://www.bcv.org.ve/sites/default/files/indicadores_sector_externo/2_1_1_tdc.xlsx,Diaria,2024-06-26,2024-06-26,2024,36.3655,Bs/USD
tipo_cambio_bcv_usd,Tipo de cambio BCV,Economía,Banco Central de Venezuela,https://www.bcv.org.ve/sites/default/files/indicadores_sector_externo/2_1_1_tdc.xlsx,Diaria,2024-06-27,2024-06-27,2024,36.3823,Bs/USD
tipo_cambio_bcv_usd,Tipo de cambio BCV,Economía,Banco Central de Venezuela,https://www.bcv.org.ve/sites/default/files/indicadores_sector_externo/2_1_1_tdc.xlsx,Diaria,2024-06-28,2024-06-28,2024,36.4085,Bs/USD
tipo_cambio_bcv_usd,Tipo de cambio BCV,Economía,Banco Central de Venezuela,https://www.bcv.org.ve/sites/default/files/indicadores_sector_externo/2_1_1_tdc.xlsx,Diaria,2024-07-01,2024-07-01,2024,36.4462,Bs/USD
tipo_cambio_bcv_usd,Tipo de cambio BCV,Economía,Banco Central de Venezuela,https://www.bcv.org.ve/sites/default/files/indicadores_sector_externo/2_1_1_tdc.xlsx,Diaria,2024-07-02,2024-07-02,2024,36.4551,Bs/USD
tipo_cambio_bcv_usd,Tipo de cambio BCV,Economía,Banco Central de Venezuela,https://www.bcv.org.ve/sites/default/files/indicadores_sector_externo/2_1_1_tdc.xlsx,Diaria,2024-07-03,2024-07-03,2024,36.4672,Bs/USD
tipo_cambio_bcv_usd,Tipo de cambio BCV,Economía,Banco Central de Venezuela,https://www.bcv.org.ve/sites/default/files/indicadores_sector_externo/2_1_1_tdc.xlsx,Diaria,2024-07-04,2024-07-04,2024,36.4779,Bs/USD
tipo_cambio_bcv_usd,Tipo de cambio BCV,Economía,Banco Central de Venezuela,https://www.bcv.org.ve/sites/default/files/indicadores_sector_externo/2_1_1_tdc.xlsx,Diaria,2024-07-08,2024-07-08,2024,36.5123,Bs/USD
tipo_cambio_bcv_usd,Tipo de cambio BCV,Economía,Banco Central de Venezuela,https://www.bcv.org.ve/sites/default/files/indicadores_sector_externo/2_1_1_tdc.xlsx,Diaria,2024-07-09,2024-07-09,2024,36.4888,Bs/USD
tipo_cambio_bcv_usd,Tipo de cambio BCV,Economía,Banco Central de Venezuela,https://www.bcv.org.ve/sites/default/files/indicadores_sector_externo/2_1_1_tdc.xlsx,Diaria,2024-07-10,2024-07-10,2024,36.5056,Bs/USD
tipo_cambio_bcv_usd,Tipo de cambio BCV,Economía,Banco Central de Venezuela,https://www.bcv.org.ve/sites/default/files/indicadores_sector_externo/2_1_1_tdc.xlsx,Diaria,2024-07-11,2024-07-11,2024,36.5134,Bs/USD
tipo_cambio_bcv_usd,Tipo de cambio BCV,Economía,Banco Central de Venezuela,https://www.bcv.org.ve/sites/default/files/indicadores_sector_externo/2_1_1_tdc.xlsx,Diaria,2024-07-12,2024-07-12,2024,36.5303,Bs/USD
tipo_cambio_bcv_usd,Tipo de cambio BCV,Economía,Banco Central de Venezuela,https://www.bcv.org.ve/sites/default/files/indicadores_sector_externo/2_1_1_tdc.xlsx,Diaria,2024-07-15,2024-07-15,2024,36.5243,Bs/USD
tipo_cambio_bcv_usd,Tipo de cambio BCV,Economía,Banco Central de Venezuela,https://www.bcv.org.ve/sites/default/files/indicadores_sector_externo/2_1_1_tdc.xlsx,Diaria,2024-07-16,2024-07-16,2024,36.5004,Bs/USD
tipo_cambio_bcv_usd,Tipo de cambio BCV,Economía,Banco Central de Venezuela,https://www.bcv.org.ve/sites/default/files/indicadores_sector_externo/2_1_1_tdc.xlsx,Diaria,2024-07-17,2024-07-17,2024,36.506,Bs/USD
tipo_cambio_bcv_usd,Tipo de cambio BCV,Economía,Banco Central de Venezuela,https://www.bcv.org.ve/sites/default/files/indicadores_sector_externo/2_1_1_tdc.xlsx,Diaria,2024-07-18,2024-07-18,2024,36.5407,Bs/USD
tipo_cambio_bcv_usd,Tipo de cambio BCV,Economía,Banco Central de Venezuela,https://www.bcv.org.ve/sites/default/files/indicadores_sector_externo/2_1_1_tdc.xlsx,Diaria,2024-07-19,2024-07-19,2024,36.5724,Bs/USD
tipo_cambio_bcv_usd,Tipo de cambio BCV,Economía,Banco Central de Venezuela,https://www.bcv.org.ve/sites/default/files/indicadores_sector_externo/2_1_1_tdc.xlsx,Diaria,2024-07-22,2024-07-22,2024,36.6066,Bs/USD
tipo_cambio_bcv_usd,Tipo de cambio BCV,Economía,Banco Central de Venezuela,https://www.bcv.org.ve/sites/default/files/indicadores_sector_externo/2_1_1_tdc.xlsx,Diaria,2024-07-23,2024-07-23,2024,36.5314,Bs/USD
tipo_cambio_bcv_usd,Tipo de cambio BCV,Economía,Banco Central de Venezuela,https://www.bcv.org.ve/sites/default/files/indicadores_sector_externo/2_1_1_tdc.xlsx,Diaria,2024-07-25,2024-07-25,2024,36.559,Bs/USD
tipo_cambio_bcv_usd,Tipo de cambio BCV,Economía,Banco Central de Venezuela,https://www.bcv.org.ve/sites/default/files/indicadores_sector_externo/2_1_1_tdc.xlsx,Diaria,2024-07-26,2024-07-26,2024,36.5797,Bs/USD
tipo_cambio_bcv_usd,Tipo de cambio BCV,Economía,Banco Central de Venezuela,https://www.bcv.org.ve/sites/default/files/indicadores_sector_externo/2_1_1_tdc.xlsx,Diaria,2024-07-29,2024-07-29,2024,36.6074,Bs/USD
tipo_cambio_bcv_usd,Tipo de cambio BCV,Economía,Banco Central de Venezuela,https://www.bcv.org.ve/sites/default/files/indicadores_sector_externo/2_1_1_tdc.xlsx,Diaria,2024-07-30,2024-07-30,2024,36.609,Bs/USD
tipo_cambio_bcv_usd,Tipo de cambio BCV,Economía,Banco Central de Venezuela,https://www.bcv.org.ve/sites/default/files/indicadores_sector_externo/2_1_1_tdc.xlsx,Diaria,2024-07-31,2024-07-31,2024,36.6128,Bs/USD
tipo_cambio_bcv_usd,Tipo de cambio BCV,Economía,Banco Central de Venezuela,https://www.bcv.org.ve/sites/default/files/indicadores_sector_externo/2_1_1_tdc.xlsx,Diaria,2024-08-01,2024-08-01,2024,36.6368,Bs/USD
tipo_cambio_bcv_usd,Tipo de cambio BCV,Economía,Banco Central de Venezuela,https://www.bcv.org.ve/sites/default/files/indicadores_sector_externo/2_1_1_tdc.xlsx,Diaria,2024-08-02,2024-08-02,2024,36.6423,Bs/USD
tipo_cambio_bcv_usd,Tipo de cambio BCV,Economía,Banco Central de Venezuela,https://www.bcv.org.ve/sites/default/files/indicadores_sector_externo/2_1_1_tdc.xlsx,Diaria,2024-08-05,2024-08-05,2024,36.6555,Bs/USD
tipo_cambio_bcv_usd,Tipo de cambio BCV,Economía,Banco Central de Venezuela,https://www.bcv.org.ve/sites/default/files/indicadores_sector_externo/2_1_1_tdc.xlsx,Diaria,2024-08-06,2024-08-06,2024,36.6527,Bs/USD
tipo_cambio_bcv_usd,Tipo de cambio BCV,Economía,Banco Central de Venezuela,https://www.bcv.org.ve/sites/default/files/indicadores_sector_externo/2_1_1_tdc.xlsx,Diaria,2024-08-07,2024-08-07,2024,36.6642,Bs/USD
tipo_cambio_bcv_usd,Tipo de cambio BCV,Economía,Banco Central de Venezuela,https://www.bcv.org.ve/sites/default/files/indicadores_sector_externo/2_1_1_tdc.xlsx,Diaria,2024-08-08,2024-08-08,2024,36.6806,Bs/USD
tipo_cambio_bcv_usd,Tipo de cambio BCV,Economía,Banco Central de Venezuela,https://www.bcv.org.ve/sites/default/files/indicadores_sector_externo/2_1_1_tdc.xlsx,Diaria,2024-08-09,2024-08-09,2024,36.6827,Bs/USD
tipo_cambio_bcv_usd,Tipo de cambio BCV,Economía,Banco Central de Venezuela,https://www.bcv.org.ve/sites/default/files/indicadores_sector_externo/2_1_1_tdc.xlsx,Diaria,2024-08-12,2024-08-12,2024,36.6658,Bs/USD
tipo_cambio_bcv_usd,Tipo de cambio BCV,Economía,Banco Central de Venezuela,https://www.bcv.org.ve/sites/default/files/indicadores_sector_externo/2_1_1_tdc.xlsx,Diaria,2024-08-13,2024-08-13,2024,36.6305,Bs/USD
tipo_cambio_bcv_usd,Tipo de cambio BCV,Economía,Banco Central de Venezuela,https://www.bcv.org.ve/sites/default/files/indicadores_sector_externo/2_1_1_tdc.xlsx,Diaria,2024-08-14,2024-08-14,2024,36.6561,Bs/USD
tipo_cambio_bcv_usd,Tipo de cambio BCV,Economía,Banco Central de Venezuela,https://www.bcv.org.ve/sites/default/files/indicadores_sector_externo/2_1_1_tdc.xlsx,Diaria,2024-08-15,2024-08-15,2024,36.6132,Bs/USD
tipo_cambio_bcv_usd,Tipo de cambio BCV,Economía,Banco Central de Venezuela,https://www.bcv.org.ve/sites/default/files/indicadores_sector_externo/2_1_1_tdc.xlsx,Diaria,2024-08-16,2024-08-16,2024,36.6768,Bs/USD
tipo_cambio_bcv_usd,Tipo de cambio BCV,Economía,Banco Central de Venezuela,https://www.bcv.org.ve/sites/default/files/indicadores_sector_externo/2_1_1_tdc.xlsx,Diaria,2024-08-20,2024-08-20,2024,36.6848,Bs/USD
tipo_cambio_bcv_usd,Tipo de cambio BCV,Economía,Banco Central de Venezuela,https://www.bcv.org.ve/sites/default/files/indicadores_sector_externo/2_1_1_tdc.xlsx,Diaria,2024-08-21,2024-08-21,2024,36.683,Bs/USD
tipo_cambio_bcv_usd,Tipo de cambio BCV,Economía,Banco Central de Venezuela,https://www.bcv.org.ve/sites/default/files/indicadores_sector_externo/2_1_1_tdc.xlsx,Diaria,2024-08-22,2024-08-22,2024,36.6484,Bs/USD
tipo_cambio_bcv_usd,Tipo de cambio BCV,Economía,Banco Central de Venezuela,https://www.bcv.org.ve/sites/default/files/indicadores_sector_externo/2_1_1_tdc.xlsx,Diaria,2024-08-23,2024-08-23,2024,36.6967,Bs/USD
tipo_cambio_bcv_usd,Tipo de cambio BCV,Economía,Banco Central de Venezuela,https://www.bcv.org.ve/sites/default/files/indicadores_sector_externo/2_1_1_tdc.xlsx,Diaria,2024-08-26,2024-08-26,2024,36.5888,Bs/USD
tipo_cambio_bcv_usd,Tipo de cambio BCV,Economía,Banco Central de Venezuela,https://www.bcv.org.ve/sites/default/files/indicadores_sector_externo/2_1_1_tdc.xlsx,Diaria,2024-08-27,2024-08-27,2024,36.5633,Bs/USD
tipo_cambio_bcv_usd,Tipo de cambio BCV,Economía,Banco Central de Venezuela,https://www.bcv.org.ve/sites/default/files/indicadores_sector_externo/2_1_1_tdc.xlsx,Diaria,2024-08-28,2024-08-28,2024,36.5883,Bs/USD
tipo_cambio_bcv_usd,Tipo de cambio BCV,Economía,Banco Central de Venezuela,https://www.bcv.org.ve/sites/default/files/indicadores_sector_externo/2_1_1_tdc.xlsx,Diaria,2024-08-29,2024-08-29,2024,36.5919,Bs/USD
tipo_cambio_bcv_usd,Tipo de cambio BCV,Economía,Banco Central de Venezuela,https://www.bcv.org.ve/sites/default/files/indicadores_sector_externo/2_1_1_tdc.xlsx,Diaria,2024-08-30,2024-08-30,2024,36.6259,Bs/USD
tipo_cambio_bcv_usd,Tipo de cambio BCV,Economía,Banco Central de Venezuela,https://www.bcv.org.ve/sites/default/files/indicadores_sector_externo/2_1_1_tdc.xlsx,Diaria,2024-09-02,2024-09-02,2024,36.6454,Bs/USD
tipo_cambio_bcv_usd,Tipo de cambio BCV,Economía,Banco Central de Venezuela,https://www.bcv.org.ve/sites/default/files/indicadores_sector_externo/2_1_1_tdc.xlsx,Diaria,2024-09-03,2024-09-03,2024,36.6386,Bs/USD
tipo_cambio_bcv_usd,Tipo de cambio BCV,Economía,Banco Central de Venezuela,https://www.bcv.org.ve/sites/default/files/indicadores_sector_externo/2_1_1_tdc.xlsx,Diaria,2024-09-04,2024-09-04,2024,36.6391,Bs/USD
tipo_cambio_bcv_usd,Tipo de cambio BCV,Economía,Banco Central de Venezuela,https://www.bcv.org.ve/sites/default/files/indicadores_sector_externo/2_1_1_tdc.xlsx,Diaria,2024-09-05,2024-09-05,2024,36.6436,Bs/USD
tipo_cambio_bcv_usd,Tipo de cambio BCV,Economía,Banco Central de Venezuela,https://www.bcv.org.ve/sites/default/files/indicadores_sector_externo/2_1_1_tdc.xlsx,Diaria,2024-09-06,2024-09-06,2024,36.6846,Bs/USD
tipo_cambio_bcv_usd,Tipo de cambio BCV,Economía,Banco Central de Venezuela,https://www.bcv.org.ve/sites/default/files/indicadores_sector_externo/2_1_1_tdc.xlsx,Diaria,2024-09-09,2024-09-09,2024,36.6958,Bs/USD
tipo_cambio_bcv_usd,Tipo de cambio BCV,Economía,Banco Central de Venezuela,https://www.bcv.org.ve/sites/default/files/indicadores_sector_externo/2_1_1_tdc.xlsx,Diaria,2024-09-10,2024-09-10,2024,36.6854,Bs/USD
tipo_cambio_bcv_usd,Tipo de cambio BCV,Economía,Banco Central de Venezuela,https://www.bcv.org.ve/sites/default/files/indicadores_sector_externo/2_1_1_tdc.xlsx,Diaria,2024-09-11,2024-09-11,2024,36.7062,Bs/USD
tipo_cambio_bcv_usd,Tipo de cambio BCV,Economía,Banco Central de Venezuela,https://www.bcv.org.ve/sites/default/files/indicadores_sector_externo/2_1_1_tdc.xlsx,Diaria,2024-09-12,2024-09-12,2024,36.7323,Bs/USD
tipo_cambio_bcv_usd,Tipo de cambio BCV,Economía,Banco Central de Venezuela,https://www.bcv.org.ve/sites/default/files/indicadores_sector_externo/2_1_1_tdc.xlsx,Diaria,2024-09-13,2024-09-13,2024,36.741,Bs/USD
tipo_cambio_bcv_usd,Tipo de cambio BCV,Economía,Banco Central de Venezuela,https://www.bcv.org.ve/sites/default/files/indicadores_sector_externo/2_1_1_tdc.xlsx,Diaria,2024-09-17,2024-09-17,2024,36.7751,Bs/USD
tipo_cambio_bcv_usd,Tipo de cambio BCV,Economía,Banco Central de Venezuela,https://www.bcv.org.ve/sites/default/files/indicadores_sector_externo/2_1_1_tdc.xlsx,Diaria,2024-09-18,2024-09-18,2024,36.7702,Bs/USD
tipo_cambio_bcv_usd,Tipo de cambio BCV,Economía,Banco Central de Venezuela,https://www.bcv.org.ve/sites/default/files/indicadores_sector_externo/2_1_1_tdc.xlsx,Diaria,2024-09-19,2024-09-19,2024,36.7789,Bs/USD
tipo_cambio_bcv_usd,Tipo de cambio BCV,Economía,Banco Central de Venezuela,https://www.bcv.org.ve/sites/default/files/indicadores_sector_externo/2_1_1_tdc.xlsx,Diaria,2024-09-20,2024-09-20,2024,36.8013,Bs/USD
tipo_cambio_bcv_usd,Tipo de cambio BCV,Economía,Banco Central de Venezuela,https://www.bcv.org.ve/sites/default/files/indicadores_sector_externo/2_1_1_tdc.xlsx,Diaria,2024-09-23,2024-09-23,2024,36.823,Bs/USD
tipo_cambio_bcv_usd,Tipo de cambio BCV,Economía,Banco Central de Venezuela,https://www.bcv.org.ve/sites/default/files/indicadores_sector_externo/2_1_1_tdc.xlsx,Diaria,2024-09-24,2024-09-24,2024,36.813,Bs/USD
tipo_cambio_bcv_usd,Tipo de cambio BCV,Economía,Banco Central de Venezuela,https://www.bcv.org.ve/sites/default/files/indicadores_sector_externo/2_1_1_tdc.xlsx,Diaria,2024-09-25,2024-09-25,2024,36.8105,Bs/USD
tipo_cambio_bcv_usd,Tipo de cambio BCV,Economía,Banco Central de Venezuela,https://www.bcv.org.ve/sites/default/files/indicadores_sector_externo/2_1_1_tdc.xlsx,Diaria,2024-09-26,2024-09-26,2024,36.8507,Bs/USD
tipo_cambio_bcv_usd,Tipo de cambio BCV,Economía,Banco Central de Venezuela,https://www.bcv.org.ve/sites/default/files/indicadores_sector_externo/2_1_1_tdc.xlsx,Diaria,2024-09-27,2024-09-27,2024,36.8655,Bs/USD
tipo_cambio_bcv_usd,Tipo de cambio BCV,Economía,Banco Central de Venezuela,https://www.bcv.org.ve/sites/default/files/indicadores_sector_externo/2_1_1_tdc.xlsx,Diaria,2024-09-30,2024-09-30,2024,36.9086,Bs/USD
tipo_cambio_bcv_usd,Tipo de cambio BCV,Economía,Banco Central de Venezuela,https://www.bcv.org.ve/sites/default/files/indicadores_sector_externo/2_1_1_tdc.xlsx,Diaria,2024-10-01,2024-10-01,2024,36.9227,Bs/USD
tipo_cambio_bcv_usd,Tipo de cambio BCV,Economía,Banco Central de Venezuela,https://www.bcv.org.ve/sites/default/files/indicadores_sector_externo/2_1_1_tdc.xlsx,Diaria,2024-10-02,2024-10-02,2024,36.9187,Bs/USD
tipo_cambio_bcv_usd,Tipo de cambio BCV,Economía,Banco Central de Venezuela,https://www.bcv.org.ve/sites/default/files/indicadores_sector_externo/2_1_1_tdc.xlsx,Diaria,2024-10-03,2024-10-03,2024,36.9812,Bs/USD
tipo_cambio_bcv_usd,Tipo de cambio BCV,Economía,Banco Central de Venezuela,https://www.bcv.org.ve/sites/default/files/indicadores_sector_externo/2_1_1_tdc.xlsx,Diaria,2024-10-04,2024-10-04,2024,36.9855,Bs/USD
tipo_cambio_bcv_usd,Tipo de cambio BCV,Economía,Banco Central de Venezuela,https://www.bcv.org.ve/sites/default/files/indicadores_sector_externo/2_1_1_tdc.xlsx,Diaria,2024-10-07,2024-10-07,2024,37.0358,Bs/USD
tipo_cambio_bcv_usd,Tipo de cambio BCV,Economía,Banco Central de Venezuela,https://www.bcv.org.ve/sites/default/files/indicadores_sector_externo/2_1_1_tdc.xlsx,Diaria,2024-10-08,2024-10-08,2024,37.0397,Bs/USD
tipo_cambio_bcv_usd,Tipo de cambio BCV,Economía,Banco Central de Venezuela,https://www.bcv.org.ve/sites/default/files/indicadores_sector_externo/2_1_1_tdc.xlsx,Diaria,2024-10-09,2024-10-09,2024,37.074,Bs/USD
tipo_cambio_bcv_usd,Tipo de cambio BCV,Economía,Banco Central de Venezuela,https://www.bcv.org.ve/sites/default/files/indicadores_sector_externo/2_1_1_tdc.xlsx,Diaria,2024-10-10,2024-10-10,2024,37.5295,Bs/USD
tipo_cambio_bcv_usd,Tipo de cambio BCV,Economía,Banco Central de Venezuela,https://www.bcv.org.ve/sites/default/files/indicadores_sector_externo/2_1_1_tdc.xlsx,Diaria,2024-10-11,2024-10-11,2024,37.6502,Bs/USD
tipo_cambio_bcv_usd,Tipo de cambio BCV,Economía,Banco Central de Venezuela,https://www.bcv.org.ve/sites/default/files/indicadores_sector_externo/2_1_1_tdc.xlsx,Diaria,2024-10-14,2024-10-14,2024,38.8857,Bs/USD
tipo_cambio_bcv_usd,Tipo de cambio BCV,Economía,Banco Central de Venezuela,https://www.bcv.org.ve/sites/default/files/indicadores_sector_externo/2_1_1_tdc.xlsx,Diaria,2024-10-15,2024-10-15,2024,38.888,Bs/USD
tipo_cambio_bcv_usd,Tipo de cambio BCV,Economía,Banco Central de Venezuela,https://www.bcv.org.ve/sites/default/files/indicadores_sector_externo/2_1_1_tdc.xlsx,Diaria,2024-10-16,2024-10-16,2024,38.9179,Bs/USD
tipo_cambio_bcv_usd,Tipo de cambio BCV,Economía,Banco Central de Venezuela,https://www.bcv.org.ve/sites/default/files/indicadores_sector_externo/2_1_1_tdc.xlsx,Diaria,2024-10-17,2024-10-17,2024,39.0116,Bs/USD
tipo_cambio_bcv_usd,Tipo de cambio BCV,Economía,Banco Central de Venezuela,https://www.bcv.org.ve/sites/default/files/indicadores_sector_externo/2_1_1_tdc.xlsx,Diaria,2024-10-18,2024-10-18,2024,39.1344,Bs/USD
tipo_cambio_bcv_usd,Tipo de cambio BCV,Economía,Banco Central de Venezuela,https://www.bcv.org.ve/sites/default/files/indicadores_sector_externo/2_1_1_tdc.xlsx,Diaria,2024-10-21,2024-10-21,2024,39.1699,Bs/USD
tipo_cambio_bcv_usd,Tipo de cambio BCV,Economía,Banco Central de Venezuela,https://www.bcv.org.ve/sites/default/files/indicadores_sector_externo/2_1_1_tdc.xlsx,Diaria,2024-10-22,2024-10-22,2024,39.1813,Bs/USD
tipo_cambio_bcv_usd,Tipo de cambio BCV,Economía,Banco Central de Venezuela,https://www.bcv.org.ve/sites/default/files/indicadores_sector_externo/2_1_1_tdc.xlsx,Diaria,2024-10-23,2024-10-23,2024,39.323,Bs/USD
tipo_cambio_bcv_usd,Tipo de cambio BCV,Economía,Banco Central de Venezuela,https://www.bcv.org.ve/sites/default/files/indicadores_sector_externo/2_1_1_tdc.xlsx,Diaria,2024-10-24,2024-10-24,2024,39.4617,Bs/USD
tipo_cambio_bcv_usd,Tipo de cambio BCV,Economía,Banco Central de Venezuela,https://www.bcv.org.ve/sites/default/files/indicadores_sector_externo/2_1_1_tdc.xlsx,Diaria,2024-10-25,2024-10-25,2024,40.8803,Bs/USD
tipo_cambio_bcv_usd,Tipo de cambio BCV,Economía,Banco Central de Venezuela,https://www.bcv.org.ve/sites/default/files/indicadores_sector_externo/2_1_1_tdc.xlsx,Diaria,2024-10-28,2024-10-28,2024,41.0429,Bs/USD
tipo_cambio_bcv_usd,Tipo de cambio BCV,Economía,Banco Central de Venezuela,https://www.bcv.org.ve/sites/default/files/indicadores_sector_externo/2_1_1_tdc.xlsx,Diaria,2024-10-29,2024-10-29,2024,41.7361,Bs/USD
tipo_cambio_bcv_usd,Tipo de cambio BCV,Economía,Banco Central de Venezuela,https://www.bcv.org.ve/sites/default/files/indicadores_sector_externo/2_1_1_tdc.xlsx,Diaria,2024-10-30,2024-10-30,2024,42.2256,Bs/USD
tipo_cambio_bcv_usd,Tipo de cambio BCV,Economía,Banco Central de Venezuela,https://www.bcv.org.ve/sites/default/files/indicadores_sector_externo/2_1_1_tdc.xlsx,Diaria,2024-10-31,2024-10-31,2024,42.5622,Bs/USD
tipo_cambio_bcv_usd,Tipo de cambio BCV,Economía,Banco Central de Venezuela,https://www.bcv.org.ve/sites/default/files/indicadores_sector_externo/2_1_1_tdc.xlsx,Diaria,2024-11-01,2024-11-01,2024,42.7101,Bs/USD
tipo_cambio_bcv_usd,Tipo de cambio BCV,Economía,Banco Central de Venezuela,https://www.bcv.org.ve/sites/default/files/indicadores_sector_externo/2_1_1_tdc.xlsx,Diaria,2024-11-05,2024-11-05,2024,42.8569,Bs/USD
tipo_cambio_bcv_usd,Tipo de cambio BCV,Economía,Banco Central de Venezuela,https://www.bcv.org.ve/sites/default/files/indicadores_sector_externo/2_1_1_tdc.xlsx,Diaria,2024-11-06,2024-11-06,2024,43.4576,Bs/USD
tipo_cambio_bcv_usd,Tipo de cambio BCV,Economía,Banco Central de Venezuela,https://www.bcv.org.ve/sites/default/files/indicadores_sector_externo/2_1_1_tdc.xlsx,Diaria,2024-11-07,2024-11-07,2024,43.7822,Bs/USD
tipo_cambio_bcv_usd,Tipo de cambio BCV,Economía,Banco Central de Venezuela,https://www.bcv.org.ve/sites/default/files/indicadores_sector_externo/2_1_1_tdc.xlsx,Diaria,2024-11-08,2024-11-08,2024,44.1861,Bs/USD
tipo_cambio_bcv_usd,Tipo de cambio BCV,Economía,Banco Central de Venezuela,https://www.bcv.org.ve/sites/default/files/indicadores_sector_externo/2_1_1_tdc.xlsx,Diaria,2024-11-11,2024-11-11,2024,44.7035,Bs/USD
tipo_cambio_bcv_usd,Tipo de cambio BCV,Economía,Banco Central de Venezuela,https://www.bcv.org.ve/sites/default/files/indicadores_sector_externo/2_1_1_tdc.xlsx,Diaria,2024-11-12,2024-11-12,2024,44.7544,Bs/USD
tipo_cambio_bcv_usd,Tipo de cambio BCV,Economía,Banco Central de Venezuela,https://www.bcv.org.ve/sites/default/files/indicadores_sector_externo/2_1_1_tdc.xlsx,Diaria,2024-11-13,2024-11-13,2024,44.9289,Bs/USD
tipo_cambio_bcv_usd,Tipo de cambio BCV,Economía,Banco Central de Venezuela,https://www.bcv.org.ve/sites/default/files/indicadores_sector_externo/2_1_1_tdc.xlsx,Diaria,2024-11-14,2024-11-14,2024,45.053,Bs/USD
tipo_cambio_bcv_usd,Tipo de cambio BCV,Economía,Banco Central de Venezuela,https://www.bcv.org.ve/sites/default/files/indicadores_sector_externo/2_1_1_tdc.xlsx,Diaria,2024-11-15,2024-11-15,2024,45.507,Bs/USD
tipo_cambio_bcv_usd,Tipo de cambio BCV,Economía,Banco Central de Venezuela,https://www.bcv.org.ve/sites/default/files/indicadores_sector_externo/2_1_1_tdc.xlsx,Diaria,2024-11-19,2024-11-19,2024,45.7894,Bs/USD
tipo_cambio_bcv_usd,Tipo de cambio BCV,Economía,Banco Central de Venezuela,https://www.bcv.org.ve/sites/default/files/indicadores_sector_externo/2_1_1_tdc.xlsx,Diaria,2024-11-20,2024-11-20,2024,45.841,Bs/USD
tipo_cambio_bcv_usd,Tipo de cambio BCV,Economía,Banco Central de Venezuela,https://www.bcv.org.ve/sites/default/files/indicadores_sector_externo/2_1_1_tdc.xlsx,Diaria,2024-11-21,2024-11-21,2024,46.0588,Bs/USD
tipo_cambio_bcv_usd,Tipo de cambio BCV,Economía,Banco Central de Venezuela,https://www.bcv.org.ve/sites/default/files/indicadores_sector_externo/2_1_1_tdc.xlsx,Diaria,2024-11-22,2024-11-22,2024,46.3273,Bs/USD
tipo_cambio_bcv_usd,Tipo de cambio BCV,Economía,Banco Central de Venezuela,https://www.bcv.org.ve/sites/default/files/indicadores_sector_externo/2_1_1_tdc.xlsx,Diaria,2024-11-25,2024-11-25,2024,46.6176,Bs/USD
tipo_cambio_bcv_usd,Tipo de cambio BCV,Economía,Banco Central de Venezuela,https://www.bcv.org.ve/sites/default/files/indicadores_sector_externo/2_1_1_tdc.xlsx,Diaria,2024-11-26,2024-11-26,2024,46.6427,Bs/USD
tipo_cambio_bcv_usd,Tipo de cambio BCV,Economía,Banco Central de Venezuela,https://www.bcv.org.ve/sites/default/files/indicadores_sector_externo/2_1_1_tdc.xlsx,Diaria,2024-11-27,2024-11-27,2024,46.7537,Bs/USD
tipo_cambio_bcv_usd,Tipo de cambio BCV,Economía,Banco Central de Venezuela,https://www.bcv.org.ve/sites/default/files/indicadores_sector_externo/2_1_1_tdc.xlsx,Diaria,2024-11-28,2024-11-28,2024,46.8554,Bs/USD
tipo_cambio_bcv_usd,Tipo de cambio BCV,Economía,Banco Central de Venezuela,https://www.bcv.org.ve/sites/default/files/indicadores_sector_externo/2_1_1_tdc.xlsx,Diaria,2024-11-29,2024-11-29,2024,47.3138,Bs/USD
tipo_cambio_bcv_usd,Tipo de cambio BCV,Economía,Banco Central de Venezuela,https://www.bcv.org.ve/sites/default/files/indicadores_sector_externo/2_1_1_tdc.xlsx,Diaria,2024-12-02,2024-12-02,2024,47.6074,Bs/USD
tipo_cambio_bcv_usd,Tipo de cambio BCV,Economía,Banco Central de Venezuela,https://www.bcv.org.ve/sites/default/files/indicadores_sector_externo/2_1_1_tdc.xlsx,Diaria,2024-12-03,2024-12-03,2024,47.7293,Bs/USD
tipo_cambio_bcv_usd,Tipo de cambio BCV,Economía,Banco Central de Venezuela,https://www.bcv.org.ve/sites/default/files/indicadores_sector_externo/2_1_1_tdc.xlsx,Diaria,2024-12-04,2024-12-04,2024,47.8552,Bs/USD
tipo_cambio_bcv_usd,Tipo de cambio BCV,Economía,Banco Central de Venezuela,https://www.bcv.org.ve/sites/default/files/indicadores_sector_externo/2_1_1_tdc.xlsx,Diaria,2024-12-05,2024-12-05,2024,48.1183,Bs/USD
tipo_cambio_bcv_usd,Tipo de cambio BCV,Economía,Banco Central de Venezuela,https://www.bcv.org.ve/sites/default/files/indicadores_sector_externo/2_1_1_tdc.xlsx,Diaria,2024-12-06,2024-12-06,2024,48.3265,Bs/USD
tipo_cambio_bcv_usd,Tipo de cambio BCV,Economía,Banco Central de Venezuela,https://www.bcv.org.ve/sites/default/files/indicadores_sector_externo/2_1_1_tdc.xlsx,Diaria,2024-12-09,2024-12-09,2024,48.7903,Bs/USD
tipo_cambio_bcv_usd,Tipo de cambio BCV,Economía,Banco Central de Venezuela,https://www.bcv.org.ve/sites/default/files/indicadores_sector_externo/2_1_1_tdc.xlsx,Diaria,2024-12-10,2024-12-10,2024,48.8695,Bs/USD
tipo_cambio_bcv_usd,Tipo de cambio BCV,Economía,Banco Central de Venezuela,https://www.bcv.org.ve/sites/default/files/indicadores_sector_externo/2_1_1_tdc.xlsx,Diaria,2024-12-11,2024-12-11,2024,49.1111,Bs/USD
tipo_cambio_bcv_usd,Tipo de cambio BCV,Economía,Banco Central de Venezuela,https://www.bcv.org.ve/sites/default/files/indicadores_sector_externo/2_1_1_tdc.xlsx,Diaria,2024-12-12,2024-12-12,2024,49.4757,Bs/USD
tipo_cambio_bcv_usd,Tipo de cambio BCV,Economía,Banco Central de Venezuela,https://www.bcv.org.ve/sites/default/files/indicadores_sector_externo/2_1_1_tdc.xlsx,Diaria,2024-12-13,2024-12-13,2024,49.9068,Bs/USD
tipo_cambio_bcv_usd,Tipo de cambio BCV,Economía,Banco Central de Venezuela,https://www.bcv.org.ve/sites/default/files/indicadores_sector_externo/2_1_1_tdc.xlsx,Diaria,2024-12-16,2024-12-16,2024,50.3319,Bs/USD
tipo_cambio_bcv_usd,Tipo de cambio BCV,Economía,Banco Central de Venezuela,https://www.bcv.org.ve/sites/default/files/indicadores_sector_externo/2_1_1_tdc.xlsx,Diaria,2024-12-17,2024-12-17,2024,50.371,Bs/USD
tipo_cambio_bcv_usd,Tipo de cambio BCV,Economía,Banco Central de Venezuela,https://www.bcv.org.ve/sites/default/files/indicadores_sector_externo/2_1_1_tdc.xlsx,Diaria,2024-12-18,2024-12-18,2024,50.5419,Bs/USD
tipo_cambio_bcv_usd,Tipo de cambio BCV,Economía,Banco Central de Venezuela,https://www.bcv.org.ve/sites/default/files/indicadores_sector_externo/2_1_1_tdc.xlsx,Diaria,2024-12-19,2024-12-19,2024,50.9545,Bs/USD
tipo_cambio_bcv_usd,Tipo de cambio BCV,Economía,Banco Central de Venezuela,https://www.bcv.org.ve/sites/default/files/indicadores_sector_externo/2_1_1_tdc.xlsx,Diaria,2024-12-20,2024-12-20,2024,51.3504,Bs/USD
tipo_cambio_bcv_usd,Tipo de cambio BCV,Economía,Banco Central de Venezuela,https://www.bcv.org.ve/sites/default/files/indicadores_sector_externo/2_1_1_tdc.xlsx,Diaria,2024-12-23,2024-12-23,2024,51.5398,Bs/USD
tipo_cambio_bcv_usd,Tipo de cambio BCV,Economía,Banco Central de Venezuela,https://www.bcv.org.ve/sites/default/files/indicadores_sector_externo/2_1_1_tdc.xlsx,Diaria,2024-12-26,2024-12-26,2024,51.64,Bs/USD
tipo_cambio_bcv_usd,Tipo de cambio BCV,Economía,Banco Central de Venezuela,https://www.bcv.org.ve/sites/default/files/indicadores_sector_externo/2_1_1_tdc.xlsx,Diaria,2024-12-27,2024-12-27,2024,51.7659,Bs/USD
tipo_cambio_bcv_usd,Tipo de cambio BCV,Economía,Banco Central de Venezuela,https://www.bcv.org.ve/sites/default/files/indicadores_sector_externo/2_1_1_tdc.xlsx,Diaria,2024-12-30,2024-12-30,2024,51.9345,Bs/USD
tipo_cambio_bcv_usd,Tipo de cambio BCV,Economía,Banco Central de Venezuela,https://www.bcv.org.ve/sites/default/files/indicadores_sector_externo/2_1_1_tdc.xlsx,Diaria,2025-01-02,2025-01-02,2025,52.0271,Bs/USD
tipo_cambio_bcv_usd,Tipo de cambio BCV,Economía,Banco Central de Venezuela,https://www.bcv.org.ve/sites/default/files/indicadores_sector_externo/2_1_1_tdc.xlsx,Diaria,2025-01-03,2025-01-03,2025,52.5723,Bs/USD
tipo_cambio_bcv_usd,Tipo de cambio BCV,Economía,Banco Central de Venezuela,https://www.bcv.org.ve/sites/default/files/indicadores_sector_externo/2_1_1_tdc.xlsx,Diaria,2025-01-07,2025-01-07,2025,53.012,Bs/USD
tipo_cambio_bcv_usd,Tipo de cambio BCV,Economía,Banco Central de Venezuela,https://www.bcv.org.ve/sites/default/files/indicadores_sector_externo/2_1_1_tdc.xlsx,Diaria,2025-01-08,2025-01-08,2025,53.0704,Bs/USD
tipo_cambio_bcv_usd,Tipo de cambio BCV,Economía,Banco Central de Venezuela,https://www.bcv.org.ve/sites/default/files/indicadores_sector_externo/2_1_1_tdc.xlsx,Diaria,2025-01-09,2025-01-09,2025,53.2827,Bs/USD
tipo_cambio_bcv_usd,Tipo de cambio BCV,Economía,Banco Central de Venezuela,https://www.bcv.org.ve/sites/default/files/indicadores_sector_externo/2_1_1_tdc.xlsx,Diaria,2025-01-10,2025-01-10,2025,53.8522,Bs/USD
tipo_cambio_bcv_usd,Tipo de cambio BCV,Economía,Banco Central de Venezuela,https://www.bcv.org.ve/sites/default/files/indicadores_sector_externo/2_1_1_tdc.xlsx,Diaria,2025-01-14,2025-01-14,2025,53.8791,Bs/USD
tipo_cambio_bcv_usd,Tipo de cambio BCV,Economía,Banco Central de Venezuela,https://www.bcv.org.ve/sites/default/files/indicadores_sector_externo/2_1_1_tdc.xlsx,Diaria,2025-01-15,2025-01-15,2025,53.9642,Bs/USD
tipo_cambio_bcv_usd,Tipo de cambio BCV,Economía,Banco Central de Venezuela,https://www.bcv.org.ve/sites/default/files/indicadores_sector_externo/2_1_1_tdc.xlsx,Diaria,2025-01-16,2025-01-16,2025,54.3694,Bs/USD
tipo_cambio_bcv_usd,Tipo de cambio BCV,Economía,Banco Central de Venezuela,https://www.bcv.org.ve/sites/default/files/indicadores_sector_externo/2_1_1_tdc.xlsx,Diaria,2025-01-17,2025-01-17,2025,54.76,Bs/USD
tipo_cambio_bcv_usd,Tipo de cambio BCV,Economía,Banco Central de Venezuela,https://www.bcv.org.ve/sites/default/files/indicadores_sector_externo/2_1_1_tdc.xlsx,Diaria,2025-01-20,2025-01-20,2025,54.9113,Bs/USD
tipo_cambio_bcv_usd,Tipo de cambio BCV,Economía,Banco Central de Venezuela,https://www.bcv.org.ve/sites/default/files/indicadores_sector_externo/2_1_1_tdc.xlsx,Diaria,2025-01-21,2025-01-21,2025,54.9852,Bs/USD
tipo_cambio_bcv_usd,Tipo de cambio BCV,Economía,Banco Central de Venezuela,https://www.bcv.org.ve/sites/default/files/indicadores_sector_externo/2_1_1_tdc.xlsx,Diaria,2025-01-22,2025-01-22,2025,55.2999,Bs/USD
tipo_cambio_bcv_usd,Tipo de cambio BCV,Economía,Banco Central de Venezuela,https://www.bcv.org.ve/sites/default/files/indicadores_sector_externo/2_1_1_tdc.xlsx,Diaria,2025-01-23,2025-01-23,2025,55.7611,Bs/USD
tipo_cambio_bcv_usd,Tipo de cambio BCV,Economía,Banco Central de Venezuela,https://www.bcv.org.ve/sites/default/files/indicadores_sector_externo/2_1_1_tdc.xlsx,Diaria,2025-01-24,2025-01-24,2025,56.283,Bs/USD
tipo_cambio_bcv_usd,Tipo de cambio BCV,Economía,Banco Central de Venezuela,https://www.bcv.org.ve/sites/default/files/indicadores_sector_externo/2_1_1_tdc.xlsx,Diaria,2025-01-27,2025-01-27,2025,56.6522,Bs/USD
tipo_cambio_bcv_usd,Tipo de cambio BCV,Economía,Banco Central de Venezuela,https://www.bcv.org.ve/sites/default/files/indicadores_sector_externo/2_1_1_tdc.xlsx,Diaria,2025-01-28,2025-01-28,2025,56.8562,Bs/USD
tipo_cambio_bcv_usd,Tipo de cambio BCV,Economía,Banco Central de Venezuela,https://www.bcv.org.ve/sites/default/files/indicadores_sector_externo/2_1_1_tdc.xlsx,Diaria,2025-01-29,2025-01-29,2025,57.2974,Bs/USD
tipo_cambio_bcv_usd,Tipo de cambio BCV,Economía,Banco Central de Venezuela,https://www.bcv.org.ve/sites/default/files/indicadores_sector_externo/2_1_1_tdc.xlsx,Diaria,2025-01-30,2025-01-30,2025,57.3929,Bs/USD
tipo_cambio_bcv_usd,Tipo de cambio BCV,Economía,Banco Central de Venezuela,https://www.bcv.org.ve/sites/default/files/indicadores_sector_externo/2_1_1_tdc.xlsx,Diaria,2025-01-31,2025-01-31,2025,57.9666,Bs/USD
tipo_cambio_bcv_usd,Tipo de cambio BCV,Economía,Banco Central de Venezuela,https://www.bcv.org.ve/sites/default/files/indicadores_sector_externo/2_1_1_tdc.xlsx,Diaria,2025-02-03,2025-02-03,2025,58.4437,Bs/USD
tipo_cambio_bcv_usd,Tipo de cambio BCV,Economía,Banco Central de Venezuela,https://www.bcv.org.ve/sites/default/files/indicadores_sector_externo/2_1_1_tdc.xlsx,Diaria,2025-02-04,2025-02-04,2025,58.5404,Bs/USD
tipo_cambio_bcv_usd,Tipo de cambio BCV,Economía,Banco Central de Venezuela,https://www.bcv.org.ve/sites/default/files/indicadores_sector_externo/2_1_1_tdc.xlsx,Diaria,2025-02-05,2025-02-05,2025,58.7938,Bs/USD
tipo_cambio_bcv_usd,Tipo de cambio BCV,Economía,Banco Central de Venezuela,https://www.bcv.org.ve/sites/default/files/indicadores_sector_externo/2_1_1_tdc.xlsx,Diaria,2025-02-06,2025-02-06,2025,59.4605,Bs/USD
tipo_cambio_bcv_usd,Tipo de cambio BCV,Economía,Banco Central de Venezuela,https://www.bcv.org.ve/sites/default/files/indicadores_sector_externo/2_1_1_tdc.xlsx,Diaria,2025-02-07,2025-02-07,2025,60.1417,Bs/USD
tipo_cambio_bcv_usd,Tipo de cambio BCV,Economía,Banco Central de Venezuela,https://www.bcv.org.ve/sites/default/files/indicadores_sector_externo/2_1_1_tdc.xlsx,Diaria,2025-02-10,2025-02-10,2025,60.5211,Bs/USD
tipo_cambio_bcv_usd,Tipo de cambio BCV,Economía,Banco Central de Venezuela,https://www.bcv.org.ve/sites/default/files/indicadores_sector_externo/2_1_1_tdc.xlsx,Diaria,2025-02-11,2025-02-11,2025,60.5428,Bs/USD
tipo_cambio_bcv_usd,Tipo de cambio BCV,Economía,Banco Central de Venezuela,https://www.bcv.org.ve/sites/default/files/indicadores_sector_externo/2_1_1_tdc.xlsx,Diaria,2025-02-12,2025-02-12,2025,61.0278,Bs/USD
tipo_cambio_bcv_usd,Tipo de cambio BCV,Economía,Banco Central de Venezuela,https://www.bcv.org.ve/sites/default/files/indicadores_sector_externo/2_1_1_tdc.xlsx,Diaria,2025-02-13,2025-02-13,2025,61.3462,Bs/USD
tipo_cambio_bcv_usd,Tipo de cambio BCV,Economía,Banco Central de Venezuela,https://www.bcv.org.ve/sites/default/files/indicadores_sector_externo/2_1_1_tdc.xlsx,Diaria,2025-02-14,2025-02-14,2025,61.8227,Bs/USD
tipo_cambio_bcv_usd,Tipo de cambio BCV,Economía,Banco Central de Venezuela,https://www.bcv.org.ve/sites/default/files/indicadores_sector_externo/2_1_1_tdc.xlsx,Diaria,2025-02-17,2025-02-17,2025,62.0708,Bs/USD
tipo_cambio_bcv_usd,Tipo de cambio BCV,Economía,Banco Central de Venezuela,https://www.bcv.org.ve/sites/default/files/indicadores_sector_externo/2_1_1_tdc.xlsx,Diaria,2025-02-18,2025-02-18,2025,62.0999,Bs/USD
tipo_cambio_bcv_usd,Tipo de cambio BCV,Economía,Banco Central de Venezuela,https://www.bcv.org.ve/sites/default/files/indicadores_sector_externo/2_1_1_tdc.xlsx,Diaria,2025-02-19,2025-02-19,2025,62.1834,Bs/USD
tipo_cambio_bcv_usd,Tipo de cambio BCV,Economía,Banco Central de Venezuela,https://www.bcv.org.ve/sites/default/files/indicadores_sector_externo/2_1_1_tdc.xlsx,Diaria,2025-02-20,2025-02-20,2025,62.5107,Bs/USD
tipo_cambio_bcv_usd,Tipo de cambio BCV,Economía,Banco Central de Venezuela,https://www.bcv.org.ve/sites/default/files/indicadores_sector_externo/2_1_1_tdc.xlsx,Diaria,2025-02-21,2025-02-21,2025,63.2065,Bs/USD
tipo_cambio_bcv_usd,Tipo de cambio BCV,Economía,Banco Central de Venezuela,https://www.bcv.org.ve/sites/default/files/indicadores_sector_externo/2_1_1_tdc.xlsx,Diaria,2025-02-24,2025-02-24,2025,63.4139,Bs/USD
tipo_cambio_bcv_usd,Tipo de cambio BCV,Economía,Banco Central de Venezuela,https://www.bcv.org.ve/sites/default/files/indicadores_sector_externo/2_1_1_tdc.xlsx,Diaria,2025-02-25,2025-02-25,2025,63.4938,Bs/USD
tipo_cambio_bcv_usd,Tipo de cambio BCV,Economía,Banco Central de Venezuela,https://www.bcv.org.ve/sites/default/files/indicadores_sector_externo/2_1_1_tdc.xlsx,Diaria,2025-02-26,2025-02-26,2025,64.0191,Bs/USD
tipo_cambio_bcv_usd,Tipo de cambio BCV,Economía,Banco Central de Venezuela,https://www.bcv.org.ve/sites/default/files/indicadores_sector_externo/2_1_1_tdc.xlsx,Diaria,2025-02-27,2025-02-27,2025,64.2406,Bs/USD
tipo_cambio_bcv_usd,Tipo de cambio BCV,Economía,Banco Central de Venezuela,https://www.bcv.org.ve/sites/default/files/indicadores_sector_externo/2_1_1_tdc.xlsx,Diaria,2025-02-28,2025-02-28,2025,64.2464,Bs/USD
tipo_cambio_bcv_usd,Tipo de cambio BCV,Economía,Banco Central de Venezuela,https://www.bcv.org.ve/sites/default/files/indicadores_sector_externo/2_1_1_tdc.xlsx,Diaria,2025-03-05,2025-03-05,2025,64.4844,Bs/USD
tipo_cambio_bcv_usd,Tipo de cambio BCV,Economía,Banco Central de Venezuela,https://www.bcv.org.ve/sites/default/files/indicadores_sector_externo/2_1_1_tdc.xlsx,Diaria,2025-03-06,2025-03-06,2025,64.6116,Bs/USD
tipo_cambio_bcv_usd,Tipo de cambio BCV,Economía,Banco Central de Venezuela,https://www.bcv.org.ve/sites/default/files/indicadores_sector_externo/2_1_1_tdc.xlsx,Diaria,2025-03-07,2025-03-07,2025,64.746,Bs/USD
tipo_cambio_bcv_usd,Tipo de cambio BCV,Economía,Banco Central de Venezuela,https://www.bcv.org.ve/sites/default/files/indicadores_sector_externo/2_1_1_tdc.xlsx,Diaria,2025-03-10,2025-03-10,2025,65.2662,Bs/USD
tipo_cambio_bcv_usd,Tipo de cambio BCV,Economía,Banco Central de Venezuela,https://www.bcv.org.ve/sites/default/files/indicadores_sector_externo/2_1_1_tdc.xlsx,Diaria,2025-03-11,2025-03-11,2025,65.4151,Bs/USD
tipo_cambio_bcv_usd,Tipo de cambio BCV,Economía,Banco Central de Venezuela,https://www.bcv.org.ve/sites/default/files/indicadores_sector_externo/2_1_1_tdc.xlsx,Diaria,2025-03-12,2025-03-12,2025,65.6268,Bs/USD
tipo_cambio_bcv_usd,Tipo de cambio BCV,Economía,Banco Central de Venezuela,https://www.bcv.org.ve/sites/default/files/indicadores_sector_externo/2_1_1_tdc.xlsx,Diaria,2025-03-13,2025-03-13,2025,66.2542,Bs/USD
tipo_cambio_bcv_usd,Tipo de cambio BCV,Economía,Banco Central de Venezuela,https://www.bcv.org.ve/sites/default/files/indicadores_sector_externo/2_1_1_tdc.xlsx,Diaria,2025-03-14,2025-03-14,2025,66.4368,Bs/USD
tipo_cambio_bcv_usd,Tipo de cambio BCV,Economía,Banco Central de Venezuela,https://www.bcv.org.ve/sites/default/files/indicadores_sector_externo/2_1_1_tdc.xlsx,Diaria,2025-03-17,2025-03-17,2025,66.5573,Bs/USD
tipo_cambio_bcv_usd,Tipo de cambio BCV,Economía,Banco Central de Venezuela,https://www.bcv.org.ve/sites/default/files/indicadores_sector_externo/2_1_1_tdc.xlsx,Diaria,2025-03-18,2025-03-18,2025,66.788,Bs/USD
tipo_cambio_bcv_usd,Tipo de cambio BCV,Economía,Banco Central de Venezuela,https://www.bcv.org.ve/sites/default/files/indicadores_sector_externo/2_1_1_tdc.xlsx,Diaria,2025-03-20,2025-03-20,2025,67.6344,Bs/USD
tipo_cambio_bcv_usd,Tipo de cambio BCV,Economía,Banco Central de Venezuela,https://www.bcv.org.ve/sites/default/files/indicadores_sector_externo/2_1_1_tdc.xlsx,Diaria,2025-03-21,2025-03-21,2025,67.8583,Bs/USD
tipo_cambio_bcv_usd,Tipo de cambio BCV,Economía,Banco Central de Venezuela,https://www.bcv.org.ve/sites/default/files/indicadores_sector_externo/2_1_1_tdc.xlsx,Diaria,2025-03-24,2025-03-24,2025,68.3116,Bs/USD
tipo_cambio_bcv_usd,Tipo de cambio BCV,Economía,Banco Central de Venezuela,https://www.bcv.org.ve/sites/default/files/indicadores_sector_externo/2_1_1_tdc.xlsx,Diaria,2025-03-25,2025-03-25,2025,68.3936,Bs/USD
tipo_cambio_bcv_usd,Tipo de cambio BCV,Economía,Banco Central de Venezuela,https://www.bcv.org.ve/sites/default/files/indicadores_sector_externo/2_1_1_tdc.xlsx,Diaria,2025-03-26,2025-03-26,2025,68.6994,Bs/USD
tipo_cambio_bcv_usd,Tipo de cambio BCV,Economía,Banco Central de Venezuela,https://www.bcv.org.ve/sites/default/files/indicadores_sector_externo/2_1_1_tdc.xlsx,Diaria,2025-03-27,2025-03-27,2025,69.0188,Bs/USD
tipo_cambio_bcv_usd,Tipo de cambio BCV,Economía,Banco Central de Venezuela,https://www.bcv.org.ve/sites/default/files/indicadores_sector_externo/2_1_1_tdc.xlsx,Diaria,2025-03-28,2025-03-28,2025,69.4387,Bs/USD
tipo_cambio_bcv_usd,Tipo de cambio BCV,Economía,Banco Central de Venezuela,https://www.bcv.org.ve/sites/default/files/indicadores_sector_externo/2_1_1_tdc.xlsx,Diaria,2025-03-31,2025-03-31,2025,69.5664,Bs/USD
tipo_cambio_bcv_usd,Tipo de cambio BCV,Economía,Banco Central de Venezuela,https://www.bcv.org.ve/sites/default/files/indicadores_sector_externo/2_1_1_tdc.xlsx,Diaria,2025-04-01,2025-04-01,2025,69.776,Bs/USD
tipo_cambio_bcv_usd,Tipo de cambio BCV,Economía,Banco Central de Venezuela,https://www.bcv.org.ve/sites/default/files/indicadores_sector_externo/2_1_1_tdc.xlsx,Diaria,2025-04-02,2025-04-02,2025,70.0141,Bs/USD
tipo_cambio_bcv_usd,Tipo de cambio BCV,Economía,Banco Central de Venezuela,https://www.bcv.org.ve/sites/default/files/indicadores_sector_externo/2_1_1_tdc.xlsx,Diaria,2025-04-03,2025-04-03,2025,70.2493,Bs/USD
tipo_cambio_bcv_usd,Tipo de cambio BCV,Economía,Banco Central de Venezuela,https://www.bcv.org.ve/sites/default/files/indicadores_sector_externo/2_1_1_tdc.xlsx,Diaria,2025-04-04,2025-04-04,2025,70.5852,Bs/USD
tipo_cambio_bcv_usd,Tipo de cambio BCV,Economía,Banco Central de Venezuela,https://www.bcv.org.ve/sites/default/files/indicadores_sector_externo/2_1_1_tdc.xlsx,Diaria,2025-04-07,2025-04-07,2025,72.1856,Bs/USD
tipo_cambio_bcv_usd,Tipo de cambio BCV,Economía,Banco Central de Venezuela,https://www.bcv.org.ve/sites/default/files/indicadores_sector_externo/2_1_1_tdc.xlsx,Diaria,2025-04-08,2025-04-08,2025,73.3576,Bs/USD
tipo_cambio_bcv_usd,Tipo de cambio BCV,Economía,Banco Central de Venezuela,https://www.bcv.org.ve/sites/default/files/indicadores_sector_externo/2_1_1_tdc.xlsx,Diaria,2025-04-09,2025-04-09,2025,74.2787,Bs/USD
tipo_cambio_bcv_usd,Tipo de cambio BCV,Economía,Banco Central de Venezuela,https://www.bcv.org.ve/sites/default/files/indicadores_sector_externo/2_1_1_tdc.xlsx,Diaria,2025-04-10,2025-04-10,2025,75.8025,Bs/USD
tipo_cambio_bcv_usd,Tipo de cambio BCV,Economía,Banco Central de Venezuela,https://www.bcv.org.ve/sites/default/files/indicadores_sector_externo/2_1_1_tdc.xlsx,Diaria,2025-04-11,2025-04-11,2025,77.2646,Bs/USD
tipo_cambio_bcv_usd,Tipo de cambio BCV,Economía,Banco Central de Venezuela,https://www.bcv.org.ve/sites/default/files/indicadores_sector_externo/2_1_1_tdc.xlsx,Diaria,2025-04-14,2025-04-14,2025,78.3635,Bs/USD
tipo_cambio_bcv_usd,Tipo de cambio BCV,Economía,Banco Central de Venezuela,https://www.bcv.org.ve/sites/default/files/indicadores_sector_externo/2_1_1_tdc.xlsx,Diaria,2025-04-15,2025-04-15,2025,78.5914,Bs/USD
tipo_cambio_bcv_usd,Tipo de cambio BCV,Economía,Banco Central de Venezuela,https://www.bcv.org.ve/sites/default/files/indicadores_sector_externo/2_1_1_tdc.xlsx,Diaria,2025-04-16,2025-04-16,2025,79.7844,Bs/USD
tipo_cambio_bcv_usd,Tipo de cambio BCV,Economía,Banco Central de Venezuela,https://www.bcv.org.ve/sites/default/files/indicadores_sector_externo/2_1_1_tdc.xlsx,Diaria,2025-04-21,2025-04-21,2025,80.9598,Bs/USD
tipo_cambio_bcv_usd,Tipo de cambio BCV,Economía,Banco Central de Venezuela,https://www.bcv.org.ve/sites/default/files/indicadores_sector_externo/2_1_1_tdc.xlsx,Diaria,2025-04-22,2025-04-22,2025,81.7613,Bs/USD
tipo_cambio_bcv_usd,Tipo de cambio BCV,Economía,Banco Central de Venezuela,https://www.bcv.org.ve/sites/default/files/indicadores_sector_externo/2_1_1_tdc.xlsx,Diaria,2025-04-23,2025-04-23,2025,82.3788,Bs/USD
tipo_cambio_bcv_usd,Tipo de cambio BCV,Economía,Banco Central de Venezuela,https://www.bcv.org.ve/sites/default/files/indicadores_sector_externo/2_1_1_tdc.xlsx,Diaria,2025-04-24,2025-04-24,2025,83.4182,Bs/USD
tipo_cambio_bcv_usd,Tipo de cambio BCV,Economía,Banco Central de Venezuela,https://www.bcv.org.ve/sites/default/files/indicadores_sector_externo/2_1_1_tdc.xlsx,Diaria,2025-04-25,2025-04-25,2025,84.4204,Bs/USD
tipo_cambio_bcv_usd,Tipo de cambio BCV,Economía,Banco Central de Venezuela,https://www.bcv.org.ve/sites/default/files/indicadores_sector_externo/2_1_1_tdc.xlsx,Diaria,2025-04-28,2025-04-28,2025,86.1143,Bs/USD
tipo_cambio_bcv_usd,Tipo de cambio BCV,Economía,Banco Central de Venezuela,https://www.bcv.org.ve/sites/default/files/indicadores_sector_externo/2_1_1_tdc.xlsx,Diaria,2025-04-29,2025-04-29,2025,86.6564,Bs/USD
tipo_cambio_bcv_usd,Tipo de cambio BCV,Economía,Banco Central de Venezuela,https://www.bcv.org.ve/sites/default/files/indicadores_sector_externo/2_1_1_tdc.xlsx,Diaria,2025-04-30,2025-04-30,2025,86.8465,Bs/USD
tipo_cambio_bcv_usd,Tipo de cambio BCV,Economía,Banco Central de Venezuela,https://www.bcv.org.ve/sites/default/files/indicadores_sector_externo/2_1_1_tdc.xlsx,Diaria,2025-05-02,2025-05-02,2025,87.5681,Bs/USD
tipo_cambio_bcv_usd,Tipo de cambio BCV,Economía,Banco Central de Venezuela,https://www.bcv.org.ve/sites/default/files/indicadores_sector_externo/2_1_1_tdc.xlsx,Diaria,2025-05-05,2025-05-05,2025,88.6405,Bs/USD
tipo_cambio_bcv_usd,Tipo de cambio BCV,Economía,Banco Central de Venezuela,https://www.bcv.org.ve/sites/default/files/indicadores_sector_externo/2_1_1_tdc.xlsx,Diaria,2025-05-06,2025-05-06,2025,88.7224,Bs/USD
tipo_cambio_bcv_usd,Tipo de cambio BCV,Economía,Banco Central de Venezuela,https://www.bcv.org.ve/sites/default/files/indicadores_sector_externo/2_1_1_tdc.xlsx,Diaria,2025-05-07,2025-05-07,2025,91.2113,Bs/USD
tipo_cambio_bcv_usd,Tipo de cambio BCV,Economía,Banco Central de Venezuela,https://www.bcv.org.ve/sites/default/files/indicadores_sector_externo/2_1_1_tdc.xlsx,Diaria,2025-05-08,2025-05-08,2025,91.9165,Bs/USD
tipo_cambio_bcv_usd,Tipo de cambio BCV,Economía,Banco Central de Venezuela,https://www.bcv.org.ve/sites/default/files/indicadores_sector_externo/2_1_1_tdc.xlsx,Diaria,2025-05-09,2025-05-09,2025,92.831,Bs/USD
tipo_cambio_bcv_usd,Tipo de cambio BCV,Economía,Banco Central de Venezuela,https://www.bcv.org.ve/sites/default/files/indicadores_sector_externo/2_1_1_tdc.xlsx,Diaria,2025-05-12,2025-05-12,2025,93.0495,Bs/USD
tipo_cambio_bcv_usd,Tipo de cambio BCV,Economía,Banco Central de Venezuela,https://www.bcv.org.ve/sites/default/files/indicadores_sector_externo/2_1_1_tdc.xlsx,Diaria,2025-05-13,2025-05-13,2025,93.0623,Bs/USD
tipo_cambio_bcv_usd,Tipo de cambio BCV,Economía,Banco Central de Venezuela,https://www.bcv.org.ve/sites/default/files/indicadores_sector_externo/2_1_1_tdc.xlsx,Diaria,2025-05-14,2025-05-14,2025,93.5796,Bs/USD
tipo_cambio_bcv_usd,Tipo de cambio BCV,Economía,Banco Central de Venezuela,https://www.bcv.org.ve/sites/default/files/indicadores_sector_externo/2_1_1_tdc.xlsx,Diaria,2025-05-15,2025-05-15,2025,94.1557,Bs/USD
tipo_cambio_bcv_usd,Tipo de cambio BCV,Economía,Banco Central de Venezuela,https://www.bcv.org.ve/sites/default/files/indicadores_sector_externo/2_1_1_tdc.xlsx,Diaria,2025-05-16,2025-05-16,2025,94.3241,Bs/USD
tipo_cambio_bcv_usd,Tipo de cambio BCV,Economía,Banco Central de Venezuela,https://www.bcv.org.ve/sites/default/files/indicadores_sector_externo/2_1_1_tdc.xlsx,Diaria,2025-05-19,2025-05-19,2025,94.763,Bs/USD
tipo_cambio_bcv_usd,Tipo de cambio BCV,Economía,Banco Central de Venezuela,https://www.bcv.org.ve/sites/default/files/indicadores_sector_externo/2_1_1_tdc.xlsx,Diaria,2025-05-20,2025-05-20,2025,94.8024,Bs/USD
tipo_cambio_bcv_usd,Tipo de cambio BCV,Economía,Banco Central de Venezuela,https://www.bcv.org.ve/sites/default/files/indicadores_sector_externo/2_1_1_tdc.xlsx,Diaria,2025-05-21,2025-05-21,2025,94.8556,Bs/USD
tipo_cambio_bcv_usd,Tipo de cambio BCV,Economía,Banco Central de Venezuela,https://www.bcv.org.ve/sites/default/files/indicadores_sector_externo/2_1_1_tdc.xlsx,Diaria,2025-05-22,2025-05-22,2025,94.9652,Bs/USD
tipo_cambio_bcv_usd,Tipo de cambio BCV,Economía,Banco Central de Venezuela,https://www.bcv.org.ve/sites/default/files/indicadores_sector_externo/2_1_1_tdc.xlsx,Diaria,2025-05-23,2025-05-23,2025,95.0189,Bs/USD
tipo_cambio_bcv_usd,Tipo de cambio BCV,Economía,Banco Central de Venezuela,https://www.bcv.org.ve/sites/default/files/indicadores_sector_externo/2_1_1_tdc.xlsx,Diaria,2025-05-26,2025-05-26,2025,95.084,Bs/USD
tipo_cambio_bcv_usd,Tipo de cambio BCV,Economía,Banco Central de Venezuela,https://www.bcv.org.ve/sites/default/files/indicadores_sector_externo/2_1_1_tdc.xlsx,Diaria,2025-05-27,2025-05-27,2025,95.2387,Bs/USD
tipo_cambio_bcv_usd,Tipo de cambio BCV,Economía,Banco Central de Venezuela,https://www.bcv.org.ve/sites/default/files/indicadores_sector_externo/2_1_1_tdc.xlsx,Diaria,2025-05-28,2025-05-28,2025,95.8052,Bs/USD
tipo_cambio_bcv_usd,Tipo de cambio BCV,Economía,Banco Central de Venezuela,https://www.bcv.org.ve/sites/default/files/indicadores_sector_externo/2_1_1_tdc.xlsx,Diaria,2025-05-29,2025-05-29,2025,96.5303,Bs/USD
tipo_cambio_bcv_usd,Tipo de cambio BCV,Economía,Banco Central de Venezuela,https://www.bcv.org.ve/sites/default/files/indicadores_sector_externo/2_1_1_tdc.xlsx,Diaria,2025-05-30,2025-05-30,2025,96.8577,Bs/USD
tipo_cambio_bcv_usd,Tipo de cambio BCV,Economía,Banco Central de Venezuela,https://www.bcv.org.ve/sites/default/files/indicadores_sector_externo/2_1_1_tdc.xlsx,Diaria,2025-06-03,2025-06-03,2025,97.3126,Bs/USD
tipo_cambio_bcv_usd,Tipo de cambio BCV,Economía,Banco Central de Venezuela,https://www.bcv.org.ve/sites/default/files/indicadores_sector_externo/2_1_1_tdc.xlsx,Diaria,2025-06-04,2025-06-04,2025,97.4194,Bs/USD
tipo_cambio_bcv_usd,Tipo de cambio BCV,Economía,Banco Central de Venezuela,https://www.bcv.org.ve/sites/default/files/indicadores_sector_externo/2_1_1_tdc.xlsx,Diaria,2025-06-05,2025-06-05,2025,97.9031,Bs/USD
tipo_cambio_bcv_usd,Tipo de cambio BCV,Economía,Banco Central de Venezuela,https://www.bcv.org.ve/sites/default/files/indicadores_sector_externo/2_1_1_tdc.xlsx,Diaria,2025-06-06,2025-06-06,2025,98.5132,Bs/USD
tipo_cambio_bcv_usd,Tipo de cambio BCV,Economía,Banco Central de Venezuela,https://www.bcv.org.ve/sites/default/files/indicadores_sector_externo/2_1_1_tdc.xlsx,Diaria,2025-06-09,2025-06-09,2025,99.0916,Bs/USD
tipo_cambio_bcv_usd,Tipo de cambio BCV,Economía,Banco Central de Venezuela,https://www.bcv.org.ve/sites/default/files/indicadores_sector_externo/2_1_1_tdc.xlsx,Diaria,2025-06-10,2025-06-10,2025,99.1247,Bs/USD
tipo_cambio_bcv_usd,Tipo de cambio BCV,Economía,Banco Central de Venezuela,https://www.bcv.org.ve/sites/default/files/indicadores_sector_externo/2_1_1_tdc.xlsx,Diaria,2025-06-11,2025-06-11,2025,99.6983,Bs/USD
tipo_cambio_bcv_usd,Tipo de cambio BCV,Economía,Banco Central de Venezuela,https://www.bcv.org.ve/sites/default/files/indicadores_sector_externo/2_1_1_tdc.xlsx,Diaria,2025-06-12,2025-06-12,2025,100.3396,Bs/USD
tipo_cambio_bcv_usd,Tipo de cambio BCV,Economía,Banco Central de Venezuela,https://www.bcv.org.ve/sites/default/files/indicadores_sector_externo/2_1_1_tdc.xlsx,Diaria,2025-06-13,2025-06-13,2025,101.0822,Bs/USD
tipo_cambio_bcv_usd,Tipo de cambio BCV,Economía,Banco Central de Venezuela,https://www.bcv.org.ve/sites/default/files/indicadores_sector_externo/2_1_1_tdc.xlsx,Diaria,2025-06-17,2025-06-17,2025,102.157,Bs/USD
tipo_cambio_bcv_usd,Tipo de cambio BCV,Economía,Banco Central de Venezuela,https://www.bcv.org.ve/sites/default/files/indicadores_sector_externo/2_1_1_tdc.xlsx,Diaria,2025-06-18,2025-06-18,2025,102.8083,Bs/USD
tipo_cambio_bcv_usd,Tipo de cambio BCV,Economía,Banco Central de Venezuela,https://www.bcv.org.ve/sites/default/files/indicadores_sector_externo/2_1_1_tdc.xlsx,Diaria,2025-06-19,2025-06-19,2025,103.7355,Bs/USD
tipo_cambio_bcv_usd,Tipo de cambio BCV,Economía,Banco Central de Venezuela,https://www.bcv.org.ve/sites/default/files/indicadores_sector_externo/2_1_1_tdc.xlsx,Diaria,2025-06-20,2025-06-20,2025,104.5434,Bs/USD
tipo_cambio_bcv_usd,Tipo de cambio BCV,Economía,Banco Central de Venezuela,https://www.bcv.org.ve/sites/default/files/indicadores_sector_externo/2_1_1_tdc.xlsx,Diaria,2025-06-25,2025-06-25,2025,105.4527,Bs/USD
tipo_cambio_bcv_usd,Tipo de cambio BCV,Economía,Banco Central de Venezuela,https://www.bcv.org.ve/sites/default/files/indicadores_sector_externo/2_1_1_tdc.xlsx,Diaria,2025-06-26,2025-06-26,2025,106.1685,Bs/USD
tipo_cambio_bcv_usd,Tipo de cambio BCV,Economía,Banco Central de Venezuela,https://www.bcv.org.ve/sites/default/files/indicadores_sector_externo/2_1_1_tdc.xlsx,Diaria,2025-06-27,2025-06-27,2025,106.862,Bs/USD
tipo_cambio_bcv_usd,Tipo de cambio BCV,Economía,Banco Central de Venezuela,https://www.bcv.org.ve/sites/default/files/indicadores_sector_externo/2_1_1_tdc.xlsx,Diaria,2025-06-30,2025-06-30,2025,107.6245,Bs/USD
tipo_cambio_bcv_usd,Tipo de cambio BCV,Economía,Banco Central de Venezuela,https://www.bcv.org.ve/sites/default/files/indicadores_sector_externo/2_1_1_tdc.xlsx,Diaria,2025-07-01,2025-07-01,2025,108.1891,Bs/USD
tipo_cambio_bcv_usd,Tipo de cambio BCV,Economía,Banco Central de Venezuela,https://www.bcv.org.ve/sites/default/files/indicadores_sector_externo/2_1_1_tdc.xlsx,Diaria,2025-07-02,2025-07-02,2025,108.9785,Bs/USD
tipo_cambio_bcv_usd,Tipo de cambio BCV,Economía,Banco Central de Venezuela,https://www.bcv.org.ve/sites/default/files/indicadores_sector_externo/2_1_1_tdc.xlsx,Diaria,2025-07-03,2025-07-03,2025,109.7724,Bs/USD
tipo_cambio_bcv_usd,Tipo de cambio BCV,Economía,Banco Central de Venezuela,https://www.bcv.org.ve/sites/default/files/indicadores_sector_externo/2_1_1_tdc.xlsx,Diaria,2025-07-04,2025-07-04,2025,110.5569,Bs/USD
tipo_cambio_bcv_usd,Tipo de cambio BCV,Economía,Banco Central de Venezuela,https://www.bcv.org.ve/sites/default/files/indicadores_sector_externo/2_1_1_tdc.xlsx,Diaria,2025-07-07,2025-07-07,2025,111.4186,Bs/USD
tipo_cambio_bcv_usd,Tipo de cambio BCV,Economía,Banco Central de Venezuela,https://www.bcv.org.ve/sites/default/files/indicadores_sector_externo/2_1_1_tdc.xlsx,Diaria,2025-07-08,2025-07-08,2025,112.1278,Bs/USD
tipo_cambio_bcv_usd,Tipo de cambio BCV,Economía,Banco Central de Venezuela,https://www.bcv.org.ve/sites/default/files/indicadores_sector_externo/2_1_1_tdc.xlsx,Diaria,2025-07-09,2025-07-09,2025,112.8285,Bs/USD
tipo_cambio_bcv_usd,Tipo de cambio BCV,Economía,Banco Central de Venezuela,https://www.bcv.org.ve/sites/default/files/indicadores_sector_externo/2_1_1_tdc.xlsx,Diaria,2025-07-10,2025-07-10,2025,113.7505,Bs/USD
tipo_cambio_bcv_usd,Tipo de cambio BCV,Economía,Banco Central de Venezuela,https://www.bcv.org.ve/sites/default/files/indicadores_sector_externo/2_1_1_tdc.xlsx,Diaria,2025-07-11,2025-07-11,2025,114.4115,Bs/USD
tipo_cambio_bcv_usd,Tipo de cambio BCV,Economía,Banco Central de Venezuela,https://www.bcv.org.ve/sites/default/files/indicadores_sector_externo/2_1_1_tdc.xlsx,Diaria,2025-07-14,2025-07-14,2025,115.3279,Bs/USD
tipo_cambio_bcv_usd,Tipo de cambio BCV,Economía,Banco Central de Venezuela,https://www.bcv.org.ve/sites/default/files/indicadores_sector_externo/2_1_1_tdc.xlsx,Diaria,2025-07-15,2025-07-15,2025,115.8446,Bs/USD
tipo_cambio_bcv_usd,Tipo de cambio BCV,Economía,Banco Central de Venezuela,https://www.bcv.org.ve/sites/default/files/indicadores_sector_externo/2_1_1_tdc.xlsx,Diaria,2025-07-16,2025-07-16,2025,116.8191,Bs/USD
tipo_cambio_bcv_usd,Tipo de cambio BCV,Economía,Banco Central de Venezuela,https://www.bcv.org.ve/sites/default/files/indicadores_sector_externo/2_1_1_tdc.xlsx,Diaria,2025-07-17,2025-07-17,2025,117.4036,Bs/USD
tipo_cambio_bcv_usd,Tipo de cambio BCV,Economía,Banco Central de Venezuela,https://www.bcv.org.ve/sites/default/files/indicadores_sector_externo/2_1_1_tdc.xlsx,Diaria,2025-07-18,2025-07-18,2025,118.2874,Bs/USD
tipo_cambio_bcv_usd,Tipo de cambio BCV,Economía,Banco Central de Venezuela,https://www.bcv.org.ve/sites/default/files/indicadores_sector_externo/2_1_1_tdc.xlsx,Diaria,2025-07-21,2025-07-21,2025,119.1446,Bs/USD
tipo_cambio_bcv_usd,Tipo de cambio BCV,Economía,Banco Central de Venezuela,https://www.bcv.org.ve/sites/default/files/indicadores_sector_externo/2_1_1_tdc.xlsx,Diaria,2025-07-22,2025-07-22,2025,119.6662,Bs/USD
tipo_cambio_bcv_usd,Tipo de cambio BCV,Economía,Banco Central de Venezuela,https://www.bcv.org.ve/sites/default/files/indicadores_sector_externo/2_1_1_tdc.xlsx,Diaria,2025-07-23,2025-07-23,2025,120.4239,Bs/USD
tipo_cambio_bcv_usd,Tipo de cambio BCV,Economía,Banco Central de Venezuela,https://www.bcv.org.ve/sites/default/files/indicadores_sector_externo/2_1_1_tdc.xlsx,Diaria,2025-07-25,2025-07-25,2025,121.3469,Bs/USD
tipo_cambio_bcv_usd,Tipo de cambio BCV,Economía,Banco Central de Venezuela,https://www.bcv.org.ve/sites/default/files/indicadores_sector_externo/2_1_1_tdc.xlsx,Diaria,2025-07-28,2025-07-28,2025,122.17,Bs/USD
tipo_cambio_bcv_usd,Tipo de cambio BCV,Economía,Banco Central de Venezuela,https://www.bcv.org.ve/sites/default/files/indicadores_sector_externo/2_1_1_tdc.xlsx,Diaria,2025-07-29,2025-07-29,2025,122.8408,Bs/USD
tipo_cambio_bcv_usd,Tipo de cambio BCV,Economía,Banco Central de Venezuela,https://www.bcv.org.ve/sites/default/files/indicadores_sector_externo/2_1_1_tdc.xlsx,Diaria,2025-07-30,2025-07-30,2025,123.8718,Bs/USD
tipo_cambio_bcv_usd,Tipo de cambio BCV,Economía,Banco Central de Venezuela,https://www.bcv.org.ve/sites/default/files/indicadores_sector_externo/2_1_1_tdc.xlsx,Diaria,2025-07-31,2025-07-31,2025,124.5102,Bs/USD
tipo_cambio_bcv_usd,Tipo de cambio BCV,Economía,Banco Central de Venezuela,https://www.bcv.org.ve/sites/default/files/indicadores_sector_externo/2_1_1_tdc.xlsx,Diaria,2025-08-01,2025-08-01,2025,125.4247,Bs/USD
tipo_cambio_bcv_usd,Tipo de cambio BCV,Economía,Banco Central de Venezuela,https://www.bcv.org.ve/sites/default/files/indicadores_sector_externo/2_1_1_tdc.xlsx,Diaria,2025-08-04,2025-08-04,2025,126.2802,Bs/USD
tipo_cambio_bcv_usd,Tipo de cambio BCV,Economía,Banco Central de Venezuela,https://www.bcv.org.ve/sites/default/files/indicadores_sector_externo/2_1_1_tdc.xlsx,Diaria,2025-08-05,2025-08-05,2025,127.1097,Bs/USD
tipo_cambio_bcv_usd,Tipo de cambio BCV,Economía,Banco Central de Venezuela,https://www.bcv.org.ve/sites/default/files/indicadores_sector_externo/2_1_1_tdc.xlsx,Diaria,2025-08-06,2025-08-06,2025,128.2409,Bs/USD
tipo_cambio_bcv_usd,Tipo de cambio BCV,Economía,Banco Central de Venezuela,https://www.bcv.org.ve/sites/default/files/indicadores_sector_externo/2_1_1_tdc.xlsx,Diaria,2025-08-07,2025-08-07,2025,129.0535,Bs/USD
tipo_cambio_bcv_usd,Tipo de cambio BCV,Economía,Banco Central de Venezuela,https://www.bcv.org.ve/sites/default/files/indicadores_sector_externo/2_1_1_tdc.xlsx,Diaria,2025-08-08,2025-08-08,2025,130.0652,Bs/USD
tipo_cambio_bcv_usd,Tipo de cambio BCV,Economía,Banco Central de Venezuela,https://www.bcv.org.ve/sites/default/files/indicadores_sector_externo/2_1_1_tdc.xlsx,Diaria,2025-08-11,2025-08-11,2025,131.1241,Bs/USD
tipo_cambio_bcv_usd,Tipo de cambio BCV,Economía,Banco Central de Venezuela,https://www.bcv.org.ve/sites/default/files/indicadores_sector_externo/2_1_1_tdc.xlsx,Diaria,2025-08-12,2025-08-12,2025,132.3026,Bs/USD
tipo_cambio_bcv_usd,Tipo de cambio BCV,Economía,Banco Central de Venezuela,https://www.bcv.org.ve/sites/default/files/indicadores_sector_externo/2_1_1_tdc.xlsx,Diaria,2025-08-13,2025-08-13,2025,133.5159,Bs/USD
tipo_cambio_bcv_usd,Tipo de cambio BCV,Economía,Banco Central de Venezuela,https://www.bcv.org.ve/sites/default/files/indicadores_sector_externo/2_1_1_tdc.xlsx,Diaria,2025-08-14,2025-08-14,2025,134.4812,Bs/USD
tipo_cambio_bcv_usd,Tipo de cambio BCV,Economía,Banco Central de Venezuela,https://www.bcv.org.ve/sites/default/files/indicadores_sector_externo/2_1_1_tdc.xlsx,Diaria,2025-08-15,2025-08-15,2025,135.6399,Bs/USD
tipo_cambio_bcv_usd,Tipo de cambio BCV,Economía,Banco Central de Venezuela,https://www.bcv.org.ve/sites/default/files/indicadores_sector_externo/2_1_1_tdc.xlsx,Diaria,2025-08-19,2025-08-19,2025,136.8931,Bs/USD
tipo_cambio_bcv_usd,Tipo de cambio BCV,Economía,Banco Central de Venezuela,https://www.bcv.org.ve/sites/default/files/indicadores_sector_externo/2_1_1_tdc.xlsx,Diaria,2025-08-20,2025-08-20,2025,138.1283,Bs/USD
tipo_cambio_bcv_usd,Tipo de cambio BCV,Economía,Banco Central de Venezuela,https://www.bcv.org.ve/sites/default/files/indicadores_sector_externo/2_1_1_tdc.xlsx,Diaria,2025-08-21,2025-08-21,2025,139.4016,Bs/USD
tipo_cambio_bcv_usd,Tipo de cambio BCV,Economía,Banco Central de Venezuela,https://www.bcv.org.ve/sites/default/files/indicadores_sector_externo/2_1_1_tdc.xlsx,Diaria,2025-08-22,2025-08-22,2025,140.66,Bs/USD
tipo_cambio_bcv_usd,Tipo de cambio BCV,Economía,Banco Central de Venezuela,https://www.bcv.org.ve/sites/default/files/indicadores_sector_externo/2_1_1_tdc.xlsx,Diaria,2025-08-25,2025-08-25,2025,141.8843,Bs/USD
tipo_cambio_bcv_usd,Tipo de cambio BCV,Economía,Banco Central de Venezuela,https://www.bcv.org.ve/sites/default/files/indicadores_sector_externo/2_1_1_tdc.xlsx,Diaria,2025-08-26,2025-08-26,2025,143.0381,Bs/USD
tipo_cambio_bcv_usd,Tipo de cambio BCV,Economía,Banco Central de Venezuela,https://www.bcv.org.ve/sites/default/files/indicadores_sector_externo/2_1_1_tdc.xlsx,Diaria,2025-08-27,2025-08-27,2025,144.3732,Bs/USD
tipo_cambio_bcv_usd,Tipo de cambio BCV,Economía,Banco Central de Venezuela,https://www.bcv.org.ve/sites/default/files/indicadores_sector_externo/2_1_1_tdc.xlsx,Diaria,2025-08-28,2025-08-28,2025,145.7453,Bs/USD
tipo_cambio_bcv_usd,Tipo de cambio BCV,Economía,Banco Central de Venezuela,https://www.bcv.org.ve/sites/default/files/indicadores_sector_externo/2_1_1_tdc.xlsx,Diaria,2025-08-29,2025-08-29,2025,147.0825,Bs/USD
tipo_cambio_bcv_usd,Tipo de cambio BCV,Economía,Banco Central de Venezuela,https://www.bcv.org.ve/sites/default/files/indicadores_sector_externo/2_1_1_tdc.xlsx,Diaria,2025-09-01,2025-09-01,2025,148.444,Bs/USD
tipo_cambio_bcv_usd,Tipo de cambio BCV,Economía,Banco Central de Venezuela,https://www.bcv.org.ve/sites/default/files/indicadores_sector_externo/2_1_1_tdc.xlsx,Diaria,2025-09-02,2025-09-02,2025,149.4677,Bs/USD
tipo_cambio_bcv_usd,Tipo de cambio BCV,Economía,Banco Central de Venezuela,https://www.bcv.org.ve/sites/default/files/indicadores_sector_externo/2_1_1_tdc.xlsx,Diaria,2025-09-03,2025-09-03,2025,150.7952,Bs/USD
tipo_cambio_bcv_usd,Tipo de cambio BCV,Economía,Banco Central de Venezuela,https://www.bcv.org.ve/sites/default/files/indicadores_sector_externo/2_1_1_tdc.xlsx,Diaria,2025-09-04,2025-09-04,2025,151.7627,Bs/USD
tipo_cambio_bcv_usd,Tipo de cambio BCV,Economía,Banco Central de Venezuela,https://www.bcv.org.ve/sites/default/files/indicadores_sector_externo/2_1_1_tdc.xlsx,Diaria,2025-09-05,2025-09-05,2025,152.8216,Bs/USD
tipo_cambio_bcv_usd,Tipo de cambio BCV,Economía,Banco Central de Venezuela,https://www.bcv.org.ve/sites/default/files/indicadores_sector_externo/2_1_1_tdc.xlsx,Diaria,2025-09-08,2025-09-08,2025,154.0108,Bs/USD
tipo_cambio_bcv_usd,Tipo de cambio BCV,Economía,Banco Central de Venezuela,https://www.bcv.org.ve/sites/default/files/indicadores_sector_externo/2_1_1_tdc.xlsx,Diaria,2025-09-09,2025-09-09,2025,154.9825,Bs/USD
tipo_cambio_bcv_usd,Tipo de cambio BCV,Economía,Banco Central de Venezuela,https://www.bcv.org.ve/sites/default/files/indicadores_sector_externo/2_1_1_tdc.xlsx,Diaria,2025-09-10,2025-09-10,2025,156.3739,Bs/USD
tipo_cambio_bcv_usd,Tipo de cambio BCV,Economía,Banco Central de Venezuela,https://www.bcv.org.ve/sites/default/files/indicadores_sector_externo/2_1_1_tdc.xlsx,Diaria,2025-09-11,2025-09-11,2025,157.7287,Bs/USD
tipo_cambio_bcv_usd,Tipo de cambio BCV,Economía,Banco Central de Venezuela,https://www.bcv.org.ve/sites/default/files/indicadores_sector_externo/2_1_1_tdc.xlsx,Diaria,2025-09-12,2025-09-12,2025,158.9289,Bs/USD
tipo_cambio_bcv_usd,Tipo de cambio BCV,Economía,Banco Central de Venezuela,https://www.bcv.org.ve/sites/default/files/indicadores_sector_externo/2_1_1_tdc.xlsx,Diaria,2025-09-16,2025-09-16,2025,160.4479,Bs/USD
tipo_cambio_bcv_usd,Tipo de cambio BCV,Economía,Banco Central de Venezuela,https://www.bcv.org.ve/sites/default/files/indicadores_sector_externo/2_1_1_tdc.xlsx,Diaria,2025-09-17,2025-09-17,2025,161.888,Bs/USD
tipo_cambio_bcv_usd,Tipo de cambio BCV,Economía,Banco Central de Venezuela,https://www.bcv.org.ve/sites/default/files/indicadores_sector_externo/2_1_1_tdc.xlsx,Diaria,2025-09-18,2025-09-18,2025,163.6474,Bs/USD
tipo_cambio_bcv_usd,Tipo de cambio BCV,Economía,Banco Central de Venezuela,https://www.bcv.org.ve/sites/default/files/indicadores_sector_externo/2_1_1_tdc.xlsx,Diaria,2025-09-19,2025-09-19,2025,165.4101,Bs/USD
tipo_cambio_bcv_usd,Tipo de cambio BCV,Economía,Banco Central de Venezuela,https://www.bcv.org.ve/sites/default/files/indicadores_sector_externo/2_1_1_tdc.xlsx,Diaria,2025-09-22,2025-09-22,2025,166.5834,Bs/USD
tipo_cambio_bcv_usd,Tipo de cambio BCV,Economía,Banco Central de Venezuela,https://www.bcv.org.ve/sites/default/files/indicadores_sector_externo/2_1_1_tdc.xlsx,Diaria,2025-09-23,2025-09-23,2025,168.4157,Bs/USD
tipo_cambio_bcv_usd,Tipo de cambio BCV,Economía,Banco Central de Venezuela,https://www.bcv.org.ve/sites/default/files/indicadores_sector_externo/2_1_1_tdc.xlsx,Diaria,2025-09-24,2025-09-24,2025,169.9761,Bs/USD
tipo_cambio_bcv_usd,Tipo de cambio BCV,Economía,Banco Central de Venezuela,https://www.bcv.org.ve/sites/default/files/indicadores_sector_externo/2_1_1_tdc.xlsx,Diaria,2025-09-25,2025-09-25,2025,171.8458,Bs/USD
tipo_cambio_bcv_usd,Tipo de cambio BCV,Economía,Banco Central de Venezuela,https://www.bcv.org.ve/sites/default/files/indicadores_sector_externo/2_1_1_tdc.xlsx,Diaria,2025-09-26,2025-09-26,2025,173.7361,Bs/USD
tipo_cambio_bcv_usd,Tipo de cambio BCV,Economía,Banco Central de Venezuela,https://www.bcv.org.ve/sites/default/files/indicadores_sector_externo/2_1_1_tdc.xlsx,Diaria,2025-09-29,2025-09-29,2025,175.6471,Bs/USD
tipo_cambio_bcv_usd,Tipo de cambio BCV,Economía,Banco Central de Venezuela,https://www.bcv.org.ve/sites/default/files/indicadores_sector_externo/2_1_1_tdc.xlsx,Diaria,2025-09-30,2025-09-30,2025,177.6143,Bs/USD
tipo_cambio_bcv_usd,Tipo de cambio BCV,Economía,Banco Central de Venezuela,https://www.bcv.org.ve/sites/default/files/indicadores_sector_externo/2_1_1_tdc.xlsx,Diaria,2025-10-01,2025-10-01,2025,179.4308,Bs/USD
tipo_cambio_bcv_usd,Tipo de cambio BCV,Economía,Banco Central de Venezuela,https://www.bcv.org.ve/sites/default/files/indicadores_sector_externo/2_1_1_tdc.xlsx,Diaria,2025-10-02,2025-10-02,2025,181.3037,Bs/USD
tipo_cambio_bcv_usd,Tipo de cambio BCV,Economía,Banco Central de Venezuela,https://www.bcv.org.ve/sites/default/files/indicadores_sector_externo/2_1_1_tdc.xlsx,Diaria,2025-10-03,2025-10-03,2025,183.1369,Bs/USD
tipo_cambio_bcv_usd,Tipo de cambio BCV,Economía,Banco Central de Venezuela,https://www.bcv.org.ve/sites/default/files/indicadores_sector_externo/2_1_1_tdc.xlsx,Diaria,2025-10-06,2025-10-06,2025,185.3983,Bs/USD
tipo_cambio_bcv_usd,Tipo de cambio BCV,Economía,Banco Central de Venezuela,https://www.bcv.org.ve/sites/default/files/indicadores_sector_externo/2_1_1_tdc.xlsx,Diaria,2025-10-07,2025-10-07,2025,187.2893,Bs/USD
tipo_cambio_bcv_usd,Tipo de cambio BCV,Economía,Banco Central de Venezuela,https://www.bcv.org.ve/sites/default/files/indicadores_sector_externo/2_1_1_tdc.xlsx,Diaria,2025-10-08,2025-10-08,2025,189.2594,Bs/USD
tipo_cambio_bcv_usd,Tipo de cambio BCV,Economía,Banco Central de Venezuela,https://www.bcv.org.ve/sites/default/files/indicadores_sector_externo/2_1_1_tdc.xlsx,Diaria,2025-10-09,2025-10-09,2025,191.3661,Bs/USD
tipo_cambio_bcv_usd,Tipo de cambio BCV,Economía,Banco Central de Venezuela,https://www.bcv.org.ve/sites/default/files/indicadores_sector_externo/2_1_1_tdc.xlsx,Diaria,2025-10-10,2025-10-10,2025,193.2996,Bs/USD
tipo_cambio_bcv_usd,Tipo de cambio BCV,Economía,Banco Central de Venezuela,https://www.bcv.org.ve/sites/default/files/indicadores_sector_externo/2_1_1_tdc.xlsx,Diaria,2025-10-13,2025-10-13,2025,195.2491,Bs/USD
tipo_cambio_bcv_usd,Tipo de cambio BCV,Economía,Banco Central de Venezuela,https://www.bcv.org.ve/sites/default/files/indicadores_sector_externo/2_1_1_tdc.xlsx,Diaria,2025-10-14,2025-10-14,2025,197.2456,Bs/USD
tipo_cambio_bcv_usd,Tipo de cambio BCV,Economía,Banco Central de Venezuela,https://www.bcv.org.ve/sites/default/files/indicadores_sector_externo/2_1_1_tdc.xlsx,Diaria,2025-10-15,2025-10-15,2025,199.1072,Bs/USD
tipo_cambio_bcv_usd,Tipo de cambio BCV,Economía,Banco Central de Venezuela,https://www.bcv.org.ve/sites/default/files/indicadores_sector_externo/2_1_1_tdc.xlsx,Diaria,2025-10-16,2025-10-16,2025,201.4665,Bs/USD
tipo_cambio_bcv_usd,Tipo de cambio BCV,Economía,Banco Central de Venezuela,https://www.bcv.org.ve/sites/default/files/indicadores_sector_externo/2_1_1_tdc.xlsx,Diaria,2025-10-17,2025-10-17,2025,203.742,Bs/USD
tipo_cambio_bcv_usd,Tipo de cambio BCV,Economía,Banco Central de Venezuela,https://www.bcv.org.ve/sites/default/files/indicadores_sector_externo/2_1_1_tdc.xlsx,Diaria,2025-10-20,2025-10-20,2025,205.6754,Bs/USD
tipo_cambio_bcv_usd,Tipo de cambio BCV,Economía,Banco Central de Venezuela,https://www.bcv.org.ve/sites/default/files/indicadores_sector_externo/2_1_1_tdc.xlsx,Diaria,2025-10-21,2025-10-21,2025,207.8938,Bs/USD
tipo_cambio_bcv_usd,Tipo de cambio BCV,Economía,Banco Central de Venezuela,https://www.bcv.org.ve/sites/default/files/indicadores_sector_externo/2_1_1_tdc.xlsx,Diaria,2025-10-22,2025-10-22,2025,210.2825,Bs/USD
tipo_cambio_bcv_usd,Tipo de cambio BCV,Economía,Banco Central de Venezuela,https://www.bcv.org.ve/sites/default/files/indicadores_sector_externo/2_1_1_tdc.xlsx,Diaria,2025-10-23,2025-10-23,2025,212.4837,Bs/USD
tipo_cambio_bcv_usd,Tipo de cambio BCV,Economía,Banco Central de Venezuela,https://www.bcv.org.ve/sites/default/files/indicadores_sector_externo/2_1_1_tdc.xlsx,Diaria,2025-10-24,2025-10-24,2025,214.419,Bs/USD
tipo_cambio_bcv_usd,Tipo de cambio BCV,Economía,Banco Central de Venezuela,https://www.bcv.org.ve/sites/default/files/indicadores_sector_externo/2_1_1_tdc.xlsx,Diaria,2025-10-27,2025-10-27,2025,216.3714,Bs/USD
tipo_cambio_bcv_usd,Tipo de cambio BCV,Economía,Banco Central de Venezuela,https://www.bcv.org.ve/sites/default/files/indicadores_sector_externo/2_1_1_tdc.xlsx,Diaria,2025-10-28,2025-10-28,2025,218.17,Bs/USD
tipo_cambio_bcv_usd,Tipo de cambio BCV,Economía,Banco Central de Venezuela,https://www.bcv.org.ve/sites/default/files/indicadores_sector_externo/2_1_1_tdc.xlsx,Diaria,2025-10-29,2025-10-29,2025,219.8737,Bs/USD
tipo_cambio_bcv_usd,Tipo de cambio BCV,Economía,Banco Central de Venezuela,https://www.bcv.org.ve/sites/default/files/indicadores_sector_externo/2_1_1_tdc.xlsx,Diaria,2025-10-30,2025-10-30,2025,221.7438,Bs/USD
tipo_cambio_bcv_usd,Tipo de cambio BCV,Economía,Banco Central de Venezuela,https://www.bcv.org.ve/sites/default/files/indicadores_sector_externo/2_1_1_tdc.xlsx,Diaria,2025-10-31,2025-10-31,2025,223.6459,Bs/USD
tipo_cambio_bcv_usd,Tipo de cambio BCV,Economía,Banco Central de Venezuela,https://www.bcv.org.ve/sites/default/files/indicadores_sector_externo/2_1_1_tdc.xlsx,Diaria,2025-11-03,2025-11-03,2025,223.9622,Bs/USD
tipo_cambio_bcv_usd,Tipo de cambio BCV,Economía,Banco Central de Venezuela,https://www.bcv.org.ve/sites/default/files/indicadores_sector_externo/2_1_1_tdc.xlsx,Diaria,2025-11-04,2025-11-04,2025,224.3762,Bs/USD
tipo_cambio_bcv_usd,Tipo de cambio BCV,Economía,Banco Central de Venezuela,https://www.bcv.org.ve/sites/default/files/indicadores_sector_externo/2_1_1_tdc.xlsx,Diaria,2025-11-05,2025-11-05,2025,226.1305,Bs/USD
tipo_cambio_bcv_usd,Tipo de cambio BCV,Economía,Banco Central de Venezuela,https://www.bcv.org.ve/sites/default/files/indicadores_sector_externo/2_1_1_tdc.xlsx,Diaria,2025-11-06,2025-11-06,2025,227.5567,Bs/USD
tipo_cambio_bcv_usd,Tipo de cambio BCV,Economía,Banco Central de Venezuela,https://www.bcv.org.ve/sites/default/files/indicadores_sector_externo/2_1_1_tdc.xlsx,Diaria,2025-11-07,2025-11-07,2025,228.4796,Bs/USD
tipo_cambio_bcv_usd,Tipo de cambio BCV,Economía,Banco Central de Venezuela,https://www.bcv.org.ve/sites/default/files/indicadores_sector_externo/2_1_1_tdc.xlsx,Diaria,2025-11-10,2025-11-10,2025,231.0462,Bs/USD
tipo_cambio_bcv_usd,Tipo de cambio BCV,Economía,Banco Central de Venezuela,https://www.bcv.org.ve/sites/default/files/indicadores_sector_externo/2_1_1_tdc.xlsx,Diaria,2025-11-11,2025-11-11,2025,231.0938,Bs/USD
tipo_cambio_bcv_usd,Tipo de cambio BCV,Economía,Banco Central de Venezuela,https://www.bcv.org.ve/sites/default/files/indicadores_sector_externo/2_1_1_tdc.xlsx,Diaria,2025-11-12,2025-11-12,2025,233.0458,Bs/USD
tipo_cambio_bcv_usd,Tipo de cambio BCV,Economía,Banco Central de Venezuela,https://www.bcv.org.ve/sites/default/files/indicadores_sector_externo/2_1_1_tdc.xlsx,Diaria,2025-11-13,2025-11-13,2025,233.5576,Bs/USD
tipo_cambio_bcv_usd,Tipo de cambio BCV,Economía,Banco Central de Venezuela,https://www.bcv.org.ve/sites/default/files/indicadores_sector_externo/2_1_1_tdc.xlsx,Diaria,2025-11-14,2025-11-14,2025,234.8715,Bs/USD
tipo_cambio_bcv_usd,Tipo de cambio BCV,Economía,Banco Central de Venezuela,https://www.bcv.org.ve/sites/default/files/indicadores_sector_externo/2_1_1_tdc.xlsx,Diaria,2025-11-17,2025-11-17,2025,236.4601,Bs/USD
tipo_cambio_bcv_usd,Tipo de cambio BCV,Economía,Banco Central de Venezuela,https://www.bcv.org.ve/sites/default/files/indicadores_sector_externo/2_1_1_tdc.xlsx,Diaria,2025-11-18,2025-11-18,2025,236.8389,Bs/USD
tipo_cambio_bcv_usd,Tipo de cambio BCV,Economía,Banco Central de Venezuela,https://www.bcv.org.ve/sites/default/files/indicadores_sector_externo/2_1_1_tdc.xlsx,Diaria,2025-11-19,2025-11-19,2025,237.7505,Bs/USD
tipo_cambio_bcv_usd,Tipo de cambio BCV,Economía,Banco Central de Venezuela,https://www.bcv.org.ve/sites/default/files/indicadores_sector_externo/2_1_1_tdc.xlsx,Diaria,2025-11-20,2025-11-20,2025,240.3209,Bs/USD
tipo_cambio_bcv_usd,Tipo de cambio BCV,Economía,Banco Central de Venezuela,https://www.bcv.org.ve/sites/default/files/indicadores_sector_externo/2_1_1_tdc.xlsx,Diaria,2025-11-21,2025-11-21,2025,241.578,Bs/USD
tipo_cambio_bcv_usd,Tipo de cambio BCV,Economía,Banco Central de Venezuela,https://www.bcv.org.ve/sites/default/files/indicadores_sector_externo/2_1_1_tdc.xlsx,Diaria,2025-11-25,2025-11-25,2025,243.1105,Bs/USD
tipo_cambio_bcv_usd,Tipo de cambio BCV,Economía,Banco Central de Venezuela,https://www.bcv.org.ve/sites/default/files/indicadores_sector_externo/2_1_1_tdc.xlsx,Diaria,2025-11-26,2025-11-26,2025,243.5727,Bs/USD
tipo_cambio_bcv_usd,Tipo de cambio BCV,Economía,Banco Central de Venezuela,https://www.bcv.org.ve/sites/default/files/indicadores_sector_externo/2_1_1_tdc.xlsx,Diaria,2025-11-27,2025-11-27,2025,244.6504,Bs/USD
tipo_cambio_bcv_usd,Tipo de cambio BCV,Economía,Banco Central de Venezuela,https://www.bcv.org.ve/sites/default/files/indicadores_sector_externo/2_1_1_tdc.xlsx,Diaria,2025-11-28,2025-11-28,2025,245.6697,Bs/USD
tipo_cambio_bcv_usd,Tipo de cambio BCV,Economía,Banco Central de Venezuela,https://www.bcv.org.ve/sites/default/files/indicadores_sector_externo/2_1_1_tdc.xlsx,Diaria,2025-12-01,2025-12-01,2025,247.3003,Bs/USD
tipo_cambio_bcv_usd,Tipo de cambio BCV,Economía,Banco Central de Venezuela,https://www.bcv.org.ve/sites/default/files/indicadores_sector_externo/2_1_1_tdc.xlsx,Diaria,2025-12-02,2025-12-02,2025,247.4071,Bs/USD
tipo_cambio_bcv_usd,Tipo de cambio BCV,Economía,Banco Central de Venezuela,https://www.bcv.org.ve/sites/default/files/indicadores_sector_externo/2_1_1_tdc.xlsx,Diaria,2025-12-03,2025-12-03,2025,249.1989,Bs/USD
tipo_cambio_bcv_usd,Tipo de cambio BCV,Economía,Banco Central de Venezuela,https://www.bcv.org.ve/sites/default/files/indicadores_sector_externo/2_1_1_tdc.xlsx,Diaria,2025-12-04,2025-12-04,2025,251.8867,Bs/USD
tipo_cambio_bcv_usd,Tipo de cambio BCV,Economía,Banco Central de Venezuela,https://www.bcv.org.ve/sites/default/files/indicadores_sector_externo/2_1_1_tdc.xlsx,Diaria,2025-12-05,2025-12-05,2025,254.8705,Bs/USD
tipo_cambio_bcv_usd,Tipo de cambio BCV,Economía,Banco Central de Venezuela,https://www.bcv.org.ve/sites/default/files/indicadores_sector_externo/2_1_1_tdc.xlsx,Diaria,2025-12-09,2025-12-09,2025,257.9287,Bs/USD
tipo_cambio_bcv_usd,Tipo de cambio BCV,Economía,Banco Central de Venezuela,https://www.bcv.org.ve/sites/default/files/indicadores_sector_externo/2_1_1_tdc.xlsx,Diaria,2025-12-10,2025-12-10,2025,262.1036,Bs/USD
tipo_cambio_bcv_usd,Tipo de cambio BCV,Economía,Banco Central de Venezuela,https://www.bcv.org.ve/sites/default/files/indicadores_sector_externo/2_1_1_tdc.xlsx,Diaria,2025-12-11,2025-12-11,2025,265.0662,Bs/USD
tipo_cambio_bcv_usd,Tipo de cambio BCV,Economía,Banco Central de Venezuela,https://www.bcv.org.ve/sites/default/files/indicadores_sector_externo/2_1_1_tdc.xlsx,Diaria,2025-12-12,2025-12-12,2025,267.7499,Bs/USD
tipo_cambio_bcv_usd,Tipo de cambio BCV,Economía,Banco Central de Venezuela,https://www.bcv.org.ve/sites/default/files/indicadores_sector_externo/2_1_1_tdc.xlsx,Diaria,2025-12-15,2025-12-15,2025,270.7893,Bs/USD
tipo_cambio_bcv_usd,Tipo de cambio BCV,Economía,Banco Central de Venezuela,https://www.bcv.org.ve/sites/default/files/indicadores_sector_externo/2_1_1_tdc.xlsx,Diaria,2025-12-16,2025-12-16,2025,273.5861,Bs/USD
tipo_cambio_bcv_usd,Tipo de cambio BCV,Economía,Banco Central de Venezuela,https://www.bcv.org.ve/sites/default/files/indicadores_sector_externo/2_1_1_tdc.xlsx,Diaria,2025-12-17,2025-12-17,2025,276.5769,Bs/USD
tipo_cambio_bcv_usd,Tipo de cambio BCV,Economía,Banco Central de Venezuela,https://www.bcv.org.ve/sites/default/files/indicadores_sector_externo/2_1_1_tdc.xlsx,Diaria,2025-12-18,2025-12-18,2025,279.5629,Bs/USD
tipo_cambio_bcv_usd,Tipo de cambio BCV,Economía,Banco Central de Venezuela,https://www.bcv.org.ve/sites/default/files/indicadores_sector_externo/2_1_1_tdc.xlsx,Diaria,2025-12-19,2025-12-19,2025,282.5128,Bs/USD
tipo_cambio_bcv_usd,Tipo de cambio BCV,Economía,Banco Central de Venezuela,https://www.bcv.org.ve/sites/default/files/indicadores_sector_externo/2_1_1_tdc.xlsx,Diaria,2025-12-22,2025-12-22,2025,285.4024,Bs/USD
tipo_cambio_bcv_usd,Tipo de cambio BCV,Economía,Banco Central de Venezuela,https://www.bcv.org.ve/sites/default/files/indicadores_sector_externo/2_1_1_tdc.xlsx,Diaria,2025-12-23,2025-12-23,2025,288.4494,Bs/USD
tipo_cambio_bcv_usd,Tipo de cambio BCV,Economía,Banco Central de Venezuela,https://www.bcv.org.ve/sites/default/files/indicadores_sector_externo/2_1_1_tdc.xlsx,Diaria,2025-12-26,2025-12-26,2025,291.3524,Bs/USD
tipo_cambio_bcv_usd,Tipo de cambio BCV,Economía,Banco Central de Venezuela,https://www.bcv.org.ve/sites/default/files/indicadores_sector_externo/2_1_1_tdc.xlsx,Diaria,2025-12-29,2025-12-29,2025,294.9699,Bs/USD
tipo_cambio_bcv_usd,Tipo de cambio BCV,Economía,Banco Central de Venezuela,https://www.bcv.org.ve/sites/default/files/indicadores_sector_externo/2_1_1_tdc.xlsx,Diaria,2025-12-30,2025-12-30,2025,298.1431,Bs/USD
tipo_cambio_bcv_usd,Tipo de cambio BCV,Economía,Banco Central de Venezuela,https://www.bcv.org.ve/sites/default/files/indicadores_sector_externo/2_1_1_tdc.xlsx,Diaria,2026-01-02,2026-01-02,2026,301.3709,Bs/USD
tipo_cambio_bcv_usd,Tipo de cambio BCV,Economía,Banco Central de Venezuela,https://www.bcv.org.ve/sites/default/files/indicadores_sector_externo/2_1_1_tdc.xlsx,Diaria,2026-01-05,2026-01-05,2026,304.6796,Bs/USD
tipo_cambio_bcv_usd,Tipo de cambio BCV,Economía,Banco Central de Venezuela,https://www.bcv.org.ve/sites/default/files/indicadores_sector_externo/2_1_1_tdc.xlsx,Diaria,2026-01-06,2026-01-06,2026,308.1546,Bs/USD
tipo_cambio_bcv_usd,Tipo de cambio BCV,Economía,Banco Central de Venezuela,https://www.bcv.org.ve/sites/default/files/indicadores_sector_externo/2_1_1_tdc.xlsx,Diaria,2026-01-07,2026-01-07,2026,311.8814,Bs/USD
tipo_cambio_bcv_usd,Tipo de cambio BCV,Economía,Banco Central de Venezuela,https://www.bcv.org.ve/sites/default/files/indicadores_sector_externo/2_1_1_tdc.xlsx,Diaria,2026-01-08,2026-01-08,2026,321.0323,Bs/USD
tipo_cambio_bcv_usd,Tipo de cambio BCV,Economía,Banco Central de Venezuela,https://www.bcv.org.ve/sites/default/files/indicadores_sector_externo/2_1_1_tdc.xlsx,Diaria,2026-01-09,2026-01-09,2026,325.3894,Bs/USD
tipo_cambio_bcv_usd,Tipo de cambio BCV,Economía,Banco Central de Venezuela,https://www.bcv.org.ve/sites/default/files/indicadores_sector_externo/2_1_1_tdc.xlsx,Diaria,2026-01-13,2026-01-13,2026,330.3751,Bs/USD
tipo_cambio_bcv_usd,Tipo de cambio BCV,Economía,Banco Central de Venezuela,https://www.bcv.org.ve/sites/default/files/indicadores_sector_externo/2_1_1_tdc.xlsx,Diaria,2026-01-14,2026-01-14,2026,336.4596,Bs/USD
tipo_cambio_bcv_usd,Tipo de cambio BCV,Economía,Banco Central de Venezuela,https://www.bcv.org.ve/sites/default/files/indicadores_sector_externo/2_1_1_tdc.xlsx,Diaria,2026-01-15,2026-01-15,2026,339.1495,Bs/USD
tipo_cambio_bcv_usd,Tipo de cambio BCV,Economía,Banco Central de Venezuela,https://www.bcv.org.ve/sites/default/files/indicadores_sector_externo/2_1_1_tdc.xlsx,Diaria,2026-01-16,2026-01-16,2026,341.7425,Bs/USD
tipo_cambio_bcv_usd,Tipo de cambio BCV,Economía,Banco Central de Venezuela,https://www.bcv.org.ve/sites/default/files/indicadores_sector_externo/2_1_1_tdc.xlsx,Diaria,2026-01-20,2026-01-20,2026,344.5071,Bs/USD
tipo_cambio_bcv_usd,Tipo de cambio BCV,Economía,Banco Central de Venezuela,https://www.bcv.org.ve/sites/default/files/indicadores_sector_externo/2_1_1_tdc.xlsx,Diaria,2026-01-21,2026-01-21,2026,347.2631,Bs/USD
tipo_cambio_bcv_usd,Tipo de cambio BCV,Economía,Banco Central de Venezuela,https://www.bcv.org.ve/sites/default/files/indicadores_sector_externo/2_1_1_tdc.xlsx,Diaria,2026-01-22,2026-01-22,2026,349.9272,Bs/USD
tipo_cambio_bcv_usd,Tipo de cambio BCV,Economía,Banco Central de Venezuela,https://www.bcv.org.ve/sites/default/files/indicadores_sector_externo/2_1_1_tdc.xlsx,Diaria,2026-01-23,2026-01-23,2026,352.7063,Bs/USD
tipo_cambio_bcv_usd,Tipo de cambio BCV,Economía,Banco Central de Venezuela,https://www.bcv.org.ve/sites/default/files/indicadores_sector_externo/2_1_1_tdc.xlsx,Diaria,2026-01-26,2026-01-26,2026,355.5528,Bs/USD
tipo_cambio_bcv_usd,Tipo de cambio BCV,Economía,Banco Central de Venezuela,https://www.bcv.org.ve/sites/default/files/indicadores_sector_externo/2_1_1_tdc.xlsx,Diaria,2026-01-27,2026-01-27,2026,358.9247,Bs/USD
tipo_cambio_bcv_usd,Tipo de cambio BCV,Economía,Banco Central de Venezuela,https://www.bcv.org.ve/sites/default/files/indicadores_sector_externo/2_1_1_tdc.xlsx,Diaria,2026-01-28,2026-01-28,2026,361.4906,Bs/USD
tipo_cambio_bcv_usd,Tipo de cambio BCV,Economía,Banco Central de Venezuela,https://www.bcv.org.ve/sites/default/files/indicadores_sector_externo/2_1_1_tdc.xlsx,Diaria,2026-01-29,2026-01-29,2026,363.6623,Bs/USD
tipo_cambio_bcv_usd,Tipo de cambio BCV,Economía,Banco Central de Venezuela,https://www.bcv.org.ve/sites/default/files/indicadores_sector_externo/2_1_1_tdc.xlsx,Diaria,2026-01-30,2026-01-30,2026,367.3069,Bs/USD
tipo_cambio_bcv_usd,Tipo de cambio BCV,Economía,Banco Central de Venezuela,https://www.bcv.org.ve/sites/default/files/indicadores_sector_externo/2_1_1_tdc.xlsx,Diaria,2026-02-02,2026-02-02,2026,370.2544,Bs/USD
tipo_cambio_bcv_usd,Tipo de cambio BCV,Economía,Banco Central de Venezuela,https://www.bcv.org.ve/sites/default/files/indicadores_sector_externo/2_1_1_tdc.xlsx,Diaria,2026-02-03,2026-02-03,2026,372.1057,Bs/USD
tipo_cambio_bcv_usd,Tipo de cambio BCV,Economía,Banco Central de Venezuela,https://www.bcv.org.ve/sites/default/files/indicadores_sector_externo/2_1_1_tdc.xlsx,Diaria,2026-02-04,2026-02-04,2026,375.0825,Bs/USD
tipo_cambio_bcv_usd,Tipo de cambio BCV,Economía,Banco Central de Venezuela,https://www.bcv.org.ve/sites/default/files/indicadores_sector_externo/2_1_1_tdc.xlsx,Diaria,2026-02-05,2026-02-05,2026,378.4582,Bs/USD
tipo_cambio_bcv_usd,Tipo de cambio BCV,Economía,Banco Central de Venezuela,https://www.bcv.org.ve/sites/default/files/indicadores_sector_externo/2_1_1_tdc.xlsx,Diaria,2026-02-06,2026-02-06,2026,381.1074,Bs/USD
tipo_cambio_bcv_usd,Tipo de cambio BCV,Economía,Banco Central de Venezuela,https://www.bcv.org.ve/sites/default/files/indicadores_sector_externo/2_1_1_tdc.xlsx,Diaria,2026-02-09,2026-02-09,2026,382.6318,Bs/USD
tipo_cambio_bcv_usd,Tipo de cambio BCV,Economía,Banco Central de Venezuela,https://www.bcv.org.ve/sites/default/files/indicadores_sector_externo/2_1_1_tdc.xlsx,Diaria,2026-02-10,2026-02-10,2026,385.272,Bs/USD
tipo_cambio_bcv_usd,Tipo de cambio BCV,Economía,Banco Central de Venezuela,https://www.bcv.org.ve/sites/default/files/indicadores_sector_externo/2_1_1_tdc.xlsx,Diaria,2026-02-11,2026-02-11,2026,388.7394,Bs/USD
tipo_cambio_bcv_usd,Tipo de cambio BCV,Economía,Banco Central de Venezuela,https://www.bcv.org.ve/sites/default/files/indicadores_sector_externo/2_1_1_tdc.xlsx,Diaria,2026-02-12,2026-02-12,2026,390.2944,Bs/USD
tipo_cambio_bcv_usd,Tipo de cambio BCV,Economía,Banco Central de Venezuela,https://www.bcv.org.ve/sites/default/files/indicadores_sector_externo/2_1_1_tdc.xlsx,Diaria,2026-02-13,2026-02-13,2026,393.2216,Bs/USD
tipo_cambio_bcv_usd,Tipo de cambio BCV,Economía,Banco Central de Venezuela,https://www.bcv.org.ve/sites/default/files/indicadores_sector_externo/2_1_1_tdc.xlsx,Diaria,2026-02-18,2026-02-18,2026,396.3674,Bs/USD
tipo_cambio_bcv_usd,Tipo de cambio BCV,Economía,Banco Central de Venezuela,https://www.bcv.org.ve/sites/default/files/indicadores_sector_externo/2_1_1_tdc.xlsx,Diaria,2026-02-19,2026-02-19,2026,398.7456,Bs/USD
tipo_cambio_bcv_usd,Tipo de cambio BCV,Economía,Banco Central de Venezuela,https://www.bcv.org.ve/sites/default/files/indicadores_sector_externo/2_1_1_tdc.xlsx,Diaria,2026-02-20,2026-02-20,2026,402.3343,Bs/USD
tipo_cambio_bcv_usd,Tipo de cambio BCV,Economía,Banco Central de Venezuela,https://www.bcv.org.ve/sites/default/files/indicadores_sector_externo/2_1_1_tdc.xlsx,Diaria,2026-02-23,2026-02-23,2026,405.3518,Bs/USD
tipo_cambio_bcv_usd,Tipo de cambio BCV,Economía,Banco Central de Venezuela,https://www.bcv.org.ve/sites/default/files/indicadores_sector_externo/2_1_1_tdc.xlsx,Diaria,2026-02-24,2026-02-24,2026,407.3786,Bs/USD
tipo_cambio_bcv_usd,Tipo de cambio BCV,Economía,Banco Central de Venezuela,https://www.bcv.org.ve/sites/default/files/indicadores_sector_externo/2_1_1_tdc.xlsx,Diaria,2026-02-25,2026-02-25,2026,411.0857,Bs/USD
tipo_cambio_bcv_usd,Tipo de cambio BCV,Economía,Banco Central de Venezuela,https://www.bcv.org.ve/sites/default/files/indicadores_sector_externo/2_1_1_tdc.xlsx,Diaria,2026-02-26,2026-02-26,2026,414.0455,Bs/USD
tipo_cambio_bcv_usd,Tipo de cambio BCV,Economía,Banco Central de Venezuela,https://www.bcv.org.ve/sites/default/files/indicadores_sector_externo/2_1_1_tdc.xlsx,Diaria,2026-02-27,2026-02-27,2026,417.3579,Bs/USD
tipo_cambio_bcv_usd,Tipo de cambio BCV,Economía,Banco Central de Venezuela,https://www.bcv.org.ve/sites/default/files/indicadores_sector_externo/2_1_1_tdc.xlsx,Diaria,2026-03-02,2026-03-02,2026,419.9873,Bs/USD
tipo_cambio_bcv_usd,Tipo de cambio BCV,Economía,Banco Central de Venezuela,https://www.bcv.org.ve/sites/default/files/indicadores_sector_externo/2_1_1_tdc.xlsx,Diaria,2026-03-03,2026-03-03,2026,421.8772,Bs/USD
tipo_cambio_bcv_usd,Tipo de cambio BCV,Economía,Banco Central de Venezuela,https://www.bcv.org.ve/sites/default/files/indicadores_sector_externo/2_1_1_tdc.xlsx,Diaria,2026-03-04,2026-03-04,2026,425.6741,Bs/USD
tipo_cambio_bcv_usd,Tipo de cambio BCV,Economía,Banco Central de Venezuela,https://www.bcv.org.ve/sites/default/files/indicadores_sector_externo/2_1_1_tdc.xlsx,Diaria,2026-03-05,2026-03-05,2026,427.9302,Bs/USD
tipo_cambio_bcv_usd,Tipo de cambio BCV,Economía,Banco Central de Venezuela,https://www.bcv.org.ve/sites/default/files/indicadores_sector_externo/2_1_1_tdc.xlsx,Diaria,2026-03-06,2026-03-06,2026,431.0113,Bs/USD
tipo_cambio_bcv_usd,Tipo de cambio BCV,Economía,Banco Central de Venezuela,https://www.bcv.org.ve/sites/default/files/indicadores_sector_externo/2_1_1_tdc.xlsx,Diaria,2026-03-09,2026-03-09,2026,433.1664,Bs/USD
tipo_cambio_bcv_usd,Tipo de cambio BCV,Economía,Banco Central de Venezuela,https://www.bcv.org.ve/sites/default/files/indicadores_sector_externo/2_1_1_tdc.xlsx,Diaria,2026-03-10,2026-03-10,2026,436.2419,Bs/USD
tipo_cambio_bcv_usd,Tipo de cambio BCV,Economía,Banco Central de Venezuela,https://www.bcv.org.ve/sites/default/files/indicadores_sector_externo/2_1_1_tdc.xlsx,Diaria,2026-03-11,2026-03-11,2026,438.205,Bs/USD
tipo_cambio_bcv_usd,Tipo de cambio BCV,Economía,Banco Central de Venezuela,https://www.bcv.org.ve/sites/default/files/indicadores_sector_externo/2_1_1_tdc.xlsx,Diaria,2026-03-12,2026-03-12,2026,440.9657,Bs/USD
tipo_cambio_bcv_usd,Tipo de cambio BCV,Economía,Banco Central de Venezuela,https://www.bcv.org.ve/sites/default/files/indicadores_sector_externo/2_1_1_tdc.xlsx,Diaria,2026-03-13,2026-03-13,2026,443.2587,Bs/USD
tipo_cambio_bcv_usd,Tipo de cambio BCV,Economía,Banco Central de Venezuela,https://www.bcv.org.ve/sites/default/files/indicadores_sector_externo/2_1_1_tdc.xlsx,Diaria,2026-03-16,2026-03-16,2026,446.8048,Bs/USD
tipo_cambio_bcv_usd,Tipo de cambio BCV,Economía,Banco Central de Venezuela,https://www.bcv.org.ve/sites/default/files/indicadores_sector_externo/2_1_1_tdc.xlsx,Diaria,2026-03-17,2026-03-17,2026,448.3686,Bs/USD
tipo_cambio_bcv_usd,Tipo de cambio BCV,Economía,Banco Central de Venezuela,https://www.bcv.org.ve/sites/default/files/indicadores_sector_externo/2_1_1_tdc.xlsx,Diaria,2026-03-18,2026-03-18,2026,451.5072,Bs/USD
tipo_cambio_bcv_usd,Tipo de cambio BCV,Economía,Banco Central de Venezuela,https://www.bcv.org.ve/sites/default/files/indicadores_sector_externo/2_1_1_tdc.xlsx,Diaria,2026-03-20,2026-03-20,2026,455.2547,Bs/USD
tipo_cambio_bcv_usd,Tipo de cambio BCV,Economía,Banco Central de Venezuela,https://www.bcv.org.ve/sites/default/files/indicadores_sector_externo/2_1_1_tdc.xlsx,Diaria,2026-03-23,2026-03-23,2026,457.0757,Bs/USD
tipo_cambio_bcv_usd,Tipo de cambio BCV,Economía,Banco Central de Venezuela,https://www.bcv.org.ve/sites/default/files/indicadores_sector_externo/2_1_1_tdc.xlsx,Diaria,2026-03-24,2026-03-24,2026,459.4525,Bs/USD
tipo_cambio_bcv_usd,Tipo de cambio BCV,Economía,Banco Central de Venezuela,https://www.bcv.org.ve/sites/default/files/indicadores_sector_externo/2_1_1_tdc.xlsx,Diaria,2026-03-25,2026-03-25,2026,462.6687,Bs/USD
tipo_cambio_bcv_usd,Tipo de cambio BCV,Economía,Banco Central de Venezuela,https://www.bcv.org.ve/sites/default/files/indicadores_sector_externo/2_1_1_tdc.xlsx,Diaria,2026-03-26,2026-03-26,2026,466.6014,Bs/USD
tipo_cambio_bcv_usd,Tipo de cambio BCV,Economía,Banco Central de Venezuela,https://www.bcv.org.ve/sites/default/files/indicadores_sector_externo/2_1_1_tdc.xlsx,Diaria,2026-03-27,2026-03-27,2026,468.5145,Bs/USD
tipo_cambio_bcv_usd,Tipo de cambio BCV,Economía,Banco Central de Venezuela,https://www.bcv.org.ve/sites/default/files/indicadores_sector_externo/2_1_1_tdc.xlsx,Diaria,2026-03-30,2026-03-30,2026,471.7004,Bs/USD
tipo_cambio_bcv_usd,Tipo de cambio BCV,Economía,Banco Central de Venezuela,https://www.bcv.org.ve/sites/default/files/indicadores_sector_externo/2_1_1_tdc.xlsx,Diaria,2026-03-31,2026-03-31,2026,473.8702,Bs/USD
tipo_cambio_bcv_usd,Tipo de cambio BCV,Economía,Banco Central de Venezuela,https://www.bcv.org.ve/sites/default/files/indicadores_sector_externo/2_1_1_tdc.xlsx,Diaria,2026-04-01,2026-04-01,2026,473.9176,Bs/USD
tipo_cambio_bcv_usd,Tipo de cambio BCV,Economía,Banco Central de Venezuela,https://www.bcv.org.ve/sites/default/files/indicadores_sector_externo/2_1_1_tdc.xlsx,Diaria,2026-04-06,2026-04-06,2026,474.0598,Bs/USD
tipo_cambio_bcv_usd,Tipo de cambio BCV,Economía,Banco Central de Venezuela,https://www.bcv.org.ve/sites/default/files/indicadores_sector_externo/2_1_1_tdc.xlsx,Diaria,2026-04-07,2026-04-07,2026,474.5338,Bs/USD
tipo_cambio_bcv_usd,Tipo de cambio BCV,Economía,Banco Central de Venezuela,https://www.bcv.org.ve/sites/default/files/indicadores_sector_externo/2_1_1_tdc.xlsx,Diaria,2026-04-08,2026-04-08,2026,475.0083,Bs/USD
tipo_cambio_bcv_usd,Tipo de cambio BCV,Economía,Banco Central de Venezuela,https://www.bcv.org.ve/sites/default/files/indicadores_sector_externo/2_1_1_tdc.xlsx,Diaria,2026-04-09,2026-04-09,2026,475.9583,Bs/USD
tipo_cambio_bcv_usd,Tipo de cambio BCV,Economía,Banco Central de Venezuela,https://www.bcv.org.ve/sites/default/files/indicadores_sector_externo/2_1_1_tdc.xlsx,Diaria,2026-04-10,2026-04-10,2026,476.4342,Bs/USD
tipo_cambio_bcv_usd,Tipo de cambio BCV,Economía,Banco Central de Venezuela,https://www.bcv.org.ve/sites/default/files/indicadores_sector_externo/2_1_1_tdc.xlsx,Diaria,2026-04-13,2026-04-13,2026,477.1488,Bs/USD
tipo_cambio_bcv_usd,Tipo de cambio BCV,Economía,Banco Central de Venezuela,https://www.bcv.org.ve/sites/default/files/indicadores_sector_externo/2_1_1_tdc.xlsx,Diaria,2026-04-14,2026-04-14,2026,477.6259,Bs/USD
tipo_cambio_bcv_usd,Tipo de cambio BCV,Economía,Banco Central de Venezuela,https://www.bcv.org.ve/sites/default/files/indicadores_sector_externo/2_1_1_tdc.xlsx,Diaria,2026-04-15,2026-04-15,2026,478.5811,Bs/USD
tipo_cambio_bcv_usd,Tipo de cambio BCV,Economía,Banco Central de Venezuela,https://www.bcv.org.ve/sites/default/files/indicadores_sector_externo/2_1_1_tdc.xlsx,Diaria,2026-04-16,2026-04-16,2026,479.7775,Bs/USD
tipo_cambio_bcv_usd,Tipo de cambio BCV,Economía,Banco Central de Venezuela,https://www.bcv.org.ve/sites/default/files/indicadores_sector_externo/2_1_1_tdc.xlsx,Diaria,2026-04-17,2026-04-17,2026,480.2572,Bs/USD
tipo_cambio_bcv_usd,Tipo de cambio BCV,Economía,Banco Central de Venezuela,https://www.bcv.org.ve/sites/default/files/indicadores_sector_externo/2_1_1_tdc.xlsx,Diaria,2026-04-20,2026-04-20,2026,481.2177,Bs/USD
tipo_cambio_bcv_usd,Tipo de cambio BCV,Economía,Banco Central de Venezuela,https://www.bcv.org.ve/sites/default/files/indicadores_sector_externo/2_1_1_tdc.xlsx,Diaria,2026-04-21,2026-04-21,2026,481.6989,Bs/USD
tipo_cambio_bcv_usd,Tipo de cambio BCV,Economía,Banco Central de Venezuela,https://www.bcv.org.ve/sites/default/files/indicadores_sector_externo/2_1_1_tdc.xlsx,Diaria,2026-04-22,2026-04-22,2026,482.7586,Bs/USD
tipo_cambio_bcv_usd,Tipo de cambio BCV,Economía,Banco Central de Venezuela,https://www.bcv.org.ve/sites/default/files/indicadores_sector_externo/2_1_1_tdc.xlsx,Diaria,2026-04-23,2026-04-23,2026,483.3379,Bs/USD
tipo_cambio_bcv_usd,Tipo de cambio BCV,Economía,Banco Central de Venezuela,https://www.bcv.org.ve/sites/default/files/indicadores_sector_externo/2_1_1_tdc.xlsx,Diaria,2026-04-24,2026-04-24,2026,483.8695,Bs/USD
tipo_cambio_bcv_usd,Tipo de cambio BCV,Economía,Banco Central de Venezuela,https://www.bcv.org.ve/sites/default/files/indicadores_sector_externo/2_1_1_tdc.xlsx,Diaria,2026-04-27,2026-04-27,2026,484.7404,Bs/USD
tipo_cambio_bcv_usd,Tipo de cambio BCV,Economía,Banco Central de Venezuela,https://www.bcv.org.ve/sites/default/files/indicadores_sector_externo/2_1_1_tdc.xlsx,Diaria,2026-04-28,2026-04-28,2026,485.2251,Bs/USD
tipo_cambio_bcv_usd,Tipo de cambio BCV,Economía,Banco Central de Venezuela,https://www.bcv.org.ve/sites/default/files/indicadores_sector_externo/2_1_1_tdc.xlsx,Diaria,2026-04-29,2026-04-29,2026,486.1955,Bs/USD
tipo_cambio_bcv_usd,Tipo de cambio BCV,Economía,Banco Central de Venezuela,https://www.bcv.org.ve/sites/default/files/indicadores_sector_externo/2_1_1_tdc.xlsx,Diaria,2026-04-30,2026-04-30,2026,487.1192,Bs/USD
tipo_cambio_bcv_usd,Tipo de cambio BCV,Economía,Banco Central de Venezuela,https://www.bcv.org.ve/sites/default/files/indicadores_sector_externo/2_1_1_tdc.xlsx,Diaria,2026-05-04,2026-05-04,2026,489.5547,Bs/USD
tipo_cambio_bcv_usd,Tipo de cambio BCV,Economía,Banco Central de Venezuela,https://www.bcv.org.ve/sites/default/files/indicadores_sector_externo/2_1_1_tdc.xlsx,Diaria,2026-05-05,2026-05-05,2026,490.0442,Bs/USD
tipo_cambio_bcv_usd,Tipo de cambio BCV,Economía,Banco Central de Venezuela,https://www.bcv.org.ve/sites/default/files/indicadores_sector_externo/2_1_1_tdc.xlsx,Diaria,2026-05-06,2026-05-06,2026,493.3765,Bs/USD
tipo_cambio_bcv_usd,Tipo de cambio BCV,Economía,Banco Central de Venezuela,https://www.bcv.org.ve/sites/default/files/indicadores_sector_externo/2_1_1_tdc.xlsx,Diaria,2026-05-07,2026-05-07,2026,496.8301,Bs/USD
tipo_cambio_bcv_usd,Tipo de cambio BCV,Economía,Banco Central de Venezuela,https://www.bcv.org.ve/sites/default/files/indicadores_sector_externo/2_1_1_tdc.xlsx,Diaria,2026-05-08,2026-05-08,2026,499.8608,Bs/USD
tipo_cambio_bcv_usd,Tipo de cambio BCV,Economía,Banco Central de Venezuela,https://www.bcv.org.ve/sites/default/files/indicadores_sector_externo/2_1_1_tdc.xlsx,Diaria,2026-05-11,2026-05-11,2026,500.4606,Bs/USD
tipo_cambio_bcv_usd,Tipo de cambio BCV,Economía,Banco Central de Venezuela,https://www.bcv.org.ve/sites/default/files/indicadores_sector_externo/2_1_1_tdc.xlsx,Diaria,2026-05-12,2026-05-12,2026,504.9146,Bs/USD
tipo_cambio_bcv_usd,Tipo de cambio BCV,Economía,Banco Central de Venezuela,https://www.bcv.org.ve/sites/default/files/indicadores_sector_externo/2_1_1_tdc.xlsx,Diaria,2026-05-13,2026-05-13,2026,508.6004,Bs/USD
tipo_cambio_bcv_usd,Tipo de cambio BCV,Economía,Banco Central de Venezuela,https://www.bcv.org.ve/sites/default/files/indicadores_sector_externo/2_1_1_tdc.xlsx,Diaria,2026-05-14,2026-05-14,2026,510.7873,Bs/USD
tipo_cambio_bcv_usd,Tipo de cambio BCV,Economía,Banco Central de Venezuela,https://www.bcv.org.ve/sites/default/files/indicadores_sector_externo/2_1_1_tdc.xlsx,Diaria,2026-05-15,2026-05-15,2026,515.18,Bs/USD
tipo_cambio_bcv_usd,Tipo de cambio BCV,Economía,Banco Central de Venezuela,https://www.bcv.org.ve/sites/default/files/indicadores_sector_externo/2_1_1_tdc.xlsx,Diaria,2026-05-19,2026-05-19,2026,517.9619,Bs/USD
tipo_cambio_bcv_usd,Tipo de cambio BCV,Economía,Banco Central de Venezuela,https://www.bcv.org.ve/sites/default/files/indicadores_sector_externo/2_1_1_tdc.xlsx,Diaria,2026-05-20,2026-05-20,2026,520.9142,Bs/USD
tipo_cambio_bcv_usd,Tipo de cambio BCV,Economía,Banco Central de Venezuela,https://www.bcv.org.ve/sites/default/files/indicadores_sector_externo/2_1_1_tdc.xlsx,Diaria,2026-05-21,2026-05-21,2026,523.675,Bs/USD
tipo_cambio_bcv_usd,Tipo de cambio BCV,Economía,Banco Central de Venezuela,https://www.bcv.org.ve/sites/default/files/indicadores_sector_externo/2_1_1_tdc.xlsx,Diaria,2026-05-22,2026-05-22,2026,526.8694,Bs/USD
tipo_cambio_bcv_usd,Tipo de cambio BCV,Economía,Banco Central de Venezuela,https://www.bcv.org.ve/sites/default/files/indicadores_sector_externo/2_1_1_tdc.xlsx,Diaria,2026-05-25,2026-05-25,2026,530.5047,Bs/USD
tipo_cambio_bcv_usd,Tipo de cambio BCV,Economía,Banco Central de Venezuela,https://www.bcv.org.ve/sites/default/files/indicadores_sector_externo/2_1_1_tdc.xlsx,Diaria,2026-05-26,2026-05-26,2026,535.3853,Bs/USD
tipo_cambio_bcv_usd,Tipo de cambio BCV,Economía,Banco Central de Venezuela,https://www.bcv.org.ve/sites/default/files/indicadores_sector_externo/2_1_1_tdc.xlsx,Diaria,2026-05-27,2026-05-27,2026,540.0431,Bs/USD
tipo_cambio_bcv_usd,Tipo de cambio BCV,Economía,Banco Central de Venezuela,https://www.bcv.org.ve/sites/default/files/indicadores_sector_externo/2_1_1_tdc.xlsx,Diaria,2026-05-28,2026-05-28,2026,544.5794,Bs/USD
tipo_cambio_bcv_usd,Tipo de cambio BCV,Economía,Banco Central de Venezuela,https://www.bcv.org.ve/sites/default/files/indicadores_sector_externo/2_1_1_tdc.xlsx,Diaria,2026-05-29,2026-05-29,2026,549.3716,Bs/USD
tipo_cambio_bcv_usd,Tipo de cambio BCV,Economía,Banco Central de Venezuela,https://www.bcv.org.ve/sites/default/files/indicadores_sector_externo/2_1_1_tdc.xlsx,Diaria,2026-06-01,2026-06-01,2026,554.4258,Bs/USD
tipo_cambio_bcv_usd,Tipo de cambio BCV,Economía,Banco Central de Venezuela,https://www.bcv.org.ve/sites/default/files/indicadores_sector_externo/2_1_1_tdc.xlsx,Diaria,2026-06-02,2026-06-02,2026,557.9741,Bs/USD
tipo_cambio_bcv_usd,Tipo de cambio BCV,Economía,Banco Central de Venezuela,https://www.bcv.org.ve/sites/default/files/indicadores_sector_externo/2_1_1_tdc.xlsx,Diaria,2026-06-03,2026-06-03,2026,558.6436,Bs/USD
tipo_cambio_bcv_usd,Tipo de cambio BCV,Economía,Banco Central de Venezuela,https://www.bcv.org.ve/sites/default/files/indicadores_sector_externo/2_1_1_tdc.xlsx,Diaria,2026-06-04,2026-06-04,2026,560.3753,Bs/USD
tipo_cambio_bcv_usd,Tipo de cambio BCV,Economía,Banco Central de Venezuela,https://www.bcv.org.ve/sites/default/files/indicadores_sector_externo/2_1_1_tdc.xlsx,Diaria,2026-06-05,2026-06-05,2026,563.2892,Bs/USD
tipo_cambio_bcv_usd,Tipo de cambio BCV,Economía,Banco Central de Venezuela,https://www.bcv.org.ve/sites/default/files/indicadores_sector_externo/2_1_1_tdc.xlsx,Diaria,2026-06-09,2026-06-09,2026,567.6828,Bs/USD
tipo_cambio_bcv_usd,Tipo de cambio BCV,Economía,Banco Central de Venezuela,https://www.bcv.org.ve/sites/default/files/indicadores_sector_externo/2_1_1_tdc.xlsx,Diaria,2026-06-10,2026-06-10,2026,572.6784,Bs/USD
tipo_cambio_bcv_usd,Tipo de cambio BCV,Economía,Banco Central de Venezuela,https://www.bcv.org.ve/sites/default/files/indicadores_sector_externo/2_1_1_tdc.xlsx,Diaria,2026-06-11,2026-06-11,2026,577.5461,Bs/USD
tipo_cambio_bcv_usd,Tipo de cambio BCV,Economía,Banco Central de Venezuela,https://www.bcv.org.ve/sites/default/files/indicadores_sector_externo/2_1_1_tdc.xlsx,Diaria,2026-06-12,2026-06-12,2026,582.6862,Bs/USD
tipo_cambio_bcv_usd,Tipo de cambio BCV,Economía,Banco Central de Venezuela,https://www.bcv.org.ve/sites/default/files/indicadores_sector_externo/2_1_1_tdc.xlsx,Diaria,2026-06-15,2026-06-15,2026,587.4059,Bs/USD
tipo_cambio_bcv_usd,Tipo de cambio BCV,Economía,Banco Central de Venezuela,https://www.bcv.org.ve/sites/default/files/indicadores_sector_externo/2_1_1_tdc.xlsx,Diaria,2026-06-16,2026-06-16,2026,592.5163,Bs/USD
tipo_cambio_bcv_usd,Tipo de cambio BCV,Economía,Banco Central de Venezuela,https://www.bcv.org.ve/sites/default/files/indicadores_sector_externo/2_1_1_tdc.xlsx,Diaria,2026-06-17,2026-06-17,2026,596.7824,Bs/USD
tipo_cambio_bcv_usd,Tipo de cambio BCV,Economía,Banco Central de Venezuela,https://www.bcv.org.ve/sites/default/files/indicadores_sector_externo/2_1_1_tdc.xlsx,Diaria,2026-06-18,2026-06-18,2026,602.3324,Bs/USD
tipo_cambio_bcv_usd,Tipo de cambio BCV,Economía,Banco Central de Venezuela,https://www.bcv.org.ve/sites/default/files/indicadores_sector_externo/2_1_1_tdc.xlsx,Diaria,2026-06-19,2026-06-19,2026,607.3919,Bs/USD
tipo_cambio_bcv_usd,Tipo de cambio BCV,Economía,Banco Central de Venezuela,https://www.bcv.org.ve/sites/default/files/indicadores_sector_externo/2_1_1_tdc.xlsx,Diaria,2026-06-22,2026-06-22,2026,612.4332,Bs/USD
tipo_cambio_bcv_usd,Tipo de cambio BCV,Economía,Banco Central de Venezuela,https://www.bcv.org.ve/sites/default/files/indicadores_sector_externo/2_1_1_tdc.xlsx,Diaria,2026-06-23,2026-06-23,2026,617.6388,Bs/USD
tipo_cambio_bcv_usd,Tipo de cambio BCV,Economía,Banco Central de Venezuela,https://www.bcv.org.ve/sites/default/files/indicadores_sector_externo/2_1_1_tdc.xlsx,Diaria,2026-06-25,2026-06-25,2026,621.5299,Bs/USD
tipo_cambio_bcv_usd,Tipo de cambio BCV,Economía,Banco Central de Venezuela,https://www.bcv.org.ve/sites/default/files/indicadores_sector_externo/2_1_1_tdc.xlsx,Diaria,2026-06-26,2026-06-26,2026,622.2135,Bs/USD
tipo_cambio_bcv_usd,Tipo de cambio BCV,Economía,Banco Central de Venezuela,https://www.bcv.org.ve/sites/default/files/indicadores_sector_externo/2_1_1_tdc.xlsx,Diaria,2026-06-30,2026-06-30,2026,623.0223,Bs/USD
tipo_cambio_bcv_usd,Tipo de cambio BCV,Economía,Banco Central de Venezuela,https://www.bcv.org.ve/sites/default/files/indicadores_sector_externo/2_1_1_tdc.xlsx,Diaria,2026-07-01,2026-07-01,2026,633.3644,Bs/USD
tipo_cambio_bcv_usd,Tipo de cambio BCV,Economía,Banco Central de Venezuela,https://www.bcv.org.ve/sites/default/files/indicadores_sector_externo/2_1_1_tdc.xlsx,Diaria,2026-07-02,2026-07-02,2026,639.7029,Bs/USD
tipo_cambio_bcv_usd,Tipo de cambio BCV,Economía,Banco Central de Venezuela,https://www.bcv.org.ve/sites/default/files/indicadores_sector_externo/2_1_1_tdc.xlsx,Diaria,2026-07-03,2026-07-03,2026,652.9726,Bs/USD
tipo_cambio_bcv_usd,Tipo de cambio BCV,Economía,Banco Central de Venezuela,https://www.bcv.org.ve/sites/default/files/indicadores_sector_externo/2_1_1_tdc.xlsx,Diaria,2026-07-06,2026-07-06,2026,667.05,Bs/USD
tipo_cambio_bcv_usd,Tipo de cambio BCV,Economía,Banco Central de Venezuela,https://www.bcv.org.ve/sites/default/files/indicadores_sector_externo/2_1_1_tdc.xlsx,Diaria,2026-07-07,2026-07-07,2026,674.9305,Bs/USD
tipo_cambio_bcv_usd,Tipo de cambio BCV,Economía,Banco Central de Venezuela,https://www.bcv.org.ve/sites/default/files/indicadores_sector_externo/2_1_1_tdc.xlsx,Diaria,2026-07-08,2026-07-08,2026,685.9427,Bs/USD
tipo_cambio_bcv_usd,Tipo de cambio BCV,Economía,Banco Central de Venezuela,https://www.bcv.org.ve/sites/default/files/indicadores_sector_externo/2_1_1_tdc.xlsx,Diaria,2026-07-09,2026-07-09,2026,700.2249,Bs/USD
tipo_cambio_bcv_usd,Tipo de cambio BCV,Economía,Banco Central de Venezuela,https://www.bcv.org.ve/sites/default/files/indicadores_sector_externo/2_1_1_tdc.xlsx,Diaria,2026-07-10,2026-07-10,2026,709.6935,Bs/USD
tipo_cambio_bcv_usd,Tipo de cambio BCV,Economía,Banco Central de Venezuela,https://www.bcv.org.ve/sites/default/files/indicadores_sector_externo/2_1_1_tdc.xlsx,Diaria,2026-07-13,2026-07-13,2026,721.3456,Bs/USD
tipo_cambio_bcv_usd,Tipo de cambio BCV,Economía,Banco Central de Venezuela,https://www.bcv.org.ve/sites/default/files/indicadores_sector_externo/2_1_1_tdc.xlsx,Diaria,2026-07-14,2026-07-14,2026,723.999,Bs/USD
tipo_cambio_bcv_usd,Tipo de cambio BCV,Economía,Banco Central de Venezuela,https://www.bcv.org.ve/sites/default/files/indicadores_sector_externo/2_1_1_tdc.xlsx,Diaria,2026-07-15,2026-07-15,2026,725.747,Bs/USD
tipo_cambio_bcv_usd,Tipo de cambio BCV,Economía,Banco Central de Venezuela,https://www.bcv.org.ve/sites/default/files/indicadores_sector_externo/2_1_1_tdc.xlsx,Diaria,2026-07-16,2026-07-16,2026,727.4512,Bs/USD
tipo_cambio_bcv_usd,Tipo de cambio BCV,Economía,Banco Central de Venezuela,https://www.bcv.org.ve/sites/default/files/indicadores_sector_externo/2_1_1_tdc.xlsx,Diaria,2026-07-17,2026-07-17,2026,732.4787,Bs/USD
tipo_cambio_bcv_usd,Tipo de cambio BCV,Economía,Banco Central de Venezuela,https://www.bcv.org.ve/sites/default/files/indicadores_sector_externo/2_1_1_tdc.xlsx,Diaria,2026-07-20,2026-07-20,2026,736.9339,Bs/USD
tipo_cambio_bcv_usd,Tipo de cambio BCV,Economía,Banco Central de Venezuela,https://www.bcv.org.ve/sites/default/files/indicadores_sector_externo/2_1_1_tdc.xlsx,Diaria,2026-07-21,2026-07-21,2026,737.2321,Bs/USD
tipo_cambio_bcv_usd,Tipo de cambio BCV,Economía,Banco Central de Venezuela,https://www.bcv.org.ve/sites/default/files/indicadores_sector_externo/2_1_1_tdc.xlsx,Diaria,2026-07-22,2026-07-22,2026,737.2321,Bs/USD
tipo_cambio_bcv_usd,Tipo de cambio BCV,Economía,Banco Central de Venezuela,https://www.bcv.org.ve/estadisticas/tipo-cambio-de-referencia-smc,Diaria,2026-07-23,2026-07-23,2026,737.8816,Bs/USD
