Fuente;País;Frecuencia;Código indicador;Indicador;Tema;Base de datos;Dimensiones disponibles;Número de series;Número de registros;Primer periodo;Último periodo;Último periodo con dato;Último valor disponible;Última actualización OIT;Archivo datos comprimidos
OIT - ILOSTAT;Venezuela;Anual;CCF_XOXR_CUR_RT;Tipo de cambio oficial, UML por dólar estadounidense;Precios y factores de conversión;Precios, Costos y Conversiones de Moneda (PRICES);divisa;1;29;1989;2017;2017;9.975;06/08/2026 07:37:36;assets/data/ilo/csv/ove_oit_ilostat_venezuela_anual.csv.gz
OIT - ILOSTAT;Venezuela;Anual;CCF_XPPP_CUR_RT;Factor de conversión PPA para el consumo privado, unidades de moneda local por dólar internacional;Precios y factores de conversión;Precios, Costos y Conversiones de Moneda (PRICES);divisa;1;4;2008;2011;2011;0.0;30/08/2026 07:26:04;assets/data/ilo/csv/ove_oit_ilostat_venezuela_anual.csv.gz
OIT - ILOSTAT;Venezuela;Anual;CLD_2POP_SEX_AGE_NB;Población infantil según sexo y edad -- estimaciones y proyecciones de la ONU, Julio 2024 (millares);Trabajo infantil;Estimaciones Modeladas por la OIT (ILOEST);sexo, edad;12;492;1990;2030;2030;6516.833;10/04/2026 10:03:27;assets/data/ilo/csv/ove_oit_ilostat_venezuela_anual.csv.gz
OIT - ILOSTAT;Venezuela;Anual;CLD_TPOP_SEX_AGE_NB;Población infantil según sexo y edad (millares);Trabajo infantil;Estadísticas de Trabajo Infantil (CHILD);sexo, edad;6;6;2017;2017;2017;1664.747;11/08/2026 07:00:11;assets/data/ilo/csv/ove_oit_ilostat_venezuela_anual.csv.gz
OIT - ILOSTAT;Venezuela;Anual;CLD_TPOP_SEX_AGE_STU_NB;Población infantil según sexo, edad y estado de la asistencia escolar (millares);Trabajo infantil;Estadísticas de Trabajo Infantil (CHILD);sexo, edad, asistencia a la escuela o formación;24;24;2017;2017;2017;1664.747;11/08/2026 07:00:11;assets/data/ilo/csv/ove_oit_ilostat_venezuela_anual.csv.gz
OIT - ILOSTAT;Venezuela;Anual;CLD_XCHL_SEX_AGE_ECO_NB;Niños en trabajo infantil según sexo, edad y actividad económica (millares);Trabajo infantil;Estadísticas de Trabajo Infantil (CHILD);sexo, edad, actividad económica;36;36;2017;2017;2017;114.424;11/08/2026 07:00:11;assets/data/ilo/csv/ove_oit_ilostat_venezuela_anual.csv.gz
OIT - ILOSTAT;Venezuela;Anual;CLD_XCHL_SEX_AGE_NB;Niños en trabajo infantil según sexo y edad (millares);Trabajo infantil;Estadísticas de Trabajo Infantil (CHILD);sexo, edad;6;6;2017;2017;2017;114.424;11/08/2026 07:00:11;assets/data/ilo/csv/ove_oit_ilostat_venezuela_anual.csv.gz
OIT - ILOSTAT;Venezuela;Anual;CLD_XCHL_SEX_AGE_RT;Porcentaje de niños en trabajo infantil según sexo y edad (%);Trabajo infantil;Estadísticas de Trabajo Infantil (CHILD);sexo, edad;6;6;2017;2017;2017;6.873;11/08/2026 07:00:11;assets/data/ilo/csv/ove_oit_ilostat_venezuela_anual.csv.gz
OIT - ILOSTAT;Venezuela;Anual;CLD_XCHL_SEX_AGE_STE_NB;Niños en trabajo infantil según sexo, edad y situación en la ocupación (millares);Trabajo infantil;Estadísticas de Trabajo Infantil (CHILD);sexo, edad, situación en el empleo;42;42;2017;2017;2017;114.424;11/08/2026 07:00:11;assets/data/ilo/csv/ove_oit_ilostat_venezuela_anual.csv.gz
OIT - ILOSTAT;Venezuela;Anual;CLD_XCHL_SEX_AGE_STU_NB;Niños en trabajo infantil según sexo, edad y estado de la asistencia escolar (millares);Trabajo infantil;Estadísticas de Trabajo Infantil (CHILD);sexo, edad, asistencia a la escuela o formación;18;18;2017;2017;2017;114.424;11/08/2026 07:00:11;assets/data/ilo/csv/ove_oit_ilostat_venezuela_anual.csv.gz
OIT - ILOSTAT;Venezuela;Anual;CLD_XCHL_SEX_AGE_STU_RT;Porcentaje de niños en trabajo infantil según sexo, edad y estado de la asistencia escolar (%);Trabajo infantil;Estadísticas de Trabajo Infantil (CHILD);sexo, edad, asistencia a la escuela o formación;18;18;2017;2017;2017;6.873;11/08/2026 07:00:11;assets/data/ilo/csv/ove_oit_ilostat_venezuela_anual.csv.gz
OIT - ILOSTAT;Venezuela;Anual;CLD_XGPB_SEX_AGE_RT;Porcentaje de niños en trabajo infantil -- producción general según sexo y edad (%);Trabajo infantil;Estadísticas de Trabajo Infantil (CHILD);sexo, edad;6;6;2017;2017;2017;6.873;11/08/2026 07:00:11;assets/data/ilo/csv/ove_oit_ilostat_venezuela_anual.csv.gz
OIT - ILOSTAT;Venezuela;Anual;CLD_XGPB_SEX_AGE_STU_RT;Porcentaje de niños en trabajo infantil -- producción general según sexo, edad y estado de la asistencia escolar (%);Trabajo infantil;Estadísticas de Trabajo Infantil (CHILD);sexo, edad, asistencia a la escuela o formación;18;18;2017;2017;2017;6.873;11/08/2026 07:00:11;assets/data/ilo/csv/ove_oit_ilostat_venezuela_anual.csv.gz
OIT - ILOSTAT;Venezuela;Anual;CLD_XHAZ_SEX_AGE_ECO_NB;Niños en trabajo peligroso según sexo, edad y actividad económica (millares);Trabajo infantil;Estadísticas de Trabajo Infantil (CHILD);sexo, edad, actividad económica;36;36;2017;2017;2017;28.211;11/08/2026 07:00:11;assets/data/ilo/csv/ove_oit_ilostat_venezuela_anual.csv.gz
OIT - ILOSTAT;Venezuela;Anual;CLD_XHAZ_SEX_AGE_NB;Niños en trabajo peligroso según sexo y edad (millares);Trabajo infantil;Estadísticas de Trabajo Infantil (CHILD);sexo, edad;6;6;2017;2017;2017;28.211;11/08/2026 07:00:11;assets/data/ilo/csv/ove_oit_ilostat_venezuela_anual.csv.gz
OIT - ILOSTAT;Venezuela;Anual;CLD_XHAZ_SEX_AGE_RT;Porcentaje de niños en trabajo peligroso según sexo y edad (%);Trabajo infantil;Estadísticas de Trabajo Infantil (CHILD);sexo, edad;6;6;2017;2017;2017;1.695;11/08/2026 07:00:11;assets/data/ilo/csv/ove_oit_ilostat_venezuela_anual.csv.gz
OIT - ILOSTAT;Venezuela;Anual;CLD_XHAZ_SEX_AGE_STE_NB;Niños en trabajo peligroso según sexo, edad y situación en la ocupación (millares);Trabajo infantil;Estadísticas de Trabajo Infantil (CHILD);sexo, edad, situación en el empleo;39;39;2017;2017;2017;28.211;11/08/2026 07:00:11;assets/data/ilo/csv/ove_oit_ilostat_venezuela_anual.csv.gz
OIT - ILOSTAT;Venezuela;Anual;CLD_XHAZ_SEX_AGE_STU_NB;Niños en trabajo peligroso según sexo, edad y estado de la asistencia escolar (millares);Trabajo infantil;Estadísticas de Trabajo Infantil (CHILD);sexo, edad, asistencia a la escuela o formación;18;18;2017;2017;2017;28.211;11/08/2026 07:00:11;assets/data/ilo/csv/ove_oit_ilostat_venezuela_anual.csv.gz
OIT - ILOSTAT;Venezuela;Anual;CLD_XHAZ_SEX_AGE_STU_RT;Porcentaje de niños en trabajo peligroso según sexo, edad y estado de la asistencia escolar (%);Trabajo infantil;Estadísticas de Trabajo Infantil (CHILD);sexo, edad, asistencia a la escuela o formación;18;18;2017;2017;2017;1.695;11/08/2026 07:00:11;assets/data/ilo/csv/ove_oit_ilostat_venezuela_anual.csv.gz
OIT - ILOSTAT;Venezuela;Anual;CLD_XSNA_SEX_AGE_ECO_NB;Niños ocupados en la producción económica según sexo, edad y actividad económica (millares);Trabajo infantil;Estadísticas de Trabajo Infantil (CHILD);sexo, edad, actividad económica;36;36;2017;2017;2017;120.439;11/08/2026 07:00:11;assets/data/ilo/csv/ove_oit_ilostat_venezuela_anual.csv.gz
OIT - ILOSTAT;Venezuela;Anual;CLD_XSNA_SEX_AGE_NB;Niños ocupados en la producción económica según sexo y edad (millares);Trabajo infantil;Estadísticas de Trabajo Infantil (CHILD);sexo, edad;6;6;2017;2017;2017;120.439;11/08/2026 07:00:11;assets/data/ilo/csv/ove_oit_ilostat_venezuela_anual.csv.gz
OIT - ILOSTAT;Venezuela;Anual;CLD_XSNA_SEX_AGE_RT;Porcentaje de niños ocupados en actividades económicas según sexo y edad (%);Trabajo infantil;Estadísticas de Trabajo Infantil (CHILD);sexo, edad;6;6;2017;2017;2017;7.235;11/08/2026 07:00:11;assets/data/ilo/csv/ove_oit_ilostat_venezuela_anual.csv.gz
OIT - ILOSTAT;Venezuela;Anual;CLD_XSNA_SEX_AGE_STE_NB;Niños ocupados en la producción económica según sexo, edad y situación en la ocupación (millares);Trabajo infantil;Estadísticas de Trabajo Infantil (CHILD);sexo, edad, situación en el empleo;42;42;2017;2017;2017;120.439;11/08/2026 07:00:11;assets/data/ilo/csv/ove_oit_ilostat_venezuela_anual.csv.gz
OIT - ILOSTAT;Venezuela;Anual;CLD_XSNA_SEX_AGE_STU_NB;Niños ocupados en la producción económica según sexo, edad y estado de la asistencia escolar (millares);Trabajo infantil;Estadísticas de Trabajo Infantil (CHILD);sexo, edad, asistencia a la escuela o formación;18;18;2017;2017;2017;120.439;11/08/2026 07:00:11;assets/data/ilo/csv/ove_oit_ilostat_venezuela_anual.csv.gz
OIT - ILOSTAT;Venezuela;Anual;CLD_XSNA_SEX_AGE_STU_RT;Porcentaje de niños ocupados en actividades económicas según sexo, edad y estado de la asistencia escolar (%);Trabajo infantil;Estadísticas de Trabajo Infantil (CHILD);sexo, edad, asistencia a la escuela o formación;18;18;2017;2017;2017;7.235;11/08/2026 07:00:11;assets/data/ilo/csv/ove_oit_ilostat_venezuela_anual.csv.gz
OIT - ILOSTAT;Venezuela;Anual;CPI_NCYR_COI_RT;IPC: Índice nacional de precios al consumidor, porcentaje de variación con respecto al año anterior según CCIF (%);Precios y factores de conversión;Precios, Costos y Conversiones de Moneda (PRICES);ccif;1;6;2011;2016;2016;254.95;23/08/2026 07:14:05;assets/data/ilo/csv/ove_oit_ilostat_venezuela_anual.csv.gz
OIT - ILOSTAT;Venezuela;Anual;CPI_XCPI_COI_RT;IPC: Índice nacional de precios al consumidor, año base 2017 = 100 según CCIF;Precios y factores de conversión;Precios, Costos y Conversiones de Moneda (PRICES);ccif;1;7;2010;2016;2016;5184.14;23/08/2026 07:14:05;assets/data/ilo/csv/ove_oit_ilostat_venezuela_anual.csv.gz
OIT - ILOSTAT;Venezuela;Anual;EAP_2EAP_SEX_AGE_NB;Fuerza de trabajo según sexo y edad -- Estimaciones modeladas de la OIT, Nov. 2025 (millares);Fuerza de trabajo;Estimaciones Modeladas por la OIT (ILOEST);sexo, edad;27;1026;1990;2027;2027;11326.332;02/12/2025 16:36:06;assets/data/ilo/csv/ove_oit_ilostat_venezuela_anual.csv.gz
OIT - ILOSTAT;Venezuela;Anual;EAP_2WAP_SEX_AGE_RT;Tasa de participación en la fuerza de trabajo según sexo y edad -- Estimaciones modeladas de la OIT, Nov. 2025 (%);Fuerza de trabajo;Estimaciones Modeladas por la OIT (ILOEST);sexo, edad;27;1026;1990;2027;2027;51.653;02/12/2025 16:36:06;assets/data/ilo/csv/ove_oit_ilostat_venezuela_anual.csv.gz
OIT - ILOSTAT;Venezuela;Anual;EAP_3EAP_SEX_AGE_EDU_NB;Fuerza de trabajo juvenil según sexo, edad y educación (millares);Fuerza de trabajo;Indicadores del Mercado Laboral Juvenil (YouthSTATS);sexo, edad, educación;72;645;2005;2017;2017;4263.983;01/09/2026 07:14:07;assets/data/ilo/csv/ove_oit_ilostat_venezuela_anual.csv.gz
OIT - ILOSTAT;Venezuela;Anual;EAP_3EAP_SEX_AGE_STU_NB;Fuerza de trabajo juvenil según sexo, edad y estado de la asistencia escolar (millares);Fuerza de trabajo;Indicadores del Mercado Laboral Juvenil (YouthSTATS);sexo, edad, asistencia a la escuela o formación;48;426;2005;2017;2017;4263.983;01/09/2026 07:14:07;assets/data/ilo/csv/ove_oit_ilostat_venezuela_anual.csv.gz
OIT - ILOSTAT;Venezuela;Anual;EAP_3WAP_SEX_AGE_EDU_RT;Tasa de participación en la fuerza de trabajo de los jóvenes según sexo, edad y educación (%);Fuerza de trabajo;Indicadores del Mercado Laboral Juvenil (YouthSTATS);sexo, edad, educación;72;635;2005;2017;2017;53.376;02/09/2026 13:46:04;assets/data/ilo/csv/ove_oit_ilostat_venezuela_anual.csv.gz
OIT - ILOSTAT;Venezuela;Anual;EAP_3WAP_SEX_AGE_STU_RT;Tasa de participación en la fuerza de trabajo de los jóvenes según sexo, edad y estado de la asistencia escolar (%);Fuerza de trabajo;Indicadores del Mercado Laboral Juvenil (YouthSTATS);sexo, edad, asistencia a la escuela o formación;48;420;2005;2017;2017;53.376;30/08/2026 07:31:06;assets/data/ilo/csv/ove_oit_ilostat_venezuela_anual.csv.gz
OIT - ILOSTAT;Venezuela;Anual;EAP_DWAP_SEX_AGE_EDU_RT;Tasa de participación en la fuerza de trabajo según sexo, edad y educación (%);Fuerza de trabajo;Indicadores de Educación y Desajuste (EMI);sexo, edad, educación;768;6744;2005;2017;2017;66.407;02/09/2026 13:41:06;assets/data/ilo/csv/ove_oit_ilostat_venezuela_anual.csv.gz
OIT - ILOSTAT;Venezuela;Anual;EAP_DWAP_SEX_AGE_GEO_RT;Tasa de participación en la fuerza de trabajo según sexo, edad y zonas rurales / urbanas (%);Fuerza de trabajo;Mercados Laborales Rurales y Urbanos (RURBAN);sexo, edad, zonas rurales/urbanes;9;18;2011;2012;2012;57.15;27/08/2026 07:10:06;assets/data/ilo/csv/ove_oit_ilostat_venezuela_anual.csv.gz
OIT - ILOSTAT;Venezuela;Anual;EAP_DWAP_SEX_AGE_MTS_RT;Tasa de participacion en la fuerza de trabajo según sexo y estado civil (%);Fuerza de trabajo;Indicadores de Igualdad de Género y No Discriminación (GEND);sexo, edad, estado civil;528;5192;2005;2017;2017;66.407;27/08/2026 07:03:08;assets/data/ilo/csv/ove_oit_ilostat_venezuela_anual.csv.gz
OIT - ILOSTAT;Venezuela;Anual;EAP_DWAP_SEX_AGE_RT;Tasa de participación en la fuerza de trabajo según sexo y edad (%);Fuerza de trabajo;Estadísticas sobre la Fuerza Laboral (LFS);sexo, edad;168;1515;1961;2020;2020;59.884;02/09/2026 13:44:05;assets/data/ilo/csv/ove_oit_ilostat_venezuela_anual.csv.gz
OIT - ILOSTAT;Venezuela;Anual;EAP_DWAP_SEX_EDU_MTS_RT;Tasa de participación en la fuerza de trabajo según sexo, educación y estado civil (%);Fuerza de trabajo;Indicadores de Educación y Desajuste (EMI);sexo, educación, estado civil;522;4446;2005;2017;2017;66.407;27/08/2026 07:02:12;assets/data/ilo/csv/ove_oit_ilostat_venezuela_anual.csv.gz
OIT - ILOSTAT;Venezuela;Anual;EAP_DWAP_SEX_EDU_RT;Tasa de participación en la fuerza de trabajo según sexo y educación (%);Fuerza de trabajo;Indicadores de Educación y Desajuste (EMI);sexo, educación;48;432;2005;2017;2017;66.407;02/09/2026 13:41:06;assets/data/ilo/csv/ove_oit_ilostat_venezuela_anual.csv.gz
OIT - ILOSTAT;Venezuela;Anual;EAP_DWAP_SEX_MTS_RT;Tasa de participacion en la fuerza de trabajo según sexo y estado civil (%);Fuerza de trabajo;Indicadores de Igualdad de Género y No Discriminación (GEND);sexo, estado civil;33;330;2005;2017;2017;66.407;27/08/2026 07:03:08;assets/data/ilo/csv/ove_oit_ilostat_venezuela_anual.csv.gz
OIT - ILOSTAT;Venezuela;Anual;EAP_TEAP_SEX_AGE_EDU_NB;Fuerza de trabajo según sexo, edad y educación (millares);Fuerza de trabajo;Indicadores de Educación y Desajuste (EMI);sexo, edad, educación;768;6744;2005;2017;2017;15354.988;01/09/2026 07:02:23;assets/data/ilo/csv/ove_oit_ilostat_venezuela_anual.csv.gz
OIT - ILOSTAT;Venezuela;Anual;EAP_TEAP_SEX_AGE_GEO_NB;Fuerza de trabajo según sexo, edad y zonas rurales / urbanas (millares);Fuerza de trabajo;Mercados Laborales Rurales y Urbanos (RURBAN);sexo, edad, zonas rurales/urbanes;9;36;2009;2012;2012;13670.897;27/08/2026 07:10:06;assets/data/ilo/csv/ove_oit_ilostat_venezuela_anual.csv.gz
OIT - ILOSTAT;Venezuela;Anual;EAP_TEAP_SEX_AGE_MTS_NB;Fuerza de trabajo según sexo, edad y estado civil (millares);Fuerza de trabajo;Indicadores de Igualdad de Género y No Discriminación (GEND);sexo, edad, estado civil;528;5192;2005;2017;2017;15354.988;01/09/2026 07:04:12;assets/data/ilo/csv/ove_oit_ilostat_venezuela_anual.csv.gz
OIT - ILOSTAT;Venezuela;Anual;EAP_TEAP_SEX_AGE_NB;Fuerza de trabajo según sexo y edad (millares);Fuerza de trabajo;Estadísticas sobre la Fuerza Laboral (LFS);sexo, edad;168;1517;1961;2020;2020;14654.357;01/09/2026 07:09:15;assets/data/ilo/csv/ove_oit_ilostat_venezuela_anual.csv.gz
OIT - ILOSTAT;Venezuela;Anual;EAP_TEAP_SEX_EDU_MTS_NB;Fuerza de trabajo según sexo, educación y estado civil (millares);Fuerza de trabajo;Indicadores de Educación y Desajuste (EMI);sexo, educación, estado civil;522;4446;2005;2017;2017;15354.988;01/09/2026 07:02:23;assets/data/ilo/csv/ove_oit_ilostat_venezuela_anual.csv.gz
OIT - ILOSTAT;Venezuela;Anual;EAP_TEAP_SEX_EDU_NB;Fuerza de trabajo según sexo y educación (millares);Fuerza de trabajo;Indicadores de Educación y Desajuste (EMI);sexo, educación;48;432;2005;2017;2017;15354.988;01/09/2026 07:02:23;assets/data/ilo/csv/ove_oit_ilostat_venezuela_anual.csv.gz
OIT - ILOSTAT;Venezuela;Anual;EAP_TEAP_SEX_MTS_NB;Fuerza de trabajo según sexo y estado civil (millares);Fuerza de trabajo;Indicadores de Igualdad de Género y No Discriminación (GEND);sexo, estado civil;33;330;2005;2017;2017;15354.988;01/09/2026 07:04:12;assets/data/ilo/csv/ove_oit_ilostat_venezuela_anual.csv.gz
OIT - ILOSTAT;Venezuela;Anual;EAR_EHRA_SEX_AGE_CUR_NB;Ganancias horarias promedio de los asalariados según sexo, edad y divisa;Remuneraciones y ingresos;Estadísticas de Salarios y Tiempo de Trabajo (COND);sexo, edad, divisa;24;240;2005;2017;2017;1660.092;28/08/2026 07:00:05;assets/data/ilo/csv/ove_oit_ilostat_venezuela_anual.csv.gz
OIT - ILOSTAT;Venezuela;Anual;EAR_EHRA_SEX_AGE_NB;Ganancias horarias promedio de los asalariados según sexo y edad (moneda local);Remuneraciones y ingresos;Estadísticas de Salarios y Tiempo de Trabajo (COND);sexo, edad;24;240;2005;2017;2017;1660.092;27/08/2026 07:00:11;assets/data/ilo/csv/ove_oit_ilostat_venezuela_anual.csv.gz
OIT - ILOSTAT;Venezuela;Anual;EAR_EHRA_SEX_CUR_NB;Ganancias horarias promedio de los asalariados según sexo y divisa;Remuneraciones y ingresos;Estadísticas de Salarios y Tiempo de Trabajo (COND);sexo, divisa;3;33;2005;2020;2020;102.838;28/08/2026 07:00:05;assets/data/ilo/csv/ove_oit_ilostat_venezuela_anual.csv.gz
OIT - ILOSTAT;Venezuela;Anual;EAR_EHRA_SEX_ECO_CUR_NB;Ganancias horarias promedio de los asalariados según sexo, actividad económica y divisa;Remuneraciones y ingresos;Estadísticas de Salarios y Tiempo de Trabajo (COND);sexo, actividad económica, divisa;98;974;2005;2017;2017;1660.092;28/08/2026 07:00:05;assets/data/ilo/csv/ove_oit_ilostat_venezuela_anual.csv.gz
OIT - ILOSTAT;Venezuela;Anual;EAR_EHRA_SEX_ECO_NB;Ganancias horarias promedio de los asalariados según sexo y actividad económica (moneda local);Remuneraciones y ingresos;Estadísticas de Salarios y Tiempo de Trabajo (COND);sexo, actividad económica;99;989;2005;2017;2017;1660.092;27/08/2026 07:00:11;assets/data/ilo/csv/ove_oit_ilostat_venezuela_anual.csv.gz
OIT - ILOSTAT;Venezuela;Anual;EAR_EHRA_SEX_EDU_CUR_NB;Ganancias horarias promedio de los asalariados según sexo, educación y divisa;Remuneraciones y ingresos;Estadísticas de Salarios y Tiempo de Trabajo (COND);sexo, educación, divisa;48;410;2005;2017;2017;1660.092;28/08/2026 07:00:05;assets/data/ilo/csv/ove_oit_ilostat_venezuela_anual.csv.gz
OIT - ILOSTAT;Venezuela;Anual;EAR_EHRA_SEX_EDU_NB;Ganancias horarias promedio de los asalariados según sexo y educación (moneda local);Remuneraciones y ingresos;Estadísticas de Salarios y Tiempo de Trabajo (COND);sexo, educación;48;426;2005;2017;2017;1660.092;27/08/2026 07:00:11;assets/data/ilo/csv/ove_oit_ilostat_venezuela_anual.csv.gz
OIT - ILOSTAT;Venezuela;Anual;EAR_EHRA_SEX_MTS_CUR_NB;Ganancias horarias promedio de los asalariados según sexo, estado civil y divisa;Remuneraciones y ingresos;Estadísticas de Salarios y Tiempo de Trabajo (COND);sexo, estado civil, divisa;12;113;2005;2017;2017;1660.092;28/08/2026 07:00:05;assets/data/ilo/csv/ove_oit_ilostat_venezuela_anual.csv.gz
OIT - ILOSTAT;Venezuela;Anual;EAR_EHRA_SEX_MTS_NB;Ganancias horarias promedio de los asalariados según sexo y estado civil (moneda local);Remuneraciones y ingresos;Estadísticas de Salarios y Tiempo de Trabajo (COND);sexo, estado civil;33;330;2005;2017;2017;1660.092;27/08/2026 07:00:11;assets/data/ilo/csv/ove_oit_ilostat_venezuela_anual.csv.gz
OIT - ILOSTAT;Venezuela;Anual;EAR_EHRA_SEX_NB;Ganancias horarias promedio de los asalariados según sexo (moneda local);Remuneraciones y ingresos;Estadísticas de Salarios y Tiempo de Trabajo (COND);sexo;3;30;2005;2017;2017;1660.092;27/08/2026 07:00:11;assets/data/ilo/csv/ove_oit_ilostat_venezuela_anual.csv.gz
OIT - ILOSTAT;Venezuela;Anual;EAR_EHRA_SEX_OCU_CUR_NB;Ganancias horarias promedio de los asalariados según sexo, ocupación y divisa;Remuneraciones y ingresos;Estadísticas de Salarios y Tiempo de Trabajo (COND);sexo, ocupación, divisa;48;482;2005;2020;2020;103.364;28/08/2026 07:00:05;assets/data/ilo/csv/ove_oit_ilostat_venezuela_anual.csv.gz
OIT - ILOSTAT;Venezuela;Anual;EAR_EHRA_SEX_OCU_NB;Ganancias horarias promedio de los asalariados según sexo y ocupación (moneda local);Remuneraciones y ingresos;Estadísticas de Salarios y Tiempo de Trabajo (COND);sexo, ocupación;48;486;2005;2020;2020;17499.8;27/08/2026 07:00:11;assets/data/ilo/csv/ove_oit_ilostat_venezuela_anual.csv.gz
OIT - ILOSTAT;Venezuela;Anual;EAR_EHRG_SEX_AGE_NB;Índice de Gini de las ganancias horarias de los asalariados según sexo y edad;Remuneraciones y ingresos;Estadísticas de Salarios y Tiempo de Trabajo (COND);sexo, edad;24;240;2005;2017;2017;0.386;27/08/2026 07:00:11;assets/data/ilo/csv/ove_oit_ilostat_venezuela_anual.csv.gz
OIT - ILOSTAT;Venezuela;Anual;EAR_EHRG_SEX_ECO_NB;Índice de Gini de las ganancias horarias de los asalariados según sexo y actividad económica;Remuneraciones y ingresos;Estadísticas de Salarios y Tiempo de Trabajo (COND);sexo, actividad económica;99;989;2005;2017;2017;0.386;27/08/2026 07:00:11;assets/data/ilo/csv/ove_oit_ilostat_venezuela_anual.csv.gz
OIT - ILOSTAT;Venezuela;Anual;EAR_EHRG_SEX_EDU_NB;Índice de Gini de las ganancias horarias de los asalariados según sexo y educación;Remuneraciones y ingresos;Estadísticas de Salarios y Tiempo de Trabajo (COND);sexo, educación;48;426;2005;2017;2017;0.386;27/08/2026 07:00:11;assets/data/ilo/csv/ove_oit_ilostat_venezuela_anual.csv.gz
OIT - ILOSTAT;Venezuela;Anual;EAR_EHRG_SEX_MTS_NB;Índice de Gini de las ganancias horarias de los asalariados según sexo y estado civil;Remuneraciones y ingresos;Estadísticas de Salarios y Tiempo de Trabajo (COND);sexo, estado civil;33;330;2005;2017;2017;0.386;27/08/2026 07:00:11;assets/data/ilo/csv/ove_oit_ilostat_venezuela_anual.csv.gz
OIT - ILOSTAT;Venezuela;Anual;EAR_EHRG_SEX_NB;Índice de Gini de las ganancias horarias de los asalariados según sexo;Remuneraciones y ingresos;Estadísticas de Salarios y Tiempo de Trabajo (COND);sexo;3;30;2005;2017;2017;0.386;27/08/2026 07:00:11;assets/data/ilo/csv/ove_oit_ilostat_venezuela_anual.csv.gz
OIT - ILOSTAT;Venezuela;Anual;EAR_EHRG_SEX_OCU_NB;Índice de Gini de las ganancias horarias de los asalariados según sexo y ocupación;Remuneraciones y ingresos;Estadísticas de Salarios y Tiempo de Trabajo (COND);sexo, ocupación;45;450;2005;2017;2017;0.386;27/08/2026 07:00:11;assets/data/ilo/csv/ove_oit_ilostat_venezuela_anual.csv.gz
OIT - ILOSTAT;Venezuela;Anual;EAR_EHRM_SEX_AGE_CUR_NB;Ganancias horarias medianas de los asalariados según sexo, edad y divisa;Remuneraciones y ingresos;Estadísticas de Salarios y Tiempo de Trabajo (COND);sexo, edad, divisa;24;240;2005;2017;2017;1442.308;28/08/2026 07:00:05;assets/data/ilo/csv/ove_oit_ilostat_venezuela_anual.csv.gz
OIT - ILOSTAT;Venezuela;Anual;EAR_EHRM_SEX_AGE_NB;Ganancias horarias medianas de los asalariados según sexo y edad (moneda local);Remuneraciones y ingresos;Estadísticas de Salarios y Tiempo de Trabajo (COND);sexo, edad;24;240;2005;2017;2017;1442.308;27/08/2026 07:00:11;assets/data/ilo/csv/ove_oit_ilostat_venezuela_anual.csv.gz
OIT - ILOSTAT;Venezuela;Anual;EAR_EHRM_SEX_CUR_NB;Ganancias horarias medianas de los asalariados según sexo y divisa;Remuneraciones y ingresos;Estadísticas de Salarios y Tiempo de Trabajo (COND);sexo, divisa;3;30;2005;2017;2017;1442.308;28/08/2026 07:00:05;assets/data/ilo/csv/ove_oit_ilostat_venezuela_anual.csv.gz
OIT - ILOSTAT;Venezuela;Anual;EAR_EHRM_SEX_ECO_CUR_NB;Ganancias horarias medianas de los asalariados según sexo, actividad económica y divisa;Remuneraciones y ingresos;Estadísticas de Salarios y Tiempo de Trabajo (COND);sexo, actividad económica, divisa;98;974;2005;2017;2017;1442.308;28/08/2026 07:00:05;assets/data/ilo/csv/ove_oit_ilostat_venezuela_anual.csv.gz
OIT - ILOSTAT;Venezuela;Anual;EAR_EHRM_SEX_ECO_NB;Ganancias horarias medianas de los asalariados según sexo y actividad económica (moneda local);Remuneraciones y ingresos;Estadísticas de Salarios y Tiempo de Trabajo (COND);sexo, actividad económica;99;989;2005;2017;2017;1442.308;27/08/2026 07:00:11;assets/data/ilo/csv/ove_oit_ilostat_venezuela_anual.csv.gz
OIT - ILOSTAT;Venezuela;Anual;EAR_EHRM_SEX_EDU_CUR_NB;Ganancias horarias medianas de los asalariados según sexo, educación y divisa;Remuneraciones y ingresos;Estadísticas de Salarios y Tiempo de Trabajo (COND);sexo, educación, divisa;48;410;2005;2017;2017;1442.308;28/08/2026 07:00:05;assets/data/ilo/csv/ove_oit_ilostat_venezuela_anual.csv.gz
OIT - ILOSTAT;Venezuela;Anual;EAR_EHRM_SEX_EDU_NB;Ganancias horarias medianas de los asalariados según sexo y educación (moneda local);Remuneraciones y ingresos;Estadísticas de Salarios y Tiempo de Trabajo (COND);sexo, educación;48;426;2005;2017;2017;1442.308;27/08/2026 07:00:11;assets/data/ilo/csv/ove_oit_ilostat_venezuela_anual.csv.gz
OIT - ILOSTAT;Venezuela;Anual;EAR_EHRM_SEX_MTS_CUR_NB;Ganancias horarias medianas de los asalariados según sexo, estado civil y divisa;Remuneraciones y ingresos;Estadísticas de Salarios y Tiempo de Trabajo (COND);sexo, estado civil, divisa;12;113;2005;2017;2017;1442.308;28/08/2026 07:00:05;assets/data/ilo/csv/ove_oit_ilostat_venezuela_anual.csv.gz
OIT - ILOSTAT;Venezuela;Anual;EAR_EHRM_SEX_MTS_NB;Ganancias horarias medianas de los asalariados según sexo y estado civil (moneda local);Remuneraciones y ingresos;Estadísticas de Salarios y Tiempo de Trabajo (COND);sexo, estado civil;33;330;2005;2017;2017;1442.308;27/08/2026 07:00:11;assets/data/ilo/csv/ove_oit_ilostat_venezuela_anual.csv.gz
OIT - ILOSTAT;Venezuela;Anual;EAR_EHRM_SEX_NB;Ganancias horarias medianas de los asalariados según sexo (moneda local);Remuneraciones y ingresos;Estadísticas de Salarios y Tiempo de Trabajo (COND);sexo;3;30;2005;2017;2017;1442.308;27/08/2026 07:00:11;assets/data/ilo/csv/ove_oit_ilostat_venezuela_anual.csv.gz
OIT - ILOSTAT;Venezuela;Anual;EAR_EHRM_SEX_OCU_CUR_NB;Ganancias horarias medianas de los asalariados según sexo, ocupación y divisa;Remuneraciones y ingresos;Estadísticas de Salarios y Tiempo de Trabajo (COND);sexo, ocupación, divisa;45;446;2005;2017;2017;1442.308;28/08/2026 07:00:05;assets/data/ilo/csv/ove_oit_ilostat_venezuela_anual.csv.gz
OIT - ILOSTAT;Venezuela;Anual;EAR_EHRM_SEX_OCU_NB;Ganancias horarias medianas de los asalariados según sexo y ocupación (moneda local);Remuneraciones y ingresos;Estadísticas de Salarios y Tiempo de Trabajo (COND);sexo, ocupación;45;450;2005;2017;2017;1442.308;27/08/2026 07:00:11;assets/data/ilo/csv/ove_oit_ilostat_venezuela_anual.csv.gz
OIT - ILOSTAT;Venezuela;Anual;EAR_EMTA_SEX_AGE_CUR_NB;Ganancias mensuales promedio de los asalariados según sexo, edad y divisa;Remuneraciones y ingresos;Estadísticas de Salarios y Tiempo de Trabajo (COND);sexo, edad, divisa;24;240;2005;2017;2017;271673.027;28/08/2026 07:00:05;assets/data/ilo/csv/ove_oit_ilostat_venezuela_anual.csv.gz
OIT - ILOSTAT;Venezuela;Anual;EAR_EMTA_SEX_AGE_NB;Ganancias mensuales promedio de los asalariados según sexo y edad (moneda local);Remuneraciones y ingresos;Estadísticas de Salarios y Tiempo de Trabajo (COND);sexo, edad;45;450;2005;2017;2017;271673.027;01/09/2026 07:00:07;assets/data/ilo/csv/ove_oit_ilostat_venezuela_anual.csv.gz
OIT - ILOSTAT;Venezuela;Anual;EAR_EMTA_SEX_CUR_NB;Ganancias mensuales promedio de los asalariados según sexo y divisa;Remuneraciones y ingresos;Estadísticas de Salarios y Tiempo de Trabajo (COND);sexo, divisa;4;34;1997;2020;2020;2942239.0;28/08/2026 07:00:05;assets/data/ilo/csv/ove_oit_ilostat_venezuela_anual.csv.gz
OIT - ILOSTAT;Venezuela;Anual;EAR_EMTA_SEX_ECO_CUR_NB;Ganancias mensuales promedio de los asalariados según sexo, actividad económica y divisa;Remuneraciones y ingresos;Estadísticas de Salarios y Tiempo de Trabajo (COND);sexo, actividad económica, divisa;106;1055;1997;2020;2020;2942239.0;02/09/2026 07:00:07;assets/data/ilo/csv/ove_oit_ilostat_venezuela_anual.csv.gz
OIT - ILOSTAT;Venezuela;Anual;EAR_EMTA_SEX_ECO_NB;Ganancias mensuales promedio de los asalariados según sexo y actividad económica (moneda local);Remuneraciones y ingresos;Estadísticas de Salarios y Tiempo de Trabajo (COND);sexo, actividad económica;47;447;1997;2020;2020;2942239.0;01/09/2026 07:00:07;assets/data/ilo/csv/ove_oit_ilostat_venezuela_anual.csv.gz
OIT - ILOSTAT;Venezuela;Anual;EAR_EMTA_SEX_EDU_CUR_NB;Ganancias mensuales promedio de los asalariados según sexo, educación y divisa;Remuneraciones y ingresos;Estadísticas de Salarios y Tiempo de Trabajo (COND);sexo, educación, divisa;48;410;2005;2017;2017;271673.027;02/09/2026 07:00:07;assets/data/ilo/csv/ove_oit_ilostat_venezuela_anual.csv.gz
OIT - ILOSTAT;Venezuela;Anual;EAR_EMTA_SEX_EDU_NB;Ganancias mensuales promedio de los asalariados según sexo y educación (moneda local);Remuneraciones y ingresos;Estadísticas de Salarios y Tiempo de Trabajo (COND);sexo, educación;48;426;2005;2017;2017;271673.027;01/09/2026 07:00:07;assets/data/ilo/csv/ove_oit_ilostat_venezuela_anual.csv.gz
OIT - ILOSTAT;Venezuela;Anual;EAR_EMTA_SEX_MTS_CUR_NB;Ganancias mensuales promedio de los asalariados según sexo, estado civil y divisa;Remuneraciones y ingresos;Estadísticas de Salarios y Tiempo de Trabajo (COND);sexo, estado civil, divisa;12;114;2005;2017;2017;271673.027;28/08/2026 07:00:05;assets/data/ilo/csv/ove_oit_ilostat_venezuela_anual.csv.gz
OIT - ILOSTAT;Venezuela;Anual;EAR_EMTA_SEX_MTS_NB;Ganancias mensuales promedio de los asalariados según sexo y estado civil (moneda local);Remuneraciones y ingresos;Estadísticas de Salarios y Tiempo de Trabajo (COND);sexo, estado civil;33;330;2005;2017;2017;271673.027;01/09/2026 07:00:07;assets/data/ilo/csv/ove_oit_ilostat_venezuela_anual.csv.gz
OIT - ILOSTAT;Venezuela;Anual;EAR_EMTA_SEX_NB;Ganancias mensuales promedio de los asalariados según sexo (moneda local);Remuneraciones y ingresos;Estadísticas de Salarios y Tiempo de Trabajo (COND);sexo;3;30;2005;2017;2017;271673.027;27/08/2026 07:00:11;assets/data/ilo/csv/ove_oit_ilostat_venezuela_anual.csv.gz
OIT - ILOSTAT;Venezuela;Anual;EAR_EMTA_SEX_OCU_CUR_NB;Ganancias mensuales promedio de los asalariados según sexo, ocupación y divisa;Remuneraciones y ingresos;Estadísticas de Salarios y Tiempo de Trabajo (COND);sexo, ocupación, divisa;48;483;2005;2020;2020;2942239.0;28/08/2026 07:00:05;assets/data/ilo/csv/ove_oit_ilostat_venezuela_anual.csv.gz
OIT - ILOSTAT;Venezuela;Anual;EAR_EMTA_SEX_OCU_NB;Ganancias mensuales promedio de los asalariados según sexo y ocupación (moneda local);Remuneraciones y ingresos;Estadísticas de Salarios y Tiempo de Trabajo (COND);sexo, ocupación;48;486;2005;2020;2020;2942239.0;27/08/2026 07:00:11;assets/data/ilo/csv/ove_oit_ilostat_venezuela_anual.csv.gz
OIT - ILOSTAT;Venezuela;Anual;EAR_EMTG_SEX_AGE_NB;Índice de Gini de las ganancias mensuales de los asalariados según sexo y edad;Remuneraciones y ingresos;Estadísticas de Salarios y Tiempo de Trabajo (COND);sexo, edad;24;240;2005;2017;2017;0.363;27/08/2026 07:00:11;assets/data/ilo/csv/ove_oit_ilostat_venezuela_anual.csv.gz
OIT - ILOSTAT;Venezuela;Anual;EAR_EMTG_SEX_ECO_NB;Índice de Gini de las ganancias mensuales de los asalariados según sexo y actividad económica;Remuneraciones y ingresos;Estadísticas de Salarios y Tiempo de Trabajo (COND);sexo, actividad económica;99;989;2005;2017;2017;0.363;27/08/2026 07:00:11;assets/data/ilo/csv/ove_oit_ilostat_venezuela_anual.csv.gz
OIT - ILOSTAT;Venezuela;Anual;EAR_EMTG_SEX_EDU_NB;Índice de Gini de las ganancias mensuales de los asalariados según sexo y educación;Remuneraciones y ingresos;Estadísticas de Salarios y Tiempo de Trabajo (COND);sexo, educación;48;426;2005;2017;2017;0.363;27/08/2026 07:00:11;assets/data/ilo/csv/ove_oit_ilostat_venezuela_anual.csv.gz
OIT - ILOSTAT;Venezuela;Anual;EAR_EMTG_SEX_MTS_NB;Índice de Gini de las ganancias mensuales de los asalariados según sexo y estado civil;Remuneraciones y ingresos;Estadísticas de Salarios y Tiempo de Trabajo (COND);sexo, estado civil;33;330;2005;2017;2017;0.363;27/08/2026 07:00:11;assets/data/ilo/csv/ove_oit_ilostat_venezuela_anual.csv.gz
OIT - ILOSTAT;Venezuela;Anual;EAR_EMTG_SEX_NB;Índice de Gini de las ganancias mensuales de los asalariados según sexo;Remuneraciones y ingresos;Estadísticas de Salarios y Tiempo de Trabajo (COND);sexo;3;30;2005;2017;2017;0.363;27/08/2026 07:00:11;assets/data/ilo/csv/ove_oit_ilostat_venezuela_anual.csv.gz
OIT - ILOSTAT;Venezuela;Anual;EAR_EMTG_SEX_OCU_NB;Índice de Gini de las ganancias mensuales de los asalariados según sexo y ocupación;Remuneraciones y ingresos;Estadísticas de Salarios y Tiempo de Trabajo (COND);sexo, ocupación;45;450;2005;2017;2017;0.363;27/08/2026 07:00:11;assets/data/ilo/csv/ove_oit_ilostat_venezuela_anual.csv.gz
OIT - ILOSTAT;Venezuela;Anual;EAR_EMTM_SEX_AGE_CUR_NB;Ganancias mensuales medianas de los asalariados según sexo, edad y divisa;Remuneraciones y ingresos;Estadísticas de Salarios y Tiempo de Trabajo (COND);sexo, edad, divisa;24;240;2005;2017;2017;250000.0;02/09/2026 07:00:07;assets/data/ilo/csv/ove_oit_ilostat_venezuela_anual.csv.gz
OIT - ILOSTAT;Venezuela;Anual;EAR_EMTM_SEX_AGE_NB;Ganancias mensuales medianas de los asalariados según sexo y edad (moneda local);Remuneraciones y ingresos;Estadísticas de Salarios y Tiempo de Trabajo (COND);sexo, edad;45;450;2005;2017;2017;250000.0;01/09/2026 07:00:07;assets/data/ilo/csv/ove_oit_ilostat_venezuela_anual.csv.gz
OIT - ILOSTAT;Venezuela;Anual;EAR_EMTM_SEX_CUR_NB;Ganancias mensuales medianas de los asalariados según sexo y divisa;Remuneraciones y ingresos;Estadísticas de Salarios y Tiempo de Trabajo (COND);sexo, divisa;3;30;2005;2017;2017;250000.0;28/08/2026 07:00:05;assets/data/ilo/csv/ove_oit_ilostat_venezuela_anual.csv.gz
OIT - ILOSTAT;Venezuela;Anual;EAR_EMTM_SEX_ECO_CUR_NB;Ganancias mensuales medianas de los asalariados según sexo, actividad económica y divisa;Remuneraciones y ingresos;Estadísticas de Salarios y Tiempo de Trabajo (COND);sexo, actividad económica, divisa;98;974;2005;2017;2017;250000.0;02/09/2026 07:00:07;assets/data/ilo/csv/ove_oit_ilostat_venezuela_anual.csv.gz
OIT - ILOSTAT;Venezuela;Anual;EAR_EMTM_SEX_ECO_NB;Ganancias mensuales medianas de los asalariados según sexo y actividad económica (moneda local);Remuneraciones y ingresos;Estadísticas de Salarios y Tiempo de Trabajo (COND);sexo, actividad económica;42;420;2005;2017;2017;250000.0;01/09/2026 07:00:07;assets/data/ilo/csv/ove_oit_ilostat_venezuela_anual.csv.gz
OIT - ILOSTAT;Venezuela;Anual;EAR_EMTM_SEX_EDU_CUR_NB;Ganancias mensuales medianas de los asalariados según sexo, educación y divisa;Remuneraciones y ingresos;Estadísticas de Salarios y Tiempo de Trabajo (COND);sexo, educación, divisa;48;410;2005;2017;2017;250000.0;02/09/2026 07:00:07;assets/data/ilo/csv/ove_oit_ilostat_venezuela_anual.csv.gz
OIT - ILOSTAT;Venezuela;Anual;EAR_EMTM_SEX_EDU_NB;Ganancias mensuales medianas de los asalariados según sexo y educación (moneda local);Remuneraciones y ingresos;Estadísticas de Salarios y Tiempo de Trabajo (COND);sexo, educación;48;426;2005;2017;2017;250000.0;01/09/2026 07:00:07;assets/data/ilo/csv/ove_oit_ilostat_venezuela_anual.csv.gz
OIT - ILOSTAT;Venezuela;Anual;EAR_EMTM_SEX_MTS_CUR_NB;Ganancias mensuales medianas de los asalariados según sexo, estado civil y divisa;Remuneraciones y ingresos;Estadísticas de Salarios y Tiempo de Trabajo (COND);sexo, estado civil, divisa;12;114;2005;2017;2017;250000.0;02/09/2026 07:00:07;assets/data/ilo/csv/ove_oit_ilostat_venezuela_anual.csv.gz
OIT - ILOSTAT;Venezuela;Anual;EAR_EMTM_SEX_MTS_NB;Ganancias mensuales medianas de los asalariados según sexo y estado civil (moneda local);Remuneraciones y ingresos;Estadísticas de Salarios y Tiempo de Trabajo (COND);sexo, estado civil;33;330;2005;2017;2017;250000.0;01/09/2026 07:00:07;assets/data/ilo/csv/ove_oit_ilostat_venezuela_anual.csv.gz
OIT - ILOSTAT;Venezuela;Anual;EAR_EMTM_SEX_NB;Ganancias mensuales medianas de los asalariados según sexo (moneda local);Remuneraciones y ingresos;Estadísticas de Salarios y Tiempo de Trabajo (COND);sexo;3;30;2005;2017;2017;250000.0;27/08/2026 07:00:11;assets/data/ilo/csv/ove_oit_ilostat_venezuela_anual.csv.gz
OIT - ILOSTAT;Venezuela;Anual;EAR_EMTM_SEX_OCU_CUR_NB;Ganancias mensuales medianas de los asalariados según sexo, ocupación y divisa;Remuneraciones y ingresos;Estadísticas de Salarios y Tiempo de Trabajo (COND);sexo, ocupación, divisa;45;447;2005;2017;2017;250000.0;28/08/2026 07:00:05;assets/data/ilo/csv/ove_oit_ilostat_venezuela_anual.csv.gz
OIT - ILOSTAT;Venezuela;Anual;EAR_EMTM_SEX_OCU_NB;Ganancias mensuales medianas de los asalariados según sexo y ocupación (moneda local);Remuneraciones y ingresos;Estadísticas de Salarios y Tiempo de Trabajo (COND);sexo, ocupación;45;450;2005;2017;2017;250000.0;27/08/2026 07:00:11;assets/data/ilo/csv/ove_oit_ilostat_venezuela_anual.csv.gz
OIT - ILOSTAT;Venezuela;Anual;EAR_GGAP_OCU_RT;Brecha salarial de género según ocupación (%);Remuneraciones y ingresos;Indicadores de Igualdad de Género y No Discriminación (GEND);ocupación;16;172;1989;2017;2017;7.857;27/08/2026 07:03:08;assets/data/ilo/csv/ove_oit_ilostat_venezuela_anual.csv.gz
OIT - ILOSTAT;Venezuela;Anual;EAR_INEE_CUR_NB;Salario mínimo mensual según divisa;Remuneraciones y ingresos;Estadísticas de Salarios y Tiempo de Trabajo (COND);divisa;1;26;1995;2024;2024;130.0;30/08/2026 07:16:20;assets/data/ilo/csv/ove_oit_ilostat_venezuela_anual.csv.gz
OIT - ILOSTAT;Venezuela;Anual;EAR_INEE_NOC_NB;Salario mínimo mensual (moneda local);Remuneraciones y ingresos;Estadísticas de Salarios y Tiempo de Trabajo (COND);Salario mínimo mensual;1;26;1995;2024;2024;130.0;01/08/2026 07:00:11;assets/data/ilo/csv/ove_oit_ilostat_venezuela_anual.csv.gz
OIT - ILOSTAT;Venezuela;Anual;EAR_PHRA_SEX_CUR_NB;Ganancias horarias promedio de los asalariados en el sector público según sexo y divisa;Remuneraciones y ingresos;Perfiles de trabajadores y sectores (PROFILES);sexo, divisa;3;30;2005;2017;2017;1870.03;28/08/2026 07:03:04;assets/data/ilo/csv/ove_oit_ilostat_venezuela_anual.csv.gz
OIT - ILOSTAT;Venezuela;Anual;EAR_PHRA_SEX_NB;Ganancias horarias promedio de los asalariados en el sector público (moneda local);Remuneraciones y ingresos;Perfiles de trabajadores y sectores (PROFILES);sexo;3;30;2005;2017;2017;1870.03;27/08/2026 07:09:04;assets/data/ilo/csv/ove_oit_ilostat_venezuela_anual.csv.gz
OIT - ILOSTAT;Venezuela;Anual;EAR_PMTA_SEX_CUR_NB;Ganancias mensuales promedio de los asalariados en el sector público según sexo y divisa;Remuneraciones y ingresos;Perfiles de trabajadores y sectores (PROFILES);sexo, divisa;3;30;2005;2017;2017;296641.25;28/08/2026 07:03:04;assets/data/ilo/csv/ove_oit_ilostat_venezuela_anual.csv.gz
OIT - ILOSTAT;Venezuela;Anual;EAR_PMTA_SEX_NB;Ganancias mensuales promedio de los asalariados en el sector público (moneda local);Remuneraciones y ingresos;Perfiles de trabajadores y sectores (PROFILES);sexo;3;30;2005;2017;2017;296641.25;27/08/2026 07:09:04;assets/data/ilo/csv/ove_oit_ilostat_venezuela_anual.csv.gz
OIT - ILOSTAT;Venezuela;Anual;EAR_XFLS_NOC_RT;Proporción de mujeres en los asalariados pagados los salarios bajos (%);Remuneraciones y ingresos;Indicadores de Igualdad de Género y No Discriminación (GEND);Proporción de mujeres en los asalariados pagados los salarios bajos;1;11;2005;2020;2020;6.78;27/08/2026 07:03:08;assets/data/ilo/csv/ove_oit_ilostat_venezuela_anual.csv.gz
OIT - ILOSTAT;Venezuela;Anual;EAR_XTLP_SEX_NB;Asalariados pagados los salarios bajos según sexo (millares);Remuneraciones y ingresos;Estadísticas de Salarios y Tiempo de Trabajo (COND);sexo;3;3;2020;2020;2020;199.368;05/04/2026 14:43:04;assets/data/ilo/csv/ove_oit_ilostat_venezuela_anual.csv.gz
OIT - ILOSTAT;Venezuela;Anual;EAR_XTLP_SEX_RT;Tasa de salarios bajos (%);Remuneraciones y ingresos;Estadísticas de Salarios y Tiempo de Trabajo (COND);sexo;3;50;1995;2017;2017;30.085;27/08/2026 07:00:11;assets/data/ilo/csv/ove_oit_ilostat_venezuela_anual.csv.gz
OIT - ILOSTAT;Venezuela;Anual;EES_TEES_AGE_EC2_NB;Asalariados según edad y actividad económica - nivel 2 de la CIIU (millares);Asalariados;Estadísticas sobre la Fuerza Laboral (LFS);edad, actividad económica - nivel 2 de la ciiu;150;1484;2005;2017;2017;8184.32;01/09/2026 07:09:15;assets/data/ilo/csv/ove_oit_ilostat_venezuela_anual.csv.gz
OIT - ILOSTAT;Venezuela;Anual;EES_TEES_ECO_OCU_NB;Asalariados según actividad económica y ocupación (millares);Asalariados;Estadísticas sobre la Fuerza Laboral (LFS);actividad económica, ocupación;475;4418;2005;2017;2017;8184.32;30/08/2026 07:21:17;assets/data/ilo/csv/ove_oit_ilostat_venezuela_anual.csv.gz
OIT - ILOSTAT;Venezuela;Anual;EES_TEES_SEX_AGE_ECO_NB;Asalariados según sexo, edad y actividad económica (millares);Asalariados;Estadísticas sobre la Fuerza Laboral (LFS);sexo, edad, actividad económica;1183;11715;2005;2017;2017;8184.32;01/09/2026 07:09:15;assets/data/ilo/csv/ove_oit_ilostat_venezuela_anual.csv.gz
OIT - ILOSTAT;Venezuela;Anual;EES_TEES_SEX_AGE_EDU_NB;Asalariados según sexo, edad y educación (millares);Asalariados;Indicadores de Educación y Desajuste (EMI);sexo, edad, educación;768;6675;2005;2017;2017;8184.32;01/09/2026 07:02:23;assets/data/ilo/csv/ove_oit_ilostat_venezuela_anual.csv.gz
OIT - ILOSTAT;Venezuela;Anual;EES_TEES_SEX_AGE_INS_NB;Asalariados según sexo, edad y sector público/privado (millares);Asalariados;Estadísticas sobre la Fuerza Laboral (LFS);sexo, edad, sector público/privado;144;1440;2005;2017;2017;8184.32;01/09/2026 07:09:15;assets/data/ilo/csv/ove_oit_ilostat_venezuela_anual.csv.gz
OIT - ILOSTAT;Venezuela;Anual;EES_TEES_SEX_AGE_MTS_NB;Asalariados según sexo, edad y estado civil (millares);Asalariados;Indicadores de Igualdad de Género y No Discriminación (GEND);sexo, edad, estado civil;528;5062;2005;2017;2017;8184.32;01/09/2026 07:04:12;assets/data/ilo/csv/ove_oit_ilostat_venezuela_anual.csv.gz
OIT - ILOSTAT;Venezuela;Anual;EES_TEES_SEX_AGE_NB;Asalariados según sexo y edad (millares);Asalariados;Estadísticas sobre la Fuerza Laboral (LFS);sexo, edad;84;841;2005;2017;2017;8184.32;01/09/2026 07:09:15;assets/data/ilo/csv/ove_oit_ilostat_venezuela_anual.csv.gz
OIT - ILOSTAT;Venezuela;Anual;EES_TEES_SEX_AGE_OCU_NB;Asalariados según sexo, edad y ocupación (millares);Asalariados;Estadísticas sobre la Fuerza Laboral (LFS);sexo, edad, ocupación;510;5077;2005;2017;2017;8184.32;30/08/2026 07:21:17;assets/data/ilo/csv/ove_oit_ilostat_venezuela_anual.csv.gz
OIT - ILOSTAT;Venezuela;Anual;EES_TEES_SEX_EC2_NB;Asalariados según sexo y actividad económica - nivel 2 de la CIIU (millares);Asalariados;Estadísticas sobre la Fuerza Laboral (LFS);sexo, actividad económica - nivel 2 de la ciiu;150;1500;2005;2017;2017;8184.32;01/09/2026 07:09:15;assets/data/ilo/csv/ove_oit_ilostat_venezuela_anual.csv.gz
OIT - ILOSTAT;Venezuela;Anual;EES_TEES_SEX_ECO_EDU_NB;Asalariados según sexo, actividad económica y educación (millares);Asalariados;Indicadores de Educación y Desajuste (EMI);sexo, actividad económica, educación;1566;12974;2005;2017;2017;8184.32;01/09/2026 07:02:23;assets/data/ilo/csv/ove_oit_ilostat_venezuela_anual.csv.gz
OIT - ILOSTAT;Venezuela;Anual;EES_TEES_SEX_ECO_EST_NB;Asalariados según sexo, actividad económica y tamaño del establecimiento (millares);Asalariados;Estadísticas sobre la Fuerza Laboral (LFS);sexo, actividad económica, tamaño del establecimiento;831;6489;2005;2017;2017;8184.32;27/08/2026 07:07:14;assets/data/ilo/csv/ove_oit_ilostat_venezuela_anual.csv.gz
OIT - ILOSTAT;Venezuela;Anual;EES_TEES_SEX_ECO_INS_NB;Asalariados según sexo, actividad económica y sector público/privado (millares);Asalariados;Estadísticas sobre la Fuerza Laboral (LFS);sexo, actividad económica, sector público/privado;297;2958;2005;2017;2017;8184.32;30/08/2026 07:21:17;assets/data/ilo/csv/ove_oit_ilostat_venezuela_anual.csv.gz
OIT - ILOSTAT;Venezuela;Anual;EES_TEES_SEX_ECO_MTS_NB;Asalariados según sexo, actividad económica y estado civil (millares);Asalariados;Indicadores de Igualdad de Género y No Discriminación (GEND);sexo, actividad económica, estado civil;462;4366;2005;2017;2017;8184.32;01/09/2026 07:04:12;assets/data/ilo/csv/ove_oit_ilostat_venezuela_anual.csv.gz
OIT - ILOSTAT;Venezuela;Anual;EES_TEES_SEX_ECO_NB;Asalariados según sexo y actividad económica (millares);Asalariados;Estadísticas sobre la Fuerza Laboral (LFS);sexo, actividad económica;99;1088;2005;2020;2020;7516.866;01/09/2026 07:09:15;assets/data/ilo/csv/ove_oit_ilostat_venezuela_anual.csv.gz
OIT - ILOSTAT;Venezuela;Anual;EES_TEES_SEX_EDU_MTS_NB;Asalariados según sexo, educación y estado civil (millares);Asalariados;Indicadores de Educación y Desajuste (EMI);sexo, educación, estado civil;522;4284;2005;2017;2017;8184.32;01/09/2026 07:02:23;assets/data/ilo/csv/ove_oit_ilostat_venezuela_anual.csv.gz
OIT - ILOSTAT;Venezuela;Anual;EES_TEES_SEX_EDU_NB;Asalariados según sexo y educación (millares);Asalariados;Indicadores de Educación y Desajuste (EMI);sexo, educación;48;432;2005;2017;2017;8184.32;01/09/2026 07:02:23;assets/data/ilo/csv/ove_oit_ilostat_venezuela_anual.csv.gz
OIT - ILOSTAT;Venezuela;Anual;EES_TEES_SEX_EST_MTS_NB;Asalariados según sexo, tamaño del establecimiento y estado civil (millares);Asalariados;Indicadores de Igualdad de Género y No Discriminación (GEND);sexo, tamaño del establecimiento, estado civil;429;3267;2005;2017;2017;8184.32;27/08/2026 07:03:08;assets/data/ilo/csv/ove_oit_ilostat_venezuela_anual.csv.gz
OIT - ILOSTAT;Venezuela;Anual;EES_TEES_SEX_EST_NB;Asalariados según sexo y tamaño del establecimiento (millares);Asalariados;Estadísticas sobre la Fuerza Laboral (LFS);sexo, tamaño del establecimiento;39;309;2005;2017;2017;8184.32;27/08/2026 07:07:14;assets/data/ilo/csv/ove_oit_ilostat_venezuela_anual.csv.gz
OIT - ILOSTAT;Venezuela;Anual;EES_TEES_SEX_HOW_NB;Asalariados según sexo y por horas semanales efectivamente trabajadas (millares);Asalariados;Estadísticas de Salarios y Tiempo de Trabajo (COND);sexo, horas semanales efectivamente trabajadas;27;258;2005;2017;2017;8184.32;01/09/2026 07:00:07;assets/data/ilo/csv/ove_oit_ilostat_venezuela_anual.csv.gz
OIT - ILOSTAT;Venezuela;Anual;EES_TEES_SEX_IFL_EC2_NB;Asalariados según sexo, trabajo informal/formal y actividad económica - nivel 2 de la CIIU (millares);Economía informal;Estadísticas sobre la Fuerza Laboral (LFS);sexo, trabajo informal/formal, actividad económica - nivel 2 de la ciiu;447;447;2017;2017;2017;8184.32;30/08/2026 07:21:17;assets/data/ilo/csv/ove_oit_ilostat_venezuela_anual.csv.gz
OIT - ILOSTAT;Venezuela;Anual;EES_TEES_SEX_IFL_ECO_NB;Asalariados según sexo, trabajo informal/formal y actividad económica (millares);Economía informal;Estadísticas sobre la Fuerza Laboral (LFS);sexo, trabajo informal/formal, actividad económica;297;297;2017;2017;2017;8184.32;30/08/2026 07:21:17;assets/data/ilo/csv/ove_oit_ilostat_venezuela_anual.csv.gz
OIT - ILOSTAT;Venezuela;Anual;EES_TEES_SEX_IFL_EDU_NB;Asalariados según sexo, trabajo informal/formal y educación (millares);Economía informal;Indicadores de Educación y Desajuste (EMI);sexo, trabajo informal/formal, educación;135;135;2017;2017;2017;8184.32;30/08/2026 07:17:15;assets/data/ilo/csv/ove_oit_ilostat_venezuela_anual.csv.gz
OIT - ILOSTAT;Venezuela;Anual;EES_TEES_SEX_IFL_INS_NB;Asalariados según sexo, trabajo informal/formal y sector público/privado (millares);Economía informal;Estadísticas sobre la Fuerza Laboral (LFS);sexo, trabajo informal/formal, sector público/privado;27;27;2017;2017;2017;8184.32;30/08/2026 07:21:17;assets/data/ilo/csv/ove_oit_ilostat_venezuela_anual.csv.gz
OIT - ILOSTAT;Venezuela;Anual;EES_TEES_SEX_IFL_MTS_NB;Asalariados según sexo, trabajo informal/formal y estado civil (millares);Economía informal;Estadísticas de Salarios y Tiempo de Trabajo (COND);sexo, trabajo informal/formal, estado civil;99;99;2017;2017;2017;8184.32;27/08/2026 07:00:11;assets/data/ilo/csv/ove_oit_ilostat_venezuela_anual.csv.gz
OIT - ILOSTAT;Venezuela;Anual;EES_TEES_SEX_IFL_OCU_NB;Asalariados según sexo, trabajo informal/formal y ocupación (millares);Economía informal;Estadísticas sobre la Fuerza Laboral (LFS);sexo, trabajo informal/formal, ocupación;135;135;2017;2017;2017;8184.32;30/08/2026 07:21:17;assets/data/ilo/csv/ove_oit_ilostat_venezuela_anual.csv.gz
OIT - ILOSTAT;Venezuela;Anual;EES_TEES_SEX_INS_MTS_NB;Asalariados según sexo, sector público/privado y estado civil (millares);Asalariados;Indicadores de Igualdad de Género y No Discriminación (GEND);sexo, sector público/privado, estado civil;99;990;2005;2017;2017;8184.32;01/09/2026 07:04:12;assets/data/ilo/csv/ove_oit_ilostat_venezuela_anual.csv.gz
OIT - ILOSTAT;Venezuela;Anual;EES_TEES_SEX_INS_NB;Asalariados según sexo y sector público/privado (millares);Asalariados;Estadísticas sobre la Fuerza Laboral (LFS);sexo, sector público/privado;9;90;2005;2017;2017;8184.32;01/09/2026 07:09:15;assets/data/ilo/csv/ove_oit_ilostat_venezuela_anual.csv.gz
OIT - ILOSTAT;Venezuela;Anual;EES_TEES_SEX_MJH_NB;Asalariados según sexo y tenencia de múltiples empleos (millares);Asalariados;Estadísticas sobre la Fuerza Laboral (LFS);sexo, tenencia de múltiples empleos;9;90;2005;2017;2017;8184.32;01/09/2026 07:09:15;assets/data/ilo/csv/ove_oit_ilostat_venezuela_anual.csv.gz
OIT - ILOSTAT;Venezuela;Anual;EES_TEES_SEX_MTS_NB;Asalariados según sexo y estado civil (millares);Asalariados;Indicadores de Igualdad de Género y No Discriminación (GEND);sexo, estado civil;33;330;2005;2017;2017;8184.32;01/09/2026 07:04:12;assets/data/ilo/csv/ove_oit_ilostat_venezuela_anual.csv.gz
OIT - ILOSTAT;Venezuela;Anual;EES_TEES_SEX_OCU_EDU_NB;Asalariados según sexo, ocupación y educación (millares);Asalariados;Indicadores de Educación y Desajuste (EMI);sexo, ocupación, educación;708;5841;2005;2017;2017;8184.32;30/08/2026 07:17:15;assets/data/ilo/csv/ove_oit_ilostat_venezuela_anual.csv.gz
OIT - ILOSTAT;Venezuela;Anual;EES_TEES_SEX_OCU_EST_NB;Asalariados según sexo, ocupación y tamaño del establecimiento (millares);Asalariados;Estadísticas sobre la Fuerza Laboral (LFS);sexo, ocupación, tamaño del establecimiento;345;2647;2005;2017;2017;8184.32;27/08/2026 07:07:14;assets/data/ilo/csv/ove_oit_ilostat_venezuela_anual.csv.gz
OIT - ILOSTAT;Venezuela;Anual;EES_TEES_SEX_OCU_INS_NB;Asalariados según sexo, ocupación y sector público/privado (millares);Asalariados;Estadísticas sobre la Fuerza Laboral (LFS);sexo, ocupación, sector público/privado;135;1350;2005;2017;2017;8184.32;30/08/2026 07:21:17;assets/data/ilo/csv/ove_oit_ilostat_venezuela_anual.csv.gz
OIT - ILOSTAT;Venezuela;Anual;EES_TEES_SEX_OCU_MTS_NB;Asalariados según sexo, ocupación y estado civil (millares);Asalariados;Indicadores de Igualdad de Género y No Discriminación (GEND);sexo, ocupación, estado civil;495;4556;2005;2017;2017;8184.32;27/08/2026 07:03:08;assets/data/ilo/csv/ove_oit_ilostat_venezuela_anual.csv.gz
OIT - ILOSTAT;Venezuela;Anual;EES_TEES_SEX_OCU_NB;Asalariados según sexo y ocupación (millares);Asalariados;Estadísticas sobre la Fuerza Laboral (LFS);sexo, ocupación;78;495;2005;2020;2020;7516.866;30/08/2026 07:21:17;assets/data/ilo/csv/ove_oit_ilostat_venezuela_anual.csv.gz
OIT - ILOSTAT;Venezuela;Anual;EIP_2EET_SEX_NB;NINI: Jóvenes que no están ocupados, ni estudian ni reciben formación según sexo -- Estimaciones modeladas de la OIT, Nov. 2025 (millares);Desempleo y subutilización de la fuerza de trabajo;Estimaciones Modeladas por la OIT (ILOEST);sexo;3;69;2005;2027;2027;1268.899;02/12/2025 10:32:17;assets/data/ilo/csv/ove_oit_ilostat_venezuela_anual.csv.gz
OIT - ILOSTAT;Venezuela;Anual;EIP_2EET_SEX_RT;Tasa de NINI: Proporción de jóvenes que no están ocupados, ni estudian ni reciben formación según sexo -- Estimaciones modeladas de la OIT, Nov. 2025 (%);Desempleo y subutilización de la fuerza de trabajo;Estimaciones Modeladas por la OIT (ILOEST);sexo;3;69;2005;2027;2027;23.988;02/12/2025 10:34:13;assets/data/ilo/csv/ove_oit_ilostat_venezuela_anual.csv.gz
OIT - ILOSTAT;Venezuela;Anual;EIP_2EIP_SEX_AGE_NB;Personas fuera de la fuerza de trabajo según sexo y edad -- Estimaciones modeladas de la OIT, Nov. 2025 (millares);Desempleo y subutilización de la fuerza de trabajo;Estimaciones Modeladas por la OIT (ILOEST);sexo, edad;27;1026;1990;2027;2027;10601.347;02/12/2025 16:36:06;assets/data/ilo/csv/ove_oit_ilostat_venezuela_anual.csv.gz
OIT - ILOSTAT;Venezuela;Anual;EIP_2WAP_SEX_AGE_RT;Tasa de inactividad según sexo y edad -- Estimaciones modeladas de la OIT, Nov. 2025 (%);Desempleo y subutilización de la fuerza de trabajo;Estimaciones Modeladas por la OIT (ILOEST);sexo, edad;27;1026;1990;2027;2027;48.347;02/12/2025 16:36:06;assets/data/ilo/csv/ove_oit_ilostat_venezuela_anual.csv.gz
OIT - ILOSTAT;Venezuela;Anual;EIP_3EET_SEX_AGE_NB;NINI: Jóvenes que no están ocupados, ni estudian ni reciben formación según sexo y edad (millares);Desempleo y subutilización de la fuerza de trabajo;Indicadores del Mercado Laboral Juvenil (YouthSTATS);sexo, edad;12;120;2005;2017;2017;1835.529;01/09/2026 07:14:07;assets/data/ilo/csv/ove_oit_ilostat_venezuela_anual.csv.gz
OIT - ILOSTAT;Venezuela;Anual;EIP_3EET_SEX_AGE_RT;Tasa de NINI: Proporción de jóvenes que no están ocupados, ni estudian ni reciben formación según sexo y edad (%);Desempleo y subutilización de la fuerza de trabajo;Indicadores del Mercado Laboral Juvenil (YouthSTATS);sexo, edad;12;120;2005;2017;2017;22.977;30/08/2026 07:31:06;assets/data/ilo/csv/ove_oit_ilostat_venezuela_anual.csv.gz
OIT - ILOSTAT;Venezuela;Anual;EIP_3EIP_SEX_AGE_EDU_NB;Jóvenes fuera de la fuerza de trabajo según sexo, edad y educación (millares);Desempleo y subutilización de la fuerza de trabajo;Indicadores del Mercado Laboral Juvenil (YouthSTATS);sexo, edad, educación;72;636;2005;2017;2017;3724.532;01/09/2026 07:14:07;assets/data/ilo/csv/ove_oit_ilostat_venezuela_anual.csv.gz
OIT - ILOSTAT;Venezuela;Anual;EIP_3EIP_SEX_AGE_STU_NB;Jóvenes fuera de la fuerza de trabajo según sexo, edad y estado de la asistencia escolar (millares);Desempleo y subutilización de la fuerza de trabajo;Indicadores del Mercado Laboral Juvenil (YouthSTATS);sexo, edad, asistencia a la escuela o formación;48;441;2005;2017;2017;3724.532;01/09/2026 07:14:07;assets/data/ilo/csv/ove_oit_ilostat_venezuela_anual.csv.gz
OIT - ILOSTAT;Venezuela;Anual;EIP_3WAP_SEX_AGE_EDU_RT;Tasa de inactividad juvenil según sexo, edad y educación (%);Desempleo y subutilización de la fuerza de trabajo;Indicadores del Mercado Laboral Juvenil (YouthSTATS);sexo, edad, educación;72;629;2005;2017;2017;46.624;02/09/2026 13:46:04;assets/data/ilo/csv/ove_oit_ilostat_venezuela_anual.csv.gz
OIT - ILOSTAT;Venezuela;Anual;EIP_3WAP_SEX_AGE_STU_RT;Tasa de inactividad juvenil según sexo, edad y estado de la asistencia escolar (%);Desempleo y subutilización de la fuerza de trabajo;Indicadores del Mercado Laboral Juvenil (YouthSTATS);sexo, edad, asistencia a la escuela o formación;48;433;2005;2017;2017;46.624;30/08/2026 07:31:06;assets/data/ilo/csv/ove_oit_ilostat_venezuela_anual.csv.gz
OIT - ILOSTAT;Venezuela;Anual;EIP_DWAP_SEX_AGE_EDU_RT;Tasa de inactividad según sexo, edad y educación (%);Desempleo y subutilización de la fuerza de trabajo;Indicadores de Educación y Desajuste (EMI);sexo, edad, educación;768;6695;2005;2017;2017;33.593;02/09/2026 13:41:06;assets/data/ilo/csv/ove_oit_ilostat_venezuela_anual.csv.gz
OIT - ILOSTAT;Venezuela;Anual;EIP_DWAP_SEX_AGE_GEO_RT;Tasa de inactividad según sexo, edad y zonas rurales / urbanas (%);Desempleo y subutilización de la fuerza de trabajo;Mercados Laborales Rurales y Urbanos (RURBAN);sexo, edad, zonas rurales/urbanes;9;18;2011;2012;2012;42.852;27/08/2026 07:10:06;assets/data/ilo/csv/ove_oit_ilostat_venezuela_anual.csv.gz
OIT - ILOSTAT;Venezuela;Anual;EIP_DWAP_SEX_AGE_MTS_RT;Tasa de inactividad según sexo, edad y estado civil (%);Desempleo y subutilización de la fuerza de trabajo;Indicadores de Igualdad de Género y No Discriminación (GEND);sexo, edad, estado civil;528;5148;2005;2017;2017;33.593;27/08/2026 07:03:08;assets/data/ilo/csv/ove_oit_ilostat_venezuela_anual.csv.gz
OIT - ILOSTAT;Venezuela;Anual;EIP_DWAP_SEX_AGE_RT;Tasa de inactividad según sexo y edad (%);Desempleo y subutilización de la fuerza de trabajo;Estadísticas sobre la Fuerza Laboral (LFS);sexo, edad;168;1512;1961;2020;2020;40.116;02/09/2026 13:44:05;assets/data/ilo/csv/ove_oit_ilostat_venezuela_anual.csv.gz
OIT - ILOSTAT;Venezuela;Anual;EIP_DWAP_SEX_EDU_MTS_RT;Tasa de inactividad según sexo, educación y estado civil (%);Desempleo y subutilización de la fuerza de trabajo;Indicadores de Educación y Desajuste (EMI);sexo, educación, estado civil;528;4455;2005;2017;2017;33.593;27/08/2026 07:02:12;assets/data/ilo/csv/ove_oit_ilostat_venezuela_anual.csv.gz
OIT - ILOSTAT;Venezuela;Anual;EIP_DWAP_SEX_EDU_RT;Tasa de inactividad según sexo y educación (%);Desempleo y subutilización de la fuerza de trabajo;Indicadores de Educación y Desajuste (EMI);sexo, educación;48;429;2005;2017;2017;33.593;02/09/2026 13:41:06;assets/data/ilo/csv/ove_oit_ilostat_venezuela_anual.csv.gz
OIT - ILOSTAT;Venezuela;Anual;EIP_DWAP_SEX_MTS_RT;Tasa de inactividad según sexo y estado civil (%);Desempleo y subutilización de la fuerza de trabajo;Indicadores de Igualdad de Género y No Discriminación (GEND);sexo, estado civil;33;330;2005;2017;2017;33.593;27/08/2026 07:03:08;assets/data/ilo/csv/ove_oit_ilostat_venezuela_anual.csv.gz
OIT - ILOSTAT;Venezuela;Anual;EIP_NEET_SEX_AGE_NB;NINI: Jóvenes que no están ocupados, ni estudian ni reciben formación según sexo y edad (millares);Desempleo y subutilización de la fuerza de trabajo;Estadísticas sobre la Fuerza Laboral (LFS);sexo, edad;9;90;2005;2017;2017;1231.334;11/08/2026 11:43:17;assets/data/ilo/csv/ove_oit_ilostat_venezuela_anual.csv.gz
OIT - ILOSTAT;Venezuela;Anual;EIP_NEET_SEX_AGE_RT;Tasa de NINI: Proporción de jóvenes que no están ocupados, ni estudian ni reciben formación según sexo y edad (%);Desempleo y subutilización de la fuerza de trabajo;Estadísticas sobre la Fuerza Laboral (LFS);sexo, edad;9;90;2005;2017;2017;22.847;11/08/2026 11:43:17;assets/data/ilo/csv/ove_oit_ilostat_venezuela_anual.csv.gz
OIT - ILOSTAT;Venezuela;Anual;EIP_NEET_SEX_EDU_NB;NINI: Jóvenes que no están ocupados, ni estudian ni reciben formación según sexo y educación (millares);Desempleo y subutilización de la fuerza de trabajo;Indicadores de Educación y Desajuste (EMI);sexo, educación;18;162;2005;2017;2017;1231.334;01/09/2026 07:02:23;assets/data/ilo/csv/ove_oit_ilostat_venezuela_anual.csv.gz
OIT - ILOSTAT;Venezuela;Anual;EIP_NEET_SEX_EDU_RT;Tasa de NINI: Proporción de jóvenes que no están ocupados, ni estudian ni reciben formación según sexo y educación (%);Desempleo y subutilización de la fuerza de trabajo;Indicadores de Educación y Desajuste (EMI);sexo, educación;18;160;2005;2017;2017;22.847;02/09/2026 13:41:06;assets/data/ilo/csv/ove_oit_ilostat_venezuela_anual.csv.gz
OIT - ILOSTAT;Venezuela;Anual;EIP_NEET_SEX_MTS_NB;NINI: Jóvenes que no están ocupados, ni estudian ni reciben formación según sexo y estado civil (millares);Desempleo y subutilización de la fuerza de trabajo;Indicadores de Igualdad de Género y No Discriminación (GEND);sexo, estado civil;33;324;2005;2017;2017;1231.334;01/09/2026 07:04:12;assets/data/ilo/csv/ove_oit_ilostat_venezuela_anual.csv.gz
OIT - ILOSTAT;Venezuela;Anual;EIP_NEET_SEX_MTS_RT;Tasa de NINI: Proporción de jóvenes que no están ocupados, ni estudian ni reciben formación según sexo y estado civil (%);Desempleo y subutilización de la fuerza de trabajo;Indicadores de Igualdad de Género y No Discriminación (GEND);sexo, estado civil;33;316;2005;2017;2017;22.847;27/08/2026 07:03:08;assets/data/ilo/csv/ove_oit_ilostat_venezuela_anual.csv.gz
OIT - ILOSTAT;Venezuela;Anual;EIP_NEET_SEX_NB;NINI: NINI: Jóvenes que no están ocupados, ni estudian ni reciben formación según sexo (millares);Desempleo y subutilización de la fuerza de trabajo;Estadísticas sobre la Fuerza Laboral (LFS);sexo;3;33;2005;2020;2020;1886.674;01/09/2026 07:09:15;assets/data/ilo/csv/ove_oit_ilostat_venezuela_anual.csv.gz
OIT - ILOSTAT;Venezuela;Anual;EIP_NEET_SEX_RT;Tasa de NINI: Tasa de NINI: Proporción de jóvenes que no están ocupados, ni estudian ni reciben formación según sexo (%);Desempleo y subutilización de la fuerza de trabajo;Estadísticas sobre la Fuerza Laboral (LFS);sexo;3;33;2005;2020;2020;37.13;02/09/2026 13:44:05;assets/data/ilo/csv/ove_oit_ilostat_venezuela_anual.csv.gz
OIT - ILOSTAT;Venezuela;Anual;EIP_RCAR_SEX_AGE_RT;Proporción de personas fuera de la fuerza de trabajo debido a responsabilidades de cuidado según sexo y edad (%);Desempleo y subutilización de la fuerza de trabajo;Indicadores de Igualdad de Género y No Discriminación (GEND);sexo, edad;15;135;2006;2017;2017;45.851;25/08/2026 07:07:22;assets/data/ilo/csv/ove_oit_ilostat_venezuela_anual.csv.gz
OIT - ILOSTAT;Venezuela;Anual;EIP_RCAR_SEX_EDU_RT;Proporción de personas fuera de la fuerza de trabajo debido a responsabilidades de cuidado según sexo y educación (%);Desempleo y subutilización de la fuerza de trabajo;Indicadores de Igualdad de Género y No Discriminación (GEND);sexo, educación;18;142;2006;2017;2017;45.851;25/08/2026 07:07:22;assets/data/ilo/csv/ove_oit_ilostat_venezuela_anual.csv.gz
OIT - ILOSTAT;Venezuela;Anual;EIP_RCAR_SEX_RT;Proporción de personas fuera de la fuerza de trabajo debido a responsabilidades de cuidado según sexo (%);Desempleo y subutilización de la fuerza de trabajo;Indicadores de Igualdad de Género y No Discriminación (GEND);sexo;3;27;2006;2017;2017;45.851;25/08/2026 07:07:22;assets/data/ilo/csv/ove_oit_ilostat_venezuela_anual.csv.gz
OIT - ILOSTAT;Venezuela;Anual;EIP_TEIP_SEX_AGE_EDU_NB;Personas fuera de la fuerza de trabajo según sexo, edad y educación (millares);Desempleo y subutilización de la fuerza de trabajo;Indicadores de Educación y Desajuste (EMI);sexo, edad, educación;768;6695;2005;2017;2017;7767.628;01/09/2026 07:02:23;assets/data/ilo/csv/ove_oit_ilostat_venezuela_anual.csv.gz
OIT - ILOSTAT;Venezuela;Anual;EIP_TEIP_SEX_AGE_GEO_NB;Personas fuera de la fuerza de trabajo según sexo, edad y zonas rurales / urbanas (millares);Desempleo y subutilización de la fuerza de trabajo;Mercados Laborales Rurales y Urbanos (RURBAN);sexo, edad, zonas rurales/urbanes;9;18;2011;2012;2012;10251.236;27/08/2026 07:10:06;assets/data/ilo/csv/ove_oit_ilostat_venezuela_anual.csv.gz
OIT - ILOSTAT;Venezuela;Anual;EIP_TEIP_SEX_AGE_MTS_NB;Personas fuera de la fuerza de trabajo según sexo, edad y estado civil (millares);Desempleo y subutilización de la fuerza de trabajo;Indicadores de Igualdad de Género y No Discriminación (GEND);sexo, edad, estado civil;528;5148;2005;2017;2017;7767.628;01/09/2026 07:04:12;assets/data/ilo/csv/ove_oit_ilostat_venezuela_anual.csv.gz
OIT - ILOSTAT;Venezuela;Anual;EIP_TEIP_SEX_AGE_NB;Personas fuera de la fuerza de trabajo según sexo y edad (millares);Desempleo y subutilización de la fuerza de trabajo;Estadísticas sobre la Fuerza Laboral (LFS);sexo, edad;168;1508;1961;2020;2020;9816.928;01/09/2026 07:09:15;assets/data/ilo/csv/ove_oit_ilostat_venezuela_anual.csv.gz
OIT - ILOSTAT;Venezuela;Anual;EIP_TEIP_SEX_EDU_MTS_NB;Personas fuera de la fuerza de trabajo según sexo, educación y estado civil (millares);Desempleo y subutilización de la fuerza de trabajo;Indicadores de Educación y Desajuste (EMI);sexo, educación, estado civil;528;4455;2005;2017;2017;7767.628;01/09/2026 07:02:23;assets/data/ilo/csv/ove_oit_ilostat_venezuela_anual.csv.gz
OIT - ILOSTAT;Venezuela;Anual;EIP_TEIP_SEX_EDU_NB;Personas fuera de la fuerza de trabajo según sexo y educación (millares);Desempleo y subutilización de la fuerza de trabajo;Indicadores de Educación y Desajuste (EMI);sexo, educación;48;429;2005;2017;2017;7767.628;01/09/2026 07:02:23;assets/data/ilo/csv/ove_oit_ilostat_venezuela_anual.csv.gz
OIT - ILOSTAT;Venezuela;Anual;EIP_TEIP_SEX_MTS_NB;Personas fuera de la fuerza de trabajo según sexo y estado civil (millares);Desempleo y subutilización de la fuerza de trabajo;Indicadores de Igualdad de Género y No Discriminación (GEND);sexo, estado civil;33;330;2005;2017;2017;7767.628;01/09/2026 07:04:12;assets/data/ilo/csv/ove_oit_ilostat_venezuela_anual.csv.gz
OIT - ILOSTAT;Venezuela;Anual;EIP_WDIS_SEX_AGE_NB;Buscadores desalentados según sexo y edad (millares);Desempleo y subutilización de la fuerza de trabajo;Estadísticas sobre la Fuerza Laboral (LFS);sexo, edad;48;170;2009;2012;2012;45.533;01/09/2026 07:09:15;assets/data/ilo/csv/ove_oit_ilostat_venezuela_anual.csv.gz
OIT - ILOSTAT;Venezuela;Anual;EMP_2EMP_AGE_STE_NB;Ocupación según edad y situación en la ocupación -- Estimaciones modeladas de la OIT, Nov. 2025 (millares);Ocupación;Estimaciones Modeladas por la OIT (ILOEST);edad, situación en el empleo;24;840;1991;2025;2025;10528.335;02/12/2025 17:16:04;assets/data/ilo/csv/ove_oit_ilostat_venezuela_anual.csv.gz
OIT - ILOSTAT;Venezuela;Anual;EMP_2EMP_SEX_AGE_CLA_NB;Ocupación según sexo, edad y clase económica -- Estimaciones modeladas de la OIT, Nov. 2025 (millares);Pobreza laboral;Estimaciones Modeladas por la OIT (ILOEST);sexo, edad, clase económica;54;1794;1991;2025;2025;10528.334;02/12/2025 17:16:04;assets/data/ilo/csv/ove_oit_ilostat_venezuela_anual.csv.gz
OIT - ILOSTAT;Venezuela;Anual;EMP_2EMP_SEX_AGE_NB;Ocupación según sexo y edad -- Estimaciones modeladas de la OIT, Nov. 2025 (millares);Ocupación;Estimaciones Modeladas por la OIT (ILOEST);sexo, edad;9;333;1991;2027;2027;10677.03;02/12/2025 12:33:47;assets/data/ilo/csv/ove_oit_ilostat_venezuela_anual.csv.gz
OIT - ILOSTAT;Venezuela;Anual;EMP_2EMP_SEX_ECO_NB;Ocupación según sexo y actividad económica -- Estimaciones modeladas de la OIT, Nov. 2025 (millares);Ocupación;Estimaciones Modeladas por la OIT (ILOEST);sexo, actividad económica;81;2835;1991;2025;2025;10528.336;04/03/2026 06:40:00;assets/data/ilo/csv/ove_oit_ilostat_venezuela_anual.csv.gz
OIT - ILOSTAT;Venezuela;Anual;EMP_2EMP_SEX_OCU_NB;Ocupación según sexo y ocupación -- Estimaciones modeladas de la OIT, Nov. 2025 (millares);Ocupación;Estimaciones Modeladas por la OIT (ILOEST);sexo, ocupación;27;945;1991;2025;2025;10528.334;04/03/2026 05:48:58;assets/data/ilo/csv/ove_oit_ilostat_venezuela_anual.csv.gz
OIT - ILOSTAT;Venezuela;Anual;EMP_2EMP_SEX_STE_NB;Ocupación según sexo y situación en la ocupación -- Estimaciones modeladas de la OIT, Nov. 2025 (millares);Ocupación;Estimaciones Modeladas por la OIT (ILOEST);sexo, situación en el empleo;24;840;1991;2025;2025;10528.335;02/12/2025 16:36:06;assets/data/ilo/csv/ove_oit_ilostat_venezuela_anual.csv.gz
OIT - ILOSTAT;Venezuela;Anual;EMP_2FTE_SEX_JBF_NB;Ocupación equivalente a tiempo completo según sexo - Estimaciones modeladas de la OIT, Nov. 2025 (millares);Ocupación;Estimaciones Modeladas por la OIT (ILOEST);sexo, equivalencia a tiempo completo;6;138;2005;2027;2027;10198.925;02/12/2025 11:52:20;assets/data/ilo/csv/ove_oit_ilostat_venezuela_anual.csv.gz
OIT - ILOSTAT;Venezuela;Anual;EMP_2TRU_SEX_AGE_NB;Personas en subocupación por insuficiencia de tiempo de trabajo según sexo y edad -- Estimaciones modeladas de la OIT, Nov. 2025 (millares);Desempleo y subutilización de la fuerza de trabajo;Estimaciones Modeladas por la OIT (ILOEST);sexo, edad;9;207;2005;2027;2027;712.027;02/12/2025 11:54:28;assets/data/ilo/csv/ove_oit_ilostat_venezuela_anual.csv.gz
OIT - ILOSTAT;Venezuela;Anual;EMP_2TRU_SEX_AGE_RT;Tasa de subocupación por insuficiencia de tiempo de trabajo según sexo y edad -- Estimaciones modeladas de la OIT, Nov. 2025 (%);Desempleo y subutilización de la fuerza de trabajo;Estimaciones Modeladas por la OIT (ILOEST);sexo, edad;9;207;2005;2027;2027;6.669;02/12/2025 11:56:25;assets/data/ilo/csv/ove_oit_ilostat_venezuela_anual.csv.gz
OIT - ILOSTAT;Venezuela;Anual;EMP_2WAP_SEX_AGE_RT;Razón ocupación-población en edad de trabajar según sexo y edad -- Estimaciones modeladas de la OIT, Nov. 2025 (%);Ocupación;Estimaciones Modeladas por la OIT (ILOEST);sexo, edad;9;333;1991;2027;2027;48.692;02/12/2025 12:33:47;assets/data/ilo/csv/ove_oit_ilostat_venezuela_anual.csv.gz
OIT - ILOSTAT;Venezuela;Anual;EMP_3EMP_SEX_AGE_ECO_NB;Ocupación de los jóvenes según sexo, edad y actividad económica (millares);Ocupación;Indicadores del Mercado Laboral Juvenil (YouthSTATS);sexo, edad, actividad económica;393;3879;2005;2017;2017;3835.38;01/09/2026 07:14:07;assets/data/ilo/csv/ove_oit_ilostat_venezuela_anual.csv.gz
OIT - ILOSTAT;Venezuela;Anual;EMP_3EMP_SEX_AGE_EDU_NB;Ocupación de los jóvenes según sexo, edad y educación (millares);Ocupación;Indicadores del Mercado Laboral Juvenil (YouthSTATS);sexo, edad, educación;72;642;2005;2017;2017;3835.38;01/09/2026 07:14:07;assets/data/ilo/csv/ove_oit_ilostat_venezuela_anual.csv.gz
OIT - ILOSTAT;Venezuela;Anual;EMP_3EMP_SEX_AGE_HOW_NB;Ocupación de los jóvenes según sexo, edad y por horas semanales efectivamente trabajadas (millares);Ocupación;Indicadores del Mercado Laboral Juvenil (YouthSTATS);sexo, edad, horas semanales efectivamente trabajadas;108;1011;2005;2017;2017;3835.38;01/09/2026 07:14:07;assets/data/ilo/csv/ove_oit_ilostat_venezuela_anual.csv.gz
OIT - ILOSTAT;Venezuela;Anual;EMP_3EMP_SEX_AGE_JBT_NB;Ocupación de los jóvenes según sexo, edad y ordenamiento del tiempo de trabajo (millares);Ocupación;Indicadores del Mercado Laboral Juvenil (YouthSTATS);sexo, edad, ordenamiento del tiempo de trabajo;36;360;2005;2017;2017;3835.38;01/09/2026 07:14:07;assets/data/ilo/csv/ove_oit_ilostat_venezuela_anual.csv.gz
OIT - ILOSTAT;Venezuela;Anual;EMP_3EMP_SEX_AGE_OCU_NB;Ocupación de los jóvenes según sexo, edad y ocupación (millares);Ocupación;Indicadores del Mercado Laboral Juvenil (YouthSTATS);sexo, edad, ocupación;180;1800;2005;2017;2017;3835.38;30/08/2026 07:31:06;assets/data/ilo/csv/ove_oit_ilostat_venezuela_anual.csv.gz
OIT - ILOSTAT;Venezuela;Anual;EMP_3EMP_SEX_AGE_STE_NB;Ocupación de los jóvenes según sexo, edad y situación en la ocupación (millares);Ocupación;Indicadores del Mercado Laboral Juvenil (YouthSTATS);sexo, edad, situación en el empleo;132;1278;2005;2017;2017;3835.38;01/09/2026 07:14:07;assets/data/ilo/csv/ove_oit_ilostat_venezuela_anual.csv.gz
OIT - ILOSTAT;Venezuela;Anual;EMP_3EMP_SEX_AGE_STU_NB;Ocupación de los jóvenes según sexo, edad y estado de la asistencia escolar (millares);Ocupación;Indicadores del Mercado Laboral Juvenil (YouthSTATS);sexo, edad, asistencia a la escuela o formación;48;426;2005;2017;2017;3835.38;01/09/2026 07:14:07;assets/data/ilo/csv/ove_oit_ilostat_venezuela_anual.csv.gz
OIT - ILOSTAT;Venezuela;Anual;EMP_3IFL_SEX_AGE_RT;Tasa de la ocupación informal juvenil según sexo y edad (%);Economía informal;Indicadores del Mercado Laboral Juvenil (YouthSTATS);sexo, edad;12;12;2017;2017;2017;66.188;30/08/2026 07:31:06;assets/data/ilo/csv/ove_oit_ilostat_venezuela_anual.csv.gz
OIT - ILOSTAT;Venezuela;Anual;EMP_3WAP_SEX_AGE_EDU_RT;Razón ocupación-población en edad de trabajar para los jóvenes según sexo, edad y educación (%);Ocupación;Indicadores del Mercado Laboral Juvenil (YouthSTATS);sexo, edad, educación;72;633;2005;2017;2017;48.011;02/09/2026 13:46:04;assets/data/ilo/csv/ove_oit_ilostat_venezuela_anual.csv.gz
OIT - ILOSTAT;Venezuela;Anual;EMP_3WAP_SEX_AGE_STU_RT;Razón ocupación-población en edad de trabajar para los jóvenes según sexo, edad y estado de la asistencia escolar (%);Ocupación;Indicadores del Mercado Laboral Juvenil (YouthSTATS);sexo, edad, asistencia a la escuela o formación;48;419;2005;2017;2017;48.011;30/08/2026 07:31:06;assets/data/ilo/csv/ove_oit_ilostat_venezuela_anual.csv.gz
OIT - ILOSTAT;Venezuela;Anual;EMP_DWAP_SEX_AGE_EDU_RT;Razón ocupación-población en edad de trabajar según sexo, edad y educación (%);Ocupación;Indicadores de Educación y Desajuste (EMI);sexo, edad, educación;768;6741;2005;2017;2017;63.056;02/09/2026 13:41:06;assets/data/ilo/csv/ove_oit_ilostat_venezuela_anual.csv.gz
OIT - ILOSTAT;Venezuela;Anual;EMP_DWAP_SEX_AGE_GEO_RT;Razón ocupación-población en edad de trabajar según sexo, edad y zonas rurales / urbanas (%);Ocupación;Mercados Laborales Rurales y Urbanos (RURBAN);sexo, edad, zonas rurales/urbanes;9;18;2011;2012;2012;52.85;27/08/2026 07:10:06;assets/data/ilo/csv/ove_oit_ilostat_venezuela_anual.csv.gz
OIT - ILOSTAT;Venezuela;Anual;EMP_DWAP_SEX_AGE_MTS_RT;Razon ocupación-poblacion en edad de trabajar según sexo, edad y estado civil (%);Ocupación;Indicadores de Igualdad de Género y No Discriminación (GEND);sexo, edad, estado civil;528;5189;2005;2017;2017;63.056;27/08/2026 07:03:08;assets/data/ilo/csv/ove_oit_ilostat_venezuela_anual.csv.gz
OIT - ILOSTAT;Venezuela;Anual;EMP_DWAP_SEX_AGE_RT;Razón ocupación-población en edad de trabajar según sexo y edad (%);Ocupación;Estadísticas sobre la Fuerza Laboral (LFS);sexo, edad;168;1120;1975;2020;2020;55.377;02/09/2026 13:44:05;assets/data/ilo/csv/ove_oit_ilostat_venezuela_anual.csv.gz
OIT - ILOSTAT;Venezuela;Anual;EMP_DWAP_SEX_EDU_MTS_RT;Razon ocupación-poblacion en edad de trabajar según sexo, educación y estado civil (%);Ocupación;Indicadores de Educación y Desajuste (EMI);sexo, educación, estado civil;522;4434;2005;2017;2017;63.056;27/08/2026 07:02:12;assets/data/ilo/csv/ove_oit_ilostat_venezuela_anual.csv.gz
OIT - ILOSTAT;Venezuela;Anual;EMP_DWAP_SEX_EDU_RT;Razón ocupación-población en edad de trabajar según sexo y educación (%);Ocupación;Indicadores de Educación y Desajuste (EMI);sexo, educación;48;432;2005;2017;2017;63.056;02/09/2026 13:41:06;assets/data/ilo/csv/ove_oit_ilostat_venezuela_anual.csv.gz
OIT - ILOSTAT;Venezuela;Anual;EMP_DWAP_SEX_MTS_RT;Razon ocupación-poblacion en edad de trabajar según sexo y estado civil (%);Ocupación;Indicadores de Igualdad de Género y No Discriminación (GEND);sexo, estado civil;33;330;2005;2017;2017;63.056;27/08/2026 07:03:08;assets/data/ilo/csv/ove_oit_ilostat_venezuela_anual.csv.gz
OIT - ILOSTAT;Venezuela;Anual;EMP_NIFL_AGE_EC2_NB;Ocupación informal según edad y actividad económica - nivel 2 de la CIIU (millares);Economía informal;Estadísticas sobre la Fuerza Laboral (LFS);edad, actividad económica - nivel 2 de la ciiu;144;144;2017;2017;2017;8501.756;30/08/2026 07:21:17;assets/data/ilo/csv/ove_oit_ilostat_venezuela_anual.csv.gz
OIT - ILOSTAT;Venezuela;Anual;EMP_NIFL_AGE_EC2_RT;Tasa de la ocupación informal según edad y actividad económica - nivel 2 de la CIIU (%);Economía informal;Estadísticas sobre la Fuerza Laboral (LFS);edad, actividad económica - nivel 2 de la ciiu;144;144;2017;2017;2017;58.31;30/08/2026 07:21:17;assets/data/ilo/csv/ove_oit_ilostat_venezuela_anual.csv.gz
OIT - ILOSTAT;Venezuela;Anual;EMP_NIFL_ECO_OCU_NB;Ocupación informal según actividad económica y ocupación (millares);Economía informal;Estadísticas sobre la Fuerza Laboral (LFS);actividad económica, ocupación;407;407;2017;2017;2017;8501.756;30/08/2026 07:21:17;assets/data/ilo/csv/ove_oit_ilostat_venezuela_anual.csv.gz
OIT - ILOSTAT;Venezuela;Anual;EMP_NIFL_ECO_OCU_RT;Tasa de la ocupación informal según actividad económica y ocupación (%);Economía informal;Estadísticas sobre la Fuerza Laboral (LFS);actividad económica, ocupación;407;407;2017;2017;2017;58.31;30/08/2026 07:21:17;assets/data/ilo/csv/ove_oit_ilostat_venezuela_anual.csv.gz
OIT - ILOSTAT;Venezuela;Anual;EMP_NIFL_SEX_AGE_ECO_NB;Ocupación informal según sexo, edad y actividad económica (millares);Economía informal;Estadísticas sobre la Fuerza Laboral (LFS);sexo, edad, actividad económica;1170;1170;2017;2017;2017;8501.756;30/08/2026 07:21:17;assets/data/ilo/csv/ove_oit_ilostat_venezuela_anual.csv.gz
OIT - ILOSTAT;Venezuela;Anual;EMP_NIFL_SEX_AGE_ECO_RT;Tasa de la ocupación informal según sexo, edad y actividad económica (%);Economía informal;Estadísticas sobre la Fuerza Laboral (LFS);sexo, edad, actividad económica;1073;1073;2017;2017;2017;58.31;30/08/2026 07:21:17;assets/data/ilo/csv/ove_oit_ilostat_venezuela_anual.csv.gz
OIT - ILOSTAT;Venezuela;Anual;EMP_NIFL_SEX_AGE_EDU_NB;Ocupación informal según sexo, edad y educación (millares);Economía informal;Indicadores de Educación y Desajuste (EMI);sexo, edad, educación;720;720;2017;2017;2017;8501.756;30/08/2026 07:17:15;assets/data/ilo/csv/ove_oit_ilostat_venezuela_anual.csv.gz
OIT - ILOSTAT;Venezuela;Anual;EMP_NIFL_SEX_AGE_EDU_RT;Tasa de la ocupación informal según sexo, edad y educación (%);Economía informal;Indicadores de Educación y Desajuste (EMI);sexo, edad, educación;668;668;2017;2017;2017;58.31;30/08/2026 07:17:15;assets/data/ilo/csv/ove_oit_ilostat_venezuela_anual.csv.gz
OIT - ILOSTAT;Venezuela;Anual;EMP_NIFL_SEX_AGE_INS_NB;Ocupación informal según sexo, edad y sector público/privado (millares);Economía informal;Estadísticas sobre la Fuerza Laboral (LFS);sexo, edad, sector público/privado;144;144;2017;2017;2017;8501.756;30/08/2026 07:21:17;assets/data/ilo/csv/ove_oit_ilostat_venezuela_anual.csv.gz
OIT - ILOSTAT;Venezuela;Anual;EMP_NIFL_SEX_AGE_INS_RT;Tasa de la ocupación informal según sexo, edad y sector público/privado (%);Economía informal;Estadísticas sobre la Fuerza Laboral (LFS);sexo, edad, sector público/privado;135;135;2017;2017;2017;58.31;30/08/2026 07:21:17;assets/data/ilo/csv/ove_oit_ilostat_venezuela_anual.csv.gz
OIT - ILOSTAT;Venezuela;Anual;EMP_NIFL_SEX_AGE_JBT_NB;Ocupación informal según sexo, edad y ordenamiento del tiempo de trabajo (millares);Economía informal;Estadísticas sobre la Fuerza Laboral (LFS);sexo, edad, ordenamiento del tiempo de trabajo;144;144;2017;2017;2017;8501.756;30/08/2026 07:21:17;assets/data/ilo/csv/ove_oit_ilostat_venezuela_anual.csv.gz
OIT - ILOSTAT;Venezuela;Anual;EMP_NIFL_SEX_AGE_JBT_RT;Tasa de la ocupación informal según sexo, edad y ordenamiento del tiempo de trabajo (%);Economía informal;Estadísticas sobre la Fuerza Laboral (LFS);sexo, edad, ordenamiento del tiempo de trabajo;135;135;2017;2017;2017;58.31;30/08/2026 07:21:17;assets/data/ilo/csv/ove_oit_ilostat_venezuela_anual.csv.gz
OIT - ILOSTAT;Venezuela;Anual;EMP_NIFL_SEX_AGE_MTS_NB;Ocupación informal según sexo, edad y estado civil (millares);Economía informal;Indicadores de Igualdad de Género y No Discriminación (GEND);sexo, edad, estado civil;528;528;2017;2017;2017;8501.756;27/08/2026 07:03:08;assets/data/ilo/csv/ove_oit_ilostat_venezuela_anual.csv.gz
OIT - ILOSTAT;Venezuela;Anual;EMP_NIFL_SEX_AGE_MTS_RT;Tasa de la ocupación informal según sexo, edad y estado civil (%);Economía informal;Indicadores de Igualdad de Género y No Discriminación (GEND);sexo, edad, estado civil;493;493;2017;2017;2017;58.31;27/08/2026 07:03:08;assets/data/ilo/csv/ove_oit_ilostat_venezuela_anual.csv.gz
OIT - ILOSTAT;Venezuela;Anual;EMP_NIFL_SEX_AGE_NB;Ocupación informal según sexo y edad (millares);Economía informal;Estadísticas sobre la Fuerza Laboral (LFS);sexo, edad;84;84;2017;2017;2017;8501.756;30/08/2026 07:21:17;assets/data/ilo/csv/ove_oit_ilostat_venezuela_anual.csv.gz
OIT - ILOSTAT;Venezuela;Anual;EMP_NIFL_SEX_AGE_OCU_NB;Ocupación informal según sexo, edad y ocupación (millares);Economía informal;Estadísticas sobre la Fuerza Laboral (LFS);sexo, edad, ocupación;510;510;2017;2017;2017;8501.756;30/08/2026 07:21:17;assets/data/ilo/csv/ove_oit_ilostat_venezuela_anual.csv.gz
OIT - ILOSTAT;Venezuela;Anual;EMP_NIFL_SEX_AGE_OCU_RT;Tasa de la ocupación informal según sexo, edad y ocupación (%);Economía informal;Estadísticas sobre la Fuerza Laboral (LFS);sexo, edad, ocupación;461;461;2017;2017;2017;58.31;30/08/2026 07:21:17;assets/data/ilo/csv/ove_oit_ilostat_venezuela_anual.csv.gz
OIT - ILOSTAT;Venezuela;Anual;EMP_NIFL_SEX_AGE_RT;Tasa de la ocupación informal según sexo y edad (%);Economía informal;Estadísticas sobre la Fuerza Laboral (LFS);sexo, edad;81;81;2017;2017;2017;58.31;30/08/2026 07:21:17;assets/data/ilo/csv/ove_oit_ilostat_venezuela_anual.csv.gz
OIT - ILOSTAT;Venezuela;Anual;EMP_NIFL_SEX_EC2_NB;Ocupación informal según sexo y actividad económica - nivel 2 de la CIIU (millares);Economía informal;Estadísticas sobre la Fuerza Laboral (LFS);sexo, actividad económica - nivel 2 de la ciiu;147;147;2017;2017;2017;8501.756;30/08/2026 07:21:17;assets/data/ilo/csv/ove_oit_ilostat_venezuela_anual.csv.gz
OIT - ILOSTAT;Venezuela;Anual;EMP_NIFL_SEX_EC2_RT;Tasa de la ocupación informal según sexo y actividad económica - nivel 2 de la CIIU (%);Economía informal;Estadísticas sobre la Fuerza Laboral (LFS);sexo, actividad económica - nivel 2 de la ciiu;147;147;2017;2017;2017;58.31;30/08/2026 07:21:17;assets/data/ilo/csv/ove_oit_ilostat_venezuela_anual.csv.gz
OIT - ILOSTAT;Venezuela;Anual;EMP_NIFL_SEX_ECO_EDU_NB;Ocupación informal según sexo, actividad económica y educación (millares);Economía informal;Indicadores de Educación y Desajuste (EMI);sexo, actividad económica, educación;1386;1386;2017;2017;2017;8501.756;30/08/2026 07:17:15;assets/data/ilo/csv/ove_oit_ilostat_venezuela_anual.csv.gz
OIT - ILOSTAT;Venezuela;Anual;EMP_NIFL_SEX_ECO_EDU_RT;Tasa de la ocupación informal según sexo, actividad económica y educación (%);Economía informal;Indicadores de Educación y Desajuste (EMI);sexo, actividad económica, educación;1343;1343;2017;2017;2017;58.31;30/08/2026 07:17:15;assets/data/ilo/csv/ove_oit_ilostat_venezuela_anual.csv.gz
OIT - ILOSTAT;Venezuela;Anual;EMP_NIFL_SEX_ECO_EST_NB;Ocupación informal según sexo, actividad económica y tamaño del establecimiento (millares);Economía informal;Estadísticas sobre la Fuerza Laboral (LFS);sexo, actividad económica, tamaño del establecimiento;801;801;2017;2017;2017;8501.756;27/08/2026 07:07:14;assets/data/ilo/csv/ove_oit_ilostat_venezuela_anual.csv.gz
OIT - ILOSTAT;Venezuela;Anual;EMP_NIFL_SEX_ECO_EST_RT;Tasa de la ocupación informal según sexo, actividad económica y tamaño del establecimiento (%);Economía informal;Estadísticas sobre la Fuerza Laboral (LFS);sexo, actividad económica, tamaño del establecimiento;786;786;2017;2017;2017;58.31;27/08/2026 07:07:14;assets/data/ilo/csv/ove_oit_ilostat_venezuela_anual.csv.gz
OIT - ILOSTAT;Venezuela;Anual;EMP_NIFL_SEX_ECO_INS_NB;Ocupación informal según sexo, actividad económica y sector público/privado (millares);Economía informal;Estadísticas sobre la Fuerza Laboral (LFS);sexo, actividad económica, sector público/privado;297;297;2017;2017;2017;8501.756;30/08/2026 07:21:17;assets/data/ilo/csv/ove_oit_ilostat_venezuela_anual.csv.gz
OIT - ILOSTAT;Venezuela;Anual;EMP_NIFL_SEX_ECO_INS_RT;Tasa de la ocupación informal según sexo, actividad económica y sector público/privado (%);Economía informal;Estadísticas sobre la Fuerza Laboral (LFS);sexo, actividad económica, sector público/privado;295;295;2017;2017;2017;58.31;30/08/2026 07:21:17;assets/data/ilo/csv/ove_oit_ilostat_venezuela_anual.csv.gz
OIT - ILOSTAT;Venezuela;Anual;EMP_NIFL_SEX_ECO_MTS_NB;Ocupación informal según sexo, actividad económica y estado civil (millares);Economía informal;Indicadores de Igualdad de Género y No Discriminación (GEND);sexo, actividad económica, estado civil;450;450;2017;2017;2017;8501.756;27/08/2026 07:03:08;assets/data/ilo/csv/ove_oit_ilostat_venezuela_anual.csv.gz
OIT - ILOSTAT;Venezuela;Anual;EMP_NIFL_SEX_ECO_MTS_RT;Tasa de la ocupación informal según sexo, actividad económica y estado civil (%);Economía informal;Indicadores de Igualdad de Género y No Discriminación (GEND);sexo, actividad económica, estado civil;442;442;2017;2017;2017;58.31;27/08/2026 07:03:08;assets/data/ilo/csv/ove_oit_ilostat_venezuela_anual.csv.gz
OIT - ILOSTAT;Venezuela;Anual;EMP_NIFL_SEX_ECO_NB;Ocupación informal según sexo y actividad económica (millares);Economía informal;Estadísticas sobre la Fuerza Laboral (LFS);sexo, actividad económica;99;99;2017;2017;2017;8501.756;30/08/2026 07:21:17;assets/data/ilo/csv/ove_oit_ilostat_venezuela_anual.csv.gz
OIT - ILOSTAT;Venezuela;Anual;EMP_NIFL_SEX_ECO_RT;Tasa de la ocupación informal según sexo y actividad económica (%);Economía informal;Estadísticas sobre la Fuerza Laboral (LFS);sexo, actividad económica;99;99;2017;2017;2017;58.31;30/08/2026 07:21:17;assets/data/ilo/csv/ove_oit_ilostat_venezuela_anual.csv.gz
OIT - ILOSTAT;Venezuela;Anual;EMP_NIFL_SEX_EDU_MTS_NB;Ocupación informal según sexo, educación y estado civil (millares);Economía informal;Indicadores de Educación y Desajuste (EMI);sexo, educación, estado civil;486;486;2017;2017;2017;8501.756;27/08/2026 07:02:12;assets/data/ilo/csv/ove_oit_ilostat_venezuela_anual.csv.gz
OIT - ILOSTAT;Venezuela;Anual;EMP_NIFL_SEX_EDU_MTS_RT;Tasa de la ocupación informal según sexo, educación y estado civil (%);Economía informal;Indicadores de Educación y Desajuste (EMI);sexo, educación, estado civil;472;472;2017;2017;2017;58.31;27/08/2026 07:02:12;assets/data/ilo/csv/ove_oit_ilostat_venezuela_anual.csv.gz
OIT - ILOSTAT;Venezuela;Anual;EMP_NIFL_SEX_EDU_NB;Ocupación informal según sexo y educación (millares);Economía informal;Indicadores de Educación y Desajuste (EMI);sexo, educación;45;45;2017;2017;2017;8501.756;30/08/2026 07:17:15;assets/data/ilo/csv/ove_oit_ilostat_venezuela_anual.csv.gz
OIT - ILOSTAT;Venezuela;Anual;EMP_NIFL_SEX_EDU_RT;Tasa de la ocupación informal según sexo y educación (%);Economía informal;Indicadores de Educación y Desajuste (EMI);sexo, educación;45;45;2017;2017;2017;58.31;30/08/2026 07:17:15;assets/data/ilo/csv/ove_oit_ilostat_venezuela_anual.csv.gz
OIT - ILOSTAT;Venezuela;Anual;EMP_NIFL_SEX_EST_MTS_NB;Ocupación informal según sexo, tamaño del establecimiento y estado civil (millares);Economía informal;Indicadores de Igualdad de Género y No Discriminación (GEND);sexo, tamaño del establecimiento, estado civil;417;417;2017;2017;2017;8501.756;27/08/2026 07:03:08;assets/data/ilo/csv/ove_oit_ilostat_venezuela_anual.csv.gz
OIT - ILOSTAT;Venezuela;Anual;EMP_NIFL_SEX_EST_MTS_RT;Tasa de la ocupación informal según sexo, tamaño del establecimiento y estado civil (%);Economía informal;Indicadores de Igualdad de Género y No Discriminación (GEND);sexo, tamaño del establecimiento, estado civil;409;409;2017;2017;2017;58.31;27/08/2026 07:03:08;assets/data/ilo/csv/ove_oit_ilostat_venezuela_anual.csv.gz
OIT - ILOSTAT;Venezuela;Anual;EMP_NIFL_SEX_EST_NB;Ocupación informal según sexo y tamaño del establecimiento (millares);Economía informal;Estadísticas sobre la Fuerza Laboral (LFS);sexo, tamaño del establecimiento;39;39;2017;2017;2017;8501.756;27/08/2026 07:07:14;assets/data/ilo/csv/ove_oit_ilostat_venezuela_anual.csv.gz
OIT - ILOSTAT;Venezuela;Anual;EMP_NIFL_SEX_EST_RT;Tasa de la ocupación informal según sexo y tamaño del establecimiento (%);Economía informal;Estadísticas sobre la Fuerza Laboral (LFS);sexo, tamaño del establecimiento;39;39;2017;2017;2017;58.31;27/08/2026 07:07:14;assets/data/ilo/csv/ove_oit_ilostat_venezuela_anual.csv.gz
OIT - ILOSTAT;Venezuela;Anual;EMP_NIFL_SEX_HOW_NB;Ocupación informal según sexo y por horas semanales efectivamente trabajadas (millares);Economía informal;Estadísticas de Salarios y Tiempo de Trabajo (COND);sexo, horas semanales efectivamente trabajadas;24;24;2017;2017;2017;8501.756;30/08/2026 07:16:20;assets/data/ilo/csv/ove_oit_ilostat_venezuela_anual.csv.gz
OIT - ILOSTAT;Venezuela;Anual;EMP_NIFL_SEX_HOW_RT;Tasa de la ocupación informal según sexo y por horas semanales efectivamente trabajadas (%);Economía informal;Estadísticas sobre la Fuerza Laboral (LFS);sexo, horas semanales efectivamente trabajadas;24;24;2017;2017;2017;58.31;30/08/2026 07:21:17;assets/data/ilo/csv/ove_oit_ilostat_venezuela_anual.csv.gz
OIT - ILOSTAT;Venezuela;Anual;EMP_NIFL_SEX_INS_MTS_NB;Ocupación informal según sexo, sector público/privado y estado civil (millares);Economía informal;Indicadores de Igualdad de Género y No Discriminación (GEND);sexo, sector público/privado, estado civil;99;99;2017;2017;2017;8501.756;27/08/2026 07:03:08;assets/data/ilo/csv/ove_oit_ilostat_venezuela_anual.csv.gz
OIT - ILOSTAT;Venezuela;Anual;EMP_NIFL_SEX_INS_MTS_RT;Tasa de la ocupación informal según sexo, sector público/privado y estado civil (%);Economía informal;Indicadores de Igualdad de Género y No Discriminación (GEND);sexo, sector público/privado, estado civil;97;97;2017;2017;2017;58.31;27/08/2026 07:03:08;assets/data/ilo/csv/ove_oit_ilostat_venezuela_anual.csv.gz
OIT - ILOSTAT;Venezuela;Anual;EMP_NIFL_SEX_INS_NB;Ocupación informal según sexo y sector público/privado (millares);Economía informal;Estadísticas sobre la Fuerza Laboral (LFS);sexo, sector público/privado;9;9;2017;2017;2017;8501.756;30/08/2026 07:21:17;assets/data/ilo/csv/ove_oit_ilostat_venezuela_anual.csv.gz
OIT - ILOSTAT;Venezuela;Anual;EMP_NIFL_SEX_INS_RT;Tasa de la ocupación informal según sexo y sector público/privado (%);Economía informal;Estadísticas sobre la Fuerza Laboral (LFS);sexo, sector público/privado;9;9;2017;2017;2017;58.31;30/08/2026 07:21:17;assets/data/ilo/csv/ove_oit_ilostat_venezuela_anual.csv.gz
OIT - ILOSTAT;Venezuela;Anual;EMP_NIFL_SEX_MTS_NB;Ocupación informal según sexo y estado civil (millares);Economía informal;Indicadores de Igualdad de Género y No Discriminación (GEND);sexo, estado civil;33;33;2017;2017;2017;8501.756;27/08/2026 07:03:08;assets/data/ilo/csv/ove_oit_ilostat_venezuela_anual.csv.gz
OIT - ILOSTAT;Venezuela;Anual;EMP_NIFL_SEX_MTS_RT;Tasa de la ocupación informal según sexo y estado civil (%);Economía informal;Indicadores de Igualdad de Género y No Discriminación (GEND);sexo, estado civil;33;33;2017;2017;2017;58.31;27/08/2026 07:03:08;assets/data/ilo/csv/ove_oit_ilostat_venezuela_anual.csv.gz
OIT - ILOSTAT;Venezuela;Anual;EMP_NIFL_SEX_NB;Ocupación informal según sexo (millares);Economía informal;Estadísticas sobre la Fuerza Laboral (LFS);sexo;3;3;2017;2017;2017;8501.756;30/08/2026 07:21:17;assets/data/ilo/csv/ove_oit_ilostat_venezuela_anual.csv.gz
OIT - ILOSTAT;Venezuela;Anual;EMP_NIFL_SEX_OCU_EDU_NB;Ocupación informal según sexo, ocupación y educación (millares);Economía informal;Indicadores de Educación y Desajuste (EMI);sexo, ocupación, educación;630;630;2017;2017;2017;8501.756;30/08/2026 07:17:15;assets/data/ilo/csv/ove_oit_ilostat_venezuela_anual.csv.gz
OIT - ILOSTAT;Venezuela;Anual;EMP_NIFL_SEX_OCU_EDU_RT;Tasa de la ocupación informal según sexo, ocupación y educación (%);Economía informal;Indicadores de Educación y Desajuste (EMI);sexo, ocupación, educación;621;621;2017;2017;2017;58.31;30/08/2026 07:17:15;assets/data/ilo/csv/ove_oit_ilostat_venezuela_anual.csv.gz
OIT - ILOSTAT;Venezuela;Anual;EMP_NIFL_SEX_OCU_EST_NB;Ocupación informal según sexo, ocupación y tamaño del establecimiento (millares);Economía informal;Estadísticas sobre la Fuerza Laboral (LFS);sexo, ocupación, tamaño del establecimiento;342;342;2017;2017;2017;8501.756;27/08/2026 07:07:14;assets/data/ilo/csv/ove_oit_ilostat_venezuela_anual.csv.gz
OIT - ILOSTAT;Venezuela;Anual;EMP_NIFL_SEX_OCU_EST_RT;Tasa de la ocupación informal según sexo, ocupación y tamaño del establecimiento (%);Economía informal;Estadísticas sobre la Fuerza Laboral (LFS);sexo, ocupación, tamaño del establecimiento;332;332;2017;2017;2017;58.31;27/08/2026 07:07:14;assets/data/ilo/csv/ove_oit_ilostat_venezuela_anual.csv.gz
OIT - ILOSTAT;Venezuela;Anual;EMP_NIFL_SEX_OCU_INS_NB;Ocupación informal según sexo, ocupación y sector público/privado (millares);Economía informal;Estadísticas sobre la Fuerza Laboral (LFS);sexo, ocupación, sector público/privado;135;135;2017;2017;2017;8501.756;30/08/2026 07:21:17;assets/data/ilo/csv/ove_oit_ilostat_venezuela_anual.csv.gz
OIT - ILOSTAT;Venezuela;Anual;EMP_NIFL_SEX_OCU_INS_RT;Tasa de la ocupación informal según sexo, ocupación y sector público/privado (%);Economía informal;Estadísticas sobre la Fuerza Laboral (LFS);sexo, ocupación, sector público/privado;135;135;2017;2017;2017;58.31;30/08/2026 07:21:17;assets/data/ilo/csv/ove_oit_ilostat_venezuela_anual.csv.gz
OIT - ILOSTAT;Venezuela;Anual;EMP_NIFL_SEX_OCU_MTS_NB;Ocupación informal según sexo, ocupación y estado civil (millares);Economía informal;Indicadores de Igualdad de Género y No Discriminación (GEND);sexo, ocupación, estado civil;465;465;2017;2017;2017;8501.756;27/08/2026 07:03:08;assets/data/ilo/csv/ove_oit_ilostat_venezuela_anual.csv.gz
OIT - ILOSTAT;Venezuela;Anual;EMP_NIFL_SEX_OCU_MTS_RT;Tasa de la ocupación informal según sexo, ocupación y estado civil (%);Economía informal;Indicadores de Igualdad de Género y No Discriminación (GEND);sexo, ocupación, estado civil;455;455;2017;2017;2017;58.31;27/08/2026 07:03:08;assets/data/ilo/csv/ove_oit_ilostat_venezuela_anual.csv.gz
OIT - ILOSTAT;Venezuela;Anual;EMP_NIFL_SEX_OCU_NB;Ocupación informal según sexo y ocupación (millares);Economía informal;Estadísticas sobre la Fuerza Laboral (LFS);sexo, ocupación;45;45;2017;2017;2017;8501.756;30/08/2026 07:21:17;assets/data/ilo/csv/ove_oit_ilostat_venezuela_anual.csv.gz
OIT - ILOSTAT;Venezuela;Anual;EMP_NIFL_SEX_OCU_RT;Tasa de la ocupación informal según sexo y ocupación (%);Economía informal;Estadísticas sobre la Fuerza Laboral (LFS);sexo, ocupación;45;45;2017;2017;2017;58.31;30/08/2026 07:21:17;assets/data/ilo/csv/ove_oit_ilostat_venezuela_anual.csv.gz
OIT - ILOSTAT;Venezuela;Anual;EMP_NIFL_SEX_RT;Tasa de la ocupación informal según sexo (%);Economía informal;Estadísticas sobre la Fuerza Laboral (LFS);sexo;3;3;2017;2017;2017;58.31;30/08/2026 07:21:17;assets/data/ilo/csv/ove_oit_ilostat_venezuela_anual.csv.gz
OIT - ILOSTAT;Venezuela;Anual;EMP_NIFL_SEX_STE_NB;Ocupación informal según sexo y situación en la ocupación (millares);Economía informal;Estadísticas sobre la Fuerza Laboral (LFS);sexo, situación en el empleo;33;33;2017;2017;2017;8501.756;30/08/2026 07:21:17;assets/data/ilo/csv/ove_oit_ilostat_venezuela_anual.csv.gz
OIT - ILOSTAT;Venezuela;Anual;EMP_NIFL_SEX_STE_RT;Tasa de la ocupación informal según situación en la ocupación (según sexo) (%);Economía informal;Estadísticas sobre la Fuerza Laboral (LFS);sexo, situación en el empleo;33;33;2017;2017;2017;58.31;30/08/2026 07:21:17;assets/data/ilo/csv/ove_oit_ilostat_venezuela_anual.csv.gz
OIT - ILOSTAT;Venezuela;Anual;EMP_PIFL_AGE_EC2_NB;Ocupación fuera del sector formal según edad y actividad económica - nivel 2 de la CIIU (millares);Economía informal;Estadísticas sobre la Fuerza Laboral (LFS);edad, actividad económica - nivel 2 de la ciiu;142;142;2017;2017;2017;7101.827;30/08/2026 07:21:17;assets/data/ilo/csv/ove_oit_ilostat_venezuela_anual.csv.gz
OIT - ILOSTAT;Venezuela;Anual;EMP_PIFL_AGE_EC2_RT;Proporción de la ocupación fuera del sector formal según edad y actividad económica - nivel 2 de la CIIU (%);Economía informal;Estadísticas sobre la Fuerza Laboral (LFS);edad, actividad económica - nivel 2 de la ciiu;142;142;2017;2017;2017;48.708;30/08/2026 07:21:17;assets/data/ilo/csv/ove_oit_ilostat_venezuela_anual.csv.gz
OIT - ILOSTAT;Venezuela;Anual;EMP_PIFL_ECO_OCU_NB;Ocupación fuera del sector formal según actividad económica y ocupación (millares);Economía informal;Estadísticas sobre la Fuerza Laboral (LFS);actividad económica, ocupación;393;393;2017;2017;2017;7101.827;30/08/2026 07:21:17;assets/data/ilo/csv/ove_oit_ilostat_venezuela_anual.csv.gz
OIT - ILOSTAT;Venezuela;Anual;EMP_PIFL_ECO_OCU_RT;Proporción de la ocupación fuera del sector formal según actividad económica y ocupación (%);Economía informal;Estadísticas sobre la Fuerza Laboral (LFS);actividad económica, ocupación;393;393;2017;2017;2017;48.708;30/08/2026 07:21:17;assets/data/ilo/csv/ove_oit_ilostat_venezuela_anual.csv.gz
OIT - ILOSTAT;Venezuela;Anual;EMP_PIFL_SEX_AGE_ECO_NB;Ocupación fuera del sector formal según sexo, edad y actividad económica (millares);Economía informal;Estadísticas sobre la Fuerza Laboral (LFS);sexo, edad, actividad económica;1167;1167;2017;2017;2017;7101.827;30/08/2026 07:21:17;assets/data/ilo/csv/ove_oit_ilostat_venezuela_anual.csv.gz
OIT - ILOSTAT;Venezuela;Anual;EMP_PIFL_SEX_AGE_ECO_RT;Proporción de la ocupación fuera del sector formal según sexo, edad y actividad económica (%);Economía informal;Estadísticas sobre la Fuerza Laboral (LFS);sexo, edad, actividad económica;1056;1056;2017;2017;2017;48.708;30/08/2026 07:21:17;assets/data/ilo/csv/ove_oit_ilostat_venezuela_anual.csv.gz
OIT - ILOSTAT;Venezuela;Anual;EMP_PIFL_SEX_AGE_EDU_NB;Ocupación fuera del sector formal según sexo, edad y educación (millares);Economía informal;Indicadores de Educación y Desajuste (EMI);sexo, edad, educación;708;708;2017;2017;2017;7101.827;30/08/2026 07:17:15;assets/data/ilo/csv/ove_oit_ilostat_venezuela_anual.csv.gz
OIT - ILOSTAT;Venezuela;Anual;EMP_PIFL_SEX_AGE_EDU_RT;Proporción de la ocupación fuera del sector formal según sexo, edad y educación (%);Economía informal;Indicadores de Educación y Desajuste (EMI);sexo, edad, educación;661;661;2017;2017;2017;48.708;30/08/2026 07:17:15;assets/data/ilo/csv/ove_oit_ilostat_venezuela_anual.csv.gz
OIT - ILOSTAT;Venezuela;Anual;EMP_PIFL_SEX_AGE_INS_NB;Ocupación fuera del sector formal según sexo, edad y sector público/privado (millares);Economía informal;Estadísticas sobre la Fuerza Laboral (LFS);sexo, edad, sector público/privado;141;141;2017;2017;2017;7101.827;30/08/2026 07:21:17;assets/data/ilo/csv/ove_oit_ilostat_venezuela_anual.csv.gz
OIT - ILOSTAT;Venezuela;Anual;EMP_PIFL_SEX_AGE_INS_RT;Proporción de la ocupación fuera del sector formal según sexo, edad y sector público/privado (%);Economía informal;Estadísticas sobre la Fuerza Laboral (LFS);sexo, edad, sector público/privado;127;127;2017;2017;2017;48.708;30/08/2026 07:21:17;assets/data/ilo/csv/ove_oit_ilostat_venezuela_anual.csv.gz
OIT - ILOSTAT;Venezuela;Anual;EMP_PIFL_SEX_AGE_JBT_NB;Ocupación fuera del sector formal según sexo, edad y ordenamiento del tiempo de trabajo (millares);Economía informal;Estadísticas sobre la Fuerza Laboral (LFS);sexo, edad, ordenamiento del tiempo de trabajo;144;144;2017;2017;2017;7101.827;30/08/2026 07:21:17;assets/data/ilo/csv/ove_oit_ilostat_venezuela_anual.csv.gz
OIT - ILOSTAT;Venezuela;Anual;EMP_PIFL_SEX_AGE_JBT_RT;Proporción de la ocupación fuera del sector formal según sexo, edad y ordenamiento del tiempo de trabajo (%);Economía informal;Estadísticas sobre la Fuerza Laboral (LFS);sexo, edad, ordenamiento del tiempo de trabajo;135;135;2017;2017;2017;48.708;30/08/2026 07:21:17;assets/data/ilo/csv/ove_oit_ilostat_venezuela_anual.csv.gz
OIT - ILOSTAT;Venezuela;Anual;EMP_PIFL_SEX_AGE_MTS_NB;Ocupación fuera del sector formal según sexo, edad y estado civil (millares);Economía informal;Indicadores de Igualdad de Género y No Discriminación (GEND);sexo, edad, estado civil;528;528;2017;2017;2017;7101.827;27/08/2026 07:03:08;assets/data/ilo/csv/ove_oit_ilostat_venezuela_anual.csv.gz
OIT - ILOSTAT;Venezuela;Anual;EMP_PIFL_SEX_AGE_MTS_RT;Proporción de la ocupación fuera del sector formal según sexo, edad y estado civil (%);Economía informal;Indicadores de Igualdad de Género y No Discriminación (GEND);sexo, edad, estado civil;483;483;2017;2017;2017;48.708;27/08/2026 07:03:08;assets/data/ilo/csv/ove_oit_ilostat_venezuela_anual.csv.gz
OIT - ILOSTAT;Venezuela;Anual;EMP_PIFL_SEX_AGE_NB;Ocupación fuera del sector formal según sexo y edad (millares);Economía informal;Estadísticas sobre la Fuerza Laboral (LFS);sexo, edad;84;84;2017;2017;2017;7101.827;30/08/2026 07:21:17;assets/data/ilo/csv/ove_oit_ilostat_venezuela_anual.csv.gz
OIT - ILOSTAT;Venezuela;Anual;EMP_PIFL_SEX_AGE_OCU_NB;Ocupación fuera del sector formal según sexo, edad y ocupación (millares);Economía informal;Estadísticas sobre la Fuerza Laboral (LFS);sexo, edad, ocupación;501;501;2017;2017;2017;7101.827;30/08/2026 07:21:17;assets/data/ilo/csv/ove_oit_ilostat_venezuela_anual.csv.gz
OIT - ILOSTAT;Venezuela;Anual;EMP_PIFL_SEX_AGE_OCU_RT;Proporción de la ocupación fuera del sector formal según sexo, edad y ocupación (%);Economía informal;Estadísticas sobre la Fuerza Laboral (LFS);sexo, edad, ocupación;454;454;2017;2017;2017;48.708;30/08/2026 07:21:17;assets/data/ilo/csv/ove_oit_ilostat_venezuela_anual.csv.gz
OIT - ILOSTAT;Venezuela;Anual;EMP_PIFL_SEX_AGE_RT;Proporción de la ocupación fuera del sector formal según sexo y edad (%);Economía informal;Estadísticas sobre la Fuerza Laboral (LFS);sexo, edad;81;81;2017;2017;2017;48.708;30/08/2026 07:21:17;assets/data/ilo/csv/ove_oit_ilostat_venezuela_anual.csv.gz
OIT - ILOSTAT;Venezuela;Anual;EMP_PIFL_SEX_EC2_NB;Ocupación fuera del sector formal según sexo y actividad económica - nivel 2 de la CIIU (millares);Economía informal;Estadísticas sobre la Fuerza Laboral (LFS);sexo, actividad económica - nivel 2 de la ciiu;147;147;2017;2017;2017;7101.827;30/08/2026 07:21:17;assets/data/ilo/csv/ove_oit_ilostat_venezuela_anual.csv.gz
OIT - ILOSTAT;Venezuela;Anual;EMP_PIFL_SEX_EC2_RT;Proporción de la ocupación fuera del sector formal según sexo y actividad económica - nivel 2 de la CIIU (%);Economía informal;Estadísticas sobre la Fuerza Laboral (LFS);sexo, actividad económica - nivel 2 de la ciiu;144;144;2017;2017;2017;48.708;30/08/2026 07:21:17;assets/data/ilo/csv/ove_oit_ilostat_venezuela_anual.csv.gz
OIT - ILOSTAT;Venezuela;Anual;EMP_PIFL_SEX_ECO_EDU_NB;Ocupación fuera del sector formal según sexo, actividad económica y educación (millares);Economía informal;Indicadores de Educación y Desajuste (EMI);sexo, actividad económica, educación;1356;1356;2017;2017;2017;7101.827;30/08/2026 07:17:15;assets/data/ilo/csv/ove_oit_ilostat_venezuela_anual.csv.gz
OIT - ILOSTAT;Venezuela;Anual;EMP_PIFL_SEX_ECO_EDU_RT;Proporción de la ocupación fuera del sector formal según sexo, actividad económica y educación (%);Economía informal;Indicadores de Educación y Desajuste (EMI);sexo, actividad económica, educación;1306;1306;2017;2017;2017;48.708;30/08/2026 07:17:15;assets/data/ilo/csv/ove_oit_ilostat_venezuela_anual.csv.gz
OIT - ILOSTAT;Venezuela;Anual;EMP_PIFL_SEX_ECO_EST_NB;Ocupación fuera del sector formal según sexo, actividad económica y tamaño del establecimiento (millares);Economía informal;Estadísticas sobre la Fuerza Laboral (LFS);sexo, actividad económica, tamaño del establecimiento;798;798;2017;2017;2017;7101.827;27/08/2026 07:07:14;assets/data/ilo/csv/ove_oit_ilostat_venezuela_anual.csv.gz
OIT - ILOSTAT;Venezuela;Anual;EMP_PIFL_SEX_ECO_EST_RT;Proporción de la ocupación fuera del sector formal según sexo, actividad económica y tamaño del establecimiento (%);Economía informal;Estadísticas sobre la Fuerza Laboral (LFS);sexo, actividad económica, tamaño del establecimiento;782;782;2017;2017;2017;48.708;27/08/2026 07:07:14;assets/data/ilo/csv/ove_oit_ilostat_venezuela_anual.csv.gz
OIT - ILOSTAT;Venezuela;Anual;EMP_PIFL_SEX_ECO_INS_NB;Ocupación fuera del sector formal según sexo, actividad económica y sector público/privado (millares);Economía informal;Estadísticas sobre la Fuerza Laboral (LFS);sexo, actividad económica, sector público/privado;222;222;2017;2017;2017;7101.827;30/08/2026 07:21:17;assets/data/ilo/csv/ove_oit_ilostat_venezuela_anual.csv.gz
OIT - ILOSTAT;Venezuela;Anual;EMP_PIFL_SEX_ECO_INS_RT;Proporción de la ocupación fuera del sector formal según sexo, actividad económica y sector público/privado (%);Economía informal;Estadísticas sobre la Fuerza Laboral (LFS);sexo, actividad económica, sector público/privado;219;219;2017;2017;2017;48.708;30/08/2026 07:21:17;assets/data/ilo/csv/ove_oit_ilostat_venezuela_anual.csv.gz
OIT - ILOSTAT;Venezuela;Anual;EMP_PIFL_SEX_ECO_MTS_NB;Ocupación fuera del sector formal según sexo, actividad económica y estado civil (millares);Economía informal;Indicadores de Igualdad de Género y No Discriminación (GEND);sexo, actividad económica, estado civil;444;444;2017;2017;2017;7101.827;27/08/2026 07:03:08;assets/data/ilo/csv/ove_oit_ilostat_venezuela_anual.csv.gz
OIT - ILOSTAT;Venezuela;Anual;EMP_PIFL_SEX_ECO_MTS_RT;Proporción de la ocupación fuera del sector formal según sexo, actividad económica y estado civil (%);Economía informal;Indicadores de Igualdad de Género y No Discriminación (GEND);sexo, actividad económica, estado civil;438;438;2017;2017;2017;48.708;27/08/2026 07:03:08;assets/data/ilo/csv/ove_oit_ilostat_venezuela_anual.csv.gz
OIT - ILOSTAT;Venezuela;Anual;EMP_PIFL_SEX_ECO_NB;Ocupación fuera del sector formal según sexo y actividad económica (millares);Economía informal;Estadísticas sobre la Fuerza Laboral (LFS);sexo, actividad económica;99;99;2017;2017;2017;7101.827;30/08/2026 07:21:17;assets/data/ilo/csv/ove_oit_ilostat_venezuela_anual.csv.gz
OIT - ILOSTAT;Venezuela;Anual;EMP_PIFL_SEX_ECO_RT;Proporción de la ocupación fuera del sector formal según sexo y actividad económica (%);Economía informal;Estadísticas sobre la Fuerza Laboral (LFS);sexo, actividad económica;98;98;2017;2017;2017;48.708;30/08/2026 07:21:17;assets/data/ilo/csv/ove_oit_ilostat_venezuela_anual.csv.gz
OIT - ILOSTAT;Venezuela;Anual;EMP_PIFL_SEX_EDU_MTS_NB;Ocupación fuera del sector formal según sexo, educación y estado civil (millares);Economía informal;Indicadores de Educación y Desajuste (EMI);sexo, educación, estado civil;486;486;2017;2017;2017;7101.827;27/08/2026 07:02:12;assets/data/ilo/csv/ove_oit_ilostat_venezuela_anual.csv.gz
OIT - ILOSTAT;Venezuela;Anual;EMP_PIFL_SEX_EDU_MTS_RT;Proporción de la ocupación fuera del sector formal según sexo, educación y estado civil (%);Economía informal;Indicadores de Educación y Desajuste (EMI);sexo, educación, estado civil;468;468;2017;2017;2017;48.708;27/08/2026 07:02:12;assets/data/ilo/csv/ove_oit_ilostat_venezuela_anual.csv.gz
OIT - ILOSTAT;Venezuela;Anual;EMP_PIFL_SEX_EDU_NB;Ocupación fuera del sector formal según sexo y educación (millares);Economía informal;Indicadores de Educación y Desajuste (EMI);sexo, educación;45;45;2017;2017;2017;7101.827;30/08/2026 07:17:15;assets/data/ilo/csv/ove_oit_ilostat_venezuela_anual.csv.gz
OIT - ILOSTAT;Venezuela;Anual;EMP_PIFL_SEX_EDU_RT;Proporción de la ocupación fuera del sector formal según sexo y educación (%);Economía informal;Indicadores de Educación y Desajuste (EMI);sexo, educación;45;45;2017;2017;2017;48.708;30/08/2026 07:17:15;assets/data/ilo/csv/ove_oit_ilostat_venezuela_anual.csv.gz
OIT - ILOSTAT;Venezuela;Anual;EMP_PIFL_SEX_EST_MTS_NB;Ocupación fuera del sector formal según sexo, tamaño del establecimiento y estado civil (millares);Economía informal;Indicadores de Igualdad de Género y No Discriminación (GEND);sexo, tamaño del establecimiento, estado civil;417;417;2017;2017;2017;7101.827;27/08/2026 07:03:08;assets/data/ilo/csv/ove_oit_ilostat_venezuela_anual.csv.gz
OIT - ILOSTAT;Venezuela;Anual;EMP_PIFL_SEX_EST_MTS_RT;Proporción de la ocupación fuera del sector formal según sexo, tamaño del establecimiento y estado civil (%);Economía informal;Indicadores de Igualdad de Género y No Discriminación (GEND);sexo, tamaño del establecimiento, estado civil;407;407;2017;2017;2017;48.708;27/08/2026 07:03:08;assets/data/ilo/csv/ove_oit_ilostat_venezuela_anual.csv.gz
OIT - ILOSTAT;Venezuela;Anual;EMP_PIFL_SEX_EST_NB;Ocupación fuera del sector formal según sexo y tamaño del establecimiento (millares);Economía informal;Estadísticas sobre la Fuerza Laboral (LFS);sexo, tamaño del establecimiento;39;39;2017;2017;2017;7101.827;27/08/2026 07:07:14;assets/data/ilo/csv/ove_oit_ilostat_venezuela_anual.csv.gz
OIT - ILOSTAT;Venezuela;Anual;EMP_PIFL_SEX_EST_RT;Proporción de la ocupación fuera del sector formal según sexo y tamaño del establecimiento (%);Economía informal;Estadísticas sobre la Fuerza Laboral (LFS);sexo, tamaño del establecimiento;39;39;2017;2017;2017;48.708;27/08/2026 07:07:14;assets/data/ilo/csv/ove_oit_ilostat_venezuela_anual.csv.gz
OIT - ILOSTAT;Venezuela;Anual;EMP_PIFL_SEX_HOW_NB;Ocupación fuera del sector formal según sexo y por horas semanales efectivamente trabajadas (millares);Economía informal;Estadísticas de Salarios y Tiempo de Trabajo (COND);sexo, horas semanales efectivamente trabajadas;24;24;2017;2017;2017;7101.827;30/08/2026 07:16:20;assets/data/ilo/csv/ove_oit_ilostat_venezuela_anual.csv.gz
OIT - ILOSTAT;Venezuela;Anual;EMP_PIFL_SEX_HOW_RT;Proporción de la ocupación fuera del sector formal según sexo y por horas semanales efectivamente trabajadas (%);Economía informal;Estadísticas sobre la Fuerza Laboral (LFS);sexo, horas semanales efectivamente trabajadas;24;24;2017;2017;2017;48.708;30/08/2026 07:21:17;assets/data/ilo/csv/ove_oit_ilostat_venezuela_anual.csv.gz
OIT - ILOSTAT;Venezuela;Anual;EMP_PIFL_SEX_INS_MTS_NB;Ocupación fuera del sector formal según sexo, sector público/privado y estado civil (millares);Economía informal;Indicadores de Igualdad de Género y No Discriminación (GEND);sexo, sector público/privado, estado civil;90;90;2017;2017;2017;7101.827;27/08/2026 07:03:08;assets/data/ilo/csv/ove_oit_ilostat_venezuela_anual.csv.gz
OIT - ILOSTAT;Venezuela;Anual;EMP_PIFL_SEX_INS_MTS_RT;Proporción de la ocupación fuera del sector formal según sexo, sector público/privado y estado civil (%);Economía informal;Indicadores de Igualdad de Género y No Discriminación (GEND);sexo, sector público/privado, estado civil;88;88;2017;2017;2017;48.708;27/08/2026 07:03:08;assets/data/ilo/csv/ove_oit_ilostat_venezuela_anual.csv.gz
OIT - ILOSTAT;Venezuela;Anual;EMP_PIFL_SEX_INS_NB;Ocupación fuera del sector formal según sexo y sector público/privado (millares);Economía informal;Estadísticas sobre la Fuerza Laboral (LFS);sexo, sector público/privado;9;9;2017;2017;2017;7101.827;30/08/2026 07:21:17;assets/data/ilo/csv/ove_oit_ilostat_venezuela_anual.csv.gz
OIT - ILOSTAT;Venezuela;Anual;EMP_PIFL_SEX_INS_RT;Proporción de la ocupación fuera del sector formal según sexo y sector público/privado (%);Economía informal;Estadísticas sobre la Fuerza Laboral (LFS);sexo, sector público/privado;9;9;2017;2017;2017;48.708;30/08/2026 07:21:17;assets/data/ilo/csv/ove_oit_ilostat_venezuela_anual.csv.gz
OIT - ILOSTAT;Venezuela;Anual;EMP_PIFL_SEX_MTS_NB;Ocupación fuera del sector formal según sexo y estado civil (millares);Economía informal;Indicadores de Igualdad de Género y No Discriminación (GEND);sexo, estado civil;33;33;2017;2017;2017;7101.827;27/08/2026 07:03:08;assets/data/ilo/csv/ove_oit_ilostat_venezuela_anual.csv.gz
OIT - ILOSTAT;Venezuela;Anual;EMP_PIFL_SEX_MTS_RT;Proporción de la ocupación fuera del sector formal según sexo y estado civil (%);Economía informal;Indicadores de Igualdad de Género y No Discriminación (GEND);sexo, estado civil;33;33;2017;2017;2017;48.708;27/08/2026 07:03:08;assets/data/ilo/csv/ove_oit_ilostat_venezuela_anual.csv.gz
OIT - ILOSTAT;Venezuela;Anual;EMP_PIFL_SEX_NB;Ocupación fuera del sector formal según sexo (millares);Economía informal;Estadísticas sobre la Fuerza Laboral (LFS);sexo;3;3;2017;2017;2017;7101.827;30/08/2026 07:21:17;assets/data/ilo/csv/ove_oit_ilostat_venezuela_anual.csv.gz
OIT - ILOSTAT;Venezuela;Anual;EMP_PIFL_SEX_OCU_EDU_NB;Ocupación fuera del sector formal según sexo, ocupación y educación (millares);Economía informal;Indicadores de Educación y Desajuste (EMI);sexo, ocupación, educación;618;618;2017;2017;2017;7101.827;30/08/2026 07:17:15;assets/data/ilo/csv/ove_oit_ilostat_venezuela_anual.csv.gz
OIT - ILOSTAT;Venezuela;Anual;EMP_PIFL_SEX_OCU_EDU_RT;Proporción de la ocupación fuera del sector formal según sexo, ocupación y educación (%);Economía informal;Indicadores de Educación y Desajuste (EMI);sexo, ocupación, educación;604;604;2017;2017;2017;48.708;30/08/2026 07:17:15;assets/data/ilo/csv/ove_oit_ilostat_venezuela_anual.csv.gz
OIT - ILOSTAT;Venezuela;Anual;EMP_PIFL_SEX_OCU_EST_NB;Ocupación fuera del sector formal según sexo, ocupación y tamaño del establecimiento (millares);Economía informal;Estadísticas sobre la Fuerza Laboral (LFS);sexo, ocupación, tamaño del establecimiento;339;339;2017;2017;2017;7101.827;27/08/2026 07:07:14;assets/data/ilo/csv/ove_oit_ilostat_venezuela_anual.csv.gz
OIT - ILOSTAT;Venezuela;Anual;EMP_PIFL_SEX_OCU_EST_RT;Proporción de la ocupación fuera del sector formal según sexo, ocupación y tamaño del establecimiento (%);Economía informal;Estadísticas sobre la Fuerza Laboral (LFS);sexo, ocupación, tamaño del establecimiento;327;327;2017;2017;2017;48.708;27/08/2026 07:07:14;assets/data/ilo/csv/ove_oit_ilostat_venezuela_anual.csv.gz
OIT - ILOSTAT;Venezuela;Anual;EMP_PIFL_SEX_OCU_INS_NB;Ocupación fuera del sector formal según sexo, ocupación y sector público/privado (millares);Economía informal;Estadísticas sobre la Fuerza Laboral (LFS);sexo, ocupación, sector público/privado;105;105;2017;2017;2017;7101.827;30/08/2026 07:21:17;assets/data/ilo/csv/ove_oit_ilostat_venezuela_anual.csv.gz
OIT - ILOSTAT;Venezuela;Anual;EMP_PIFL_SEX_OCU_INS_RT;Proporción de la ocupación fuera del sector formal según sexo, ocupación y sector público/privado (%);Economía informal;Estadísticas sobre la Fuerza Laboral (LFS);sexo, ocupación, sector público/privado;104;104;2017;2017;2017;48.708;30/08/2026 07:21:17;assets/data/ilo/csv/ove_oit_ilostat_venezuela_anual.csv.gz
OIT - ILOSTAT;Venezuela;Anual;EMP_PIFL_SEX_OCU_MTS_NB;Ocupación fuera del sector formal según sexo, ocupación y estado civil (millares);Economía informal;Indicadores de Igualdad de Género y No Discriminación (GEND);sexo, ocupación, estado civil;441;441;2017;2017;2017;7101.827;27/08/2026 07:03:08;assets/data/ilo/csv/ove_oit_ilostat_venezuela_anual.csv.gz
OIT - ILOSTAT;Venezuela;Anual;EMP_PIFL_SEX_OCU_MTS_RT;Proporción de la ocupación fuera del sector formal según sexo, ocupación y estado civil (%);Economía informal;Indicadores de Igualdad de Género y No Discriminación (GEND);sexo, ocupación, estado civil;434;434;2017;2017;2017;48.708;27/08/2026 07:03:08;assets/data/ilo/csv/ove_oit_ilostat_venezuela_anual.csv.gz
OIT - ILOSTAT;Venezuela;Anual;EMP_PIFL_SEX_OCU_NB;Ocupación fuera del sector formal según sexo y ocupación (millares);Economía informal;Estadísticas sobre la Fuerza Laboral (LFS);sexo, ocupación;45;45;2017;2017;2017;7101.827;30/08/2026 07:21:17;assets/data/ilo/csv/ove_oit_ilostat_venezuela_anual.csv.gz
OIT - ILOSTAT;Venezuela;Anual;EMP_PIFL_SEX_OCU_RT;Proporción de la ocupación fuera del sector formal según sexo y ocupación (%);Economía informal;Estadísticas sobre la Fuerza Laboral (LFS);sexo, ocupación;45;45;2017;2017;2017;48.708;30/08/2026 07:21:17;assets/data/ilo/csv/ove_oit_ilostat_venezuela_anual.csv.gz
OIT - ILOSTAT;Venezuela;Anual;EMP_PIFL_SEX_RT;Proporción de la ocupación fuera del sector formal según sexo (%);Economía informal;Estadísticas sobre la Fuerza Laboral (LFS);sexo;3;3;2017;2017;2017;48.708;30/08/2026 07:21:17;assets/data/ilo/csv/ove_oit_ilostat_venezuela_anual.csv.gz
OIT - ILOSTAT;Venezuela;Anual;EMP_PIFL_SEX_STE_NB;Ocupación fuera del sector formal según sexo y situación en la ocupación (millares);Economía informal;Estadísticas sobre la Fuerza Laboral (LFS);sexo, situación en el empleo;33;33;2017;2017;2017;7101.827;30/08/2026 07:21:17;assets/data/ilo/csv/ove_oit_ilostat_venezuela_anual.csv.gz
OIT - ILOSTAT;Venezuela;Anual;EMP_PIFL_SEX_STE_RT;Proporción de la ocupación fuera del sector formal según situación en la ocupación (según sexo) (%);Economía informal;Estadísticas sobre la Fuerza Laboral (LFS);sexo, situación en el empleo;33;33;2017;2017;2017;48.708;30/08/2026 07:21:17;assets/data/ilo/csv/ove_oit_ilostat_venezuela_anual.csv.gz
OIT - ILOSTAT;Venezuela;Anual;EMP_PTER_SEX_RT;Tasa de ocupación a tiempo parcial según sexo (%);Ocupación;Estadísticas de Salarios y Tiempo de Trabajo (COND);sexo;3;30;2005;2017;2017;12.687;30/08/2026 07:16:20;assets/data/ilo/csv/ove_oit_ilostat_venezuela_anual.csv.gz
OIT - ILOSTAT;Venezuela;Anual;EMP_PUBL_SEX_AGE_NB;Ocupación el sector público según sexo y edad (millares);Trabajadores en el sector público;Perfiles de trabajadores y sectores (PROFILES);sexo, edad;27;270;2005;2017;2017;3114.434;01/09/2026 07:12:05;assets/data/ilo/csv/ove_oit_ilostat_venezuela_anual.csv.gz
OIT - ILOSTAT;Venezuela;Anual;EMP_PUBL_SEX_EC2_NB;Ocupación el sector público según sexo y actividad económica - nivel 2 de la CIIU (millares);Trabajadores en el sector público;Perfiles de trabajadores y sectores (PROFILES);sexo, actividad económica - nivel 2 de la ciiu;150;1359;2005;2017;2017;3114.434;30/08/2026 07:29:06;assets/data/ilo/csv/ove_oit_ilostat_venezuela_anual.csv.gz
OIT - ILOSTAT;Venezuela;Anual;EMP_PUBL_SEX_ECO_NB;Ocupación el sector público según sexo y actividad económica (millares);Trabajadores en el sector público;Perfiles de trabajadores y sectores (PROFILES);sexo, actividad económica;99;978;2005;2017;2017;3114.434;30/08/2026 07:29:06;assets/data/ilo/csv/ove_oit_ilostat_venezuela_anual.csv.gz
OIT - ILOSTAT;Venezuela;Anual;EMP_PUBL_SEX_EDU_NB;Ocupación el sector público según sexo y educación (millares);Trabajadores en el sector público;Perfiles de trabajadores y sectores (PROFILES);sexo, educación;18;159;2005;2017;2017;3114.434;01/09/2026 07:12:05;assets/data/ilo/csv/ove_oit_ilostat_venezuela_anual.csv.gz
OIT - ILOSTAT;Venezuela;Anual;EMP_PUBL_SEX_HOW_NB;Ocupación el sector público según sexo y horas semanales efectivamente trabajadas (millares);Trabajadores en el sector público;Perfiles de trabajadores y sectores (PROFILES);sexo, horas semanales efectivamente trabajadas;27;255;2005;2017;2017;3114.434;01/09/2026 07:12:05;assets/data/ilo/csv/ove_oit_ilostat_venezuela_anual.csv.gz
OIT - ILOSTAT;Venezuela;Anual;EMP_PUBL_SEX_JBT_NB;Ocupación el sector público según sexo y ordenamiento del tiempo de trabajo (millares);Trabajadores en el sector público;Perfiles de trabajadores y sectores (PROFILES);sexo, ordenamiento del tiempo de trabajo;9;90;2005;2017;2017;3114.434;01/09/2026 07:12:05;assets/data/ilo/csv/ove_oit_ilostat_venezuela_anual.csv.gz
OIT - ILOSTAT;Venezuela;Anual;EMP_PUBL_SEX_MTS_NB;Ocupación el sector público según sexo y estado civil (millares);Trabajadores en el sector público;Perfiles de trabajadores y sectores (PROFILES);sexo, estado civil;12;120;2005;2017;2017;3114.434;01/09/2026 07:12:05;assets/data/ilo/csv/ove_oit_ilostat_venezuela_anual.csv.gz
OIT - ILOSTAT;Venezuela;Anual;EMP_PUBL_SEX_OCU_NB;Ocupación el sector público según sexo y ocupación (millares);Trabajadores en el sector público;Perfiles de trabajadores y sectores (PROFILES);sexo, ocupación;45;450;2005;2017;2017;3114.434;30/08/2026 07:29:06;assets/data/ilo/csv/ove_oit_ilostat_venezuela_anual.csv.gz
OIT - ILOSTAT;Venezuela;Anual;EMP_PUBL_SEX_STE_NB;Ocupación el sector público según sexo y situación en el empleo (millares);Trabajadores en el sector público;Perfiles de trabajadores y sectores (PROFILES);sexo, situación en el empleo;6;60;2005;2017;2017;3114.434;01/09/2026 07:12:05;assets/data/ilo/csv/ove_oit_ilostat_venezuela_anual.csv.gz
OIT - ILOSTAT;Venezuela;Anual;EMP_TEMP_AGE_EC2_NB;Ocupación según edad y actividad económica - nivel 2 de la CIIU (millares);Ocupación;Estadísticas sobre la Fuerza Laboral (LFS);edad, actividad económica - nivel 2 de la ciiu;150;1485;2005;2017;2017;14580.285;01/09/2026 07:09:15;assets/data/ilo/csv/ove_oit_ilostat_venezuela_anual.csv.gz
OIT - ILOSTAT;Venezuela;Anual;EMP_TEMP_AGE_STE_NB;Ocupación según edad y situación en la ocupación (millares);Ocupación;Estadísticas sobre la Fuerza Laboral (LFS);edad, situación en el empleo;176;1696;2005;2017;2017;14580.285;01/09/2026 07:09:15;assets/data/ilo/csv/ove_oit_ilostat_venezuela_anual.csv.gz
OIT - ILOSTAT;Venezuela;Anual;EMP_TEMP_ECO_OCU_NB;Ocupación según actividad económica y ocupación (millares);Ocupación;Estadísticas sobre la Fuerza Laboral (LFS);actividad económica, ocupación;482;4470;2005;2017;2017;14580.285;30/08/2026 07:21:17;assets/data/ilo/csv/ove_oit_ilostat_venezuela_anual.csv.gz
OIT - ILOSTAT;Venezuela;Anual;EMP_TEMP_SEX_AGE_ECO_NB;Ocupación según sexo, edad y actividad económica (millares);Ocupación;Estadísticas sobre la Fuerza Laboral (LFS);sexo, edad, actividad económica;1183;11745;2005;2017;2017;14580.285;01/09/2026 07:09:15;assets/data/ilo/csv/ove_oit_ilostat_venezuela_anual.csv.gz
OIT - ILOSTAT;Venezuela;Anual;EMP_TEMP_SEX_AGE_EDU_NB;Ocupación según sexo, edad y educación (millares);Ocupación;Indicadores de Educación y Desajuste (EMI);sexo, edad, educación;768;6741;2005;2017;2017;14580.285;01/09/2026 07:02:23;assets/data/ilo/csv/ove_oit_ilostat_venezuela_anual.csv.gz
OIT - ILOSTAT;Venezuela;Anual;EMP_TEMP_SEX_AGE_GEO_NB;Ocupación según sexo, edad y zonas rurales / urbanas (millares);Ocupación;Mercados Laborales Rurales y Urbanos (RURBAN);sexo, edad, zonas rurales/urbanes;9;36;2009;2012;2012;12643.203;27/08/2026 07:10:06;assets/data/ilo/csv/ove_oit_ilostat_venezuela_anual.csv.gz
OIT - ILOSTAT;Venezuela;Anual;EMP_TEMP_SEX_AGE_INS_NB;Ocupación según sexo, edad y sector público/privado (millares);Ocupación;Estadísticas sobre la Fuerza Laboral (LFS);sexo, edad, sector público/privado;144;1440;2005;2017;2017;14580.285;01/09/2026 07:09:15;assets/data/ilo/csv/ove_oit_ilostat_venezuela_anual.csv.gz
OIT - ILOSTAT;Venezuela;Anual;EMP_TEMP_SEX_AGE_JBT_NB;Ocupación según sexo, edad y ordenamiento del tiempo de trabajo (millares);Ocupación;Estadísticas de Salarios y Tiempo de Trabajo (COND);sexo, edad, ordenamiento del tiempo de trabajo;144;1506;1994;2017;2017;14580.285;01/09/2026 07:00:07;assets/data/ilo/csv/ove_oit_ilostat_venezuela_anual.csv.gz
OIT - ILOSTAT;Venezuela;Anual;EMP_TEMP_SEX_AGE_MTS_NB;Ocupación según sexo, edad y estado civil (millares);Ocupación;Indicadores de Igualdad de Género y No Discriminación (GEND);sexo, edad, estado civil;528;5189;2005;2017;2017;14580.285;01/09/2026 07:04:12;assets/data/ilo/csv/ove_oit_ilostat_venezuela_anual.csv.gz
OIT - ILOSTAT;Venezuela;Anual;EMP_TEMP_SEX_AGE_NB;Ocupación según sexo y edad (millares);Ocupación;Estadísticas sobre la Fuerza Laboral (LFS);sexo, edad;84;1179;1975;2020;2020;13551.405;01/09/2026 07:09:15;assets/data/ilo/csv/ove_oit_ilostat_venezuela_anual.csv.gz
OIT - ILOSTAT;Venezuela;Anual;EMP_TEMP_SEX_AGE_OCU_NB;Ocupación según sexo, edad y ocupación (millares);Ocupación;Estadísticas sobre la Fuerza Laboral (LFS);sexo, edad, ocupación;510;5087;2005;2017;2017;14580.285;30/08/2026 07:21:17;assets/data/ilo/csv/ove_oit_ilostat_venezuela_anual.csv.gz
OIT - ILOSTAT;Venezuela;Anual;EMP_TEMP_SEX_AGE_STE_NB;Ocupación según sexo, edad y situación en la ocupación (millares);Ocupación;Estadísticas sobre la Fuerza Laboral (LFS);sexo, edad, situación en el empleo;297;2870;2005;2017;2017;14580.285;01/09/2026 07:09:15;assets/data/ilo/csv/ove_oit_ilostat_venezuela_anual.csv.gz
OIT - ILOSTAT;Venezuela;Anual;EMP_TEMP_SEX_EC2_NB;Ocupación según sexo y actividad económica - nivel 2 de la CIIU (millares);Ocupación;Estadísticas sobre la Fuerza Laboral (LFS);sexo, actividad económica - nivel 2 de la ciiu;150;1500;2005;2017;2017;14580.285;01/09/2026 07:09:15;assets/data/ilo/csv/ove_oit_ilostat_venezuela_anual.csv.gz
OIT - ILOSTAT;Venezuela;Anual;EMP_TEMP_SEX_ECO_EDU_NB;Ocupación según sexo, actividad económica y educación (millares);Ocupación;Indicadores de Educación y Desajuste (EMI);sexo, actividad económica, educación;1578;13308;2005;2017;2017;14580.285;01/09/2026 07:02:23;assets/data/ilo/csv/ove_oit_ilostat_venezuela_anual.csv.gz
OIT - ILOSTAT;Venezuela;Anual;EMP_TEMP_SEX_ECO_EST_NB;Ocupación según sexo, actividad económica y tamaño del establecimiento (millares);Ocupación;Estadísticas sobre la Fuerza Laboral (LFS);sexo, actividad económica, tamaño del establecimiento;831;6612;2005;2017;2017;14580.285;27/08/2026 07:07:14;assets/data/ilo/csv/ove_oit_ilostat_venezuela_anual.csv.gz
OIT - ILOSTAT;Venezuela;Anual;EMP_TEMP_SEX_ECO_GEO_NB;Ocupación según sexo, actividad económica y zonas rurales / urbanas (millares);Ocupación;Mercados Laborales Rurales y Urbanos (RURBAN);sexo, actividad económica, zonas rurales/urbanes;9;36;2009;2012;2012;12643.203;27/08/2026 07:10:06;assets/data/ilo/csv/ove_oit_ilostat_venezuela_anual.csv.gz
OIT - ILOSTAT;Venezuela;Anual;EMP_TEMP_SEX_ECO_INS_NB;Ocupación según sexo, actividad económica y sector público/privado (millares);Ocupación;Estadísticas sobre la Fuerza Laboral (LFS);sexo, actividad económica, sector público/privado;297;2958;2005;2017;2017;14580.285;30/08/2026 07:21:17;assets/data/ilo/csv/ove_oit_ilostat_venezuela_anual.csv.gz
OIT - ILOSTAT;Venezuela;Anual;EMP_TEMP_SEX_ECO_MJH_NB;Ocupación según sexo, actividad económica y tenencia de múltiples empleos (millares);Ocupación;Estadísticas sobre la Fuerza Laboral (LFS);sexo, actividad económica, tenencia de múltiples empleos;126;1254;2005;2017;2017;14580.285;30/08/2026 07:21:17;assets/data/ilo/csv/ove_oit_ilostat_venezuela_anual.csv.gz
OIT - ILOSTAT;Venezuela;Anual;EMP_TEMP_SEX_ECO_MTS_NB;Ocupación según sexo, actividad económica y estado civil (millares);Ocupación;Indicadores de Igualdad de Género y No Discriminación (GEND);sexo, actividad económica, estado civil;462;4470;2005;2017;2017;14580.285;01/09/2026 07:04:12;assets/data/ilo/csv/ove_oit_ilostat_venezuela_anual.csv.gz
OIT - ILOSTAT;Venezuela;Anual;EMP_TEMP_SEX_ECO_NB;Ocupación según sexo y actividad económica (millares);Ocupación;Estadísticas sobre la Fuerza Laboral (LFS);sexo, actividad económica;99;1640;1975;2020;2020;13551.405;01/09/2026 07:09:15;assets/data/ilo/csv/ove_oit_ilostat_venezuela_anual.csv.gz
OIT - ILOSTAT;Venezuela;Anual;EMP_TEMP_SEX_EDU_EC2_NB;Ocupación según sexo, educación y actividad económica - nivel 2 de la CIIU (millares);Ocupación;Indicadores de Educación y Desajuste (EMI);sexo, educación, actividad económica - nivel 2 de la ciiu;888;7072;2005;2017;2017;14580.285;01/09/2026 07:02:23;assets/data/ilo/csv/ove_oit_ilostat_venezuela_anual.csv.gz
OIT - ILOSTAT;Venezuela;Anual;EMP_TEMP_SEX_EDU_MTS_NB;Ocupación según sexo, educación y estado civil (millares);Ocupación;Indicadores de Educación y Desajuste (EMI);sexo, educación, estado civil;522;4434;2005;2017;2017;14580.285;01/09/2026 07:02:23;assets/data/ilo/csv/ove_oit_ilostat_venezuela_anual.csv.gz
OIT - ILOSTAT;Venezuela;Anual;EMP_TEMP_SEX_EDU_NB;Ocupación según sexo y educación (millares);Ocupación;Indicadores de Educación y Desajuste (EMI);sexo, educación;48;432;2005;2017;2017;14580.285;01/09/2026 07:02:23;assets/data/ilo/csv/ove_oit_ilostat_venezuela_anual.csv.gz
OIT - ILOSTAT;Venezuela;Anual;EMP_TEMP_SEX_EST_EC2_NB;Ocupación según sexo, tamaño del establecimiento y actividad económica - nivel 2 de la CIIU (millares);Ocupación;Estadísticas sobre la Fuerza Laboral (LFS);sexo, tamaño del establecimiento, actividad económica - nivel 2 de la ciiu;738;5958;2005;2017;2017;14580.285;27/08/2026 07:07:14;assets/data/ilo/csv/ove_oit_ilostat_venezuela_anual.csv.gz
OIT - ILOSTAT;Venezuela;Anual;EMP_TEMP_SEX_EST_MTS_NB;Ocupación según sexo, tamaño del establecimiento y estado civil (millares);Ocupación;Indicadores de Igualdad de Género y No Discriminación (GEND);sexo, tamaño del establecimiento, estado civil;429;3351;2005;2017;2017;14580.285;27/08/2026 07:03:08;assets/data/ilo/csv/ove_oit_ilostat_venezuela_anual.csv.gz
OIT - ILOSTAT;Venezuela;Anual;EMP_TEMP_SEX_EST_NB;Ocupación según sexo y tamaño del establecimiento (millares);Ocupación;Estadísticas sobre la Fuerza Laboral (LFS);sexo, tamaño del establecimiento;39;309;2005;2017;2017;14580.285;27/08/2026 07:07:14;assets/data/ilo/csv/ove_oit_ilostat_venezuela_anual.csv.gz
OIT - ILOSTAT;Venezuela;Anual;EMP_TEMP_SEX_HOW_EDU_NB;Ocupación según sexo, por horas semanales efectivamente trabajadas y educación (millares);Ocupación;Indicadores de Educación y Desajuste (EMI);sexo, horas semanales efectivamente trabajadas, educación;420;3474;2005;2017;2017;14580.285;01/09/2026 07:02:23;assets/data/ilo/csv/ove_oit_ilostat_venezuela_anual.csv.gz
OIT - ILOSTAT;Venezuela;Anual;EMP_TEMP_SEX_HOW_MTS_NB;Asalariados según sexo, por horas semanales efectivamente trabajadas y estado civil (millares);Ocupación;Indicadores de Igualdad de Género y No Discriminación (GEND);sexo, horas semanales efectivamente trabajadas, estado civil;291;2706;2005;2017;2017;14580.285;01/09/2026 07:04:12;assets/data/ilo/csv/ove_oit_ilostat_venezuela_anual.csv.gz
OIT - ILOSTAT;Venezuela;Anual;EMP_TEMP_SEX_HOW_NB;Ocupación según sexo y horas semanales efectivamente trabajadas (millares);Ocupación;Estadísticas de Salarios y Tiempo de Trabajo (COND);sexo, horas semanales efectivamente trabajadas;27;261;2005;2017;2017;14580.285;01/09/2026 07:00:07;assets/data/ilo/csv/ove_oit_ilostat_venezuela_anual.csv.gz
OIT - ILOSTAT;Venezuela;Anual;EMP_TEMP_SEX_IFL_EC2_NB;Ocupación según sexo, trabajo informal/formal y actividad económica - nivel 2 de la CIIU (millares);Economía informal;Estadísticas sobre la Fuerza Laboral (LFS);sexo, trabajo informal/formal, actividad económica - nivel 2 de la ciiu;447;447;2017;2017;2017;14580.285;30/08/2026 07:21:17;assets/data/ilo/csv/ove_oit_ilostat_venezuela_anual.csv.gz
OIT - ILOSTAT;Venezuela;Anual;EMP_TEMP_SEX_IFL_ECO_NB;Ocupación según sexo, trabajo informal/formal y actividad económica (millares);Economía informal;Estadísticas sobre la Fuerza Laboral (LFS);sexo, trabajo informal/formal, actividad económica;297;297;2017;2017;2017;14580.285;30/08/2026 07:21:17;assets/data/ilo/csv/ove_oit_ilostat_venezuela_anual.csv.gz
OIT - ILOSTAT;Venezuela;Anual;EMP_TEMP_SEX_IFL_EDU_NB;Ocupación según sexo, trabajo informal/formal y educación (millares);Economía informal;Indicadores de Educación y Desajuste (EMI);sexo, trabajo informal/formal, educación;135;135;2017;2017;2017;14580.285;30/08/2026 07:17:15;assets/data/ilo/csv/ove_oit_ilostat_venezuela_anual.csv.gz
OIT - ILOSTAT;Venezuela;Anual;EMP_TEMP_SEX_IFL_INS_NB;Ocupación según sexo, trabajo informal/formal y sector público/privado (millares);Economía informal;Estadísticas sobre la Fuerza Laboral (LFS);sexo, trabajo informal/formal, sector público/privado;27;27;2017;2017;2017;14580.285;30/08/2026 07:21:17;assets/data/ilo/csv/ove_oit_ilostat_venezuela_anual.csv.gz
OIT - ILOSTAT;Venezuela;Anual;EMP_TEMP_SEX_IFL_JBT_NB;Ocupación según sexo, trabajo informal/formal y ordenamiento del tiempo de trabajo (millares);Economía informal;Estadísticas sobre la Fuerza Laboral (LFS);sexo, trabajo informal/formal, ordenamiento del tiempo de trabajo;27;27;2017;2017;2017;14580.285;30/08/2026 07:21:17;assets/data/ilo/csv/ove_oit_ilostat_venezuela_anual.csv.gz
OIT - ILOSTAT;Venezuela;Anual;EMP_TEMP_SEX_IFL_MTS_NB;Ocupación según sexo, trabajo informal/formal y estado civil (millares);Economía informal;Estadísticas de Salarios y Tiempo de Trabajo (COND);sexo, trabajo informal/formal, estado civil;99;99;2017;2017;2017;14580.285;27/08/2026 07:00:11;assets/data/ilo/csv/ove_oit_ilostat_venezuela_anual.csv.gz
OIT - ILOSTAT;Venezuela;Anual;EMP_TEMP_SEX_IFL_OCU_NB;Ocupación según sexo, trabajo informal/formal y ocupación (millares);Economía informal;Estadísticas sobre la Fuerza Laboral (LFS);sexo, trabajo informal/formal, ocupación;135;135;2017;2017;2017;14580.285;30/08/2026 07:21:17;assets/data/ilo/csv/ove_oit_ilostat_venezuela_anual.csv.gz
OIT - ILOSTAT;Venezuela;Anual;EMP_TEMP_SEX_INS_MTS_NB;Ocupación según sexo, sector público/privado y estado civil (millares);Ocupación;Indicadores de Igualdad de Género y No Discriminación (GEND);sexo, sector público/privado, estado civil;99;990;2005;2017;2017;14580.285;01/09/2026 07:04:12;assets/data/ilo/csv/ove_oit_ilostat_venezuela_anual.csv.gz
OIT - ILOSTAT;Venezuela;Anual;EMP_TEMP_SEX_INS_NB;Ocupación según sexo y sector público/privado (millares);Ocupación;Estadísticas sobre la Fuerza Laboral (LFS);sexo, sector público/privado;9;108;2005;2020;2020;13551.405;01/09/2026 07:09:15;assets/data/ilo/csv/ove_oit_ilostat_venezuela_anual.csv.gz
OIT - ILOSTAT;Venezuela;Anual;EMP_TEMP_SEX_MJH_EDU_NB;Ocupación según sexo, tenencia de múltiples empleos y educación (millares);Ocupación;Indicadores de Educación y Desajuste (EMI);sexo, tenencia de múltiples empleos, educación;144;1257;2005;2017;2017;14580.285;01/09/2026 07:02:23;assets/data/ilo/csv/ove_oit_ilostat_venezuela_anual.csv.gz
OIT - ILOSTAT;Venezuela;Anual;EMP_TEMP_SEX_MJH_MTS_NB;Ocupación según sexo, tenencia de múltiples empleos y estado civil (millares);Ocupación;Indicadores de Igualdad de Género y No Discriminación (GEND);sexo, tenencia de múltiples empleos, estado civil;99;948;2005;2017;2017;14580.285;01/09/2026 07:04:12;assets/data/ilo/csv/ove_oit_ilostat_venezuela_anual.csv.gz
OIT - ILOSTAT;Venezuela;Anual;EMP_TEMP_SEX_MJH_NB;Ocupación según sexo y tenencia de múltiples empleos (millares);Ocupación;Estadísticas sobre la Fuerza Laboral (LFS);sexo, tenencia de múltiples empleos;9;90;2005;2017;2017;14580.285;01/09/2026 07:09:15;assets/data/ilo/csv/ove_oit_ilostat_venezuela_anual.csv.gz
OIT - ILOSTAT;Venezuela;Anual;EMP_TEMP_SEX_MTS_NB;Ocupación según sexo y estado civil (millares);Ocupación;Indicadores de Igualdad de Género y No Discriminación (GEND);sexo, estado civil;33;330;2005;2017;2017;14580.285;01/09/2026 07:04:12;assets/data/ilo/csv/ove_oit_ilostat_venezuela_anual.csv.gz
OIT - ILOSTAT;Venezuela;Anual;EMP_TEMP_SEX_OCU_EC2_NB;Ocupación según sexo, ocupación y actividad económica - nivel 2 de la CIIU (millares);Ocupación;Estadísticas sobre la Fuerza Laboral (LFS);sexo, ocupación, actividad económica - nivel 2 de la ciiu;2070;17673;2005;2017;2017;14580.285;30/08/2026 07:21:17;assets/data/ilo/csv/ove_oit_ilostat_venezuela_anual.csv.gz
OIT - ILOSTAT;Venezuela;Anual;EMP_TEMP_SEX_OCU_EDU_NB;Ocupación según sexo, ocupación y educación (millares);Ocupación;Indicadores de Educación y Desajuste (EMI);sexo, ocupación, educación;720;6013;2005;2017;2017;14580.285;30/08/2026 07:17:15;assets/data/ilo/csv/ove_oit_ilostat_venezuela_anual.csv.gz
OIT - ILOSTAT;Venezuela;Anual;EMP_TEMP_SEX_OCU_EST_NB;Ocupación según sexo, ocupación y tamaño del establecimiento (millares);Ocupación;Estadísticas sobre la Fuerza Laboral (LFS);sexo, ocupación, tamaño del establecimiento;345;2733;2005;2017;2017;14580.285;27/08/2026 07:07:14;assets/data/ilo/csv/ove_oit_ilostat_venezuela_anual.csv.gz
OIT - ILOSTAT;Venezuela;Anual;EMP_TEMP_SEX_OCU_INS_NB;Ocupación según sexo, ocupación y sector público/privado (millares);Ocupación;Estadísticas sobre la Fuerza Laboral (LFS);sexo, ocupación, sector público/privado;135;1350;2005;2017;2017;14580.285;30/08/2026 07:21:17;assets/data/ilo/csv/ove_oit_ilostat_venezuela_anual.csv.gz
OIT - ILOSTAT;Venezuela;Anual;EMP_TEMP_SEX_OCU_MJH_NB;Ocupación según sexo, ocupación y tenencia de múltiples empleos (millares);Ocupación;Estadísticas sobre la Fuerza Laboral (LFS);sexo, ocupación, tenencia de múltiples empleos;135;1347;2005;2017;2017;14580.285;30/08/2026 07:21:17;assets/data/ilo/csv/ove_oit_ilostat_venezuela_anual.csv.gz
OIT - ILOSTAT;Venezuela;Anual;EMP_TEMP_SEX_OCU_MTS_NB;Ocupación según sexo, ocupación y estado civil (millares);Ocupación;Indicadores de Igualdad de Género y No Discriminación (GEND);sexo, ocupación, estado civil;495;4642;2005;2017;2017;14580.285;27/08/2026 07:03:08;assets/data/ilo/csv/ove_oit_ilostat_venezuela_anual.csv.gz
OIT - ILOSTAT;Venezuela;Anual;EMP_TEMP_SEX_OCU_NB;Ocupación según sexo y ocupación (millares);Ocupación;Estadísticas sobre la Fuerza Laboral (LFS);sexo, ocupación;54;548;1976;2017;2017;14580.285;30/08/2026 07:21:17;assets/data/ilo/csv/ove_oit_ilostat_venezuela_anual.csv.gz
OIT - ILOSTAT;Venezuela;Anual;EMP_TEMP_SEX_SKN_ECO_NB;Ocupación según sexo, desajuste del nivel educativo - enfoque normativo y actividad económica (millares);Competencias y aprendizaje;Indicadores de Educación y Desajuste (EMI);sexo, desajuste educativo - enfoque normativo, actividad económica;210;2100;2005;2017;2017;14580.285;02/09/2026 07:03:04;assets/data/ilo/csv/ove_oit_ilostat_venezuela_anual.csv.gz
OIT - ILOSTAT;Venezuela;Anual;EMP_TEMP_SEX_SKN_EDU_NB;Ocupación según sexo, desajuste del nivel educativo - enfoque normativo y educación (millares);Competencias y aprendizaje;Indicadores de Educación y Desajuste (EMI);sexo, desajuste educativo - enfoque normativo, educación;75;666;2005;2017;2017;14580.285;02/09/2026 07:03:04;assets/data/ilo/csv/ove_oit_ilostat_venezuela_anual.csv.gz
OIT - ILOSTAT;Venezuela;Anual;EMP_TEMP_SEX_SKN_IFL_NB;Ocupación según sexo, desajuste del nivel educativo - enfoque normativo y naturaleza del trabajo (informal / formal) (millares);Competencias y aprendizaje;Indicadores de Educación y Desajuste (EMI);sexo, desajuste educativo - enfoque normativo, trabajo informal/formal;45;45;2017;2017;2017;14580.285;02/09/2026 07:03:04;assets/data/ilo/csv/ove_oit_ilostat_venezuela_anual.csv.gz
OIT - ILOSTAT;Venezuela;Anual;EMP_TEMP_SEX_SKN_MTS_NB;Ocupación según sexo, desajuste del nivel educativo - enfoque normativo y estado civil (millares);Competencias y aprendizaje;Indicadores de Educación y Desajuste (EMI);sexo, desajuste educativo - enfoque normativo, estado civil;60;582;2005;2017;2017;14580.285;02/09/2026 07:03:04;assets/data/ilo/csv/ove_oit_ilostat_venezuela_anual.csv.gz
OIT - ILOSTAT;Venezuela;Anual;EMP_TEMP_SEX_SKN_STE_NB;Ocupación según sexo, desajuste del nivel educativo - enfoque normativo y situación en la ocupación (millares);Competencias y aprendizaje;Indicadores de Educación y Desajuste (EMI);sexo, desajuste educativo - enfoque normativo, situación en el empleo;60;534;2005;2017;2017;14580.285;02/09/2026 07:03:04;assets/data/ilo/csv/ove_oit_ilostat_venezuela_anual.csv.gz
OIT - ILOSTAT;Venezuela;Anual;EMP_TEMP_SEX_STE_EC2_NB;Ocupación según sexo, situación en el empleo y actividad económica - nivel 2 de la CIIU (millares);Ocupación;Estadísticas sobre la Fuerza Laboral (LFS);sexo, situación en el empleo, actividad económica - nivel 2 de la ciiu;528;4595;2005;2017;2017;14580.285;01/09/2026 07:09:15;assets/data/ilo/csv/ove_oit_ilostat_venezuela_anual.csv.gz
OIT - ILOSTAT;Venezuela;Anual;EMP_TEMP_SEX_STE_ECO_NB;Ocupación según sexo, situación en la ocupación y actividad económica (millares);Ocupación;Estadísticas sobre la Fuerza Laboral (LFS);sexo, situación en el empleo, actividad económica;1050;9291;2005;2017;2017;14580.285;01/09/2026 07:09:15;assets/data/ilo/csv/ove_oit_ilostat_venezuela_anual.csv.gz
OIT - ILOSTAT;Venezuela;Anual;EMP_TEMP_SEX_STE_EDU_NB;Ocupación según sexo, situación en la ocupación y educación (millares);Ocupación;Indicadores de Educación y Desajuste (EMI);sexo, situación en el empleo, educación;519;4338;2005;2017;2017;14580.285;01/09/2026 07:02:23;assets/data/ilo/csv/ove_oit_ilostat_venezuela_anual.csv.gz
OIT - ILOSTAT;Venezuela;Anual;EMP_TEMP_SEX_STE_EST_NB;Ocupación según sexo, situación en la ocupación y tamaño del establecimiento (millares);Ocupación;Estadísticas sobre la Fuerza Laboral (LFS);sexo, situación en el empleo, tamaño del establecimiento;405;3048;2005;2017;2017;14580.285;27/08/2026 07:07:14;assets/data/ilo/csv/ove_oit_ilostat_venezuela_anual.csv.gz
OIT - ILOSTAT;Venezuela;Anual;EMP_TEMP_SEX_STE_INS_NB;Ocupación según sexo, situación en el empleo y sector público/privado (millares);Ocupación;Estadísticas sobre la Fuerza Laboral (LFS);sexo, situación en el empleo, sector público/privado;78;780;2005;2017;2017;14580.285;01/09/2026 07:09:15;assets/data/ilo/csv/ove_oit_ilostat_venezuela_anual.csv.gz
OIT - ILOSTAT;Venezuela;Anual;EMP_TEMP_SEX_STE_MJH_NB;Ocupación según sexo, situación en el empleo y tenencia de múltiples empleos (millares);Ocupación;Estadísticas sobre la Fuerza Laboral (LFS);sexo, situación en el empleo, tenencia de múltiples empleos;93;903;2005;2017;2017;14580.285;01/09/2026 07:09:15;assets/data/ilo/csv/ove_oit_ilostat_venezuela_anual.csv.gz
OIT - ILOSTAT;Venezuela;Anual;EMP_TEMP_SEX_STE_MTS_NB;Ocupación según sexo, situación en la ocupación y estado civil (millares);Ocupación;Indicadores de Igualdad de Género y No Discriminación (GEND);sexo, situación en el empleo, estado civil;363;3342;2005;2017;2017;14580.285;01/09/2026 07:04:12;assets/data/ilo/csv/ove_oit_ilostat_venezuela_anual.csv.gz
OIT - ILOSTAT;Venezuela;Anual;EMP_TEMP_SEX_STE_NB;Ocupación según sexo y situación en la ocupación (millares);Ocupación;Estadísticas sobre la Fuerza Laboral (LFS);sexo, situación en el empleo;33;643;1994;2020;2020;13551.405;01/09/2026 07:09:15;assets/data/ilo/csv/ove_oit_ilostat_venezuela_anual.csv.gz
OIT - ILOSTAT;Venezuela;Anual;EMP_TEMP_SEX_STE_OCU_NB;Ocupación según sexo, situación en la ocupación y ocupación (millares);Ocupación;Estadísticas sobre la Fuerza Laboral (LFS);sexo, situación en el empleo, ocupación;474;4234;2005;2017;2017;14580.285;30/08/2026 07:21:17;assets/data/ilo/csv/ove_oit_ilostat_venezuela_anual.csv.gz
OIT - ILOSTAT;Venezuela;Anual;EMP_XPSE_GOV_NB;Empleo publico segun sectores y subsectores de las cuentas nacionales - Discontinuado (millares);Trabajadores en el sector público;Estadísticas sobre la Fuerza Laboral (LFS);nivel del gobierno;7;27;1995;2020;2020;3252.764;15/05/2026 15:02:04;assets/data/ilo/csv/ove_oit_ilostat_venezuela_anual.csv.gz
OIT - ILOSTAT;Venezuela;Anual;GDP_205U_NOC_NB;Producción por trabajador, PIB en $ dólares constantes de 2015 US $ -- Estimaciones modeladas de la OIT, Nov. 2025;Productividad laboral;Estimaciones Modeladas por la OIT (ILOEST);Producción por trabajador, PIB en $ dólares constantes de 2015 US $ (Estimaciones modeladas de la OIT);1;37;1991;2027;2027;10899.16;02/12/2025 12:02:16;assets/data/ilo/csv/ove_oit_ilostat_venezuela_anual.csv.gz
OIT - ILOSTAT;Venezuela;Anual;GDP_211P_NOC_NB;Producción por trabajador, PIB en $ dólares internacionales constantes de 2021 en PPA -- Estimaciones modeladas de la OIT, Nov. 2025;Productividad laboral;Estimaciones Modeladas por la OIT (ILOEST);Producción por trabajador, PIB en $ dólares internacionales constantes de 2021 en PPA (Estimaciones modeladas de la OIT);1;37;1991;2027;2027;30624.63;02/12/2025 12:04:12;assets/data/ilo/csv/ove_oit_ilostat_venezuela_anual.csv.gz
OIT - ILOSTAT;Venezuela;Anual;GDP_2HRW_NOC_NB;Producción por hora trabajada, PIB en $ dólares internacionales constantes de 2021 en PPA -- Estimaciones modeladas de la OIT, Nov. 2025;Productividad laboral;Estimaciones Modeladas por la OIT (ILOEST);Producción por hora trabajada, PIB en $ dólares internacionales constantes de 2021 en PPA (Estimaciones modeladas de la OIT);1;23;2005;2027;2027;15.41;02/12/2025 12:06:11;assets/data/ilo/csv/ove_oit_ilostat_venezuela_anual.csv.gz
OIT - ILOSTAT;Venezuela;Anual;GDP_2TOT_NOC_NB;Producto Interno Bruto, en millones $ dólares internacionales constantes de 2021 en PPA -- Estimaciones modeladas de la OIT, Nov. 2025;Productividad laboral;Estimaciones Modeladas por la OIT (ILOEST);Producto Interno Bruto, en millones $ dólares internacionales constantes de 2021 en PPA (Estimaciones modeladas de la OIT);1;37;1991;2027;2027;326980.07;02/12/2025 12:08:14;assets/data/ilo/csv/ove_oit_ilostat_venezuela_anual.csv.gz
OIT - ILOSTAT;Venezuela;Anual;GED_PEAR_SEX_HHT_CHL_NB;Ganancias mensuales promedio de los empleados de 25 a 54 años según sexo, tipo de hogar y presencia de niños (moneda local);Remuneraciones y ingresos;Indicadores de Igualdad de Género y No Discriminación (GEND);sexo, tipo de hogar, presencia de niños;120;1200;2005;2017;2017;283125.84;02/09/2026 07:06:04;assets/data/ilo/csv/ove_oit_ilostat_venezuela_anual.csv.gz
OIT - ILOSTAT;Venezuela;Anual;GED_PEPR_SEX_HHT_CHL_RT;Relación ocupación-poblaciónpara personas de 25 a 54 años según sexo, tipo de hogar y presencia de niños (%);Ocupación;Indicadores de Igualdad de Género y No Discriminación (GEND);sexo, tipo de hogar, presencia de niños;120;1199;2005;2017;2017;78.755;02/09/2026 07:06:04;assets/data/ilo/csv/ove_oit_ilostat_venezuela_anual.csv.gz
OIT - ILOSTAT;Venezuela;Anual;GED_PLFP_SEX_HHT_CHL_RT;Tasa de participación en la fuerza de trabajo para personas de 25 a 54 años según sexo, tipo de hogar y presencia de niños (%);Fuerza de trabajo;Indicadores de Igualdad de Género y No Discriminación (GEND);sexo, tipo de hogar, presencia de niños;120;1199;2005;2017;2017;81.886;02/09/2026 07:06:04;assets/data/ilo/csv/ove_oit_ilostat_venezuela_anual.csv.gz
OIT - ILOSTAT;Venezuela;Anual;GED_TWAP_HHT_NB;Población de edad de 25 a 54 años según tipo de hogar (millares);Población;Indicadores de Igualdad de Género y No Discriminación (GEND);tipo de hogar;6;60;2005;2017;2017;10820.349;02/09/2026 07:06:04;assets/data/ilo/csv/ove_oit_ilostat_venezuela_anual.csv.gz
OIT - ILOSTAT;Venezuela;Anual;GED_XLU1_SEX_HHT_CHL_RT;Tasa de desocupación para personas de 25 a 54 años según sexo, tipo de hogar y presencia de niños (%);Desempleo y subutilización de la fuerza de trabajo;Indicadores de Igualdad de Género y No Discriminación (GEND);sexo, tipo de hogar, presencia de niños;120;1196;2005;2017;2017;3.824;02/09/2026 07:06:04;assets/data/ilo/csv/ove_oit_ilostat_venezuela_anual.csv.gz
OIT - ILOSTAT;Venezuela;Anual;HOW_2EMP_SEX_NB;Promedio de horas trabajadas por semana por persona empleada par sexe -- Estimaciones modeladas de la OIT, Nov. 2025;Horas de trabajo;Estimaciones Modeladas por la OIT (ILOEST);sexo;3;69;2005;2027;2027;38.21;02/12/2025 12:10:14;assets/data/ilo/csv/ove_oit_ilostat_venezuela_anual.csv.gz
OIT - ILOSTAT;Venezuela;Anual;HOW_2TDP_SEX_RT;Relación entre el total de las horas trabajadas por semana para las personas empleadas y la población de 15 a 64 años según sexo -- Estimaciones modeladas de la OIT, Nov. 2025;Horas de trabajo;Estimaciones Modeladas por la OIT (ILOEST);sexo;3;69;2005;2027;2027;21.64;02/12/2025 12:12:13;assets/data/ilo/csv/ove_oit_ilostat_venezuela_anual.csv.gz
OIT - ILOSTAT;Venezuela;Anual;HOW_2TOT_SEX_NB;Total de horas trabajadas por semana para las personas empleadas según sexo -- Estimaciones modeladas de la OIT, Nov. 2025 (miles);Horas de trabajo;Estimaciones Modeladas por la OIT (ILOEST);sexo;3;69;2005;2027;2027;407957.01;02/12/2025 12:14:13;assets/data/ilo/csv/ove_oit_ilostat_venezuela_anual.csv.gz
OIT - ILOSTAT;Venezuela;Anual;HOW_PUBE_SEX_NB;Promedio de horas efectivamente trabajadas por semana por asalariado en el sector público;Trabajadores en el sector público;Perfiles de trabajadores y sectores (PROFILES);sexo;3;30;2005;2017;2017;39.34;30/08/2026 07:29:06;assets/data/ilo/csv/ove_oit_ilostat_venezuela_anual.csv.gz
OIT - ILOSTAT;Venezuela;Anual;HOW_PUBL_SEX_NB;Promedio de horas efectivamente trabajadas por semana por persona ocupada en el sector público;Trabajadores en el sector público;Perfiles de trabajadores y sectores (PROFILES);sexo;3;30;2005;2017;2017;39.34;30/08/2026 07:29:06;assets/data/ilo/csv/ove_oit_ilostat_venezuela_anual.csv.gz
OIT - ILOSTAT;Venezuela;Anual;HOW_TEMP_AGE_EC2_NB;Promedio de horas efectivamente trabajadas por semana por persona ocupada según edad y actividad económica - nivel 2 de la CIIU;Horas de trabajo;Estadísticas de Salarios y Tiempo de Trabajo (COND);edad, actividad económica - nivel 2 de la ciiu;150;1485;2005;2017;2017;38.65;30/08/2026 07:16:20;assets/data/ilo/csv/ove_oit_ilostat_venezuela_anual.csv.gz
OIT - ILOSTAT;Venezuela;Anual;HOW_TEMP_ECO_OCU_NB;Promedio de horas efectivamente trabajadas por semana por persona ocupada según actividad económica y ocupación;Horas de trabajo;Estadísticas de Salarios y Tiempo de Trabajo (COND);actividad económica, ocupación;482;4465;2005;2017;2017;38.65;30/08/2026 07:16:20;assets/data/ilo/csv/ove_oit_ilostat_venezuela_anual.csv.gz
OIT - ILOSTAT;Venezuela;Anual;HOW_TEMP_SEX_AGE_ECO_NB;Promedio de horas efectivamente trabajadas por semana por persona ocupada según sexo, edad y actividad económica;Horas de trabajo;Estadísticas de Salarios y Tiempo de Trabajo (COND);sexo, edad, actividad económica;1084;10739;2005;2017;2017;38.65;30/08/2026 07:16:20;assets/data/ilo/csv/ove_oit_ilostat_venezuela_anual.csv.gz
OIT - ILOSTAT;Venezuela;Anual;HOW_TEMP_SEX_AGE_INS_NB;Promedio de horas efectivamente trabajadas por semana por persona ocupada según sexo, edad y sector público/privado;Horas de trabajo;Estadísticas de Salarios y Tiempo de Trabajo (COND);sexo, edad, sector público/privado;135;1350;2005;2017;2017;38.65;30/08/2026 07:16:20;assets/data/ilo/csv/ove_oit_ilostat_venezuela_anual.csv.gz
OIT - ILOSTAT;Venezuela;Anual;HOW_TEMP_SEX_AGE_JBT_NB;Promedio de horas efectivamente trabajadas por semana por persona ocupada según sexo, edad y ordenamiento del tiempo de trabajo;Horas de trabajo;Estadísticas de Salarios y Tiempo de Trabajo (COND);sexo, edad, ordenamiento del tiempo de trabajo;135;1350;2005;2017;2017;38.65;30/08/2026 07:16:20;assets/data/ilo/csv/ove_oit_ilostat_venezuela_anual.csv.gz
OIT - ILOSTAT;Venezuela;Anual;HOW_TEMP_SEX_AGE_NB;Promedio de horas efectivamente trabajadas por semana por persona ocupada según sexo y edad;Horas de trabajo;Estadísticas de Salarios y Tiempo de Trabajo (COND);sexo, edad;45;450;2005;2017;2017;38.65;30/08/2026 07:16:20;assets/data/ilo/csv/ove_oit_ilostat_venezuela_anual.csv.gz
OIT - ILOSTAT;Venezuela;Anual;HOW_TEMP_SEX_AGE_OCU_NB;Promedio de horas efectivamente trabajadas por semana por persona ocupada según sexo, edad y ocupación;Horas de trabajo;Estadísticas de Salarios y Tiempo de Trabajo (COND);sexo, edad, ocupación;465;4574;2005;2017;2017;38.65;30/08/2026 07:16:20;assets/data/ilo/csv/ove_oit_ilostat_venezuela_anual.csv.gz
OIT - ILOSTAT;Venezuela;Anual;HOW_TEMP_SEX_EC2_NB;Promedio de horas efectivamente trabajadas por semana por persona ocupada según sexo y actividad económica - nivel 2 de la CIIU;Horas de trabajo;Estadísticas de Salarios y Tiempo de Trabajo (COND);sexo, actividad económica - nivel 2 de la ciiu;150;1495;2005;2017;2017;38.65;30/08/2026 07:16:20;assets/data/ilo/csv/ove_oit_ilostat_venezuela_anual.csv.gz
OIT - ILOSTAT;Venezuela;Anual;HOW_TEMP_SEX_ECO_EDU_NB;Promedio de horas efectivamente trabajadas por semana por persona ocupada según sexo, actividad económica y educación;Horas de trabajo;Estadísticas de Salarios y Tiempo de Trabajo (COND);sexo, actividad económica, educación;1562;12887;2005;2017;2017;38.65;30/08/2026 07:16:20;assets/data/ilo/csv/ove_oit_ilostat_venezuela_anual.csv.gz
OIT - ILOSTAT;Venezuela;Anual;HOW_TEMP_SEX_ECO_EST_NB;Promedio de horas efectivamente trabajadas por semana por persona ocupada según sexo, actividad económica y tamaño del establecimiento;Horas de trabajo;Estadísticas de Salarios y Tiempo de Trabajo (COND);sexo, actividad económica, tamaño del establecimiento;827;6578;2005;2017;2017;38.65;27/08/2026 07:00:11;assets/data/ilo/csv/ove_oit_ilostat_venezuela_anual.csv.gz
OIT - ILOSTAT;Venezuela;Anual;HOW_TEMP_SEX_ECO_INS_NB;Promedio de horas efectivamente trabajadas por semana por persona ocupada según sexo, actividad económica y sector público/privado;Horas de trabajo;Estadísticas de Salarios y Tiempo de Trabajo (COND);sexo, actividad económica, sector público/privado;297;2947;2005;2017;2017;38.65;30/08/2026 07:16:20;assets/data/ilo/csv/ove_oit_ilostat_venezuela_anual.csv.gz
OIT - ILOSTAT;Venezuela;Anual;HOW_TEMP_SEX_ECO_MTS_NB;Promedio de horas efectivamente trabajadas por semana por persona ocupada según sexo, actividad económica y estado civil;Horas de trabajo;Estadísticas de Salarios y Tiempo de Trabajo (COND);sexo, actividad económica, estado civil;462;4390;2005;2017;2017;38.65;27/08/2026 07:00:11;assets/data/ilo/csv/ove_oit_ilostat_venezuela_anual.csv.gz
OIT - ILOSTAT;Venezuela;Anual;HOW_TEMP_SEX_ECO_NB;Promedio de horas efectivamente trabajadas por semana por persona ocupada según sexo y actividad económica;Horas de trabajo;Estadísticas de Salarios y Tiempo de Trabajo (COND);sexo, actividad económica;99;990;2005;2017;2017;38.65;30/08/2026 07:16:20;assets/data/ilo/csv/ove_oit_ilostat_venezuela_anual.csv.gz
OIT - ILOSTAT;Venezuela;Anual;HOW_TEMP_SEX_EST_MTS_NB;Promedio de horas efectivamente trabajadas por semana por persona ocupada según sexo, tamaño del establecimiento y estado civil;Horas de trabajo;Estadísticas de Salarios y Tiempo de Trabajo (COND);sexo, tamaño del establecimiento, estado civil;425;3303;2005;2017;2017;38.65;27/08/2026 07:00:11;assets/data/ilo/csv/ove_oit_ilostat_venezuela_anual.csv.gz
OIT - ILOSTAT;Venezuela;Anual;HOW_TEMP_SEX_EST_NB;Promedio de horas efectivamente trabajadas por semana por persona ocupada según sexo y tamaño del establecimiento;Horas de trabajo;Estadísticas de Salarios y Tiempo de Trabajo (COND);sexo, tamaño del establecimiento;39;309;2005;2017;2017;38.65;27/08/2026 07:00:11;assets/data/ilo/csv/ove_oit_ilostat_venezuela_anual.csv.gz
OIT - ILOSTAT;Venezuela;Anual;HOW_TEMP_SEX_INS_MTS_NB;Promedio de horas efectivamente trabajadas por semana por persona ocupada según sexo, sector público/privado y estado civil;Horas de trabajo;Estadísticas de Salarios y Tiempo de Trabajo (COND);sexo, sector público/privado, estado civil;99;984;2005;2017;2017;38.65;27/08/2026 07:00:11;assets/data/ilo/csv/ove_oit_ilostat_venezuela_anual.csv.gz
OIT - ILOSTAT;Venezuela;Anual;HOW_TEMP_SEX_INS_NB;Promedio de horas efectivamente trabajadas por semana por persona ocupada según sexo y sector público/privado;Horas de trabajo;Estadísticas de Salarios y Tiempo de Trabajo (COND);sexo, sector público/privado;9;90;2005;2017;2017;38.65;30/08/2026 07:16:20;assets/data/ilo/csv/ove_oit_ilostat_venezuela_anual.csv.gz
OIT - ILOSTAT;Venezuela;Anual;HOW_TEMP_SEX_NB;Promedio de horas efectivamente trabajadas por semana por persona ocupada según sexo;Horas de trabajo;Estadísticas de Salarios y Tiempo de Trabajo (COND);sexo;3;30;2005;2017;2017;38.65;30/08/2026 07:16:20;assets/data/ilo/csv/ove_oit_ilostat_venezuela_anual.csv.gz
OIT - ILOSTAT;Venezuela;Anual;HOW_TEMP_SEX_OCU_EDU_NB;Promedio de horas efectivamente trabajadas por semana por persona ocupada según sexo, ocupación y educación;Horas de trabajo;Estadísticas de Salarios y Tiempo de Trabajo (COND);sexo, ocupación, educación;706;5829;2005;2017;2017;38.65;30/08/2026 07:16:20;assets/data/ilo/csv/ove_oit_ilostat_venezuela_anual.csv.gz
OIT - ILOSTAT;Venezuela;Anual;HOW_TEMP_SEX_OCU_EST_NB;Promedio de horas efectivamente trabajadas por semana por persona ocupada según sexo, ocupación y tamaño del establecimiento;Horas de trabajo;Estadísticas de Salarios y Tiempo de Trabajo (COND);sexo, ocupación, tamaño del establecimiento;345;2679;2005;2017;2017;38.65;27/08/2026 07:00:11;assets/data/ilo/csv/ove_oit_ilostat_venezuela_anual.csv.gz
OIT - ILOSTAT;Venezuela;Anual;HOW_TEMP_SEX_OCU_INS_NB;Promedio de horas efectivamente trabajadas por semana por persona ocupada según sexo, ocupación y sector público/privado;Horas de trabajo;Estadísticas de Salarios y Tiempo de Trabajo (COND);sexo, ocupación, sector público/privado;135;1343;2005;2017;2017;38.65;30/08/2026 07:16:20;assets/data/ilo/csv/ove_oit_ilostat_venezuela_anual.csv.gz
OIT - ILOSTAT;Venezuela;Anual;HOW_TEMP_SEX_OCU_MTS_NB;Promedio de horas efectivamente trabajadas por semana por persona ocupada según sexo, ocupación y estado civil;Horas de trabajo;Estadísticas de Salarios y Tiempo de Trabajo (COND);sexo, ocupación, estado civil;489;4548;2005;2017;2017;38.65;27/08/2026 07:00:11;assets/data/ilo/csv/ove_oit_ilostat_venezuela_anual.csv.gz
OIT - ILOSTAT;Venezuela;Anual;HOW_TEMP_SEX_OCU_NB;Promedio de horas efectivamente trabajadas por semana por persona ocupada según sexo y ocupación;Horas de trabajo;Estadísticas de Salarios y Tiempo de Trabajo (COND);sexo, ocupación;45;450;2005;2017;2017;38.65;30/08/2026 07:16:20;assets/data/ilo/csv/ove_oit_ilostat_venezuela_anual.csv.gz
OIT - ILOSTAT;Venezuela;Anual;HOW_UEES_SEX_NB;Promedio de horas habitualmente trabajadas por semana por asalariado según sexo;Horas de trabajo;Estadísticas de Salarios y Tiempo de Trabajo (COND);sexo;3;30;2005;2017;2017;39.92;30/08/2026 07:16:20;assets/data/ilo/csv/ove_oit_ilostat_venezuela_anual.csv.gz
OIT - ILOSTAT;Venezuela;Anual;HOW_UEMP_SEX_NB;Promedio de horas habitualmente trabajadas por semana por persona ocupada según sexo;Horas de trabajo;Estadísticas de Salarios y Tiempo de Trabajo (COND);sexo;3;30;2005;2017;2017;38.99;30/08/2026 07:16:20;assets/data/ilo/csv/ove_oit_ilostat_venezuela_anual.csv.gz
OIT - ILOSTAT;Venezuela;Anual;HOW_XEES_AGE_EC2_NB;Promedio de horas efectivamente trabajadas por semana por asalariado según edad y actividad económica - nivel 2 de la CIIU;Horas de trabajo;Estadísticas de Salarios y Tiempo de Trabajo (COND);edad, actividad económica - nivel 2 de la ciiu;150;1484;2005;2017;2017;39.63;30/08/2026 07:16:20;assets/data/ilo/csv/ove_oit_ilostat_venezuela_anual.csv.gz
OIT - ILOSTAT;Venezuela;Anual;HOW_XEES_ECO_OCU_NB;Promedio de horas efectivamente trabajadas por semana por asalariado según actividad económica y ocupación;Horas de trabajo;Estadísticas de Salarios y Tiempo de Trabajo (COND);actividad económica, ocupación;475;4418;2005;2017;2017;39.63;30/08/2026 07:16:20;assets/data/ilo/csv/ove_oit_ilostat_venezuela_anual.csv.gz
OIT - ILOSTAT;Venezuela;Anual;HOW_XEES_SEX_AGE_ECO_NB;Promedio de horas efectivamente trabajadas por semana por asalariado según sexo, edad y actividad económica;Horas de trabajo;Estadísticas de Salarios y Tiempo de Trabajo (COND);sexo, edad, actividad económica;1084;10647;2005;2017;2017;39.63;30/08/2026 07:16:20;assets/data/ilo/csv/ove_oit_ilostat_venezuela_anual.csv.gz
OIT - ILOSTAT;Venezuela;Anual;HOW_XEES_SEX_AGE_INS_NB;Promedio de horas efectivamente trabajadas por semana por asalariado según sexo, edad y sector público/privado;Horas de trabajo;Estadísticas de Salarios y Tiempo de Trabajo (COND);sexo, edad, sector público/privado;135;1350;2005;2017;2017;39.63;30/08/2026 07:16:20;assets/data/ilo/csv/ove_oit_ilostat_venezuela_anual.csv.gz
OIT - ILOSTAT;Venezuela;Anual;HOW_XEES_SEX_AGE_NB;Promedio de horas efectivamente trabajadas por semana por asalariado según sexo y edad;Horas de trabajo;Estadísticas de Salarios y Tiempo de Trabajo (COND);sexo, edad;45;450;2005;2017;2017;39.63;30/08/2026 07:16:20;assets/data/ilo/csv/ove_oit_ilostat_venezuela_anual.csv.gz
OIT - ILOSTAT;Venezuela;Anual;HOW_XEES_SEX_AGE_OCU_NB;Promedio de horas efectivamente trabajadas por semana por asalariado según sexo, edad y ocupación;Horas de trabajo;Estadísticas de Salarios y Tiempo de Trabajo (COND);sexo, edad, ocupación;465;4546;2005;2017;2017;39.63;30/08/2026 07:16:20;assets/data/ilo/csv/ove_oit_ilostat_venezuela_anual.csv.gz
OIT - ILOSTAT;Venezuela;Anual;HOW_XEES_SEX_EC2_NB;Promedio de horas efectivamente trabajadas por semana por asalariado según sexo y actividad económica - nivel 2 de la CIIU;Horas de trabajo;Estadísticas de Salarios y Tiempo de Trabajo (COND);sexo, actividad económica - nivel 2 de la ciiu;150;1494;2005;2017;2017;39.63;30/08/2026 07:16:20;assets/data/ilo/csv/ove_oit_ilostat_venezuela_anual.csv.gz
OIT - ILOSTAT;Venezuela;Anual;HOW_XEES_SEX_ECO_EDU_NB;Promedio de horas efectivamente trabajadas por semana por asalariado según sexo, actividad económica y educación;Horas de trabajo;Estadísticas de Salarios y Tiempo de Trabajo (COND);sexo, actividad económica, educación;1548;12452;2005;2017;2017;39.63;30/08/2026 07:16:20;assets/data/ilo/csv/ove_oit_ilostat_venezuela_anual.csv.gz
OIT - ILOSTAT;Venezuela;Anual;HOW_XEES_SEX_ECO_EST_NB;Promedio de horas efectivamente trabajadas por semana por asalariado según sexo, actividad económica y tamaño del establecimiento;Horas de trabajo;Estadísticas de Salarios y Tiempo de Trabajo (COND);sexo, actividad económica, tamaño del establecimiento;827;6383;2005;2017;2017;39.63;27/08/2026 07:00:11;assets/data/ilo/csv/ove_oit_ilostat_venezuela_anual.csv.gz
OIT - ILOSTAT;Venezuela;Anual;HOW_XEES_SEX_ECO_INS_NB;Promedio de horas efectivamente trabajadas por semana por asalariado según sexo, actividad económica y sector público/privado;Horas de trabajo;Estadísticas de Salarios y Tiempo de Trabajo (COND);sexo, actividad económica, sector público/privado;297;2945;2005;2017;2017;39.63;30/08/2026 07:16:20;assets/data/ilo/csv/ove_oit_ilostat_venezuela_anual.csv.gz
OIT - ILOSTAT;Venezuela;Anual;HOW_XEES_SEX_ECO_MTS_NB;Promedio de horas efectivamente trabajadas por semana por asalariado según sexo, actividad económica y estado civil;Horas de trabajo;Estadísticas de Salarios y Tiempo de Trabajo (COND);sexo, actividad económica, estado civil;460;4277;2005;2017;2017;39.63;27/08/2026 07:00:11;assets/data/ilo/csv/ove_oit_ilostat_venezuela_anual.csv.gz
OIT - ILOSTAT;Venezuela;Anual;HOW_XEES_SEX_ECO_NB;Promedio de horas efectivamente trabajadas por semana por asalariado según sexo y actividad económica;Horas de trabajo;Estadísticas de Salarios y Tiempo de Trabajo (COND);sexo, actividad económica;152;1063;2005;2020;2020;39.3;30/08/2026 07:16:20;assets/data/ilo/csv/ove_oit_ilostat_venezuela_anual.csv.gz
OIT - ILOSTAT;Venezuela;Anual;HOW_XEES_SEX_EDU_NB;Promedio de horas efectivamente trabajadas por semana por asalariado según sexo y educación;Horas de trabajo;Estadísticas de Salarios y Tiempo de Trabajo (COND);sexo, educación;48;426;2005;2017;2017;39.63;30/08/2026 07:16:20;assets/data/ilo/csv/ove_oit_ilostat_venezuela_anual.csv.gz
OIT - ILOSTAT;Venezuela;Anual;HOW_XEES_SEX_EST_MTS_NB;Promedio de horas efectivamente trabajadas por semana por asalariado según sexo, tamaño del establecimiento y estado civil;Horas de trabajo;Estadísticas de Salarios y Tiempo de Trabajo (COND);sexo, tamaño del establecimiento, estado civil;425;3197;2005;2017;2017;39.63;27/08/2026 07:00:11;assets/data/ilo/csv/ove_oit_ilostat_venezuela_anual.csv.gz
OIT - ILOSTAT;Venezuela;Anual;HOW_XEES_SEX_EST_NB;Promedio de horas efectivamente trabajadas por semana por asalariado según sexo y tamaño del establecimiento;Horas de trabajo;Estadísticas de Salarios y Tiempo de Trabajo (COND);sexo, tamaño del establecimiento;39;303;2005;2017;2017;39.63;27/08/2026 07:00:11;assets/data/ilo/csv/ove_oit_ilostat_venezuela_anual.csv.gz
OIT - ILOSTAT;Venezuela;Anual;HOW_XEES_SEX_INS_MTS_NB;Promedio de horas efectivamente trabajadas por semana por asalariado según sexo, sector público/privado y estado civil;Horas de trabajo;Estadísticas de Salarios y Tiempo de Trabajo (COND);sexo, sector público/privado, estado civil;99;984;2005;2017;2017;39.63;27/08/2026 07:00:11;assets/data/ilo/csv/ove_oit_ilostat_venezuela_anual.csv.gz
OIT - ILOSTAT;Venezuela;Anual;HOW_XEES_SEX_INS_NB;Promedio de horas efectivamente trabajadas por semana por asalariado según sexo y sector público/privado;Horas de trabajo;Estadísticas de Salarios y Tiempo de Trabajo (COND);sexo, sector público/privado;9;90;2005;2017;2017;39.63;30/08/2026 07:16:20;assets/data/ilo/csv/ove_oit_ilostat_venezuela_anual.csv.gz
OIT - ILOSTAT;Venezuela;Anual;HOW_XEES_SEX_MTS_NB;Promedio de horas efectivamente trabajadas por semana por asalariado según sexo y estado civil;Horas de trabajo;Estadísticas de Salarios y Tiempo de Trabajo (COND);sexo, estado civil;33;330;2005;2017;2017;39.63;27/08/2026 07:00:11;assets/data/ilo/csv/ove_oit_ilostat_venezuela_anual.csv.gz
OIT - ILOSTAT;Venezuela;Anual;HOW_XEES_SEX_NB;Promedio de horas efectivamente trabajadas por semana por asalariado según sexo;Horas de trabajo;Estadísticas de Salarios y Tiempo de Trabajo (COND);sexo;3;30;2005;2017;2017;39.63;30/08/2026 07:16:20;assets/data/ilo/csv/ove_oit_ilostat_venezuela_anual.csv.gz
OIT - ILOSTAT;Venezuela;Anual;HOW_XEES_SEX_OCU_EDU_NB;Promedio de horas efectivamente trabajadas por semana por asalariado según sexo, ocupación y educación;Horas de trabajo;Estadísticas de Salarios y Tiempo de Trabajo (COND);sexo, ocupación, educación;695;5605;2005;2017;2017;39.63;30/08/2026 07:16:20;assets/data/ilo/csv/ove_oit_ilostat_venezuela_anual.csv.gz
OIT - ILOSTAT;Venezuela;Anual;HOW_XEES_SEX_OCU_EST_NB;Promedio de horas efectivamente trabajadas por semana por asalariado según sexo, ocupación y tamaño del establecimiento;Horas de trabajo;Estadísticas de Salarios y Tiempo de Trabajo (COND);sexo, ocupación, tamaño del establecimiento;344;2550;2005;2017;2017;39.63;27/08/2026 07:00:11;assets/data/ilo/csv/ove_oit_ilostat_venezuela_anual.csv.gz
OIT - ILOSTAT;Venezuela;Anual;HOW_XEES_SEX_OCU_INS_NB;Promedio de horas efectivamente trabajadas por semana por asalariado según sexo, ocupación y sector público/privado;Horas de trabajo;Estadísticas de Salarios y Tiempo de Trabajo (COND);sexo, ocupación, sector público/privado;135;1340;2005;2017;2017;39.63;30/08/2026 07:16:20;assets/data/ilo/csv/ove_oit_ilostat_venezuela_anual.csv.gz
OIT - ILOSTAT;Venezuela;Anual;HOW_XEES_SEX_OCU_MTS_NB;Promedio de horas efectivamente trabajadas por semana por asalariado según sexo, ocupación y estado civil;Horas de trabajo;Estadísticas de Salarios y Tiempo de Trabajo (COND);sexo, ocupación, estado civil;489;4462;2005;2017;2017;39.63;27/08/2026 07:00:11;assets/data/ilo/csv/ove_oit_ilostat_venezuela_anual.csv.gz
OIT - ILOSTAT;Venezuela;Anual;HOW_XEES_SEX_OCU_NB;Promedio de horas efectivamente trabajadas por semana por asalariado según sexo y ocupación;Horas de trabajo;Estadísticas de Salarios y Tiempo de Trabajo (COND);sexo, ocupación;48;489;2005;2020;2020;39.1;30/08/2026 07:16:20;assets/data/ilo/csv/ove_oit_ilostat_venezuela_anual.csv.gz
OIT - ILOSTAT;Venezuela;Anual;ILR_CBCT_NOC_RT;Tasa de cobertura de la negociación colectiva (%);Relaciones laborales;Datos de Relaciones Laborales (IRdata);Tasa de cobertura de la negociación colectiva;1;4;2009;2016;2016;23.4;03/05/2022 15:55:20;assets/data/ilo/csv/ove_oit_ilostat_venezuela_anual.csv.gz
OIT - ILOSTAT;Venezuela;Anual;ILR_TUMT_NOC_RT;Tasa de sindicalización (%);Relaciones laborales;Datos de Relaciones Laborales (IRdata);Tasa de sindicalización;1;2;2011;2012;2012;0.2;21/06/2024 10:56:21;assets/data/ilo/csv/ove_oit_ilostat_venezuela_anual.csv.gz
OIT - ILOSTAT;Venezuela;Anual;INJ_FATL_ECO_NB;Casos de lesiones profesionales fatales según actividad económica;Lesiones profesionales;Estadísticas de Seguridad y Salud en el Trabajo (OSH);actividad económica;1;27;1976;2002;2002;31.0;01/09/2026 07:11:04;assets/data/ilo/csv/ove_oit_ilostat_venezuela_anual.csv.gz
OIT - ILOSTAT;Venezuela;Anual;INJ_FATL_ECO_RT;Lesiones profesionales fatales por 100'000 trabajadores según actividad económica;Lesiones profesionales;Estadísticas de Seguridad y Salud en el Trabajo (OSH);actividad económica;3;30;1988;1997;1997;57.5;01/09/2026 07:11:04;assets/data/ilo/csv/ove_oit_ilostat_venezuela_anual.csv.gz
OIT - ILOSTAT;Venezuela;Anual;INJ_FATL_SEX_MIG_NB;Casos de lesiones profesionales fatales según sexo y condición de migrante;Lesiones profesionales;Estadísticas de Seguridad y Salud en el Trabajo (OSH);sexo, situación de migrante;4;39;1976;2012;2012;320.0;31/08/2026 14:59:00;assets/data/ilo/csv/ove_oit_ilostat_venezuela_anual.csv.gz
OIT - ILOSTAT;Venezuela;Anual;INJ_FATL_SEX_MIG_RT;Lesiones profesionales fatales por 100'000 trabajadores según sexo y condición de migrante;Lesiones profesionales;Estadísticas de Seguridad y Salud en el Trabajo (OSH);sexo, situación de migrante;1;10;1988;1997;1997;57.5;31/08/2026 15:13:47;assets/data/ilo/csv/ove_oit_ilostat_venezuela_anual.csv.gz
OIT - ILOSTAT;Venezuela;Anual;INJ_NFTL_ECO_NB;Casos de lesiones profesionales no fatales según actividad económica;Lesiones profesionales;Estadísticas de Seguridad y Salud en el Trabajo (OSH);actividad económica;1;27;1976;2002;2002;2980.0;01/09/2026 07:11:04;assets/data/ilo/csv/ove_oit_ilostat_venezuela_anual.csv.gz
OIT - ILOSTAT;Venezuela;Anual;INJ_NFTL_SEX_MIG_NB;Casos de lesiones profesionales no fatales según sexo y condición de migrante;Lesiones profesionales;Estadísticas de Seguridad y Salud en el Trabajo (OSH);sexo, situación de migrante;1;27;1976;2002;2002;2980.0;31/08/2026 15:07:44;assets/data/ilo/csv/ove_oit_ilostat_venezuela_anual.csv.gz
OIT - ILOSTAT;Venezuela;Anual;LAC_XEES_ECO_NB;Costo de la mano de obra promedio por hora por asalariado según actividad económica - Discontinuado (moneda local);Costo de la mano de obra;Precios, Costos y Conversiones de Moneda (PRICES);actividad económica;26;26;2020;2020;2020;17410.7;19/05/2026 19:56:05;assets/data/ilo/csv/ove_oit_ilostat_venezuela_anual.csv.gz
OIT - ILOSTAT;Venezuela;Anual;LAC_XEES_NOC_NB;Costo de la mano de obra promedio por hora por asalariado - Discontinuado (moneda local);Costo de la mano de obra;Precios, Costos y Conversiones de Moneda (PRICES);Costo de la mano de obra promedio por hora por asalariado - Discontinuado;1;1;2020;2020;2020;17410.7;15/05/2026 14:25:06;assets/data/ilo/csv/ove_oit_ilostat_venezuela_anual.csv.gz
OIT - ILOSTAT;Venezuela;Anual;LAI_INDE_NOC_RT;Cantidad de inspectores por 10'000 personas ocupadas;Inspección del trabajo;Estadísticas de Seguridad y Salud en el Trabajo (OSH);Inspectores por 10'000 personas ocupadas;1;4;2009;2012;2012;0.14;11/01/2026 06:02:14;assets/data/ilo/csv/ove_oit_ilostat_venezuela_anual.csv.gz
OIT - ILOSTAT;Venezuela;Anual;LAI_INSP_SEX_NB;Número de inspectores del trabajo según sexo;Inspección del trabajo;Estadísticas de Seguridad y Salud en el Trabajo (OSH);sexo;3;8;2009;2012;2012;168.0;04/02/2026 19:43:18;assets/data/ilo/csv/ove_oit_ilostat_venezuela_anual.csv.gz
OIT - ILOSTAT;Venezuela;Anual;LAI_VDIN_NOC_RT;Visitas de inspección del trabajo por inspector;Inspección del trabajo;Estadísticas de Seguridad y Salud en el Trabajo (OSH);Visitas de inspección del trabajo por inspector;1;4;2009;2012;2012;112.35;06/02/2026 07:17:06;assets/data/ilo/csv/ove_oit_ilostat_venezuela_anual.csv.gz
OIT - ILOSTAT;Venezuela;Anual;LAI_VIST_NOC_NB;Número de visitas de inspección del trabajo;Inspección del trabajo;Estadísticas de Seguridad y Salud en el Trabajo (OSH);Número de visitas de inspección del trabajo;1;4;2009;2012;2012;18874.0;06/02/2026 08:55:07;assets/data/ilo/csv/ove_oit_ilostat_venezuela_anual.csv.gz
OIT - ILOSTAT;Venezuela;Anual;LAI_WOPL_NOC_NB;Número de lugares de trabajo registrados que pueden ser seleccionados para una inspección del trabajo;Inspección del trabajo;Estadísticas de Seguridad y Salud en el Trabajo (OSH);Número de lugares de trabajo registrados que pueden ser seleccionados para una inspección del trabajo;1;2;2011;2012;2012;353669.0;06/02/2026 09:02:56;assets/data/ilo/csv/ove_oit_ilostat_venezuela_anual.csv.gz
OIT - ILOSTAT;Venezuela;Anual;LAP_2GDP_NOC_RT;Participación del ingreso laboral en el PIB -- Estimaciones modeladas de la OIT, Nov. 2025 (%);Remuneraciones y ingresos;Estimaciones Modeladas por la OIT (ILOEST);Participación del ingreso laboral en el PIB (Estimaciones modeladas de la OIT);1;23;2004;2026;2026;9.695;20/03/2026 12:54:04;assets/data/ilo/csv/ove_oit_ilostat_venezuela_anual.csv.gz
OIT - ILOSTAT;Venezuela;Anual;LAP_2LID_QTL_RT;Distribución del ingreso laboral por decil -- Estimaciones modeladas de la OIT, Sept. 2025 (%);Remuneraciones y ingresos;Estimaciones Modeladas por la OIT (ILOEST);Distribución del ingreso laboral (Estimaciones modeladas de la OIT), QTL;10;220;2004;2025;2025;0.524;16/09/2025 15:46:19;assets/data/ilo/csv/ove_oit_ilostat_venezuela_anual.csv.gz
OIT - ILOSTAT;Venezuela;Anual;LUU_2LU2_SEX_AGE_RT;SU2: Tasa combinada de subocupación por insuficiencia de tiempo de trabajo y desocupación según sexo y edad -- Estimaciones modeladas de la OIT, Nov. 2025 (%);Desempleo y subutilización de la fuerza de trabajo;Estimaciones Modeladas por la OIT (ILOEST);sexo, edad;9;207;2005;2027;2027;12.019;02/12/2025 12:16:21;assets/data/ilo/csv/ove_oit_ilostat_venezuela_anual.csv.gz
OIT - ILOSTAT;Venezuela;Anual;LUU_2LU2_SEX_RT;SU2: Tasa combinada de subocupación por insuficiencia de tiempo de trabajo y desocupación según sexo -- Estimaciones modeladas de la OIT, Nov. 2025 (%);Desempleo y subutilización de la fuerza de trabajo;Estimaciones Modeladas por la OIT (ILOEST);sexo;3;69;2005;2027;2027;12.019;22/05/2026 14:31:08;assets/data/ilo/csv/ove_oit_ilostat_venezuela_anual.csv.gz
OIT - ILOSTAT;Venezuela;Anual;POP_2LDR_NOC_RT;Tasa de dependencia demográfica -- Estimaciones modeladas de la OIT, Nov. 2025;Población;Estimaciones Modeladas por la OIT (ILOEST);Tasa de dependencia demográfica (estimaciones modeladas de la OIT;1;37;1991;2027;2027;1.693;02/12/2025 12:28:16;assets/data/ilo/csv/ove_oit_ilostat_venezuela_anual.csv.gz
OIT - ILOSTAT;Venezuela;Anual;POP_2POP_SEX_NB;Población según sexo -- estimaciones y proyecciones de la ONU, Julio 2024 (millares);Población;Estimaciones Modeladas por la OIT (ILOEST);sexo;3;123;1990;2030;2030;22634.977;01/03/2026 14:49:10;assets/data/ilo/csv/ove_oit_ilostat_venezuela_anual.csv.gz
OIT - ILOSTAT;Venezuela;Anual;POP_2WAP_SEX_AGE_NB;Población en edad de trabajar según sexo y edad -- estimaciones y proyecciones de la ONU, Julio 2024 (millares);Población;Estimaciones Modeladas por la OIT (ILOEST);sexo, edad;84;3444;1990;2030;2030;22634.977;01/03/2026 14:51:04;assets/data/ilo/csv/ove_oit_ilostat_venezuela_anual.csv.gz
OIT - ILOSTAT;Venezuela;Anual;POP_3VET_SEX_AGE_NB;Población joven en edad de trabajar con formación profesional según sexo y edad (millares);Competencias y aprendizaje;Indicadores del Mercado Laboral Juvenil (YouthSTATS);sexo, edad;12;108;2005;2016;2016;621.429;02/09/2026 07:15:04;assets/data/ilo/csv/ove_oit_ilostat_venezuela_anual.csv.gz
OIT - ILOSTAT;Venezuela;Anual;POP_3WAP_SEX_AGE_EDU_NB;Población juvenil en edad de trabajar según sexo, edad y educación (millares);Población;Indicadores del Mercado Laboral Juvenil (YouthSTATS);sexo, edad, educación;72;651;2005;2017;2017;7988.515;01/09/2026 07:14:07;assets/data/ilo/csv/ove_oit_ilostat_venezuela_anual.csv.gz
OIT - ILOSTAT;Venezuela;Anual;POP_3WAP_SEX_AGE_LMS_NB;Población juvenil en edad de trabajar según sexo, edad y situación en el mercado de (millares);Población;Indicadores del Mercado Laboral Juvenil (YouthSTATS);sexo, edad, situación en el mercado de trabajo;48;480;2005;2017;2017;7988.515;01/09/2026 07:14:07;assets/data/ilo/csv/ove_oit_ilostat_venezuela_anual.csv.gz
OIT - ILOSTAT;Venezuela;Anual;POP_3WAP_SEX_AGE_STU_NB;Población juvenil en edad de trabajar según sexo, edad, y estado de la asistencia escolar (millares);Población;Indicadores del Mercado Laboral Juvenil (YouthSTATS);sexo, edad, asistencia a la escuela o formación;48;441;2005;2017;2017;7988.515;01/09/2026 07:14:07;assets/data/ilo/csv/ove_oit_ilostat_venezuela_anual.csv.gz
OIT - ILOSTAT;Venezuela;Anual;POP_XVET_SEX_AGE_NB;Población en edad de trabajar con formación profesional según sexo y edad (millares);Competencias y aprendizaje;Indicadores de Educación y Desajuste (EMI);sexo, edad;15;135;2005;2016;2016;1839.552;02/09/2026 07:03:04;assets/data/ilo/csv/ove_oit_ilostat_venezuela_anual.csv.gz
OIT - ILOSTAT;Venezuela;Anual;POP_XVET_SEX_EDU_NB;Población en edad de trabajar con formación profesional según sexo y educación (millares);Competencias y aprendizaje;Indicadores de Educación y Desajuste (EMI);sexo, educación;6;54;2005;2016;2016;1839.552;02/09/2026 07:03:04;assets/data/ilo/csv/ove_oit_ilostat_venezuela_anual.csv.gz
OIT - ILOSTAT;Venezuela;Anual;POP_XWAP_SEX_AGE_EDU_NB;Población en edad de trabajar según sexo, edad y educación (millares);Población;Indicadores de Educación y Desajuste (EMI);sexo, edad, educación;768;6798;2005;2017;2017;23122.616;01/09/2026 07:02:23;assets/data/ilo/csv/ove_oit_ilostat_venezuela_anual.csv.gz
OIT - ILOSTAT;Venezuela;Anual;POP_XWAP_SEX_AGE_GEO_NB;Población en edad de trabajar según sexo, edad y zonas rurales / urbanas (millares);Población;Mercados Laborales Rurales y Urbanos (RURBAN);sexo, edad, zonas rurales/urbanes;9;18;2011;2012;2012;23922.133;27/08/2026 07:10:06;assets/data/ilo/csv/ove_oit_ilostat_venezuela_anual.csv.gz
OIT - ILOSTAT;Venezuela;Anual;POP_XWAP_SEX_AGE_LMS_NB;Población en edad de trabajar según sexo, edad y situación en el mercado de (millares);Población;Estadísticas sobre la Fuerza Laboral (LFS);sexo, edad, situación en el mercado de trabajo;192;1920;2005;2017;2017;23122.616;01/09/2026 07:09:15;assets/data/ilo/csv/ove_oit_ilostat_venezuela_anual.csv.gz
OIT - ILOSTAT;Venezuela;Anual;POP_XWAP_SEX_AGE_MTS_NB;Poblacion en edad de trabajar según sexo, edad y estado civil (millares);Población;Indicadores de Igualdad de Género y No Discriminación (GEND);sexo, edad, estado civil;528;5226;2005;2017;2017;23122.616;01/09/2026 07:04:12;assets/data/ilo/csv/ove_oit_ilostat_venezuela_anual.csv.gz
OIT - ILOSTAT;Venezuela;Anual;POP_XWAP_SEX_AGE_NB;Población en edad de trabajar según sexo y edad (millares);Población;Estadísticas sobre la Fuerza Laboral (LFS);sexo, edad;168;1694;1961;2020;2020;24471.285;01/09/2026 07:09:15;assets/data/ilo/csv/ove_oit_ilostat_venezuela_anual.csv.gz
OIT - ILOSTAT;Venezuela;Anual;POP_XWAP_SEX_EDU_LMS_NB;Población en edad de trabajar según sexo, educación and situación en el mercado de trabajo (millares);Población;Indicadores de Educación y Desajuste (EMI);sexo, educación, situación en el mercado de trabajo;192;1704;2005;2017;2017;23122.616;01/09/2026 07:02:23;assets/data/ilo/csv/ove_oit_ilostat_venezuela_anual.csv.gz
OIT - ILOSTAT;Venezuela;Anual;POP_XWAP_SEX_EDU_MTS_NB;Población en edad de trabajar según sexo, educación y estado civil (millares);Población;Indicadores de Educación y Desajuste (EMI);sexo, educación, estado civil;528;4542;2005;2017;2017;23122.616;01/09/2026 07:02:23;assets/data/ilo/csv/ove_oit_ilostat_venezuela_anual.csv.gz
OIT - ILOSTAT;Venezuela;Anual;POP_XWAP_SEX_EDU_NB;Población en edad de trabajar según sexo y educación (millares);Población;Indicadores de Educación y Desajuste (EMI);sexo, educación;48;435;2005;2017;2017;23122.616;01/09/2026 07:02:23;assets/data/ilo/csv/ove_oit_ilostat_venezuela_anual.csv.gz
OIT - ILOSTAT;Venezuela;Anual;POP_XWAP_SEX_LMS_NB;Población en edad de trabajar según sexo and situación en el mercado de trabajo (millares);Población;Estadísticas sobre la Fuerza Laboral (LFS);sexo, situación en el mercado de trabajo;12;120;2005;2017;2017;23122.616;01/09/2026 07:09:15;assets/data/ilo/csv/ove_oit_ilostat_venezuela_anual.csv.gz
OIT - ILOSTAT;Venezuela;Anual;POP_XWAP_SEX_MTS_LMS_NB;Población en edad de trabajar según sexo, estado civil and situación en el mercado de trabajo (millares);Población;Indicadores de Igualdad de Género y No Discriminación (GEND);sexo, estado civil, situación en el mercado de trabajo;48;474;2005;2017;2017;23122.616;01/09/2026 07:04:12;assets/data/ilo/csv/ove_oit_ilostat_venezuela_anual.csv.gz
OIT - ILOSTAT;Venezuela;Anual;POP_XWAP_SEX_MTS_NB;Poblacion en edad de trabajar según sexo y estado civil (millares);Población;Indicadores de Igualdad de Género y No Discriminación (GEND);sexo, estado civil;33;330;2005;2017;2017;23122.616;01/09/2026 07:04:12;assets/data/ilo/csv/ove_oit_ilostat_venezuela_anual.csv.gz
OIT - ILOSTAT;Venezuela;Anual;SDG_0111_SEX_AGE_RT;Indicador ODS 1.1.1: Tasa de trabajadores pobres según sexo y edad (%);Pobreza laboral;Indicadores ODS del Mercado Laboral (ILOSDG);sexo, edad;9;218;2000;2025;2025;29.503;03/12/2025 18:32:36;assets/data/ilo/csv/ove_oit_ilostat_venezuela_anual.csv.gz
OIT - ILOSTAT;Venezuela;Anual;SDG_0131_SEX_SOC_RT;Indicador ODS 1.3.1: Proporción de la población cubierta por sistemas/pisos de protección social según sexo y función (%);Protección social;Indicadores ODS del Mercado Laboral (ILOSDG);sexo, typo de los prestaciones;6;9;2012;2019;2019;30.8;04/05/2026 11:49:21;assets/data/ilo/csv/ove_oit_ilostat_venezuela_anual.csv.gz
OIT - ILOSTAT;Venezuela;Anual;SDG_0821_NOC_RT;Indicador ODS 8.2.1: Tasa de crecimiento anual de la producción por trabajador, PIB en US dólares constantes 2015 (%);Productividad laboral;Indicadores ODS del Mercado Laboral (ILOSDG);Indicador ODS 8.2.1: Tasa de crecimiento anual de la producción por trabajador, PIB en US dólares constantes 2015;1;28;2000;2027;2027;1.311;20/02/2026 17:50:06;assets/data/ilo/csv/ove_oit_ilostat_venezuela_anual.csv.gz
OIT - ILOSTAT;Venezuela;Anual;SDG_0831_SEX_ECO_RT;Indicador ODS 8.3. 1: Proporción de la ocupación informal en la ocupación total según sexo y actividad económica (%);Economía informal;Indicadores ODS del Mercado Laboral (ILOSDG);sexo, actividad económica;42;42;2017;2017;2017;58.31;30/08/2026 07:19:04;assets/data/ilo/csv/ove_oit_ilostat_venezuela_anual.csv.gz
OIT - ILOSTAT;Venezuela;Anual;SDG_0851_SEX_OCU_NB;Indicador ODS 8.5.1: Ganancias por hora promedio de asalariados según sexo (moneda local);Remuneraciones y ingresos;Indicadores ODS del Mercado Laboral (ILOSDG);sexo, ocupación;45;450;2005;2017;2017;1660.09;27/08/2026 07:05:04;assets/data/ilo/csv/ove_oit_ilostat_venezuela_anual.csv.gz
OIT - ILOSTAT;Venezuela;Anual;SDG_0852_SEX_AGE_RT;Indicador ODS 8.5.2: Tasa de desocupación según sexo y edad (%);Desempleo y subutilización de la fuerza de trabajo;Indicadores ODS del Mercado Laboral (ILOSDG);sexo, edad;18;114;2001;2020;2020;7.526;02/09/2026 13:43:04;assets/data/ilo/csv/ove_oit_ilostat_venezuela_anual.csv.gz
OIT - ILOSTAT;Venezuela;Anual;SDG_0861_SEX_RT;Indicador ODS 8.6.1: Proporción de jóvenes de 15 a 24 años que no están en el sistema educativo ni ocupados ni en formación según sexo (%);Desempleo y subutilización de la fuerza de trabajo;Indicadores ODS del Mercado Laboral (ILOSDG);sexo;3;33;2005;2020;2020;37.13;02/09/2026 13:43:04;assets/data/ilo/csv/ove_oit_ilostat_venezuela_anual.csv.gz
OIT - ILOSTAT;Venezuela;Anual;SDG_0882_NOC_RT;Indicador 8.8.2: Nivel de cumplimiento nacional de los derechos laborales, libertad sindical y negociación colectiva;Relaciones laborales;Indicadores ODS del Mercado Laboral (ILOSDG);Indicador 8.8.2: Nivel de cumplimiento nacional de los derechos laborales, libertad sindical y negociación colectiva;1;10;2015;2024;2024;8.91;08/01/2026 14:36:04;assets/data/ilo/csv/ove_oit_ilostat_venezuela_anual.csv.gz
OIT - ILOSTAT;Venezuela;Anual;SDG_08B1_NOC_NB;Indicador ODS 8.b.1: Existencia de una estrategia nacional para la ocupación juvenil desarrollada y operacionalizada;Ocupación;Indicadores ODS del Mercado Laboral (ILOSDG);Indicador ODS 8.b.1: Existencia de una estrategia nacional para la ocupación juvenil desarrollada y operacionalizada;1;3;2022;2025;2025;2.0;17/03/2026 13:49:06;assets/data/ilo/csv/ove_oit_ilostat_venezuela_anual.csv.gz
OIT - ILOSTAT;Venezuela;Anual;SDG_0922_NOC_RT;Indicador ODS 9.2.2: Ocupación en la manufactura como porcentaje de la ocupación total (%);Ocupación;Indicadores ODS del Mercado Laboral (ILOSDG);Indicador ODS 9.2.2: Ocupación en la manufactura como porcentaje de la ocupación total (definición anterior de la OIT - CIET13);1;12;2004;2017;2017;10.816;30/08/2026 07:19:04;assets/data/ilo/csv/ove_oit_ilostat_venezuela_anual.csv.gz
OIT - ILOSTAT;Venezuela;Anual;SDG_1041_NOC_RT;Indicador ODS 10.4.1: Participación del ingreso laboral en el PIB (%);Remuneraciones y ingresos;Indicadores ODS del Mercado Laboral (ILOSDG);Indicador ODS 10.4.1: Participación del ingreso laboral en el PIB;1;23;2004;2026;2026;9.695;20/03/2026 18:50:30;assets/data/ilo/csv/ove_oit_ilostat_venezuela_anual.csv.gz
OIT - ILOSTAT;Venezuela;Anual;SDG_A871_SEX_AGE_RT;Indicador ODS 8.7.1: Porcentaje de niños ocupados en actividades económicas según sexo y edad (%);Trabajo infantil;Indicadores ODS del Mercado Laboral (ILOSDG);sexo, edad;6;6;2017;2017;2017;6.873;11/08/2026 07:07:05;assets/data/ilo/csv/ove_oit_ilostat_venezuela_anual.csv.gz
OIT - ILOSTAT;Venezuela;Anual;SDG_B821_NOC_RT;Indicador ODS 8.2.1: Tasa de crecimiento anual de la producción por trabajador, PIB en dólares internacionales constantes, PPA 2021 (%);Productividad laboral;Indicadores ODS del Mercado Laboral (ILOSDG);Indicador ODS 8.2.1: Tasa de crecimiento anual de la producción por trabajador, PIB en dólares internacionales constantes, PPA 2021;1;28;2000;2027;2027;1.311;20/02/2026 08:49:06;assets/data/ilo/csv/ove_oit_ilostat_venezuela_anual.csv.gz
OIT - ILOSTAT;Venezuela;Anual;SDG_T552_NOC_RT;Indicador ODS 5.5.2: Proporción de mujeres en puestos gerenciales o directivos (%);Ocupación;Indicadores ODS del Mercado Laboral (ILOSDG);Indicador ODS 5.5.2: Proporción de mujeres en puestos gerenciales o directivos (definición anterior de la OIT - CIET13);1;10;2005;2017;2017;32.758;30/08/2026 07:19:04;assets/data/ilo/csv/ove_oit_ilostat_venezuela_anual.csv.gz
OIT - ILOSTAT;Venezuela;Anual;STR_DAYS_ECO_NB;Días no trabajados debido a huelgas y cierres patronales según actividad económica;Relaciones laborales;Datos de Relaciones Laborales (IRdata);actividad económica;9;100;1970;1985;1985;16219.0;01/07/2026 18:55:04;assets/data/ilo/csv/ove_oit_ilostat_venezuela_anual.csv.gz
OIT - ILOSTAT;Venezuela;Anual;STR_TSTR_ECO_NB;Número de huelgas y cierres patronales según actividad económica;Relaciones laborales;Datos de Relaciones Laborales (IRdata);actividad económica;11;125;1969;2002;2002;35.0;01/07/2026 18:55:04;assets/data/ilo/csv/ove_oit_ilostat_venezuela_anual.csv.gz
OIT - ILOSTAT;Venezuela;Anual;STR_WORK_ECO_NB;Número de trabajadores implicados en huelgas y cierres patronales según actividad económica (millares);Relaciones laborales;Datos de Relaciones Laborales (IRdata);actividad económica;10;103;1969;1985;1985;12.945;01/07/2026 18:55:04;assets/data/ilo/csv/ove_oit_ilostat_venezuela_anual.csv.gz
OIT - ILOSTAT;Venezuela;Anual;UNE_2EAP_SEX_AGE_RT;Tasa de desocupación según sexo y edad -- Estimaciones modeladas de la OIT, Nov. 2025 (%);Desempleo y subutilización de la fuerza de trabajo;Estimaciones Modeladas por la OIT (ILOEST);sexo, edad;9;333;1991;2027;2027;5.733;02/12/2025 12:33:47;assets/data/ilo/csv/ove_oit_ilostat_venezuela_anual.csv.gz
OIT - ILOSTAT;Venezuela;Anual;UNE_2UNE_SEX_AGE_NB;Desocupación según sexo y edad -- Estimaciones modeladas de la OIT, Nov. 2025 (millares);Desempleo y subutilización de la fuerza de trabajo;Estimaciones Modeladas por la OIT (ILOEST);sexo, edad;9;333;1991;2027;2027;649.301;02/12/2025 12:33:47;assets/data/ilo/csv/ove_oit_ilostat_venezuela_anual.csv.gz
OIT - ILOSTAT;Venezuela;Anual;UNE_3EAP_SEX_AGE_EDU_RT;Tasa de desocupación juvenil según sexo, edad y educación (%);Desempleo y subutilización de la fuerza de trabajo;Indicadores del Mercado Laboral Juvenil (YouthSTATS);sexo, edad, educación;72;576;2005;2017;2017;10.052;02/09/2026 13:46:04;assets/data/ilo/csv/ove_oit_ilostat_venezuela_anual.csv.gz
OIT - ILOSTAT;Venezuela;Anual;UNE_3EAP_SEX_AGE_STU_RT;Tasa de desocupación juvenil según sexo, edad y estado de la asistencia escolar (%);Desempleo y subutilización de la fuerza de trabajo;Indicadores del Mercado Laboral Juvenil (YouthSTATS);sexo, edad, asistencia a la escuela o formación;48;398;2005;2017;2017;10.052;30/08/2026 07:31:06;assets/data/ilo/csv/ove_oit_ilostat_venezuela_anual.csv.gz
OIT - ILOSTAT;Venezuela;Anual;UNE_3UNE_SEX_AGE_CAT_NB;Desocupación de los jóvenes según sexo, edad y categorías de personas desocupadas (millares);Desempleo y subutilización de la fuerza de trabajo;Indicadores del Mercado Laboral Juvenil (YouthSTATS);sexo, edad, tipo de desocupación;42;366;2005;2017;2017;428.603;01/09/2026 07:14:07;assets/data/ilo/csv/ove_oit_ilostat_venezuela_anual.csv.gz
OIT - ILOSTAT;Venezuela;Anual;UNE_3UNE_SEX_AGE_DUR_NB;Desocupación de los jóvenes según sexo, edad y duración (millares);Desempleo y subutilización de la fuerza de trabajo;Indicadores del Mercado Laboral Juvenil (YouthSTATS);sexo, edad, duración;60;600;2005;2017;2017;428.603;30/08/2026 07:31:06;assets/data/ilo/csv/ove_oit_ilostat_venezuela_anual.csv.gz
OIT - ILOSTAT;Venezuela;Anual;UNE_3UNE_SEX_AGE_EDU_NB;Desocupación de los jóvenes según sexo, edad y educación (millares);Desempleo y subutilización de la fuerza de trabajo;Indicadores del Mercado Laboral Juvenil (YouthSTATS);sexo, edad, educación;72;594;2005;2017;2017;428.603;01/09/2026 07:14:07;assets/data/ilo/csv/ove_oit_ilostat_venezuela_anual.csv.gz
OIT - ILOSTAT;Venezuela;Anual;UNE_3UNE_SEX_AGE_STU_NB;Desocupación de los jóvenes según sexo, edad y estado de la asistencia escolar (millares);Desempleo y subutilización de la fuerza de trabajo;Indicadores del Mercado Laboral Juvenil (YouthSTATS);sexo, edad, asistencia a la escuela o formación;48;402;2005;2017;2017;428.603;01/09/2026 07:14:07;assets/data/ilo/csv/ove_oit_ilostat_venezuela_anual.csv.gz
OIT - ILOSTAT;Venezuela;Anual;UNE_3WAP_SEX_AGE_EDU_RT;Razón desocupación-población de los jóvenes según sexo, edad y educación (%);Desempleo y subutilización de la fuerza de trabajo;Indicadores del Mercado Laboral Juvenil (YouthSTATS);sexo, edad, educación;72;576;2005;2017;2017;5.365;02/09/2026 13:46:04;assets/data/ilo/csv/ove_oit_ilostat_venezuela_anual.csv.gz
OIT - ILOSTAT;Venezuela;Anual;UNE_3WAP_SEX_AGE_STU_RT;Razón desocupación-población de los jóvenes según sexo, edad y estado de la asistencia escolar (%);Desempleo y subutilización de la fuerza de trabajo;Indicadores del Mercado Laboral Juvenil (YouthSTATS);sexo, edad, asistencia a la escuela o formación;48;398;2005;2017;2017;5.365;30/08/2026 07:31:06;assets/data/ilo/csv/ove_oit_ilostat_venezuela_anual.csv.gz
OIT - ILOSTAT;Venezuela;Anual;UNE_DEAP_SEX_AGE_EDU_RT;Tasa de desocupación según sexo, edad y educación (%);Desempleo y subutilización de la fuerza de trabajo;Indicadores de Educación y Desajuste (EMI);sexo, edad, educación;762;6123;2005;2017;2017;5.045;02/09/2026 13:41:06;assets/data/ilo/csv/ove_oit_ilostat_venezuela_anual.csv.gz
OIT - ILOSTAT;Venezuela;Anual;UNE_DEAP_SEX_AGE_GEO_RT;Tasa de desocupación según sexo, edad y zonas rurales / urbanas (%);Desempleo y subutilización de la fuerza de trabajo;Mercados Laborales Rurales y Urbanos (RURBAN);sexo, edad, zonas rurales/urbanes;9;36;2009;2012;2012;7.517;27/08/2026 07:10:06;assets/data/ilo/csv/ove_oit_ilostat_venezuela_anual.csv.gz
OIT - ILOSTAT;Venezuela;Anual;UNE_DEAP_SEX_AGE_MTS_RT;Tasa de desocupación según sexo, edad y estado civil (%);Desempleo y subutilización de la fuerza de trabajo;Indicadores de Igualdad de Género y No Discriminación (GEND);sexo, edad, estado civil;528;4734;2005;2017;2017;5.045;27/08/2026 07:03:08;assets/data/ilo/csv/ove_oit_ilostat_venezuela_anual.csv.gz
OIT - ILOSTAT;Venezuela;Anual;UNE_DEAP_SEX_AGE_RT;Tasa de desocupación según sexo y edad (%);Desempleo y subutilización de la fuerza de trabajo;Estadísticas sobre la Fuerza Laboral (LFS);sexo, edad;168;1120;1975;2020;2020;7.526;02/09/2026 13:44:05;assets/data/ilo/csv/ove_oit_ilostat_venezuela_anual.csv.gz
OIT - ILOSTAT;Venezuela;Anual;UNE_DEAP_SEX_EDU_MTS_RT;Tasa de desocupación según sexo, educación y estado civil (%);Desempleo y subutilización de la fuerza de trabajo;Indicadores de Educación y Desajuste (EMI);sexo, educación, estado civil;510;3741;2005;2017;2017;5.045;27/08/2026 07:02:12;assets/data/ilo/csv/ove_oit_ilostat_venezuela_anual.csv.gz
OIT - ILOSTAT;Venezuela;Anual;UNE_DEAP_SEX_EDU_RT;Tasa de desocupación según sexo y educación (%);Desempleo y subutilización de la fuerza de trabajo;Indicadores de Educación y Desajuste (EMI);sexo, educación;48;408;2005;2017;2017;5.045;30/08/2026 07:17:15;assets/data/ilo/csv/ove_oit_ilostat_venezuela_anual.csv.gz
OIT - ILOSTAT;Venezuela;Anual;UNE_DEAP_SEX_MTS_RT;Tasa de desocupación según sexo y estado civil (%);Desempleo y subutilización de la fuerza de trabajo;Indicadores de Igualdad de Género y No Discriminación (GEND);sexo, estado civil;33;318;2005;2017;2017;5.045;27/08/2026 07:03:08;assets/data/ilo/csv/ove_oit_ilostat_venezuela_anual.csv.gz
OIT - ILOSTAT;Venezuela;Anual;UNE_PUNE_SEX_ECO_EDU_NB;Personas desocupadas anteriormente ocupadas según sexo, actividad económica previa y educación (millares);Desempleo y subutilización de la fuerza de trabajo;Indicadores de Educación y Desajuste (EMI);sexo, actividad económica, educación;18;170;1989;2020;2020;1102.952;16/06/2026 07:02:10;assets/data/ilo/csv/ove_oit_ilostat_venezuela_anual.csv.gz
OIT - ILOSTAT;Venezuela;Anual;UNE_PUNE_SEX_ECO_NB;Personas desocupadas anteriormente ocupadas según sexo y actividad económica previa (millares);Desempleo y subutilización de la fuerza de trabajo;Estadísticas sobre la Fuerza Laboral (LFS);sexo, actividad económica;111;1229;1970;2012;2012;842.931;08/07/2026 21:45:57;assets/data/ilo/csv/ove_oit_ilostat_venezuela_anual.csv.gz
OIT - ILOSTAT;Venezuela;Anual;UNE_PUNE_SEX_OCU_NB;Personas desocupadas anteriormente ocupadas según sexo y ocupación previa (millares);Desempleo y subutilización de la fuerza de trabajo;Estadísticas sobre la Fuerza Laboral (LFS);sexo, ocupación;51;283;1970;2012;2012;842.931;08/07/2026 21:45:57;assets/data/ilo/csv/ove_oit_ilostat_venezuela_anual.csv.gz
OIT - ILOSTAT;Venezuela;Anual;UNE_TUNE_SEX_AGE_DUR_NB;Desocupación según sexo, edad y duración (millares);Desempleo y subutilización de la fuerza de trabajo;Estadísticas sobre la Fuerza Laboral (LFS);sexo, edad, duración;624;6228;2005;2017;2017;774.703;30/08/2026 07:21:17;assets/data/ilo/csv/ove_oit_ilostat_venezuela_anual.csv.gz
OIT - ILOSTAT;Venezuela;Anual;UNE_TUNE_SEX_AGE_EDU_NB;Desocupación según sexo, edad y educación (millares);Desempleo y subutilización de la fuerza de trabajo;Indicadores de Educación y Desajuste (EMI);sexo, edad, educación;819;6761;1989;2020;2020;1102.952;01/09/2026 07:02:23;assets/data/ilo/csv/ove_oit_ilostat_venezuela_anual.csv.gz
OIT - ILOSTAT;Venezuela;Anual;UNE_TUNE_SEX_AGE_GEO_NB;Desocupación según sexo, edad y zonas rurales / urbanas (millares);Desempleo y subutilización de la fuerza de trabajo;Mercados Laborales Rurales y Urbanos (RURBAN);sexo, edad, zonas rurales/urbanes;9;36;2009;2012;2012;1027.694;27/08/2026 07:10:06;assets/data/ilo/csv/ove_oit_ilostat_venezuela_anual.csv.gz
OIT - ILOSTAT;Venezuela;Anual;UNE_TUNE_SEX_AGE_MTS_NB;Desocupación según sexo, edad y estado civil (millares);Desempleo y subutilización de la fuerza de trabajo;Indicadores de Igualdad de Género y No Discriminación (GEND);sexo, edad, estado civil;528;4734;2005;2017;2017;774.703;01/09/2026 07:04:12;assets/data/ilo/csv/ove_oit_ilostat_venezuela_anual.csv.gz
OIT - ILOSTAT;Venezuela;Anual;UNE_TUNE_SEX_AGE_NB;Desocupación según sexo y edad (millares);Desempleo y subutilización de la fuerza de trabajo;Estadísticas sobre la Fuerza Laboral (LFS);sexo, edad;84;1017;1975;2020;2020;1102.952;01/09/2026 07:09:15;assets/data/ilo/csv/ove_oit_ilostat_venezuela_anual.csv.gz
OIT - ILOSTAT;Venezuela;Anual;UNE_TUNE_SEX_CAT_NB;Desocupación según sexo y categoría de personas desocupadas (millares);Desempleo y subutilización de la fuerza de trabajo;Estadísticas sobre la Fuerza Laboral (LFS);sexo, tipo de desocupación;12;357;1975;2017;2017;774.703;01/09/2026 07:09:15;assets/data/ilo/csv/ove_oit_ilostat_venezuela_anual.csv.gz
OIT - ILOSTAT;Venezuela;Anual;UNE_TUNE_SEX_DUR_MTS_NB;Desocupación según sexo, educación y estado civil (millares);Desempleo y subutilización de la fuerza de trabajo;Indicadores de Igualdad de Género y No Discriminación (GEND);sexo, duración, estado civil;60;516;2005;2017;2017;774.703;27/08/2026 07:03:08;assets/data/ilo/csv/ove_oit_ilostat_venezuela_anual.csv.gz
OIT - ILOSTAT;Venezuela;Anual;UNE_TUNE_SEX_EDU_MTS_NB;Desocupación según sexo, educación y estado civil (millares);Desempleo y subutilización de la fuerza de trabajo;Indicadores de Educación y Desajuste (EMI);sexo, educación, estado civil;510;3741;2005;2017;2017;774.703;01/09/2026 07:02:23;assets/data/ilo/csv/ove_oit_ilostat_venezuela_anual.csv.gz
OIT - ILOSTAT;Venezuela;Anual;UNE_TUNE_SEX_EDU_NB;Desocupación según sexo y educación (millares);Desempleo y subutilización de la fuerza de trabajo;Indicadores de Educación y Desajuste (EMI);sexo, educación;48;408;2005;2017;2017;774.703;01/09/2026 07:02:23;assets/data/ilo/csv/ove_oit_ilostat_venezuela_anual.csv.gz
OIT - ILOSTAT;Venezuela;Anual;UNE_TUNE_SEX_MTS_NB;Desocupación según sexo y estado civil (millares);Desempleo y subutilización de la fuerza de trabajo;Indicadores de Igualdad de Género y No Discriminación (GEND);sexo, estado civil;33;318;2005;2017;2017;774.703;01/09/2026 07:04:12;assets/data/ilo/csv/ove_oit_ilostat_venezuela_anual.csv.gz
OIT - ILOSTAT;Venezuela;Trimestral;CPI_NCPD_COI_RT;IPC: Índice nacional de precios al consumidor, porcentaje de variación con respecto al período anterior según CCIF (%);Precios y factores de conversión;Precios, Costos y Conversiones de Moneda (PRICES);ccif;1;27;2010Q2;2016Q4;2016Q4;32.58;30/08/2026 07:28:04;assets/data/ilo/csv/ove_oit_ilostat_venezuela_trimestral.csv.gz
OIT - ILOSTAT;Venezuela;Trimestral;CPI_NCYR_COI_RT;IPC: Índice nacional de precios al consumidor, porcentaje de variación con respecto al año anterior según CCIF (%);Precios y factores de conversión;Precios, Costos y Conversiones de Moneda (PRICES);ccif;1;24;2011Q1;2016Q4;2016Q4;260.77;30/08/2026 07:28:04;assets/data/ilo/csv/ove_oit_ilostat_venezuela_trimestral.csv.gz
OIT - ILOSTAT;Venezuela;Trimestral;CPI_XCPI_COI_RT;IPC: Índice nacional de precios al consumidor, año base 2017 = 100 según CCIF;Precios y factores de conversión;Precios, Costos y Conversiones de Moneda (PRICES);ccif;1;28;2010Q1;2016Q4;2016Q4;7789.9;30/08/2026 07:28:04;assets/data/ilo/csv/ove_oit_ilostat_venezuela_trimestral.csv.gz
OIT - ILOSTAT;Venezuela;Trimestral;EAP_DWA1_SEX_AGE_RT;Tasa de participación en la fuerza de trabajo, DES según sexo y edad (%);Fuerza de trabajo;Estadísticas sobre la Fuerza Laboral (LFS);sexo, edad;3;78;2003Q3;2013Q4;2013Q4;64.597;30/08/2026 07:25:23;assets/data/ilo/csv/ove_oit_ilostat_venezuela_trimestral.csv.gz
OIT - ILOSTAT;Venezuela;Trimestral;EAP_DWAP_SEX_AGE_EDU_RT;Tasa de participación en la fuerza de trabajo según sexo, edad y educación (%);Fuerza de trabajo;Indicadores de Educación y Desajuste (EMI);sexo, edad, educación;558;7515;2005Q1;2012Q3;2012Q3;63.441;02/09/2026 07:05:10;assets/data/ilo/csv/ove_oit_ilostat_venezuela_trimestral.csv.gz
OIT - ILOSTAT;Venezuela;Trimestral;EAP_DWAP_SEX_AGE_MTS_RT;Tasa de participacion en la fuerza de trabajo según sexo y estado civil (%);Fuerza de trabajo;Indicadores de Igualdad de Género y No Discriminación (GEND);sexo, edad, estado civil;381;5787;2005Q1;2012Q3;2012Q3;63.441;02/09/2026 07:08:07;assets/data/ilo/csv/ove_oit_ilostat_venezuela_trimestral.csv.gz
OIT - ILOSTAT;Venezuela;Trimestral;EAP_DWAP_SEX_AGE_RT;Tasa de participación en la fuerza de trabajo según sexo y edad (%);Fuerza de trabajo;Estadísticas sobre la Fuerza Laboral (LFS);sexo, edad;84;1506;1999Q1;2013Q4;2013Q4;64.67;02/09/2026 07:12:08;assets/data/ilo/csv/ove_oit_ilostat_venezuela_trimestral.csv.gz
OIT - ILOSTAT;Venezuela;Trimestral;EAP_DWAP_SEX_EDU_MTS_RT;Tasa de participación en la fuerza de trabajo según sexo, educación y estado civil (%);Fuerza de trabajo;Indicadores de Educación y Desajuste (EMI);sexo, educación, estado civil;69;924;2005Q1;2012Q3;2012Q3;63.441;02/09/2026 07:05:10;assets/data/ilo/csv/ove_oit_ilostat_venezuela_trimestral.csv.gz
OIT - ILOSTAT;Venezuela;Trimestral;EAP_DWAP_SEX_EDU_RT;Tasa de participación en la fuerza de trabajo según sexo y educación (%);Fuerza de trabajo;Indicadores de Educación y Desajuste (EMI);sexo, educación;48;657;2005Q1;2012Q3;2012Q3;63.441;02/09/2026 07:05:10;assets/data/ilo/csv/ove_oit_ilostat_venezuela_trimestral.csv.gz
OIT - ILOSTAT;Venezuela;Trimestral;EAP_DWAP_SEX_MTS_RT;Tasa de participacion en la fuerza de trabajo según sexo y estado civil (%);Fuerza de trabajo;Indicadores de Igualdad de Género y No Discriminación (GEND);sexo, estado civil;33;522;2005Q1;2012Q3;2012Q3;63.441;02/09/2026 07:08:07;assets/data/ilo/csv/ove_oit_ilostat_venezuela_trimestral.csv.gz
OIT - ILOSTAT;Venezuela;Trimestral;EAP_TEA1_SEX_AGE_NB;Fuerza de trabajo, DES según sexo y edad (millares);Fuerza de trabajo;Estadísticas sobre la Fuerza Laboral (LFS);sexo, edad;3;78;2003Q3;2013Q4;2013Q4;13974.572;30/08/2026 07:25:23;assets/data/ilo/csv/ove_oit_ilostat_venezuela_trimestral.csv.gz
OIT - ILOSTAT;Venezuela;Trimestral;EAP_TEAP_SEX_AGE_EDU_NB;Fuerza de trabajo según sexo, edad y educación (millares);Fuerza de trabajo;Indicadores de Educación y Desajuste (EMI);sexo, edad, educación;558;7515;2005Q1;2012Q3;2012Q3;13431.665;02/09/2026 07:05:10;assets/data/ilo/csv/ove_oit_ilostat_venezuela_trimestral.csv.gz
OIT - ILOSTAT;Venezuela;Trimestral;EAP_TEAP_SEX_AGE_MTS_NB;Fuerza de trabajo según sexo, edad y estado civil (millares);Fuerza de trabajo;Indicadores de Igualdad de Género y No Discriminación (GEND);sexo, edad, estado civil;381;5789;2005Q1;2012Q3;2012Q3;13431.665;02/09/2026 07:08:07;assets/data/ilo/csv/ove_oit_ilostat_venezuela_trimestral.csv.gz
OIT - ILOSTAT;Venezuela;Trimestral;EAP_TEAP_SEX_AGE_NB;Fuerza de trabajo según sexo y edad (millares);Fuerza de trabajo;Estadísticas sobre la Fuerza Laboral (LFS);sexo, edad;84;1545;1990Q2;2013Q4;2013Q4;13983.513;02/09/2026 07:12:08;assets/data/ilo/csv/ove_oit_ilostat_venezuela_trimestral.csv.gz
OIT - ILOSTAT;Venezuela;Trimestral;EAP_TEAP_SEX_EDU_MTS_NB;Fuerza de trabajo según sexo, educación y estado civil (millares);Fuerza de trabajo;Indicadores de Educación y Desajuste (EMI);sexo, educación, estado civil;69;924;2005Q1;2012Q3;2012Q3;13431.665;02/09/2026 07:05:10;assets/data/ilo/csv/ove_oit_ilostat_venezuela_trimestral.csv.gz
OIT - ILOSTAT;Venezuela;Trimestral;EAP_TEAP_SEX_EDU_NB;Fuerza de trabajo según sexo y educación (millares);Fuerza de trabajo;Indicadores de Educación y Desajuste (EMI);sexo, educación;48;657;2005Q1;2012Q3;2012Q3;13431.665;02/09/2026 07:05:10;assets/data/ilo/csv/ove_oit_ilostat_venezuela_trimestral.csv.gz
OIT - ILOSTAT;Venezuela;Trimestral;EAP_TEAP_SEX_MTS_NB;Fuerza de trabajo según sexo y estado civil (millares);Fuerza de trabajo;Indicadores de Igualdad de Género y No Discriminación (GEND);sexo, estado civil;33;522;2005Q1;2012Q3;2012Q3;13431.665;02/09/2026 07:08:07;assets/data/ilo/csv/ove_oit_ilostat_venezuela_trimestral.csv.gz
OIT - ILOSTAT;Venezuela;Trimestral;EAR_EHRA_SEX_AGE_NB;Ganancias horarias promedio de los asalariados según sexo y edad (moneda local);Remuneraciones y ingresos;Estadísticas de Salarios y Tiempo de Trabajo (COND);sexo, edad;24;384;2005Q1;2012Q3;2012Q3;17.264;02/09/2026 07:02:07;assets/data/ilo/csv/ove_oit_ilostat_venezuela_trimestral.csv.gz
OIT - ILOSTAT;Venezuela;Trimestral;EAR_EHRA_SEX_ECO_NB;Ganancias horarias promedio de los asalariados según sexo y actividad económica (moneda local);Remuneraciones y ingresos;Estadísticas de Salarios y Tiempo de Trabajo (COND);sexo, actividad económica;99;1578;2005Q1;2012Q3;2012Q3;17.264;02/09/2026 07:02:07;assets/data/ilo/csv/ove_oit_ilostat_venezuela_trimestral.csv.gz
OIT - ILOSTAT;Venezuela;Trimestral;EAR_EHRA_SEX_EDU_NB;Ganancias horarias promedio de los asalariados según sexo y educación (moneda local);Remuneraciones y ingresos;Estadísticas de Salarios y Tiempo de Trabajo (COND);sexo, educación;48;645;2005Q1;2012Q3;2012Q3;17.264;02/09/2026 07:02:07;assets/data/ilo/csv/ove_oit_ilostat_venezuela_trimestral.csv.gz
OIT - ILOSTAT;Venezuela;Trimestral;EAR_EHRA_SEX_MTS_NB;Ganancias horarias promedio de los asalariados según sexo y estado civil (moneda local);Remuneraciones y ingresos;Estadísticas de Salarios y Tiempo de Trabajo (COND);sexo, estado civil;12;189;2005Q1;2012Q3;2012Q3;17.264;02/09/2026 07:02:07;assets/data/ilo/csv/ove_oit_ilostat_venezuela_trimestral.csv.gz
OIT - ILOSTAT;Venezuela;Trimestral;EAR_EHRA_SEX_NB;Ganancias horarias promedio de los asalariados según sexo (moneda local);Remuneraciones y ingresos;Estadísticas de Salarios y Tiempo de Trabajo (COND);sexo;3;48;2005Q1;2012Q3;2012Q3;17.264;02/09/2026 07:02:07;assets/data/ilo/csv/ove_oit_ilostat_venezuela_trimestral.csv.gz
OIT - ILOSTAT;Venezuela;Trimestral;EAR_EHRA_SEX_OCU_NB;Ganancias horarias promedio de los asalariados según sexo y ocupación (moneda local);Remuneraciones y ingresos;Estadísticas de Salarios y Tiempo de Trabajo (COND);sexo, ocupación;45;720;2005Q1;2012Q3;2012Q3;17.264;02/09/2026 07:02:07;assets/data/ilo/csv/ove_oit_ilostat_venezuela_trimestral.csv.gz
OIT - ILOSTAT;Venezuela;Trimestral;EAR_EMTA_SEX_AGE_NB;Ganancias mensuales promedio de los asalariados según sexo y edad (moneda local);Remuneraciones y ingresos;Estadísticas de Salarios y Tiempo de Trabajo (COND);sexo, edad;45;720;2005Q1;2012Q3;2012Q3;3016.475;02/09/2026 07:02:07;assets/data/ilo/csv/ove_oit_ilostat_venezuela_trimestral.csv.gz
OIT - ILOSTAT;Venezuela;Trimestral;EAR_EMTA_SEX_ECO_NB;Ganancias mensuales promedio de los asalariados según sexo y actividad económica (moneda local);Remuneraciones y ingresos;Estadísticas de Salarios y Tiempo de Trabajo (COND);sexo, actividad económica;42;672;2005Q1;2012Q3;2012Q3;3016.475;02/09/2026 07:02:07;assets/data/ilo/csv/ove_oit_ilostat_venezuela_trimestral.csv.gz
OIT - ILOSTAT;Venezuela;Trimestral;EAR_EMTA_SEX_EDU_NB;Ganancias mensuales promedio de los asalariados según sexo y educación (moneda local);Remuneraciones y ingresos;Estadísticas de Salarios y Tiempo de Trabajo (COND);sexo, educación;48;645;2005Q1;2012Q3;2012Q3;3016.475;02/09/2026 07:02:07;assets/data/ilo/csv/ove_oit_ilostat_venezuela_trimestral.csv.gz
OIT - ILOSTAT;Venezuela;Trimestral;EAR_EMTA_SEX_MTS_NB;Ganancias mensuales promedio de los asalariados según sexo y estado civil (moneda local);Remuneraciones y ingresos;Estadísticas de Salarios y Tiempo de Trabajo (COND);sexo, estado civil;12;189;2005Q1;2012Q3;2012Q3;3016.475;02/09/2026 07:02:07;assets/data/ilo/csv/ove_oit_ilostat_venezuela_trimestral.csv.gz
OIT - ILOSTAT;Venezuela;Trimestral;EAR_EMTA_SEX_NB;Ganancias mensuales promedio de los asalariados según sexo (moneda local);Remuneraciones y ingresos;Estadísticas de Salarios y Tiempo de Trabajo (COND);sexo;3;48;2005Q1;2012Q3;2012Q3;3016.475;02/09/2026 07:02:07;assets/data/ilo/csv/ove_oit_ilostat_venezuela_trimestral.csv.gz
OIT - ILOSTAT;Venezuela;Trimestral;EAR_EMTA_SEX_OCU_NB;Ganancias mensuales promedio de los asalariados según sexo y ocupación (moneda local);Remuneraciones y ingresos;Estadísticas de Salarios y Tiempo de Trabajo (COND);sexo, ocupación;45;720;2005Q1;2012Q3;2012Q3;3016.475;02/09/2026 07:02:07;assets/data/ilo/csv/ove_oit_ilostat_venezuela_trimestral.csv.gz
OIT - ILOSTAT;Venezuela;Trimestral;EES_TEES_ECO_OCU_NB;Asalariados según actividad económica y ocupación (millares);Asalariados;Estadísticas sobre la Fuerza Laboral (LFS);actividad económica, ocupación;207;3107;2005Q1;2012Q3;2012Q3;7388.456;02/09/2026 07:12:08;assets/data/ilo/csv/ove_oit_ilostat_venezuela_trimestral.csv.gz
OIT - ILOSTAT;Venezuela;Trimestral;EES_TEES_SEX_AGE_ECO_NB;Asalariados según sexo, edad y actividad económica (millares);Asalariados;Estadísticas sobre la Fuerza Laboral (LFS);sexo, edad, actividad económica;378;5994;2005Q1;2012Q3;2012Q3;7388.456;02/09/2026 07:12:08;assets/data/ilo/csv/ove_oit_ilostat_venezuela_trimestral.csv.gz
OIT - ILOSTAT;Venezuela;Trimestral;EES_TEES_SEX_AGE_EDU_NB;Asalariados según sexo, edad y educación (millares);Asalariados;Indicadores de Educación y Desajuste (EMI);sexo, edad, educación;558;7423;2005Q1;2012Q3;2012Q3;7388.456;02/09/2026 07:05:10;assets/data/ilo/csv/ove_oit_ilostat_venezuela_trimestral.csv.gz
OIT - ILOSTAT;Venezuela;Trimestral;EES_TEES_SEX_AGE_INS_NB;Asalariados según sexo, edad y sector público/privado (millares);Asalariados;Estadísticas sobre la Fuerza Laboral (LFS);sexo, edad, sector público/privado;81;1296;2005Q1;2012Q3;2012Q3;7388.456;02/09/2026 07:12:08;assets/data/ilo/csv/ove_oit_ilostat_venezuela_trimestral.csv.gz
OIT - ILOSTAT;Venezuela;Trimestral;EES_TEES_SEX_AGE_MTS_NB;Asalariados según sexo, edad y estado civil (millares);Asalariados;Indicadores de Igualdad de Género y No Discriminación (GEND);sexo, edad, estado civil;381;5657;2005Q1;2012Q3;2012Q3;7388.456;02/09/2026 07:08:07;assets/data/ilo/csv/ove_oit_ilostat_venezuela_trimestral.csv.gz
OIT - ILOSTAT;Venezuela;Trimestral;EES_TEES_SEX_AGE_NB;Asalariados según sexo y edad (millares);Asalariados;Estadísticas sobre la Fuerza Laboral (LFS);sexo, edad;84;1362;2005Q1;2013Q4;2013Q4;7881.083;02/09/2026 07:12:08;assets/data/ilo/csv/ove_oit_ilostat_venezuela_trimestral.csv.gz
OIT - ILOSTAT;Venezuela;Trimestral;EES_TEES_SEX_AGE_OCU_NB;Asalariados según sexo, edad y ocupación (millares);Asalariados;Estadísticas sobre la Fuerza Laboral (LFS);sexo, edad, ocupación;225;3579;2005Q1;2012Q3;2012Q3;7388.456;02/09/2026 07:12:08;assets/data/ilo/csv/ove_oit_ilostat_venezuela_trimestral.csv.gz
OIT - ILOSTAT;Venezuela;Trimestral;EES_TEES_SEX_ECO_EDU_NB;Asalariados según sexo, actividad económica y educación (millares);Asalariados;Indicadores de Educación y Desajuste (EMI);sexo, actividad económica, educación;1008;12857;2005Q1;2012Q3;2012Q3;7388.456;02/09/2026 07:05:10;assets/data/ilo/csv/ove_oit_ilostat_venezuela_trimestral.csv.gz
OIT - ILOSTAT;Venezuela;Trimestral;EES_TEES_SEX_ECO_EST_NB;Asalariados según sexo, actividad económica y tamaño del establecimiento (millares);Asalariados;Estadísticas sobre la Fuerza Laboral (LFS);sexo, actividad económica, tamaño del establecimiento;72;1152;2005Q1;2012Q3;2012Q3;7388.456;02/09/2026 07:12:08;assets/data/ilo/csv/ove_oit_ilostat_venezuela_trimestral.csv.gz
OIT - ILOSTAT;Venezuela;Trimestral;EES_TEES_SEX_ECO_INS_NB;Asalariados según sexo, actividad económica y sector público/privado (millares);Asalariados;Estadísticas sobre la Fuerza Laboral (LFS);sexo, actividad económica, sector público/privado;126;2016;2005Q1;2012Q3;2012Q3;7388.456;02/09/2026 07:12:08;assets/data/ilo/csv/ove_oit_ilostat_venezuela_trimestral.csv.gz
OIT - ILOSTAT;Venezuela;Trimestral;EES_TEES_SEX_ECO_MTS_NB;Asalariados según sexo, actividad económica y estado civil (millares);Asalariados;Indicadores de Igualdad de Género y No Discriminación (GEND);sexo, actividad económica, estado civil;168;2421;2005Q1;2012Q3;2012Q3;7388.456;02/09/2026 07:08:07;assets/data/ilo/csv/ove_oit_ilostat_venezuela_trimestral.csv.gz
OIT - ILOSTAT;Venezuela;Trimestral;EES_TEES_SEX_ECO_NB;Asalariados según sexo y actividad económica (millares);Asalariados;Estadísticas sobre la Fuerza Laboral (LFS);sexo, actividad económica;99;1602;2005Q1;2013Q4;2013Q4;7881.083;02/09/2026 07:12:08;assets/data/ilo/csv/ove_oit_ilostat_venezuela_trimestral.csv.gz
OIT - ILOSTAT;Venezuela;Trimestral;EES_TEES_SEX_EDU_MTS_NB;Asalariados según sexo, educación y estado civil (millares);Asalariados;Indicadores de Educación y Desajuste (EMI);sexo, educación, estado civil;69;897;2005Q1;2012Q3;2012Q3;7388.456;02/09/2026 07:05:10;assets/data/ilo/csv/ove_oit_ilostat_venezuela_trimestral.csv.gz
OIT - ILOSTAT;Venezuela;Trimestral;EES_TEES_SEX_EDU_NB;Asalariados según sexo y educación (millares);Asalariados;Indicadores de Educación y Desajuste (EMI);sexo, educación;48;651;2005Q1;2012Q3;2012Q3;7388.456;02/09/2026 07:05:10;assets/data/ilo/csv/ove_oit_ilostat_venezuela_trimestral.csv.gz
OIT - ILOSTAT;Venezuela;Trimestral;EES_TEES_SEX_EST_MTS_NB;Asalariados según sexo, tamaño del establecimiento y estado civil (millares);Asalariados;Indicadores de Igualdad de Género y No Discriminación (GEND);sexo, tamaño del establecimiento, estado civil;120;1791;2005Q1;2012Q3;2012Q3;7388.456;02/09/2026 07:08:07;assets/data/ilo/csv/ove_oit_ilostat_venezuela_trimestral.csv.gz
OIT - ILOSTAT;Venezuela;Trimestral;EES_TEES_SEX_EST_NB;Asalariados según sexo y tamaño del establecimiento (millares);Asalariados;Estadísticas sobre la Fuerza Laboral (LFS);sexo, tamaño del establecimiento;30;480;2005Q1;2012Q3;2012Q3;7388.456;02/09/2026 07:12:08;assets/data/ilo/csv/ove_oit_ilostat_venezuela_trimestral.csv.gz
OIT - ILOSTAT;Venezuela;Trimestral;EES_TEES_SEX_HOW_NB;Asalariados según sexo y por horas semanales efectivamente trabajadas (millares);Asalariados;Estadísticas de Salarios y Tiempo de Trabajo (COND);sexo, horas semanales efectivamente trabajadas;27;408;2005Q1;2012Q3;2012Q3;7388.456;02/09/2026 07:02:07;assets/data/ilo/csv/ove_oit_ilostat_venezuela_trimestral.csv.gz
OIT - ILOSTAT;Venezuela;Trimestral;EES_TEES_SEX_INS_MTS_NB;Asalariados según sexo, sector público/privado y estado civil (millares);Asalariados;Indicadores de Igualdad de Género y No Discriminación (GEND);sexo, sector público/privado, estado civil;36;564;2005Q1;2012Q3;2012Q3;7388.456;02/09/2026 07:08:07;assets/data/ilo/csv/ove_oit_ilostat_venezuela_trimestral.csv.gz
OIT - ILOSTAT;Venezuela;Trimestral;EES_TEES_SEX_INS_NB;Asalariados según sexo y sector público/privado (millares);Asalariados;Estadísticas sobre la Fuerza Laboral (LFS);sexo, sector público/privado;9;144;2005Q1;2012Q3;2012Q3;7388.456;02/09/2026 07:12:08;assets/data/ilo/csv/ove_oit_ilostat_venezuela_trimestral.csv.gz
OIT - ILOSTAT;Venezuela;Trimestral;EES_TEES_SEX_MJH_NB;Asalariados según sexo y tenencia de múltiples empleos (millares);Asalariados;Estadísticas sobre la Fuerza Laboral (LFS);sexo, tenencia de múltiples empleos;9;144;2005Q1;2012Q3;2012Q3;7388.456;02/09/2026 07:12:08;assets/data/ilo/csv/ove_oit_ilostat_venezuela_trimestral.csv.gz
OIT - ILOSTAT;Venezuela;Trimestral;EES_TEES_SEX_MTS_NB;Asalariados según sexo y estado civil (millares);Asalariados;Indicadores de Igualdad de Género y No Discriminación (GEND);sexo, estado civil;33;522;2005Q1;2012Q3;2012Q3;7388.456;02/09/2026 07:08:07;assets/data/ilo/csv/ove_oit_ilostat_venezuela_trimestral.csv.gz
OIT - ILOSTAT;Venezuela;Trimestral;EES_TEES_SEX_OCU_EDU_NB;Asalariados según sexo, ocupación y educación (millares);Asalariados;Indicadores de Educación y Desajuste (EMI);sexo, ocupación, educación;237;2973;2005Q1;2012Q3;2012Q3;7388.456;02/09/2026 07:05:10;assets/data/ilo/csv/ove_oit_ilostat_venezuela_trimestral.csv.gz
OIT - ILOSTAT;Venezuela;Trimestral;EES_TEES_SEX_OCU_EST_NB;Asalariados según sexo, ocupación y tamaño del establecimiento (millares);Asalariados;Estadísticas sobre la Fuerza Laboral (LFS);sexo, ocupación, tamaño del establecimiento;60;960;2005Q1;2012Q3;2012Q3;7388.456;02/09/2026 07:12:08;assets/data/ilo/csv/ove_oit_ilostat_venezuela_trimestral.csv.gz
OIT - ILOSTAT;Venezuela;Trimestral;EES_TEES_SEX_OCU_INS_NB;Asalariados según sexo, ocupación y sector público/privado (millares);Asalariados;Estadísticas sobre la Fuerza Laboral (LFS);sexo, ocupación, sector público/privado;135;2140;2005Q1;2012Q3;2012Q3;7388.456;02/09/2026 07:12:08;assets/data/ilo/csv/ove_oit_ilostat_venezuela_trimestral.csv.gz
OIT - ILOSTAT;Venezuela;Trimestral;EES_TEES_SEX_OCU_MTS_NB;Asalariados según sexo, ocupación y estado civil (millares);Asalariados;Indicadores de Igualdad de Género y No Discriminación (GEND);sexo, ocupación, estado civil;60;857;2005Q1;2012Q3;2012Q3;7388.456;02/09/2026 07:08:07;assets/data/ilo/csv/ove_oit_ilostat_venezuela_trimestral.csv.gz
OIT - ILOSTAT;Venezuela;Trimestral;EES_TEES_SEX_OCU_NB;Asalariados según sexo y ocupación (millares);Asalariados;Estadísticas sobre la Fuerza Laboral (LFS);sexo, ocupación;45;720;2005Q1;2012Q3;2012Q3;7388.456;02/09/2026 07:12:08;assets/data/ilo/csv/ove_oit_ilostat_venezuela_trimestral.csv.gz
OIT - ILOSTAT;Venezuela;Trimestral;EIP_DWAP_SEX_AGE_EDU_RT;Tasa de inactividad según sexo, edad y educación (%);Desempleo y subutilización de la fuerza de trabajo;Indicadores de Educación y Desajuste (EMI);sexo, edad, educación;558;7443;2005Q1;2012Q3;2012Q3;36.559;02/09/2026 07:05:10;assets/data/ilo/csv/ove_oit_ilostat_venezuela_trimestral.csv.gz
OIT - ILOSTAT;Venezuela;Trimestral;EIP_DWAP_SEX_AGE_MTS_RT;Tasa de inactividad según sexo, edad y estado civil (%);Desempleo y subutilización de la fuerza de trabajo;Indicadores de Igualdad de Género y No Discriminación (GEND);sexo, edad, estado civil;381;5773;2005Q1;2012Q3;2012Q3;36.559;02/09/2026 07:08:07;assets/data/ilo/csv/ove_oit_ilostat_venezuela_trimestral.csv.gz
OIT - ILOSTAT;Venezuela;Trimestral;EIP_DWAP_SEX_AGE_RT;Tasa de inactividad según sexo y edad (%);Desempleo y subutilización de la fuerza de trabajo;Estadísticas sobre la Fuerza Laboral (LFS);sexo, edad;84;1506;1999Q1;2013Q4;2013Q4;35.33;02/09/2026 07:12:08;assets/data/ilo/csv/ove_oit_ilostat_venezuela_trimestral.csv.gz
OIT - ILOSTAT;Venezuela;Trimestral;EIP_DWAP_SEX_EDU_MTS_RT;Tasa de inactividad según sexo, educación y estado civil (%);Desempleo y subutilización de la fuerza de trabajo;Indicadores de Educación y Desajuste (EMI);sexo, educación, estado civil;72;915;2005Q1;2012Q3;2012Q3;36.559;02/09/2026 07:05:10;assets/data/ilo/csv/ove_oit_ilostat_venezuela_trimestral.csv.gz
OIT - ILOSTAT;Venezuela;Trimestral;EIP_DWAP_SEX_EDU_RT;Tasa de inactividad según sexo y educación (%);Desempleo y subutilización de la fuerza de trabajo;Indicadores de Educación y Desajuste (EMI);sexo, educación;48;645;2005Q1;2012Q3;2012Q3;36.559;02/09/2026 07:05:10;assets/data/ilo/csv/ove_oit_ilostat_venezuela_trimestral.csv.gz
OIT - ILOSTAT;Venezuela;Trimestral;EIP_DWAP_SEX_MTS_RT;Tasa de inactividad según sexo y estado civil (%);Desempleo y subutilización de la fuerza de trabajo;Indicadores de Igualdad de Género y No Discriminación (GEND);sexo, estado civil;33;522;2005Q1;2012Q3;2012Q3;36.559;02/09/2026 07:08:07;assets/data/ilo/csv/ove_oit_ilostat_venezuela_trimestral.csv.gz
OIT - ILOSTAT;Venezuela;Trimestral;EIP_NEET_SEX_NB;NINI: NINI: Jóvenes que no están ocupados, ni estudian ni reciben formación según sexo (millares);Desempleo y subutilización de la fuerza de trabajo;Estadísticas sobre la Fuerza Laboral (LFS);sexo;3;48;2005Q1;2012Q3;2012Q3;1061.641;02/09/2026 07:12:08;assets/data/ilo/csv/ove_oit_ilostat_venezuela_trimestral.csv.gz
OIT - ILOSTAT;Venezuela;Trimestral;EIP_NEET_SEX_RT;Tasa de NINI: Tasa de NINI: Proporción de jóvenes que no están ocupados, ni estudian ni reciben formación según sexo (%);Desempleo y subutilización de la fuerza de trabajo;Estadísticas sobre la Fuerza Laboral (LFS);sexo;3;48;2005Q1;2012Q3;2012Q3;19.811;02/09/2026 07:12:08;assets/data/ilo/csv/ove_oit_ilostat_venezuela_trimestral.csv.gz
OIT - ILOSTAT;Venezuela;Trimestral;EIP_TEIP_SEX_AGE_EDU_NB;Personas fuera de la fuerza de trabajo según sexo, edad y educación (millares);Desempleo y subutilización de la fuerza de trabajo;Indicadores de Educación y Desajuste (EMI);sexo, edad, educación;558;7443;2005Q1;2012Q3;2012Q3;7740.352;02/09/2026 07:05:10;assets/data/ilo/csv/ove_oit_ilostat_venezuela_trimestral.csv.gz
OIT - ILOSTAT;Venezuela;Trimestral;EIP_TEIP_SEX_AGE_MTS_NB;Personas fuera de la fuerza de trabajo según sexo, edad y estado civil (millares);Desempleo y subutilización de la fuerza de trabajo;Indicadores de Igualdad de Género y No Discriminación (GEND);sexo, edad, estado civil;381;5775;2005Q1;2012Q3;2012Q3;7740.352;02/09/2026 07:08:07;assets/data/ilo/csv/ove_oit_ilostat_venezuela_trimestral.csv.gz
OIT - ILOSTAT;Venezuela;Trimestral;EIP_TEIP_SEX_AGE_NB;Personas fuera de la fuerza de trabajo según sexo y edad (millares);Desempleo y subutilización de la fuerza de trabajo;Estadísticas sobre la Fuerza Laboral (LFS);sexo, edad;84;1506;1999Q1;2013Q4;2013Q4;7639.526;02/09/2026 07:12:08;assets/data/ilo/csv/ove_oit_ilostat_venezuela_trimestral.csv.gz
OIT - ILOSTAT;Venezuela;Trimestral;EIP_TEIP_SEX_EDU_MTS_NB;Personas fuera de la fuerza de trabajo según sexo, educación y estado civil (millares);Desempleo y subutilización de la fuerza de trabajo;Indicadores de Educación y Desajuste (EMI);sexo, educación, estado civil;72;915;2005Q1;2012Q3;2012Q3;7740.352;02/09/2026 07:05:10;assets/data/ilo/csv/ove_oit_ilostat_venezuela_trimestral.csv.gz
OIT - ILOSTAT;Venezuela;Trimestral;EIP_TEIP_SEX_EDU_NB;Personas fuera de la fuerza de trabajo según sexo y educación (millares);Desempleo y subutilización de la fuerza de trabajo;Indicadores de Educación y Desajuste (EMI);sexo, educación;48;645;2005Q1;2012Q3;2012Q3;7740.352;02/09/2026 07:05:10;assets/data/ilo/csv/ove_oit_ilostat_venezuela_trimestral.csv.gz
OIT - ILOSTAT;Venezuela;Trimestral;EIP_TEIP_SEX_MTS_NB;Personas fuera de la fuerza de trabajo según sexo y estado civil (millares);Desempleo y subutilización de la fuerza de trabajo;Indicadores de Igualdad de Género y No Discriminación (GEND);sexo, estado civil;33;522;2005Q1;2012Q3;2012Q3;7740.352;02/09/2026 07:08:07;assets/data/ilo/csv/ove_oit_ilostat_venezuela_trimestral.csv.gz
OIT - ILOSTAT;Venezuela;Trimestral;EMP_DWAP_SEX_AGE_EDU_RT;Razón ocupación-población en edad de trabajar según sexo, edad y educación (%);Ocupación;Indicadores de Educación y Desajuste (EMI);sexo, edad, educación;558;7515;2005Q1;2012Q3;2012Q3;59.654;02/09/2026 07:05:10;assets/data/ilo/csv/ove_oit_ilostat_venezuela_trimestral.csv.gz
OIT - ILOSTAT;Venezuela;Trimestral;EMP_DWAP_SEX_AGE_MTS_RT;Razon ocupación-poblacion en edad de trabajar según sexo, edad y estado civil (%);Ocupación;Indicadores de Igualdad de Género y No Discriminación (GEND);sexo, edad, estado civil;381;5787;2005Q1;2012Q3;2012Q3;59.654;02/09/2026 07:08:07;assets/data/ilo/csv/ove_oit_ilostat_venezuela_trimestral.csv.gz
OIT - ILOSTAT;Venezuela;Trimestral;EMP_DWAP_SEX_AGE_RT;Razón ocupación-población en edad de trabajar según sexo y edad (%);Ocupación;Estadísticas sobre la Fuerza Laboral (LFS);sexo, edad;84;1506;1999Q1;2013Q4;2013Q4;60.4;02/09/2026 07:12:08;assets/data/ilo/csv/ove_oit_ilostat_venezuela_trimestral.csv.gz
OIT - ILOSTAT;Venezuela;Trimestral;EMP_DWAP_SEX_EDU_MTS_RT;Razon ocupación-poblacion en edad de trabajar según sexo, educación y estado civil (%);Ocupación;Indicadores de Educación y Desajuste (EMI);sexo, educación, estado civil;69;921;2005Q1;2012Q3;2012Q3;59.654;02/09/2026 07:05:10;assets/data/ilo/csv/ove_oit_ilostat_venezuela_trimestral.csv.gz
OIT - ILOSTAT;Venezuela;Trimestral;EMP_DWAP_SEX_EDU_RT;Razón ocupación-población en edad de trabajar según sexo y educación (%);Ocupación;Indicadores de Educación y Desajuste (EMI);sexo, educación;48;657;2005Q1;2012Q3;2012Q3;59.654;02/09/2026 07:05:10;assets/data/ilo/csv/ove_oit_ilostat_venezuela_trimestral.csv.gz
OIT - ILOSTAT;Venezuela;Trimestral;EMP_DWAP_SEX_MTS_RT;Razon ocupación-poblacion en edad de trabajar según sexo y estado civil (%);Ocupación;Indicadores de Igualdad de Género y No Discriminación (GEND);sexo, estado civil;33;522;2005Q1;2012Q3;2012Q3;59.654;02/09/2026 07:08:07;assets/data/ilo/csv/ove_oit_ilostat_venezuela_trimestral.csv.gz
OIT - ILOSTAT;Venezuela;Trimestral;EMP_TEM1_SEX_AGE_NB;Ocupación, DES según sexo y edad (millares);Ocupación;Estadísticas sobre la Fuerza Laboral (LFS);sexo, edad;3;78;2003Q3;2013Q4;2013Q4;12938.366;30/08/2026 07:25:23;assets/data/ilo/csv/ove_oit_ilostat_venezuela_trimestral.csv.gz
OIT - ILOSTAT;Venezuela;Trimestral;EMP_TEM1_SEX_ECO_NB;Ocupación, DES según sexo y actividad económica y edad (millares);Ocupación;Estadísticas sobre la Fuerza Laboral (LFS);sexo, actividad económica;3;78;2003Q3;2013Q4;2013Q4;12938.366;30/08/2026 07:25:23;assets/data/ilo/csv/ove_oit_ilostat_venezuela_trimestral.csv.gz
OIT - ILOSTAT;Venezuela;Trimestral;EMP_TEMP_ECO_OCU_NB;Ocupación según actividad económica y ocupación (millares);Ocupación;Estadísticas sobre la Fuerza Laboral (LFS);actividad económica, ocupación;209;3141;2005Q1;2012Q3;2012Q3;12629.897;02/09/2026 07:12:08;assets/data/ilo/csv/ove_oit_ilostat_venezuela_trimestral.csv.gz
OIT - ILOSTAT;Venezuela;Trimestral;EMP_TEMP_SEX_AGE_ECO_NB;Ocupación según sexo, edad y actividad económica (millares);Ocupación;Estadísticas sobre la Fuerza Laboral (LFS);sexo, edad, actividad económica;378;6048;2005Q1;2012Q3;2012Q3;12629.897;02/09/2026 07:12:08;assets/data/ilo/csv/ove_oit_ilostat_venezuela_trimestral.csv.gz
OIT - ILOSTAT;Venezuela;Trimestral;EMP_TEMP_SEX_AGE_EDU_NB;Ocupación según sexo, edad y educación (millares);Ocupación;Indicadores de Educación y Desajuste (EMI);sexo, edad, educación;558;7515;2005Q1;2012Q3;2012Q3;12629.897;02/09/2026 07:05:10;assets/data/ilo/csv/ove_oit_ilostat_venezuela_trimestral.csv.gz
OIT - ILOSTAT;Venezuela;Trimestral;EMP_TEMP_SEX_AGE_INS_NB;Ocupación según sexo, edad y sector público/privado (millares);Ocupación;Estadísticas sobre la Fuerza Laboral (LFS);sexo, edad, sector público/privado;81;1296;2005Q1;2012Q3;2012Q3;12629.897;02/09/2026 07:12:08;assets/data/ilo/csv/ove_oit_ilostat_venezuela_trimestral.csv.gz
OIT - ILOSTAT;Venezuela;Trimestral;EMP_TEMP_SEX_AGE_JBT_NB;Ocupación según sexo, edad y ordenamiento del tiempo de trabajo (millares);Ocupación;Estadísticas de Salarios y Tiempo de Trabajo (COND);sexo, edad, ordenamiento del tiempo de trabajo;144;2304;2005Q1;2012Q3;2012Q3;12629.897;02/09/2026 07:02:07;assets/data/ilo/csv/ove_oit_ilostat_venezuela_trimestral.csv.gz
OIT - ILOSTAT;Venezuela;Trimestral;EMP_TEMP_SEX_AGE_MTS_NB;Ocupación según sexo, edad y estado civil (millares);Ocupación;Indicadores de Igualdad de Género y No Discriminación (GEND);sexo, edad, estado civil;381;5789;2005Q1;2012Q3;2012Q3;12629.897;02/09/2026 07:08:07;assets/data/ilo/csv/ove_oit_ilostat_venezuela_trimestral.csv.gz
OIT - ILOSTAT;Venezuela;Trimestral;EMP_TEMP_SEX_AGE_NB;Ocupación según sexo y edad (millares);Ocupación;Estadísticas sobre la Fuerza Laboral (LFS);sexo, edad;84;1557;1990Q2;2013Q4;2013Q4;13060.289;02/09/2026 07:12:08;assets/data/ilo/csv/ove_oit_ilostat_venezuela_trimestral.csv.gz
OIT - ILOSTAT;Venezuela;Trimestral;EMP_TEMP_SEX_AGE_OCU_NB;Ocupación según sexo, edad y ocupación (millares);Ocupación;Estadísticas sobre la Fuerza Laboral (LFS);sexo, edad, ocupación;225;3591;2005Q1;2012Q3;2012Q3;12629.897;02/09/2026 07:12:08;assets/data/ilo/csv/ove_oit_ilostat_venezuela_trimestral.csv.gz
OIT - ILOSTAT;Venezuela;Trimestral;EMP_TEMP_SEX_AGE_STE_NB;Ocupación según sexo, edad y situación en la ocupación (millares);Ocupación;Estadísticas sobre la Fuerza Laboral (LFS);sexo, edad, situación en el empleo;297;4338;2005Q1;2012Q3;2012Q3;12629.897;02/09/2026 07:12:08;assets/data/ilo/csv/ove_oit_ilostat_venezuela_trimestral.csv.gz
OIT - ILOSTAT;Venezuela;Trimestral;EMP_TEMP_SEX_ECO_EDU_NB;Ocupación según sexo, actividad económica y educación (millares);Ocupación;Indicadores de Educación y Desajuste (EMI);sexo, actividad económica, educación;1014;13171;2005Q1;2012Q3;2012Q3;12629.897;02/09/2026 07:05:10;assets/data/ilo/csv/ove_oit_ilostat_venezuela_trimestral.csv.gz
OIT - ILOSTAT;Venezuela;Trimestral;EMP_TEMP_SEX_ECO_EST_NB;Ocupación según sexo, actividad económica y tamaño del establecimiento (millares);Ocupación;Estadísticas sobre la Fuerza Laboral (LFS);sexo, actividad económica, tamaño del establecimiento;72;1152;2005Q1;2012Q3;2012Q3;12629.897;02/09/2026 07:12:08;assets/data/ilo/csv/ove_oit_ilostat_venezuela_trimestral.csv.gz
OIT - ILOSTAT;Venezuela;Trimestral;EMP_TEMP_SEX_ECO_INS_NB;Ocupación según sexo, actividad económica y sector público/privado (millares);Ocupación;Estadísticas sobre la Fuerza Laboral (LFS);sexo, actividad económica, sector público/privado;126;2016;2005Q1;2012Q3;2012Q3;12629.897;02/09/2026 07:12:08;assets/data/ilo/csv/ove_oit_ilostat_venezuela_trimestral.csv.gz
OIT - ILOSTAT;Venezuela;Trimestral;EMP_TEMP_SEX_ECO_MJH_NB;Ocupación según sexo, actividad económica y tenencia de múltiples empleos (millares);Ocupación;Estadísticas sobre la Fuerza Laboral (LFS);sexo, actividad económica, tenencia de múltiples empleos;54;858;2005Q1;2012Q3;2012Q3;12629.897;02/09/2026 07:12:08;assets/data/ilo/csv/ove_oit_ilostat_venezuela_trimestral.csv.gz
OIT - ILOSTAT;Venezuela;Trimestral;EMP_TEMP_SEX_ECO_MTS_NB;Ocupación según sexo, actividad económica y estado civil (millares);Ocupación;Indicadores de Igualdad de Género y No Discriminación (GEND);sexo, actividad económica, estado civil;168;2487;2005Q1;2012Q3;2012Q3;12629.897;02/09/2026 07:08:07;assets/data/ilo/csv/ove_oit_ilostat_venezuela_trimestral.csv.gz
OIT - ILOSTAT;Venezuela;Trimestral;EMP_TEMP_SEX_ECO_NB;Ocupación según sexo y actividad económica (millares);Ocupación;Estadísticas sobre la Fuerza Laboral (LFS);sexo, actividad económica;99;1944;1990Q2;2013Q4;2013Q4;13060.289;02/09/2026 07:12:08;assets/data/ilo/csv/ove_oit_ilostat_venezuela_trimestral.csv.gz
OIT - ILOSTAT;Venezuela;Trimestral;EMP_TEMP_SEX_EDU_MTS_NB;Ocupación según sexo, educación y estado civil (millares);Ocupación;Indicadores de Educación y Desajuste (EMI);sexo, educación, estado civil;69;921;2005Q1;2012Q3;2012Q3;12629.897;02/09/2026 07:05:10;assets/data/ilo/csv/ove_oit_ilostat_venezuela_trimestral.csv.gz
OIT - ILOSTAT;Venezuela;Trimestral;EMP_TEMP_SEX_EDU_NB;Ocupación según sexo y educación (millares);Ocupación;Indicadores de Educación y Desajuste (EMI);sexo, educación;48;657;2005Q1;2012Q3;2012Q3;12629.897;02/09/2026 07:05:10;assets/data/ilo/csv/ove_oit_ilostat_venezuela_trimestral.csv.gz
OIT - ILOSTAT;Venezuela;Trimestral;EMP_TEMP_SEX_EST_MTS_NB;Ocupación según sexo, tamaño del establecimiento y estado civil (millares);Ocupación;Indicadores de Igualdad de Género y No Discriminación (GEND);sexo, tamaño del establecimiento, estado civil;120;1842;2005Q1;2012Q3;2012Q3;12629.897;02/09/2026 07:08:07;assets/data/ilo/csv/ove_oit_ilostat_venezuela_trimestral.csv.gz
OIT - ILOSTAT;Venezuela;Trimestral;EMP_TEMP_SEX_EST_NB;Ocupación según sexo y tamaño del establecimiento (millares);Ocupación;Estadísticas sobre la Fuerza Laboral (LFS);sexo, tamaño del establecimiento;30;480;2005Q1;2012Q3;2012Q3;12629.897;02/09/2026 07:12:08;assets/data/ilo/csv/ove_oit_ilostat_venezuela_trimestral.csv.gz
OIT - ILOSTAT;Venezuela;Trimestral;EMP_TEMP_SEX_HOW_EDU_NB;Ocupación según sexo, por horas semanales efectivamente trabajadas y educación (millares);Ocupación;Indicadores de Educación y Desajuste (EMI);sexo, horas semanales efectivamente trabajadas, educación;159;2004;2005Q1;2012Q3;2012Q3;12629.897;02/09/2026 07:05:10;assets/data/ilo/csv/ove_oit_ilostat_venezuela_trimestral.csv.gz
OIT - ILOSTAT;Venezuela;Trimestral;EMP_TEMP_SEX_HOW_MTS_NB;Asalariados según sexo, por horas semanales efectivamente trabajadas y estado civil (millares);Ocupación;Indicadores de Igualdad de Género y No Discriminación (GEND);sexo, horas semanales efectivamente trabajadas, estado civil;105;1473;2005Q1;2012Q3;2012Q3;12629.897;02/09/2026 07:08:07;assets/data/ilo/csv/ove_oit_ilostat_venezuela_trimestral.csv.gz
OIT - ILOSTAT;Venezuela;Trimestral;EMP_TEMP_SEX_HOW_NB;Ocupación según sexo y horas semanales efectivamente trabajadas (millares);Ocupación;Estadísticas de Salarios y Tiempo de Trabajo (COND);sexo, horas semanales efectivamente trabajadas;27;411;2005Q1;2012Q3;2012Q3;12629.897;02/09/2026 07:02:07;assets/data/ilo/csv/ove_oit_ilostat_venezuela_trimestral.csv.gz
OIT - ILOSTAT;Venezuela;Trimestral;EMP_TEMP_SEX_INS_MTS_NB;Ocupación según sexo, sector público/privado y estado civil (millares);Ocupación;Indicadores de Igualdad de Género y No Discriminación (GEND);sexo, sector público/privado, estado civil;36;564;2005Q1;2012Q3;2012Q3;12629.897;02/09/2026 07:08:07;assets/data/ilo/csv/ove_oit_ilostat_venezuela_trimestral.csv.gz
OIT - ILOSTAT;Venezuela;Trimestral;EMP_TEMP_SEX_INS_NB;Ocupación según sexo y sector público/privado (millares);Ocupación;Estadísticas sobre la Fuerza Laboral (LFS);sexo, sector público/privado;9;144;2005Q1;2012Q3;2012Q3;12629.897;02/09/2026 07:12:08;assets/data/ilo/csv/ove_oit_ilostat_venezuela_trimestral.csv.gz
OIT - ILOSTAT;Venezuela;Trimestral;EMP_TEMP_SEX_MJH_EDU_NB;Ocupación según sexo, tenencia de múltiples empleos y educación (millares);Ocupación;Indicadores de Educación y Desajuste (EMI);sexo, tenencia de múltiples empleos, educación;54;741;2005Q1;2012Q3;2012Q3;12629.897;02/09/2026 07:05:10;assets/data/ilo/csv/ove_oit_ilostat_venezuela_trimestral.csv.gz
OIT - ILOSTAT;Venezuela;Trimestral;EMP_TEMP_SEX_MJH_MTS_NB;Ocupación según sexo, tenencia de múltiples empleos y estado civil (millares);Ocupación;Indicadores de Igualdad de Género y No Discriminación (GEND);sexo, tenencia de múltiples empleos, estado civil;36;534;2005Q1;2012Q3;2012Q3;12629.897;02/09/2026 07:08:07;assets/data/ilo/csv/ove_oit_ilostat_venezuela_trimestral.csv.gz
OIT - ILOSTAT;Venezuela;Trimestral;EMP_TEMP_SEX_MJH_NB;Ocupación según sexo y tenencia de múltiples empleos (millares);Ocupación;Estadísticas sobre la Fuerza Laboral (LFS);sexo, tenencia de múltiples empleos;9;144;2005Q1;2012Q3;2012Q3;12629.897;02/09/2026 07:12:08;assets/data/ilo/csv/ove_oit_ilostat_venezuela_trimestral.csv.gz
OIT - ILOSTAT;Venezuela;Trimestral;EMP_TEMP_SEX_MTS_NB;Ocupación según sexo y estado civil (millares);Ocupación;Indicadores de Igualdad de Género y No Discriminación (GEND);sexo, estado civil;33;522;2005Q1;2012Q3;2012Q3;12629.897;02/09/2026 07:08:07;assets/data/ilo/csv/ove_oit_ilostat_venezuela_trimestral.csv.gz
OIT - ILOSTAT;Venezuela;Trimestral;EMP_TEMP_SEX_OCU_EDU_NB;Ocupación según sexo, ocupación y educación (millares);Ocupación;Indicadores de Educación y Desajuste (EMI);sexo, ocupación, educación;240;3048;2005Q1;2012Q3;2012Q3;12629.897;02/09/2026 07:05:10;assets/data/ilo/csv/ove_oit_ilostat_venezuela_trimestral.csv.gz
OIT - ILOSTAT;Venezuela;Trimestral;EMP_TEMP_SEX_OCU_EST_NB;Ocupación según sexo, ocupación y tamaño del establecimiento (millares);Ocupación;Estadísticas sobre la Fuerza Laboral (LFS);sexo, ocupación, tamaño del establecimiento;60;959;2005Q1;2012Q3;2012Q3;12629.897;02/09/2026 07:12:08;assets/data/ilo/csv/ove_oit_ilostat_venezuela_trimestral.csv.gz
OIT - ILOSTAT;Venezuela;Trimestral;EMP_TEMP_SEX_OCU_INS_NB;Ocupación según sexo, ocupación y sector público/privado (millares);Ocupación;Estadísticas sobre la Fuerza Laboral (LFS);sexo, ocupación, sector público/privado;135;2152;2005Q1;2012Q3;2012Q3;12629.897;02/09/2026 07:12:08;assets/data/ilo/csv/ove_oit_ilostat_venezuela_trimestral.csv.gz
OIT - ILOSTAT;Venezuela;Trimestral;EMP_TEMP_SEX_OCU_MJH_NB;Ocupación según sexo, ocupación y tenencia de múltiples empleos (millares);Ocupación;Estadísticas sobre la Fuerza Laboral (LFS);sexo, ocupación, tenencia de múltiples empleos;45;714;2005Q1;2012Q3;2012Q3;12629.897;02/09/2026 07:12:08;assets/data/ilo/csv/ove_oit_ilostat_venezuela_trimestral.csv.gz
OIT - ILOSTAT;Venezuela;Trimestral;EMP_TEMP_SEX_OCU_MTS_NB;Ocupación según sexo, ocupación y estado civil (millares);Ocupación;Indicadores de Igualdad de Género y No Discriminación (GEND);sexo, ocupación, estado civil;60;860;2005Q1;2012Q3;2012Q3;12629.897;02/09/2026 07:08:07;assets/data/ilo/csv/ove_oit_ilostat_venezuela_trimestral.csv.gz
OIT - ILOSTAT;Venezuela;Trimestral;EMP_TEMP_SEX_OCU_NB;Ocupación según sexo y ocupación (millares);Ocupación;Estadísticas sobre la Fuerza Laboral (LFS);sexo, ocupación;45;720;2005Q1;2012Q3;2012Q3;12629.897;02/09/2026 07:12:08;assets/data/ilo/csv/ove_oit_ilostat_venezuela_trimestral.csv.gz
OIT - ILOSTAT;Venezuela;Trimestral;EMP_TEMP_SEX_STE_ECO_NB;Ocupación según sexo, situación en la ocupación y actividad económica (millares);Ocupación;Estadísticas sobre la Fuerza Laboral (LFS);sexo, situación en el empleo, actividad económica;438;6369;2005Q1;2012Q3;2012Q3;12629.897;02/09/2026 07:12:08;assets/data/ilo/csv/ove_oit_ilostat_venezuela_trimestral.csv.gz
OIT - ILOSTAT;Venezuela;Trimestral;EMP_TEMP_SEX_STE_EST_NB;Ocupación según sexo, situación en la ocupación y tamaño del establecimiento (millares);Ocupación;Estadísticas sobre la Fuerza Laboral (LFS);sexo, situación en el empleo, tamaño del establecimiento;45;651;2005Q1;2012Q3;2012Q3;12629.897;02/09/2026 07:12:08;assets/data/ilo/csv/ove_oit_ilostat_venezuela_trimestral.csv.gz
OIT - ILOSTAT;Venezuela;Trimestral;EMP_TEMP_SEX_STE_INS_NB;Ocupación según sexo, situación en el empleo y sector público/privado (millares);Ocupación;Estadísticas sobre la Fuerza Laboral (LFS);sexo, situación en el empleo, sector público/privado;30;450;2005Q1;2012Q3;2012Q3;12629.897;02/09/2026 07:12:08;assets/data/ilo/csv/ove_oit_ilostat_venezuela_trimestral.csv.gz
OIT - ILOSTAT;Venezuela;Trimestral;EMP_TEMP_SEX_STE_MTS_NB;Ocupación según sexo, situación en la ocupación y estado civil (millares);Ocupación;Indicadores de Igualdad de Género y No Discriminación (GEND);sexo, situación en el empleo, estado civil;45;657;2005Q1;2012Q3;2012Q3;12629.897;02/09/2026 07:08:07;assets/data/ilo/csv/ove_oit_ilostat_venezuela_trimestral.csv.gz
OIT - ILOSTAT;Venezuela;Trimestral;EMP_TEMP_SEX_STE_NB;Ocupación según sexo y situación en la ocupación (millares);Ocupación;Estadísticas sobre la Fuerza Laboral (LFS);sexo, situación en el empleo;33;498;2005Q1;2012Q3;2012Q3;12629.897;02/09/2026 07:12:08;assets/data/ilo/csv/ove_oit_ilostat_venezuela_trimestral.csv.gz
OIT - ILOSTAT;Venezuela;Trimestral;EMP_TEMP_SEX_STE_OCU_NB;Ocupación según sexo, situación en la ocupación y ocupación (millares);Ocupación;Estadísticas sobre la Fuerza Laboral (LFS);sexo, situación en el empleo, ocupación;456;6428;2005Q1;2012Q3;2012Q3;12629.897;02/09/2026 07:12:08;assets/data/ilo/csv/ove_oit_ilostat_venezuela_trimestral.csv.gz
OIT - ILOSTAT;Venezuela;Trimestral;HOW_TEMP_ECO_OCU_NB;Promedio de horas efectivamente trabajadas por semana por persona ocupada según actividad económica y ocupación;Horas de trabajo;Estadísticas de Salarios y Tiempo de Trabajo (COND);actividad económica, ocupación;209;3141;2005Q1;2012Q3;2012Q3;39.92;02/09/2026 07:02:07;assets/data/ilo/csv/ove_oit_ilostat_venezuela_trimestral.csv.gz
OIT - ILOSTAT;Venezuela;Trimestral;HOW_TEMP_SEX_AGE_ECO_NB;Promedio de horas efectivamente trabajadas por semana por persona ocupada según sexo, edad y actividad económica;Horas de trabajo;Estadísticas de Salarios y Tiempo de Trabajo (COND);sexo, edad, actividad económica;336;5351;2005Q1;2012Q3;2012Q3;39.92;02/09/2026 07:02:07;assets/data/ilo/csv/ove_oit_ilostat_venezuela_trimestral.csv.gz
OIT - ILOSTAT;Venezuela;Trimestral;HOW_TEMP_SEX_AGE_INS_NB;Promedio de horas efectivamente trabajadas por semana por persona ocupada según sexo, edad y sector público/privado;Horas de trabajo;Estadísticas de Salarios y Tiempo de Trabajo (COND);sexo, edad, sector público/privado;72;1152;2005Q1;2012Q3;2012Q3;39.92;02/09/2026 07:02:07;assets/data/ilo/csv/ove_oit_ilostat_venezuela_trimestral.csv.gz
OIT - ILOSTAT;Venezuela;Trimestral;HOW_TEMP_SEX_AGE_JBT_NB;Promedio de horas efectivamente trabajadas por semana por persona ocupada según sexo, edad y ordenamiento del tiempo de trabajo;Horas de trabajo;Estadísticas de Salarios y Tiempo de Trabajo (COND);sexo, edad, ordenamiento del tiempo de trabajo;135;2160;2005Q1;2012Q3;2012Q3;39.92;02/09/2026 07:02:07;assets/data/ilo/csv/ove_oit_ilostat_venezuela_trimestral.csv.gz
OIT - ILOSTAT;Venezuela;Trimestral;HOW_TEMP_SEX_AGE_NB;Promedio de horas efectivamente trabajadas por semana por persona ocupada según sexo y edad;Horas de trabajo;Estadísticas de Salarios y Tiempo de Trabajo (COND);sexo, edad;45;720;2005Q1;2012Q3;2012Q3;39.92;02/09/2026 07:02:07;assets/data/ilo/csv/ove_oit_ilostat_venezuela_trimestral.csv.gz
OIT - ILOSTAT;Venezuela;Trimestral;HOW_TEMP_SEX_AGE_OCU_NB;Promedio de horas efectivamente trabajadas por semana por persona ocupada según sexo, edad y ocupación;Horas de trabajo;Estadísticas de Salarios y Tiempo de Trabajo (COND);sexo, edad, ocupación;210;3307;2005Q1;2012Q3;2012Q3;39.92;02/09/2026 07:02:07;assets/data/ilo/csv/ove_oit_ilostat_venezuela_trimestral.csv.gz
OIT - ILOSTAT;Venezuela;Trimestral;HOW_TEMP_SEX_ECO_EDU_NB;Promedio de horas efectivamente trabajadas por semana por persona ocupada según sexo, actividad económica y educación;Horas de trabajo;Estadísticas de Salarios y Tiempo de Trabajo (COND);sexo, actividad económica, educación;1006;12756;2005Q1;2012Q3;2012Q3;39.92;02/09/2026 07:02:07;assets/data/ilo/csv/ove_oit_ilostat_venezuela_trimestral.csv.gz
OIT - ILOSTAT;Venezuela;Trimestral;HOW_TEMP_SEX_ECO_EST_NB;Promedio de horas efectivamente trabajadas por semana por persona ocupada según sexo, actividad económica y tamaño del establecimiento;Horas de trabajo;Estadísticas de Salarios y Tiempo de Trabajo (COND);sexo, actividad económica, tamaño del establecimiento;72;1152;2005Q1;2012Q3;2012Q3;39.92;02/09/2026 07:02:07;assets/data/ilo/csv/ove_oit_ilostat_venezuela_trimestral.csv.gz
OIT - ILOSTAT;Venezuela;Trimestral;HOW_TEMP_SEX_ECO_INS_NB;Promedio de horas efectivamente trabajadas por semana por persona ocupada según sexo, actividad económica y sector público/privado;Horas de trabajo;Estadísticas de Salarios y Tiempo de Trabajo (COND);sexo, actividad económica, sector público/privado;126;2016;2005Q1;2012Q3;2012Q3;39.92;02/09/2026 07:02:07;assets/data/ilo/csv/ove_oit_ilostat_venezuela_trimestral.csv.gz
OIT - ILOSTAT;Venezuela;Trimestral;HOW_TEMP_SEX_ECO_MTS_NB;Promedio de horas efectivamente trabajadas por semana por persona ocupada según sexo, actividad económica y estado civil;Horas de trabajo;Estadísticas de Salarios y Tiempo de Trabajo (COND);sexo, actividad económica, estado civil;168;2423;2005Q1;2012Q3;2012Q3;39.92;02/09/2026 07:02:07;assets/data/ilo/csv/ove_oit_ilostat_venezuela_trimestral.csv.gz
OIT - ILOSTAT;Venezuela;Trimestral;HOW_TEMP_SEX_ECO_NB;Promedio de horas efectivamente trabajadas por semana por persona ocupada según sexo y actividad económica;Horas de trabajo;Estadísticas de Salarios y Tiempo de Trabajo (COND);sexo, actividad económica;99;1582;2005Q1;2012Q3;2012Q3;39.92;02/09/2026 07:02:07;assets/data/ilo/csv/ove_oit_ilostat_venezuela_trimestral.csv.gz
OIT - ILOSTAT;Venezuela;Trimestral;HOW_TEMP_SEX_EST_MTS_NB;Promedio de horas efectivamente trabajadas por semana por persona ocupada según sexo, tamaño del establecimiento y estado civil;Horas de trabajo;Estadísticas de Salarios y Tiempo de Trabajo (COND);sexo, tamaño del establecimiento, estado civil;120;1806;2005Q1;2012Q3;2012Q3;39.92;02/09/2026 07:02:07;assets/data/ilo/csv/ove_oit_ilostat_venezuela_trimestral.csv.gz
OIT - ILOSTAT;Venezuela;Trimestral;HOW_TEMP_SEX_EST_NB;Promedio de horas efectivamente trabajadas por semana por persona ocupada según sexo y tamaño del establecimiento;Horas de trabajo;Estadísticas de Salarios y Tiempo de Trabajo (COND);sexo, tamaño del establecimiento;30;480;2005Q1;2012Q3;2012Q3;39.92;02/09/2026 07:02:07;assets/data/ilo/csv/ove_oit_ilostat_venezuela_trimestral.csv.gz
OIT - ILOSTAT;Venezuela;Trimestral;HOW_TEMP_SEX_INS_MTS_NB;Promedio de horas efectivamente trabajadas por semana por persona ocupada según sexo, sector público/privado y estado civil;Horas de trabajo;Estadísticas de Salarios y Tiempo de Trabajo (COND);sexo, sector público/privado, estado civil;36;556;2005Q1;2012Q3;2012Q3;39.92;02/09/2026 07:02:07;assets/data/ilo/csv/ove_oit_ilostat_venezuela_trimestral.csv.gz
OIT - ILOSTAT;Venezuela;Trimestral;HOW_TEMP_SEX_INS_NB;Promedio de horas efectivamente trabajadas por semana por persona ocupada según sexo y sector público/privado;Horas de trabajo;Estadísticas de Salarios y Tiempo de Trabajo (COND);sexo, sector público/privado;9;144;2005Q1;2012Q3;2012Q3;39.92;02/09/2026 07:02:07;assets/data/ilo/csv/ove_oit_ilostat_venezuela_trimestral.csv.gz
OIT - ILOSTAT;Venezuela;Trimestral;HOW_TEMP_SEX_NB;Promedio de horas efectivamente trabajadas por semana por persona ocupada según sexo;Horas de trabajo;Estadísticas de Salarios y Tiempo de Trabajo (COND);sexo;3;48;2005Q1;2012Q3;2012Q3;39.92;02/09/2026 07:02:07;assets/data/ilo/csv/ove_oit_ilostat_venezuela_trimestral.csv.gz
OIT - ILOSTAT;Venezuela;Trimestral;HOW_TEMP_SEX_OCU_EDU_NB;Promedio de horas efectivamente trabajadas por semana por persona ocupada según sexo, ocupación y educación;Horas de trabajo;Estadísticas de Salarios y Tiempo de Trabajo (COND);sexo, ocupación, educación;235;2928;2005Q1;2012Q3;2012Q3;39.92;02/09/2026 07:02:07;assets/data/ilo/csv/ove_oit_ilostat_venezuela_trimestral.csv.gz
OIT - ILOSTAT;Venezuela;Trimestral;HOW_TEMP_SEX_OCU_EST_NB;Promedio de horas efectivamente trabajadas por semana por persona ocupada según sexo, ocupación y tamaño del establecimiento;Horas de trabajo;Estadísticas de Salarios y Tiempo de Trabajo (COND);sexo, ocupación, tamaño del establecimiento;60;940;2005Q1;2012Q3;2012Q3;39.92;02/09/2026 07:02:07;assets/data/ilo/csv/ove_oit_ilostat_venezuela_trimestral.csv.gz
OIT - ILOSTAT;Venezuela;Trimestral;HOW_TEMP_SEX_OCU_INS_NB;Promedio de horas efectivamente trabajadas por semana por persona ocupada según sexo, ocupación y sector público/privado;Horas de trabajo;Estadísticas de Salarios y Tiempo de Trabajo (COND);sexo, ocupación, sector público/privado;135;2131;2005Q1;2012Q3;2012Q3;39.92;02/09/2026 07:02:07;assets/data/ilo/csv/ove_oit_ilostat_venezuela_trimestral.csv.gz
OIT - ILOSTAT;Venezuela;Trimestral;HOW_TEMP_SEX_OCU_MTS_NB;Promedio de horas efectivamente trabajadas por semana por persona ocupada según sexo, ocupación y estado civil;Horas de trabajo;Estadísticas de Salarios y Tiempo de Trabajo (COND);sexo, ocupación, estado civil;59;849;2005Q1;2012Q3;2012Q3;39.92;02/09/2026 07:02:07;assets/data/ilo/csv/ove_oit_ilostat_venezuela_trimestral.csv.gz
OIT - ILOSTAT;Venezuela;Trimestral;HOW_TEMP_SEX_OCU_NB;Promedio de horas efectivamente trabajadas por semana por persona ocupada según sexo y ocupación;Horas de trabajo;Estadísticas de Salarios y Tiempo de Trabajo (COND);sexo, ocupación;45;720;2005Q1;2012Q3;2012Q3;39.92;02/09/2026 07:02:07;assets/data/ilo/csv/ove_oit_ilostat_venezuela_trimestral.csv.gz
OIT - ILOSTAT;Venezuela;Trimestral;HOW_XEES_ECO_OCU_NB;Promedio de horas efectivamente trabajadas por semana por asalariado según actividad económica y ocupación;Horas de trabajo;Estadísticas de Salarios y Tiempo de Trabajo (COND);actividad económica, ocupación;207;3106;2005Q1;2012Q3;2012Q3;41.43;02/09/2026 07:02:07;assets/data/ilo/csv/ove_oit_ilostat_venezuela_trimestral.csv.gz
OIT - ILOSTAT;Venezuela;Trimestral;HOW_XEES_SEX_AGE_ECO_NB;Promedio de horas efectivamente trabajadas por semana por asalariado según sexo, edad y actividad económica;Horas de trabajo;Estadísticas de Salarios y Tiempo de Trabajo (COND);sexo, edad, actividad económica;336;5284;2005Q1;2012Q3;2012Q3;41.43;02/09/2026 07:02:07;assets/data/ilo/csv/ove_oit_ilostat_venezuela_trimestral.csv.gz
OIT - ILOSTAT;Venezuela;Trimestral;HOW_XEES_SEX_AGE_INS_NB;Promedio de horas efectivamente trabajadas por semana por asalariado según sexo, edad y sector público/privado;Horas de trabajo;Estadísticas de Salarios y Tiempo de Trabajo (COND);sexo, edad, sector público/privado;72;1152;2005Q1;2012Q3;2012Q3;41.43;02/09/2026 07:02:07;assets/data/ilo/csv/ove_oit_ilostat_venezuela_trimestral.csv.gz
OIT - ILOSTAT;Venezuela;Trimestral;HOW_XEES_SEX_AGE_NB;Promedio de horas efectivamente trabajadas por semana por asalariado según sexo y edad;Horas de trabajo;Estadísticas de Salarios y Tiempo de Trabajo (COND);sexo, edad;45;720;2005Q1;2012Q3;2012Q3;41.43;02/09/2026 07:02:07;assets/data/ilo/csv/ove_oit_ilostat_venezuela_trimestral.csv.gz
OIT - ILOSTAT;Venezuela;Trimestral;HOW_XEES_SEX_AGE_OCU_NB;Promedio de horas efectivamente trabajadas por semana por asalariado según sexo, edad y ocupación;Horas de trabajo;Estadísticas de Salarios y Tiempo de Trabajo (COND);sexo, edad, ocupación;210;3276;2005Q1;2012Q3;2012Q3;41.43;02/09/2026 07:02:07;assets/data/ilo/csv/ove_oit_ilostat_venezuela_trimestral.csv.gz
OIT - ILOSTAT;Venezuela;Trimestral;HOW_XEES_SEX_ECO_EDU_NB;Promedio de horas efectivamente trabajadas por semana por asalariado según sexo, actividad económica y educación;Horas de trabajo;Estadísticas de Salarios y Tiempo de Trabajo (COND);sexo, actividad económica, educación;997;12368;2005Q1;2012Q3;2012Q3;41.43;02/09/2026 07:02:07;assets/data/ilo/csv/ove_oit_ilostat_venezuela_trimestral.csv.gz
OIT - ILOSTAT;Venezuela;Trimestral;HOW_XEES_SEX_ECO_EST_NB;Promedio de horas efectivamente trabajadas por semana por asalariado según sexo, actividad económica y tamaño del establecimiento;Horas de trabajo;Estadísticas de Salarios y Tiempo de Trabajo (COND);sexo, actividad económica, tamaño del establecimiento;72;1152;2005Q1;2012Q3;2012Q3;41.43;02/09/2026 07:02:07;assets/data/ilo/csv/ove_oit_ilostat_venezuela_trimestral.csv.gz
OIT - ILOSTAT;Venezuela;Trimestral;HOW_XEES_SEX_ECO_INS_NB;Promedio de horas efectivamente trabajadas por semana por asalariado según sexo, actividad económica y sector público/privado;Horas de trabajo;Estadísticas de Salarios y Tiempo de Trabajo (COND);sexo, actividad económica, sector público/privado;126;2016;2005Q1;2012Q3;2012Q3;41.43;02/09/2026 07:02:07;assets/data/ilo/csv/ove_oit_ilostat_venezuela_trimestral.csv.gz
OIT - ILOSTAT;Venezuela;Trimestral;HOW_XEES_SEX_ECO_MTS_NB;Promedio de horas efectivamente trabajadas por semana por asalariado según sexo, actividad económica y estado civil;Horas de trabajo;Estadísticas de Salarios y Tiempo de Trabajo (COND);sexo, actividad económica, estado civil;167;2371;2005Q1;2012Q3;2012Q3;41.43;02/09/2026 07:02:07;assets/data/ilo/csv/ove_oit_ilostat_venezuela_trimestral.csv.gz
OIT - ILOSTAT;Venezuela;Trimestral;HOW_XEES_SEX_ECO_NB;Promedio de horas efectivamente trabajadas por semana por asalariado según sexo y actividad económica;Horas de trabajo;Estadísticas de Salarios y Tiempo de Trabajo (COND);sexo, actividad económica;99;1579;2005Q1;2012Q3;2012Q3;41.43;02/09/2026 07:02:07;assets/data/ilo/csv/ove_oit_ilostat_venezuela_trimestral.csv.gz
OIT - ILOSTAT;Venezuela;Trimestral;HOW_XEES_SEX_EDU_NB;Promedio de horas efectivamente trabajadas por semana por asalariado según sexo y educación;Horas de trabajo;Estadísticas de Salarios y Tiempo de Trabajo (COND);sexo, educación;48;645;2005Q1;2012Q3;2012Q3;41.43;02/09/2026 07:02:07;assets/data/ilo/csv/ove_oit_ilostat_venezuela_trimestral.csv.gz
OIT - ILOSTAT;Venezuela;Trimestral;HOW_XEES_SEX_EST_MTS_NB;Promedio de horas efectivamente trabajadas por semana por asalariado según sexo, tamaño del establecimiento y estado civil;Horas de trabajo;Estadísticas de Salarios y Tiempo de Trabajo (COND);sexo, tamaño del establecimiento, estado civil;120;1760;2005Q1;2012Q3;2012Q3;41.43;02/09/2026 07:02:07;assets/data/ilo/csv/ove_oit_ilostat_venezuela_trimestral.csv.gz
OIT - ILOSTAT;Venezuela;Trimestral;HOW_XEES_SEX_EST_NB;Promedio de horas efectivamente trabajadas por semana por asalariado según sexo y tamaño del establecimiento;Horas de trabajo;Estadísticas de Salarios y Tiempo de Trabajo (COND);sexo, tamaño del establecimiento;30;480;2005Q1;2012Q3;2012Q3;41.43;02/09/2026 07:02:07;assets/data/ilo/csv/ove_oit_ilostat_venezuela_trimestral.csv.gz
OIT - ILOSTAT;Venezuela;Trimestral;HOW_XEES_SEX_INS_MTS_NB;Promedio de horas efectivamente trabajadas por semana por asalariado según sexo, sector público/privado y estado civil;Horas de trabajo;Estadísticas de Salarios y Tiempo de Trabajo (COND);sexo, sector público/privado, estado civil;36;556;2005Q1;2012Q3;2012Q3;41.43;02/09/2026 07:02:07;assets/data/ilo/csv/ove_oit_ilostat_venezuela_trimestral.csv.gz
OIT - ILOSTAT;Venezuela;Trimestral;HOW_XEES_SEX_INS_NB;Promedio de horas efectivamente trabajadas por semana por asalariado según sexo y sector público/privado;Horas de trabajo;Estadísticas de Salarios y Tiempo de Trabajo (COND);sexo, sector público/privado;9;144;2005Q1;2012Q3;2012Q3;41.43;02/09/2026 07:02:07;assets/data/ilo/csv/ove_oit_ilostat_venezuela_trimestral.csv.gz
OIT - ILOSTAT;Venezuela;Trimestral;HOW_XEES_SEX_MTS_NB;Promedio de horas efectivamente trabajadas por semana por asalariado según sexo y estado civil;Horas de trabajo;Estadísticas de Salarios y Tiempo de Trabajo (COND);sexo, estado civil;12;189;2005Q1;2012Q3;2012Q3;41.43;02/09/2026 07:02:07;assets/data/ilo/csv/ove_oit_ilostat_venezuela_trimestral.csv.gz
OIT - ILOSTAT;Venezuela;Trimestral;HOW_XEES_SEX_NB;Promedio de horas efectivamente trabajadas por semana por asalariado según sexo;Horas de trabajo;Estadísticas de Salarios y Tiempo de Trabajo (COND);sexo;3;48;2005Q1;2012Q3;2012Q3;41.43;02/09/2026 07:02:07;assets/data/ilo/csv/ove_oit_ilostat_venezuela_trimestral.csv.gz
OIT - ILOSTAT;Venezuela;Trimestral;HOW_XEES_SEX_OCU_EDU_NB;Promedio de horas efectivamente trabajadas por semana por asalariado según sexo, ocupación y educación;Horas de trabajo;Estadísticas de Salarios y Tiempo de Trabajo (COND);sexo, ocupación, educación;233;2834;2005Q1;2012Q3;2012Q3;41.43;02/09/2026 07:02:07;assets/data/ilo/csv/ove_oit_ilostat_venezuela_trimestral.csv.gz
OIT - ILOSTAT;Venezuela;Trimestral;HOW_XEES_SEX_OCU_EST_NB;Promedio de horas efectivamente trabajadas por semana por asalariado según sexo, ocupación y tamaño del establecimiento;Horas de trabajo;Estadísticas de Salarios y Tiempo de Trabajo (COND);sexo, ocupación, tamaño del establecimiento;60;926;2005Q1;2012Q3;2012Q3;41.43;02/09/2026 07:02:07;assets/data/ilo/csv/ove_oit_ilostat_venezuela_trimestral.csv.gz
OIT - ILOSTAT;Venezuela;Trimestral;HOW_XEES_SEX_OCU_INS_NB;Promedio de horas efectivamente trabajadas por semana por asalariado según sexo, ocupación y sector público/privado;Horas de trabajo;Estadísticas de Salarios y Tiempo de Trabajo (COND);sexo, ocupación, sector público/privado;135;2117;2005Q1;2012Q3;2012Q3;41.43;02/09/2026 07:02:07;assets/data/ilo/csv/ove_oit_ilostat_venezuela_trimestral.csv.gz
OIT - ILOSTAT;Venezuela;Trimestral;HOW_XEES_SEX_OCU_MTS_NB;Promedio de horas efectivamente trabajadas por semana por asalariado según sexo, ocupación y estado civil;Horas de trabajo;Estadísticas de Salarios y Tiempo de Trabajo (COND);sexo, ocupación, estado civil;59;841;2005Q1;2012Q3;2012Q3;41.43;02/09/2026 07:02:07;assets/data/ilo/csv/ove_oit_ilostat_venezuela_trimestral.csv.gz
OIT - ILOSTAT;Venezuela;Trimestral;HOW_XEES_SEX_OCU_NB;Promedio de horas efectivamente trabajadas por semana por asalariado según sexo y ocupación;Horas de trabajo;Estadísticas de Salarios y Tiempo de Trabajo (COND);sexo, ocupación;45;720;2005Q1;2012Q3;2012Q3;41.43;02/09/2026 07:02:07;assets/data/ilo/csv/ove_oit_ilostat_venezuela_trimestral.csv.gz
OIT - ILOSTAT;Venezuela;Trimestral;POP_XWAP_SEX_AGE_EDU_NB;Población en edad de trabajar según sexo, edad y educación (millares);Población;Indicadores de Educación y Desajuste (EMI);sexo, edad, educación;558;7551;2005Q1;2012Q3;2012Q3;21172.017;02/09/2026 07:05:10;assets/data/ilo/csv/ove_oit_ilostat_venezuela_trimestral.csv.gz
OIT - ILOSTAT;Venezuela;Trimestral;POP_XWAP_SEX_AGE_LMS_NB;Población en edad de trabajar según sexo, edad y situación en el mercado de (millares);Población;Estadísticas sobre la Fuerza Laboral (LFS);sexo, edad, situación en el mercado de trabajo;192;3072;2005Q1;2012Q3;2012Q3;21172.017;02/09/2026 07:12:08;assets/data/ilo/csv/ove_oit_ilostat_venezuela_trimestral.csv.gz
OIT - ILOSTAT;Venezuela;Trimestral;POP_XWAP_SEX_AGE_MTS_NB;Poblacion en edad de trabajar según sexo, edad y estado civil (millares);Población;Indicadores de Igualdad de Género y No Discriminación (GEND);sexo, edad, estado civil;381;5925;2005Q1;2012Q3;2012Q3;21172.017;02/09/2026 07:08:07;assets/data/ilo/csv/ove_oit_ilostat_venezuela_trimestral.csv.gz
OIT - ILOSTAT;Venezuela;Trimestral;POP_XWAP_SEX_AGE_NB;Población en edad de trabajar según sexo y edad (millares);Población;Estadísticas sobre la Fuerza Laboral (LFS);sexo, edad;84;1506;1999Q1;2013Q4;2013Q4;21623.039;02/09/2026 07:12:08;assets/data/ilo/csv/ove_oit_ilostat_venezuela_trimestral.csv.gz
OIT - ILOSTAT;Venezuela;Trimestral;POP_XWAP_SEX_EDU_LMS_NB;Población en edad de trabajar según sexo, educación and situación en el mercado de trabajo (millares);Población;Indicadores de Educación y Desajuste (EMI);sexo, educación, situación en el mercado de trabajo;72;1002;2005Q1;2012Q3;2012Q3;21172.017;02/09/2026 07:05:10;assets/data/ilo/csv/ove_oit_ilostat_venezuela_trimestral.csv.gz
OIT - ILOSTAT;Venezuela;Trimestral;POP_XWAP_SEX_EDU_MTS_NB;Población en edad de trabajar según sexo, educación y estado civil (millares);Población;Indicadores de Educación y Desajuste (EMI);sexo, educación, estado civil;72;957;2005Q1;2012Q3;2012Q3;21172.017;02/09/2026 07:05:10;assets/data/ilo/csv/ove_oit_ilostat_venezuela_trimestral.csv.gz
OIT - ILOSTAT;Venezuela;Trimestral;POP_XWAP_SEX_EDU_NB;Población en edad de trabajar según sexo y educación (millares);Población;Indicadores de Educación y Desajuste (EMI);sexo, educación;48;657;2005Q1;2012Q3;2012Q3;21172.017;02/09/2026 07:05:10;assets/data/ilo/csv/ove_oit_ilostat_venezuela_trimestral.csv.gz
OIT - ILOSTAT;Venezuela;Trimestral;POP_XWAP_SEX_LMS_NB;Población en edad de trabajar según sexo and situación en el mercado de trabajo (millares);Población;Estadísticas sobre la Fuerza Laboral (LFS);sexo, situación en el mercado de trabajo;12;192;2005Q1;2012Q3;2012Q3;21172.017;02/09/2026 07:12:08;assets/data/ilo/csv/ove_oit_ilostat_venezuela_trimestral.csv.gz
OIT - ILOSTAT;Venezuela;Trimestral;POP_XWAP_SEX_MTS_LMS_NB;Población en edad de trabajar según sexo, estado civil and situación en el mercado de trabajo (millares);Población;Indicadores de Igualdad de Género y No Discriminación (GEND);sexo, estado civil, situación en el mercado de trabajo;48;738;2005Q1;2012Q3;2012Q3;21172.017;02/09/2026 07:08:07;assets/data/ilo/csv/ove_oit_ilostat_venezuela_trimestral.csv.gz
OIT - ILOSTAT;Venezuela;Trimestral;POP_XWAP_SEX_MTS_NB;Poblacion en edad de trabajar según sexo y estado civil (millares);Población;Indicadores de Igualdad de Género y No Discriminación (GEND);sexo, estado civil;33;528;2005Q1;2012Q3;2012Q3;21172.017;02/09/2026 07:08:07;assets/data/ilo/csv/ove_oit_ilostat_venezuela_trimestral.csv.gz
OIT - ILOSTAT;Venezuela;Trimestral;UNE_DEA1_SEX_AGE_RT;Tasa de desocupación, DES según sexo y edad (%);Desempleo y subutilización de la fuerza de trabajo;Estadísticas sobre la Fuerza Laboral (LFS);sexo, edad;3;78;2003Q3;2013Q4;2013Q4;7.714;30/08/2026 07:25:23;assets/data/ilo/csv/ove_oit_ilostat_venezuela_trimestral.csv.gz
OIT - ILOSTAT;Venezuela;Trimestral;UNE_DEAP_SEX_AGE_EDU_RT;Tasa de desocupación según sexo, edad y educación (%);Desempleo y subutilización de la fuerza de trabajo;Indicadores de Educación y Desajuste (EMI);sexo, edad, educación;555;6870;2005Q1;2012Q3;2012Q3;5.969;02/09/2026 07:05:10;assets/data/ilo/csv/ove_oit_ilostat_venezuela_trimestral.csv.gz
OIT - ILOSTAT;Venezuela;Trimestral;UNE_DEAP_SEX_AGE_MTS_RT;Tasa de desocupación según sexo, edad y estado civil (%);Desempleo y subutilización de la fuerza de trabajo;Indicadores de Igualdad de Género y No Discriminación (GEND);sexo, edad, estado civil;381;5279;2005Q1;2012Q3;2012Q3;5.969;02/09/2026 07:08:07;assets/data/ilo/csv/ove_oit_ilostat_venezuela_trimestral.csv.gz
OIT - ILOSTAT;Venezuela;Trimestral;UNE_DEAP_SEX_AGE_RT;Tasa de desocupación según sexo y edad (%);Desempleo y subutilización de la fuerza de trabajo;Estadísticas sobre la Fuerza Laboral (LFS);sexo, edad;84;1545;1990Q2;2013Q4;2013Q4;6.602;02/09/2026 07:12:08;assets/data/ilo/csv/ove_oit_ilostat_venezuela_trimestral.csv.gz
OIT - ILOSTAT;Venezuela;Trimestral;UNE_DEAP_SEX_EDU_MTS_RT;Tasa de desocupación según sexo, educación y estado civil (%);Desempleo y subutilización de la fuerza de trabajo;Indicadores de Educación y Desajuste (EMI);sexo, educación, estado civil;69;783;2005Q1;2012Q3;2012Q3;5.969;02/09/2026 07:05:10;assets/data/ilo/csv/ove_oit_ilostat_venezuela_trimestral.csv.gz
OIT - ILOSTAT;Venezuela;Trimestral;UNE_DEAP_SEX_EDU_RT;Tasa de desocupación según sexo y educación (%);Desempleo y subutilización de la fuerza de trabajo;Indicadores de Educación y Desajuste (EMI);sexo, educación;48;630;2005Q1;2012Q3;2012Q3;5.969;02/09/2026 07:05:10;assets/data/ilo/csv/ove_oit_ilostat_venezuela_trimestral.csv.gz
OIT - ILOSTAT;Venezuela;Trimestral;UNE_DEAP_SEX_MTS_RT;Tasa de desocupación según sexo y estado civil (%);Desempleo y subutilización de la fuerza de trabajo;Indicadores de Igualdad de Género y No Discriminación (GEND);sexo, estado civil;33;480;2005Q1;2012Q3;2012Q3;5.969;02/09/2026 07:08:07;assets/data/ilo/csv/ove_oit_ilostat_venezuela_trimestral.csv.gz
OIT - ILOSTAT;Venezuela;Trimestral;UNE_TUN1_SEX_AGE_NB;Desocupación, DES según sexo y edad (millares);Desempleo y subutilización de la fuerza de trabajo;Estadísticas sobre la Fuerza Laboral (LFS);sexo, edad;3;78;2003Q3;2013Q4;2013Q4;1036.206;30/08/2026 07:25:23;assets/data/ilo/csv/ove_oit_ilostat_venezuela_trimestral.csv.gz
OIT - ILOSTAT;Venezuela;Trimestral;UNE_TUNE_SEX_AGE_DUR_NB;Desocupación según sexo, edad y duración (millares);Desempleo y subutilización de la fuerza de trabajo;Estadísticas sobre la Fuerza Laboral (LFS);sexo, edad, duración;456;7266;2005Q1;2012Q3;2012Q3;801.768;02/09/2026 07:12:08;assets/data/ilo/csv/ove_oit_ilostat_venezuela_trimestral.csv.gz
OIT - ILOSTAT;Venezuela;Trimestral;UNE_TUNE_SEX_AGE_EDU_NB;Desocupación según sexo, edad y educación (millares);Desempleo y subutilización de la fuerza de trabajo;Indicadores de Educación y Desajuste (EMI);sexo, edad, educación;555;6870;2005Q1;2012Q3;2012Q3;801.768;02/09/2026 07:05:10;assets/data/ilo/csv/ove_oit_ilostat_venezuela_trimestral.csv.gz
OIT - ILOSTAT;Venezuela;Trimestral;UNE_TUNE_SEX_AGE_MTS_NB;Desocupación según sexo, edad y estado civil (millares);Desempleo y subutilización de la fuerza de trabajo;Indicadores de Igualdad de Género y No Discriminación (GEND);sexo, edad, estado civil;381;5279;2005Q1;2012Q3;2012Q3;801.768;02/09/2026 07:08:07;assets/data/ilo/csv/ove_oit_ilostat_venezuela_trimestral.csv.gz
OIT - ILOSTAT;Venezuela;Trimestral;UNE_TUNE_SEX_AGE_NB;Desocupación según sexo y edad (millares);Desempleo y subutilización de la fuerza de trabajo;Estadísticas sobre la Fuerza Laboral (LFS);sexo, edad;84;1548;1990Q2;2013Q4;2013Q4;923.224;02/09/2026 07:12:08;assets/data/ilo/csv/ove_oit_ilostat_venezuela_trimestral.csv.gz
OIT - ILOSTAT;Venezuela;Trimestral;UNE_TUNE_SEX_CAT_NB;Desocupación según sexo y categoría de personas desocupadas (millares);Desempleo y subutilización de la fuerza de trabajo;Estadísticas sobre la Fuerza Laboral (LFS);sexo, tipo de desocupación;12;147;2005Q1;2012Q3;2012Q3;801.768;02/09/2026 07:12:08;assets/data/ilo/csv/ove_oit_ilostat_venezuela_trimestral.csv.gz
OIT - ILOSTAT;Venezuela;Trimestral;UNE_TUNE_SEX_EDU_MTS_NB;Desocupación según sexo, educación y estado civil (millares);Desempleo y subutilización de la fuerza de trabajo;Indicadores de Educación y Desajuste (EMI);sexo, educación, estado civil;69;783;2005Q1;2012Q3;2012Q3;801.768;02/09/2026 07:05:10;assets/data/ilo/csv/ove_oit_ilostat_venezuela_trimestral.csv.gz
OIT - ILOSTAT;Venezuela;Trimestral;UNE_TUNE_SEX_EDU_NB;Desocupación según sexo y educación (millares);Desempleo y subutilización de la fuerza de trabajo;Indicadores de Educación y Desajuste (EMI);sexo, educación;48;630;2005Q1;2012Q3;2012Q3;801.768;02/09/2026 07:05:10;assets/data/ilo/csv/ove_oit_ilostat_venezuela_trimestral.csv.gz
OIT - ILOSTAT;Venezuela;Trimestral;UNE_TUNE_SEX_MTS_NB;Desocupación según sexo y estado civil (millares);Desempleo y subutilización de la fuerza de trabajo;Indicadores de Igualdad de Género y No Discriminación (GEND);sexo, estado civil;33;480;2005Q1;2012Q3;2012Q3;801.768;02/09/2026 07:08:07;assets/data/ilo/csv/ove_oit_ilostat_venezuela_trimestral.csv.gz
OIT - ILOSTAT;Venezuela;Mensual;CPI_NCPD_COI_RT;IPC: Índice nacional de precios al consumidor, porcentaje de variación con respecto al período anterior según CCIF (%);Precios y factores de conversión;Precios, Costos y Conversiones de Moneda (PRICES);ccif;1;83;2010M02;2016M12;2016M12;15.1;30/08/2026 07:27:05;assets/data/ilo/csv/ove_oit_ilostat_venezuela_mensual.csv.gz
OIT - ILOSTAT;Venezuela;Mensual;CPI_NCYR_COI_RT;IPC: Índice nacional de precios al consumidor, porcentaje de variación con respecto al año anterior según CCIF (%);Precios y factores de conversión;Precios, Costos y Conversiones de Moneda (PRICES);ccif;1;72;2011M01;2016M12;2016M12;274.35;30/08/2026 07:27:05;assets/data/ilo/csv/ove_oit_ilostat_venezuela_mensual.csv.gz
OIT - ILOSTAT;Venezuela;Mensual;CPI_XCPI_COI_RT;IPC: Índice nacional de precios al consumidor, año base 2017 = 100 según CCIF;Precios y factores de conversión;Precios, Costos y Conversiones de Moneda (PRICES);ccif;1;84;2010M01;2016M12;2016M12;8826.9;30/08/2026 07:27:05;assets/data/ilo/csv/ove_oit_ilostat_venezuela_mensual.csv.gz
OIT - ILOSTAT;Venezuela;Mensual;EAP_DWAP_SEX_AGE_RT;Tasa de participación en la fuerza de trabajo según sexo y edad (%);Fuerza de trabajo;Estadísticas sobre la Fuerza Laboral (LFS);sexo, edad;5;724;1999M01;2013M12;2013M12;64.402;02/09/2026 07:11:06;assets/data/ilo/csv/ove_oit_ilostat_venezuela_mensual.csv.gz
OIT - ILOSTAT;Venezuela;Mensual;EAP_TEAP_SEX_AGE_NB;Fuerza de trabajo según sexo y edad (millares);Fuerza de trabajo;Estadísticas sobre la Fuerza Laboral (LFS);sexo, edad;5;724;1999M01;2013M12;2013M12;13946.251;02/09/2026 07:11:06;assets/data/ilo/csv/ove_oit_ilostat_venezuela_mensual.csv.gz
OIT - ILOSTAT;Venezuela;Mensual;EES_TEES_SEX_AGE_NB;Asalariados según sexo y edad (millares);Asalariados;Estadísticas sobre la Fuerza Laboral (LFS);sexo, edad;1;96;2006M01;2013M12;2013M12;8011.672;02/09/2026 07:11:06;assets/data/ilo/csv/ove_oit_ilostat_venezuela_mensual.csv.gz
OIT - ILOSTAT;Venezuela;Mensual;EES_TEES_SEX_ECO_NB;Asalariados según sexo y actividad económica (millares);Asalariados;Estadísticas sobre la Fuerza Laboral (LFS);sexo, actividad económica;1;96;2006M01;2013M12;2013M12;8011.672;02/09/2026 07:11:06;assets/data/ilo/csv/ove_oit_ilostat_venezuela_mensual.csv.gz
OIT - ILOSTAT;Venezuela;Mensual;EIP_DWAP_SEX_AGE_RT;Tasa de inactividad según sexo y edad (%);Desempleo y subutilización de la fuerza de trabajo;Estadísticas sobre la Fuerza Laboral (LFS);sexo, edad;5;724;1999M01;2013M12;2013M12;35.598;02/09/2026 07:11:06;assets/data/ilo/csv/ove_oit_ilostat_venezuela_mensual.csv.gz
OIT - ILOSTAT;Venezuela;Mensual;EIP_TEIP_SEX_AGE_NB;Personas fuera de la fuerza de trabajo según sexo y edad (millares);Desempleo y subutilización de la fuerza de trabajo;Estadísticas sobre la Fuerza Laboral (LFS);sexo, edad;5;724;1999M01;2013M12;2013M12;7708.598;02/09/2026 07:11:06;assets/data/ilo/csv/ove_oit_ilostat_venezuela_mensual.csv.gz
OIT - ILOSTAT;Venezuela;Mensual;EMP_DWAP_SEX_AGE_RT;Razón ocupación-población en edad de trabajar según sexo y edad (%);Ocupación;Estadísticas sobre la Fuerza Laboral (LFS);sexo, edad;5;724;1999M01;2013M12;2013M12;60.799;02/09/2026 07:11:06;assets/data/ilo/csv/ove_oit_ilostat_venezuela_mensual.csv.gz
OIT - ILOSTAT;Venezuela;Mensual;EMP_TEMP_SEX_AGE_NB;Ocupación según sexo y edad (millares);Ocupación;Estadísticas sobre la Fuerza Laboral (LFS);sexo, edad;5;724;1999M01;2013M12;2013M12;13165.887;02/09/2026 07:11:06;assets/data/ilo/csv/ove_oit_ilostat_venezuela_mensual.csv.gz
OIT - ILOSTAT;Venezuela;Mensual;EMP_TEMP_SEX_ECO_NB;Ocupación según sexo y actividad económica (millares);Ocupación;Estadísticas sobre la Fuerza Laboral (LFS);sexo, actividad económica;3;534;1999M01;2013M12;2013M12;13165.887;02/09/2026 07:11:06;assets/data/ilo/csv/ove_oit_ilostat_venezuela_mensual.csv.gz
OIT - ILOSTAT;Venezuela;Mensual;POP_XWAP_SEX_AGE_NB;Población en edad de trabajar según sexo y edad (millares);Población;Estadísticas sobre la Fuerza Laboral (LFS);sexo, edad;5;724;1999M01;2013M12;2013M12;21654.849;02/09/2026 07:11:06;assets/data/ilo/csv/ove_oit_ilostat_venezuela_mensual.csv.gz
OIT - ILOSTAT;Venezuela;Mensual;UNE_DEAP_SEX_AGE_RT;Tasa de desocupación según sexo y edad (%);Desempleo y subutilización de la fuerza de trabajo;Estadísticas sobre la Fuerza Laboral (LFS);sexo, edad;5;724;1999M01;2013M12;2013M12;5.596;02/09/2026 07:11:06;assets/data/ilo/csv/ove_oit_ilostat_venezuela_mensual.csv.gz
OIT - ILOSTAT;Venezuela;Mensual;UNE_TUNE_SEX_AGE_NB;Desocupación según sexo y edad (millares);Desempleo y subutilización de la fuerza de trabajo;Estadísticas sobre la Fuerza Laboral (LFS);sexo, edad;5;724;1999M01;2013M12;2013M12;780.364;02/09/2026 07:11:06;assets/data/ilo/csv/ove_oit_ilostat_venezuela_mensual.csv.gz
