País OVE;País Banco Mundial;Código ISO 2;Código ISO 3;Región;Nivel de ingreso;Año;Área temática;ID área;Subárea;ID subárea;Código indicador;Indicador;Valor;Fuente;Fecha descarga;Error descarga
Venezuela;Venezuela, RB;VE;VEN;Latin America & Caribbean;Not classified;1960;Precios e inflación;precios_e_inflacion;Sistema monetario;sistema_monetario;FM.LBL.BMNY.GD.ZS;Dinero amplio como porcentaje del PIB;20.5095243660161;Banco Mundial - World Development Indicators;2026-08-31;
Venezuela;Venezuela, RB;VE;VEN;Latin America & Caribbean;Not classified;1961;Precios e inflación;precios_e_inflacion;Sistema monetario;sistema_monetario;FM.LBL.BMNY.GD.ZS;Dinero amplio como porcentaje del PIB;19.7121077560687;Banco Mundial - World Development Indicators;2026-08-31;
Venezuela;Venezuela, RB;VE;VEN;Latin America & Caribbean;Not classified;1962;Precios e inflación;precios_e_inflacion;Sistema monetario;sistema_monetario;FM.LBL.BMNY.GD.ZS;Dinero amplio como porcentaje del PIB;18.3234546994073;Banco Mundial - World Development Indicators;2026-08-31;
Venezuela;Venezuela, RB;VE;VEN;Latin America & Caribbean;Not classified;1963;Precios e inflación;precios_e_inflacion;Sistema monetario;sistema_monetario;FM.LBL.BMNY.GD.ZS;Dinero amplio como porcentaje del PIB;19.5392406636426;Banco Mundial - World Development Indicators;2026-08-31;
Venezuela;Venezuela, RB;VE;VEN;Latin America & Caribbean;Not classified;1964;Precios e inflación;precios_e_inflacion;Sistema monetario;sistema_monetario;FM.LBL.BMNY.GD.ZS;Dinero amplio como porcentaje del PIB;20.5123888093835;Banco Mundial - World Development Indicators;2026-08-31;
Venezuela;Venezuela, RB;VE;VEN;Latin America & Caribbean;Not classified;1965;Precios e inflación;precios_e_inflacion;Sistema monetario;sistema_monetario;FM.LBL.BMNY.GD.ZS;Dinero amplio como porcentaje del PIB;20.8458800263678;Banco Mundial - World Development Indicators;2026-08-31;
Venezuela;Venezuela, RB;VE;VEN;Latin America & Caribbean;Not classified;1966;Precios e inflación;precios_e_inflacion;Sistema monetario;sistema_monetario;FM.LBL.BMNY.GD.ZS;Dinero amplio como porcentaje del PIB;20.0;Banco Mundial - World Development Indicators;2026-08-31;
Venezuela;Venezuela, RB;VE;VEN;Latin America & Caribbean;Not classified;1967;Precios e inflación;precios_e_inflacion;Sistema monetario;sistema_monetario;FM.LBL.BMNY.GD.ZS;Dinero amplio como porcentaje del PIB;21.5586786786787;Banco Mundial - World Development Indicators;2026-08-31;
Venezuela;Venezuela, RB;VE;VEN;Latin America & Caribbean;Not classified;1968;Precios e inflación;precios_e_inflacion;Sistema monetario;sistema_monetario;FM.LBL.BMNY.GD.ZS;Dinero amplio como porcentaje del PIB;21.7674676115602;Banco Mundial - World Development Indicators;2026-08-31;
Venezuela;Venezuela, RB;VE;VEN;Latin America & Caribbean;Not classified;1969;Precios e inflación;precios_e_inflacion;Sistema monetario;sistema_monetario;FM.LBL.BMNY.GD.ZS;Dinero amplio como porcentaje del PIB;23.5449301039259;Banco Mundial - World Development Indicators;2026-08-31;
Venezuela;Venezuela, RB;VE;VEN;Latin America & Caribbean;Not classified;1970;Precios e inflación;precios_e_inflacion;Sistema monetario;sistema_monetario;FM.LBL.BMNY.GD.ZS;Dinero amplio como porcentaje del PIB;22.5695338779433;Banco Mundial - World Development Indicators;2026-08-31;
Venezuela;Venezuela, RB;VE;VEN;Latin America & Caribbean;Not classified;1971;Precios e inflación;precios_e_inflacion;Sistema monetario;sistema_monetario;FM.LBL.BMNY.GD.ZS;Dinero amplio como porcentaje del PIB;23.9862795540855;Banco Mundial - World Development Indicators;2026-08-31;
Venezuela;Venezuela, RB;VE;VEN;Latin America & Caribbean;Not classified;1972;Precios e inflación;precios_e_inflacion;Sistema monetario;sistema_monetario;FM.LBL.BMNY.GD.ZS;Dinero amplio como porcentaje del PIB;26.6739293031121;Banco Mundial - World Development Indicators;2026-08-31;
Venezuela;Venezuela, RB;VE;VEN;Latin America & Caribbean;Not classified;1973;Precios e inflación;precios_e_inflacion;Sistema monetario;sistema_monetario;FM.LBL.BMNY.GD.ZS;Dinero amplio como porcentaje del PIB;26.8017692108173;Banco Mundial - World Development Indicators;2026-08-31;
Venezuela;Venezuela, RB;VE;VEN;Latin America & Caribbean;Not classified;1974;Precios e inflación;precios_e_inflacion;Sistema monetario;sistema_monetario;FM.LBL.BMNY.GD.ZS;Dinero amplio como porcentaje del PIB;23.7244507012135;Banco Mundial - World Development Indicators;2026-08-31;
Venezuela;Venezuela, RB;VE;VEN;Latin America & Caribbean;Not classified;1975;Precios e inflación;precios_e_inflacion;Sistema monetario;sistema_monetario;FM.LBL.BMNY.GD.ZS;Dinero amplio como porcentaje del PIB;34.5612118748836;Banco Mundial - World Development Indicators;2026-08-31;
Venezuela;Venezuela, RB;VE;VEN;Latin America & Caribbean;Not classified;1976;Precios e inflación;precios_e_inflacion;Sistema monetario;sistema_monetario;FM.LBL.BMNY.GD.ZS;Dinero amplio como porcentaje del PIB;37.258556371388;Banco Mundial - World Development Indicators;2026-08-31;
Venezuela;Venezuela, RB;VE;VEN;Latin America & Caribbean;Not classified;1977;Precios e inflación;precios_e_inflacion;Sistema monetario;sistema_monetario;FM.LBL.BMNY.GD.ZS;Dinero amplio como porcentaje del PIB;40.6160970033268;Banco Mundial - World Development Indicators;2026-08-31;
Venezuela;Venezuela, RB;VE;VEN;Latin America & Caribbean;Not classified;1978;Precios e inflación;precios_e_inflacion;Sistema monetario;sistema_monetario;FM.LBL.BMNY.GD.ZS;Dinero amplio como porcentaje del PIB;43.1457470720454;Banco Mundial - World Development Indicators;2026-08-31;
Venezuela;Venezuela, RB;VE;VEN;Latin America & Caribbean;Not classified;1979;Precios e inflación;precios_e_inflacion;Sistema monetario;sistema_monetario;FM.LBL.BMNY.GD.ZS;Dinero amplio como porcentaje del PIB;37.744311316713;Banco Mundial - World Development Indicators;2026-08-31;
Venezuela;Venezuela, RB;VE;VEN;Latin America & Caribbean;Not classified;1980;Precios e inflación;precios_e_inflacion;Sistema monetario;sistema_monetario;FM.LBL.BMNY.GD.ZS;Dinero amplio como porcentaje del PIB;36.1814076262485;Banco Mundial - World Development Indicators;2026-08-31;
Venezuela;Venezuela, RB;VE;VEN;Latin America & Caribbean;Not classified;1981;Precios e inflación;precios_e_inflacion;Sistema monetario;sistema_monetario;FM.LBL.BMNY.GD.ZS;Dinero amplio como porcentaje del PIB;36.5848784045328;Banco Mundial - World Development Indicators;2026-08-31;
Venezuela;Venezuela, RB;VE;VEN;Latin America & Caribbean;Not classified;1982;Precios e inflación;precios_e_inflacion;Sistema monetario;sistema_monetario;FM.LBL.BMNY.GD.ZS;Dinero amplio como porcentaje del PIB;38.8851504456377;Banco Mundial - World Development Indicators;2026-08-31;
Venezuela;Venezuela, RB;VE;VEN;Latin America & Caribbean;Not classified;1983;Precios e inflación;precios_e_inflacion;Sistema monetario;sistema_monetario;FM.LBL.BMNY.GD.ZS;Dinero amplio como porcentaje del PIB;48.1906902771849;Banco Mundial - World Development Indicators;2026-08-31;
Venezuela;Venezuela, RB;VE;VEN;Latin America & Caribbean;Not classified;1984;Precios e inflación;precios_e_inflacion;Sistema monetario;sistema_monetario;FM.LBL.BMNY.GD.ZS;Dinero amplio como porcentaje del PIB;39.4091251023634;Banco Mundial - World Development Indicators;2026-08-31;
Venezuela;Venezuela, RB;VE;VEN;Latin America & Caribbean;Not classified;1985;Precios e inflación;precios_e_inflacion;Sistema monetario;sistema_monetario;FM.LBL.BMNY.GD.ZS;Dinero amplio como porcentaje del PIB;39.0619936695923;Banco Mundial - World Development Indicators;2026-08-31;
Venezuela;Venezuela, RB;VE;VEN;Latin America & Caribbean;Not classified;1986;Precios e inflación;precios_e_inflacion;Sistema monetario;sistema_monetario;FM.LBL.BMNY.GD.ZS;Dinero amplio como porcentaje del PIB;41.9076725568921;Banco Mundial - World Development Indicators;2026-08-31;
Venezuela;Venezuela, RB;VE;VEN;Latin America & Caribbean;Not classified;1987;Precios e inflación;precios_e_inflacion;Sistema monetario;sistema_monetario;FM.LBL.BMNY.GD.ZS;Dinero amplio como porcentaje del PIB;34.9056246149958;Banco Mundial - World Development Indicators;2026-08-31;
Venezuela;Venezuela, RB;VE;VEN;Latin America & Caribbean;Not classified;1988;Precios e inflación;precios_e_inflacion;Sistema monetario;sistema_monetario;FM.LBL.BMNY.GD.ZS;Dinero amplio como porcentaje del PIB;33.5094007326376;Banco Mundial - World Development Indicators;2026-08-31;
Venezuela;Venezuela, RB;VE;VEN;Latin America & Caribbean;Not classified;1989;Precios e inflación;precios_e_inflacion;Sistema monetario;sistema_monetario;FM.LBL.BMNY.GD.ZS;Dinero amplio como porcentaje del PIB;27.4990548617185;Banco Mundial - World Development Indicators;2026-08-31;
Venezuela;Venezuela, RB;VE;VEN;Latin America & Caribbean;Not classified;1990;Precios e inflación;precios_e_inflacion;Sistema monetario;sistema_monetario;FM.LBL.BMNY.GD.ZS;Dinero amplio como porcentaje del PIB;30.0450891758337;Banco Mundial - World Development Indicators;2026-08-31;
Venezuela;Venezuela, RB;VE;VEN;Latin America & Caribbean;Not classified;1991;Precios e inflación;precios_e_inflacion;Sistema monetario;sistema_monetario;FM.LBL.BMNY.GD.ZS;Dinero amplio como porcentaje del PIB;33.2661287667589;Banco Mundial - World Development Indicators;2026-08-31;
Venezuela;Venezuela, RB;VE;VEN;Latin America & Caribbean;Not classified;1992;Precios e inflación;precios_e_inflacion;Sistema monetario;sistema_monetario;FM.LBL.BMNY.GD.ZS;Dinero amplio como porcentaje del PIB;28.796778299705;Banco Mundial - World Development Indicators;2026-08-31;
Venezuela;Venezuela, RB;VE;VEN;Latin America & Caribbean;Not classified;1993;Precios e inflación;precios_e_inflacion;Sistema monetario;sistema_monetario;FM.LBL.BMNY.GD.ZS;Dinero amplio como porcentaje del PIB;27.3873957787661;Banco Mundial - World Development Indicators;2026-08-31;
Venezuela;Venezuela, RB;VE;VEN;Latin America & Caribbean;Not classified;1994;Precios e inflación;precios_e_inflacion;Sistema monetario;sistema_monetario;FM.LBL.BMNY.GD.ZS;Dinero amplio como porcentaje del PIB;29.0794810754184;Banco Mundial - World Development Indicators;2026-08-31;
Venezuela;Venezuela, RB;VE;VEN;Latin America & Caribbean;Not classified;1995;Precios e inflación;precios_e_inflacion;Sistema monetario;sistema_monetario;FM.LBL.BMNY.GD.ZS;Dinero amplio como porcentaje del PIB;25.1725050538205;Banco Mundial - World Development Indicators;2026-08-31;
Venezuela;Venezuela, RB;VE;VEN;Latin America & Caribbean;Not classified;1996;Precios e inflación;precios_e_inflacion;Sistema monetario;sistema_monetario;FM.LBL.BMNY.GD.ZS;Dinero amplio como porcentaje del PIB;19.7551807397977;Banco Mundial - World Development Indicators;2026-08-31;
Venezuela;Venezuela, RB;VE;VEN;Latin America & Caribbean;Not classified;1997;Precios e inflación;precios_e_inflacion;Sistema monetario;sistema_monetario;FM.LBL.BMNY.GD.ZS;Dinero amplio como porcentaje del PIB;21.5669921436993;Banco Mundial - World Development Indicators;2026-08-31;
Venezuela;Venezuela, RB;VE;VEN;Latin America & Caribbean;Not classified;1998;Precios e inflación;precios_e_inflacion;Sistema monetario;sistema_monetario;FM.LBL.BMNY.GD.ZS;Dinero amplio como porcentaje del PIB;19.4213659535428;Banco Mundial - World Development Indicators;2026-08-31;
Venezuela;Venezuela, RB;VE;VEN;Latin America & Caribbean;Not classified;1999;Precios e inflación;precios_e_inflacion;Sistema monetario;sistema_monetario;FM.LBL.BMNY.GD.ZS;Dinero amplio como porcentaje del PIB;19.9148660715027;Banco Mundial - World Development Indicators;2026-08-31;
Venezuela;Venezuela, RB;VE;VEN;Latin America & Caribbean;Not classified;2000;Precios e inflación;precios_e_inflacion;Sistema monetario;sistema_monetario;FM.LBL.BMNY.GD.ZS;Dinero amplio como porcentaje del PIB;19.841929205797;Banco Mundial - World Development Indicators;2026-08-31;
Venezuela;Venezuela, RB;VE;VEN;Latin America & Caribbean;Not classified;2001;Precios e inflación;precios_e_inflacion;Sistema monetario;sistema_monetario;FM.LBL.BMNY.GD.ZS;Dinero amplio como porcentaje del PIB;19.6770805068849;Banco Mundial - World Development Indicators;2026-08-31;
Venezuela;Venezuela, RB;VE;VEN;Latin America & Caribbean;Not classified;2002;Precios e inflación;precios_e_inflacion;Sistema monetario;sistema_monetario;FM.LBL.BMNY.GD.ZS;Dinero amplio como porcentaje del PIB;18.6054450474647;Banco Mundial - World Development Indicators;2026-08-31;
Venezuela;Venezuela, RB;VE;VEN;Latin America & Caribbean;Not classified;2003;Precios e inflación;precios_e_inflacion;Sistema monetario;sistema_monetario;FM.LBL.BMNY.GD.ZS;Dinero amplio como porcentaje del PIB;24.276027745205;Banco Mundial - World Development Indicators;2026-08-31;
Venezuela;Venezuela, RB;VE;VEN;Latin America & Caribbean;Not classified;2004;Precios e inflación;precios_e_inflacion;Sistema monetario;sistema_monetario;FM.LBL.BMNY.GD.ZS;Dinero amplio como porcentaje del PIB;22.9740751086322;Banco Mundial - World Development Indicators;2026-08-31;
Venezuela;Venezuela, RB;VE;VEN;Latin America & Caribbean;Not classified;2005;Precios e inflación;precios_e_inflacion;Sistema monetario;sistema_monetario;FM.LBL.BMNY.GD.ZS;Dinero amplio como porcentaje del PIB;23.6912663876934;Banco Mundial - World Development Indicators;2026-08-31;
Venezuela;Venezuela, RB;VE;VEN;Latin America & Caribbean;Not classified;2006;Precios e inflación;precios_e_inflacion;Sistema monetario;sistema_monetario;FM.LBL.BMNY.GD.ZS;Dinero amplio como porcentaje del PIB;31.5903329449224;Banco Mundial - World Development Indicators;2026-08-31;
Venezuela;Venezuela, RB;VE;VEN;Latin America & Caribbean;Not classified;2007;Precios e inflación;precios_e_inflacion;Sistema monetario;sistema_monetario;FM.LBL.BMNY.GD.ZS;Dinero amplio como porcentaje del PIB;33.6885323434814;Banco Mundial - World Development Indicators;2026-08-31;
Venezuela;Venezuela, RB;VE;VEN;Latin America & Caribbean;Not classified;2008;Precios e inflación;precios_e_inflacion;Sistema monetario;sistema_monetario;FM.LBL.BMNY.GD.ZS;Dinero amplio como porcentaje del PIB;31.6722097636557;Banco Mundial - World Development Indicators;2026-08-31;
Venezuela;Venezuela, RB;VE;VEN;Latin America & Caribbean;Not classified;2009;Precios e inflación;precios_e_inflacion;Sistema monetario;sistema_monetario;FM.LBL.BMNY.GD.ZS;Dinero amplio como porcentaje del PIB;37.423228482187;Banco Mundial - World Development Indicators;2026-08-31;
Venezuela;Venezuela, RB;VE;VEN;Latin America & Caribbean;Not classified;2010;Precios e inflación;precios_e_inflacion;Sistema monetario;sistema_monetario;FM.LBL.BMNY.GD.ZS;Dinero amplio como porcentaje del PIB;32.1588748715106;Banco Mundial - World Development Indicators;2026-08-31;
Venezuela;Venezuela, RB;VE;VEN;Latin America & Caribbean;Not classified;2011;Precios e inflación;precios_e_inflacion;Sistema monetario;sistema_monetario;FM.LBL.BMNY.GD.ZS;Dinero amplio como porcentaje del PIB;35.9416209632808;Banco Mundial - World Development Indicators;2026-08-31;
Venezuela;Venezuela, RB;VE;VEN;Latin America & Caribbean;Not classified;2012;Precios e inflación;precios_e_inflacion;Sistema monetario;sistema_monetario;FM.LBL.BMNY.GD.ZS;Dinero amplio como porcentaje del PIB;43.1450051289048;Banco Mundial - World Development Indicators;2026-08-31;
Venezuela;Venezuela, RB;VE;VEN;Latin America & Caribbean;Not classified;2013;Precios e inflación;precios_e_inflacion;Sistema monetario;sistema_monetario;FM.LBL.BMNY.GD.ZS;Dinero amplio como porcentaje del PIB;48.6096787197016;Banco Mundial - World Development Indicators;2026-08-31;
Venezuela;Venezuela, RB;VE;VEN;Latin America & Caribbean;Not classified;2014;Precios e inflación;precios_e_inflacion;Sistema monetario;sistema_monetario;FM.LBL.BMNY.GD.ZS;Dinero amplio como porcentaje del PIB;;Banco Mundial - World Development Indicators;2026-08-31;
Venezuela;Venezuela, RB;VE;VEN;Latin America & Caribbean;Not classified;2015;Precios e inflación;precios_e_inflacion;Sistema monetario;sistema_monetario;FM.LBL.BMNY.GD.ZS;Dinero amplio como porcentaje del PIB;;Banco Mundial - World Development Indicators;2026-08-31;
Venezuela;Venezuela, RB;VE;VEN;Latin America & Caribbean;Not classified;2016;Precios e inflación;precios_e_inflacion;Sistema monetario;sistema_monetario;FM.LBL.BMNY.GD.ZS;Dinero amplio como porcentaje del PIB;;Banco Mundial - World Development Indicators;2026-08-31;
Venezuela;Venezuela, RB;VE;VEN;Latin America & Caribbean;Not classified;2017;Precios e inflación;precios_e_inflacion;Sistema monetario;sistema_monetario;FM.LBL.BMNY.GD.ZS;Dinero amplio como porcentaje del PIB;;Banco Mundial - World Development Indicators;2026-08-31;
Venezuela;Venezuela, RB;VE;VEN;Latin America & Caribbean;Not classified;2018;Precios e inflación;precios_e_inflacion;Sistema monetario;sistema_monetario;FM.LBL.BMNY.GD.ZS;Dinero amplio como porcentaje del PIB;;Banco Mundial - World Development Indicators;2026-08-31;
Venezuela;Venezuela, RB;VE;VEN;Latin America & Caribbean;Not classified;2019;Precios e inflación;precios_e_inflacion;Sistema monetario;sistema_monetario;FM.LBL.BMNY.GD.ZS;Dinero amplio como porcentaje del PIB;;Banco Mundial - World Development Indicators;2026-08-31;
Venezuela;Venezuela, RB;VE;VEN;Latin America & Caribbean;Not classified;2020;Precios e inflación;precios_e_inflacion;Sistema monetario;sistema_monetario;FM.LBL.BMNY.GD.ZS;Dinero amplio como porcentaje del PIB;;Banco Mundial - World Development Indicators;2026-08-31;
Venezuela;Venezuela, RB;VE;VEN;Latin America & Caribbean;Not classified;2021;Precios e inflación;precios_e_inflacion;Sistema monetario;sistema_monetario;FM.LBL.BMNY.GD.ZS;Dinero amplio como porcentaje del PIB;;Banco Mundial - World Development Indicators;2026-08-31;
Venezuela;Venezuela, RB;VE;VEN;Latin America & Caribbean;Not classified;2022;Precios e inflación;precios_e_inflacion;Sistema monetario;sistema_monetario;FM.LBL.BMNY.GD.ZS;Dinero amplio como porcentaje del PIB;;Banco Mundial - World Development Indicators;2026-08-31;
Venezuela;Venezuela, RB;VE;VEN;Latin America & Caribbean;Not classified;2023;Precios e inflación;precios_e_inflacion;Sistema monetario;sistema_monetario;FM.LBL.BMNY.GD.ZS;Dinero amplio como porcentaje del PIB;;Banco Mundial - World Development Indicators;2026-08-31;
Venezuela;Venezuela, RB;VE;VEN;Latin America & Caribbean;Not classified;2024;Precios e inflación;precios_e_inflacion;Sistema monetario;sistema_monetario;FM.LBL.BMNY.GD.ZS;Dinero amplio como porcentaje del PIB;;Banco Mundial - World Development Indicators;2026-08-31;
Venezuela;Venezuela, RB;VE;VEN;Latin America & Caribbean;Not classified;2025;Precios e inflación;precios_e_inflacion;Sistema monetario;sistema_monetario;FM.LBL.BMNY.GD.ZS;Dinero amplio como porcentaje del PIB;;Banco Mundial - World Development Indicators;2026-08-31;
Venezuela;Venezuela, RB;VE;VEN;Latin America & Caribbean;Not classified;1960;Precios e inflación;precios_e_inflacion;Sistema monetario;sistema_monetario;FM.LBL.BMNY.ZG;Crecimiento anual del dinero amplio;;Banco Mundial - World Development Indicators;2026-08-31;
Venezuela;Venezuela, RB;VE;VEN;Latin America & Caribbean;Not classified;1961;Precios e inflación;precios_e_inflacion;Sistema monetario;sistema_monetario;FM.LBL.BMNY.ZG;Crecimiento anual del dinero amplio;1.17758784425452;Banco Mundial - World Development Indicators;2026-08-31;
Venezuela;Venezuela, RB;VE;VEN;Latin America & Caribbean;Not classified;1962;Precios e inflación;precios_e_inflacion;Sistema monetario;sistema_monetario;FM.LBL.BMNY.ZG;Crecimiento anual del dinero amplio;1.55810024403979;Banco Mundial - World Development Indicators;2026-08-31;
Venezuela;Venezuela, RB;VE;VEN;Latin America & Caribbean;Not classified;1963;Precios e inflación;precios_e_inflacion;Sistema monetario;sistema_monetario;FM.LBL.BMNY.ZG;Crecimiento anual del dinero amplio;16.2458410351201;Banco Mundial - World Development Indicators;2026-08-31;
Venezuela;Venezuela, RB;VE;VEN;Latin America & Caribbean;Not classified;1964;Precios e inflación;precios_e_inflacion;Sistema monetario;sistema_monetario;FM.LBL.BMNY.ZG;Crecimiento anual del dinero amplio;16.2365437516895;Banco Mundial - World Development Indicators;2026-08-31;
Venezuela;Venezuela, RB;VE;VEN;Latin America & Caribbean;Not classified;1965;Precios e inflación;precios_e_inflacion;Sistema monetario;sistema_monetario;FM.LBL.BMNY.ZG;Crecimiento anual del dinero amplio;8.15047879616963;Banco Mundial - World Development Indicators;2026-08-31;
Venezuela;Venezuela, RB;VE;VEN;Latin America & Caribbean;Not classified;1966;Precios e inflación;precios_e_inflacion;Sistema monetario;sistema_monetario;FM.LBL.BMNY.ZG;Crecimiento anual del dinero amplio;-0.0328872473374014;Banco Mundial - World Development Indicators;2026-08-31;
Venezuela;Venezuela, RB;VE;VEN;Latin America & Caribbean;Not classified;1967;Precios e inflación;precios_e_inflacion;Sistema monetario;sistema_monetario;FM.LBL.BMNY.ZG;Crecimiento anual del dinero amplio;13.5464115801195;Banco Mundial - World Development Indicators;2026-08-31;
Venezuela;Venezuela, RB;VE;VEN;Latin America & Caribbean;Not classified;1968;Precios e inflación;precios_e_inflacion;Sistema monetario;sistema_monetario;FM.LBL.BMNY.ZG;Crecimiento anual del dinero amplio;9.53107936437183;Banco Mundial - World Development Indicators;2026-08-31;
Venezuela;Venezuela, RB;VE;VEN;Latin America & Caribbean;Not classified;1969;Precios e inflación;precios_e_inflacion;Sistema monetario;sistema_monetario;FM.LBL.BMNY.ZG;Crecimiento anual del dinero amplio;10.8677294971055;Banco Mundial - World Development Indicators;2026-08-31;
Venezuela;Venezuela, RB;VE;VEN;Latin America & Caribbean;Not classified;1970;Precios e inflación;precios_e_inflacion;Sistema monetario;sistema_monetario;FM.LBL.BMNY.ZG;Crecimiento anual del dinero amplio;7.74962605416021;Banco Mundial - World Development Indicators;2026-08-31;
Venezuela;Venezuela, RB;VE;VEN;Latin America & Caribbean;Not classified;1971;Precios e inflación;precios_e_inflacion;Sistema monetario;sistema_monetario;FM.LBL.BMNY.ZG;Crecimiento anual del dinero amplio;16.7282699415762;Banco Mundial - World Development Indicators;2026-08-31;
Venezuela;Venezuela, RB;VE;VEN;Latin America & Caribbean;Not classified;1972;Precios e inflación;precios_e_inflacion;Sistema monetario;sistema_monetario;FM.LBL.BMNY.ZG;Crecimiento anual del dinero amplio;19.6921056471618;Banco Mundial - World Development Indicators;2026-08-31;
Venezuela;Venezuela, RB;VE;VEN;Latin America & Caribbean;Not classified;1973;Precios e inflación;precios_e_inflacion;Sistema monetario;sistema_monetario;FM.LBL.BMNY.ZG;Crecimiento anual del dinero amplio;19.677537336178;Banco Mundial - World Development Indicators;2026-08-31;
Venezuela;Venezuela, RB;VE;VEN;Latin America & Caribbean;Not classified;1974;Precios e inflación;precios_e_inflacion;Sistema monetario;sistema_monetario;FM.LBL.BMNY.ZG;Crecimiento anual del dinero amplio;35.6224946646225;Banco Mundial - World Development Indicators;2026-08-31;
Venezuela;Venezuela, RB;VE;VEN;Latin America & Caribbean;Not classified;1975;Precios e inflación;precios_e_inflacion;Sistema monetario;sistema_monetario;FM.LBL.BMNY.ZG;Crecimiento anual del dinero amplio;53.2889671722957;Banco Mundial - World Development Indicators;2026-08-31;
Venezuela;Venezuela, RB;VE;VEN;Latin America & Caribbean;Not classified;1976;Precios e inflación;precios_e_inflacion;Sistema monetario;sistema_monetario;FM.LBL.BMNY.ZG;Crecimiento anual del dinero amplio;23.3282944720343;Banco Mundial - World Development Indicators;2026-08-31;
Venezuela;Venezuela, RB;VE;VEN;Latin America & Caribbean;Not classified;1977;Precios e inflación;precios_e_inflacion;Sistema monetario;sistema_monetario;FM.LBL.BMNY.ZG;Crecimiento anual del dinero amplio;25.6346125575611;Banco Mundial - World Development Indicators;2026-08-31;
Venezuela;Venezuela, RB;VE;VEN;Latin America & Caribbean;Not classified;1978;Precios e inflación;precios_e_inflacion;Sistema monetario;sistema_monetario;FM.LBL.BMNY.ZG;Crecimiento anual del dinero amplio;15.3387717281477;Banco Mundial - World Development Indicators;2026-08-31;
Venezuela;Venezuela, RB;VE;VEN;Latin America & Caribbean;Not classified;1979;Precios e inflación;precios_e_inflacion;Sistema monetario;sistema_monetario;FM.LBL.BMNY.ZG;Crecimiento anual del dinero amplio;7.49456418917993;Banco Mundial - World Development Indicators;2026-08-31;
Venezuela;Venezuela, RB;VE;VEN;Latin America & Caribbean;Not classified;1980;Precios e inflación;precios_e_inflacion;Sistema monetario;sistema_monetario;FM.LBL.BMNY.ZG;Crecimiento anual del dinero amplio;17.2998218314503;Banco Mundial - World Development Indicators;2026-08-31;
Venezuela;Venezuela, RB;VE;VEN;Latin America & Caribbean;Not classified;1981;Precios e inflación;precios_e_inflacion;Sistema monetario;sistema_monetario;FM.LBL.BMNY.ZG;Crecimiento anual del dinero amplio;13.4489825873757;Banco Mundial - World Development Indicators;2026-08-31;
Venezuela;Venezuela, RB;VE;VEN;Latin America & Caribbean;Not classified;1982;Precios e inflación;precios_e_inflacion;Sistema monetario;sistema_monetario;FM.LBL.BMNY.ZG;Crecimiento anual del dinero amplio;8.54585357906138;Banco Mundial - World Development Indicators;2026-08-31;
Venezuela;Venezuela, RB;VE;VEN;Latin America & Caribbean;Not classified;1983;Precios e inflación;precios_e_inflacion;Sistema monetario;sistema_monetario;FM.LBL.BMNY.ZG;Crecimiento anual del dinero amplio;23.6006533639414;Banco Mundial - World Development Indicators;2026-08-31;
Venezuela;Venezuela, RB;VE;VEN;Latin America & Caribbean;Not classified;1984;Precios e inflación;precios_e_inflacion;Sistema monetario;sistema_monetario;FM.LBL.BMNY.ZG;Crecimiento anual del dinero amplio;18.2560052460853;Banco Mundial - World Development Indicators;2026-08-31;
Venezuela;Venezuela, RB;VE;VEN;Latin America & Caribbean;Not classified;1985;Precios e inflación;precios_e_inflacion;Sistema monetario;sistema_monetario;FM.LBL.BMNY.ZG;Crecimiento anual del dinero amplio;9.65914753963685;Banco Mundial - World Development Indicators;2026-08-31;
Venezuela;Venezuela, RB;VE;VEN;Latin America & Caribbean;Not classified;1986;Precios e inflación;precios_e_inflacion;Sistema monetario;sistema_monetario;FM.LBL.BMNY.ZG;Crecimiento anual del dinero amplio;12.9249062588308;Banco Mundial - World Development Indicators;2026-08-31;
Venezuela;Venezuela, RB;VE;VEN;Latin America & Caribbean;Not classified;1987;Precios e inflación;precios_e_inflacion;Sistema monetario;sistema_monetario;FM.LBL.BMNY.ZG;Crecimiento anual del dinero amplio;18.5801895213965;Banco Mundial - World Development Indicators;2026-08-31;
Venezuela;Venezuela, RB;VE;VEN;Latin America & Caribbean;Not classified;1988;Precios e inflación;precios_e_inflacion;Sistema monetario;sistema_monetario;FM.LBL.BMNY.ZG;Crecimiento anual del dinero amplio;20.3800154757434;Banco Mundial - World Development Indicators;2026-08-31;
Venezuela;Venezuela, RB;VE;VEN;Latin America & Caribbean;Not classified;1989;Precios e inflación;precios_e_inflacion;Sistema monetario;sistema_monetario;FM.LBL.BMNY.ZG;Crecimiento anual del dinero amplio;41.9308694643339;Banco Mundial - World Development Indicators;2026-08-31;
Venezuela;Venezuela, RB;VE;VEN;Latin America & Caribbean;Not classified;1990;Precios e inflación;precios_e_inflacion;Sistema monetario;sistema_monetario;FM.LBL.BMNY.ZG;Crecimiento anual del dinero amplio;64.8803977512129;Banco Mundial - World Development Indicators;2026-08-31;
Venezuela;Venezuela, RB;VE;VEN;Latin America & Caribbean;Not classified;1991;Precios e inflación;precios_e_inflacion;Sistema monetario;sistema_monetario;FM.LBL.BMNY.ZG;Crecimiento anual del dinero amplio;47.5536137241788;Banco Mundial - World Development Indicators;2026-08-31;
Venezuela;Venezuela, RB;VE;VEN;Latin America & Caribbean;Not classified;1992;Precios e inflación;precios_e_inflacion;Sistema monetario;sistema_monetario;FM.LBL.BMNY.ZG;Crecimiento anual del dinero amplio;17.7422866507794;Banco Mundial - World Development Indicators;2026-08-31;
Venezuela;Venezuela, RB;VE;VEN;Latin America & Caribbean;Not classified;1993;Precios e inflación;precios_e_inflacion;Sistema monetario;sistema_monetario;FM.LBL.BMNY.ZG;Crecimiento anual del dinero amplio;25.5475593704139;Banco Mundial - World Development Indicators;2026-08-31;
Venezuela;Venezuela, RB;VE;VEN;Latin America & Caribbean;Not classified;1994;Precios e inflación;precios_e_inflacion;Sistema monetario;sistema_monetario;FM.LBL.BMNY.ZG;Crecimiento anual del dinero amplio;68.8910357090733;Banco Mundial - World Development Indicators;2026-08-31;
Venezuela;Venezuela, RB;VE;VEN;Latin America & Caribbean;Not classified;1995;Precios e inflación;precios_e_inflacion;Sistema monetario;sistema_monetario;FM.LBL.BMNY.ZG;Crecimiento anual del dinero amplio;36.5614947506536;Banco Mundial - World Development Indicators;2026-08-31;
Venezuela;Venezuela, RB;VE;VEN;Latin America & Caribbean;Not classified;1996;Precios e inflación;precios_e_inflacion;Sistema monetario;sistema_monetario;FM.LBL.BMNY.ZG;Crecimiento anual del dinero amplio;68.8074497089111;Banco Mundial - World Development Indicators;2026-08-31;
Venezuela;Venezuela, RB;VE;VEN;Latin America & Caribbean;Not classified;1997;Precios e inflación;precios_e_inflacion;Sistema monetario;sistema_monetario;FM.LBL.BMNY.ZG;Crecimiento anual del dinero amplio;55.5485679504748;Banco Mundial - World Development Indicators;2026-08-31;
Venezuela;Venezuela, RB;VE;VEN;Latin America & Caribbean;Not classified;1998;Precios e inflación;precios_e_inflacion;Sistema monetario;sistema_monetario;FM.LBL.BMNY.ZG;Crecimiento anual del dinero amplio;7.37712144550657;Banco Mundial - World Development Indicators;2026-08-31;
Venezuela;Venezuela, RB;VE;VEN;Latin America & Caribbean;Not classified;1999;Precios e inflación;precios_e_inflacion;Sistema monetario;sistema_monetario;FM.LBL.BMNY.ZG;Crecimiento anual del dinero amplio;21.6735573631883;Banco Mundial - World Development Indicators;2026-08-31;
Venezuela;Venezuela, RB;VE;VEN;Latin America & Caribbean;Not classified;2000;Precios e inflación;precios_e_inflacion;Sistema monetario;sistema_monetario;FM.LBL.BMNY.ZG;Crecimiento anual del dinero amplio;33.734085920071;Banco Mundial - World Development Indicators;2026-08-31;
Venezuela;Venezuela, RB;VE;VEN;Latin America & Caribbean;Not classified;2001;Precios e inflación;precios_e_inflacion;Sistema monetario;sistema_monetario;FM.LBL.BMNY.ZG;Crecimiento anual del dinero amplio;10.7348703245856;Banco Mundial - World Development Indicators;2026-08-31;
Venezuela;Venezuela, RB;VE;VEN;Latin America & Caribbean;Not classified;2002;Precios e inflación;precios_e_inflacion;Sistema monetario;sistema_monetario;FM.LBL.BMNY.ZG;Crecimiento anual del dinero amplio;14.6398208174466;Banco Mundial - World Development Indicators;2026-08-31;
Venezuela;Venezuela, RB;VE;VEN;Latin America & Caribbean;Not classified;2003;Precios e inflación;precios_e_inflacion;Sistema monetario;sistema_monetario;FM.LBL.BMNY.ZG;Crecimiento anual del dinero amplio;62.4050738989221;Banco Mundial - World Development Indicators;2026-08-31;
Venezuela;Venezuela, RB;VE;VEN;Latin America & Caribbean;Not classified;2004;Precios e inflación;precios_e_inflacion;Sistema monetario;sistema_monetario;FM.LBL.BMNY.ZG;Crecimiento anual del dinero amplio;49.9514872516717;Banco Mundial - World Development Indicators;2026-08-31;
Venezuela;Venezuela, RB;VE;VEN;Latin America & Caribbean;Not classified;2005;Precios e inflación;precios_e_inflacion;Sistema monetario;sistema_monetario;FM.LBL.BMNY.ZG;Crecimiento anual del dinero amplio;47.4398513078883;Banco Mundial - World Development Indicators;2026-08-31;
Venezuela;Venezuela, RB;VE;VEN;Latin America & Caribbean;Not classified;2006;Precios e inflación;precios_e_inflacion;Sistema monetario;sistema_monetario;FM.LBL.BMNY.ZG;Crecimiento anual del dinero amplio;72.7361549262953;Banco Mundial - World Development Indicators;2026-08-31;
Venezuela;Venezuela, RB;VE;VEN;Latin America & Caribbean;Not classified;2007;Precios e inflación;precios_e_inflacion;Sistema monetario;sistema_monetario;FM.LBL.BMNY.ZG;Crecimiento anual del dinero amplio;33.8935499673661;Banco Mundial - World Development Indicators;2026-08-31;
Venezuela;Venezuela, RB;VE;VEN;Latin America & Caribbean;Not classified;2008;Precios e inflación;precios_e_inflacion;Sistema monetario;sistema_monetario;FM.LBL.BMNY.ZG;Crecimiento anual del dinero amplio;28.8009048093836;Banco Mundial - World Development Indicators;2026-08-31;
Venezuela;Venezuela, RB;VE;VEN;Latin America & Caribbean;Not classified;2009;Precios e inflación;precios_e_inflacion;Sistema monetario;sistema_monetario;FM.LBL.BMNY.ZG;Crecimiento anual del dinero amplio;23.3315611539432;Banco Mundial - World Development Indicators;2026-08-31;
Venezuela;Venezuela, RB;VE;VEN;Latin America & Caribbean;Not classified;2010;Precios e inflación;precios_e_inflacion;Sistema monetario;sistema_monetario;FM.LBL.BMNY.ZG;Crecimiento anual del dinero amplio;23.5461771314654;Banco Mundial - World Development Indicators;2026-08-31;
Venezuela;Venezuela, RB;VE;VEN;Latin America & Caribbean;Not classified;2011;Precios e inflación;precios_e_inflacion;Sistema monetario;sistema_monetario;FM.LBL.BMNY.ZG;Crecimiento anual del dinero amplio;49.2045729344607;Banco Mundial - World Development Indicators;2026-08-31;
Venezuela;Venezuela, RB;VE;VEN;Latin America & Caribbean;Not classified;2012;Precios e inflación;precios_e_inflacion;Sistema monetario;sistema_monetario;FM.LBL.BMNY.ZG;Crecimiento anual del dinero amplio;53.2897238079186;Banco Mundial - World Development Indicators;2026-08-31;
Venezuela;Venezuela, RB;VE;VEN;Latin America & Caribbean;Not classified;2013;Precios e inflación;precios_e_inflacion;Sistema monetario;sistema_monetario;FM.LBL.BMNY.ZG;Crecimiento anual del dinero amplio;58.8430706651518;Banco Mundial - World Development Indicators;2026-08-31;
Venezuela;Venezuela, RB;VE;VEN;Latin America & Caribbean;Not classified;2014;Precios e inflación;precios_e_inflacion;Sistema monetario;sistema_monetario;FM.LBL.BMNY.ZG;Crecimiento anual del dinero amplio;;Banco Mundial - World Development Indicators;2026-08-31;
Venezuela;Venezuela, RB;VE;VEN;Latin America & Caribbean;Not classified;2015;Precios e inflación;precios_e_inflacion;Sistema monetario;sistema_monetario;FM.LBL.BMNY.ZG;Crecimiento anual del dinero amplio;;Banco Mundial - World Development Indicators;2026-08-31;
Venezuela;Venezuela, RB;VE;VEN;Latin America & Caribbean;Not classified;2016;Precios e inflación;precios_e_inflacion;Sistema monetario;sistema_monetario;FM.LBL.BMNY.ZG;Crecimiento anual del dinero amplio;;Banco Mundial - World Development Indicators;2026-08-31;
Venezuela;Venezuela, RB;VE;VEN;Latin America & Caribbean;Not classified;2017;Precios e inflación;precios_e_inflacion;Sistema monetario;sistema_monetario;FM.LBL.BMNY.ZG;Crecimiento anual del dinero amplio;;Banco Mundial - World Development Indicators;2026-08-31;
Venezuela;Venezuela, RB;VE;VEN;Latin America & Caribbean;Not classified;2018;Precios e inflación;precios_e_inflacion;Sistema monetario;sistema_monetario;FM.LBL.BMNY.ZG;Crecimiento anual del dinero amplio;;Banco Mundial - World Development Indicators;2026-08-31;
Venezuela;Venezuela, RB;VE;VEN;Latin America & Caribbean;Not classified;2019;Precios e inflación;precios_e_inflacion;Sistema monetario;sistema_monetario;FM.LBL.BMNY.ZG;Crecimiento anual del dinero amplio;;Banco Mundial - World Development Indicators;2026-08-31;
Venezuela;Venezuela, RB;VE;VEN;Latin America & Caribbean;Not classified;2020;Precios e inflación;precios_e_inflacion;Sistema monetario;sistema_monetario;FM.LBL.BMNY.ZG;Crecimiento anual del dinero amplio;;Banco Mundial - World Development Indicators;2026-08-31;
Venezuela;Venezuela, RB;VE;VEN;Latin America & Caribbean;Not classified;2021;Precios e inflación;precios_e_inflacion;Sistema monetario;sistema_monetario;FM.LBL.BMNY.ZG;Crecimiento anual del dinero amplio;;Banco Mundial - World Development Indicators;2026-08-31;
Venezuela;Venezuela, RB;VE;VEN;Latin America & Caribbean;Not classified;2022;Precios e inflación;precios_e_inflacion;Sistema monetario;sistema_monetario;FM.LBL.BMNY.ZG;Crecimiento anual del dinero amplio;;Banco Mundial - World Development Indicators;2026-08-31;
Venezuela;Venezuela, RB;VE;VEN;Latin America & Caribbean;Not classified;2023;Precios e inflación;precios_e_inflacion;Sistema monetario;sistema_monetario;FM.LBL.BMNY.ZG;Crecimiento anual del dinero amplio;;Banco Mundial - World Development Indicators;2026-08-31;
Venezuela;Venezuela, RB;VE;VEN;Latin America & Caribbean;Not classified;2024;Precios e inflación;precios_e_inflacion;Sistema monetario;sistema_monetario;FM.LBL.BMNY.ZG;Crecimiento anual del dinero amplio;;Banco Mundial - World Development Indicators;2026-08-31;
Venezuela;Venezuela, RB;VE;VEN;Latin America & Caribbean;Not classified;2025;Precios e inflación;precios_e_inflacion;Sistema monetario;sistema_monetario;FM.LBL.BMNY.ZG;Crecimiento anual del dinero amplio;;Banco Mundial - World Development Indicators;2026-08-31;
Venezuela;Venezuela, RB;VE;VEN;Latin America & Caribbean;Not classified;1960;Precios e inflación;precios_e_inflacion;Inflación;inflacion;FP.CPI.TOTL;Índice de precios al consumidor;;Banco Mundial - World Development Indicators;2026-08-31;
Venezuela;Venezuela, RB;VE;VEN;Latin America & Caribbean;Not classified;1961;Precios e inflación;precios_e_inflacion;Inflación;inflacion;FP.CPI.TOTL;Índice de precios al consumidor;;Banco Mundial - World Development Indicators;2026-08-31;
Venezuela;Venezuela, RB;VE;VEN;Latin America & Caribbean;Not classified;1962;Precios e inflación;precios_e_inflacion;Inflación;inflacion;FP.CPI.TOTL;Índice de precios al consumidor;;Banco Mundial - World Development Indicators;2026-08-31;
Venezuela;Venezuela, RB;VE;VEN;Latin America & Caribbean;Not classified;1963;Precios e inflación;precios_e_inflacion;Inflación;inflacion;FP.CPI.TOTL;Índice de precios al consumidor;;Banco Mundial - World Development Indicators;2026-08-31;
Venezuela;Venezuela, RB;VE;VEN;Latin America & Caribbean;Not classified;1964;Precios e inflación;precios_e_inflacion;Inflación;inflacion;FP.CPI.TOTL;Índice de precios al consumidor;;Banco Mundial - World Development Indicators;2026-08-31;
Venezuela;Venezuela, RB;VE;VEN;Latin America & Caribbean;Not classified;1965;Precios e inflación;precios_e_inflacion;Inflación;inflacion;FP.CPI.TOTL;Índice de precios al consumidor;;Banco Mundial - World Development Indicators;2026-08-31;
Venezuela;Venezuela, RB;VE;VEN;Latin America & Caribbean;Not classified;1966;Precios e inflación;precios_e_inflacion;Inflación;inflacion;FP.CPI.TOTL;Índice de precios al consumidor;;Banco Mundial - World Development Indicators;2026-08-31;
Venezuela;Venezuela, RB;VE;VEN;Latin America & Caribbean;Not classified;1967;Precios e inflación;precios_e_inflacion;Inflación;inflacion;FP.CPI.TOTL;Índice de precios al consumidor;;Banco Mundial - World Development Indicators;2026-08-31;
Venezuela;Venezuela, RB;VE;VEN;Latin America & Caribbean;Not classified;1968;Precios e inflación;precios_e_inflacion;Inflación;inflacion;FP.CPI.TOTL;Índice de precios al consumidor;;Banco Mundial - World Development Indicators;2026-08-31;
Venezuela;Venezuela, RB;VE;VEN;Latin America & Caribbean;Not classified;1969;Precios e inflación;precios_e_inflacion;Inflación;inflacion;FP.CPI.TOTL;Índice de precios al consumidor;;Banco Mundial - World Development Indicators;2026-08-31;
Venezuela;Venezuela, RB;VE;VEN;Latin America & Caribbean;Not classified;1970;Precios e inflación;precios_e_inflacion;Inflación;inflacion;FP.CPI.TOTL;Índice de precios al consumidor;;Banco Mundial - World Development Indicators;2026-08-31;
Venezuela;Venezuela, RB;VE;VEN;Latin America & Caribbean;Not classified;1971;Precios e inflación;precios_e_inflacion;Inflación;inflacion;FP.CPI.TOTL;Índice de precios al consumidor;;Banco Mundial - World Development Indicators;2026-08-31;
Venezuela;Venezuela, RB;VE;VEN;Latin America & Caribbean;Not classified;1972;Precios e inflación;precios_e_inflacion;Inflación;inflacion;FP.CPI.TOTL;Índice de precios al consumidor;;Banco Mundial - World Development Indicators;2026-08-31;
Venezuela;Venezuela, RB;VE;VEN;Latin America & Caribbean;Not classified;1973;Precios e inflación;precios_e_inflacion;Inflación;inflacion;FP.CPI.TOTL;Índice de precios al consumidor;;Banco Mundial - World Development Indicators;2026-08-31;
Venezuela;Venezuela, RB;VE;VEN;Latin America & Caribbean;Not classified;1974;Precios e inflación;precios_e_inflacion;Inflación;inflacion;FP.CPI.TOTL;Índice de precios al consumidor;;Banco Mundial - World Development Indicators;2026-08-31;
Venezuela;Venezuela, RB;VE;VEN;Latin America & Caribbean;Not classified;1975;Precios e inflación;precios_e_inflacion;Inflación;inflacion;FP.CPI.TOTL;Índice de precios al consumidor;;Banco Mundial - World Development Indicators;2026-08-31;
Venezuela;Venezuela, RB;VE;VEN;Latin America & Caribbean;Not classified;1976;Precios e inflación;precios_e_inflacion;Inflación;inflacion;FP.CPI.TOTL;Índice de precios al consumidor;;Banco Mundial - World Development Indicators;2026-08-31;
Venezuela;Venezuela, RB;VE;VEN;Latin America & Caribbean;Not classified;1977;Precios e inflación;precios_e_inflacion;Inflación;inflacion;FP.CPI.TOTL;Índice de precios al consumidor;;Banco Mundial - World Development Indicators;2026-08-31;
Venezuela;Venezuela, RB;VE;VEN;Latin America & Caribbean;Not classified;1978;Precios e inflación;precios_e_inflacion;Inflación;inflacion;FP.CPI.TOTL;Índice de precios al consumidor;;Banco Mundial - World Development Indicators;2026-08-31;
Venezuela;Venezuela, RB;VE;VEN;Latin America & Caribbean;Not classified;1979;Precios e inflación;precios_e_inflacion;Inflación;inflacion;FP.CPI.TOTL;Índice de precios al consumidor;;Banco Mundial - World Development Indicators;2026-08-31;
Venezuela;Venezuela, RB;VE;VEN;Latin America & Caribbean;Not classified;1980;Precios e inflación;precios_e_inflacion;Inflación;inflacion;FP.CPI.TOTL;Índice de precios al consumidor;;Banco Mundial - World Development Indicators;2026-08-31;
Venezuela;Venezuela, RB;VE;VEN;Latin America & Caribbean;Not classified;1981;Precios e inflación;precios_e_inflacion;Inflación;inflacion;FP.CPI.TOTL;Índice de precios al consumidor;;Banco Mundial - World Development Indicators;2026-08-31;
Venezuela;Venezuela, RB;VE;VEN;Latin America & Caribbean;Not classified;1982;Precios e inflación;precios_e_inflacion;Inflación;inflacion;FP.CPI.TOTL;Índice de precios al consumidor;;Banco Mundial - World Development Indicators;2026-08-31;
Venezuela;Venezuela, RB;VE;VEN;Latin America & Caribbean;Not classified;1983;Precios e inflación;precios_e_inflacion;Inflación;inflacion;FP.CPI.TOTL;Índice de precios al consumidor;;Banco Mundial - World Development Indicators;2026-08-31;
Venezuela;Venezuela, RB;VE;VEN;Latin America & Caribbean;Not classified;1984;Precios e inflación;precios_e_inflacion;Inflación;inflacion;FP.CPI.TOTL;Índice de precios al consumidor;;Banco Mundial - World Development Indicators;2026-08-31;
Venezuela;Venezuela, RB;VE;VEN;Latin America & Caribbean;Not classified;1985;Precios e inflación;precios_e_inflacion;Inflación;inflacion;FP.CPI.TOTL;Índice de precios al consumidor;;Banco Mundial - World Development Indicators;2026-08-31;
Venezuela;Venezuela, RB;VE;VEN;Latin America & Caribbean;Not classified;1986;Precios e inflación;precios_e_inflacion;Inflación;inflacion;FP.CPI.TOTL;Índice de precios al consumidor;;Banco Mundial - World Development Indicators;2026-08-31;
Venezuela;Venezuela, RB;VE;VEN;Latin America & Caribbean;Not classified;1987;Precios e inflación;precios_e_inflacion;Inflación;inflacion;FP.CPI.TOTL;Índice de precios al consumidor;;Banco Mundial - World Development Indicators;2026-08-31;
Venezuela;Venezuela, RB;VE;VEN;Latin America & Caribbean;Not classified;1988;Precios e inflación;precios_e_inflacion;Inflación;inflacion;FP.CPI.TOTL;Índice de precios al consumidor;;Banco Mundial - World Development Indicators;2026-08-31;
Venezuela;Venezuela, RB;VE;VEN;Latin America & Caribbean;Not classified;1989;Precios e inflación;precios_e_inflacion;Inflación;inflacion;FP.CPI.TOTL;Índice de precios al consumidor;;Banco Mundial - World Development Indicators;2026-08-31;
Venezuela;Venezuela, RB;VE;VEN;Latin America & Caribbean;Not classified;1990;Precios e inflación;precios_e_inflacion;Inflación;inflacion;FP.CPI.TOTL;Índice de precios al consumidor;;Banco Mundial - World Development Indicators;2026-08-31;
Venezuela;Venezuela, RB;VE;VEN;Latin America & Caribbean;Not classified;1991;Precios e inflación;precios_e_inflacion;Inflación;inflacion;FP.CPI.TOTL;Índice de precios al consumidor;;Banco Mundial - World Development Indicators;2026-08-31;
Venezuela;Venezuela, RB;VE;VEN;Latin America & Caribbean;Not classified;1992;Precios e inflación;precios_e_inflacion;Inflación;inflacion;FP.CPI.TOTL;Índice de precios al consumidor;;Banco Mundial - World Development Indicators;2026-08-31;
Venezuela;Venezuela, RB;VE;VEN;Latin America & Caribbean;Not classified;1993;Precios e inflación;precios_e_inflacion;Inflación;inflacion;FP.CPI.TOTL;Índice de precios al consumidor;;Banco Mundial - World Development Indicators;2026-08-31;
Venezuela;Venezuela, RB;VE;VEN;Latin America & Caribbean;Not classified;1994;Precios e inflación;precios_e_inflacion;Inflación;inflacion;FP.CPI.TOTL;Índice de precios al consumidor;;Banco Mundial - World Development Indicators;2026-08-31;
Venezuela;Venezuela, RB;VE;VEN;Latin America & Caribbean;Not classified;1995;Precios e inflación;precios_e_inflacion;Inflación;inflacion;FP.CPI.TOTL;Índice de precios al consumidor;;Banco Mundial - World Development Indicators;2026-08-31;
Venezuela;Venezuela, RB;VE;VEN;Latin America & Caribbean;Not classified;1996;Precios e inflación;precios_e_inflacion;Inflación;inflacion;FP.CPI.TOTL;Índice de precios al consumidor;;Banco Mundial - World Development Indicators;2026-08-31;
Venezuela;Venezuela, RB;VE;VEN;Latin America & Caribbean;Not classified;1997;Precios e inflación;precios_e_inflacion;Inflación;inflacion;FP.CPI.TOTL;Índice de precios al consumidor;;Banco Mundial - World Development Indicators;2026-08-31;
Venezuela;Venezuela, RB;VE;VEN;Latin America & Caribbean;Not classified;1998;Precios e inflación;precios_e_inflacion;Inflación;inflacion;FP.CPI.TOTL;Índice de precios al consumidor;;Banco Mundial - World Development Indicators;2026-08-31;
Venezuela;Venezuela, RB;VE;VEN;Latin America & Caribbean;Not classified;1999;Precios e inflación;precios_e_inflacion;Inflación;inflacion;FP.CPI.TOTL;Índice de precios al consumidor;;Banco Mundial - World Development Indicators;2026-08-31;
Venezuela;Venezuela, RB;VE;VEN;Latin America & Caribbean;Not classified;2000;Precios e inflación;precios_e_inflacion;Inflación;inflacion;FP.CPI.TOTL;Índice de precios al consumidor;;Banco Mundial - World Development Indicators;2026-08-31;
Venezuela;Venezuela, RB;VE;VEN;Latin America & Caribbean;Not classified;2001;Precios e inflación;precios_e_inflacion;Inflación;inflacion;FP.CPI.TOTL;Índice de precios al consumidor;;Banco Mundial - World Development Indicators;2026-08-31;
Venezuela;Venezuela, RB;VE;VEN;Latin America & Caribbean;Not classified;2002;Precios e inflación;precios_e_inflacion;Inflación;inflacion;FP.CPI.TOTL;Índice de precios al consumidor;;Banco Mundial - World Development Indicators;2026-08-31;
Venezuela;Venezuela, RB;VE;VEN;Latin America & Caribbean;Not classified;2003;Precios e inflación;precios_e_inflacion;Inflación;inflacion;FP.CPI.TOTL;Índice de precios al consumidor;;Banco Mundial - World Development Indicators;2026-08-31;
Venezuela;Venezuela, RB;VE;VEN;Latin America & Caribbean;Not classified;2004;Precios e inflación;precios_e_inflacion;Inflación;inflacion;FP.CPI.TOTL;Índice de precios al consumidor;;Banco Mundial - World Development Indicators;2026-08-31;
Venezuela;Venezuela, RB;VE;VEN;Latin America & Caribbean;Not classified;2005;Precios e inflación;precios_e_inflacion;Inflación;inflacion;FP.CPI.TOTL;Índice de precios al consumidor;;Banco Mundial - World Development Indicators;2026-08-31;
Venezuela;Venezuela, RB;VE;VEN;Latin America & Caribbean;Not classified;2006;Precios e inflación;precios_e_inflacion;Inflación;inflacion;FP.CPI.TOTL;Índice de precios al consumidor;;Banco Mundial - World Development Indicators;2026-08-31;
Venezuela;Venezuela, RB;VE;VEN;Latin America & Caribbean;Not classified;2007;Precios e inflación;precios_e_inflacion;Inflación;inflacion;FP.CPI.TOTL;Índice de precios al consumidor;;Banco Mundial - World Development Indicators;2026-08-31;
Venezuela;Venezuela, RB;VE;VEN;Latin America & Caribbean;Not classified;2008;Precios e inflación;precios_e_inflacion;Inflación;inflacion;FP.CPI.TOTL;Índice de precios al consumidor;61.3866619681085;Banco Mundial - World Development Indicators;2026-08-31;
Venezuela;Venezuela, RB;VE;VEN;Latin America & Caribbean;Not classified;2009;Precios e inflación;precios_e_inflacion;Inflación;inflacion;FP.CPI.TOTL;Índice de precios al consumidor;78.0107479517223;Banco Mundial - World Development Indicators;2026-08-31;
Venezuela;Venezuela, RB;VE;VEN;Latin America & Caribbean;Not classified;2010;Precios e inflación;precios_e_inflacion;Inflación;inflacion;FP.CPI.TOTL;Índice de precios al consumidor;100.0;Banco Mundial - World Development Indicators;2026-08-31;
Venezuela;Venezuela, RB;VE;VEN;Latin America & Caribbean;Not classified;2011;Precios e inflación;precios_e_inflacion;Inflación;inflacion;FP.CPI.TOTL;Índice de precios al consumidor;126.090212316096;Banco Mundial - World Development Indicators;2026-08-31;
Venezuela;Venezuela, RB;VE;VEN;Latin America & Caribbean;Not classified;2012;Precios e inflación;precios_e_inflacion;Inflación;inflacion;FP.CPI.TOTL;Índice de precios al consumidor;152.656153642851;Banco Mundial - World Development Indicators;2026-08-31;
Venezuela;Venezuela, RB;VE;VEN;Latin America & Caribbean;Not classified;2013;Precios e inflación;precios_e_inflacion;Inflación;inflacion;FP.CPI.TOTL;Índice de precios al consumidor;214.694740551494;Banco Mundial - World Development Indicators;2026-08-31;
Venezuela;Venezuela, RB;VE;VEN;Latin America & Caribbean;Not classified;2014;Precios e inflación;precios_e_inflacion;Inflación;inflacion;FP.CPI.TOTL;Índice de precios al consumidor;348.167562329311;Banco Mundial - World Development Indicators;2026-08-31;
Venezuela;Venezuela, RB;VE;VEN;Latin America & Caribbean;Not classified;2015;Precios e inflación;precios_e_inflacion;Inflación;inflacion;FP.CPI.TOTL;Índice de precios al consumidor;772.020086336005;Banco Mundial - World Development Indicators;2026-08-31;
Venezuela;Venezuela, RB;VE;VEN;Latin America & Caribbean;Not classified;2016;Precios e inflación;precios_e_inflacion;Inflación;inflacion;FP.CPI.TOTL;Índice de precios al consumidor;2740.27398467096;Banco Mundial - World Development Indicators;2026-08-31;
Venezuela;Venezuela, RB;VE;VEN;Latin America & Caribbean;Not classified;2017;Precios e inflación;precios_e_inflacion;Inflación;inflacion;FP.CPI.TOTL;Índice de precios al consumidor;;Banco Mundial - World Development Indicators;2026-08-31;
Venezuela;Venezuela, RB;VE;VEN;Latin America & Caribbean;Not classified;2018;Precios e inflación;precios_e_inflacion;Inflación;inflacion;FP.CPI.TOTL;Índice de precios al consumidor;;Banco Mundial - World Development Indicators;2026-08-31;
Venezuela;Venezuela, RB;VE;VEN;Latin America & Caribbean;Not classified;2019;Precios e inflación;precios_e_inflacion;Inflación;inflacion;FP.CPI.TOTL;Índice de precios al consumidor;;Banco Mundial - World Development Indicators;2026-08-31;
Venezuela;Venezuela, RB;VE;VEN;Latin America & Caribbean;Not classified;2020;Precios e inflación;precios_e_inflacion;Inflación;inflacion;FP.CPI.TOTL;Índice de precios al consumidor;;Banco Mundial - World Development Indicators;2026-08-31;
Venezuela;Venezuela, RB;VE;VEN;Latin America & Caribbean;Not classified;2021;Precios e inflación;precios_e_inflacion;Inflación;inflacion;FP.CPI.TOTL;Índice de precios al consumidor;;Banco Mundial - World Development Indicators;2026-08-31;
Venezuela;Venezuela, RB;VE;VEN;Latin America & Caribbean;Not classified;2022;Precios e inflación;precios_e_inflacion;Inflación;inflacion;FP.CPI.TOTL;Índice de precios al consumidor;;Banco Mundial - World Development Indicators;2026-08-31;
Venezuela;Venezuela, RB;VE;VEN;Latin America & Caribbean;Not classified;2023;Precios e inflación;precios_e_inflacion;Inflación;inflacion;FP.CPI.TOTL;Índice de precios al consumidor;;Banco Mundial - World Development Indicators;2026-08-31;
Venezuela;Venezuela, RB;VE;VEN;Latin America & Caribbean;Not classified;2024;Precios e inflación;precios_e_inflacion;Inflación;inflacion;FP.CPI.TOTL;Índice de precios al consumidor;;Banco Mundial - World Development Indicators;2026-08-31;
Venezuela;Venezuela, RB;VE;VEN;Latin America & Caribbean;Not classified;2025;Precios e inflación;precios_e_inflacion;Inflación;inflacion;FP.CPI.TOTL;Índice de precios al consumidor;;Banco Mundial - World Development Indicators;2026-08-31;
Venezuela;Venezuela, RB;VE;VEN;Latin America & Caribbean;Not classified;1960;Precios e inflación;precios_e_inflacion;Inflación;inflacion;FP.CPI.TOTL.ZG;Inflación anual de precios al consumidor;;Banco Mundial - World Development Indicators;2026-08-31;
Venezuela;Venezuela, RB;VE;VEN;Latin America & Caribbean;Not classified;1961;Precios e inflación;precios_e_inflacion;Inflación;inflacion;FP.CPI.TOTL.ZG;Inflación anual de precios al consumidor;;Banco Mundial - World Development Indicators;2026-08-31;
Venezuela;Venezuela, RB;VE;VEN;Latin America & Caribbean;Not classified;1962;Precios e inflación;precios_e_inflacion;Inflación;inflacion;FP.CPI.TOTL.ZG;Inflación anual de precios al consumidor;;Banco Mundial - World Development Indicators;2026-08-31;
Venezuela;Venezuela, RB;VE;VEN;Latin America & Caribbean;Not classified;1963;Precios e inflación;precios_e_inflacion;Inflación;inflacion;FP.CPI.TOTL.ZG;Inflación anual de precios al consumidor;;Banco Mundial - World Development Indicators;2026-08-31;
Venezuela;Venezuela, RB;VE;VEN;Latin America & Caribbean;Not classified;1964;Precios e inflación;precios_e_inflacion;Inflación;inflacion;FP.CPI.TOTL.ZG;Inflación anual de precios al consumidor;;Banco Mundial - World Development Indicators;2026-08-31;
Venezuela;Venezuela, RB;VE;VEN;Latin America & Caribbean;Not classified;1965;Precios e inflación;precios_e_inflacion;Inflación;inflacion;FP.CPI.TOTL.ZG;Inflación anual de precios al consumidor;;Banco Mundial - World Development Indicators;2026-08-31;
Venezuela;Venezuela, RB;VE;VEN;Latin America & Caribbean;Not classified;1966;Precios e inflación;precios_e_inflacion;Inflación;inflacion;FP.CPI.TOTL.ZG;Inflación anual de precios al consumidor;;Banco Mundial - World Development Indicators;2026-08-31;
Venezuela;Venezuela, RB;VE;VEN;Latin America & Caribbean;Not classified;1967;Precios e inflación;precios_e_inflacion;Inflación;inflacion;FP.CPI.TOTL.ZG;Inflación anual de precios al consumidor;;Banco Mundial - World Development Indicators;2026-08-31;
Venezuela;Venezuela, RB;VE;VEN;Latin America & Caribbean;Not classified;1968;Precios e inflación;precios_e_inflacion;Inflación;inflacion;FP.CPI.TOTL.ZG;Inflación anual de precios al consumidor;;Banco Mundial - World Development Indicators;2026-08-31;
Venezuela;Venezuela, RB;VE;VEN;Latin America & Caribbean;Not classified;1969;Precios e inflación;precios_e_inflacion;Inflación;inflacion;FP.CPI.TOTL.ZG;Inflación anual de precios al consumidor;;Banco Mundial - World Development Indicators;2026-08-31;
Venezuela;Venezuela, RB;VE;VEN;Latin America & Caribbean;Not classified;1970;Precios e inflación;precios_e_inflacion;Inflación;inflacion;FP.CPI.TOTL.ZG;Inflación anual de precios al consumidor;;Banco Mundial - World Development Indicators;2026-08-31;
Venezuela;Venezuela, RB;VE;VEN;Latin America & Caribbean;Not classified;1971;Precios e inflación;precios_e_inflacion;Inflación;inflacion;FP.CPI.TOTL.ZG;Inflación anual de precios al consumidor;;Banco Mundial - World Development Indicators;2026-08-31;
Venezuela;Venezuela, RB;VE;VEN;Latin America & Caribbean;Not classified;1972;Precios e inflación;precios_e_inflacion;Inflación;inflacion;FP.CPI.TOTL.ZG;Inflación anual de precios al consumidor;;Banco Mundial - World Development Indicators;2026-08-31;
Venezuela;Venezuela, RB;VE;VEN;Latin America & Caribbean;Not classified;1973;Precios e inflación;precios_e_inflacion;Inflación;inflacion;FP.CPI.TOTL.ZG;Inflación anual de precios al consumidor;;Banco Mundial - World Development Indicators;2026-08-31;
Venezuela;Venezuela, RB;VE;VEN;Latin America & Caribbean;Not classified;1974;Precios e inflación;precios_e_inflacion;Inflación;inflacion;FP.CPI.TOTL.ZG;Inflación anual de precios al consumidor;;Banco Mundial - World Development Indicators;2026-08-31;
Venezuela;Venezuela, RB;VE;VEN;Latin America & Caribbean;Not classified;1975;Precios e inflación;precios_e_inflacion;Inflación;inflacion;FP.CPI.TOTL.ZG;Inflación anual de precios al consumidor;;Banco Mundial - World Development Indicators;2026-08-31;
Venezuela;Venezuela, RB;VE;VEN;Latin America & Caribbean;Not classified;1976;Precios e inflación;precios_e_inflacion;Inflación;inflacion;FP.CPI.TOTL.ZG;Inflación anual de precios al consumidor;;Banco Mundial - World Development Indicators;2026-08-31;
Venezuela;Venezuela, RB;VE;VEN;Latin America & Caribbean;Not classified;1977;Precios e inflación;precios_e_inflacion;Inflación;inflacion;FP.CPI.TOTL.ZG;Inflación anual de precios al consumidor;;Banco Mundial - World Development Indicators;2026-08-31;
Venezuela;Venezuela, RB;VE;VEN;Latin America & Caribbean;Not classified;1978;Precios e inflación;precios_e_inflacion;Inflación;inflacion;FP.CPI.TOTL.ZG;Inflación anual de precios al consumidor;;Banco Mundial - World Development Indicators;2026-08-31;
Venezuela;Venezuela, RB;VE;VEN;Latin America & Caribbean;Not classified;1979;Precios e inflación;precios_e_inflacion;Inflación;inflacion;FP.CPI.TOTL.ZG;Inflación anual de precios al consumidor;;Banco Mundial - World Development Indicators;2026-08-31;
Venezuela;Venezuela, RB;VE;VEN;Latin America & Caribbean;Not classified;1980;Precios e inflación;precios_e_inflacion;Inflación;inflacion;FP.CPI.TOTL.ZG;Inflación anual de precios al consumidor;;Banco Mundial - World Development Indicators;2026-08-31;
Venezuela;Venezuela, RB;VE;VEN;Latin America & Caribbean;Not classified;1981;Precios e inflación;precios_e_inflacion;Inflación;inflacion;FP.CPI.TOTL.ZG;Inflación anual de precios al consumidor;;Banco Mundial - World Development Indicators;2026-08-31;
Venezuela;Venezuela, RB;VE;VEN;Latin America & Caribbean;Not classified;1982;Precios e inflación;precios_e_inflacion;Inflación;inflacion;FP.CPI.TOTL.ZG;Inflación anual de precios al consumidor;;Banco Mundial - World Development Indicators;2026-08-31;
Venezuela;Venezuela, RB;VE;VEN;Latin America & Caribbean;Not classified;1983;Precios e inflación;precios_e_inflacion;Inflación;inflacion;FP.CPI.TOTL.ZG;Inflación anual de precios al consumidor;;Banco Mundial - World Development Indicators;2026-08-31;
Venezuela;Venezuela, RB;VE;VEN;Latin America & Caribbean;Not classified;1984;Precios e inflación;precios_e_inflacion;Inflación;inflacion;FP.CPI.TOTL.ZG;Inflación anual de precios al consumidor;;Banco Mundial - World Development Indicators;2026-08-31;
Venezuela;Venezuela, RB;VE;VEN;Latin America & Caribbean;Not classified;1985;Precios e inflación;precios_e_inflacion;Inflación;inflacion;FP.CPI.TOTL.ZG;Inflación anual de precios al consumidor;;Banco Mundial - World Development Indicators;2026-08-31;
Venezuela;Venezuela, RB;VE;VEN;Latin America & Caribbean;Not classified;1986;Precios e inflación;precios_e_inflacion;Inflación;inflacion;FP.CPI.TOTL.ZG;Inflación anual de precios al consumidor;;Banco Mundial - World Development Indicators;2026-08-31;
Venezuela;Venezuela, RB;VE;VEN;Latin America & Caribbean;Not classified;1987;Precios e inflación;precios_e_inflacion;Inflación;inflacion;FP.CPI.TOTL.ZG;Inflación anual de precios al consumidor;;Banco Mundial - World Development Indicators;2026-08-31;
Venezuela;Venezuela, RB;VE;VEN;Latin America & Caribbean;Not classified;1988;Precios e inflación;precios_e_inflacion;Inflación;inflacion;FP.CPI.TOTL.ZG;Inflación anual de precios al consumidor;;Banco Mundial - World Development Indicators;2026-08-31;
Venezuela;Venezuela, RB;VE;VEN;Latin America & Caribbean;Not classified;1989;Precios e inflación;precios_e_inflacion;Inflación;inflacion;FP.CPI.TOTL.ZG;Inflación anual de precios al consumidor;;Banco Mundial - World Development Indicators;2026-08-31;
Venezuela;Venezuela, RB;VE;VEN;Latin America & Caribbean;Not classified;1990;Precios e inflación;precios_e_inflacion;Inflación;inflacion;FP.CPI.TOTL.ZG;Inflación anual de precios al consumidor;;Banco Mundial - World Development Indicators;2026-08-31;
Venezuela;Venezuela, RB;VE;VEN;Latin America & Caribbean;Not classified;1991;Precios e inflación;precios_e_inflacion;Inflación;inflacion;FP.CPI.TOTL.ZG;Inflación anual de precios al consumidor;;Banco Mundial - World Development Indicators;2026-08-31;
Venezuela;Venezuela, RB;VE;VEN;Latin America & Caribbean;Not classified;1992;Precios e inflación;precios_e_inflacion;Inflación;inflacion;FP.CPI.TOTL.ZG;Inflación anual de precios al consumidor;;Banco Mundial - World Development Indicators;2026-08-31;
Venezuela;Venezuela, RB;VE;VEN;Latin America & Caribbean;Not classified;1993;Precios e inflación;precios_e_inflacion;Inflación;inflacion;FP.CPI.TOTL.ZG;Inflación anual de precios al consumidor;;Banco Mundial - World Development Indicators;2026-08-31;
Venezuela;Venezuela, RB;VE;VEN;Latin America & Caribbean;Not classified;1994;Precios e inflación;precios_e_inflacion;Inflación;inflacion;FP.CPI.TOTL.ZG;Inflación anual de precios al consumidor;;Banco Mundial - World Development Indicators;2026-08-31;
Venezuela;Venezuela, RB;VE;VEN;Latin America & Caribbean;Not classified;1995;Precios e inflación;precios_e_inflacion;Inflación;inflacion;FP.CPI.TOTL.ZG;Inflación anual de precios al consumidor;;Banco Mundial - World Development Indicators;2026-08-31;
Venezuela;Venezuela, RB;VE;VEN;Latin America & Caribbean;Not classified;1996;Precios e inflación;precios_e_inflacion;Inflación;inflacion;FP.CPI.TOTL.ZG;Inflación anual de precios al consumidor;;Banco Mundial - World Development Indicators;2026-08-31;
Venezuela;Venezuela, RB;VE;VEN;Latin America & Caribbean;Not classified;1997;Precios e inflación;precios_e_inflacion;Inflación;inflacion;FP.CPI.TOTL.ZG;Inflación anual de precios al consumidor;;Banco Mundial - World Development Indicators;2026-08-31;
Venezuela;Venezuela, RB;VE;VEN;Latin America & Caribbean;Not classified;1998;Precios e inflación;precios_e_inflacion;Inflación;inflacion;FP.CPI.TOTL.ZG;Inflación anual de precios al consumidor;;Banco Mundial - World Development Indicators;2026-08-31;
Venezuela;Venezuela, RB;VE;VEN;Latin America & Caribbean;Not classified;1999;Precios e inflación;precios_e_inflacion;Inflación;inflacion;FP.CPI.TOTL.ZG;Inflación anual de precios al consumidor;;Banco Mundial - World Development Indicators;2026-08-31;
Venezuela;Venezuela, RB;VE;VEN;Latin America & Caribbean;Not classified;2000;Precios e inflación;precios_e_inflacion;Inflación;inflacion;FP.CPI.TOTL.ZG;Inflación anual de precios al consumidor;;Banco Mundial - World Development Indicators;2026-08-31;
Venezuela;Venezuela, RB;VE;VEN;Latin America & Caribbean;Not classified;2001;Precios e inflación;precios_e_inflacion;Inflación;inflacion;FP.CPI.TOTL.ZG;Inflación anual de precios al consumidor;;Banco Mundial - World Development Indicators;2026-08-31;
Venezuela;Venezuela, RB;VE;VEN;Latin America & Caribbean;Not classified;2002;Precios e inflación;precios_e_inflacion;Inflación;inflacion;FP.CPI.TOTL.ZG;Inflación anual de precios al consumidor;;Banco Mundial - World Development Indicators;2026-08-31;
Venezuela;Venezuela, RB;VE;VEN;Latin America & Caribbean;Not classified;2003;Precios e inflación;precios_e_inflacion;Inflación;inflacion;FP.CPI.TOTL.ZG;Inflación anual de precios al consumidor;;Banco Mundial - World Development Indicators;2026-08-31;
Venezuela;Venezuela, RB;VE;VEN;Latin America & Caribbean;Not classified;2004;Precios e inflación;precios_e_inflacion;Inflación;inflacion;FP.CPI.TOTL.ZG;Inflación anual de precios al consumidor;;Banco Mundial - World Development Indicators;2026-08-31;
Venezuela;Venezuela, RB;VE;VEN;Latin America & Caribbean;Not classified;2005;Precios e inflación;precios_e_inflacion;Inflación;inflacion;FP.CPI.TOTL.ZG;Inflación anual de precios al consumidor;;Banco Mundial - World Development Indicators;2026-08-31;
Venezuela;Venezuela, RB;VE;VEN;Latin America & Caribbean;Not classified;2006;Precios e inflación;precios_e_inflacion;Inflación;inflacion;FP.CPI.TOTL.ZG;Inflación anual de precios al consumidor;;Banco Mundial - World Development Indicators;2026-08-31;
Venezuela;Venezuela, RB;VE;VEN;Latin America & Caribbean;Not classified;2007;Precios e inflación;precios_e_inflacion;Inflación;inflacion;FP.CPI.TOTL.ZG;Inflación anual de precios al consumidor;;Banco Mundial - World Development Indicators;2026-08-31;
Venezuela;Venezuela, RB;VE;VEN;Latin America & Caribbean;Not classified;2008;Precios e inflación;precios_e_inflacion;Inflación;inflacion;FP.CPI.TOTL.ZG;Inflación anual de precios al consumidor;;Banco Mundial - World Development Indicators;2026-08-31;
Venezuela;Venezuela, RB;VE;VEN;Latin America & Caribbean;Not classified;2009;Precios e inflación;precios_e_inflacion;Inflación;inflacion;FP.CPI.TOTL.ZG;Inflación anual de precios al consumidor;27.080941446613;Banco Mundial - World Development Indicators;2026-08-31;
Venezuela;Venezuela, RB;VE;VEN;Latin America & Caribbean;Not classified;2010;Precios e inflación;precios_e_inflacion;Inflación;inflacion;FP.CPI.TOTL.ZG;Inflación anual de precios al consumidor;28.1874647092039;Banco Mundial - World Development Indicators;2026-08-31;
Venezuela;Venezuela, RB;VE;VEN;Latin America & Caribbean;Not classified;2011;Precios e inflación;precios_e_inflacion;Inflación;inflacion;FP.CPI.TOTL.ZG;Inflación anual de precios al consumidor;26.0902123160959;Banco Mundial - World Development Indicators;2026-08-31;
Venezuela;Venezuela, RB;VE;VEN;Latin America & Caribbean;Not classified;2012;Precios e inflación;precios_e_inflacion;Inflación;inflacion;FP.CPI.TOTL.ZG;Inflación anual de precios al consumidor;21.0689956331876;Banco Mundial - World Development Indicators;2026-08-31;
Venezuela;Venezuela, RB;VE;VEN;Latin America & Caribbean;Not classified;2013;Precios e inflación;precios_e_inflacion;Inflación;inflacion;FP.CPI.TOTL.ZG;Inflación anual de precios al consumidor;40.6394275161589;Banco Mundial - World Development Indicators;2026-08-31;
Venezuela;Venezuela, RB;VE;VEN;Latin America & Caribbean;Not classified;2014;Precios e inflación;precios_e_inflacion;Inflación;inflacion;FP.CPI.TOTL.ZG;Inflación anual de precios al consumidor;62.1686499794829;Banco Mundial - World Development Indicators;2026-08-31;
Venezuela;Venezuela, RB;VE;VEN;Latin America & Caribbean;Not classified;2015;Precios e inflación;precios_e_inflacion;Inflación;inflacion;FP.CPI.TOTL.ZG;Inflación anual de precios al consumidor;121.738085297503;Banco Mundial - World Development Indicators;2026-08-31;
Venezuela;Venezuela, RB;VE;VEN;Latin America & Caribbean;Not classified;2016;Precios e inflación;precios_e_inflacion;Inflación;inflacion;FP.CPI.TOTL.ZG;Inflación anual de precios al consumidor;254.948534781816;Banco Mundial - World Development Indicators;2026-08-31;
Venezuela;Venezuela, RB;VE;VEN;Latin America & Caribbean;Not classified;2017;Precios e inflación;precios_e_inflacion;Inflación;inflacion;FP.CPI.TOTL.ZG;Inflación anual de precios al consumidor;;Banco Mundial - World Development Indicators;2026-08-31;
Venezuela;Venezuela, RB;VE;VEN;Latin America & Caribbean;Not classified;2018;Precios e inflación;precios_e_inflacion;Inflación;inflacion;FP.CPI.TOTL.ZG;Inflación anual de precios al consumidor;;Banco Mundial - World Development Indicators;2026-08-31;
Venezuela;Venezuela, RB;VE;VEN;Latin America & Caribbean;Not classified;2019;Precios e inflación;precios_e_inflacion;Inflación;inflacion;FP.CPI.TOTL.ZG;Inflación anual de precios al consumidor;;Banco Mundial - World Development Indicators;2026-08-31;
Venezuela;Venezuela, RB;VE;VEN;Latin America & Caribbean;Not classified;2020;Precios e inflación;precios_e_inflacion;Inflación;inflacion;FP.CPI.TOTL.ZG;Inflación anual de precios al consumidor;;Banco Mundial - World Development Indicators;2026-08-31;
Venezuela;Venezuela, RB;VE;VEN;Latin America & Caribbean;Not classified;2021;Precios e inflación;precios_e_inflacion;Inflación;inflacion;FP.CPI.TOTL.ZG;Inflación anual de precios al consumidor;;Banco Mundial - World Development Indicators;2026-08-31;
Venezuela;Venezuela, RB;VE;VEN;Latin America & Caribbean;Not classified;2022;Precios e inflación;precios_e_inflacion;Inflación;inflacion;FP.CPI.TOTL.ZG;Inflación anual de precios al consumidor;;Banco Mundial - World Development Indicators;2026-08-31;
Venezuela;Venezuela, RB;VE;VEN;Latin America & Caribbean;Not classified;2023;Precios e inflación;precios_e_inflacion;Inflación;inflacion;FP.CPI.TOTL.ZG;Inflación anual de precios al consumidor;;Banco Mundial - World Development Indicators;2026-08-31;
Venezuela;Venezuela, RB;VE;VEN;Latin America & Caribbean;Not classified;2024;Precios e inflación;precios_e_inflacion;Inflación;inflacion;FP.CPI.TOTL.ZG;Inflación anual de precios al consumidor;;Banco Mundial - World Development Indicators;2026-08-31;
Venezuela;Venezuela, RB;VE;VEN;Latin America & Caribbean;Not classified;2025;Precios e inflación;precios_e_inflacion;Inflación;inflacion;FP.CPI.TOTL.ZG;Inflación anual de precios al consumidor;;Banco Mundial - World Development Indicators;2026-08-31;
Venezuela;Venezuela, RB;VE;VEN;Latin America & Caribbean;Not classified;1960;Precios e inflación;precios_e_inflacion;Sistema financiero;sistema_financiero;FR.INR.RINR;Tipo de interés real;;Banco Mundial - World Development Indicators;2026-08-31;
Venezuela;Venezuela, RB;VE;VEN;Latin America & Caribbean;Not classified;1961;Precios e inflación;precios_e_inflacion;Sistema financiero;sistema_financiero;FR.INR.RINR;Tipo de interés real;;Banco Mundial - World Development Indicators;2026-08-31;
Venezuela;Venezuela, RB;VE;VEN;Latin America & Caribbean;Not classified;1962;Precios e inflación;precios_e_inflacion;Sistema financiero;sistema_financiero;FR.INR.RINR;Tipo de interés real;;Banco Mundial - World Development Indicators;2026-08-31;
Venezuela;Venezuela, RB;VE;VEN;Latin America & Caribbean;Not classified;1963;Precios e inflación;precios_e_inflacion;Sistema financiero;sistema_financiero;FR.INR.RINR;Tipo de interés real;;Banco Mundial - World Development Indicators;2026-08-31;
Venezuela;Venezuela, RB;VE;VEN;Latin America & Caribbean;Not classified;1964;Precios e inflación;precios_e_inflacion;Sistema financiero;sistema_financiero;FR.INR.RINR;Tipo de interés real;;Banco Mundial - World Development Indicators;2026-08-31;
Venezuela;Venezuela, RB;VE;VEN;Latin America & Caribbean;Not classified;1965;Precios e inflación;precios_e_inflacion;Sistema financiero;sistema_financiero;FR.INR.RINR;Tipo de interés real;;Banco Mundial - World Development Indicators;2026-08-31;
Venezuela;Venezuela, RB;VE;VEN;Latin America & Caribbean;Not classified;1966;Precios e inflación;precios_e_inflacion;Sistema financiero;sistema_financiero;FR.INR.RINR;Tipo de interés real;;Banco Mundial - World Development Indicators;2026-08-31;
Venezuela;Venezuela, RB;VE;VEN;Latin America & Caribbean;Not classified;1967;Precios e inflación;precios_e_inflacion;Sistema financiero;sistema_financiero;FR.INR.RINR;Tipo de interés real;;Banco Mundial - World Development Indicators;2026-08-31;
Venezuela;Venezuela, RB;VE;VEN;Latin America & Caribbean;Not classified;1968;Precios e inflación;precios_e_inflacion;Sistema financiero;sistema_financiero;FR.INR.RINR;Tipo de interés real;;Banco Mundial - World Development Indicators;2026-08-31;
Venezuela;Venezuela, RB;VE;VEN;Latin America & Caribbean;Not classified;1969;Precios e inflación;precios_e_inflacion;Sistema financiero;sistema_financiero;FR.INR.RINR;Tipo de interés real;;Banco Mundial - World Development Indicators;2026-08-31;
Venezuela;Venezuela, RB;VE;VEN;Latin America & Caribbean;Not classified;1970;Precios e inflación;precios_e_inflacion;Sistema financiero;sistema_financiero;FR.INR.RINR;Tipo de interés real;;Banco Mundial - World Development Indicators;2026-08-31;
Venezuela;Venezuela, RB;VE;VEN;Latin America & Caribbean;Not classified;1971;Precios e inflación;precios_e_inflacion;Sistema financiero;sistema_financiero;FR.INR.RINR;Tipo de interés real;;Banco Mundial - World Development Indicators;2026-08-31;
Venezuela;Venezuela, RB;VE;VEN;Latin America & Caribbean;Not classified;1972;Precios e inflación;precios_e_inflacion;Sistema financiero;sistema_financiero;FR.INR.RINR;Tipo de interés real;;Banco Mundial - World Development Indicators;2026-08-31;
Venezuela;Venezuela, RB;VE;VEN;Latin America & Caribbean;Not classified;1973;Precios e inflación;precios_e_inflacion;Sistema financiero;sistema_financiero;FR.INR.RINR;Tipo de interés real;;Banco Mundial - World Development Indicators;2026-08-31;
Venezuela;Venezuela, RB;VE;VEN;Latin America & Caribbean;Not classified;1974;Precios e inflación;precios_e_inflacion;Sistema financiero;sistema_financiero;FR.INR.RINR;Tipo de interés real;;Banco Mundial - World Development Indicators;2026-08-31;
Venezuela;Venezuela, RB;VE;VEN;Latin America & Caribbean;Not classified;1975;Precios e inflación;precios_e_inflacion;Sistema financiero;sistema_financiero;FR.INR.RINR;Tipo de interés real;;Banco Mundial - World Development Indicators;2026-08-31;
Venezuela;Venezuela, RB;VE;VEN;Latin America & Caribbean;Not classified;1976;Precios e inflación;precios_e_inflacion;Sistema financiero;sistema_financiero;FR.INR.RINR;Tipo de interés real;;Banco Mundial - World Development Indicators;2026-08-31;
Venezuela;Venezuela, RB;VE;VEN;Latin America & Caribbean;Not classified;1977;Precios e inflación;precios_e_inflacion;Sistema financiero;sistema_financiero;FR.INR.RINR;Tipo de interés real;;Banco Mundial - World Development Indicators;2026-08-31;
Venezuela;Venezuela, RB;VE;VEN;Latin America & Caribbean;Not classified;1978;Precios e inflación;precios_e_inflacion;Sistema financiero;sistema_financiero;FR.INR.RINR;Tipo de interés real;;Banco Mundial - World Development Indicators;2026-08-31;
Venezuela;Venezuela, RB;VE;VEN;Latin America & Caribbean;Not classified;1979;Precios e inflación;precios_e_inflacion;Sistema financiero;sistema_financiero;FR.INR.RINR;Tipo de interés real;;Banco Mundial - World Development Indicators;2026-08-31;
Venezuela;Venezuela, RB;VE;VEN;Latin America & Caribbean;Not classified;1980;Precios e inflación;precios_e_inflacion;Sistema financiero;sistema_financiero;FR.INR.RINR;Tipo de interés real;;Banco Mundial - World Development Indicators;2026-08-31;
Venezuela;Venezuela, RB;VE;VEN;Latin America & Caribbean;Not classified;1981;Precios e inflación;precios_e_inflacion;Sistema financiero;sistema_financiero;FR.INR.RINR;Tipo de interés real;;Banco Mundial - World Development Indicators;2026-08-31;
Venezuela;Venezuela, RB;VE;VEN;Latin America & Caribbean;Not classified;1982;Precios e inflación;precios_e_inflacion;Sistema financiero;sistema_financiero;FR.INR.RINR;Tipo de interés real;;Banco Mundial - World Development Indicators;2026-08-31;
Venezuela;Venezuela, RB;VE;VEN;Latin America & Caribbean;Not classified;1983;Precios e inflación;precios_e_inflacion;Sistema financiero;sistema_financiero;FR.INR.RINR;Tipo de interés real;;Banco Mundial - World Development Indicators;2026-08-31;
Venezuela;Venezuela, RB;VE;VEN;Latin America & Caribbean;Not classified;1984;Precios e inflación;precios_e_inflacion;Sistema financiero;sistema_financiero;FR.INR.RINR;Tipo de interés real;-20.3105843528903;Banco Mundial - World Development Indicators;2026-08-31;
Venezuela;Venezuela, RB;VE;VEN;Latin America & Caribbean;Not classified;1985;Precios e inflación;precios_e_inflacion;Sistema financiero;sistema_financiero;FR.INR.RINR;Tipo de interés real;-0.53261518686187;Banco Mundial - World Development Indicators;2026-08-31;
Venezuela;Venezuela, RB;VE;VEN;Latin America & Caribbean;Not classified;1986;Precios e inflación;precios_e_inflacion;Sistema financiero;sistema_financiero;FR.INR.RINR;Tipo de interés real;9.44728377673056;Banco Mundial - World Development Indicators;2026-08-31;
Venezuela;Venezuela, RB;VE;VEN;Latin America & Caribbean;Not classified;1987;Precios e inflación;precios_e_inflacion;Sistema financiero;sistema_financiero;FR.INR.RINR;Tipo de interés real;-20.0691279931751;Banco Mundial - World Development Indicators;2026-08-31;
Venezuela;Venezuela, RB;VE;VEN;Latin America & Caribbean;Not classified;1988;Precios e inflación;precios_e_inflacion;Sistema financiero;sistema_financiero;FR.INR.RINR;Tipo de interés real;-7.91012968421851;Banco Mundial - World Development Indicators;2026-08-31;
Venezuela;Venezuela, RB;VE;VEN;Latin America & Caribbean;Not classified;1989;Precios e inflación;precios_e_inflacion;Sistema financiero;sistema_financiero;FR.INR.RINR;Tipo de interés real;-39.0961955461174;Banco Mundial - World Development Indicators;2026-08-31;
Venezuela;Venezuela, RB;VE;VEN;Latin America & Caribbean;Not classified;1990;Precios e inflación;precios_e_inflacion;Sistema financiero;sistema_financiero;FR.INR.RINR;Tipo de interés real;-4.16379414395032;Banco Mundial - World Development Indicators;2026-08-31;
Venezuela;Venezuela, RB;VE;VEN;Latin America & Caribbean;Not classified;1991;Precios e inflación;precios_e_inflacion;Sistema financiero;sistema_financiero;FR.INR.RINR;Tipo de interés real;12.7850576834027;Banco Mundial - World Development Indicators;2026-08-31;
Venezuela;Venezuela, RB;VE;VEN;Latin America & Caribbean;Not classified;1992;Precios e inflación;precios_e_inflacion;Sistema financiero;sistema_financiero;FR.INR.RINR;Tipo de interés real;10.1505042234342;Banco Mundial - World Development Indicators;2026-08-31;
Venezuela;Venezuela, RB;VE;VEN;Latin America & Caribbean;Not classified;1993;Precios e inflación;precios_e_inflacion;Sistema financiero;sistema_financiero;FR.INR.RINR;Tipo de interés real;21.4421442344337;Banco Mundial - World Development Indicators;2026-08-31;
Venezuela;Venezuela, RB;VE;VEN;Latin America & Caribbean;Not classified;1994;Precios e inflación;precios_e_inflacion;Sistema financiero;sistema_financiero;FR.INR.RINR;Tipo de interés real;-5.02106927052955;Banco Mundial - World Development Indicators;2026-08-31;
Venezuela;Venezuela, RB;VE;VEN;Latin America & Caribbean;Not classified;1995;Precios e inflación;precios_e_inflacion;Sistema financiero;sistema_financiero;FR.INR.RINR;Tipo de interés real;-7.92139948209389;Banco Mundial - World Development Indicators;2026-08-31;
Venezuela;Venezuela, RB;VE;VEN;Latin America & Caribbean;Not classified;1996;Precios e inflación;precios_e_inflacion;Sistema financiero;sistema_financiero;FR.INR.RINR;Tipo de interés real;-35.3503170614123;Banco Mundial - World Development Indicators;2026-08-31;
Venezuela;Venezuela, RB;VE;VEN;Latin America & Caribbean;Not classified;1997;Precios e inflación;precios_e_inflacion;Sistema financiero;sistema_financiero;FR.INR.RINR;Tipo de interés real;-7.68391249860852;Banco Mundial - World Development Indicators;2026-08-31;
Venezuela;Venezuela, RB;VE;VEN;Latin America & Caribbean;Not classified;1998;Precios e inflación;precios_e_inflacion;Sistema financiero;sistema_financiero;FR.INR.RINR;Tipo de interés real;23.3237302468182;Banco Mundial - World Development Indicators;2026-08-31;
Venezuela;Venezuela, RB;VE;VEN;Latin America & Caribbean;Not classified;1999;Precios e inflación;precios_e_inflacion;Sistema financiero;sistema_financiero;FR.INR.RINR;Tipo de interés real;4.73750937705693;Banco Mundial - World Development Indicators;2026-08-31;
Venezuela;Venezuela, RB;VE;VEN;Latin America & Caribbean;Not classified;2000;Precios e inflación;precios_e_inflacion;Sistema financiero;sistema_financiero;FR.INR.RINR;Tipo de interés real;-3.427271677593;Banco Mundial - World Development Indicators;2026-08-31;
Venezuela;Venezuela, RB;VE;VEN;Latin America & Caribbean;Not classified;2001;Precios e inflación;precios_e_inflacion;Sistema financiero;sistema_financiero;FR.INR.RINR;Tipo de interés real;13.4067920775441;Banco Mundial - World Development Indicators;2026-08-31;
Venezuela;Venezuela, RB;VE;VEN;Latin America & Caribbean;Not classified;2002;Precios e inflación;precios_e_inflacion;Sistema financiero;sistema_financiero;FR.INR.RINR;Tipo de interés real;2.81776735888189;Banco Mundial - World Development Indicators;2026-08-31;
Venezuela;Venezuela, RB;VE;VEN;Latin America & Caribbean;Not classified;2003;Precios e inflación;precios_e_inflacion;Sistema financiero;sistema_financiero;FR.INR.RINR;Tipo de interés real;-7.21528827246595;Banco Mundial - World Development Indicators;2026-08-31;
Venezuela;Venezuela, RB;VE;VEN;Latin America & Caribbean;Not classified;2004;Precios e inflación;precios_e_inflacion;Sistema financiero;sistema_financiero;FR.INR.RINR;Tipo de interés real;-11.5984250472679;Banco Mundial - World Development Indicators;2026-08-31;
Venezuela;Venezuela, RB;VE;VEN;Latin America & Caribbean;Not classified;2005;Precios e inflación;precios_e_inflacion;Sistema financiero;sistema_financiero;FR.INR.RINR;Tipo de interés real;-9.9771448599891;Banco Mundial - World Development Indicators;2026-08-31;
Venezuela;Venezuela, RB;VE;VEN;Latin America & Caribbean;Not classified;2006;Precios e inflación;precios_e_inflacion;Sistema financiero;sistema_financiero;FR.INR.RINR;Tipo de interés real;-2.04088217205993;Banco Mundial - World Development Indicators;2026-08-31;
Venezuela;Venezuela, RB;VE;VEN;Latin America & Caribbean;Not classified;2007;Precios e inflación;precios_e_inflacion;Sistema financiero;sistema_financiero;FR.INR.RINR;Tipo de interés real;1.48399647333513;Banco Mundial - World Development Indicators;2026-08-31;
Venezuela;Venezuela, RB;VE;VEN;Latin America & Caribbean;Not classified;2008;Precios e inflación;precios_e_inflacion;Sistema financiero;sistema_financiero;FR.INR.RINR;Tipo de interés real;-6.01980277978769;Banco Mundial - World Development Indicators;2026-08-31;
Venezuela;Venezuela, RB;VE;VEN;Latin America & Caribbean;Not classified;2009;Precios e inflación;precios_e_inflacion;Sistema financiero;sistema_financiero;FR.INR.RINR;Tipo de interés real;11.3296605279432;Banco Mundial - World Development Indicators;2026-08-31;
Venezuela;Venezuela, RB;VE;VEN;Latin America & Caribbean;Not classified;2010;Precios e inflación;precios_e_inflacion;Sistema financiero;sistema_financiero;FR.INR.RINR;Tipo de interés real;-18.9896494698648;Banco Mundial - World Development Indicators;2026-08-31;
Venezuela;Venezuela, RB;VE;VEN;Latin America & Caribbean;Not classified;2011;Precios e inflación;precios_e_inflacion;Sistema financiero;sistema_financiero;FR.INR.RINR;Tipo de interés real;-8.63099270105034;Banco Mundial - World Development Indicators;2026-08-31;
Venezuela;Venezuela, RB;VE;VEN;Latin America & Caribbean;Not classified;2012;Precios e inflación;precios_e_inflacion;Sistema financiero;sistema_financiero;FR.INR.RINR;Tipo de interés real;-3.49269516009221;Banco Mundial - World Development Indicators;2026-08-31;
Venezuela;Venezuela, RB;VE;VEN;Latin America & Caribbean;Not classified;2013;Precios e inflación;precios_e_inflacion;Sistema financiero;sistema_financiero;FR.INR.RINR;Tipo de interés real;-16.7579072328723;Banco Mundial - World Development Indicators;2026-08-31;
Venezuela;Venezuela, RB;VE;VEN;Latin America & Caribbean;Not classified;2014;Precios e inflación;precios_e_inflacion;Sistema financiero;sistema_financiero;FR.INR.RINR;Tipo de interés real;-42.8355024477854;Banco Mundial - World Development Indicators;2026-08-31;
Venezuela;Venezuela, RB;VE;VEN;Latin America & Caribbean;Not classified;2015;Precios e inflación;precios_e_inflacion;Sistema financiero;sistema_financiero;FR.INR.RINR;Tipo de interés real;-49.1738717186218;Banco Mundial - World Development Indicators;2026-08-31;
Venezuela;Venezuela, RB;VE;VEN;Latin America & Caribbean;Not classified;2016;Precios e inflación;precios_e_inflacion;Sistema financiero;sistema_financiero;FR.INR.RINR;Tipo de interés real;-70.4417611308894;Banco Mundial - World Development Indicators;2026-08-31;
Venezuela;Venezuela, RB;VE;VEN;Latin America & Caribbean;Not classified;2017;Precios e inflación;precios_e_inflacion;Sistema financiero;sistema_financiero;FR.INR.RINR;Tipo de interés real;-89.4719970296214;Banco Mundial - World Development Indicators;2026-08-31;
Venezuela;Venezuela, RB;VE;VEN;Latin America & Caribbean;Not classified;2018;Precios e inflación;precios_e_inflacion;Sistema financiero;sistema_financiero;FR.INR.RINR;Tipo de interés real;;Banco Mundial - World Development Indicators;2026-08-31;
Venezuela;Venezuela, RB;VE;VEN;Latin America & Caribbean;Not classified;2019;Precios e inflación;precios_e_inflacion;Sistema financiero;sistema_financiero;FR.INR.RINR;Tipo de interés real;;Banco Mundial - World Development Indicators;2026-08-31;
Venezuela;Venezuela, RB;VE;VEN;Latin America & Caribbean;Not classified;2020;Precios e inflación;precios_e_inflacion;Sistema financiero;sistema_financiero;FR.INR.RINR;Tipo de interés real;;Banco Mundial - World Development Indicators;2026-08-31;
Venezuela;Venezuela, RB;VE;VEN;Latin America & Caribbean;Not classified;2021;Precios e inflación;precios_e_inflacion;Sistema financiero;sistema_financiero;FR.INR.RINR;Tipo de interés real;;Banco Mundial - World Development Indicators;2026-08-31;
Venezuela;Venezuela, RB;VE;VEN;Latin America & Caribbean;Not classified;2022;Precios e inflación;precios_e_inflacion;Sistema financiero;sistema_financiero;FR.INR.RINR;Tipo de interés real;;Banco Mundial - World Development Indicators;2026-08-31;
Venezuela;Venezuela, RB;VE;VEN;Latin America & Caribbean;Not classified;2023;Precios e inflación;precios_e_inflacion;Sistema financiero;sistema_financiero;FR.INR.RINR;Tipo de interés real;;Banco Mundial - World Development Indicators;2026-08-31;
Venezuela;Venezuela, RB;VE;VEN;Latin America & Caribbean;Not classified;2024;Precios e inflación;precios_e_inflacion;Sistema financiero;sistema_financiero;FR.INR.RINR;Tipo de interés real;;Banco Mundial - World Development Indicators;2026-08-31;
Venezuela;Venezuela, RB;VE;VEN;Latin America & Caribbean;Not classified;2025;Precios e inflación;precios_e_inflacion;Sistema financiero;sistema_financiero;FR.INR.RINR;Tipo de interés real;;Banco Mundial - World Development Indicators;2026-08-31;
Venezuela;Venezuela, RB;VE;VEN;Latin America & Caribbean;Not classified;1960;Precios e inflación;precios_e_inflacion;Deflactor;deflactor;NY.GDP.DEFL.KD.ZG;Inflación medida por el deflactor del PIB;;Banco Mundial - World Development Indicators;2026-08-31;
Venezuela;Venezuela, RB;VE;VEN;Latin America & Caribbean;Not classified;1961;Precios e inflación;precios_e_inflacion;Deflactor;deflactor;NY.GDP.DEFL.KD.ZG;Inflación medida por el deflactor del PIB;2.01373056168983;Banco Mundial - World Development Indicators;2026-08-31;
Venezuela;Venezuela, RB;VE;VEN;Latin America & Caribbean;Not classified;1962;Precios e inflación;precios_e_inflacion;Deflactor;deflactor;NY.GDP.DEFL.KD.ZG;Inflación medida por el deflactor del PIB;0.665054138462224;Banco Mundial - World Development Indicators;2026-08-31;
Venezuela;Venezuela, RB;VE;VEN;Latin America & Caribbean;Not classified;1963;Precios e inflación;precios_e_inflacion;Deflactor;deflactor;NY.GDP.DEFL.KD.ZG;Inflación medida por el deflactor del PIB;4.91982977988773;Banco Mundial - World Development Indicators;2026-08-31;
Venezuela;Venezuela, RB;VE;VEN;Latin America & Caribbean;Not classified;1964;Precios e inflación;precios_e_inflacion;Deflactor;deflactor;NY.GDP.DEFL.KD.ZG;Inflación medida por el deflactor del PIB;-0.366502858122402;Banco Mundial - World Development Indicators;2026-08-31;
Venezuela;Venezuela, RB;VE;VEN;Latin America & Caribbean;Not classified;1965;Precios e inflación;precios_e_inflacion;Deflactor;deflactor;NY.GDP.DEFL.KD.ZG;Inflación medida por el deflactor del PIB;2.16720883620505;Banco Mundial - World Development Indicators;2026-08-31;
Venezuela;Venezuela, RB;VE;VEN;Latin America & Caribbean;Not classified;1966;Precios e inflación;precios_e_inflacion;Deflactor;deflactor;NY.GDP.DEFL.KD.ZG;Inflación medida por el deflactor del PIB;2.64492682981677;Banco Mundial - World Development Indicators;2026-08-31;
Venezuela;Venezuela, RB;VE;VEN;Latin America & Caribbean;Not classified;1967;Precios e inflación;precios_e_inflacion;Deflactor;deflactor;NY.GDP.DEFL.KD.ZG;Inflación medida por el deflactor del PIB;2.43422682068099;Banco Mundial - World Development Indicators;2026-08-31;
Venezuela;Venezuela, RB;VE;VEN;Latin America & Caribbean;Not classified;1968;Precios e inflación;precios_e_inflacion;Deflactor;deflactor;NY.GDP.DEFL.KD.ZG;Inflación medida por el deflactor del PIB;1.06509902850236;Banco Mundial - World Development Indicators;2026-08-31;
Venezuela;Venezuela, RB;VE;VEN;Latin America & Caribbean;Not classified;1969;Precios e inflación;precios_e_inflacion;Deflactor;deflactor;NY.GDP.DEFL.KD.ZG;Inflación medida por el deflactor del PIB;1.77946177900719;Banco Mundial - World Development Indicators;2026-08-31;
Venezuela;Venezuela, RB;VE;VEN;Latin America & Caribbean;Not classified;1970;Precios e inflación;precios_e_inflacion;Deflactor;deflactor;NY.GDP.DEFL.KD.ZG;Inflación medida por el deflactor del PIB;4.35826317842816;Banco Mundial - World Development Indicators;2026-08-31;
Venezuela;Venezuela, RB;VE;VEN;Latin America & Caribbean;Not classified;1971;Precios e inflación;precios_e_inflacion;Deflactor;deflactor;NY.GDP.DEFL.KD.ZG;Inflación medida por el deflactor del PIB;8.23265759174268;Banco Mundial - World Development Indicators;2026-08-31;
Venezuela;Venezuela, RB;VE;VEN;Latin America & Caribbean;Not classified;1972;Precios e inflación;precios_e_inflacion;Deflactor;deflactor;NY.GDP.DEFL.KD.ZG;Inflación medida por el deflactor del PIB;6.26877681900034;Banco Mundial - World Development Indicators;2026-08-31;
Venezuela;Venezuela, RB;VE;VEN;Latin America & Caribbean;Not classified;1973;Precios e inflación;precios_e_inflacion;Deflactor;deflactor;NY.GDP.DEFL.KD.ZG;Inflación medida por el deflactor del PIB;11.2003944899522;Banco Mundial - World Development Indicators;2026-08-31;
Venezuela;Venezuela, RB;VE;VEN;Latin America & Caribbean;Not classified;1974;Precios e inflación;precios_e_inflacion;Deflactor;deflactor;NY.GDP.DEFL.KD.ZG;Inflación medida por el deflactor del PIB;50.107968794629;Banco Mundial - World Development Indicators;2026-08-31;
Venezuela;Venezuela, RB;VE;VEN;Latin America & Caribbean;Not classified;1975;Precios e inflación;precios_e_inflacion;Deflactor;deflactor;NY.GDP.DEFL.KD.ZG;Inflación medida por el deflactor del PIB;2.26299814945894;Banco Mundial - World Development Indicators;2026-08-31;
Venezuela;Venezuela, RB;VE;VEN;Latin America & Caribbean;Not classified;1976;Precios e inflación;precios_e_inflacion;Deflactor;deflactor;NY.GDP.DEFL.KD.ZG;Inflación medida por el deflactor del PIB;6.19354432405103;Banco Mundial - World Development Indicators;2026-08-31;
Venezuela;Venezuela, RB;VE;VEN;Latin America & Caribbean;Not classified;1977;Precios e inflación;precios_e_inflacion;Deflactor;deflactor;NY.GDP.DEFL.KD.ZG;Inflación medida por el deflactor del PIB;8.44842727068664;Banco Mundial - World Development Indicators;2026-08-31;
Venezuela;Venezuela, RB;VE;VEN;Latin America & Caribbean;Not classified;1978;Precios e inflación;precios_e_inflacion;Deflactor;deflactor;NY.GDP.DEFL.KD.ZG;Inflación medida por el deflactor del PIB;6.08667532833461;Banco Mundial - World Development Indicators;2026-08-31;
Venezuela;Venezuela, RB;VE;VEN;Latin America & Caribbean;Not classified;1979;Precios e inflación;precios_e_inflacion;Deflactor;deflactor;NY.GDP.DEFL.KD.ZG;Inflación medida por el deflactor del PIB;21.9455792548796;Banco Mundial - World Development Indicators;2026-08-31;
Venezuela;Venezuela, RB;VE;VEN;Latin America & Caribbean;Not classified;1980;Precios e inflación;precios_e_inflacion;Deflactor;deflactor;NY.GDP.DEFL.KD.ZG;Inflación medida por el deflactor del PIB;28.0272395381622;Banco Mundial - World Development Indicators;2026-08-31;
Venezuela;Venezuela, RB;VE;VEN;Latin America & Caribbean;Not classified;1981;Precios e inflación;precios_e_inflacion;Deflactor;deflactor;NY.GDP.DEFL.KD.ZG;Inflación medida por el deflactor del PIB;13.6316657569901;Banco Mundial - World Development Indicators;2026-08-31;
Venezuela;Venezuela, RB;VE;VEN;Latin America & Caribbean;Not classified;1982;Precios e inflación;precios_e_inflacion;Deflactor;deflactor;NY.GDP.DEFL.KD.ZG;Inflación medida por el deflactor del PIB;-0.42040040122437;Banco Mundial - World Development Indicators;2026-08-31;
Venezuela;Venezuela, RB;VE;VEN;Latin America & Caribbean;Not classified;1983;Precios e inflación;precios_e_inflacion;Deflactor;deflactor;NY.GDP.DEFL.KD.ZG;Inflación medida por el deflactor del PIB;10.3947543511296;Banco Mundial - World Development Indicators;2026-08-31;
Venezuela;Venezuela, RB;VE;VEN;Latin America & Caribbean;Not classified;1984;Precios e inflación;precios_e_inflacion;Deflactor;deflactor;NY.GDP.DEFL.KD.ZG;Inflación medida por el deflactor del PIB;37.4952567752211;Banco Mundial - World Development Indicators;2026-08-31;
Venezuela;Venezuela, RB;VE;VEN;Latin America & Caribbean;Not classified;1985;Precios e inflación;precios_e_inflacion;Deflactor;deflactor;NY.GDP.DEFL.KD.ZG;Inflación medida por el deflactor del PIB;9.91291286624789;Banco Mundial - World Development Indicators;2026-08-31;
Venezuela;Venezuela, RB;VE;VEN;Latin America & Caribbean;Not classified;1986;Precios e inflación;precios_e_inflacion;Deflactor;deflactor;NY.GDP.DEFL.KD.ZG;Inflación medida por el deflactor del PIB;-0.87769844706564;Banco Mundial - World Development Indicators;2026-08-31;
Venezuela;Venezuela, RB;VE;VEN;Latin America & Caribbean;Not classified;1987;Precios e inflación;precios_e_inflacion;Deflactor;deflactor;NY.GDP.DEFL.KD.ZG;Inflación medida por el deflactor del PIB;35.7068476087747;Banco Mundial - World Development Indicators;2026-08-31;
Venezuela;Venezuela, RB;VE;VEN;Latin America & Caribbean;Not classified;1988;Precios e inflación;precios_e_inflacion;Deflactor;deflactor;NY.GDP.DEFL.KD.ZG;Inflación medida por el deflactor del PIB;17.8169755565469;Banco Mundial - World Development Indicators;2026-08-31;
Venezuela;Venezuela, RB;VE;VEN;Latin America & Caribbean;Not classified;1989;Precios e inflación;precios_e_inflacion;Deflactor;deflactor;NY.GDP.DEFL.KD.ZG;Inflación medida por el deflactor del PIB;101.132755331824;Banco Mundial - World Development Indicators;2026-08-31;
Venezuela;Venezuela, RB;VE;VEN;Latin America & Caribbean;Not classified;1990;Precios e inflación;precios_e_inflacion;Deflactor;deflactor;NY.GDP.DEFL.KD.ZG;Inflación medida por el deflactor del PIB;41.4201088785186;Banco Mundial - World Development Indicators;2026-08-31;
Venezuela;Venezuela, RB;VE;VEN;Latin America & Caribbean;Not classified;1991;Precios e inflación;precios_e_inflacion;Deflactor;deflactor;NY.GDP.DEFL.KD.ZG;Inflación medida por el deflactor del PIB;21.6148097546419;Banco Mundial - World Development Indicators;2026-08-31;
Venezuela;Venezuela, RB;VE;VEN;Latin America & Caribbean;Not classified;1992;Precios e inflación;precios_e_inflacion;Deflactor;deflactor;NY.GDP.DEFL.KD.ZG;Inflación medida por el deflactor del PIB;28.3039973319823;Banco Mundial - World Development Indicators;2026-08-31;
Venezuela;Venezuela, RB;VE;VEN;Latin America & Caribbean;Not classified;1993;Precios e inflación;precios_e_inflacion;Deflactor;deflactor;NY.GDP.DEFL.KD.ZG;Inflación medida por el deflactor del PIB;31.6690080487957;Banco Mundial - World Development Indicators;2026-08-31;
Venezuela;Venezuela, RB;VE;VEN;Latin America & Caribbean;Not classified;1994;Precios e inflación;precios_e_inflacion;Deflactor;deflactor;NY.GDP.DEFL.KD.ZG;Inflación medida por el deflactor del PIB;62.8308497602543;Banco Mundial - World Development Indicators;2026-08-31;
Venezuela;Venezuela, RB;VE;VEN;Latin America & Caribbean;Not classified;1995;Precios e inflación;precios_e_inflacion;Deflactor;deflactor;NY.GDP.DEFL.KD.ZG;Inflación medida por el deflactor del PIB;51.7661713803863;Banco Mundial - World Development Indicators;2026-08-31;
Venezuela;Venezuela, RB;VE;VEN;Latin America & Caribbean;Not classified;1996;Precios e inflación;precios_e_inflacion;Deflactor;deflactor;NY.GDP.DEFL.KD.ZG;Inflación medida por el deflactor del PIB;115.644264591004;Banco Mundial - World Development Indicators;2026-08-31;
Venezuela;Venezuela, RB;VE;VEN;Latin America & Caribbean;Not classified;1997;Precios e inflación;precios_e_inflacion;Deflactor;deflactor;NY.GDP.DEFL.KD.ZG;Inflación medida por el deflactor del PIB;33.9798981387027;Banco Mundial - World Development Indicators;2026-08-31;
Venezuela;Venezuela, RB;VE;VEN;Latin America & Caribbean;Not classified;1998;Precios e inflación;precios_e_inflacion;Deflactor;deflactor;NY.GDP.DEFL.KD.ZG;Inflación medida por el deflactor del PIB;18.6734294422431;Banco Mundial - World Development Indicators;2026-08-31;
Venezuela;Venezuela, RB;VE;VEN;Latin America & Caribbean;Not classified;1999;Precios e inflación;precios_e_inflacion;Deflactor;deflactor;NY.GDP.DEFL.KD.ZG;Inflación medida por el deflactor del PIB;26.1494894419132;Banco Mundial - World Development Indicators;2026-08-31;
Venezuela;Venezuela, RB;VE;VEN;Latin America & Caribbean;Not classified;2000;Precios e inflación;precios_e_inflacion;Deflactor;deflactor;NY.GDP.DEFL.KD.ZG;Inflación medida por el deflactor del PIB;29.6423626437172;Banco Mundial - World Development Indicators;2026-08-31;
Venezuela;Venezuela, RB;VE;VEN;Latin America & Caribbean;Not classified;2001;Precios e inflación;precios_e_inflacion;Deflactor;deflactor;NY.GDP.DEFL.KD.ZG;Inflación medida por el deflactor del PIB;7.97560218698187;Banco Mundial - World Development Indicators;2026-08-31;
Venezuela;Venezuela, RB;VE;VEN;Latin America & Caribbean;Not classified;2002;Precios e inflación;precios_e_inflacion;Deflactor;deflactor;NY.GDP.DEFL.KD.ZG;Inflación medida por el deflactor del PIB;32.8345319182831;Banco Mundial - World Development Indicators;2026-08-31;
Venezuela;Venezuela, RB;VE;VEN;Latin America & Caribbean;Not classified;2003;Precios e inflación;precios_e_inflacion;Deflactor;deflactor;NY.GDP.DEFL.KD.ZG;Inflación medida por el deflactor del PIB;34.9288379544342;Banco Mundial - World Development Indicators;2026-08-31;
Venezuela;Venezuela, RB;VE;VEN;Latin America & Caribbean;Not classified;2004;Precios e inflación;precios_e_inflacion;Deflactor;deflactor;NY.GDP.DEFL.KD.ZG;Inflación medida por el deflactor del PIB;34.0436148677513;Banco Mundial - World Development Indicators;2026-08-31;
Venezuela;Venezuela, RB;VE;VEN;Latin America & Caribbean;Not classified;2005;Precios e inflación;precios_e_inflacion;Deflactor;deflactor;NY.GDP.DEFL.KD.ZG;Inflación medida por el deflactor del PIB;29.75501219662;Banco Mundial - World Development Indicators;2026-08-31;
Venezuela;Venezuela, RB;VE;VEN;Latin America & Caribbean;Not classified;2006;Precios e inflación;precios_e_inflacion;Deflactor;deflactor;NY.GDP.DEFL.KD.ZG;Inflación medida por el deflactor del PIB;17.882509793009;Banco Mundial - World Development Indicators;2026-08-31;
Venezuela;Venezuela, RB;VE;VEN;Latin America & Caribbean;Not classified;2007;Precios e inflación;precios_e_inflacion;Deflactor;deflactor;NY.GDP.DEFL.KD.ZG;Inflación medida por el deflactor del PIB;15.3925782088896;Banco Mundial - World Development Indicators;2026-08-31;
Venezuela;Venezuela, RB;VE;VEN;Latin America & Caribbean;Not classified;2008;Precios e inflación;precios_e_inflacion;Deflactor;deflactor;NY.GDP.DEFL.KD.ZG;Inflación medida por el deflactor del PIB;30.2091684768406;Banco Mundial - World Development Indicators;2026-08-31;
Venezuela;Venezuela, RB;VE;VEN;Latin America & Caribbean;Not classified;2009;Precios e inflación;precios_e_inflacion;Deflactor;deflactor;NY.GDP.DEFL.KD.ZG;Inflación medida por el deflactor del PIB;7.69217544074034;Banco Mundial - World Development Indicators;2026-08-31;
Venezuela;Venezuela, RB;VE;VEN;Latin America & Caribbean;Not classified;2010;Precios e inflación;precios_e_inflacion;Deflactor;deflactor;NY.GDP.DEFL.KD.ZG;Inflación medida por el deflactor del PIB;46.0893567618569;Banco Mundial - World Development Indicators;2026-08-31;
Venezuela;Venezuela, RB;VE;VEN;Latin America & Caribbean;Not classified;2011;Precios e inflación;precios_e_inflacion;Deflactor;deflactor;NY.GDP.DEFL.KD.ZG;Inflación medida por el deflactor del PIB;28.2163432253321;Banco Mundial - World Development Indicators;2026-08-31;
Venezuela;Venezuela, RB;VE;VEN;Latin America & Caribbean;Not classified;2012;Precios e inflación;precios_e_inflacion;Deflactor;deflactor;NY.GDP.DEFL.KD.ZG;Inflación medida por el deflactor del PIB;20.5919077245585;Banco Mundial - World Development Indicators;2026-08-31;
Venezuela;Venezuela, RB;VE;VEN;Latin America & Caribbean;Not classified;2013;Precios e inflación;precios_e_inflacion;Deflactor;deflactor;NY.GDP.DEFL.KD.ZG;Inflación medida por el deflactor del PIB;39.2264371875174;Banco Mundial - World Development Indicators;2026-08-31;
Venezuela;Venezuela, RB;VE;VEN;Latin America & Caribbean;Not classified;2014;Precios e inflación;precios_e_inflacion;Deflactor;deflactor;NY.GDP.DEFL.KD.ZG;Inflación medida por el deflactor del PIB;105.042765502495;Banco Mundial - World Development Indicators;2026-08-31;
Venezuela;Venezuela, RB;VE;VEN;Latin America & Caribbean;Not classified;2015;Precios e inflación;precios_e_inflacion;Deflactor;deflactor;NY.GDP.DEFL.KD.ZG;Inflación medida por el deflactor del PIB;134.908705496941;Banco Mundial - World Development Indicators;2026-08-31;
Venezuela;Venezuela, RB;VE;VEN;Latin America & Caribbean;Not classified;2016;Precios e inflación;precios_e_inflacion;Deflactor;deflactor;NY.GDP.DEFL.KD.ZG;Inflación medida por el deflactor del PIB;308.600121728545;Banco Mundial - World Development Indicators;2026-08-31;
Venezuela;Venezuela, RB;VE;VEN;Latin America & Caribbean;Not classified;2017;Precios e inflación;precios_e_inflacion;Deflactor;deflactor;NY.GDP.DEFL.KD.ZG;Inflación medida por el deflactor del PIB;1049.87777840941;Banco Mundial - World Development Indicators;2026-08-31;
Venezuela;Venezuela, RB;VE;VEN;Latin America & Caribbean;Not classified;2018;Precios e inflación;precios_e_inflacion;Deflactor;deflactor;NY.GDP.DEFL.KD.ZG;Inflación medida por el deflactor del PIB;225652.234993614;Banco Mundial - World Development Indicators;2026-08-31;
Venezuela;Venezuela, RB;VE;VEN;Latin America & Caribbean;Not classified;2019;Precios e inflación;precios_e_inflacion;Deflactor;deflactor;NY.GDP.DEFL.KD.ZG;Inflación medida por el deflactor del PIB;21909.3426680117;Banco Mundial - World Development Indicators;2026-08-31;
Venezuela;Venezuela, RB;VE;VEN;Latin America & Caribbean;Not classified;2020;Precios e inflación;precios_e_inflacion;Deflactor;deflactor;NY.GDP.DEFL.KD.ZG;Inflación medida por el deflactor del PIB;1885.46577647144;Banco Mundial - World Development Indicators;2026-08-31;
Venezuela;Venezuela, RB;VE;VEN;Latin America & Caribbean;Not classified;2021;Precios e inflación;precios_e_inflacion;Deflactor;deflactor;NY.GDP.DEFL.KD.ZG;Inflación medida por el deflactor del PIB;1212.84660038412;Banco Mundial - World Development Indicators;2026-08-31;
Venezuela;Venezuela, RB;VE;VEN;Latin America & Caribbean;Not classified;2022;Precios e inflación;precios_e_inflacion;Deflactor;deflactor;NY.GDP.DEFL.KD.ZG;Inflación medida por el deflactor del PIB;210.806068385812;Banco Mundial - World Development Indicators;2026-08-31;
Venezuela;Venezuela, RB;VE;VEN;Latin America & Caribbean;Not classified;2023;Precios e inflación;precios_e_inflacion;Deflactor;deflactor;NY.GDP.DEFL.KD.ZG;Inflación medida por el deflactor del PIB;367.798078256365;Banco Mundial - World Development Indicators;2026-08-31;
Venezuela;Venezuela, RB;VE;VEN;Latin America & Caribbean;Not classified;2024;Precios e inflación;precios_e_inflacion;Deflactor;deflactor;NY.GDP.DEFL.KD.ZG;Inflación medida por el deflactor del PIB;55.4481074808972;Banco Mundial - World Development Indicators;2026-08-31;
Venezuela;Venezuela, RB;VE;VEN;Latin America & Caribbean;Not classified;2025;Precios e inflación;precios_e_inflacion;Deflactor;deflactor;NY.GDP.DEFL.KD.ZG;Inflación medida por el deflactor del PIB;227.093064600296;Banco Mundial - World Development Indicators;2026-08-31;
Venezuela;Venezuela, RB;VE;VEN;Latin America & Caribbean;Not classified;1960;Precios e inflación;precios_e_inflacion;Tipo de cambio;tipo_de_cambio;PA.NUS.FCRF;Tipo de cambio oficial moneda local por dólar;0.00334958333233334;Banco Mundial - World Development Indicators;2026-08-31;
Venezuela;Venezuela, RB;VE;VEN;Latin America & Caribbean;Not classified;1961;Precios e inflación;precios_e_inflacion;Tipo de cambio;tipo_de_cambio;PA.NUS.FCRF;Tipo de cambio oficial moneda local por dólar;0.00334983333233333;Banco Mundial - World Development Indicators;2026-08-31;
Venezuela;Venezuela, RB;VE;VEN;Latin America & Caribbean;Not classified;1962;Precios e inflación;precios_e_inflacion;Tipo de cambio;tipo_de_cambio;PA.NUS.FCRF;Tipo de cambio oficial moneda local por dólar;0.00334966666566667;Banco Mundial - World Development Indicators;2026-08-31;
Venezuela;Venezuela, RB;VE;VEN;Latin America & Caribbean;Not classified;1963;Precios e inflación;precios_e_inflacion;Tipo de cambio;tipo_de_cambio;PA.NUS.FCRF;Tipo de cambio oficial moneda local por dólar;0.00334966666566666;Banco Mundial - World Development Indicators;2026-08-31;
Venezuela;Venezuela, RB;VE;VEN;Latin America & Caribbean;Not classified;1964;Precios e inflación;precios_e_inflacion;Tipo de cambio;tipo_de_cambio;PA.NUS.FCRF;Tipo de cambio oficial moneda local por dólar;0.00435;Banco Mundial - World Development Indicators;2026-08-31;
Venezuela;Venezuela, RB;VE;VEN;Latin America & Caribbean;Not classified;1965;Precios e inflación;precios_e_inflacion;Tipo de cambio;tipo_de_cambio;PA.NUS.FCRF;Tipo de cambio oficial moneda local por dólar;0.0044;Banco Mundial - World Development Indicators;2026-08-31;
Venezuela;Venezuela, RB;VE;VEN;Latin America & Caribbean;Not classified;1966;Precios e inflación;precios_e_inflacion;Tipo de cambio;tipo_de_cambio;PA.NUS.FCRF;Tipo de cambio oficial moneda local por dólar;0.0044;Banco Mundial - World Development Indicators;2026-08-31;
Venezuela;Venezuela, RB;VE;VEN;Latin America & Caribbean;Not classified;1967;Precios e inflación;precios_e_inflacion;Tipo de cambio;tipo_de_cambio;PA.NUS.FCRF;Tipo de cambio oficial moneda local por dólar;0.0044;Banco Mundial - World Development Indicators;2026-08-31;
Venezuela;Venezuela, RB;VE;VEN;Latin America & Caribbean;Not classified;1968;Precios e inflación;precios_e_inflacion;Tipo de cambio;tipo_de_cambio;PA.NUS.FCRF;Tipo de cambio oficial moneda local por dólar;0.0044;Banco Mundial - World Development Indicators;2026-08-31;
Venezuela;Venezuela, RB;VE;VEN;Latin America & Caribbean;Not classified;1969;Precios e inflación;precios_e_inflacion;Tipo de cambio;tipo_de_cambio;PA.NUS.FCRF;Tipo de cambio oficial moneda local por dólar;0.0044;Banco Mundial - World Development Indicators;2026-08-31;
Venezuela;Venezuela, RB;VE;VEN;Latin America & Caribbean;Not classified;1970;Precios e inflación;precios_e_inflacion;Tipo de cambio;tipo_de_cambio;PA.NUS.FCRF;Tipo de cambio oficial moneda local por dólar;0.0044;Banco Mundial - World Development Indicators;2026-08-31;
Venezuela;Venezuela, RB;VE;VEN;Latin America & Caribbean;Not classified;1971;Precios e inflación;precios_e_inflacion;Tipo de cambio;tipo_de_cambio;PA.NUS.FCRF;Tipo de cambio oficial moneda local por dólar;0.0044;Banco Mundial - World Development Indicators;2026-08-31;
Venezuela;Venezuela, RB;VE;VEN;Latin America & Caribbean;Not classified;1972;Precios e inflación;precios_e_inflacion;Tipo de cambio;tipo_de_cambio;PA.NUS.FCRF;Tipo de cambio oficial moneda local por dólar;0.0043;Banco Mundial - World Development Indicators;2026-08-31;
Venezuela;Venezuela, RB;VE;VEN;Latin America & Caribbean;Not classified;1973;Precios e inflación;precios_e_inflacion;Tipo de cambio;tipo_de_cambio;PA.NUS.FCRF;Tipo de cambio oficial moneda local por dólar;0.0043;Banco Mundial - World Development Indicators;2026-08-31;
Venezuela;Venezuela, RB;VE;VEN;Latin America & Caribbean;Not classified;1974;Precios e inflación;precios_e_inflacion;Tipo de cambio;tipo_de_cambio;PA.NUS.FCRF;Tipo de cambio oficial moneda local por dólar;0.0043;Banco Mundial - World Development Indicators;2026-08-31;
Venezuela;Venezuela, RB;VE;VEN;Latin America & Caribbean;Not classified;1975;Precios e inflación;precios_e_inflacion;Tipo de cambio;tipo_de_cambio;PA.NUS.FCRF;Tipo de cambio oficial moneda local por dólar;0.0043;Banco Mundial - World Development Indicators;2026-08-31;
Venezuela;Venezuela, RB;VE;VEN;Latin America & Caribbean;Not classified;1976;Precios e inflación;precios_e_inflacion;Tipo de cambio;tipo_de_cambio;PA.NUS.FCRF;Tipo de cambio oficial moneda local por dólar;0.0043;Banco Mundial - World Development Indicators;2026-08-31;
Venezuela;Venezuela, RB;VE;VEN;Latin America & Caribbean;Not classified;1977;Precios e inflación;precios_e_inflacion;Tipo de cambio;tipo_de_cambio;PA.NUS.FCRF;Tipo de cambio oficial moneda local por dólar;0.0043;Banco Mundial - World Development Indicators;2026-08-31;
Venezuela;Venezuela, RB;VE;VEN;Latin America & Caribbean;Not classified;1978;Precios e inflación;precios_e_inflacion;Tipo de cambio;tipo_de_cambio;PA.NUS.FCRF;Tipo de cambio oficial moneda local por dólar;0.0043;Banco Mundial - World Development Indicators;2026-08-31;
Venezuela;Venezuela, RB;VE;VEN;Latin America & Caribbean;Not classified;1979;Precios e inflación;precios_e_inflacion;Tipo de cambio;tipo_de_cambio;PA.NUS.FCRF;Tipo de cambio oficial moneda local por dólar;0.0043;Banco Mundial - World Development Indicators;2026-08-31;
Venezuela;Venezuela, RB;VE;VEN;Latin America & Caribbean;Not classified;1980;Precios e inflación;precios_e_inflacion;Tipo de cambio;tipo_de_cambio;PA.NUS.FCRF;Tipo de cambio oficial moneda local por dólar;0.0043;Banco Mundial - World Development Indicators;2026-08-31;
Venezuela;Venezuela, RB;VE;VEN;Latin America & Caribbean;Not classified;1981;Precios e inflación;precios_e_inflacion;Tipo de cambio;tipo_de_cambio;PA.NUS.FCRF;Tipo de cambio oficial moneda local por dólar;0.0043;Banco Mundial - World Development Indicators;2026-08-31;
Venezuela;Venezuela, RB;VE;VEN;Latin America & Caribbean;Not classified;1982;Precios e inflación;precios_e_inflacion;Tipo de cambio;tipo_de_cambio;PA.NUS.FCRF;Tipo de cambio oficial moneda local por dólar;0.0043;Banco Mundial - World Development Indicators;2026-08-31;
Venezuela;Venezuela, RB;VE;VEN;Latin America & Caribbean;Not classified;1983;Precios e inflación;precios_e_inflacion;Tipo de cambio;tipo_de_cambio;PA.NUS.FCRF;Tipo de cambio oficial moneda local por dólar;0.0043;Banco Mundial - World Development Indicators;2026-08-31;
Venezuela;Venezuela, RB;VE;VEN;Latin America & Caribbean;Not classified;1984;Precios e inflación;precios_e_inflacion;Tipo de cambio;tipo_de_cambio;PA.NUS.FCRF;Tipo de cambio oficial moneda local por dólar;0.00701666666666667;Banco Mundial - World Development Indicators;2026-08-31;
Venezuela;Venezuela, RB;VE;VEN;Latin America & Caribbean;Not classified;1985;Precios e inflación;precios_e_inflacion;Tipo de cambio;tipo_de_cambio;PA.NUS.FCRF;Tipo de cambio oficial moneda local por dólar;0.0075;Banco Mundial - World Development Indicators;2026-08-31;
Venezuela;Venezuela, RB;VE;VEN;Latin America & Caribbean;Not classified;1986;Precios e inflación;precios_e_inflacion;Tipo de cambio;tipo_de_cambio;PA.NUS.FCRF;Tipo de cambio oficial moneda local por dólar;0.00808333333333333;Banco Mundial - World Development Indicators;2026-08-31;
Venezuela;Venezuela, RB;VE;VEN;Latin America & Caribbean;Not classified;1987;Precios e inflación;precios_e_inflacion;Tipo de cambio;tipo_de_cambio;PA.NUS.FCRF;Tipo de cambio oficial moneda local por dólar;0.0145;Banco Mundial - World Development Indicators;2026-08-31;
Venezuela;Venezuela, RB;VE;VEN;Latin America & Caribbean;Not classified;1988;Precios e inflación;precios_e_inflacion;Tipo de cambio;tipo_de_cambio;PA.NUS.FCRF;Tipo de cambio oficial moneda local por dólar;0.0145;Banco Mundial - World Development Indicators;2026-08-31;
Venezuela;Venezuela, RB;VE;VEN;Latin America & Caribbean;Not classified;1989;Precios e inflación;precios_e_inflacion;Tipo de cambio;tipo_de_cambio;PA.NUS.FCRF;Tipo de cambio oficial moneda local por dólar;0.0346916666666667;Banco Mundial - World Development Indicators;2026-08-31;
Venezuela;Venezuela, RB;VE;VEN;Latin America & Caribbean;Not classified;1990;Precios e inflación;precios_e_inflacion;Tipo de cambio;tipo_de_cambio;PA.NUS.FCRF;Tipo de cambio oficial moneda local por dólar;0.0468916666666667;Banco Mundial - World Development Indicators;2026-08-31;
Venezuela;Venezuela, RB;VE;VEN;Latin America & Caribbean;Not classified;1991;Precios e inflación;precios_e_inflacion;Tipo de cambio;tipo_de_cambio;PA.NUS.FCRF;Tipo de cambio oficial moneda local por dólar;0.056825;Banco Mundial - World Development Indicators;2026-08-31;
Venezuela;Venezuela, RB;VE;VEN;Latin America & Caribbean;Not classified;1992;Precios e inflación;precios_e_inflacion;Tipo de cambio;tipo_de_cambio;PA.NUS.FCRF;Tipo de cambio oficial moneda local por dólar;0.0683833333333333;Banco Mundial - World Development Indicators;2026-08-31;
Venezuela;Venezuela, RB;VE;VEN;Latin America & Caribbean;Not classified;1993;Precios e inflación;precios_e_inflacion;Tipo de cambio;tipo_de_cambio;PA.NUS.FCRF;Tipo de cambio oficial moneda local por dólar;0.0908416666666667;Banco Mundial - World Development Indicators;2026-08-31;
Venezuela;Venezuela, RB;VE;VEN;Latin America & Caribbean;Not classified;1994;Precios e inflación;precios_e_inflacion;Tipo de cambio;tipo_de_cambio;PA.NUS.FCRF;Tipo de cambio oficial moneda local por dólar;0.146858333333333;Banco Mundial - World Development Indicators;2026-08-31;
Venezuela;Venezuela, RB;VE;VEN;Latin America & Caribbean;Not classified;1995;Precios e inflación;precios_e_inflacion;Tipo de cambio;tipo_de_cambio;PA.NUS.FCRF;Tipo de cambio oficial moneda local por dólar;0.176841666666667;Banco Mundial - World Development Indicators;2026-08-31;
Venezuela;Venezuela, RB;VE;VEN;Latin America & Caribbean;Not classified;1996;Precios e inflación;precios_e_inflacion;Tipo de cambio;tipo_de_cambio;PA.NUS.FCRF;Tipo de cambio oficial moneda local por dólar;0.41735;Banco Mundial - World Development Indicators;2026-08-31;
Venezuela;Venezuela, RB;VE;VEN;Latin America & Caribbean;Not classified;1997;Precios e inflación;precios_e_inflacion;Tipo de cambio;tipo_de_cambio;PA.NUS.FCRF;Tipo de cambio oficial moneda local por dólar;0.488633333333333;Banco Mundial - World Development Indicators;2026-08-31;
Venezuela;Venezuela, RB;VE;VEN;Latin America & Caribbean;Not classified;1998;Precios e inflación;precios_e_inflacion;Tipo de cambio;tipo_de_cambio;PA.NUS.FCRF;Tipo de cambio oficial moneda local por dólar;0.547566666666667;Banco Mundial - World Development Indicators;2026-08-31;
Venezuela;Venezuela, RB;VE;VEN;Latin America & Caribbean;Not classified;1999;Precios e inflación;precios_e_inflacion;Tipo de cambio;tipo_de_cambio;PA.NUS.FCRF;Tipo de cambio oficial moneda local por dólar;0.605725;Banco Mundial - World Development Indicators;2026-08-31;
Venezuela;Venezuela, RB;VE;VEN;Latin America & Caribbean;Not classified;2000;Precios e inflación;precios_e_inflacion;Tipo de cambio;tipo_de_cambio;PA.NUS.FCRF;Tipo de cambio oficial moneda local por dólar;0.679966666666667;Banco Mundial - World Development Indicators;2026-08-31;
Venezuela;Venezuela, RB;VE;VEN;Latin America & Caribbean;Not classified;2001;Precios e inflación;precios_e_inflacion;Tipo de cambio;tipo_de_cambio;PA.NUS.FCRF;Tipo de cambio oficial moneda local por dólar;0.723658333333334;Banco Mundial - World Development Indicators;2026-08-31;
Venezuela;Venezuela, RB;VE;VEN;Latin America & Caribbean;Not classified;2002;Precios e inflación;precios_e_inflacion;Tipo de cambio;tipo_de_cambio;PA.NUS.FCRF;Tipo de cambio oficial moneda local por dólar;1.16095;Banco Mundial - World Development Indicators;2026-08-31;
Venezuela;Venezuela, RB;VE;VEN;Latin America & Caribbean;Not classified;2003;Precios e inflación;precios_e_inflacion;Tipo de cambio;tipo_de_cambio;PA.NUS.FCRF;Tipo de cambio oficial moneda local por dólar;1.60695833333333;Banco Mundial - World Development Indicators;2026-08-31;
Venezuela;Venezuela, RB;VE;VEN;Latin America & Caribbean;Not classified;2004;Precios e inflación;precios_e_inflacion;Tipo de cambio;tipo_de_cambio;PA.NUS.FCRF;Tipo de cambio oficial moneda local por dólar;1.89133333333333;Banco Mundial - World Development Indicators;2026-08-31;
Venezuela;Venezuela, RB;VE;VEN;Latin America & Caribbean;Not classified;2005;Precios e inflación;precios_e_inflacion;Tipo de cambio;tipo_de_cambio;PA.NUS.FCRF;Tipo de cambio oficial moneda local por dólar;2.08975;Banco Mundial - World Development Indicators;2026-08-31;
Venezuela;Venezuela, RB;VE;VEN;Latin America & Caribbean;Not classified;2006;Precios e inflación;precios_e_inflacion;Tipo de cambio;tipo_de_cambio;PA.NUS.FCRF;Tipo de cambio oficial moneda local por dólar;2.147;Banco Mundial - World Development Indicators;2026-08-31;
Venezuela;Venezuela, RB;VE;VEN;Latin America & Caribbean;Not classified;2007;Precios e inflación;precios_e_inflacion;Tipo de cambio;tipo_de_cambio;PA.NUS.FCRF;Tipo de cambio oficial moneda local por dólar;2.147;Banco Mundial - World Development Indicators;2026-08-31;
Venezuela;Venezuela, RB;VE;VEN;Latin America & Caribbean;Not classified;2008;Precios e inflación;precios_e_inflacion;Tipo de cambio;tipo_de_cambio;PA.NUS.FCRF;Tipo de cambio oficial moneda local por dólar;2.147;Banco Mundial - World Development Indicators;2026-08-31;
Venezuela;Venezuela, RB;VE;VEN;Latin America & Caribbean;Not classified;2009;Precios e inflación;precios_e_inflacion;Tipo de cambio;tipo_de_cambio;PA.NUS.FCRF;Tipo de cambio oficial moneda local por dólar;2.147;Banco Mundial - World Development Indicators;2026-08-31;
Venezuela;Venezuela, RB;VE;VEN;Latin America & Caribbean;Not classified;2010;Precios e inflación;precios_e_inflacion;Tipo de cambio;tipo_de_cambio;PA.NUS.FCRF;Tipo de cambio oficial moneda local por dólar;2.58206031746032;Banco Mundial - World Development Indicators;2026-08-31;
Venezuela;Venezuela, RB;VE;VEN;Latin America & Caribbean;Not classified;2011;Precios e inflación;precios_e_inflacion;Tipo de cambio;tipo_de_cambio;PA.NUS.FCRF;Tipo de cambio oficial moneda local por dólar;4.2893;Banco Mundial - World Development Indicators;2026-08-31;
Venezuela;Venezuela, RB;VE;VEN;Latin America & Caribbean;Not classified;2012;Precios e inflación;precios_e_inflacion;Tipo de cambio;tipo_de_cambio;PA.NUS.FCRF;Tipo de cambio oficial moneda local por dólar;4.2893;Banco Mundial - World Development Indicators;2026-08-31;
Venezuela;Venezuela, RB;VE;VEN;Latin America & Caribbean;Not classified;2013;Precios e inflación;precios_e_inflacion;Tipo de cambio;tipo_de_cambio;PA.NUS.FCRF;Tipo de cambio oficial moneda local por dólar;6.04796184166667;Banco Mundial - World Development Indicators;2026-08-31;
Venezuela;Venezuela, RB;VE;VEN;Latin America & Caribbean;Not classified;2014;Precios e inflación;precios_e_inflacion;Tipo de cambio;tipo_de_cambio;PA.NUS.FCRF;Tipo de cambio oficial moneda local por dólar;6.2842;Banco Mundial - World Development Indicators;2026-08-31;
Venezuela;Venezuela, RB;VE;VEN;Latin America & Caribbean;Not classified;2015;Precios e inflación;precios_e_inflacion;Tipo de cambio;tipo_de_cambio;PA.NUS.FCRF;Tipo de cambio oficial moneda local por dólar;6.2842;Banco Mundial - World Development Indicators;2026-08-31;
Venezuela;Venezuela, RB;VE;VEN;Latin America & Caribbean;Not classified;2016;Precios e inflación;precios_e_inflacion;Tipo de cambio;tipo_de_cambio;PA.NUS.FCRF;Tipo de cambio oficial moneda local por dólar;9.25734444444167;Banco Mundial - World Development Indicators;2026-08-31;
Venezuela;Venezuela, RB;VE;VEN;Latin America & Caribbean;Not classified;2017;Precios e inflación;precios_e_inflacion;Tipo de cambio;tipo_de_cambio;PA.NUS.FCRF;Tipo de cambio oficial moneda local por dólar;9.975;Banco Mundial - World Development Indicators;2026-08-31;
Venezuela;Venezuela, RB;VE;VEN;Latin America & Caribbean;Not classified;2018;Precios e inflación;precios_e_inflacion;Tipo de cambio;tipo_de_cambio;PA.NUS.FCRF;Tipo de cambio oficial moneda local por dólar;;Banco Mundial - World Development Indicators;2026-08-31;
Venezuela;Venezuela, RB;VE;VEN;Latin America & Caribbean;Not classified;2019;Precios e inflación;precios_e_inflacion;Tipo de cambio;tipo_de_cambio;PA.NUS.FCRF;Tipo de cambio oficial moneda local por dólar;;Banco Mundial - World Development Indicators;2026-08-31;
Venezuela;Venezuela, RB;VE;VEN;Latin America & Caribbean;Not classified;2020;Precios e inflación;precios_e_inflacion;Tipo de cambio;tipo_de_cambio;PA.NUS.FCRF;Tipo de cambio oficial moneda local por dólar;;Banco Mundial - World Development Indicators;2026-08-31;
Venezuela;Venezuela, RB;VE;VEN;Latin America & Caribbean;Not classified;2021;Precios e inflación;precios_e_inflacion;Tipo de cambio;tipo_de_cambio;PA.NUS.FCRF;Tipo de cambio oficial moneda local por dólar;;Banco Mundial - World Development Indicators;2026-08-31;
Venezuela;Venezuela, RB;VE;VEN;Latin America & Caribbean;Not classified;2022;Precios e inflación;precios_e_inflacion;Tipo de cambio;tipo_de_cambio;PA.NUS.FCRF;Tipo de cambio oficial moneda local por dólar;;Banco Mundial - World Development Indicators;2026-08-31;
Venezuela;Venezuela, RB;VE;VEN;Latin America & Caribbean;Not classified;2023;Precios e inflación;precios_e_inflacion;Tipo de cambio;tipo_de_cambio;PA.NUS.FCRF;Tipo de cambio oficial moneda local por dólar;;Banco Mundial - World Development Indicators;2026-08-31;
Venezuela;Venezuela, RB;VE;VEN;Latin America & Caribbean;Not classified;2024;Precios e inflación;precios_e_inflacion;Tipo de cambio;tipo_de_cambio;PA.NUS.FCRF;Tipo de cambio oficial moneda local por dólar;;Banco Mundial - World Development Indicators;2026-08-31;
Venezuela;Venezuela, RB;VE;VEN;Latin America & Caribbean;Not classified;2025;Precios e inflación;precios_e_inflacion;Tipo de cambio;tipo_de_cambio;PA.NUS.FCRF;Tipo de cambio oficial moneda local por dólar;;Banco Mundial - World Development Indicators;2026-08-31;
