País OVE;País Banco Mundial;Código ISO 2;Código ISO 3;Región;Nivel de ingreso;Año;Área temática;ID área;Subárea;ID subárea;Código indicador;Indicador;Valor;Fuente;Fecha descarga;Error descarga
Venezuela;Venezuela, RB;VE;VEN;Latin America & Caribbean;Not classified;1960;Macroeconomía;macroeconomia;Demanda agregada;demanda_agregada;NE.CON.TOTL.ZS;Consumo final como porcentaje del PIB;76.1801254333684;Banco Mundial - World Development Indicators;2026-07-13;
Venezuela;Venezuela, RB;VE;VEN;Latin America & Caribbean;Not classified;1961;Macroeconomía;macroeconomia;Demanda agregada;demanda_agregada;NE.CON.TOTL.ZS;Consumo final como porcentaje del PIB;72.7512581409118;Banco Mundial - World Development Indicators;2026-07-13;
Venezuela;Venezuela, RB;VE;VEN;Latin America & Caribbean;Not classified;1962;Macroeconomía;macroeconomia;Demanda agregada;demanda_agregada;NE.CON.TOTL.ZS;Consumo final como porcentaje del PIB;72.9259949195597;Banco Mundial - World Development Indicators;2026-07-13;
Venezuela;Venezuela, RB;VE;VEN;Latin America & Caribbean;Not classified;1963;Macroeconomía;macroeconomia;Demanda agregada;demanda_agregada;NE.CON.TOTL.ZS;Consumo final como porcentaje del PIB;72.5001553470453;Banco Mundial - World Development Indicators;2026-07-13;
Venezuela;Venezuela, RB;VE;VEN;Latin America & Caribbean;Not classified;1964;Macroeconomía;macroeconomia;Demanda agregada;demanda_agregada;NE.CON.TOTL.ZS;Consumo final como porcentaje del PIB;72.0523613098746;Banco Mundial - World Development Indicators;2026-07-13;
Venezuela;Venezuela, RB;VE;VEN;Latin America & Caribbean;Not classified;1965;Macroeconomía;macroeconomia;Demanda agregada;demanda_agregada;NE.CON.TOTL.ZS;Consumo final como porcentaje del PIB;74.761502966381;Banco Mundial - World Development Indicators;2026-07-13;
Venezuela;Venezuela, RB;VE;VEN;Latin America & Caribbean;Not classified;1966;Macroeconomía;macroeconomia;Demanda agregada;demanda_agregada;NE.CON.TOTL.ZS;Consumo final como porcentaje del PIB;75.9143131895941;Banco Mundial - World Development Indicators;2026-07-13;
Venezuela;Venezuela, RB;VE;VEN;Latin America & Caribbean;Not classified;1967;Macroeconomía;macroeconomia;Demanda agregada;demanda_agregada;NE.CON.TOTL.ZS;Consumo final como porcentaje del PIB;75.3227627627627;Banco Mundial - World Development Indicators;2026-07-13;
Venezuela;Venezuela, RB;VE;VEN;Latin America & Caribbean;Not classified;1968;Macroeconomía;macroeconomia;Demanda agregada;demanda_agregada;NE.CON.TOTL.ZS;Consumo final como porcentaje del PIB;74.7919388772008;Banco Mundial - World Development Indicators;2026-07-13;
Venezuela;Venezuela, RB;VE;VEN;Latin America & Caribbean;Not classified;1969;Macroeconomía;macroeconomia;Demanda agregada;demanda_agregada;NE.CON.TOTL.ZS;Consumo final como porcentaje del PIB;76.1052654322321;Banco Mundial - World Development Indicators;2026-07-13;
Venezuela;Venezuela, RB;VE;VEN;Latin America & Caribbean;Not classified;1970;Macroeconomía;macroeconomia;Demanda agregada;demanda_agregada;NE.CON.TOTL.ZS;Consumo final como porcentaje del PIB;70.1235944257568;Banco Mundial - World Development Indicators;2026-07-13;
Venezuela;Venezuela, RB;VE;VEN;Latin America & Caribbean;Not classified;1971;Macroeconomía;macroeconomia;Demanda agregada;demanda_agregada;NE.CON.TOTL.ZS;Consumo final como porcentaje del PIB;70.1113036173676;Banco Mundial - World Development Indicators;2026-07-13;
Venezuela;Venezuela, RB;VE;VEN;Latin America & Caribbean;Not classified;1972;Macroeconomía;macroeconomia;Demanda agregada;demanda_agregada;NE.CON.TOTL.ZS;Consumo final como porcentaje del PIB;72.8496634255797;Banco Mundial - World Development Indicators;2026-07-13;
Venezuela;Venezuela, RB;VE;VEN;Latin America & Caribbean;Not classified;1973;Macroeconomía;macroeconomia;Demanda agregada;demanda_agregada;NE.CON.TOTL.ZS;Consumo final como porcentaje del PIB;69.3536100910543;Banco Mundial - World Development Indicators;2026-07-13;
Venezuela;Venezuela, RB;VE;VEN;Latin America & Caribbean;Not classified;1974;Macroeconomía;macroeconomia;Demanda agregada;demanda_agregada;NE.CON.TOTL.ZS;Consumo final como porcentaje del PIB;57.5953810788175;Banco Mundial - World Development Indicators;2026-07-13;
Venezuela;Venezuela, RB;VE;VEN;Latin America & Caribbean;Not classified;1975;Macroeconomía;macroeconomia;Demanda agregada;demanda_agregada;NE.CON.TOTL.ZS;Consumo final como porcentaje del PIB;68.7471422039323;Banco Mundial - World Development Indicators;2026-07-13;
Venezuela;Venezuela, RB;VE;VEN;Latin America & Caribbean;Not classified;1976;Macroeconomía;macroeconomia;Demanda agregada;demanda_agregada;NE.CON.TOTL.ZS;Consumo final como porcentaje del PIB;72.6997720274751;Banco Mundial - World Development Indicators;2026-07-13;
Venezuela;Venezuela, RB;VE;VEN;Latin America & Caribbean;Not classified;1977;Macroeconomía;macroeconomia;Demanda agregada;demanda_agregada;NE.CON.TOTL.ZS;Consumo final como porcentaje del PIB;74.3916740523808;Banco Mundial - World Development Indicators;2026-07-13;
Venezuela;Venezuela, RB;VE;VEN;Latin America & Caribbean;Not classified;1978;Macroeconomía;macroeconomia;Demanda agregada;demanda_agregada;NE.CON.TOTL.ZS;Consumo final como porcentaje del PIB;79.3909262983556;Banco Mundial - World Development Indicators;2026-07-13;
Venezuela;Venezuela, RB;VE;VEN;Latin America & Caribbean;Not classified;1979;Macroeconomía;macroeconomia;Demanda agregada;demanda_agregada;NE.CON.TOTL.ZS;Consumo final como porcentaje del PIB;75.4634465694604;Banco Mundial - World Development Indicators;2026-07-13;
Venezuela;Venezuela, RB;VE;VEN;Latin America & Caribbean;Not classified;1980;Macroeconomía;macroeconomia;Demanda agregada;demanda_agregada;NE.CON.TOTL.ZS;Consumo final como porcentaje del PIB;75.5646515946043;Banco Mundial - World Development Indicators;2026-07-13;
Venezuela;Venezuela, RB;VE;VEN;Latin America & Caribbean;Not classified;1981;Macroeconomía;macroeconomia;Demanda agregada;demanda_agregada;NE.CON.TOTL.ZS;Consumo final como porcentaje del PIB;80.2764999579255;Banco Mundial - World Development Indicators;2026-07-13;
Venezuela;Venezuela, RB;VE;VEN;Latin America & Caribbean;Not classified;1982;Macroeconomía;macroeconomia;Demanda agregada;demanda_agregada;NE.CON.TOTL.ZS;Consumo final como porcentaje del PIB;84.6861653185383;Banco Mundial - World Development Indicators;2026-07-13;
Venezuela;Venezuela, RB;VE;VEN;Latin America & Caribbean;Not classified;1983;Macroeconomía;macroeconomia;Demanda agregada;demanda_agregada;NE.CON.TOTL.ZS;Consumo final como porcentaje del PIB;92.4076050287099;Banco Mundial - World Development Indicators;2026-07-13;
Venezuela;Venezuela, RB;VE;VEN;Latin America & Caribbean;Not classified;1984;Macroeconomía;macroeconomia;Demanda agregada;demanda_agregada;NE.CON.TOTL.ZS;Consumo final como porcentaje del PIB;69.0253337523091;Banco Mundial - World Development Indicators;2026-07-13;
Venezuela;Venezuela, RB;VE;VEN;Latin America & Caribbean;Not classified;1985;Macroeconomía;macroeconomia;Demanda agregada;demanda_agregada;NE.CON.TOTL.ZS;Consumo final como porcentaje del PIB;69.9347593605901;Banco Mundial - World Development Indicators;2026-07-13;
Venezuela;Venezuela, RB;VE;VEN;Latin America & Caribbean;Not classified;1986;Macroeconomía;macroeconomia;Demanda agregada;demanda_agregada;NE.CON.TOTL.ZS;Consumo final como porcentaje del PIB;77.5100782546834;Banco Mundial - World Development Indicators;2026-07-13;
Venezuela;Venezuela, RB;VE;VEN;Latin America & Caribbean;Not classified;1987;Macroeconomía;macroeconomia;Demanda agregada;demanda_agregada;NE.CON.TOTL.ZS;Consumo final como porcentaje del PIB;72.4581108266408;Banco Mundial - World Development Indicators;2026-07-13;
Venezuela;Venezuela, RB;VE;VEN;Latin America & Caribbean;Not classified;1988;Macroeconomía;macroeconomia;Demanda agregada;demanda_agregada;NE.CON.TOTL.ZS;Consumo final como porcentaje del PIB;76.4239084008277;Banco Mundial - World Development Indicators;2026-07-13;
Venezuela;Venezuela, RB;VE;VEN;Latin America & Caribbean;Not classified;1989;Macroeconomía;macroeconomia;Demanda agregada;demanda_agregada;NE.CON.TOTL.ZS;Consumo final como porcentaje del PIB;71.8641636006226;Banco Mundial - World Development Indicators;2026-07-13;
Venezuela;Venezuela, RB;VE;VEN;Latin America & Caribbean;Not classified;1990;Macroeconomía;macroeconomia;Demanda agregada;demanda_agregada;NE.CON.TOTL.ZS;Consumo final como porcentaje del PIB;68.2356781430472;Banco Mundial - World Development Indicators;2026-07-13;
Venezuela;Venezuela, RB;VE;VEN;Latin America & Caribbean;Not classified;1991;Macroeconomía;macroeconomia;Demanda agregada;demanda_agregada;NE.CON.TOTL.ZS;Consumo final como porcentaje del PIB;0.0;Banco Mundial - World Development Indicators;2026-07-13;
Venezuela;Venezuela, RB;VE;VEN;Latin America & Caribbean;Not classified;1992;Macroeconomía;macroeconomia;Demanda agregada;demanda_agregada;NE.CON.TOTL.ZS;Consumo final como porcentaje del PIB;0.0;Banco Mundial - World Development Indicators;2026-07-13;
Venezuela;Venezuela, RB;VE;VEN;Latin America & Caribbean;Not classified;1993;Macroeconomía;macroeconomia;Demanda agregada;demanda_agregada;NE.CON.TOTL.ZS;Consumo final como porcentaje del PIB;0.0;Banco Mundial - World Development Indicators;2026-07-13;
Venezuela;Venezuela, RB;VE;VEN;Latin America & Caribbean;Not classified;1994;Macroeconomía;macroeconomia;Demanda agregada;demanda_agregada;NE.CON.TOTL.ZS;Consumo final como porcentaje del PIB;0.0;Banco Mundial - World Development Indicators;2026-07-13;
Venezuela;Venezuela, RB;VE;VEN;Latin America & Caribbean;Not classified;1995;Macroeconomía;macroeconomia;Demanda agregada;demanda_agregada;NE.CON.TOTL.ZS;Consumo final como porcentaje del PIB;0.0;Banco Mundial - World Development Indicators;2026-07-13;
Venezuela;Venezuela, RB;VE;VEN;Latin America & Caribbean;Not classified;1996;Macroeconomía;macroeconomia;Demanda agregada;demanda_agregada;NE.CON.TOTL.ZS;Consumo final como porcentaje del PIB;0.0;Banco Mundial - World Development Indicators;2026-07-13;
Venezuela;Venezuela, RB;VE;VEN;Latin America & Caribbean;Not classified;1997;Macroeconomía;macroeconomia;Demanda agregada;demanda_agregada;NE.CON.TOTL.ZS;Consumo final como porcentaje del PIB;0.0;Banco Mundial - World Development Indicators;2026-07-13;
Venezuela;Venezuela, RB;VE;VEN;Latin America & Caribbean;Not classified;1998;Macroeconomía;macroeconomia;Demanda agregada;demanda_agregada;NE.CON.TOTL.ZS;Consumo final como porcentaje del PIB;0.0;Banco Mundial - World Development Indicators;2026-07-13;
Venezuela;Venezuela, RB;VE;VEN;Latin America & Caribbean;Not classified;1999;Macroeconomía;macroeconomia;Demanda agregada;demanda_agregada;NE.CON.TOTL.ZS;Consumo final como porcentaje del PIB;0.0;Banco Mundial - World Development Indicators;2026-07-13;
Venezuela;Venezuela, RB;VE;VEN;Latin America & Caribbean;Not classified;2000;Macroeconomía;macroeconomia;Demanda agregada;demanda_agregada;NE.CON.TOTL.ZS;Consumo final como porcentaje del PIB;0.0;Banco Mundial - World Development Indicators;2026-07-13;
Venezuela;Venezuela, RB;VE;VEN;Latin America & Caribbean;Not classified;2001;Macroeconomía;macroeconomia;Demanda agregada;demanda_agregada;NE.CON.TOTL.ZS;Consumo final como porcentaje del PIB;0.0;Banco Mundial - World Development Indicators;2026-07-13;
Venezuela;Venezuela, RB;VE;VEN;Latin America & Caribbean;Not classified;2002;Macroeconomía;macroeconomia;Demanda agregada;demanda_agregada;NE.CON.TOTL.ZS;Consumo final como porcentaje del PIB;0.0;Banco Mundial - World Development Indicators;2026-07-13;
Venezuela;Venezuela, RB;VE;VEN;Latin America & Caribbean;Not classified;2003;Macroeconomía;macroeconomia;Demanda agregada;demanda_agregada;NE.CON.TOTL.ZS;Consumo final como porcentaje del PIB;0.0;Banco Mundial - World Development Indicators;2026-07-13;
Venezuela;Venezuela, RB;VE;VEN;Latin America & Caribbean;Not classified;2004;Macroeconomía;macroeconomia;Demanda agregada;demanda_agregada;NE.CON.TOTL.ZS;Consumo final como porcentaje del PIB;0.0;Banco Mundial - World Development Indicators;2026-07-13;
Venezuela;Venezuela, RB;VE;VEN;Latin America & Caribbean;Not classified;2005;Macroeconomía;macroeconomia;Demanda agregada;demanda_agregada;NE.CON.TOTL.ZS;Consumo final como porcentaje del PIB;0.0;Banco Mundial - World Development Indicators;2026-07-13;
Venezuela;Venezuela, RB;VE;VEN;Latin America & Caribbean;Not classified;2006;Macroeconomía;macroeconomia;Demanda agregada;demanda_agregada;NE.CON.TOTL.ZS;Consumo final como porcentaje del PIB;0.0;Banco Mundial - World Development Indicators;2026-07-13;
Venezuela;Venezuela, RB;VE;VEN;Latin America & Caribbean;Not classified;2007;Macroeconomía;macroeconomia;Demanda agregada;demanda_agregada;NE.CON.TOTL.ZS;Consumo final como porcentaje del PIB;0.0;Banco Mundial - World Development Indicators;2026-07-13;
Venezuela;Venezuela, RB;VE;VEN;Latin America & Caribbean;Not classified;2008;Macroeconomía;macroeconomia;Demanda agregada;demanda_agregada;NE.CON.TOTL.ZS;Consumo final como porcentaje del PIB;0.0;Banco Mundial - World Development Indicators;2026-07-13;
Venezuela;Venezuela, RB;VE;VEN;Latin America & Caribbean;Not classified;2009;Macroeconomía;macroeconomia;Demanda agregada;demanda_agregada;NE.CON.TOTL.ZS;Consumo final como porcentaje del PIB;0.0;Banco Mundial - World Development Indicators;2026-07-13;
Venezuela;Venezuela, RB;VE;VEN;Latin America & Caribbean;Not classified;2010;Macroeconomía;macroeconomia;Demanda agregada;demanda_agregada;NE.CON.TOTL.ZS;Consumo final como porcentaje del PIB;0.0;Banco Mundial - World Development Indicators;2026-07-13;
Venezuela;Venezuela, RB;VE;VEN;Latin America & Caribbean;Not classified;2011;Macroeconomía;macroeconomia;Demanda agregada;demanda_agregada;NE.CON.TOTL.ZS;Consumo final como porcentaje del PIB;0.0;Banco Mundial - World Development Indicators;2026-07-13;
Venezuela;Venezuela, RB;VE;VEN;Latin America & Caribbean;Not classified;2012;Macroeconomía;macroeconomia;Demanda agregada;demanda_agregada;NE.CON.TOTL.ZS;Consumo final como porcentaje del PIB;68.2080924855491;Banco Mundial - World Development Indicators;2026-07-13;
Venezuela;Venezuela, RB;VE;VEN;Latin America & Caribbean;Not classified;2013;Macroeconomía;macroeconomia;Demanda agregada;demanda_agregada;NE.CON.TOTL.ZS;Consumo final como porcentaje del PIB;70.4918032786885;Banco Mundial - World Development Indicators;2026-07-13;
Venezuela;Venezuela, RB;VE;VEN;Latin America & Caribbean;Not classified;2014;Macroeconomía;macroeconomia;Demanda agregada;demanda_agregada;NE.CON.TOTL.ZS;Consumo final como porcentaje del PIB;57.3804573804574;Banco Mundial - World Development Indicators;2026-07-13;
Venezuela;Venezuela, RB;VE;VEN;Latin America & Caribbean;Not classified;2015;Macroeconomía;macroeconomia;Demanda agregada;demanda_agregada;NE.CON.TOTL.ZS;Consumo final como porcentaje del PIB;59.4339622641509;Banco Mundial - World Development Indicators;2026-07-13;
Venezuela;Venezuela, RB;VE;VEN;Latin America & Caribbean;Not classified;2016;Macroeconomía;macroeconomia;Demanda agregada;demanda_agregada;NE.CON.TOTL.ZS;Consumo final como porcentaje del PIB;68.8022284122563;Banco Mundial - World Development Indicators;2026-07-13;
Venezuela;Venezuela, RB;VE;VEN;Latin America & Caribbean;Not classified;2017;Macroeconomía;macroeconomia;Demanda agregada;demanda_agregada;NE.CON.TOTL.ZS;Consumo final como porcentaje del PIB;70.9770114942529;Banco Mundial - World Development Indicators;2026-07-13;
Venezuela;Venezuela, RB;VE;VEN;Latin America & Caribbean;Not classified;2018;Macroeconomía;macroeconomia;Demanda agregada;demanda_agregada;NE.CON.TOTL.ZS;Consumo final como porcentaje del PIB;65.2463171233962;Banco Mundial - World Development Indicators;2026-07-13;
Venezuela;Venezuela, RB;VE;VEN;Latin America & Caribbean;Not classified;2019;Macroeconomía;macroeconomia;Demanda agregada;demanda_agregada;NE.CON.TOTL.ZS;Consumo final como porcentaje del PIB;56.9364331403991;Banco Mundial - World Development Indicators;2026-07-13;
Venezuela;Venezuela, RB;VE;VEN;Latin America & Caribbean;Not classified;2020;Macroeconomía;macroeconomia;Demanda agregada;demanda_agregada;NE.CON.TOTL.ZS;Consumo final como porcentaje del PIB;90.8732007990026;Banco Mundial - World Development Indicators;2026-07-13;
Venezuela;Venezuela, RB;VE;VEN;Latin America & Caribbean;Not classified;2021;Macroeconomía;macroeconomia;Demanda agregada;demanda_agregada;NE.CON.TOTL.ZS;Consumo final como porcentaje del PIB;89.6698755348114;Banco Mundial - World Development Indicators;2026-07-13;
Venezuela;Venezuela, RB;VE;VEN;Latin America & Caribbean;Not classified;2022;Macroeconomía;macroeconomia;Demanda agregada;demanda_agregada;NE.CON.TOTL.ZS;Consumo final como porcentaje del PIB;89.0313259042003;Banco Mundial - World Development Indicators;2026-07-13;
Venezuela;Venezuela, RB;VE;VEN;Latin America & Caribbean;Not classified;2023;Macroeconomía;macroeconomia;Demanda agregada;demanda_agregada;NE.CON.TOTL.ZS;Consumo final como porcentaje del PIB;86.635743357465;Banco Mundial - World Development Indicators;2026-07-13;
Venezuela;Venezuela, RB;VE;VEN;Latin America & Caribbean;Not classified;2024;Macroeconomía;macroeconomia;Demanda agregada;demanda_agregada;NE.CON.TOTL.ZS;Consumo final como porcentaje del PIB;87.9027214650732;Banco Mundial - World Development Indicators;2026-07-13;
Venezuela;Venezuela, RB;VE;VEN;Latin America & Caribbean;Not classified;2025;Macroeconomía;macroeconomia;Demanda agregada;demanda_agregada;NE.CON.TOTL.ZS;Consumo final como porcentaje del PIB;89.2779713992719;Banco Mundial - World Development Indicators;2026-07-13;
Venezuela;Venezuela, RB;VE;VEN;Latin America & Caribbean;Not classified;1960;Macroeconomía;macroeconomia;Inversión;inversion;NE.GDI.TOTL.ZS;Formación bruta de capital como porcentaje del PIB;;Banco Mundial - World Development Indicators;2026-07-13;The read operation timed out
Venezuela;Venezuela, RB;VE;VEN;Latin America & Caribbean;Not classified;1961;Macroeconomía;macroeconomia;Inversión;inversion;NE.GDI.TOTL.ZS;Formación bruta de capital como porcentaje del PIB;;Banco Mundial - World Development Indicators;2026-07-13;The read operation timed out
Venezuela;Venezuela, RB;VE;VEN;Latin America & Caribbean;Not classified;1962;Macroeconomía;macroeconomia;Inversión;inversion;NE.GDI.TOTL.ZS;Formación bruta de capital como porcentaje del PIB;;Banco Mundial - World Development Indicators;2026-07-13;The read operation timed out
Venezuela;Venezuela, RB;VE;VEN;Latin America & Caribbean;Not classified;1963;Macroeconomía;macroeconomia;Inversión;inversion;NE.GDI.TOTL.ZS;Formación bruta de capital como porcentaje del PIB;;Banco Mundial - World Development Indicators;2026-07-13;The read operation timed out
Venezuela;Venezuela, RB;VE;VEN;Latin America & Caribbean;Not classified;1964;Macroeconomía;macroeconomia;Inversión;inversion;NE.GDI.TOTL.ZS;Formación bruta de capital como porcentaje del PIB;;Banco Mundial - World Development Indicators;2026-07-13;The read operation timed out
Venezuela;Venezuela, RB;VE;VEN;Latin America & Caribbean;Not classified;1965;Macroeconomía;macroeconomia;Inversión;inversion;NE.GDI.TOTL.ZS;Formación bruta de capital como porcentaje del PIB;;Banco Mundial - World Development Indicators;2026-07-13;The read operation timed out
Venezuela;Venezuela, RB;VE;VEN;Latin America & Caribbean;Not classified;1966;Macroeconomía;macroeconomia;Inversión;inversion;NE.GDI.TOTL.ZS;Formación bruta de capital como porcentaje del PIB;;Banco Mundial - World Development Indicators;2026-07-13;The read operation timed out
Venezuela;Venezuela, RB;VE;VEN;Latin America & Caribbean;Not classified;1967;Macroeconomía;macroeconomia;Inversión;inversion;NE.GDI.TOTL.ZS;Formación bruta de capital como porcentaje del PIB;;Banco Mundial - World Development Indicators;2026-07-13;The read operation timed out
Venezuela;Venezuela, RB;VE;VEN;Latin America & Caribbean;Not classified;1968;Macroeconomía;macroeconomia;Inversión;inversion;NE.GDI.TOTL.ZS;Formación bruta de capital como porcentaje del PIB;;Banco Mundial - World Development Indicators;2026-07-13;The read operation timed out
Venezuela;Venezuela, RB;VE;VEN;Latin America & Caribbean;Not classified;1969;Macroeconomía;macroeconomia;Inversión;inversion;NE.GDI.TOTL.ZS;Formación bruta de capital como porcentaje del PIB;;Banco Mundial - World Development Indicators;2026-07-13;The read operation timed out
Venezuela;Venezuela, RB;VE;VEN;Latin America & Caribbean;Not classified;1970;Macroeconomía;macroeconomia;Inversión;inversion;NE.GDI.TOTL.ZS;Formación bruta de capital como porcentaje del PIB;;Banco Mundial - World Development Indicators;2026-07-13;The read operation timed out
Venezuela;Venezuela, RB;VE;VEN;Latin America & Caribbean;Not classified;1971;Macroeconomía;macroeconomia;Inversión;inversion;NE.GDI.TOTL.ZS;Formación bruta de capital como porcentaje del PIB;;Banco Mundial - World Development Indicators;2026-07-13;The read operation timed out
Venezuela;Venezuela, RB;VE;VEN;Latin America & Caribbean;Not classified;1972;Macroeconomía;macroeconomia;Inversión;inversion;NE.GDI.TOTL.ZS;Formación bruta de capital como porcentaje del PIB;;Banco Mundial - World Development Indicators;2026-07-13;The read operation timed out
Venezuela;Venezuela, RB;VE;VEN;Latin America & Caribbean;Not classified;1973;Macroeconomía;macroeconomia;Inversión;inversion;NE.GDI.TOTL.ZS;Formación bruta de capital como porcentaje del PIB;;Banco Mundial - World Development Indicators;2026-07-13;The read operation timed out
Venezuela;Venezuela, RB;VE;VEN;Latin America & Caribbean;Not classified;1974;Macroeconomía;macroeconomia;Inversión;inversion;NE.GDI.TOTL.ZS;Formación bruta de capital como porcentaje del PIB;;Banco Mundial - World Development Indicators;2026-07-13;The read operation timed out
Venezuela;Venezuela, RB;VE;VEN;Latin America & Caribbean;Not classified;1975;Macroeconomía;macroeconomia;Inversión;inversion;NE.GDI.TOTL.ZS;Formación bruta de capital como porcentaje del PIB;;Banco Mundial - World Development Indicators;2026-07-13;The read operation timed out
Venezuela;Venezuela, RB;VE;VEN;Latin America & Caribbean;Not classified;1976;Macroeconomía;macroeconomia;Inversión;inversion;NE.GDI.TOTL.ZS;Formación bruta de capital como porcentaje del PIB;;Banco Mundial - World Development Indicators;2026-07-13;The read operation timed out
Venezuela;Venezuela, RB;VE;VEN;Latin America & Caribbean;Not classified;1977;Macroeconomía;macroeconomia;Inversión;inversion;NE.GDI.TOTL.ZS;Formación bruta de capital como porcentaje del PIB;;Banco Mundial - World Development Indicators;2026-07-13;The read operation timed out
Venezuela;Venezuela, RB;VE;VEN;Latin America & Caribbean;Not classified;1978;Macroeconomía;macroeconomia;Inversión;inversion;NE.GDI.TOTL.ZS;Formación bruta de capital como porcentaje del PIB;;Banco Mundial - World Development Indicators;2026-07-13;The read operation timed out
Venezuela;Venezuela, RB;VE;VEN;Latin America & Caribbean;Not classified;1979;Macroeconomía;macroeconomia;Inversión;inversion;NE.GDI.TOTL.ZS;Formación bruta de capital como porcentaje del PIB;;Banco Mundial - World Development Indicators;2026-07-13;The read operation timed out
Venezuela;Venezuela, RB;VE;VEN;Latin America & Caribbean;Not classified;1980;Macroeconomía;macroeconomia;Inversión;inversion;NE.GDI.TOTL.ZS;Formación bruta de capital como porcentaje del PIB;;Banco Mundial - World Development Indicators;2026-07-13;The read operation timed out
Venezuela;Venezuela, RB;VE;VEN;Latin America & Caribbean;Not classified;1981;Macroeconomía;macroeconomia;Inversión;inversion;NE.GDI.TOTL.ZS;Formación bruta de capital como porcentaje del PIB;;Banco Mundial - World Development Indicators;2026-07-13;The read operation timed out
Venezuela;Venezuela, RB;VE;VEN;Latin America & Caribbean;Not classified;1982;Macroeconomía;macroeconomia;Inversión;inversion;NE.GDI.TOTL.ZS;Formación bruta de capital como porcentaje del PIB;;Banco Mundial - World Development Indicators;2026-07-13;The read operation timed out
Venezuela;Venezuela, RB;VE;VEN;Latin America & Caribbean;Not classified;1983;Macroeconomía;macroeconomia;Inversión;inversion;NE.GDI.TOTL.ZS;Formación bruta de capital como porcentaje del PIB;;Banco Mundial - World Development Indicators;2026-07-13;The read operation timed out
Venezuela;Venezuela, RB;VE;VEN;Latin America & Caribbean;Not classified;1984;Macroeconomía;macroeconomia;Inversión;inversion;NE.GDI.TOTL.ZS;Formación bruta de capital como porcentaje del PIB;;Banco Mundial - World Development Indicators;2026-07-13;The read operation timed out
Venezuela;Venezuela, RB;VE;VEN;Latin America & Caribbean;Not classified;1985;Macroeconomía;macroeconomia;Inversión;inversion;NE.GDI.TOTL.ZS;Formación bruta de capital como porcentaje del PIB;;Banco Mundial - World Development Indicators;2026-07-13;The read operation timed out
Venezuela;Venezuela, RB;VE;VEN;Latin America & Caribbean;Not classified;1986;Macroeconomía;macroeconomia;Inversión;inversion;NE.GDI.TOTL.ZS;Formación bruta de capital como porcentaje del PIB;;Banco Mundial - World Development Indicators;2026-07-13;The read operation timed out
Venezuela;Venezuela, RB;VE;VEN;Latin America & Caribbean;Not classified;1987;Macroeconomía;macroeconomia;Inversión;inversion;NE.GDI.TOTL.ZS;Formación bruta de capital como porcentaje del PIB;;Banco Mundial - World Development Indicators;2026-07-13;The read operation timed out
Venezuela;Venezuela, RB;VE;VEN;Latin America & Caribbean;Not classified;1988;Macroeconomía;macroeconomia;Inversión;inversion;NE.GDI.TOTL.ZS;Formación bruta de capital como porcentaje del PIB;;Banco Mundial - World Development Indicators;2026-07-13;The read operation timed out
Venezuela;Venezuela, RB;VE;VEN;Latin America & Caribbean;Not classified;1989;Macroeconomía;macroeconomia;Inversión;inversion;NE.GDI.TOTL.ZS;Formación bruta de capital como porcentaje del PIB;;Banco Mundial - World Development Indicators;2026-07-13;The read operation timed out
Venezuela;Venezuela, RB;VE;VEN;Latin America & Caribbean;Not classified;1990;Macroeconomía;macroeconomia;Inversión;inversion;NE.GDI.TOTL.ZS;Formación bruta de capital como porcentaje del PIB;;Banco Mundial - World Development Indicators;2026-07-13;The read operation timed out
Venezuela;Venezuela, RB;VE;VEN;Latin America & Caribbean;Not classified;1991;Macroeconomía;macroeconomia;Inversión;inversion;NE.GDI.TOTL.ZS;Formación bruta de capital como porcentaje del PIB;;Banco Mundial - World Development Indicators;2026-07-13;The read operation timed out
Venezuela;Venezuela, RB;VE;VEN;Latin America & Caribbean;Not classified;1992;Macroeconomía;macroeconomia;Inversión;inversion;NE.GDI.TOTL.ZS;Formación bruta de capital como porcentaje del PIB;;Banco Mundial - World Development Indicators;2026-07-13;The read operation timed out
Venezuela;Venezuela, RB;VE;VEN;Latin America & Caribbean;Not classified;1993;Macroeconomía;macroeconomia;Inversión;inversion;NE.GDI.TOTL.ZS;Formación bruta de capital como porcentaje del PIB;;Banco Mundial - World Development Indicators;2026-07-13;The read operation timed out
Venezuela;Venezuela, RB;VE;VEN;Latin America & Caribbean;Not classified;1994;Macroeconomía;macroeconomia;Inversión;inversion;NE.GDI.TOTL.ZS;Formación bruta de capital como porcentaje del PIB;;Banco Mundial - World Development Indicators;2026-07-13;The read operation timed out
Venezuela;Venezuela, RB;VE;VEN;Latin America & Caribbean;Not classified;1995;Macroeconomía;macroeconomia;Inversión;inversion;NE.GDI.TOTL.ZS;Formación bruta de capital como porcentaje del PIB;;Banco Mundial - World Development Indicators;2026-07-13;The read operation timed out
Venezuela;Venezuela, RB;VE;VEN;Latin America & Caribbean;Not classified;1996;Macroeconomía;macroeconomia;Inversión;inversion;NE.GDI.TOTL.ZS;Formación bruta de capital como porcentaje del PIB;;Banco Mundial - World Development Indicators;2026-07-13;The read operation timed out
Venezuela;Venezuela, RB;VE;VEN;Latin America & Caribbean;Not classified;1997;Macroeconomía;macroeconomia;Inversión;inversion;NE.GDI.TOTL.ZS;Formación bruta de capital como porcentaje del PIB;;Banco Mundial - World Development Indicators;2026-07-13;The read operation timed out
Venezuela;Venezuela, RB;VE;VEN;Latin America & Caribbean;Not classified;1998;Macroeconomía;macroeconomia;Inversión;inversion;NE.GDI.TOTL.ZS;Formación bruta de capital como porcentaje del PIB;;Banco Mundial - World Development Indicators;2026-07-13;The read operation timed out
Venezuela;Venezuela, RB;VE;VEN;Latin America & Caribbean;Not classified;1999;Macroeconomía;macroeconomia;Inversión;inversion;NE.GDI.TOTL.ZS;Formación bruta de capital como porcentaje del PIB;;Banco Mundial - World Development Indicators;2026-07-13;The read operation timed out
Venezuela;Venezuela, RB;VE;VEN;Latin America & Caribbean;Not classified;2000;Macroeconomía;macroeconomia;Inversión;inversion;NE.GDI.TOTL.ZS;Formación bruta de capital como porcentaje del PIB;;Banco Mundial - World Development Indicators;2026-07-13;The read operation timed out
Venezuela;Venezuela, RB;VE;VEN;Latin America & Caribbean;Not classified;2001;Macroeconomía;macroeconomia;Inversión;inversion;NE.GDI.TOTL.ZS;Formación bruta de capital como porcentaje del PIB;;Banco Mundial - World Development Indicators;2026-07-13;The read operation timed out
Venezuela;Venezuela, RB;VE;VEN;Latin America & Caribbean;Not classified;2002;Macroeconomía;macroeconomia;Inversión;inversion;NE.GDI.TOTL.ZS;Formación bruta de capital como porcentaje del PIB;;Banco Mundial - World Development Indicators;2026-07-13;The read operation timed out
Venezuela;Venezuela, RB;VE;VEN;Latin America & Caribbean;Not classified;2003;Macroeconomía;macroeconomia;Inversión;inversion;NE.GDI.TOTL.ZS;Formación bruta de capital como porcentaje del PIB;;Banco Mundial - World Development Indicators;2026-07-13;The read operation timed out
Venezuela;Venezuela, RB;VE;VEN;Latin America & Caribbean;Not classified;2004;Macroeconomía;macroeconomia;Inversión;inversion;NE.GDI.TOTL.ZS;Formación bruta de capital como porcentaje del PIB;;Banco Mundial - World Development Indicators;2026-07-13;The read operation timed out
Venezuela;Venezuela, RB;VE;VEN;Latin America & Caribbean;Not classified;2005;Macroeconomía;macroeconomia;Inversión;inversion;NE.GDI.TOTL.ZS;Formación bruta de capital como porcentaje del PIB;;Banco Mundial - World Development Indicators;2026-07-13;The read operation timed out
Venezuela;Venezuela, RB;VE;VEN;Latin America & Caribbean;Not classified;2006;Macroeconomía;macroeconomia;Inversión;inversion;NE.GDI.TOTL.ZS;Formación bruta de capital como porcentaje del PIB;;Banco Mundial - World Development Indicators;2026-07-13;The read operation timed out
Venezuela;Venezuela, RB;VE;VEN;Latin America & Caribbean;Not classified;2007;Macroeconomía;macroeconomia;Inversión;inversion;NE.GDI.TOTL.ZS;Formación bruta de capital como porcentaje del PIB;;Banco Mundial - World Development Indicators;2026-07-13;The read operation timed out
Venezuela;Venezuela, RB;VE;VEN;Latin America & Caribbean;Not classified;2008;Macroeconomía;macroeconomia;Inversión;inversion;NE.GDI.TOTL.ZS;Formación bruta de capital como porcentaje del PIB;;Banco Mundial - World Development Indicators;2026-07-13;The read operation timed out
Venezuela;Venezuela, RB;VE;VEN;Latin America & Caribbean;Not classified;2009;Macroeconomía;macroeconomia;Inversión;inversion;NE.GDI.TOTL.ZS;Formación bruta de capital como porcentaje del PIB;;Banco Mundial - World Development Indicators;2026-07-13;The read operation timed out
Venezuela;Venezuela, RB;VE;VEN;Latin America & Caribbean;Not classified;2010;Macroeconomía;macroeconomia;Inversión;inversion;NE.GDI.TOTL.ZS;Formación bruta de capital como porcentaje del PIB;;Banco Mundial - World Development Indicators;2026-07-13;The read operation timed out
Venezuela;Venezuela, RB;VE;VEN;Latin America & Caribbean;Not classified;2011;Macroeconomía;macroeconomia;Inversión;inversion;NE.GDI.TOTL.ZS;Formación bruta de capital como porcentaje del PIB;;Banco Mundial - World Development Indicators;2026-07-13;The read operation timed out
Venezuela;Venezuela, RB;VE;VEN;Latin America & Caribbean;Not classified;2012;Macroeconomía;macroeconomia;Inversión;inversion;NE.GDI.TOTL.ZS;Formación bruta de capital como porcentaje del PIB;;Banco Mundial - World Development Indicators;2026-07-13;The read operation timed out
Venezuela;Venezuela, RB;VE;VEN;Latin America & Caribbean;Not classified;2013;Macroeconomía;macroeconomia;Inversión;inversion;NE.GDI.TOTL.ZS;Formación bruta de capital como porcentaje del PIB;;Banco Mundial - World Development Indicators;2026-07-13;The read operation timed out
Venezuela;Venezuela, RB;VE;VEN;Latin America & Caribbean;Not classified;2014;Macroeconomía;macroeconomia;Inversión;inversion;NE.GDI.TOTL.ZS;Formación bruta de capital como porcentaje del PIB;;Banco Mundial - World Development Indicators;2026-07-13;The read operation timed out
Venezuela;Venezuela, RB;VE;VEN;Latin America & Caribbean;Not classified;2015;Macroeconomía;macroeconomia;Inversión;inversion;NE.GDI.TOTL.ZS;Formación bruta de capital como porcentaje del PIB;;Banco Mundial - World Development Indicators;2026-07-13;The read operation timed out
Venezuela;Venezuela, RB;VE;VEN;Latin America & Caribbean;Not classified;2016;Macroeconomía;macroeconomia;Inversión;inversion;NE.GDI.TOTL.ZS;Formación bruta de capital como porcentaje del PIB;;Banco Mundial - World Development Indicators;2026-07-13;The read operation timed out
Venezuela;Venezuela, RB;VE;VEN;Latin America & Caribbean;Not classified;2017;Macroeconomía;macroeconomia;Inversión;inversion;NE.GDI.TOTL.ZS;Formación bruta de capital como porcentaje del PIB;;Banco Mundial - World Development Indicators;2026-07-13;The read operation timed out
Venezuela;Venezuela, RB;VE;VEN;Latin America & Caribbean;Not classified;2018;Macroeconomía;macroeconomia;Inversión;inversion;NE.GDI.TOTL.ZS;Formación bruta de capital como porcentaje del PIB;;Banco Mundial - World Development Indicators;2026-07-13;The read operation timed out
Venezuela;Venezuela, RB;VE;VEN;Latin America & Caribbean;Not classified;2019;Macroeconomía;macroeconomia;Inversión;inversion;NE.GDI.TOTL.ZS;Formación bruta de capital como porcentaje del PIB;;Banco Mundial - World Development Indicators;2026-07-13;The read operation timed out
Venezuela;Venezuela, RB;VE;VEN;Latin America & Caribbean;Not classified;2020;Macroeconomía;macroeconomia;Inversión;inversion;NE.GDI.TOTL.ZS;Formación bruta de capital como porcentaje del PIB;;Banco Mundial - World Development Indicators;2026-07-13;The read operation timed out
Venezuela;Venezuela, RB;VE;VEN;Latin America & Caribbean;Not classified;2021;Macroeconomía;macroeconomia;Inversión;inversion;NE.GDI.TOTL.ZS;Formación bruta de capital como porcentaje del PIB;;Banco Mundial - World Development Indicators;2026-07-13;The read operation timed out
Venezuela;Venezuela, RB;VE;VEN;Latin America & Caribbean;Not classified;2022;Macroeconomía;macroeconomia;Inversión;inversion;NE.GDI.TOTL.ZS;Formación bruta de capital como porcentaje del PIB;;Banco Mundial - World Development Indicators;2026-07-13;The read operation timed out
Venezuela;Venezuela, RB;VE;VEN;Latin America & Caribbean;Not classified;2023;Macroeconomía;macroeconomia;Inversión;inversion;NE.GDI.TOTL.ZS;Formación bruta de capital como porcentaje del PIB;;Banco Mundial - World Development Indicators;2026-07-13;The read operation timed out
Venezuela;Venezuela, RB;VE;VEN;Latin America & Caribbean;Not classified;2024;Macroeconomía;macroeconomia;Inversión;inversion;NE.GDI.TOTL.ZS;Formación bruta de capital como porcentaje del PIB;;Banco Mundial - World Development Indicators;2026-07-13;The read operation timed out
Venezuela;Venezuela, RB;VE;VEN;Latin America & Caribbean;Not classified;2025;Macroeconomía;macroeconomia;Inversión;inversion;NE.GDI.TOTL.ZS;Formación bruta de capital como porcentaje del PIB;;Banco Mundial - World Development Indicators;2026-07-13;The read operation timed out
Venezuela;Venezuela, RB;VE;VEN;Latin America & Caribbean;Not classified;2026;Macroeconomía;macroeconomia;Inversión;inversion;NE.GDI.TOTL.ZS;Formación bruta de capital como porcentaje del PIB;;Banco Mundial - World Development Indicators;2026-07-13;The read operation timed out
Venezuela;Venezuela, RB;VE;VEN;Latin America & Caribbean;Not classified;1960;Macroeconomía;macroeconomia;Estructura productiva;estructura_productiva;NV.AGR.TOTL.ZS;Valor agregado de la agricultura como porcentaje del PIB;;Banco Mundial - World Development Indicators;2026-07-13;The read operation timed out
Venezuela;Venezuela, RB;VE;VEN;Latin America & Caribbean;Not classified;1961;Macroeconomía;macroeconomia;Estructura productiva;estructura_productiva;NV.AGR.TOTL.ZS;Valor agregado de la agricultura como porcentaje del PIB;;Banco Mundial - World Development Indicators;2026-07-13;The read operation timed out
Venezuela;Venezuela, RB;VE;VEN;Latin America & Caribbean;Not classified;1962;Macroeconomía;macroeconomia;Estructura productiva;estructura_productiva;NV.AGR.TOTL.ZS;Valor agregado de la agricultura como porcentaje del PIB;;Banco Mundial - World Development Indicators;2026-07-13;The read operation timed out
Venezuela;Venezuela, RB;VE;VEN;Latin America & Caribbean;Not classified;1963;Macroeconomía;macroeconomia;Estructura productiva;estructura_productiva;NV.AGR.TOTL.ZS;Valor agregado de la agricultura como porcentaje del PIB;;Banco Mundial - World Development Indicators;2026-07-13;The read operation timed out
Venezuela;Venezuela, RB;VE;VEN;Latin America & Caribbean;Not classified;1964;Macroeconomía;macroeconomia;Estructura productiva;estructura_productiva;NV.AGR.TOTL.ZS;Valor agregado de la agricultura como porcentaje del PIB;;Banco Mundial - World Development Indicators;2026-07-13;The read operation timed out
Venezuela;Venezuela, RB;VE;VEN;Latin America & Caribbean;Not classified;1965;Macroeconomía;macroeconomia;Estructura productiva;estructura_productiva;NV.AGR.TOTL.ZS;Valor agregado de la agricultura como porcentaje del PIB;;Banco Mundial - World Development Indicators;2026-07-13;The read operation timed out
Venezuela;Venezuela, RB;VE;VEN;Latin America & Caribbean;Not classified;1966;Macroeconomía;macroeconomia;Estructura productiva;estructura_productiva;NV.AGR.TOTL.ZS;Valor agregado de la agricultura como porcentaje del PIB;;Banco Mundial - World Development Indicators;2026-07-13;The read operation timed out
Venezuela;Venezuela, RB;VE;VEN;Latin America & Caribbean;Not classified;1967;Macroeconomía;macroeconomia;Estructura productiva;estructura_productiva;NV.AGR.TOTL.ZS;Valor agregado de la agricultura como porcentaje del PIB;;Banco Mundial - World Development Indicators;2026-07-13;The read operation timed out
Venezuela;Venezuela, RB;VE;VEN;Latin America & Caribbean;Not classified;1968;Macroeconomía;macroeconomia;Estructura productiva;estructura_productiva;NV.AGR.TOTL.ZS;Valor agregado de la agricultura como porcentaje del PIB;;Banco Mundial - World Development Indicators;2026-07-13;The read operation timed out
Venezuela;Venezuela, RB;VE;VEN;Latin America & Caribbean;Not classified;1969;Macroeconomía;macroeconomia;Estructura productiva;estructura_productiva;NV.AGR.TOTL.ZS;Valor agregado de la agricultura como porcentaje del PIB;;Banco Mundial - World Development Indicators;2026-07-13;The read operation timed out
Venezuela;Venezuela, RB;VE;VEN;Latin America & Caribbean;Not classified;1970;Macroeconomía;macroeconomia;Estructura productiva;estructura_productiva;NV.AGR.TOTL.ZS;Valor agregado de la agricultura como porcentaje del PIB;;Banco Mundial - World Development Indicators;2026-07-13;The read operation timed out
Venezuela;Venezuela, RB;VE;VEN;Latin America & Caribbean;Not classified;1971;Macroeconomía;macroeconomia;Estructura productiva;estructura_productiva;NV.AGR.TOTL.ZS;Valor agregado de la agricultura como porcentaje del PIB;;Banco Mundial - World Development Indicators;2026-07-13;The read operation timed out
Venezuela;Venezuela, RB;VE;VEN;Latin America & Caribbean;Not classified;1972;Macroeconomía;macroeconomia;Estructura productiva;estructura_productiva;NV.AGR.TOTL.ZS;Valor agregado de la agricultura como porcentaje del PIB;;Banco Mundial - World Development Indicators;2026-07-13;The read operation timed out
Venezuela;Venezuela, RB;VE;VEN;Latin America & Caribbean;Not classified;1973;Macroeconomía;macroeconomia;Estructura productiva;estructura_productiva;NV.AGR.TOTL.ZS;Valor agregado de la agricultura como porcentaje del PIB;;Banco Mundial - World Development Indicators;2026-07-13;The read operation timed out
Venezuela;Venezuela, RB;VE;VEN;Latin America & Caribbean;Not classified;1974;Macroeconomía;macroeconomia;Estructura productiva;estructura_productiva;NV.AGR.TOTL.ZS;Valor agregado de la agricultura como porcentaje del PIB;;Banco Mundial - World Development Indicators;2026-07-13;The read operation timed out
Venezuela;Venezuela, RB;VE;VEN;Latin America & Caribbean;Not classified;1975;Macroeconomía;macroeconomia;Estructura productiva;estructura_productiva;NV.AGR.TOTL.ZS;Valor agregado de la agricultura como porcentaje del PIB;;Banco Mundial - World Development Indicators;2026-07-13;The read operation timed out
Venezuela;Venezuela, RB;VE;VEN;Latin America & Caribbean;Not classified;1976;Macroeconomía;macroeconomia;Estructura productiva;estructura_productiva;NV.AGR.TOTL.ZS;Valor agregado de la agricultura como porcentaje del PIB;;Banco Mundial - World Development Indicators;2026-07-13;The read operation timed out
Venezuela;Venezuela, RB;VE;VEN;Latin America & Caribbean;Not classified;1977;Macroeconomía;macroeconomia;Estructura productiva;estructura_productiva;NV.AGR.TOTL.ZS;Valor agregado de la agricultura como porcentaje del PIB;;Banco Mundial - World Development Indicators;2026-07-13;The read operation timed out
Venezuela;Venezuela, RB;VE;VEN;Latin America & Caribbean;Not classified;1978;Macroeconomía;macroeconomia;Estructura productiva;estructura_productiva;NV.AGR.TOTL.ZS;Valor agregado de la agricultura como porcentaje del PIB;;Banco Mundial - World Development Indicators;2026-07-13;The read operation timed out
Venezuela;Venezuela, RB;VE;VEN;Latin America & Caribbean;Not classified;1979;Macroeconomía;macroeconomia;Estructura productiva;estructura_productiva;NV.AGR.TOTL.ZS;Valor agregado de la agricultura como porcentaje del PIB;;Banco Mundial - World Development Indicators;2026-07-13;The read operation timed out
Venezuela;Venezuela, RB;VE;VEN;Latin America & Caribbean;Not classified;1980;Macroeconomía;macroeconomia;Estructura productiva;estructura_productiva;NV.AGR.TOTL.ZS;Valor agregado de la agricultura como porcentaje del PIB;;Banco Mundial - World Development Indicators;2026-07-13;The read operation timed out
Venezuela;Venezuela, RB;VE;VEN;Latin America & Caribbean;Not classified;1981;Macroeconomía;macroeconomia;Estructura productiva;estructura_productiva;NV.AGR.TOTL.ZS;Valor agregado de la agricultura como porcentaje del PIB;;Banco Mundial - World Development Indicators;2026-07-13;The read operation timed out
Venezuela;Venezuela, RB;VE;VEN;Latin America & Caribbean;Not classified;1982;Macroeconomía;macroeconomia;Estructura productiva;estructura_productiva;NV.AGR.TOTL.ZS;Valor agregado de la agricultura como porcentaje del PIB;;Banco Mundial - World Development Indicators;2026-07-13;The read operation timed out
Venezuela;Venezuela, RB;VE;VEN;Latin America & Caribbean;Not classified;1983;Macroeconomía;macroeconomia;Estructura productiva;estructura_productiva;NV.AGR.TOTL.ZS;Valor agregado de la agricultura como porcentaje del PIB;;Banco Mundial - World Development Indicators;2026-07-13;The read operation timed out
Venezuela;Venezuela, RB;VE;VEN;Latin America & Caribbean;Not classified;1984;Macroeconomía;macroeconomia;Estructura productiva;estructura_productiva;NV.AGR.TOTL.ZS;Valor agregado de la agricultura como porcentaje del PIB;;Banco Mundial - World Development Indicators;2026-07-13;The read operation timed out
Venezuela;Venezuela, RB;VE;VEN;Latin America & Caribbean;Not classified;1985;Macroeconomía;macroeconomia;Estructura productiva;estructura_productiva;NV.AGR.TOTL.ZS;Valor agregado de la agricultura como porcentaje del PIB;;Banco Mundial - World Development Indicators;2026-07-13;The read operation timed out
Venezuela;Venezuela, RB;VE;VEN;Latin America & Caribbean;Not classified;1986;Macroeconomía;macroeconomia;Estructura productiva;estructura_productiva;NV.AGR.TOTL.ZS;Valor agregado de la agricultura como porcentaje del PIB;;Banco Mundial - World Development Indicators;2026-07-13;The read operation timed out
Venezuela;Venezuela, RB;VE;VEN;Latin America & Caribbean;Not classified;1987;Macroeconomía;macroeconomia;Estructura productiva;estructura_productiva;NV.AGR.TOTL.ZS;Valor agregado de la agricultura como porcentaje del PIB;;Banco Mundial - World Development Indicators;2026-07-13;The read operation timed out
Venezuela;Venezuela, RB;VE;VEN;Latin America & Caribbean;Not classified;1988;Macroeconomía;macroeconomia;Estructura productiva;estructura_productiva;NV.AGR.TOTL.ZS;Valor agregado de la agricultura como porcentaje del PIB;;Banco Mundial - World Development Indicators;2026-07-13;The read operation timed out
Venezuela;Venezuela, RB;VE;VEN;Latin America & Caribbean;Not classified;1989;Macroeconomía;macroeconomia;Estructura productiva;estructura_productiva;NV.AGR.TOTL.ZS;Valor agregado de la agricultura como porcentaje del PIB;;Banco Mundial - World Development Indicators;2026-07-13;The read operation timed out
Venezuela;Venezuela, RB;VE;VEN;Latin America & Caribbean;Not classified;1990;Macroeconomía;macroeconomia;Estructura productiva;estructura_productiva;NV.AGR.TOTL.ZS;Valor agregado de la agricultura como porcentaje del PIB;;Banco Mundial - World Development Indicators;2026-07-13;The read operation timed out
Venezuela;Venezuela, RB;VE;VEN;Latin America & Caribbean;Not classified;1991;Macroeconomía;macroeconomia;Estructura productiva;estructura_productiva;NV.AGR.TOTL.ZS;Valor agregado de la agricultura como porcentaje del PIB;;Banco Mundial - World Development Indicators;2026-07-13;The read operation timed out
Venezuela;Venezuela, RB;VE;VEN;Latin America & Caribbean;Not classified;1992;Macroeconomía;macroeconomia;Estructura productiva;estructura_productiva;NV.AGR.TOTL.ZS;Valor agregado de la agricultura como porcentaje del PIB;;Banco Mundial - World Development Indicators;2026-07-13;The read operation timed out
Venezuela;Venezuela, RB;VE;VEN;Latin America & Caribbean;Not classified;1993;Macroeconomía;macroeconomia;Estructura productiva;estructura_productiva;NV.AGR.TOTL.ZS;Valor agregado de la agricultura como porcentaje del PIB;;Banco Mundial - World Development Indicators;2026-07-13;The read operation timed out
Venezuela;Venezuela, RB;VE;VEN;Latin America & Caribbean;Not classified;1994;Macroeconomía;macroeconomia;Estructura productiva;estructura_productiva;NV.AGR.TOTL.ZS;Valor agregado de la agricultura como porcentaje del PIB;;Banco Mundial - World Development Indicators;2026-07-13;The read operation timed out
Venezuela;Venezuela, RB;VE;VEN;Latin America & Caribbean;Not classified;1995;Macroeconomía;macroeconomia;Estructura productiva;estructura_productiva;NV.AGR.TOTL.ZS;Valor agregado de la agricultura como porcentaje del PIB;;Banco Mundial - World Development Indicators;2026-07-13;The read operation timed out
Venezuela;Venezuela, RB;VE;VEN;Latin America & Caribbean;Not classified;1996;Macroeconomía;macroeconomia;Estructura productiva;estructura_productiva;NV.AGR.TOTL.ZS;Valor agregado de la agricultura como porcentaje del PIB;;Banco Mundial - World Development Indicators;2026-07-13;The read operation timed out
Venezuela;Venezuela, RB;VE;VEN;Latin America & Caribbean;Not classified;1997;Macroeconomía;macroeconomia;Estructura productiva;estructura_productiva;NV.AGR.TOTL.ZS;Valor agregado de la agricultura como porcentaje del PIB;;Banco Mundial - World Development Indicators;2026-07-13;The read operation timed out
Venezuela;Venezuela, RB;VE;VEN;Latin America & Caribbean;Not classified;1998;Macroeconomía;macroeconomia;Estructura productiva;estructura_productiva;NV.AGR.TOTL.ZS;Valor agregado de la agricultura como porcentaje del PIB;;Banco Mundial - World Development Indicators;2026-07-13;The read operation timed out
Venezuela;Venezuela, RB;VE;VEN;Latin America & Caribbean;Not classified;1999;Macroeconomía;macroeconomia;Estructura productiva;estructura_productiva;NV.AGR.TOTL.ZS;Valor agregado de la agricultura como porcentaje del PIB;;Banco Mundial - World Development Indicators;2026-07-13;The read operation timed out
Venezuela;Venezuela, RB;VE;VEN;Latin America & Caribbean;Not classified;2000;Macroeconomía;macroeconomia;Estructura productiva;estructura_productiva;NV.AGR.TOTL.ZS;Valor agregado de la agricultura como porcentaje del PIB;;Banco Mundial - World Development Indicators;2026-07-13;The read operation timed out
Venezuela;Venezuela, RB;VE;VEN;Latin America & Caribbean;Not classified;2001;Macroeconomía;macroeconomia;Estructura productiva;estructura_productiva;NV.AGR.TOTL.ZS;Valor agregado de la agricultura como porcentaje del PIB;;Banco Mundial - World Development Indicators;2026-07-13;The read operation timed out
Venezuela;Venezuela, RB;VE;VEN;Latin America & Caribbean;Not classified;2002;Macroeconomía;macroeconomia;Estructura productiva;estructura_productiva;NV.AGR.TOTL.ZS;Valor agregado de la agricultura como porcentaje del PIB;;Banco Mundial - World Development Indicators;2026-07-13;The read operation timed out
Venezuela;Venezuela, RB;VE;VEN;Latin America & Caribbean;Not classified;2003;Macroeconomía;macroeconomia;Estructura productiva;estructura_productiva;NV.AGR.TOTL.ZS;Valor agregado de la agricultura como porcentaje del PIB;;Banco Mundial - World Development Indicators;2026-07-13;The read operation timed out
Venezuela;Venezuela, RB;VE;VEN;Latin America & Caribbean;Not classified;2004;Macroeconomía;macroeconomia;Estructura productiva;estructura_productiva;NV.AGR.TOTL.ZS;Valor agregado de la agricultura como porcentaje del PIB;;Banco Mundial - World Development Indicators;2026-07-13;The read operation timed out
Venezuela;Venezuela, RB;VE;VEN;Latin America & Caribbean;Not classified;2005;Macroeconomía;macroeconomia;Estructura productiva;estructura_productiva;NV.AGR.TOTL.ZS;Valor agregado de la agricultura como porcentaje del PIB;;Banco Mundial - World Development Indicators;2026-07-13;The read operation timed out
Venezuela;Venezuela, RB;VE;VEN;Latin America & Caribbean;Not classified;2006;Macroeconomía;macroeconomia;Estructura productiva;estructura_productiva;NV.AGR.TOTL.ZS;Valor agregado de la agricultura como porcentaje del PIB;;Banco Mundial - World Development Indicators;2026-07-13;The read operation timed out
Venezuela;Venezuela, RB;VE;VEN;Latin America & Caribbean;Not classified;2007;Macroeconomía;macroeconomia;Estructura productiva;estructura_productiva;NV.AGR.TOTL.ZS;Valor agregado de la agricultura como porcentaje del PIB;;Banco Mundial - World Development Indicators;2026-07-13;The read operation timed out
Venezuela;Venezuela, RB;VE;VEN;Latin America & Caribbean;Not classified;2008;Macroeconomía;macroeconomia;Estructura productiva;estructura_productiva;NV.AGR.TOTL.ZS;Valor agregado de la agricultura como porcentaje del PIB;;Banco Mundial - World Development Indicators;2026-07-13;The read operation timed out
Venezuela;Venezuela, RB;VE;VEN;Latin America & Caribbean;Not classified;2009;Macroeconomía;macroeconomia;Estructura productiva;estructura_productiva;NV.AGR.TOTL.ZS;Valor agregado de la agricultura como porcentaje del PIB;;Banco Mundial - World Development Indicators;2026-07-13;The read operation timed out
Venezuela;Venezuela, RB;VE;VEN;Latin America & Caribbean;Not classified;2010;Macroeconomía;macroeconomia;Estructura productiva;estructura_productiva;NV.AGR.TOTL.ZS;Valor agregado de la agricultura como porcentaje del PIB;;Banco Mundial - World Development Indicators;2026-07-13;The read operation timed out
Venezuela;Venezuela, RB;VE;VEN;Latin America & Caribbean;Not classified;2011;Macroeconomía;macroeconomia;Estructura productiva;estructura_productiva;NV.AGR.TOTL.ZS;Valor agregado de la agricultura como porcentaje del PIB;;Banco Mundial - World Development Indicators;2026-07-13;The read operation timed out
Venezuela;Venezuela, RB;VE;VEN;Latin America & Caribbean;Not classified;2012;Macroeconomía;macroeconomia;Estructura productiva;estructura_productiva;NV.AGR.TOTL.ZS;Valor agregado de la agricultura como porcentaje del PIB;;Banco Mundial - World Development Indicators;2026-07-13;The read operation timed out
Venezuela;Venezuela, RB;VE;VEN;Latin America & Caribbean;Not classified;2013;Macroeconomía;macroeconomia;Estructura productiva;estructura_productiva;NV.AGR.TOTL.ZS;Valor agregado de la agricultura como porcentaje del PIB;;Banco Mundial - World Development Indicators;2026-07-13;The read operation timed out
Venezuela;Venezuela, RB;VE;VEN;Latin America & Caribbean;Not classified;2014;Macroeconomía;macroeconomia;Estructura productiva;estructura_productiva;NV.AGR.TOTL.ZS;Valor agregado de la agricultura como porcentaje del PIB;;Banco Mundial - World Development Indicators;2026-07-13;The read operation timed out
Venezuela;Venezuela, RB;VE;VEN;Latin America & Caribbean;Not classified;2015;Macroeconomía;macroeconomia;Estructura productiva;estructura_productiva;NV.AGR.TOTL.ZS;Valor agregado de la agricultura como porcentaje del PIB;;Banco Mundial - World Development Indicators;2026-07-13;The read operation timed out
Venezuela;Venezuela, RB;VE;VEN;Latin America & Caribbean;Not classified;2016;Macroeconomía;macroeconomia;Estructura productiva;estructura_productiva;NV.AGR.TOTL.ZS;Valor agregado de la agricultura como porcentaje del PIB;;Banco Mundial - World Development Indicators;2026-07-13;The read operation timed out
Venezuela;Venezuela, RB;VE;VEN;Latin America & Caribbean;Not classified;2017;Macroeconomía;macroeconomia;Estructura productiva;estructura_productiva;NV.AGR.TOTL.ZS;Valor agregado de la agricultura como porcentaje del PIB;;Banco Mundial - World Development Indicators;2026-07-13;The read operation timed out
Venezuela;Venezuela, RB;VE;VEN;Latin America & Caribbean;Not classified;2018;Macroeconomía;macroeconomia;Estructura productiva;estructura_productiva;NV.AGR.TOTL.ZS;Valor agregado de la agricultura como porcentaje del PIB;;Banco Mundial - World Development Indicators;2026-07-13;The read operation timed out
Venezuela;Venezuela, RB;VE;VEN;Latin America & Caribbean;Not classified;2019;Macroeconomía;macroeconomia;Estructura productiva;estructura_productiva;NV.AGR.TOTL.ZS;Valor agregado de la agricultura como porcentaje del PIB;;Banco Mundial - World Development Indicators;2026-07-13;The read operation timed out
Venezuela;Venezuela, RB;VE;VEN;Latin America & Caribbean;Not classified;2020;Macroeconomía;macroeconomia;Estructura productiva;estructura_productiva;NV.AGR.TOTL.ZS;Valor agregado de la agricultura como porcentaje del PIB;;Banco Mundial - World Development Indicators;2026-07-13;The read operation timed out
Venezuela;Venezuela, RB;VE;VEN;Latin America & Caribbean;Not classified;2021;Macroeconomía;macroeconomia;Estructura productiva;estructura_productiva;NV.AGR.TOTL.ZS;Valor agregado de la agricultura como porcentaje del PIB;;Banco Mundial - World Development Indicators;2026-07-13;The read operation timed out
Venezuela;Venezuela, RB;VE;VEN;Latin America & Caribbean;Not classified;2022;Macroeconomía;macroeconomia;Estructura productiva;estructura_productiva;NV.AGR.TOTL.ZS;Valor agregado de la agricultura como porcentaje del PIB;;Banco Mundial - World Development Indicators;2026-07-13;The read operation timed out
Venezuela;Venezuela, RB;VE;VEN;Latin America & Caribbean;Not classified;2023;Macroeconomía;macroeconomia;Estructura productiva;estructura_productiva;NV.AGR.TOTL.ZS;Valor agregado de la agricultura como porcentaje del PIB;;Banco Mundial - World Development Indicators;2026-07-13;The read operation timed out
Venezuela;Venezuela, RB;VE;VEN;Latin America & Caribbean;Not classified;2024;Macroeconomía;macroeconomia;Estructura productiva;estructura_productiva;NV.AGR.TOTL.ZS;Valor agregado de la agricultura como porcentaje del PIB;;Banco Mundial - World Development Indicators;2026-07-13;The read operation timed out
Venezuela;Venezuela, RB;VE;VEN;Latin America & Caribbean;Not classified;2025;Macroeconomía;macroeconomia;Estructura productiva;estructura_productiva;NV.AGR.TOTL.ZS;Valor agregado de la agricultura como porcentaje del PIB;;Banco Mundial - World Development Indicators;2026-07-13;The read operation timed out
Venezuela;Venezuela, RB;VE;VEN;Latin America & Caribbean;Not classified;2026;Macroeconomía;macroeconomia;Estructura productiva;estructura_productiva;NV.AGR.TOTL.ZS;Valor agregado de la agricultura como porcentaje del PIB;;Banco Mundial - World Development Indicators;2026-07-13;The read operation timed out
Venezuela;Venezuela, RB;VE;VEN;Latin America & Caribbean;Not classified;1960;Macroeconomía;macroeconomia;Estructura productiva;estructura_productiva;NV.IND.TOTL.ZS;Valor agregado de la industria como porcentaje del PIB;;Banco Mundial - World Development Indicators;2026-07-13;The read operation timed out
Venezuela;Venezuela, RB;VE;VEN;Latin America & Caribbean;Not classified;1961;Macroeconomía;macroeconomia;Estructura productiva;estructura_productiva;NV.IND.TOTL.ZS;Valor agregado de la industria como porcentaje del PIB;;Banco Mundial - World Development Indicators;2026-07-13;The read operation timed out
Venezuela;Venezuela, RB;VE;VEN;Latin America & Caribbean;Not classified;1962;Macroeconomía;macroeconomia;Estructura productiva;estructura_productiva;NV.IND.TOTL.ZS;Valor agregado de la industria como porcentaje del PIB;;Banco Mundial - World Development Indicators;2026-07-13;The read operation timed out
Venezuela;Venezuela, RB;VE;VEN;Latin America & Caribbean;Not classified;1963;Macroeconomía;macroeconomia;Estructura productiva;estructura_productiva;NV.IND.TOTL.ZS;Valor agregado de la industria como porcentaje del PIB;;Banco Mundial - World Development Indicators;2026-07-13;The read operation timed out
Venezuela;Venezuela, RB;VE;VEN;Latin America & Caribbean;Not classified;1964;Macroeconomía;macroeconomia;Estructura productiva;estructura_productiva;NV.IND.TOTL.ZS;Valor agregado de la industria como porcentaje del PIB;;Banco Mundial - World Development Indicators;2026-07-13;The read operation timed out
Venezuela;Venezuela, RB;VE;VEN;Latin America & Caribbean;Not classified;1965;Macroeconomía;macroeconomia;Estructura productiva;estructura_productiva;NV.IND.TOTL.ZS;Valor agregado de la industria como porcentaje del PIB;;Banco Mundial - World Development Indicators;2026-07-13;The read operation timed out
Venezuela;Venezuela, RB;VE;VEN;Latin America & Caribbean;Not classified;1966;Macroeconomía;macroeconomia;Estructura productiva;estructura_productiva;NV.IND.TOTL.ZS;Valor agregado de la industria como porcentaje del PIB;;Banco Mundial - World Development Indicators;2026-07-13;The read operation timed out
Venezuela;Venezuela, RB;VE;VEN;Latin America & Caribbean;Not classified;1967;Macroeconomía;macroeconomia;Estructura productiva;estructura_productiva;NV.IND.TOTL.ZS;Valor agregado de la industria como porcentaje del PIB;;Banco Mundial - World Development Indicators;2026-07-13;The read operation timed out
Venezuela;Venezuela, RB;VE;VEN;Latin America & Caribbean;Not classified;1968;Macroeconomía;macroeconomia;Estructura productiva;estructura_productiva;NV.IND.TOTL.ZS;Valor agregado de la industria como porcentaje del PIB;;Banco Mundial - World Development Indicators;2026-07-13;The read operation timed out
Venezuela;Venezuela, RB;VE;VEN;Latin America & Caribbean;Not classified;1969;Macroeconomía;macroeconomia;Estructura productiva;estructura_productiva;NV.IND.TOTL.ZS;Valor agregado de la industria como porcentaje del PIB;;Banco Mundial - World Development Indicators;2026-07-13;The read operation timed out
Venezuela;Venezuela, RB;VE;VEN;Latin America & Caribbean;Not classified;1970;Macroeconomía;macroeconomia;Estructura productiva;estructura_productiva;NV.IND.TOTL.ZS;Valor agregado de la industria como porcentaje del PIB;;Banco Mundial - World Development Indicators;2026-07-13;The read operation timed out
Venezuela;Venezuela, RB;VE;VEN;Latin America & Caribbean;Not classified;1971;Macroeconomía;macroeconomia;Estructura productiva;estructura_productiva;NV.IND.TOTL.ZS;Valor agregado de la industria como porcentaje del PIB;;Banco Mundial - World Development Indicators;2026-07-13;The read operation timed out
Venezuela;Venezuela, RB;VE;VEN;Latin America & Caribbean;Not classified;1972;Macroeconomía;macroeconomia;Estructura productiva;estructura_productiva;NV.IND.TOTL.ZS;Valor agregado de la industria como porcentaje del PIB;;Banco Mundial - World Development Indicators;2026-07-13;The read operation timed out
Venezuela;Venezuela, RB;VE;VEN;Latin America & Caribbean;Not classified;1973;Macroeconomía;macroeconomia;Estructura productiva;estructura_productiva;NV.IND.TOTL.ZS;Valor agregado de la industria como porcentaje del PIB;;Banco Mundial - World Development Indicators;2026-07-13;The read operation timed out
Venezuela;Venezuela, RB;VE;VEN;Latin America & Caribbean;Not classified;1974;Macroeconomía;macroeconomia;Estructura productiva;estructura_productiva;NV.IND.TOTL.ZS;Valor agregado de la industria como porcentaje del PIB;;Banco Mundial - World Development Indicators;2026-07-13;The read operation timed out
Venezuela;Venezuela, RB;VE;VEN;Latin America & Caribbean;Not classified;1975;Macroeconomía;macroeconomia;Estructura productiva;estructura_productiva;NV.IND.TOTL.ZS;Valor agregado de la industria como porcentaje del PIB;;Banco Mundial - World Development Indicators;2026-07-13;The read operation timed out
Venezuela;Venezuela, RB;VE;VEN;Latin America & Caribbean;Not classified;1976;Macroeconomía;macroeconomia;Estructura productiva;estructura_productiva;NV.IND.TOTL.ZS;Valor agregado de la industria como porcentaje del PIB;;Banco Mundial - World Development Indicators;2026-07-13;The read operation timed out
Venezuela;Venezuela, RB;VE;VEN;Latin America & Caribbean;Not classified;1977;Macroeconomía;macroeconomia;Estructura productiva;estructura_productiva;NV.IND.TOTL.ZS;Valor agregado de la industria como porcentaje del PIB;;Banco Mundial - World Development Indicators;2026-07-13;The read operation timed out
Venezuela;Venezuela, RB;VE;VEN;Latin America & Caribbean;Not classified;1978;Macroeconomía;macroeconomia;Estructura productiva;estructura_productiva;NV.IND.TOTL.ZS;Valor agregado de la industria como porcentaje del PIB;;Banco Mundial - World Development Indicators;2026-07-13;The read operation timed out
Venezuela;Venezuela, RB;VE;VEN;Latin America & Caribbean;Not classified;1979;Macroeconomía;macroeconomia;Estructura productiva;estructura_productiva;NV.IND.TOTL.ZS;Valor agregado de la industria como porcentaje del PIB;;Banco Mundial - World Development Indicators;2026-07-13;The read operation timed out
Venezuela;Venezuela, RB;VE;VEN;Latin America & Caribbean;Not classified;1980;Macroeconomía;macroeconomia;Estructura productiva;estructura_productiva;NV.IND.TOTL.ZS;Valor agregado de la industria como porcentaje del PIB;;Banco Mundial - World Development Indicators;2026-07-13;The read operation timed out
Venezuela;Venezuela, RB;VE;VEN;Latin America & Caribbean;Not classified;1981;Macroeconomía;macroeconomia;Estructura productiva;estructura_productiva;NV.IND.TOTL.ZS;Valor agregado de la industria como porcentaje del PIB;;Banco Mundial - World Development Indicators;2026-07-13;The read operation timed out
Venezuela;Venezuela, RB;VE;VEN;Latin America & Caribbean;Not classified;1982;Macroeconomía;macroeconomia;Estructura productiva;estructura_productiva;NV.IND.TOTL.ZS;Valor agregado de la industria como porcentaje del PIB;;Banco Mundial - World Development Indicators;2026-07-13;The read operation timed out
Venezuela;Venezuela, RB;VE;VEN;Latin America & Caribbean;Not classified;1983;Macroeconomía;macroeconomia;Estructura productiva;estructura_productiva;NV.IND.TOTL.ZS;Valor agregado de la industria como porcentaje del PIB;;Banco Mundial - World Development Indicators;2026-07-13;The read operation timed out
Venezuela;Venezuela, RB;VE;VEN;Latin America & Caribbean;Not classified;1984;Macroeconomía;macroeconomia;Estructura productiva;estructura_productiva;NV.IND.TOTL.ZS;Valor agregado de la industria como porcentaje del PIB;;Banco Mundial - World Development Indicators;2026-07-13;The read operation timed out
Venezuela;Venezuela, RB;VE;VEN;Latin America & Caribbean;Not classified;1985;Macroeconomía;macroeconomia;Estructura productiva;estructura_productiva;NV.IND.TOTL.ZS;Valor agregado de la industria como porcentaje del PIB;;Banco Mundial - World Development Indicators;2026-07-13;The read operation timed out
Venezuela;Venezuela, RB;VE;VEN;Latin America & Caribbean;Not classified;1986;Macroeconomía;macroeconomia;Estructura productiva;estructura_productiva;NV.IND.TOTL.ZS;Valor agregado de la industria como porcentaje del PIB;;Banco Mundial - World Development Indicators;2026-07-13;The read operation timed out
Venezuela;Venezuela, RB;VE;VEN;Latin America & Caribbean;Not classified;1987;Macroeconomía;macroeconomia;Estructura productiva;estructura_productiva;NV.IND.TOTL.ZS;Valor agregado de la industria como porcentaje del PIB;;Banco Mundial - World Development Indicators;2026-07-13;The read operation timed out
Venezuela;Venezuela, RB;VE;VEN;Latin America & Caribbean;Not classified;1988;Macroeconomía;macroeconomia;Estructura productiva;estructura_productiva;NV.IND.TOTL.ZS;Valor agregado de la industria como porcentaje del PIB;;Banco Mundial - World Development Indicators;2026-07-13;The read operation timed out
Venezuela;Venezuela, RB;VE;VEN;Latin America & Caribbean;Not classified;1989;Macroeconomía;macroeconomia;Estructura productiva;estructura_productiva;NV.IND.TOTL.ZS;Valor agregado de la industria como porcentaje del PIB;;Banco Mundial - World Development Indicators;2026-07-13;The read operation timed out
Venezuela;Venezuela, RB;VE;VEN;Latin America & Caribbean;Not classified;1990;Macroeconomía;macroeconomia;Estructura productiva;estructura_productiva;NV.IND.TOTL.ZS;Valor agregado de la industria como porcentaje del PIB;;Banco Mundial - World Development Indicators;2026-07-13;The read operation timed out
Venezuela;Venezuela, RB;VE;VEN;Latin America & Caribbean;Not classified;1991;Macroeconomía;macroeconomia;Estructura productiva;estructura_productiva;NV.IND.TOTL.ZS;Valor agregado de la industria como porcentaje del PIB;;Banco Mundial - World Development Indicators;2026-07-13;The read operation timed out
Venezuela;Venezuela, RB;VE;VEN;Latin America & Caribbean;Not classified;1992;Macroeconomía;macroeconomia;Estructura productiva;estructura_productiva;NV.IND.TOTL.ZS;Valor agregado de la industria como porcentaje del PIB;;Banco Mundial - World Development Indicators;2026-07-13;The read operation timed out
Venezuela;Venezuela, RB;VE;VEN;Latin America & Caribbean;Not classified;1993;Macroeconomía;macroeconomia;Estructura productiva;estructura_productiva;NV.IND.TOTL.ZS;Valor agregado de la industria como porcentaje del PIB;;Banco Mundial - World Development Indicators;2026-07-13;The read operation timed out
Venezuela;Venezuela, RB;VE;VEN;Latin America & Caribbean;Not classified;1994;Macroeconomía;macroeconomia;Estructura productiva;estructura_productiva;NV.IND.TOTL.ZS;Valor agregado de la industria como porcentaje del PIB;;Banco Mundial - World Development Indicators;2026-07-13;The read operation timed out
Venezuela;Venezuela, RB;VE;VEN;Latin America & Caribbean;Not classified;1995;Macroeconomía;macroeconomia;Estructura productiva;estructura_productiva;NV.IND.TOTL.ZS;Valor agregado de la industria como porcentaje del PIB;;Banco Mundial - World Development Indicators;2026-07-13;The read operation timed out
Venezuela;Venezuela, RB;VE;VEN;Latin America & Caribbean;Not classified;1996;Macroeconomía;macroeconomia;Estructura productiva;estructura_productiva;NV.IND.TOTL.ZS;Valor agregado de la industria como porcentaje del PIB;;Banco Mundial - World Development Indicators;2026-07-13;The read operation timed out
Venezuela;Venezuela, RB;VE;VEN;Latin America & Caribbean;Not classified;1997;Macroeconomía;macroeconomia;Estructura productiva;estructura_productiva;NV.IND.TOTL.ZS;Valor agregado de la industria como porcentaje del PIB;;Banco Mundial - World Development Indicators;2026-07-13;The read operation timed out
Venezuela;Venezuela, RB;VE;VEN;Latin America & Caribbean;Not classified;1998;Macroeconomía;macroeconomia;Estructura productiva;estructura_productiva;NV.IND.TOTL.ZS;Valor agregado de la industria como porcentaje del PIB;;Banco Mundial - World Development Indicators;2026-07-13;The read operation timed out
Venezuela;Venezuela, RB;VE;VEN;Latin America & Caribbean;Not classified;1999;Macroeconomía;macroeconomia;Estructura productiva;estructura_productiva;NV.IND.TOTL.ZS;Valor agregado de la industria como porcentaje del PIB;;Banco Mundial - World Development Indicators;2026-07-13;The read operation timed out
Venezuela;Venezuela, RB;VE;VEN;Latin America & Caribbean;Not classified;2000;Macroeconomía;macroeconomia;Estructura productiva;estructura_productiva;NV.IND.TOTL.ZS;Valor agregado de la industria como porcentaje del PIB;;Banco Mundial - World Development Indicators;2026-07-13;The read operation timed out
Venezuela;Venezuela, RB;VE;VEN;Latin America & Caribbean;Not classified;2001;Macroeconomía;macroeconomia;Estructura productiva;estructura_productiva;NV.IND.TOTL.ZS;Valor agregado de la industria como porcentaje del PIB;;Banco Mundial - World Development Indicators;2026-07-13;The read operation timed out
Venezuela;Venezuela, RB;VE;VEN;Latin America & Caribbean;Not classified;2002;Macroeconomía;macroeconomia;Estructura productiva;estructura_productiva;NV.IND.TOTL.ZS;Valor agregado de la industria como porcentaje del PIB;;Banco Mundial - World Development Indicators;2026-07-13;The read operation timed out
Venezuela;Venezuela, RB;VE;VEN;Latin America & Caribbean;Not classified;2003;Macroeconomía;macroeconomia;Estructura productiva;estructura_productiva;NV.IND.TOTL.ZS;Valor agregado de la industria como porcentaje del PIB;;Banco Mundial - World Development Indicators;2026-07-13;The read operation timed out
Venezuela;Venezuela, RB;VE;VEN;Latin America & Caribbean;Not classified;2004;Macroeconomía;macroeconomia;Estructura productiva;estructura_productiva;NV.IND.TOTL.ZS;Valor agregado de la industria como porcentaje del PIB;;Banco Mundial - World Development Indicators;2026-07-13;The read operation timed out
Venezuela;Venezuela, RB;VE;VEN;Latin America & Caribbean;Not classified;2005;Macroeconomía;macroeconomia;Estructura productiva;estructura_productiva;NV.IND.TOTL.ZS;Valor agregado de la industria como porcentaje del PIB;;Banco Mundial - World Development Indicators;2026-07-13;The read operation timed out
Venezuela;Venezuela, RB;VE;VEN;Latin America & Caribbean;Not classified;2006;Macroeconomía;macroeconomia;Estructura productiva;estructura_productiva;NV.IND.TOTL.ZS;Valor agregado de la industria como porcentaje del PIB;;Banco Mundial - World Development Indicators;2026-07-13;The read operation timed out
Venezuela;Venezuela, RB;VE;VEN;Latin America & Caribbean;Not classified;2007;Macroeconomía;macroeconomia;Estructura productiva;estructura_productiva;NV.IND.TOTL.ZS;Valor agregado de la industria como porcentaje del PIB;;Banco Mundial - World Development Indicators;2026-07-13;The read operation timed out
Venezuela;Venezuela, RB;VE;VEN;Latin America & Caribbean;Not classified;2008;Macroeconomía;macroeconomia;Estructura productiva;estructura_productiva;NV.IND.TOTL.ZS;Valor agregado de la industria como porcentaje del PIB;;Banco Mundial - World Development Indicators;2026-07-13;The read operation timed out
Venezuela;Venezuela, RB;VE;VEN;Latin America & Caribbean;Not classified;2009;Macroeconomía;macroeconomia;Estructura productiva;estructura_productiva;NV.IND.TOTL.ZS;Valor agregado de la industria como porcentaje del PIB;;Banco Mundial - World Development Indicators;2026-07-13;The read operation timed out
Venezuela;Venezuela, RB;VE;VEN;Latin America & Caribbean;Not classified;2010;Macroeconomía;macroeconomia;Estructura productiva;estructura_productiva;NV.IND.TOTL.ZS;Valor agregado de la industria como porcentaje del PIB;;Banco Mundial - World Development Indicators;2026-07-13;The read operation timed out
Venezuela;Venezuela, RB;VE;VEN;Latin America & Caribbean;Not classified;2011;Macroeconomía;macroeconomia;Estructura productiva;estructura_productiva;NV.IND.TOTL.ZS;Valor agregado de la industria como porcentaje del PIB;;Banco Mundial - World Development Indicators;2026-07-13;The read operation timed out
Venezuela;Venezuela, RB;VE;VEN;Latin America & Caribbean;Not classified;2012;Macroeconomía;macroeconomia;Estructura productiva;estructura_productiva;NV.IND.TOTL.ZS;Valor agregado de la industria como porcentaje del PIB;;Banco Mundial - World Development Indicators;2026-07-13;The read operation timed out
Venezuela;Venezuela, RB;VE;VEN;Latin America & Caribbean;Not classified;2013;Macroeconomía;macroeconomia;Estructura productiva;estructura_productiva;NV.IND.TOTL.ZS;Valor agregado de la industria como porcentaje del PIB;;Banco Mundial - World Development Indicators;2026-07-13;The read operation timed out
Venezuela;Venezuela, RB;VE;VEN;Latin America & Caribbean;Not classified;2014;Macroeconomía;macroeconomia;Estructura productiva;estructura_productiva;NV.IND.TOTL.ZS;Valor agregado de la industria como porcentaje del PIB;;Banco Mundial - World Development Indicators;2026-07-13;The read operation timed out
Venezuela;Venezuela, RB;VE;VEN;Latin America & Caribbean;Not classified;2015;Macroeconomía;macroeconomia;Estructura productiva;estructura_productiva;NV.IND.TOTL.ZS;Valor agregado de la industria como porcentaje del PIB;;Banco Mundial - World Development Indicators;2026-07-13;The read operation timed out
Venezuela;Venezuela, RB;VE;VEN;Latin America & Caribbean;Not classified;2016;Macroeconomía;macroeconomia;Estructura productiva;estructura_productiva;NV.IND.TOTL.ZS;Valor agregado de la industria como porcentaje del PIB;;Banco Mundial - World Development Indicators;2026-07-13;The read operation timed out
Venezuela;Venezuela, RB;VE;VEN;Latin America & Caribbean;Not classified;2017;Macroeconomía;macroeconomia;Estructura productiva;estructura_productiva;NV.IND.TOTL.ZS;Valor agregado de la industria como porcentaje del PIB;;Banco Mundial - World Development Indicators;2026-07-13;The read operation timed out
Venezuela;Venezuela, RB;VE;VEN;Latin America & Caribbean;Not classified;2018;Macroeconomía;macroeconomia;Estructura productiva;estructura_productiva;NV.IND.TOTL.ZS;Valor agregado de la industria como porcentaje del PIB;;Banco Mundial - World Development Indicators;2026-07-13;The read operation timed out
Venezuela;Venezuela, RB;VE;VEN;Latin America & Caribbean;Not classified;2019;Macroeconomía;macroeconomia;Estructura productiva;estructura_productiva;NV.IND.TOTL.ZS;Valor agregado de la industria como porcentaje del PIB;;Banco Mundial - World Development Indicators;2026-07-13;The read operation timed out
Venezuela;Venezuela, RB;VE;VEN;Latin America & Caribbean;Not classified;2020;Macroeconomía;macroeconomia;Estructura productiva;estructura_productiva;NV.IND.TOTL.ZS;Valor agregado de la industria como porcentaje del PIB;;Banco Mundial - World Development Indicators;2026-07-13;The read operation timed out
Venezuela;Venezuela, RB;VE;VEN;Latin America & Caribbean;Not classified;2021;Macroeconomía;macroeconomia;Estructura productiva;estructura_productiva;NV.IND.TOTL.ZS;Valor agregado de la industria como porcentaje del PIB;;Banco Mundial - World Development Indicators;2026-07-13;The read operation timed out
Venezuela;Venezuela, RB;VE;VEN;Latin America & Caribbean;Not classified;2022;Macroeconomía;macroeconomia;Estructura productiva;estructura_productiva;NV.IND.TOTL.ZS;Valor agregado de la industria como porcentaje del PIB;;Banco Mundial - World Development Indicators;2026-07-13;The read operation timed out
Venezuela;Venezuela, RB;VE;VEN;Latin America & Caribbean;Not classified;2023;Macroeconomía;macroeconomia;Estructura productiva;estructura_productiva;NV.IND.TOTL.ZS;Valor agregado de la industria como porcentaje del PIB;;Banco Mundial - World Development Indicators;2026-07-13;The read operation timed out
Venezuela;Venezuela, RB;VE;VEN;Latin America & Caribbean;Not classified;2024;Macroeconomía;macroeconomia;Estructura productiva;estructura_productiva;NV.IND.TOTL.ZS;Valor agregado de la industria como porcentaje del PIB;;Banco Mundial - World Development Indicators;2026-07-13;The read operation timed out
Venezuela;Venezuela, RB;VE;VEN;Latin America & Caribbean;Not classified;2025;Macroeconomía;macroeconomia;Estructura productiva;estructura_productiva;NV.IND.TOTL.ZS;Valor agregado de la industria como porcentaje del PIB;;Banco Mundial - World Development Indicators;2026-07-13;The read operation timed out
Venezuela;Venezuela, RB;VE;VEN;Latin America & Caribbean;Not classified;2026;Macroeconomía;macroeconomia;Estructura productiva;estructura_productiva;NV.IND.TOTL.ZS;Valor agregado de la industria como porcentaje del PIB;;Banco Mundial - World Development Indicators;2026-07-13;The read operation timed out
Venezuela;Venezuela, RB;VE;VEN;Latin America & Caribbean;Not classified;1960;Macroeconomía;macroeconomia;Estructura productiva;estructura_productiva;NV.SRV.TOTL.ZS;Valor agregado de los servicios como porcentaje del PIB;;Banco Mundial - World Development Indicators;2026-07-13;
Venezuela;Venezuela, RB;VE;VEN;Latin America & Caribbean;Not classified;1961;Macroeconomía;macroeconomia;Estructura productiva;estructura_productiva;NV.SRV.TOTL.ZS;Valor agregado de los servicios como porcentaje del PIB;;Banco Mundial - World Development Indicators;2026-07-13;
Venezuela;Venezuela, RB;VE;VEN;Latin America & Caribbean;Not classified;1962;Macroeconomía;macroeconomia;Estructura productiva;estructura_productiva;NV.SRV.TOTL.ZS;Valor agregado de los servicios como porcentaje del PIB;;Banco Mundial - World Development Indicators;2026-07-13;
Venezuela;Venezuela, RB;VE;VEN;Latin America & Caribbean;Not classified;1963;Macroeconomía;macroeconomia;Estructura productiva;estructura_productiva;NV.SRV.TOTL.ZS;Valor agregado de los servicios como porcentaje del PIB;;Banco Mundial - World Development Indicators;2026-07-13;
Venezuela;Venezuela, RB;VE;VEN;Latin America & Caribbean;Not classified;1964;Macroeconomía;macroeconomia;Estructura productiva;estructura_productiva;NV.SRV.TOTL.ZS;Valor agregado de los servicios como porcentaje del PIB;;Banco Mundial - World Development Indicators;2026-07-13;
Venezuela;Venezuela, RB;VE;VEN;Latin America & Caribbean;Not classified;1965;Macroeconomía;macroeconomia;Estructura productiva;estructura_productiva;NV.SRV.TOTL.ZS;Valor agregado de los servicios como porcentaje del PIB;;Banco Mundial - World Development Indicators;2026-07-13;
Venezuela;Venezuela, RB;VE;VEN;Latin America & Caribbean;Not classified;1966;Macroeconomía;macroeconomia;Estructura productiva;estructura_productiva;NV.SRV.TOTL.ZS;Valor agregado de los servicios como porcentaje del PIB;;Banco Mundial - World Development Indicators;2026-07-13;
Venezuela;Venezuela, RB;VE;VEN;Latin America & Caribbean;Not classified;1967;Macroeconomía;macroeconomia;Estructura productiva;estructura_productiva;NV.SRV.TOTL.ZS;Valor agregado de los servicios como porcentaje del PIB;;Banco Mundial - World Development Indicators;2026-07-13;
Venezuela;Venezuela, RB;VE;VEN;Latin America & Caribbean;Not classified;1968;Macroeconomía;macroeconomia;Estructura productiva;estructura_productiva;NV.SRV.TOTL.ZS;Valor agregado de los servicios como porcentaje del PIB;56.9223784741446;Banco Mundial - World Development Indicators;2026-07-13;
Venezuela;Venezuela, RB;VE;VEN;Latin America & Caribbean;Not classified;1969;Macroeconomía;macroeconomia;Estructura productiva;estructura_productiva;NV.SRV.TOTL.ZS;Valor agregado de los servicios como porcentaje del PIB;60.5220059201003;Banco Mundial - World Development Indicators;2026-07-13;
Venezuela;Venezuela, RB;VE;VEN;Latin America & Caribbean;Not classified;1970;Macroeconomía;macroeconomia;Estructura productiva;estructura_productiva;NV.SRV.TOTL.ZS;Valor agregado de los servicios como porcentaje del PIB;57.7451225372417;Banco Mundial - World Development Indicators;2026-07-13;
Venezuela;Venezuela, RB;VE;VEN;Latin America & Caribbean;Not classified;1971;Macroeconomía;macroeconomia;Estructura productiva;estructura_productiva;NV.SRV.TOTL.ZS;Valor agregado de los servicios como porcentaje del PIB;58.3076950000875;Banco Mundial - World Development Indicators;2026-07-13;
Venezuela;Venezuela, RB;VE;VEN;Latin America & Caribbean;Not classified;1972;Macroeconomía;macroeconomia;Estructura productiva;estructura_productiva;NV.SRV.TOTL.ZS;Valor agregado de los servicios como porcentaje del PIB;60.5900621118012;Banco Mundial - World Development Indicators;2026-07-13;
Venezuela;Venezuela, RB;VE;VEN;Latin America & Caribbean;Not classified;1973;Macroeconomía;macroeconomia;Estructura productiva;estructura_productiva;NV.SRV.TOTL.ZS;Valor agregado de los servicios como porcentaje del PIB;57.0784814273818;Banco Mundial - World Development Indicators;2026-07-13;
Venezuela;Venezuela, RB;VE;VEN;Latin America & Caribbean;Not classified;1974;Macroeconomía;macroeconomia;Estructura productiva;estructura_productiva;NV.SRV.TOTL.ZS;Valor agregado de los servicios como porcentaje del PIB;44.9942976281697;Banco Mundial - World Development Indicators;2026-07-13;
Venezuela;Venezuela, RB;VE;VEN;Latin America & Caribbean;Not classified;1975;Macroeconomía;macroeconomia;Estructura productiva;estructura_productiva;NV.SRV.TOTL.ZS;Valor agregado de los servicios como porcentaje del PIB;53.4799911937543;Banco Mundial - World Development Indicators;2026-07-13;
Venezuela;Venezuela, RB;VE;VEN;Latin America & Caribbean;Not classified;1976;Macroeconomía;macroeconomia;Estructura productiva;estructura_productiva;NV.SRV.TOTL.ZS;Valor agregado de los servicios como porcentaje del PIB;55.4168640454761;Banco Mundial - World Development Indicators;2026-07-13;
Venezuela;Venezuela, RB;VE;VEN;Latin America & Caribbean;Not classified;1977;Macroeconomía;macroeconomia;Estructura productiva;estructura_productiva;NV.SRV.TOTL.ZS;Valor agregado de los servicios como porcentaje del PIB;57.285332614029;Banco Mundial - World Development Indicators;2026-07-13;
Venezuela;Venezuela, RB;VE;VEN;Latin America & Caribbean;Not classified;1978;Macroeconomía;macroeconomia;Estructura productiva;estructura_productiva;NV.SRV.TOTL.ZS;Valor agregado de los servicios como porcentaje del PIB;60.160298119011;Banco Mundial - World Development Indicators;2026-07-13;
Venezuela;Venezuela, RB;VE;VEN;Latin America & Caribbean;Not classified;1979;Macroeconomía;macroeconomia;Estructura productiva;estructura_productiva;NV.SRV.TOTL.ZS;Valor agregado de los servicios como porcentaje del PIB;54.9285394513255;Banco Mundial - World Development Indicators;2026-07-13;
Venezuela;Venezuela, RB;VE;VEN;Latin America & Caribbean;Not classified;1980;Macroeconomía;macroeconomia;Estructura productiva;estructura_productiva;NV.SRV.TOTL.ZS;Valor agregado de los servicios como porcentaje del PIB;53.863714147466;Banco Mundial - World Development Indicators;2026-07-13;
Venezuela;Venezuela, RB;VE;VEN;Latin America & Caribbean;Not classified;1981;Macroeconomía;macroeconomia;Estructura productiva;estructura_productiva;NV.SRV.TOTL.ZS;Valor agregado de los servicios como porcentaje del PIB;56.1667625031556;Banco Mundial - World Development Indicators;2026-07-13;
Venezuela;Venezuela, RB;VE;VEN;Latin America & Caribbean;Not classified;1982;Macroeconomía;macroeconomia;Estructura productiva;estructura_productiva;NV.SRV.TOTL.ZS;Valor agregado de los servicios como porcentaje del PIB;58.4518381696582;Banco Mundial - World Development Indicators;2026-07-13;
Venezuela;Venezuela, RB;VE;VEN;Latin America & Caribbean;Not classified;1983;Macroeconomía;macroeconomia;Estructura productiva;estructura_productiva;NV.SRV.TOTL.ZS;Valor agregado de los servicios como porcentaje del PIB;61.0546245679743;Banco Mundial - World Development Indicators;2026-07-13;
Venezuela;Venezuela, RB;VE;VEN;Latin America & Caribbean;Not classified;1984;Macroeconomía;macroeconomia;Estructura productiva;estructura_productiva;NV.SRV.TOTL.ZS;Valor agregado de los servicios como porcentaje del PIB;37.4177760003047;Banco Mundial - World Development Indicators;2026-07-13;
Venezuela;Venezuela, RB;VE;VEN;Latin America & Caribbean;Not classified;1985;Macroeconomía;macroeconomia;Estructura productiva;estructura_productiva;NV.SRV.TOTL.ZS;Valor agregado de los servicios como porcentaje del PIB;38.113594453685;Banco Mundial - World Development Indicators;2026-07-13;
Venezuela;Venezuela, RB;VE;VEN;Latin America & Caribbean;Not classified;1986;Macroeconomía;macroeconomia;Estructura productiva;estructura_productiva;NV.SRV.TOTL.ZS;Valor agregado de los servicios como porcentaje del PIB;42.3918171931345;Banco Mundial - World Development Indicators;2026-07-13;
Venezuela;Venezuela, RB;VE;VEN;Latin America & Caribbean;Not classified;1987;Macroeconomía;macroeconomia;Estructura productiva;estructura_productiva;NV.SRV.TOTL.ZS;Valor agregado de los servicios como porcentaje del PIB;38.764152717968;Banco Mundial - World Development Indicators;2026-07-13;
Venezuela;Venezuela, RB;VE;VEN;Latin America & Caribbean;Not classified;1988;Macroeconomía;macroeconomia;Estructura productiva;estructura_productiva;NV.SRV.TOTL.ZS;Valor agregado de los servicios como porcentaje del PIB;39.8318872576244;Banco Mundial - World Development Indicators;2026-07-13;
Venezuela;Venezuela, RB;VE;VEN;Latin America & Caribbean;Not classified;1989;Macroeconomía;macroeconomia;Estructura productiva;estructura_productiva;NV.SRV.TOTL.ZS;Valor agregado de los servicios como porcentaje del PIB;34.2879483779044;Banco Mundial - World Development Indicators;2026-07-13;
Venezuela;Venezuela, RB;VE;VEN;Latin America & Caribbean;Not classified;1990;Macroeconomía;macroeconomia;Estructura productiva;estructura_productiva;NV.SRV.TOTL.ZS;Valor agregado de los servicios como porcentaje del PIB;32.3949034358066;Banco Mundial - World Development Indicators;2026-07-13;
Venezuela;Venezuela, RB;VE;VEN;Latin America & Caribbean;Not classified;1991;Macroeconomía;macroeconomia;Estructura productiva;estructura_productiva;NV.SRV.TOTL.ZS;Valor agregado de los servicios como porcentaje del PIB;0.0;Banco Mundial - World Development Indicators;2026-07-13;
Venezuela;Venezuela, RB;VE;VEN;Latin America & Caribbean;Not classified;1992;Macroeconomía;macroeconomia;Estructura productiva;estructura_productiva;NV.SRV.TOTL.ZS;Valor agregado de los servicios como porcentaje del PIB;0.0;Banco Mundial - World Development Indicators;2026-07-13;
Venezuela;Venezuela, RB;VE;VEN;Latin America & Caribbean;Not classified;1993;Macroeconomía;macroeconomia;Estructura productiva;estructura_productiva;NV.SRV.TOTL.ZS;Valor agregado de los servicios como porcentaje del PIB;0.0;Banco Mundial - World Development Indicators;2026-07-13;
Venezuela;Venezuela, RB;VE;VEN;Latin America & Caribbean;Not classified;1994;Macroeconomía;macroeconomia;Estructura productiva;estructura_productiva;NV.SRV.TOTL.ZS;Valor agregado de los servicios como porcentaje del PIB;0.0;Banco Mundial - World Development Indicators;2026-07-13;
Venezuela;Venezuela, RB;VE;VEN;Latin America & Caribbean;Not classified;1995;Macroeconomía;macroeconomia;Estructura productiva;estructura_productiva;NV.SRV.TOTL.ZS;Valor agregado de los servicios como porcentaje del PIB;0.0;Banco Mundial - World Development Indicators;2026-07-13;
Venezuela;Venezuela, RB;VE;VEN;Latin America & Caribbean;Not classified;1996;Macroeconomía;macroeconomia;Estructura productiva;estructura_productiva;NV.SRV.TOTL.ZS;Valor agregado de los servicios como porcentaje del PIB;0.0;Banco Mundial - World Development Indicators;2026-07-13;
Venezuela;Venezuela, RB;VE;VEN;Latin America & Caribbean;Not classified;1997;Macroeconomía;macroeconomia;Estructura productiva;estructura_productiva;NV.SRV.TOTL.ZS;Valor agregado de los servicios como porcentaje del PIB;0.0;Banco Mundial - World Development Indicators;2026-07-13;
Venezuela;Venezuela, RB;VE;VEN;Latin America & Caribbean;Not classified;1998;Macroeconomía;macroeconomia;Estructura productiva;estructura_productiva;NV.SRV.TOTL.ZS;Valor agregado de los servicios como porcentaje del PIB;0.0;Banco Mundial - World Development Indicators;2026-07-13;
Venezuela;Venezuela, RB;VE;VEN;Latin America & Caribbean;Not classified;1999;Macroeconomía;macroeconomia;Estructura productiva;estructura_productiva;NV.SRV.TOTL.ZS;Valor agregado de los servicios como porcentaje del PIB;0.0;Banco Mundial - World Development Indicators;2026-07-13;
Venezuela;Venezuela, RB;VE;VEN;Latin America & Caribbean;Not classified;2000;Macroeconomía;macroeconomia;Estructura productiva;estructura_productiva;NV.SRV.TOTL.ZS;Valor agregado de los servicios como porcentaje del PIB;0.0;Banco Mundial - World Development Indicators;2026-07-13;
Venezuela;Venezuela, RB;VE;VEN;Latin America & Caribbean;Not classified;2001;Macroeconomía;macroeconomia;Estructura productiva;estructura_productiva;NV.SRV.TOTL.ZS;Valor agregado de los servicios como porcentaje del PIB;0.0;Banco Mundial - World Development Indicators;2026-07-13;
Venezuela;Venezuela, RB;VE;VEN;Latin America & Caribbean;Not classified;2002;Macroeconomía;macroeconomia;Estructura productiva;estructura_productiva;NV.SRV.TOTL.ZS;Valor agregado de los servicios como porcentaje del PIB;0.0;Banco Mundial - World Development Indicators;2026-07-13;
Venezuela;Venezuela, RB;VE;VEN;Latin America & Caribbean;Not classified;2003;Macroeconomía;macroeconomia;Estructura productiva;estructura_productiva;NV.SRV.TOTL.ZS;Valor agregado de los servicios como porcentaje del PIB;0.0;Banco Mundial - World Development Indicators;2026-07-13;
Venezuela;Venezuela, RB;VE;VEN;Latin America & Caribbean;Not classified;2004;Macroeconomía;macroeconomia;Estructura productiva;estructura_productiva;NV.SRV.TOTL.ZS;Valor agregado de los servicios como porcentaje del PIB;0.0;Banco Mundial - World Development Indicators;2026-07-13;
Venezuela;Venezuela, RB;VE;VEN;Latin America & Caribbean;Not classified;2005;Macroeconomía;macroeconomia;Estructura productiva;estructura_productiva;NV.SRV.TOTL.ZS;Valor agregado de los servicios como porcentaje del PIB;0.0;Banco Mundial - World Development Indicators;2026-07-13;
Venezuela;Venezuela, RB;VE;VEN;Latin America & Caribbean;Not classified;2006;Macroeconomía;macroeconomia;Estructura productiva;estructura_productiva;NV.SRV.TOTL.ZS;Valor agregado de los servicios como porcentaje del PIB;0.0;Banco Mundial - World Development Indicators;2026-07-13;
Venezuela;Venezuela, RB;VE;VEN;Latin America & Caribbean;Not classified;2007;Macroeconomía;macroeconomia;Estructura productiva;estructura_productiva;NV.SRV.TOTL.ZS;Valor agregado de los servicios como porcentaje del PIB;0.0;Banco Mundial - World Development Indicators;2026-07-13;
Venezuela;Venezuela, RB;VE;VEN;Latin America & Caribbean;Not classified;2008;Macroeconomía;macroeconomia;Estructura productiva;estructura_productiva;NV.SRV.TOTL.ZS;Valor agregado de los servicios como porcentaje del PIB;0.0;Banco Mundial - World Development Indicators;2026-07-13;
Venezuela;Venezuela, RB;VE;VEN;Latin America & Caribbean;Not classified;2009;Macroeconomía;macroeconomia;Estructura productiva;estructura_productiva;NV.SRV.TOTL.ZS;Valor agregado de los servicios como porcentaje del PIB;0.0;Banco Mundial - World Development Indicators;2026-07-13;
Venezuela;Venezuela, RB;VE;VEN;Latin America & Caribbean;Not classified;2010;Macroeconomía;macroeconomia;Estructura productiva;estructura_productiva;NV.SRV.TOTL.ZS;Valor agregado de los servicios como porcentaje del PIB;0.0;Banco Mundial - World Development Indicators;2026-07-13;
Venezuela;Venezuela, RB;VE;VEN;Latin America & Caribbean;Not classified;2011;Macroeconomía;macroeconomia;Estructura productiva;estructura_productiva;NV.SRV.TOTL.ZS;Valor agregado de los servicios como porcentaje del PIB;0.0;Banco Mundial - World Development Indicators;2026-07-13;
Venezuela;Venezuela, RB;VE;VEN;Latin America & Caribbean;Not classified;2012;Macroeconomía;macroeconomia;Estructura productiva;estructura_productiva;NV.SRV.TOTL.ZS;Valor agregado de los servicios como porcentaje del PIB;;Banco Mundial - World Development Indicators;2026-07-13;
Venezuela;Venezuela, RB;VE;VEN;Latin America & Caribbean;Not classified;2013;Macroeconomía;macroeconomia;Estructura productiva;estructura_productiva;NV.SRV.TOTL.ZS;Valor agregado de los servicios como porcentaje del PIB;;Banco Mundial - World Development Indicators;2026-07-13;
Venezuela;Venezuela, RB;VE;VEN;Latin America & Caribbean;Not classified;2014;Macroeconomía;macroeconomia;Estructura productiva;estructura_productiva;NV.SRV.TOTL.ZS;Valor agregado de los servicios como porcentaje del PIB;;Banco Mundial - World Development Indicators;2026-07-13;
Venezuela;Venezuela, RB;VE;VEN;Latin America & Caribbean;Not classified;2015;Macroeconomía;macroeconomia;Estructura productiva;estructura_productiva;NV.SRV.TOTL.ZS;Valor agregado de los servicios como porcentaje del PIB;;Banco Mundial - World Development Indicators;2026-07-13;
Venezuela;Venezuela, RB;VE;VEN;Latin America & Caribbean;Not classified;2016;Macroeconomía;macroeconomia;Estructura productiva;estructura_productiva;NV.SRV.TOTL.ZS;Valor agregado de los servicios como porcentaje del PIB;;Banco Mundial - World Development Indicators;2026-07-13;
Venezuela;Venezuela, RB;VE;VEN;Latin America & Caribbean;Not classified;2017;Macroeconomía;macroeconomia;Estructura productiva;estructura_productiva;NV.SRV.TOTL.ZS;Valor agregado de los servicios como porcentaje del PIB;;Banco Mundial - World Development Indicators;2026-07-13;
Venezuela;Venezuela, RB;VE;VEN;Latin America & Caribbean;Not classified;2018;Macroeconomía;macroeconomia;Estructura productiva;estructura_productiva;NV.SRV.TOTL.ZS;Valor agregado de los servicios como porcentaje del PIB;;Banco Mundial - World Development Indicators;2026-07-13;
Venezuela;Venezuela, RB;VE;VEN;Latin America & Caribbean;Not classified;2019;Macroeconomía;macroeconomia;Estructura productiva;estructura_productiva;NV.SRV.TOTL.ZS;Valor agregado de los servicios como porcentaje del PIB;;Banco Mundial - World Development Indicators;2026-07-13;
Venezuela;Venezuela, RB;VE;VEN;Latin America & Caribbean;Not classified;2020;Macroeconomía;macroeconomia;Estructura productiva;estructura_productiva;NV.SRV.TOTL.ZS;Valor agregado de los servicios como porcentaje del PIB;;Banco Mundial - World Development Indicators;2026-07-13;
Venezuela;Venezuela, RB;VE;VEN;Latin America & Caribbean;Not classified;2021;Macroeconomía;macroeconomia;Estructura productiva;estructura_productiva;NV.SRV.TOTL.ZS;Valor agregado de los servicios como porcentaje del PIB;;Banco Mundial - World Development Indicators;2026-07-13;
Venezuela;Venezuela, RB;VE;VEN;Latin America & Caribbean;Not classified;2022;Macroeconomía;macroeconomia;Estructura productiva;estructura_productiva;NV.SRV.TOTL.ZS;Valor agregado de los servicios como porcentaje del PIB;;Banco Mundial - World Development Indicators;2026-07-13;
Venezuela;Venezuela, RB;VE;VEN;Latin America & Caribbean;Not classified;2023;Macroeconomía;macroeconomia;Estructura productiva;estructura_productiva;NV.SRV.TOTL.ZS;Valor agregado de los servicios como porcentaje del PIB;;Banco Mundial - World Development Indicators;2026-07-13;
Venezuela;Venezuela, RB;VE;VEN;Latin America & Caribbean;Not classified;2024;Macroeconomía;macroeconomia;Estructura productiva;estructura_productiva;NV.SRV.TOTL.ZS;Valor agregado de los servicios como porcentaje del PIB;;Banco Mundial - World Development Indicators;2026-07-13;
Venezuela;Venezuela, RB;VE;VEN;Latin America & Caribbean;Not classified;2025;Macroeconomía;macroeconomia;Estructura productiva;estructura_productiva;NV.SRV.TOTL.ZS;Valor agregado de los servicios como porcentaje del PIB;;Banco Mundial - World Development Indicators;2026-07-13;
Venezuela;Venezuela, RB;VE;VEN;Latin America & Caribbean;Not classified;1960;Macroeconomía;macroeconomia;PIB y crecimiento;pib_y_crecimiento;NY.GDP.MKTP.CD;PIB en dólares corrientes;7663938303.07171;Banco Mundial - World Development Indicators;2026-07-13;
Venezuela;Venezuela, RB;VE;VEN;Latin America & Caribbean;Not classified;1961;Macroeconomía;macroeconomia;PIB y crecimiento;pib_y_crecimiento;NY.GDP.MKTP.CD;PIB en dólares corrientes;8067267030.61862;Banco Mundial - World Development Indicators;2026-07-13;
Venezuela;Venezuela, RB;VE;VEN;Latin America & Caribbean;Not classified;1962;Macroeconomía;macroeconomia;PIB y crecimiento;pib_y_crecimiento;NY.GDP.MKTP.CD;PIB en dólares corrientes;8814309884.21165;Banco Mundial - World Development Indicators;2026-07-13;
Venezuela;Venezuela, RB;VE;VEN;Latin America & Caribbean;Not classified;1963;Macroeconomía;macroeconomia;PIB y crecimiento;pib_y_crecimiento;NY.GDP.MKTP.CD;PIB en dólares corrientes;9608717288.17057;Banco Mundial - World Development Indicators;2026-07-13;
Venezuela;Venezuela, RB;VE;VEN;Latin America & Caribbean;Not classified;1964;Macroeconomía;macroeconomia;PIB y crecimiento;pib_y_crecimiento;NY.GDP.MKTP.CD;PIB en dólares corrientes;8192413793.10345;Banco Mundial - World Development Indicators;2026-07-13;
Venezuela;Venezuela, RB;VE;VEN;Latin America & Caribbean;Not classified;1965;Macroeconomía;macroeconomia;PIB y crecimiento;pib_y_crecimiento;NY.GDP.MKTP.CD;PIB en dólares corrientes;8427777777.77778;Banco Mundial - World Development Indicators;2026-07-13;
Venezuela;Venezuela, RB;VE;VEN;Latin America & Caribbean;Not classified;1966;Macroeconomía;macroeconomia;PIB y crecimiento;pib_y_crecimiento;NY.GDP.MKTP.CD;PIB en dólares corrientes;8781333333.33333;Banco Mundial - World Development Indicators;2026-07-13;
Venezuela;Venezuela, RB;VE;VEN;Latin America & Caribbean;Not classified;1967;Macroeconomía;macroeconomia;PIB y crecimiento;pib_y_crecimiento;NY.GDP.MKTP.CD;PIB en dólares corrientes;9250000000.0;Banco Mundial - World Development Indicators;2026-07-13;
Venezuela;Venezuela, RB;VE;VEN;Latin America & Caribbean;Not classified;1968;Macroeconomía;macroeconomia;PIB y crecimiento;pib_y_crecimiento;NY.GDP.MKTP.CD;PIB en dólares corrientes;10034444444.4444;Banco Mundial - World Development Indicators;2026-07-13;
Venezuela;Venezuela, RB;VE;VEN;Latin America & Caribbean;Not classified;1969;Macroeconomía;macroeconomia;PIB y crecimiento;pib_y_crecimiento;NY.GDP.MKTP.CD;PIB en dólares corrientes;10285111111.1111;Banco Mundial - World Development Indicators;2026-07-13;
Venezuela;Venezuela, RB;VE;VEN;Latin America & Caribbean;Not classified;1970;Macroeconomía;macroeconomia;PIB y crecimiento;pib_y_crecimiento;NY.GDP.MKTP.CD;PIB en dólares corrientes;11561111111.1111;Banco Mundial - World Development Indicators;2026-07-13;
Venezuela;Venezuela, RB;VE;VEN;Latin America & Caribbean;Not classified;1971;Macroeconomía;macroeconomia;PIB y crecimiento;pib_y_crecimiento;NY.GDP.MKTP.CD;PIB en dólares corrientes;12986590909.0909;Banco Mundial - World Development Indicators;2026-07-13;
Venezuela;Venezuela, RB;VE;VEN;Latin America & Caribbean;Not classified;1972;Macroeconomía;macroeconomia;PIB y crecimiento;pib_y_crecimiento;NY.GDP.MKTP.CD;PIB en dólares corrientes;13977727272.7273;Banco Mundial - World Development Indicators;2026-07-13;
Venezuela;Venezuela, RB;VE;VEN;Latin America & Caribbean;Not classified;1973;Macroeconomía;macroeconomia;PIB y crecimiento;pib_y_crecimiento;NY.GDP.MKTP.CD;PIB en dólares corrientes;17035581395.3488;Banco Mundial - World Development Indicators;2026-07-13;
Venezuela;Venezuela, RB;VE;VEN;Latin America & Caribbean;Not classified;1974;Macroeconomía;macroeconomia;PIB y crecimiento;pib_y_crecimiento;NY.GDP.MKTP.CD;PIB en dólares corrientes;26100930232.5581;Banco Mundial - World Development Indicators;2026-07-13;
Venezuela;Venezuela, RB;VE;VEN;Latin America & Caribbean;Not classified;1975;Macroeconomía;macroeconomia;PIB y crecimiento;pib_y_crecimiento;NY.GDP.MKTP.CD;PIB en dólares corrientes;27464651162.7907;Banco Mundial - World Development Indicators;2026-07-13;
Venezuela;Venezuela, RB;VE;VEN;Latin America & Caribbean;Not classified;1976;Macroeconomía;macroeconomia;PIB y crecimiento;pib_y_crecimiento;NY.GDP.MKTP.CD;PIB en dólares corrientes;31419534883.7209;Banco Mundial - World Development Indicators;2026-07-13;
Venezuela;Venezuela, RB;VE;VEN;Latin America & Caribbean;Not classified;1977;Macroeconomía;macroeconomia;PIB y crecimiento;pib_y_crecimiento;NY.GDP.MKTP.CD;PIB en dólares corrientes;36210697674.4186;Banco Mundial - World Development Indicators;2026-07-13;
Venezuela;Venezuela, RB;VE;VEN;Latin America & Caribbean;Not classified;1978;Macroeconomía;macroeconomia;PIB y crecimiento;pib_y_crecimiento;NY.GDP.MKTP.CD;PIB en dólares corrientes;39316279069.7674;Banco Mundial - World Development Indicators;2026-07-13;
Venezuela;Venezuela, RB;VE;VEN;Latin America & Caribbean;Not classified;1979;Macroeconomía;macroeconomia;PIB y crecimiento;pib_y_crecimiento;NY.GDP.MKTP.CD;PIB en dólares corrientes;48310930232.5581;Banco Mundial - World Development Indicators;2026-07-13;
Venezuela;Venezuela, RB;VE;VEN;Latin America & Caribbean;Not classified;1980;Macroeconomía;macroeconomia;PIB y crecimiento;pib_y_crecimiento;NY.GDP.MKTP.CD;PIB en dólares corrientes;59116511627.907;Banco Mundial - World Development Indicators;2026-07-13;
Venezuela;Venezuela, RB;VE;VEN;Latin America & Caribbean;Not classified;1981;Macroeconomía;macroeconomia;PIB y crecimiento;pib_y_crecimiento;NY.GDP.MKTP.CD;PIB en dólares corrientes;66327441860.4651;Banco Mundial - World Development Indicators;2026-07-13;
Venezuela;Venezuela, RB;VE;VEN;Latin America & Caribbean;Not classified;1982;Macroeconomía;macroeconomia;PIB y crecimiento;pib_y_crecimiento;NY.GDP.MKTP.CD;PIB en dólares corrientes;67736744186.0465;Banco Mundial - World Development Indicators;2026-07-13;
Venezuela;Venezuela, RB;VE;VEN;Latin America & Caribbean;Not classified;1983;Macroeconomía;macroeconomia;PIB y crecimiento;pib_y_crecimiento;NY.GDP.MKTP.CD;PIB en dólares corrientes;67556279069.7674;Banco Mundial - World Development Indicators;2026-07-13;
Venezuela;Venezuela, RB;VE;VEN;Latin America & Caribbean;Not classified;1984;Macroeconomía;macroeconomia;PIB y crecimiento;pib_y_crecimiento;NY.GDP.MKTP.CD;PIB en dólares corrientes;59867743467.9335;Banco Mundial - World Development Indicators;2026-07-13;
Venezuela;Venezuela, RB;VE;VEN;Latin America & Caribbean;Not classified;1985;Macroeconomía;macroeconomia;PIB y crecimiento;pib_y_crecimiento;NY.GDP.MKTP.CD;PIB en dólares corrientes;61965466666.6667;Banco Mundial - World Development Indicators;2026-07-13;
Venezuela;Venezuela, RB;VE;VEN;Latin America & Caribbean;Not classified;1986;Macroeconomía;macroeconomia;PIB y crecimiento;pib_y_crecimiento;NY.GDP.MKTP.CD;PIB en dólares corrientes;60516123711.3402;Banco Mundial - World Development Indicators;2026-07-13;
Venezuela;Venezuela, RB;VE;VEN;Latin America & Caribbean;Not classified;1987;Macroeconomía;macroeconomia;PIB y crecimiento;pib_y_crecimiento;NY.GDP.MKTP.CD;PIB en dólares corrientes;48029034482.7586;Banco Mundial - World Development Indicators;2026-07-13;
Venezuela;Venezuela, RB;VE;VEN;Latin America & Caribbean;Not classified;1988;Macroeconomía;macroeconomia;PIB y crecimiento;pib_y_crecimiento;NY.GDP.MKTP.CD;PIB en dólares corrientes;60226413793.1035;Banco Mundial - World Development Indicators;2026-07-13;
Venezuela;Venezuela, RB;VE;VEN;Latin America & Caribbean;Not classified;1989;Macroeconomía;macroeconomia;PIB y crecimiento;pib_y_crecimiento;NY.GDP.MKTP.CD;PIB en dólares corrientes;43536709104.0115;Banco Mundial - World Development Indicators;2026-07-13;
Venezuela;Venezuela, RB;VE;VEN;Latin America & Caribbean;Not classified;1990;Macroeconomía;macroeconomia;PIB y crecimiento;pib_y_crecimiento;NY.GDP.MKTP.CD;PIB en dólares corrientes;48606952194.7752;Banco Mundial - World Development Indicators;2026-07-13;
Venezuela;Venezuela, RB;VE;VEN;Latin America & Caribbean;Not classified;1991;Macroeconomía;macroeconomia;PIB y crecimiento;pib_y_crecimiento;NY.GDP.MKTP.CD;PIB en dólares corrientes;53453444786.6256;Banco Mundial - World Development Indicators;2026-07-13;
Venezuela;Venezuela, RB;VE;VEN;Latin America & Caribbean;Not classified;1992;Macroeconomía;macroeconomia;PIB y crecimiento;pib_y_crecimiento;NY.GDP.MKTP.CD;PIB en dólares corrientes;60416519620.0849;Banco Mundial - World Development Indicators;2026-07-13;
Venezuela;Venezuela, RB;VE;VEN;Latin America & Caribbean;Not classified;1993;Macroeconomía;macroeconomia;PIB y crecimiento;pib_y_crecimiento;NY.GDP.MKTP.CD;PIB en dólares corrientes;60037460783.1941;Banco Mundial - World Development Indicators;2026-07-13;
Venezuela;Venezuela, RB;VE;VEN;Latin America & Caribbean;Not classified;1994;Macroeconomía;macroeconomia;PIB y crecimiento;pib_y_crecimiento;NY.GDP.MKTP.CD;PIB en dólares corrientes;58418666666.6667;Banco Mundial - World Development Indicators;2026-07-13;
Venezuela;Venezuela, RB;VE;VEN;Latin America & Caribbean;Not classified;1995;Macroeconomía;macroeconomia;PIB y crecimiento;pib_y_crecimiento;NY.GDP.MKTP.CD;PIB en dólares corrientes;77389487770.0883;Banco Mundial - World Development Indicators;2026-07-13;
Venezuela;Venezuela, RB;VE;VEN;Latin America & Caribbean;Not classified;1996;Macroeconomía;macroeconomia;PIB y crecimiento;pib_y_crecimiento;NY.GDP.MKTP.CD;PIB en dólares corrientes;70543211119.099;Banco Mundial - World Development Indicators;2026-07-13;
Venezuela;Venezuela, RB;VE;VEN;Latin America & Caribbean;Not classified;1997;Macroeconomía;macroeconomia;PIB y crecimiento;pib_y_crecimiento;NY.GDP.MKTP.CD;PIB en dólares corrientes;85837678559.8324;Banco Mundial - World Development Indicators;2026-07-13;
Venezuela;Venezuela, RB;VE;VEN;Latin America & Caribbean;Not classified;1998;Macroeconomía;macroeconomia;PIB y crecimiento;pib_y_crecimiento;NY.GDP.MKTP.CD;PIB en dólares corrientes;91336763255.0597;Banco Mundial - World Development Indicators;2026-07-13;
Venezuela;Venezuela, RB;VE;VEN;Latin America & Caribbean;Not classified;1999;Macroeconomía;macroeconomia;PIB y crecimiento;pib_y_crecimiento;NY.GDP.MKTP.CD;PIB en dólares corrientes;97972842461.5131;Banco Mundial - World Development Indicators;2026-07-13;
Venezuela;Venezuela, RB;VE;VEN;Latin America & Caribbean;Not classified;2000;Macroeconomía;macroeconomia;PIB y crecimiento;pib_y_crecimiento;NY.GDP.MKTP.CD;PIB en dólares corrientes;117146466002.661;Banco Mundial - World Development Indicators;2026-07-13;
Venezuela;Venezuela, RB;VE;VEN;Latin America & Caribbean;Not classified;2001;Macroeconomía;macroeconomia;PIB y crecimiento;pib_y_crecimiento;NY.GDP.MKTP.CD;PIB en dólares corrientes;122911036746.729;Banco Mundial - World Development Indicators;2026-07-13;
Venezuela;Venezuela, RB;VE;VEN;Latin America & Caribbean;Not classified;2002;Macroeconomía;macroeconomia;PIB y crecimiento;pib_y_crecimiento;NY.GDP.MKTP.CD;PIB en dólares corrientes;92893587733.6549;Banco Mundial - World Development Indicators;2026-07-13;
Venezuela;Venezuela, RB;VE;VEN;Latin America & Caribbean;Not classified;2003;Macroeconomía;macroeconomia;PIB y crecimiento;pib_y_crecimiento;NY.GDP.MKTP.CD;PIB en dólares corrientes;83620628582.1082;Banco Mundial - World Development Indicators;2026-07-13;
Venezuela;Venezuela, RB;VE;VEN;Latin America & Caribbean;Not classified;2004;Macroeconomía;macroeconomia;PIB y crecimiento;pib_y_crecimiento;NY.GDP.MKTP.CD;PIB en dólares corrientes;112451400424.964;Banco Mundial - World Development Indicators;2026-07-13;
Venezuela;Venezuela, RB;VE;VEN;Latin America & Caribbean;Not classified;2005;Macroeconomía;macroeconomia;PIB y crecimiento;pib_y_crecimiento;NY.GDP.MKTP.CD;PIB en dólares corrientes;145513489651.872;Banco Mundial - World Development Indicators;2026-07-13;
Venezuela;Venezuela, RB;VE;VEN;Latin America & Caribbean;Not classified;2006;Macroeconomía;macroeconomia;PIB y crecimiento;pib_y_crecimiento;NY.GDP.MKTP.CD;PIB en dólares corrientes;183477522123.894;Banco Mundial - World Development Indicators;2026-07-13;
Venezuela;Venezuela, RB;VE;VEN;Latin America & Caribbean;Not classified;2007;Macroeconomía;macroeconomia;PIB y crecimiento;pib_y_crecimiento;NY.GDP.MKTP.CD;PIB en dólares corrientes;230364012575.687;Banco Mundial - World Development Indicators;2026-07-13;
Venezuela;Venezuela, RB;VE;VEN;Latin America & Caribbean;Not classified;2008;Macroeconomía;macroeconomia;PIB y crecimiento;pib_y_crecimiento;NY.GDP.MKTP.CD;PIB en dólares corrientes;315953388510.678;Banco Mundial - World Development Indicators;2026-07-13;
Venezuela;Venezuela, RB;VE;VEN;Latin America & Caribbean;Not classified;2009;Macroeconomía;macroeconomia;PIB y crecimiento;pib_y_crecimiento;NY.GDP.MKTP.CD;PIB en dólares corrientes;329787628928.472;Banco Mundial - World Development Indicators;2026-07-13;
Venezuela;Venezuela, RB;VE;VEN;Latin America & Caribbean;Not classified;2010;Macroeconomía;macroeconomia;PIB y crecimiento;pib_y_crecimiento;NY.GDP.MKTP.CD;PIB en dólares corrientes;393192354510.653;Banco Mundial - World Development Indicators;2026-07-13;
Venezuela;Venezuela, RB;VE;VEN;Latin America & Caribbean;Not classified;2011;Macroeconomía;macroeconomia;PIB y crecimiento;pib_y_crecimiento;NY.GDP.MKTP.CD;PIB en dólares corrientes;316482190800.364;Banco Mundial - World Development Indicators;2026-07-13;
Venezuela;Venezuela, RB;VE;VEN;Latin America & Caribbean;Not classified;2012;Macroeconomía;macroeconomia;PIB y crecimiento;pib_y_crecimiento;NY.GDP.MKTP.CD;PIB en dólares corrientes;371846610182.327;Banco Mundial - World Development Indicators;2026-07-13;
Venezuela;Venezuela, RB;VE;VEN;Latin America & Caribbean;Not classified;2013;Macroeconomía;macroeconomia;PIB y crecimiento;pib_y_crecimiento;NY.GDP.MKTP.CD;PIB en dólares corrientes;258512396297.714;Banco Mundial - World Development Indicators;2026-07-13;
Venezuela;Venezuela, RB;VE;VEN;Latin America & Caribbean;Not classified;2014;Macroeconomía;macroeconomia;PIB y crecimiento;pib_y_crecimiento;NY.GDP.MKTP.CD;PIB en dólares corrientes;214838755021.964;Banco Mundial - World Development Indicators;2026-07-13;
Venezuela;Venezuela, RB;VE;VEN;Latin America & Caribbean;Not classified;2015;Macroeconomía;macroeconomia;PIB y crecimiento;pib_y_crecimiento;NY.GDP.MKTP.CD;PIB en dólares corrientes;125249941853.534;Banco Mundial - World Development Indicators;2026-07-13;
Venezuela;Venezuela, RB;VE;VEN;Latin America & Caribbean;Not classified;2016;Macroeconomía;macroeconomia;PIB y crecimiento;pib_y_crecimiento;NY.GDP.MKTP.CD;PIB en dólares corrientes;112948035494.959;Banco Mundial - World Development Indicators;2026-07-13;
Venezuela;Venezuela, RB;VE;VEN;Latin America & Caribbean;Not classified;2017;Macroeconomía;macroeconomia;PIB y crecimiento;pib_y_crecimiento;NY.GDP.MKTP.CD;PIB en dólares corrientes;115892475742.789;Banco Mundial - World Development Indicators;2026-07-13;
Venezuela;Venezuela, RB;VE;VEN;Latin America & Caribbean;Not classified;2018;Macroeconomía;macroeconomia;PIB y crecimiento;pib_y_crecimiento;NY.GDP.MKTP.CD;PIB en dólares corrientes;101987075928.918;Banco Mundial - World Development Indicators;2026-07-13;
Venezuela;Venezuela, RB;VE;VEN;Latin America & Caribbean;Not classified;2019;Macroeconomía;macroeconomia;PIB y crecimiento;pib_y_crecimiento;NY.GDP.MKTP.CD;PIB en dólares corrientes;73014157107.594;Banco Mundial - World Development Indicators;2026-07-13;
Venezuela;Venezuela, RB;VE;VEN;Latin America & Caribbean;Not classified;2020;Macroeconomía;macroeconomia;PIB y crecimiento;pib_y_crecimiento;NY.GDP.MKTP.CD;PIB en dólares corrientes;42837965906.8675;Banco Mundial - World Development Indicators;2026-07-13;
Venezuela;Venezuela, RB;VE;VEN;Latin America & Caribbean;Not classified;2021;Macroeconomía;macroeconomia;PIB y crecimiento;pib_y_crecimiento;NY.GDP.MKTP.CD;PIB en dólares corrientes;56615026262.6535;Banco Mundial - World Development Indicators;2026-07-13;
Venezuela;Venezuela, RB;VE;VEN;Latin America & Caribbean;Not classified;2022;Macroeconomía;macroeconomia;PIB y crecimiento;pib_y_crecimiento;NY.GDP.MKTP.CD;PIB en dólares corrientes;89013251020.9831;Banco Mundial - World Development Indicators;2026-07-13;
Venezuela;Venezuela, RB;VE;VEN;Latin America & Caribbean;Not classified;2023;Macroeconomía;macroeconomia;PIB y crecimiento;pib_y_crecimiento;NY.GDP.MKTP.CD;PIB en dólares corrientes;102377501185.925;Banco Mundial - World Development Indicators;2026-07-13;
Venezuela;Venezuela, RB;VE;VEN;Latin America & Caribbean;Not classified;2024;Macroeconomía;macroeconomia;PIB y crecimiento;pib_y_crecimiento;NY.GDP.MKTP.CD;PIB en dólares corrientes;120566112397.063;Banco Mundial - World Development Indicators;2026-07-13;
Venezuela;Venezuela, RB;VE;VEN;Latin America & Caribbean;Not classified;2025;Macroeconomía;macroeconomia;PIB y crecimiento;pib_y_crecimiento;NY.GDP.MKTP.CD;PIB en dólares corrientes;99661244155.6306;Banco Mundial - World Development Indicators;2026-07-13;
Venezuela;Venezuela, RB;VE;VEN;Latin America & Caribbean;Not classified;1960;Macroeconomía;macroeconomia;PIB y crecimiento;pib_y_crecimiento;NY.GDP.MKTP.KD.ZG;Crecimiento real del PIB;;Banco Mundial - World Development Indicators;2026-07-13;The read operation timed out
Venezuela;Venezuela, RB;VE;VEN;Latin America & Caribbean;Not classified;1961;Macroeconomía;macroeconomia;PIB y crecimiento;pib_y_crecimiento;NY.GDP.MKTP.KD.ZG;Crecimiento real del PIB;;Banco Mundial - World Development Indicators;2026-07-13;The read operation timed out
Venezuela;Venezuela, RB;VE;VEN;Latin America & Caribbean;Not classified;1962;Macroeconomía;macroeconomia;PIB y crecimiento;pib_y_crecimiento;NY.GDP.MKTP.KD.ZG;Crecimiento real del PIB;;Banco Mundial - World Development Indicators;2026-07-13;The read operation timed out
Venezuela;Venezuela, RB;VE;VEN;Latin America & Caribbean;Not classified;1963;Macroeconomía;macroeconomia;PIB y crecimiento;pib_y_crecimiento;NY.GDP.MKTP.KD.ZG;Crecimiento real del PIB;;Banco Mundial - World Development Indicators;2026-07-13;The read operation timed out
Venezuela;Venezuela, RB;VE;VEN;Latin America & Caribbean;Not classified;1964;Macroeconomía;macroeconomia;PIB y crecimiento;pib_y_crecimiento;NY.GDP.MKTP.KD.ZG;Crecimiento real del PIB;;Banco Mundial - World Development Indicators;2026-07-13;The read operation timed out
Venezuela;Venezuela, RB;VE;VEN;Latin America & Caribbean;Not classified;1965;Macroeconomía;macroeconomia;PIB y crecimiento;pib_y_crecimiento;NY.GDP.MKTP.KD.ZG;Crecimiento real del PIB;;Banco Mundial - World Development Indicators;2026-07-13;The read operation timed out
Venezuela;Venezuela, RB;VE;VEN;Latin America & Caribbean;Not classified;1966;Macroeconomía;macroeconomia;PIB y crecimiento;pib_y_crecimiento;NY.GDP.MKTP.KD.ZG;Crecimiento real del PIB;;Banco Mundial - World Development Indicators;2026-07-13;The read operation timed out
Venezuela;Venezuela, RB;VE;VEN;Latin America & Caribbean;Not classified;1967;Macroeconomía;macroeconomia;PIB y crecimiento;pib_y_crecimiento;NY.GDP.MKTP.KD.ZG;Crecimiento real del PIB;;Banco Mundial - World Development Indicators;2026-07-13;The read operation timed out
Venezuela;Venezuela, RB;VE;VEN;Latin America & Caribbean;Not classified;1968;Macroeconomía;macroeconomia;PIB y crecimiento;pib_y_crecimiento;NY.GDP.MKTP.KD.ZG;Crecimiento real del PIB;;Banco Mundial - World Development Indicators;2026-07-13;The read operation timed out
Venezuela;Venezuela, RB;VE;VEN;Latin America & Caribbean;Not classified;1969;Macroeconomía;macroeconomia;PIB y crecimiento;pib_y_crecimiento;NY.GDP.MKTP.KD.ZG;Crecimiento real del PIB;;Banco Mundial - World Development Indicators;2026-07-13;The read operation timed out
Venezuela;Venezuela, RB;VE;VEN;Latin America & Caribbean;Not classified;1970;Macroeconomía;macroeconomia;PIB y crecimiento;pib_y_crecimiento;NY.GDP.MKTP.KD.ZG;Crecimiento real del PIB;;Banco Mundial - World Development Indicators;2026-07-13;The read operation timed out
Venezuela;Venezuela, RB;VE;VEN;Latin America & Caribbean;Not classified;1971;Macroeconomía;macroeconomia;PIB y crecimiento;pib_y_crecimiento;NY.GDP.MKTP.KD.ZG;Crecimiento real del PIB;;Banco Mundial - World Development Indicators;2026-07-13;The read operation timed out
Venezuela;Venezuela, RB;VE;VEN;Latin America & Caribbean;Not classified;1972;Macroeconomía;macroeconomia;PIB y crecimiento;pib_y_crecimiento;NY.GDP.MKTP.KD.ZG;Crecimiento real del PIB;;Banco Mundial - World Development Indicators;2026-07-13;The read operation timed out
Venezuela;Venezuela, RB;VE;VEN;Latin America & Caribbean;Not classified;1973;Macroeconomía;macroeconomia;PIB y crecimiento;pib_y_crecimiento;NY.GDP.MKTP.KD.ZG;Crecimiento real del PIB;;Banco Mundial - World Development Indicators;2026-07-13;The read operation timed out
Venezuela;Venezuela, RB;VE;VEN;Latin America & Caribbean;Not classified;1974;Macroeconomía;macroeconomia;PIB y crecimiento;pib_y_crecimiento;NY.GDP.MKTP.KD.ZG;Crecimiento real del PIB;;Banco Mundial - World Development Indicators;2026-07-13;The read operation timed out
Venezuela;Venezuela, RB;VE;VEN;Latin America & Caribbean;Not classified;1975;Macroeconomía;macroeconomia;PIB y crecimiento;pib_y_crecimiento;NY.GDP.MKTP.KD.ZG;Crecimiento real del PIB;;Banco Mundial - World Development Indicators;2026-07-13;The read operation timed out
Venezuela;Venezuela, RB;VE;VEN;Latin America & Caribbean;Not classified;1976;Macroeconomía;macroeconomia;PIB y crecimiento;pib_y_crecimiento;NY.GDP.MKTP.KD.ZG;Crecimiento real del PIB;;Banco Mundial - World Development Indicators;2026-07-13;The read operation timed out
Venezuela;Venezuela, RB;VE;VEN;Latin America & Caribbean;Not classified;1977;Macroeconomía;macroeconomia;PIB y crecimiento;pib_y_crecimiento;NY.GDP.MKTP.KD.ZG;Crecimiento real del PIB;;Banco Mundial - World Development Indicators;2026-07-13;The read operation timed out
Venezuela;Venezuela, RB;VE;VEN;Latin America & Caribbean;Not classified;1978;Macroeconomía;macroeconomia;PIB y crecimiento;pib_y_crecimiento;NY.GDP.MKTP.KD.ZG;Crecimiento real del PIB;;Banco Mundial - World Development Indicators;2026-07-13;The read operation timed out
Venezuela;Venezuela, RB;VE;VEN;Latin America & Caribbean;Not classified;1979;Macroeconomía;macroeconomia;PIB y crecimiento;pib_y_crecimiento;NY.GDP.MKTP.KD.ZG;Crecimiento real del PIB;;Banco Mundial - World Development Indicators;2026-07-13;The read operation timed out
Venezuela;Venezuela, RB;VE;VEN;Latin America & Caribbean;Not classified;1980;Macroeconomía;macroeconomia;PIB y crecimiento;pib_y_crecimiento;NY.GDP.MKTP.KD.ZG;Crecimiento real del PIB;;Banco Mundial - World Development Indicators;2026-07-13;The read operation timed out
Venezuela;Venezuela, RB;VE;VEN;Latin America & Caribbean;Not classified;1981;Macroeconomía;macroeconomia;PIB y crecimiento;pib_y_crecimiento;NY.GDP.MKTP.KD.ZG;Crecimiento real del PIB;;Banco Mundial - World Development Indicators;2026-07-13;The read operation timed out
Venezuela;Venezuela, RB;VE;VEN;Latin America & Caribbean;Not classified;1982;Macroeconomía;macroeconomia;PIB y crecimiento;pib_y_crecimiento;NY.GDP.MKTP.KD.ZG;Crecimiento real del PIB;;Banco Mundial - World Development Indicators;2026-07-13;The read operation timed out
Venezuela;Venezuela, RB;VE;VEN;Latin America & Caribbean;Not classified;1983;Macroeconomía;macroeconomia;PIB y crecimiento;pib_y_crecimiento;NY.GDP.MKTP.KD.ZG;Crecimiento real del PIB;;Banco Mundial - World Development Indicators;2026-07-13;The read operation timed out
Venezuela;Venezuela, RB;VE;VEN;Latin America & Caribbean;Not classified;1984;Macroeconomía;macroeconomia;PIB y crecimiento;pib_y_crecimiento;NY.GDP.MKTP.KD.ZG;Crecimiento real del PIB;;Banco Mundial - World Development Indicators;2026-07-13;The read operation timed out
Venezuela;Venezuela, RB;VE;VEN;Latin America & Caribbean;Not classified;1985;Macroeconomía;macroeconomia;PIB y crecimiento;pib_y_crecimiento;NY.GDP.MKTP.KD.ZG;Crecimiento real del PIB;;Banco Mundial - World Development Indicators;2026-07-13;The read operation timed out
Venezuela;Venezuela, RB;VE;VEN;Latin America & Caribbean;Not classified;1986;Macroeconomía;macroeconomia;PIB y crecimiento;pib_y_crecimiento;NY.GDP.MKTP.KD.ZG;Crecimiento real del PIB;;Banco Mundial - World Development Indicators;2026-07-13;The read operation timed out
Venezuela;Venezuela, RB;VE;VEN;Latin America & Caribbean;Not classified;1987;Macroeconomía;macroeconomia;PIB y crecimiento;pib_y_crecimiento;NY.GDP.MKTP.KD.ZG;Crecimiento real del PIB;;Banco Mundial - World Development Indicators;2026-07-13;The read operation timed out
Venezuela;Venezuela, RB;VE;VEN;Latin America & Caribbean;Not classified;1988;Macroeconomía;macroeconomia;PIB y crecimiento;pib_y_crecimiento;NY.GDP.MKTP.KD.ZG;Crecimiento real del PIB;;Banco Mundial - World Development Indicators;2026-07-13;The read operation timed out
Venezuela;Venezuela, RB;VE;VEN;Latin America & Caribbean;Not classified;1989;Macroeconomía;macroeconomia;PIB y crecimiento;pib_y_crecimiento;NY.GDP.MKTP.KD.ZG;Crecimiento real del PIB;;Banco Mundial - World Development Indicators;2026-07-13;The read operation timed out
Venezuela;Venezuela, RB;VE;VEN;Latin America & Caribbean;Not classified;1990;Macroeconomía;macroeconomia;PIB y crecimiento;pib_y_crecimiento;NY.GDP.MKTP.KD.ZG;Crecimiento real del PIB;;Banco Mundial - World Development Indicators;2026-07-13;The read operation timed out
Venezuela;Venezuela, RB;VE;VEN;Latin America & Caribbean;Not classified;1991;Macroeconomía;macroeconomia;PIB y crecimiento;pib_y_crecimiento;NY.GDP.MKTP.KD.ZG;Crecimiento real del PIB;;Banco Mundial - World Development Indicators;2026-07-13;The read operation timed out
Venezuela;Venezuela, RB;VE;VEN;Latin America & Caribbean;Not classified;1992;Macroeconomía;macroeconomia;PIB y crecimiento;pib_y_crecimiento;NY.GDP.MKTP.KD.ZG;Crecimiento real del PIB;;Banco Mundial - World Development Indicators;2026-07-13;The read operation timed out
Venezuela;Venezuela, RB;VE;VEN;Latin America & Caribbean;Not classified;1993;Macroeconomía;macroeconomia;PIB y crecimiento;pib_y_crecimiento;NY.GDP.MKTP.KD.ZG;Crecimiento real del PIB;;Banco Mundial - World Development Indicators;2026-07-13;The read operation timed out
Venezuela;Venezuela, RB;VE;VEN;Latin America & Caribbean;Not classified;1994;Macroeconomía;macroeconomia;PIB y crecimiento;pib_y_crecimiento;NY.GDP.MKTP.KD.ZG;Crecimiento real del PIB;;Banco Mundial - World Development Indicators;2026-07-13;The read operation timed out
Venezuela;Venezuela, RB;VE;VEN;Latin America & Caribbean;Not classified;1995;Macroeconomía;macroeconomia;PIB y crecimiento;pib_y_crecimiento;NY.GDP.MKTP.KD.ZG;Crecimiento real del PIB;;Banco Mundial - World Development Indicators;2026-07-13;The read operation timed out
Venezuela;Venezuela, RB;VE;VEN;Latin America & Caribbean;Not classified;1996;Macroeconomía;macroeconomia;PIB y crecimiento;pib_y_crecimiento;NY.GDP.MKTP.KD.ZG;Crecimiento real del PIB;;Banco Mundial - World Development Indicators;2026-07-13;The read operation timed out
Venezuela;Venezuela, RB;VE;VEN;Latin America & Caribbean;Not classified;1997;Macroeconomía;macroeconomia;PIB y crecimiento;pib_y_crecimiento;NY.GDP.MKTP.KD.ZG;Crecimiento real del PIB;;Banco Mundial - World Development Indicators;2026-07-13;The read operation timed out
Venezuela;Venezuela, RB;VE;VEN;Latin America & Caribbean;Not classified;1998;Macroeconomía;macroeconomia;PIB y crecimiento;pib_y_crecimiento;NY.GDP.MKTP.KD.ZG;Crecimiento real del PIB;;Banco Mundial - World Development Indicators;2026-07-13;The read operation timed out
Venezuela;Venezuela, RB;VE;VEN;Latin America & Caribbean;Not classified;1999;Macroeconomía;macroeconomia;PIB y crecimiento;pib_y_crecimiento;NY.GDP.MKTP.KD.ZG;Crecimiento real del PIB;;Banco Mundial - World Development Indicators;2026-07-13;The read operation timed out
Venezuela;Venezuela, RB;VE;VEN;Latin America & Caribbean;Not classified;2000;Macroeconomía;macroeconomia;PIB y crecimiento;pib_y_crecimiento;NY.GDP.MKTP.KD.ZG;Crecimiento real del PIB;;Banco Mundial - World Development Indicators;2026-07-13;The read operation timed out
Venezuela;Venezuela, RB;VE;VEN;Latin America & Caribbean;Not classified;2001;Macroeconomía;macroeconomia;PIB y crecimiento;pib_y_crecimiento;NY.GDP.MKTP.KD.ZG;Crecimiento real del PIB;;Banco Mundial - World Development Indicators;2026-07-13;The read operation timed out
Venezuela;Venezuela, RB;VE;VEN;Latin America & Caribbean;Not classified;2002;Macroeconomía;macroeconomia;PIB y crecimiento;pib_y_crecimiento;NY.GDP.MKTP.KD.ZG;Crecimiento real del PIB;;Banco Mundial - World Development Indicators;2026-07-13;The read operation timed out
Venezuela;Venezuela, RB;VE;VEN;Latin America & Caribbean;Not classified;2003;Macroeconomía;macroeconomia;PIB y crecimiento;pib_y_crecimiento;NY.GDP.MKTP.KD.ZG;Crecimiento real del PIB;;Banco Mundial - World Development Indicators;2026-07-13;The read operation timed out
Venezuela;Venezuela, RB;VE;VEN;Latin America & Caribbean;Not classified;2004;Macroeconomía;macroeconomia;PIB y crecimiento;pib_y_crecimiento;NY.GDP.MKTP.KD.ZG;Crecimiento real del PIB;;Banco Mundial - World Development Indicators;2026-07-13;The read operation timed out
Venezuela;Venezuela, RB;VE;VEN;Latin America & Caribbean;Not classified;2005;Macroeconomía;macroeconomia;PIB y crecimiento;pib_y_crecimiento;NY.GDP.MKTP.KD.ZG;Crecimiento real del PIB;;Banco Mundial - World Development Indicators;2026-07-13;The read operation timed out
Venezuela;Venezuela, RB;VE;VEN;Latin America & Caribbean;Not classified;2006;Macroeconomía;macroeconomia;PIB y crecimiento;pib_y_crecimiento;NY.GDP.MKTP.KD.ZG;Crecimiento real del PIB;;Banco Mundial - World Development Indicators;2026-07-13;The read operation timed out
Venezuela;Venezuela, RB;VE;VEN;Latin America & Caribbean;Not classified;2007;Macroeconomía;macroeconomia;PIB y crecimiento;pib_y_crecimiento;NY.GDP.MKTP.KD.ZG;Crecimiento real del PIB;;Banco Mundial - World Development Indicators;2026-07-13;The read operation timed out
Venezuela;Venezuela, RB;VE;VEN;Latin America & Caribbean;Not classified;2008;Macroeconomía;macroeconomia;PIB y crecimiento;pib_y_crecimiento;NY.GDP.MKTP.KD.ZG;Crecimiento real del PIB;;Banco Mundial - World Development Indicators;2026-07-13;The read operation timed out
Venezuela;Venezuela, RB;VE;VEN;Latin America & Caribbean;Not classified;2009;Macroeconomía;macroeconomia;PIB y crecimiento;pib_y_crecimiento;NY.GDP.MKTP.KD.ZG;Crecimiento real del PIB;;Banco Mundial - World Development Indicators;2026-07-13;The read operation timed out
Venezuela;Venezuela, RB;VE;VEN;Latin America & Caribbean;Not classified;2010;Macroeconomía;macroeconomia;PIB y crecimiento;pib_y_crecimiento;NY.GDP.MKTP.KD.ZG;Crecimiento real del PIB;;Banco Mundial - World Development Indicators;2026-07-13;The read operation timed out
Venezuela;Venezuela, RB;VE;VEN;Latin America & Caribbean;Not classified;2011;Macroeconomía;macroeconomia;PIB y crecimiento;pib_y_crecimiento;NY.GDP.MKTP.KD.ZG;Crecimiento real del PIB;;Banco Mundial - World Development Indicators;2026-07-13;The read operation timed out
Venezuela;Venezuela, RB;VE;VEN;Latin America & Caribbean;Not classified;2012;Macroeconomía;macroeconomia;PIB y crecimiento;pib_y_crecimiento;NY.GDP.MKTP.KD.ZG;Crecimiento real del PIB;;Banco Mundial - World Development Indicators;2026-07-13;The read operation timed out
Venezuela;Venezuela, RB;VE;VEN;Latin America & Caribbean;Not classified;2013;Macroeconomía;macroeconomia;PIB y crecimiento;pib_y_crecimiento;NY.GDP.MKTP.KD.ZG;Crecimiento real del PIB;;Banco Mundial - World Development Indicators;2026-07-13;The read operation timed out
Venezuela;Venezuela, RB;VE;VEN;Latin America & Caribbean;Not classified;2014;Macroeconomía;macroeconomia;PIB y crecimiento;pib_y_crecimiento;NY.GDP.MKTP.KD.ZG;Crecimiento real del PIB;;Banco Mundial - World Development Indicators;2026-07-13;The read operation timed out
Venezuela;Venezuela, RB;VE;VEN;Latin America & Caribbean;Not classified;2015;Macroeconomía;macroeconomia;PIB y crecimiento;pib_y_crecimiento;NY.GDP.MKTP.KD.ZG;Crecimiento real del PIB;;Banco Mundial - World Development Indicators;2026-07-13;The read operation timed out
Venezuela;Venezuela, RB;VE;VEN;Latin America & Caribbean;Not classified;2016;Macroeconomía;macroeconomia;PIB y crecimiento;pib_y_crecimiento;NY.GDP.MKTP.KD.ZG;Crecimiento real del PIB;;Banco Mundial - World Development Indicators;2026-07-13;The read operation timed out
Venezuela;Venezuela, RB;VE;VEN;Latin America & Caribbean;Not classified;2017;Macroeconomía;macroeconomia;PIB y crecimiento;pib_y_crecimiento;NY.GDP.MKTP.KD.ZG;Crecimiento real del PIB;;Banco Mundial - World Development Indicators;2026-07-13;The read operation timed out
Venezuela;Venezuela, RB;VE;VEN;Latin America & Caribbean;Not classified;2018;Macroeconomía;macroeconomia;PIB y crecimiento;pib_y_crecimiento;NY.GDP.MKTP.KD.ZG;Crecimiento real del PIB;;Banco Mundial - World Development Indicators;2026-07-13;The read operation timed out
Venezuela;Venezuela, RB;VE;VEN;Latin America & Caribbean;Not classified;2019;Macroeconomía;macroeconomia;PIB y crecimiento;pib_y_crecimiento;NY.GDP.MKTP.KD.ZG;Crecimiento real del PIB;;Banco Mundial - World Development Indicators;2026-07-13;The read operation timed out
Venezuela;Venezuela, RB;VE;VEN;Latin America & Caribbean;Not classified;2020;Macroeconomía;macroeconomia;PIB y crecimiento;pib_y_crecimiento;NY.GDP.MKTP.KD.ZG;Crecimiento real del PIB;;Banco Mundial - World Development Indicators;2026-07-13;The read operation timed out
Venezuela;Venezuela, RB;VE;VEN;Latin America & Caribbean;Not classified;2021;Macroeconomía;macroeconomia;PIB y crecimiento;pib_y_crecimiento;NY.GDP.MKTP.KD.ZG;Crecimiento real del PIB;;Banco Mundial - World Development Indicators;2026-07-13;The read operation timed out
Venezuela;Venezuela, RB;VE;VEN;Latin America & Caribbean;Not classified;2022;Macroeconomía;macroeconomia;PIB y crecimiento;pib_y_crecimiento;NY.GDP.MKTP.KD.ZG;Crecimiento real del PIB;;Banco Mundial - World Development Indicators;2026-07-13;The read operation timed out
Venezuela;Venezuela, RB;VE;VEN;Latin America & Caribbean;Not classified;2023;Macroeconomía;macroeconomia;PIB y crecimiento;pib_y_crecimiento;NY.GDP.MKTP.KD.ZG;Crecimiento real del PIB;;Banco Mundial - World Development Indicators;2026-07-13;The read operation timed out
Venezuela;Venezuela, RB;VE;VEN;Latin America & Caribbean;Not classified;2024;Macroeconomía;macroeconomia;PIB y crecimiento;pib_y_crecimiento;NY.GDP.MKTP.KD.ZG;Crecimiento real del PIB;;Banco Mundial - World Development Indicators;2026-07-13;The read operation timed out
Venezuela;Venezuela, RB;VE;VEN;Latin America & Caribbean;Not classified;2025;Macroeconomía;macroeconomia;PIB y crecimiento;pib_y_crecimiento;NY.GDP.MKTP.KD.ZG;Crecimiento real del PIB;;Banco Mundial - World Development Indicators;2026-07-13;The read operation timed out
Venezuela;Venezuela, RB;VE;VEN;Latin America & Caribbean;Not classified;2026;Macroeconomía;macroeconomia;PIB y crecimiento;pib_y_crecimiento;NY.GDP.MKTP.KD.ZG;Crecimiento real del PIB;;Banco Mundial - World Development Indicators;2026-07-13;The read operation timed out
Venezuela;Venezuela, RB;VE;VEN;Latin America & Caribbean;Not classified;1960;Macroeconomía;macroeconomia;PIB y crecimiento;pib_y_crecimiento;NY.GDP.PCAP.CD;PIB per cápita en dólares corrientes;;Banco Mundial - World Development Indicators;2026-07-13;The read operation timed out
Venezuela;Venezuela, RB;VE;VEN;Latin America & Caribbean;Not classified;1961;Macroeconomía;macroeconomia;PIB y crecimiento;pib_y_crecimiento;NY.GDP.PCAP.CD;PIB per cápita en dólares corrientes;;Banco Mundial - World Development Indicators;2026-07-13;The read operation timed out
Venezuela;Venezuela, RB;VE;VEN;Latin America & Caribbean;Not classified;1962;Macroeconomía;macroeconomia;PIB y crecimiento;pib_y_crecimiento;NY.GDP.PCAP.CD;PIB per cápita en dólares corrientes;;Banco Mundial - World Development Indicators;2026-07-13;The read operation timed out
Venezuela;Venezuela, RB;VE;VEN;Latin America & Caribbean;Not classified;1963;Macroeconomía;macroeconomia;PIB y crecimiento;pib_y_crecimiento;NY.GDP.PCAP.CD;PIB per cápita en dólares corrientes;;Banco Mundial - World Development Indicators;2026-07-13;The read operation timed out
Venezuela;Venezuela, RB;VE;VEN;Latin America & Caribbean;Not classified;1964;Macroeconomía;macroeconomia;PIB y crecimiento;pib_y_crecimiento;NY.GDP.PCAP.CD;PIB per cápita en dólares corrientes;;Banco Mundial - World Development Indicators;2026-07-13;The read operation timed out
Venezuela;Venezuela, RB;VE;VEN;Latin America & Caribbean;Not classified;1965;Macroeconomía;macroeconomia;PIB y crecimiento;pib_y_crecimiento;NY.GDP.PCAP.CD;PIB per cápita en dólares corrientes;;Banco Mundial - World Development Indicators;2026-07-13;The read operation timed out
Venezuela;Venezuela, RB;VE;VEN;Latin America & Caribbean;Not classified;1966;Macroeconomía;macroeconomia;PIB y crecimiento;pib_y_crecimiento;NY.GDP.PCAP.CD;PIB per cápita en dólares corrientes;;Banco Mundial - World Development Indicators;2026-07-13;The read operation timed out
Venezuela;Venezuela, RB;VE;VEN;Latin America & Caribbean;Not classified;1967;Macroeconomía;macroeconomia;PIB y crecimiento;pib_y_crecimiento;NY.GDP.PCAP.CD;PIB per cápita en dólares corrientes;;Banco Mundial - World Development Indicators;2026-07-13;The read operation timed out
Venezuela;Venezuela, RB;VE;VEN;Latin America & Caribbean;Not classified;1968;Macroeconomía;macroeconomia;PIB y crecimiento;pib_y_crecimiento;NY.GDP.PCAP.CD;PIB per cápita en dólares corrientes;;Banco Mundial - World Development Indicators;2026-07-13;The read operation timed out
Venezuela;Venezuela, RB;VE;VEN;Latin America & Caribbean;Not classified;1969;Macroeconomía;macroeconomia;PIB y crecimiento;pib_y_crecimiento;NY.GDP.PCAP.CD;PIB per cápita en dólares corrientes;;Banco Mundial - World Development Indicators;2026-07-13;The read operation timed out
Venezuela;Venezuela, RB;VE;VEN;Latin America & Caribbean;Not classified;1970;Macroeconomía;macroeconomia;PIB y crecimiento;pib_y_crecimiento;NY.GDP.PCAP.CD;PIB per cápita en dólares corrientes;;Banco Mundial - World Development Indicators;2026-07-13;The read operation timed out
Venezuela;Venezuela, RB;VE;VEN;Latin America & Caribbean;Not classified;1971;Macroeconomía;macroeconomia;PIB y crecimiento;pib_y_crecimiento;NY.GDP.PCAP.CD;PIB per cápita en dólares corrientes;;Banco Mundial - World Development Indicators;2026-07-13;The read operation timed out
Venezuela;Venezuela, RB;VE;VEN;Latin America & Caribbean;Not classified;1972;Macroeconomía;macroeconomia;PIB y crecimiento;pib_y_crecimiento;NY.GDP.PCAP.CD;PIB per cápita en dólares corrientes;;Banco Mundial - World Development Indicators;2026-07-13;The read operation timed out
Venezuela;Venezuela, RB;VE;VEN;Latin America & Caribbean;Not classified;1973;Macroeconomía;macroeconomia;PIB y crecimiento;pib_y_crecimiento;NY.GDP.PCAP.CD;PIB per cápita en dólares corrientes;;Banco Mundial - World Development Indicators;2026-07-13;The read operation timed out
Venezuela;Venezuela, RB;VE;VEN;Latin America & Caribbean;Not classified;1974;Macroeconomía;macroeconomia;PIB y crecimiento;pib_y_crecimiento;NY.GDP.PCAP.CD;PIB per cápita en dólares corrientes;;Banco Mundial - World Development Indicators;2026-07-13;The read operation timed out
Venezuela;Venezuela, RB;VE;VEN;Latin America & Caribbean;Not classified;1975;Macroeconomía;macroeconomia;PIB y crecimiento;pib_y_crecimiento;NY.GDP.PCAP.CD;PIB per cápita en dólares corrientes;;Banco Mundial - World Development Indicators;2026-07-13;The read operation timed out
Venezuela;Venezuela, RB;VE;VEN;Latin America & Caribbean;Not classified;1976;Macroeconomía;macroeconomia;PIB y crecimiento;pib_y_crecimiento;NY.GDP.PCAP.CD;PIB per cápita en dólares corrientes;;Banco Mundial - World Development Indicators;2026-07-13;The read operation timed out
Venezuela;Venezuela, RB;VE;VEN;Latin America & Caribbean;Not classified;1977;Macroeconomía;macroeconomia;PIB y crecimiento;pib_y_crecimiento;NY.GDP.PCAP.CD;PIB per cápita en dólares corrientes;;Banco Mundial - World Development Indicators;2026-07-13;The read operation timed out
Venezuela;Venezuela, RB;VE;VEN;Latin America & Caribbean;Not classified;1978;Macroeconomía;macroeconomia;PIB y crecimiento;pib_y_crecimiento;NY.GDP.PCAP.CD;PIB per cápita en dólares corrientes;;Banco Mundial - World Development Indicators;2026-07-13;The read operation timed out
Venezuela;Venezuela, RB;VE;VEN;Latin America & Caribbean;Not classified;1979;Macroeconomía;macroeconomia;PIB y crecimiento;pib_y_crecimiento;NY.GDP.PCAP.CD;PIB per cápita en dólares corrientes;;Banco Mundial - World Development Indicators;2026-07-13;The read operation timed out
Venezuela;Venezuela, RB;VE;VEN;Latin America & Caribbean;Not classified;1980;Macroeconomía;macroeconomia;PIB y crecimiento;pib_y_crecimiento;NY.GDP.PCAP.CD;PIB per cápita en dólares corrientes;;Banco Mundial - World Development Indicators;2026-07-13;The read operation timed out
Venezuela;Venezuela, RB;VE;VEN;Latin America & Caribbean;Not classified;1981;Macroeconomía;macroeconomia;PIB y crecimiento;pib_y_crecimiento;NY.GDP.PCAP.CD;PIB per cápita en dólares corrientes;;Banco Mundial - World Development Indicators;2026-07-13;The read operation timed out
Venezuela;Venezuela, RB;VE;VEN;Latin America & Caribbean;Not classified;1982;Macroeconomía;macroeconomia;PIB y crecimiento;pib_y_crecimiento;NY.GDP.PCAP.CD;PIB per cápita en dólares corrientes;;Banco Mundial - World Development Indicators;2026-07-13;The read operation timed out
Venezuela;Venezuela, RB;VE;VEN;Latin America & Caribbean;Not classified;1983;Macroeconomía;macroeconomia;PIB y crecimiento;pib_y_crecimiento;NY.GDP.PCAP.CD;PIB per cápita en dólares corrientes;;Banco Mundial - World Development Indicators;2026-07-13;The read operation timed out
Venezuela;Venezuela, RB;VE;VEN;Latin America & Caribbean;Not classified;1984;Macroeconomía;macroeconomia;PIB y crecimiento;pib_y_crecimiento;NY.GDP.PCAP.CD;PIB per cápita en dólares corrientes;;Banco Mundial - World Development Indicators;2026-07-13;The read operation timed out
Venezuela;Venezuela, RB;VE;VEN;Latin America & Caribbean;Not classified;1985;Macroeconomía;macroeconomia;PIB y crecimiento;pib_y_crecimiento;NY.GDP.PCAP.CD;PIB per cápita en dólares corrientes;;Banco Mundial - World Development Indicators;2026-07-13;The read operation timed out
Venezuela;Venezuela, RB;VE;VEN;Latin America & Caribbean;Not classified;1986;Macroeconomía;macroeconomia;PIB y crecimiento;pib_y_crecimiento;NY.GDP.PCAP.CD;PIB per cápita en dólares corrientes;;Banco Mundial - World Development Indicators;2026-07-13;The read operation timed out
Venezuela;Venezuela, RB;VE;VEN;Latin America & Caribbean;Not classified;1987;Macroeconomía;macroeconomia;PIB y crecimiento;pib_y_crecimiento;NY.GDP.PCAP.CD;PIB per cápita en dólares corrientes;;Banco Mundial - World Development Indicators;2026-07-13;The read operation timed out
Venezuela;Venezuela, RB;VE;VEN;Latin America & Caribbean;Not classified;1988;Macroeconomía;macroeconomia;PIB y crecimiento;pib_y_crecimiento;NY.GDP.PCAP.CD;PIB per cápita en dólares corrientes;;Banco Mundial - World Development Indicators;2026-07-13;The read operation timed out
Venezuela;Venezuela, RB;VE;VEN;Latin America & Caribbean;Not classified;1989;Macroeconomía;macroeconomia;PIB y crecimiento;pib_y_crecimiento;NY.GDP.PCAP.CD;PIB per cápita en dólares corrientes;;Banco Mundial - World Development Indicators;2026-07-13;The read operation timed out
Venezuela;Venezuela, RB;VE;VEN;Latin America & Caribbean;Not classified;1990;Macroeconomía;macroeconomia;PIB y crecimiento;pib_y_crecimiento;NY.GDP.PCAP.CD;PIB per cápita en dólares corrientes;;Banco Mundial - World Development Indicators;2026-07-13;The read operation timed out
Venezuela;Venezuela, RB;VE;VEN;Latin America & Caribbean;Not classified;1991;Macroeconomía;macroeconomia;PIB y crecimiento;pib_y_crecimiento;NY.GDP.PCAP.CD;PIB per cápita en dólares corrientes;;Banco Mundial - World Development Indicators;2026-07-13;The read operation timed out
Venezuela;Venezuela, RB;VE;VEN;Latin America & Caribbean;Not classified;1992;Macroeconomía;macroeconomia;PIB y crecimiento;pib_y_crecimiento;NY.GDP.PCAP.CD;PIB per cápita en dólares corrientes;;Banco Mundial - World Development Indicators;2026-07-13;The read operation timed out
Venezuela;Venezuela, RB;VE;VEN;Latin America & Caribbean;Not classified;1993;Macroeconomía;macroeconomia;PIB y crecimiento;pib_y_crecimiento;NY.GDP.PCAP.CD;PIB per cápita en dólares corrientes;;Banco Mundial - World Development Indicators;2026-07-13;The read operation timed out
Venezuela;Venezuela, RB;VE;VEN;Latin America & Caribbean;Not classified;1994;Macroeconomía;macroeconomia;PIB y crecimiento;pib_y_crecimiento;NY.GDP.PCAP.CD;PIB per cápita en dólares corrientes;;Banco Mundial - World Development Indicators;2026-07-13;The read operation timed out
Venezuela;Venezuela, RB;VE;VEN;Latin America & Caribbean;Not classified;1995;Macroeconomía;macroeconomia;PIB y crecimiento;pib_y_crecimiento;NY.GDP.PCAP.CD;PIB per cápita en dólares corrientes;;Banco Mundial - World Development Indicators;2026-07-13;The read operation timed out
Venezuela;Venezuela, RB;VE;VEN;Latin America & Caribbean;Not classified;1996;Macroeconomía;macroeconomia;PIB y crecimiento;pib_y_crecimiento;NY.GDP.PCAP.CD;PIB per cápita en dólares corrientes;;Banco Mundial - World Development Indicators;2026-07-13;The read operation timed out
Venezuela;Venezuela, RB;VE;VEN;Latin America & Caribbean;Not classified;1997;Macroeconomía;macroeconomia;PIB y crecimiento;pib_y_crecimiento;NY.GDP.PCAP.CD;PIB per cápita en dólares corrientes;;Banco Mundial - World Development Indicators;2026-07-13;The read operation timed out
Venezuela;Venezuela, RB;VE;VEN;Latin America & Caribbean;Not classified;1998;Macroeconomía;macroeconomia;PIB y crecimiento;pib_y_crecimiento;NY.GDP.PCAP.CD;PIB per cápita en dólares corrientes;;Banco Mundial - World Development Indicators;2026-07-13;The read operation timed out
Venezuela;Venezuela, RB;VE;VEN;Latin America & Caribbean;Not classified;1999;Macroeconomía;macroeconomia;PIB y crecimiento;pib_y_crecimiento;NY.GDP.PCAP.CD;PIB per cápita en dólares corrientes;;Banco Mundial - World Development Indicators;2026-07-13;The read operation timed out
Venezuela;Venezuela, RB;VE;VEN;Latin America & Caribbean;Not classified;2000;Macroeconomía;macroeconomia;PIB y crecimiento;pib_y_crecimiento;NY.GDP.PCAP.CD;PIB per cápita en dólares corrientes;;Banco Mundial - World Development Indicators;2026-07-13;The read operation timed out
Venezuela;Venezuela, RB;VE;VEN;Latin America & Caribbean;Not classified;2001;Macroeconomía;macroeconomia;PIB y crecimiento;pib_y_crecimiento;NY.GDP.PCAP.CD;PIB per cápita en dólares corrientes;;Banco Mundial - World Development Indicators;2026-07-13;The read operation timed out
Venezuela;Venezuela, RB;VE;VEN;Latin America & Caribbean;Not classified;2002;Macroeconomía;macroeconomia;PIB y crecimiento;pib_y_crecimiento;NY.GDP.PCAP.CD;PIB per cápita en dólares corrientes;;Banco Mundial - World Development Indicators;2026-07-13;The read operation timed out
Venezuela;Venezuela, RB;VE;VEN;Latin America & Caribbean;Not classified;2003;Macroeconomía;macroeconomia;PIB y crecimiento;pib_y_crecimiento;NY.GDP.PCAP.CD;PIB per cápita en dólares corrientes;;Banco Mundial - World Development Indicators;2026-07-13;The read operation timed out
Venezuela;Venezuela, RB;VE;VEN;Latin America & Caribbean;Not classified;2004;Macroeconomía;macroeconomia;PIB y crecimiento;pib_y_crecimiento;NY.GDP.PCAP.CD;PIB per cápita en dólares corrientes;;Banco Mundial - World Development Indicators;2026-07-13;The read operation timed out
Venezuela;Venezuela, RB;VE;VEN;Latin America & Caribbean;Not classified;2005;Macroeconomía;macroeconomia;PIB y crecimiento;pib_y_crecimiento;NY.GDP.PCAP.CD;PIB per cápita en dólares corrientes;;Banco Mundial - World Development Indicators;2026-07-13;The read operation timed out
Venezuela;Venezuela, RB;VE;VEN;Latin America & Caribbean;Not classified;2006;Macroeconomía;macroeconomia;PIB y crecimiento;pib_y_crecimiento;NY.GDP.PCAP.CD;PIB per cápita en dólares corrientes;;Banco Mundial - World Development Indicators;2026-07-13;The read operation timed out
Venezuela;Venezuela, RB;VE;VEN;Latin America & Caribbean;Not classified;2007;Macroeconomía;macroeconomia;PIB y crecimiento;pib_y_crecimiento;NY.GDP.PCAP.CD;PIB per cápita en dólares corrientes;;Banco Mundial - World Development Indicators;2026-07-13;The read operation timed out
Venezuela;Venezuela, RB;VE;VEN;Latin America & Caribbean;Not classified;2008;Macroeconomía;macroeconomia;PIB y crecimiento;pib_y_crecimiento;NY.GDP.PCAP.CD;PIB per cápita en dólares corrientes;;Banco Mundial - World Development Indicators;2026-07-13;The read operation timed out
Venezuela;Venezuela, RB;VE;VEN;Latin America & Caribbean;Not classified;2009;Macroeconomía;macroeconomia;PIB y crecimiento;pib_y_crecimiento;NY.GDP.PCAP.CD;PIB per cápita en dólares corrientes;;Banco Mundial - World Development Indicators;2026-07-13;The read operation timed out
Venezuela;Venezuela, RB;VE;VEN;Latin America & Caribbean;Not classified;2010;Macroeconomía;macroeconomia;PIB y crecimiento;pib_y_crecimiento;NY.GDP.PCAP.CD;PIB per cápita en dólares corrientes;;Banco Mundial - World Development Indicators;2026-07-13;The read operation timed out
Venezuela;Venezuela, RB;VE;VEN;Latin America & Caribbean;Not classified;2011;Macroeconomía;macroeconomia;PIB y crecimiento;pib_y_crecimiento;NY.GDP.PCAP.CD;PIB per cápita en dólares corrientes;;Banco Mundial - World Development Indicators;2026-07-13;The read operation timed out
Venezuela;Venezuela, RB;VE;VEN;Latin America & Caribbean;Not classified;2012;Macroeconomía;macroeconomia;PIB y crecimiento;pib_y_crecimiento;NY.GDP.PCAP.CD;PIB per cápita en dólares corrientes;;Banco Mundial - World Development Indicators;2026-07-13;The read operation timed out
Venezuela;Venezuela, RB;VE;VEN;Latin America & Caribbean;Not classified;2013;Macroeconomía;macroeconomia;PIB y crecimiento;pib_y_crecimiento;NY.GDP.PCAP.CD;PIB per cápita en dólares corrientes;;Banco Mundial - World Development Indicators;2026-07-13;The read operation timed out
Venezuela;Venezuela, RB;VE;VEN;Latin America & Caribbean;Not classified;2014;Macroeconomía;macroeconomia;PIB y crecimiento;pib_y_crecimiento;NY.GDP.PCAP.CD;PIB per cápita en dólares corrientes;;Banco Mundial - World Development Indicators;2026-07-13;The read operation timed out
Venezuela;Venezuela, RB;VE;VEN;Latin America & Caribbean;Not classified;2015;Macroeconomía;macroeconomia;PIB y crecimiento;pib_y_crecimiento;NY.GDP.PCAP.CD;PIB per cápita en dólares corrientes;;Banco Mundial - World Development Indicators;2026-07-13;The read operation timed out
Venezuela;Venezuela, RB;VE;VEN;Latin America & Caribbean;Not classified;2016;Macroeconomía;macroeconomia;PIB y crecimiento;pib_y_crecimiento;NY.GDP.PCAP.CD;PIB per cápita en dólares corrientes;;Banco Mundial - World Development Indicators;2026-07-13;The read operation timed out
Venezuela;Venezuela, RB;VE;VEN;Latin America & Caribbean;Not classified;2017;Macroeconomía;macroeconomia;PIB y crecimiento;pib_y_crecimiento;NY.GDP.PCAP.CD;PIB per cápita en dólares corrientes;;Banco Mundial - World Development Indicators;2026-07-13;The read operation timed out
Venezuela;Venezuela, RB;VE;VEN;Latin America & Caribbean;Not classified;2018;Macroeconomía;macroeconomia;PIB y crecimiento;pib_y_crecimiento;NY.GDP.PCAP.CD;PIB per cápita en dólares corrientes;;Banco Mundial - World Development Indicators;2026-07-13;The read operation timed out
Venezuela;Venezuela, RB;VE;VEN;Latin America & Caribbean;Not classified;2019;Macroeconomía;macroeconomia;PIB y crecimiento;pib_y_crecimiento;NY.GDP.PCAP.CD;PIB per cápita en dólares corrientes;;Banco Mundial - World Development Indicators;2026-07-13;The read operation timed out
Venezuela;Venezuela, RB;VE;VEN;Latin America & Caribbean;Not classified;2020;Macroeconomía;macroeconomia;PIB y crecimiento;pib_y_crecimiento;NY.GDP.PCAP.CD;PIB per cápita en dólares corrientes;;Banco Mundial - World Development Indicators;2026-07-13;The read operation timed out
Venezuela;Venezuela, RB;VE;VEN;Latin America & Caribbean;Not classified;2021;Macroeconomía;macroeconomia;PIB y crecimiento;pib_y_crecimiento;NY.GDP.PCAP.CD;PIB per cápita en dólares corrientes;;Banco Mundial - World Development Indicators;2026-07-13;The read operation timed out
Venezuela;Venezuela, RB;VE;VEN;Latin America & Caribbean;Not classified;2022;Macroeconomía;macroeconomia;PIB y crecimiento;pib_y_crecimiento;NY.GDP.PCAP.CD;PIB per cápita en dólares corrientes;;Banco Mundial - World Development Indicators;2026-07-13;The read operation timed out
Venezuela;Venezuela, RB;VE;VEN;Latin America & Caribbean;Not classified;2023;Macroeconomía;macroeconomia;PIB y crecimiento;pib_y_crecimiento;NY.GDP.PCAP.CD;PIB per cápita en dólares corrientes;;Banco Mundial - World Development Indicators;2026-07-13;The read operation timed out
Venezuela;Venezuela, RB;VE;VEN;Latin America & Caribbean;Not classified;2024;Macroeconomía;macroeconomia;PIB y crecimiento;pib_y_crecimiento;NY.GDP.PCAP.CD;PIB per cápita en dólares corrientes;;Banco Mundial - World Development Indicators;2026-07-13;The read operation timed out
Venezuela;Venezuela, RB;VE;VEN;Latin America & Caribbean;Not classified;2025;Macroeconomía;macroeconomia;PIB y crecimiento;pib_y_crecimiento;NY.GDP.PCAP.CD;PIB per cápita en dólares corrientes;;Banco Mundial - World Development Indicators;2026-07-13;The read operation timed out
Venezuela;Venezuela, RB;VE;VEN;Latin America & Caribbean;Not classified;2026;Macroeconomía;macroeconomia;PIB y crecimiento;pib_y_crecimiento;NY.GDP.PCAP.CD;PIB per cápita en dólares corrientes;;Banco Mundial - World Development Indicators;2026-07-13;The read operation timed out
Venezuela;Venezuela, RB;VE;VEN;Latin America & Caribbean;Not classified;1960;Macroeconomía;macroeconomia;PIB y crecimiento;pib_y_crecimiento;NY.GDP.PCAP.KD.ZG;Crecimiento real del PIB per cápita;;Banco Mundial - World Development Indicators;2026-07-13;The read operation timed out
Venezuela;Venezuela, RB;VE;VEN;Latin America & Caribbean;Not classified;1961;Macroeconomía;macroeconomia;PIB y crecimiento;pib_y_crecimiento;NY.GDP.PCAP.KD.ZG;Crecimiento real del PIB per cápita;;Banco Mundial - World Development Indicators;2026-07-13;The read operation timed out
Venezuela;Venezuela, RB;VE;VEN;Latin America & Caribbean;Not classified;1962;Macroeconomía;macroeconomia;PIB y crecimiento;pib_y_crecimiento;NY.GDP.PCAP.KD.ZG;Crecimiento real del PIB per cápita;;Banco Mundial - World Development Indicators;2026-07-13;The read operation timed out
Venezuela;Venezuela, RB;VE;VEN;Latin America & Caribbean;Not classified;1963;Macroeconomía;macroeconomia;PIB y crecimiento;pib_y_crecimiento;NY.GDP.PCAP.KD.ZG;Crecimiento real del PIB per cápita;;Banco Mundial - World Development Indicators;2026-07-13;The read operation timed out
Venezuela;Venezuela, RB;VE;VEN;Latin America & Caribbean;Not classified;1964;Macroeconomía;macroeconomia;PIB y crecimiento;pib_y_crecimiento;NY.GDP.PCAP.KD.ZG;Crecimiento real del PIB per cápita;;Banco Mundial - World Development Indicators;2026-07-13;The read operation timed out
Venezuela;Venezuela, RB;VE;VEN;Latin America & Caribbean;Not classified;1965;Macroeconomía;macroeconomia;PIB y crecimiento;pib_y_crecimiento;NY.GDP.PCAP.KD.ZG;Crecimiento real del PIB per cápita;;Banco Mundial - World Development Indicators;2026-07-13;The read operation timed out
Venezuela;Venezuela, RB;VE;VEN;Latin America & Caribbean;Not classified;1966;Macroeconomía;macroeconomia;PIB y crecimiento;pib_y_crecimiento;NY.GDP.PCAP.KD.ZG;Crecimiento real del PIB per cápita;;Banco Mundial - World Development Indicators;2026-07-13;The read operation timed out
Venezuela;Venezuela, RB;VE;VEN;Latin America & Caribbean;Not classified;1967;Macroeconomía;macroeconomia;PIB y crecimiento;pib_y_crecimiento;NY.GDP.PCAP.KD.ZG;Crecimiento real del PIB per cápita;;Banco Mundial - World Development Indicators;2026-07-13;The read operation timed out
Venezuela;Venezuela, RB;VE;VEN;Latin America & Caribbean;Not classified;1968;Macroeconomía;macroeconomia;PIB y crecimiento;pib_y_crecimiento;NY.GDP.PCAP.KD.ZG;Crecimiento real del PIB per cápita;;Banco Mundial - World Development Indicators;2026-07-13;The read operation timed out
Venezuela;Venezuela, RB;VE;VEN;Latin America & Caribbean;Not classified;1969;Macroeconomía;macroeconomia;PIB y crecimiento;pib_y_crecimiento;NY.GDP.PCAP.KD.ZG;Crecimiento real del PIB per cápita;;Banco Mundial - World Development Indicators;2026-07-13;The read operation timed out
Venezuela;Venezuela, RB;VE;VEN;Latin America & Caribbean;Not classified;1970;Macroeconomía;macroeconomia;PIB y crecimiento;pib_y_crecimiento;NY.GDP.PCAP.KD.ZG;Crecimiento real del PIB per cápita;;Banco Mundial - World Development Indicators;2026-07-13;The read operation timed out
Venezuela;Venezuela, RB;VE;VEN;Latin America & Caribbean;Not classified;1971;Macroeconomía;macroeconomia;PIB y crecimiento;pib_y_crecimiento;NY.GDP.PCAP.KD.ZG;Crecimiento real del PIB per cápita;;Banco Mundial - World Development Indicators;2026-07-13;The read operation timed out
Venezuela;Venezuela, RB;VE;VEN;Latin America & Caribbean;Not classified;1972;Macroeconomía;macroeconomia;PIB y crecimiento;pib_y_crecimiento;NY.GDP.PCAP.KD.ZG;Crecimiento real del PIB per cápita;;Banco Mundial - World Development Indicators;2026-07-13;The read operation timed out
Venezuela;Venezuela, RB;VE;VEN;Latin America & Caribbean;Not classified;1973;Macroeconomía;macroeconomia;PIB y crecimiento;pib_y_crecimiento;NY.GDP.PCAP.KD.ZG;Crecimiento real del PIB per cápita;;Banco Mundial - World Development Indicators;2026-07-13;The read operation timed out
Venezuela;Venezuela, RB;VE;VEN;Latin America & Caribbean;Not classified;1974;Macroeconomía;macroeconomia;PIB y crecimiento;pib_y_crecimiento;NY.GDP.PCAP.KD.ZG;Crecimiento real del PIB per cápita;;Banco Mundial - World Development Indicators;2026-07-13;The read operation timed out
Venezuela;Venezuela, RB;VE;VEN;Latin America & Caribbean;Not classified;1975;Macroeconomía;macroeconomia;PIB y crecimiento;pib_y_crecimiento;NY.GDP.PCAP.KD.ZG;Crecimiento real del PIB per cápita;;Banco Mundial - World Development Indicators;2026-07-13;The read operation timed out
Venezuela;Venezuela, RB;VE;VEN;Latin America & Caribbean;Not classified;1976;Macroeconomía;macroeconomia;PIB y crecimiento;pib_y_crecimiento;NY.GDP.PCAP.KD.ZG;Crecimiento real del PIB per cápita;;Banco Mundial - World Development Indicators;2026-07-13;The read operation timed out
Venezuela;Venezuela, RB;VE;VEN;Latin America & Caribbean;Not classified;1977;Macroeconomía;macroeconomia;PIB y crecimiento;pib_y_crecimiento;NY.GDP.PCAP.KD.ZG;Crecimiento real del PIB per cápita;;Banco Mundial - World Development Indicators;2026-07-13;The read operation timed out
Venezuela;Venezuela, RB;VE;VEN;Latin America & Caribbean;Not classified;1978;Macroeconomía;macroeconomia;PIB y crecimiento;pib_y_crecimiento;NY.GDP.PCAP.KD.ZG;Crecimiento real del PIB per cápita;;Banco Mundial - World Development Indicators;2026-07-13;The read operation timed out
Venezuela;Venezuela, RB;VE;VEN;Latin America & Caribbean;Not classified;1979;Macroeconomía;macroeconomia;PIB y crecimiento;pib_y_crecimiento;NY.GDP.PCAP.KD.ZG;Crecimiento real del PIB per cápita;;Banco Mundial - World Development Indicators;2026-07-13;The read operation timed out
Venezuela;Venezuela, RB;VE;VEN;Latin America & Caribbean;Not classified;1980;Macroeconomía;macroeconomia;PIB y crecimiento;pib_y_crecimiento;NY.GDP.PCAP.KD.ZG;Crecimiento real del PIB per cápita;;Banco Mundial - World Development Indicators;2026-07-13;The read operation timed out
Venezuela;Venezuela, RB;VE;VEN;Latin America & Caribbean;Not classified;1981;Macroeconomía;macroeconomia;PIB y crecimiento;pib_y_crecimiento;NY.GDP.PCAP.KD.ZG;Crecimiento real del PIB per cápita;;Banco Mundial - World Development Indicators;2026-07-13;The read operation timed out
Venezuela;Venezuela, RB;VE;VEN;Latin America & Caribbean;Not classified;1982;Macroeconomía;macroeconomia;PIB y crecimiento;pib_y_crecimiento;NY.GDP.PCAP.KD.ZG;Crecimiento real del PIB per cápita;;Banco Mundial - World Development Indicators;2026-07-13;The read operation timed out
Venezuela;Venezuela, RB;VE;VEN;Latin America & Caribbean;Not classified;1983;Macroeconomía;macroeconomia;PIB y crecimiento;pib_y_crecimiento;NY.GDP.PCAP.KD.ZG;Crecimiento real del PIB per cápita;;Banco Mundial - World Development Indicators;2026-07-13;The read operation timed out
Venezuela;Venezuela, RB;VE;VEN;Latin America & Caribbean;Not classified;1984;Macroeconomía;macroeconomia;PIB y crecimiento;pib_y_crecimiento;NY.GDP.PCAP.KD.ZG;Crecimiento real del PIB per cápita;;Banco Mundial - World Development Indicators;2026-07-13;The read operation timed out
Venezuela;Venezuela, RB;VE;VEN;Latin America & Caribbean;Not classified;1985;Macroeconomía;macroeconomia;PIB y crecimiento;pib_y_crecimiento;NY.GDP.PCAP.KD.ZG;Crecimiento real del PIB per cápita;;Banco Mundial - World Development Indicators;2026-07-13;The read operation timed out
Venezuela;Venezuela, RB;VE;VEN;Latin America & Caribbean;Not classified;1986;Macroeconomía;macroeconomia;PIB y crecimiento;pib_y_crecimiento;NY.GDP.PCAP.KD.ZG;Crecimiento real del PIB per cápita;;Banco Mundial - World Development Indicators;2026-07-13;The read operation timed out
Venezuela;Venezuela, RB;VE;VEN;Latin America & Caribbean;Not classified;1987;Macroeconomía;macroeconomia;PIB y crecimiento;pib_y_crecimiento;NY.GDP.PCAP.KD.ZG;Crecimiento real del PIB per cápita;;Banco Mundial - World Development Indicators;2026-07-13;The read operation timed out
Venezuela;Venezuela, RB;VE;VEN;Latin America & Caribbean;Not classified;1988;Macroeconomía;macroeconomia;PIB y crecimiento;pib_y_crecimiento;NY.GDP.PCAP.KD.ZG;Crecimiento real del PIB per cápita;;Banco Mundial - World Development Indicators;2026-07-13;The read operation timed out
Venezuela;Venezuela, RB;VE;VEN;Latin America & Caribbean;Not classified;1989;Macroeconomía;macroeconomia;PIB y crecimiento;pib_y_crecimiento;NY.GDP.PCAP.KD.ZG;Crecimiento real del PIB per cápita;;Banco Mundial - World Development Indicators;2026-07-13;The read operation timed out
Venezuela;Venezuela, RB;VE;VEN;Latin America & Caribbean;Not classified;1990;Macroeconomía;macroeconomia;PIB y crecimiento;pib_y_crecimiento;NY.GDP.PCAP.KD.ZG;Crecimiento real del PIB per cápita;;Banco Mundial - World Development Indicators;2026-07-13;The read operation timed out
Venezuela;Venezuela, RB;VE;VEN;Latin America & Caribbean;Not classified;1991;Macroeconomía;macroeconomia;PIB y crecimiento;pib_y_crecimiento;NY.GDP.PCAP.KD.ZG;Crecimiento real del PIB per cápita;;Banco Mundial - World Development Indicators;2026-07-13;The read operation timed out
Venezuela;Venezuela, RB;VE;VEN;Latin America & Caribbean;Not classified;1992;Macroeconomía;macroeconomia;PIB y crecimiento;pib_y_crecimiento;NY.GDP.PCAP.KD.ZG;Crecimiento real del PIB per cápita;;Banco Mundial - World Development Indicators;2026-07-13;The read operation timed out
Venezuela;Venezuela, RB;VE;VEN;Latin America & Caribbean;Not classified;1993;Macroeconomía;macroeconomia;PIB y crecimiento;pib_y_crecimiento;NY.GDP.PCAP.KD.ZG;Crecimiento real del PIB per cápita;;Banco Mundial - World Development Indicators;2026-07-13;The read operation timed out
Venezuela;Venezuela, RB;VE;VEN;Latin America & Caribbean;Not classified;1994;Macroeconomía;macroeconomia;PIB y crecimiento;pib_y_crecimiento;NY.GDP.PCAP.KD.ZG;Crecimiento real del PIB per cápita;;Banco Mundial - World Development Indicators;2026-07-13;The read operation timed out
Venezuela;Venezuela, RB;VE;VEN;Latin America & Caribbean;Not classified;1995;Macroeconomía;macroeconomia;PIB y crecimiento;pib_y_crecimiento;NY.GDP.PCAP.KD.ZG;Crecimiento real del PIB per cápita;;Banco Mundial - World Development Indicators;2026-07-13;The read operation timed out
Venezuela;Venezuela, RB;VE;VEN;Latin America & Caribbean;Not classified;1996;Macroeconomía;macroeconomia;PIB y crecimiento;pib_y_crecimiento;NY.GDP.PCAP.KD.ZG;Crecimiento real del PIB per cápita;;Banco Mundial - World Development Indicators;2026-07-13;The read operation timed out
Venezuela;Venezuela, RB;VE;VEN;Latin America & Caribbean;Not classified;1997;Macroeconomía;macroeconomia;PIB y crecimiento;pib_y_crecimiento;NY.GDP.PCAP.KD.ZG;Crecimiento real del PIB per cápita;;Banco Mundial - World Development Indicators;2026-07-13;The read operation timed out
Venezuela;Venezuela, RB;VE;VEN;Latin America & Caribbean;Not classified;1998;Macroeconomía;macroeconomia;PIB y crecimiento;pib_y_crecimiento;NY.GDP.PCAP.KD.ZG;Crecimiento real del PIB per cápita;;Banco Mundial - World Development Indicators;2026-07-13;The read operation timed out
Venezuela;Venezuela, RB;VE;VEN;Latin America & Caribbean;Not classified;1999;Macroeconomía;macroeconomia;PIB y crecimiento;pib_y_crecimiento;NY.GDP.PCAP.KD.ZG;Crecimiento real del PIB per cápita;;Banco Mundial - World Development Indicators;2026-07-13;The read operation timed out
Venezuela;Venezuela, RB;VE;VEN;Latin America & Caribbean;Not classified;2000;Macroeconomía;macroeconomia;PIB y crecimiento;pib_y_crecimiento;NY.GDP.PCAP.KD.ZG;Crecimiento real del PIB per cápita;;Banco Mundial - World Development Indicators;2026-07-13;The read operation timed out
Venezuela;Venezuela, RB;VE;VEN;Latin America & Caribbean;Not classified;2001;Macroeconomía;macroeconomia;PIB y crecimiento;pib_y_crecimiento;NY.GDP.PCAP.KD.ZG;Crecimiento real del PIB per cápita;;Banco Mundial - World Development Indicators;2026-07-13;The read operation timed out
Venezuela;Venezuela, RB;VE;VEN;Latin America & Caribbean;Not classified;2002;Macroeconomía;macroeconomia;PIB y crecimiento;pib_y_crecimiento;NY.GDP.PCAP.KD.ZG;Crecimiento real del PIB per cápita;;Banco Mundial - World Development Indicators;2026-07-13;The read operation timed out
Venezuela;Venezuela, RB;VE;VEN;Latin America & Caribbean;Not classified;2003;Macroeconomía;macroeconomia;PIB y crecimiento;pib_y_crecimiento;NY.GDP.PCAP.KD.ZG;Crecimiento real del PIB per cápita;;Banco Mundial - World Development Indicators;2026-07-13;The read operation timed out
Venezuela;Venezuela, RB;VE;VEN;Latin America & Caribbean;Not classified;2004;Macroeconomía;macroeconomia;PIB y crecimiento;pib_y_crecimiento;NY.GDP.PCAP.KD.ZG;Crecimiento real del PIB per cápita;;Banco Mundial - World Development Indicators;2026-07-13;The read operation timed out
Venezuela;Venezuela, RB;VE;VEN;Latin America & Caribbean;Not classified;2005;Macroeconomía;macroeconomia;PIB y crecimiento;pib_y_crecimiento;NY.GDP.PCAP.KD.ZG;Crecimiento real del PIB per cápita;;Banco Mundial - World Development Indicators;2026-07-13;The read operation timed out
Venezuela;Venezuela, RB;VE;VEN;Latin America & Caribbean;Not classified;2006;Macroeconomía;macroeconomia;PIB y crecimiento;pib_y_crecimiento;NY.GDP.PCAP.KD.ZG;Crecimiento real del PIB per cápita;;Banco Mundial - World Development Indicators;2026-07-13;The read operation timed out
Venezuela;Venezuela, RB;VE;VEN;Latin America & Caribbean;Not classified;2007;Macroeconomía;macroeconomia;PIB y crecimiento;pib_y_crecimiento;NY.GDP.PCAP.KD.ZG;Crecimiento real del PIB per cápita;;Banco Mundial - World Development Indicators;2026-07-13;The read operation timed out
Venezuela;Venezuela, RB;VE;VEN;Latin America & Caribbean;Not classified;2008;Macroeconomía;macroeconomia;PIB y crecimiento;pib_y_crecimiento;NY.GDP.PCAP.KD.ZG;Crecimiento real del PIB per cápita;;Banco Mundial - World Development Indicators;2026-07-13;The read operation timed out
Venezuela;Venezuela, RB;VE;VEN;Latin America & Caribbean;Not classified;2009;Macroeconomía;macroeconomia;PIB y crecimiento;pib_y_crecimiento;NY.GDP.PCAP.KD.ZG;Crecimiento real del PIB per cápita;;Banco Mundial - World Development Indicators;2026-07-13;The read operation timed out
Venezuela;Venezuela, RB;VE;VEN;Latin America & Caribbean;Not classified;2010;Macroeconomía;macroeconomia;PIB y crecimiento;pib_y_crecimiento;NY.GDP.PCAP.KD.ZG;Crecimiento real del PIB per cápita;;Banco Mundial - World Development Indicators;2026-07-13;The read operation timed out
Venezuela;Venezuela, RB;VE;VEN;Latin America & Caribbean;Not classified;2011;Macroeconomía;macroeconomia;PIB y crecimiento;pib_y_crecimiento;NY.GDP.PCAP.KD.ZG;Crecimiento real del PIB per cápita;;Banco Mundial - World Development Indicators;2026-07-13;The read operation timed out
Venezuela;Venezuela, RB;VE;VEN;Latin America & Caribbean;Not classified;2012;Macroeconomía;macroeconomia;PIB y crecimiento;pib_y_crecimiento;NY.GDP.PCAP.KD.ZG;Crecimiento real del PIB per cápita;;Banco Mundial - World Development Indicators;2026-07-13;The read operation timed out
Venezuela;Venezuela, RB;VE;VEN;Latin America & Caribbean;Not classified;2013;Macroeconomía;macroeconomia;PIB y crecimiento;pib_y_crecimiento;NY.GDP.PCAP.KD.ZG;Crecimiento real del PIB per cápita;;Banco Mundial - World Development Indicators;2026-07-13;The read operation timed out
Venezuela;Venezuela, RB;VE;VEN;Latin America & Caribbean;Not classified;2014;Macroeconomía;macroeconomia;PIB y crecimiento;pib_y_crecimiento;NY.GDP.PCAP.KD.ZG;Crecimiento real del PIB per cápita;;Banco Mundial - World Development Indicators;2026-07-13;The read operation timed out
Venezuela;Venezuela, RB;VE;VEN;Latin America & Caribbean;Not classified;2015;Macroeconomía;macroeconomia;PIB y crecimiento;pib_y_crecimiento;NY.GDP.PCAP.KD.ZG;Crecimiento real del PIB per cápita;;Banco Mundial - World Development Indicators;2026-07-13;The read operation timed out
Venezuela;Venezuela, RB;VE;VEN;Latin America & Caribbean;Not classified;2016;Macroeconomía;macroeconomia;PIB y crecimiento;pib_y_crecimiento;NY.GDP.PCAP.KD.ZG;Crecimiento real del PIB per cápita;;Banco Mundial - World Development Indicators;2026-07-13;The read operation timed out
Venezuela;Venezuela, RB;VE;VEN;Latin America & Caribbean;Not classified;2017;Macroeconomía;macroeconomia;PIB y crecimiento;pib_y_crecimiento;NY.GDP.PCAP.KD.ZG;Crecimiento real del PIB per cápita;;Banco Mundial - World Development Indicators;2026-07-13;The read operation timed out
Venezuela;Venezuela, RB;VE;VEN;Latin America & Caribbean;Not classified;2018;Macroeconomía;macroeconomia;PIB y crecimiento;pib_y_crecimiento;NY.GDP.PCAP.KD.ZG;Crecimiento real del PIB per cápita;;Banco Mundial - World Development Indicators;2026-07-13;The read operation timed out
Venezuela;Venezuela, RB;VE;VEN;Latin America & Caribbean;Not classified;2019;Macroeconomía;macroeconomia;PIB y crecimiento;pib_y_crecimiento;NY.GDP.PCAP.KD.ZG;Crecimiento real del PIB per cápita;;Banco Mundial - World Development Indicators;2026-07-13;The read operation timed out
Venezuela;Venezuela, RB;VE;VEN;Latin America & Caribbean;Not classified;2020;Macroeconomía;macroeconomia;PIB y crecimiento;pib_y_crecimiento;NY.GDP.PCAP.KD.ZG;Crecimiento real del PIB per cápita;;Banco Mundial - World Development Indicators;2026-07-13;The read operation timed out
Venezuela;Venezuela, RB;VE;VEN;Latin America & Caribbean;Not classified;2021;Macroeconomía;macroeconomia;PIB y crecimiento;pib_y_crecimiento;NY.GDP.PCAP.KD.ZG;Crecimiento real del PIB per cápita;;Banco Mundial - World Development Indicators;2026-07-13;The read operation timed out
Venezuela;Venezuela, RB;VE;VEN;Latin America & Caribbean;Not classified;2022;Macroeconomía;macroeconomia;PIB y crecimiento;pib_y_crecimiento;NY.GDP.PCAP.KD.ZG;Crecimiento real del PIB per cápita;;Banco Mundial - World Development Indicators;2026-07-13;The read operation timed out
Venezuela;Venezuela, RB;VE;VEN;Latin America & Caribbean;Not classified;2023;Macroeconomía;macroeconomia;PIB y crecimiento;pib_y_crecimiento;NY.GDP.PCAP.KD.ZG;Crecimiento real del PIB per cápita;;Banco Mundial - World Development Indicators;2026-07-13;The read operation timed out
Venezuela;Venezuela, RB;VE;VEN;Latin America & Caribbean;Not classified;2024;Macroeconomía;macroeconomia;PIB y crecimiento;pib_y_crecimiento;NY.GDP.PCAP.KD.ZG;Crecimiento real del PIB per cápita;;Banco Mundial - World Development Indicators;2026-07-13;The read operation timed out
Venezuela;Venezuela, RB;VE;VEN;Latin America & Caribbean;Not classified;2025;Macroeconomía;macroeconomia;PIB y crecimiento;pib_y_crecimiento;NY.GDP.PCAP.KD.ZG;Crecimiento real del PIB per cápita;;Banco Mundial - World Development Indicators;2026-07-13;The read operation timed out
Venezuela;Venezuela, RB;VE;VEN;Latin America & Caribbean;Not classified;2026;Macroeconomía;macroeconomia;PIB y crecimiento;pib_y_crecimiento;NY.GDP.PCAP.KD.ZG;Crecimiento real del PIB per cápita;;Banco Mundial - World Development Indicators;2026-07-13;The read operation timed out
Venezuela;Venezuela, RB;VE;VEN;Latin America & Caribbean;Not classified;1960;Macroeconomía;macroeconomia;Ingreso nacional;ingreso_nacional;NY.GNP.MKTP.CD;Ingreso nacional bruto en dólares corrientes;7138469961.08128;Banco Mundial - World Development Indicators;2026-07-13;
Venezuela;Venezuela, RB;VE;VEN;Latin America & Caribbean;Not classified;1961;Macroeconomía;macroeconomia;Ingreso nacional;ingreso_nacional;NY.GNP.MKTP.CD;Ingreso nacional bruto en dólares corrientes;7482939451.9577;Banco Mundial - World Development Indicators;2026-07-13;
Venezuela;Venezuela, RB;VE;VEN;Latin America & Caribbean;Not classified;1962;Macroeconomía;macroeconomia;Ingreso nacional;ingreso_nacional;NY.GNP.MKTP.CD;Ingreso nacional bruto en dólares corrientes;8179351181.66364;Banco Mundial - World Development Indicators;2026-07-13;
Venezuela;Venezuela, RB;VE;VEN;Latin America & Caribbean;Not classified;1963;Macroeconomía;macroeconomia;Ingreso nacional;ingreso_nacional;NY.GNP.MKTP.CD;Ingreso nacional bruto en dólares corrientes;8996925069.85677;Banco Mundial - World Development Indicators;2026-07-13;
Venezuela;Venezuela, RB;VE;VEN;Latin America & Caribbean;Not classified;1964;Macroeconomía;macroeconomia;Ingreso nacional;ingreso_nacional;NY.GNP.MKTP.CD;Ingreso nacional bruto en dólares corrientes;7492344827.58621;Banco Mundial - World Development Indicators;2026-07-13;
Venezuela;Venezuela, RB;VE;VEN;Latin America & Caribbean;Not classified;1965;Macroeconomía;macroeconomia;Ingreso nacional;ingreso_nacional;NY.GNP.MKTP.CD;Ingreso nacional bruto en dólares corrientes;7731600000.0;Banco Mundial - World Development Indicators;2026-07-13;
Venezuela;Venezuela, RB;VE;VEN;Latin America & Caribbean;Not classified;1966;Macroeconomía;macroeconomia;Ingreso nacional;ingreso_nacional;NY.GNP.MKTP.CD;Ingreso nacional bruto en dólares corrientes;8115800000.0;Banco Mundial - World Development Indicators;2026-07-13;
Venezuela;Venezuela, RB;VE;VEN;Latin America & Caribbean;Not classified;1967;Macroeconomía;macroeconomia;Ingreso nacional;ingreso_nacional;NY.GNP.MKTP.CD;Ingreso nacional bruto en dólares corrientes;8605244444.44444;Banco Mundial - World Development Indicators;2026-07-13;
Venezuela;Venezuela, RB;VE;VEN;Latin America & Caribbean;Not classified;1968;Macroeconomía;macroeconomia;Ingreso nacional;ingreso_nacional;NY.GNP.MKTP.CD;Ingreso nacional bruto en dólares corrientes;9331333333.33333;Banco Mundial - World Development Indicators;2026-07-13;
Venezuela;Venezuela, RB;VE;VEN;Latin America & Caribbean;Not classified;1969;Macroeconomía;macroeconomia;Ingreso nacional;ingreso_nacional;NY.GNP.MKTP.CD;Ingreso nacional bruto en dólares corrientes;9676933333.33333;Banco Mundial - World Development Indicators;2026-07-13;
Venezuela;Venezuela, RB;VE;VEN;Latin America & Caribbean;Not classified;1970;Macroeconomía;macroeconomia;Ingreso nacional;ingreso_nacional;NY.GNP.MKTP.CD;Ingreso nacional bruto en dólares corrientes;11020400000.0;Banco Mundial - World Development Indicators;2026-07-13;
Venezuela;Venezuela, RB;VE;VEN;Latin America & Caribbean;Not classified;1971;Macroeconomía;macroeconomia;Ingreso nacional;ingreso_nacional;NY.GNP.MKTP.CD;Ingreso nacional bruto en dólares corrientes;12248590909.0909;Banco Mundial - World Development Indicators;2026-07-13;
Venezuela;Venezuela, RB;VE;VEN;Latin America & Caribbean;Not classified;1972;Macroeconomía;macroeconomia;Ingreso nacional;ingreso_nacional;NY.GNP.MKTP.CD;Ingreso nacional bruto en dólares corrientes;13508636363.6364;Banco Mundial - World Development Indicators;2026-07-13;
Venezuela;Venezuela, RB;VE;VEN;Latin America & Caribbean;Not classified;1973;Macroeconomía;macroeconomia;Ingreso nacional;ingreso_nacional;NY.GNP.MKTP.CD;Ingreso nacional bruto en dólares corrientes;16347581395.3488;Banco Mundial - World Development Indicators;2026-07-13;
Venezuela;Venezuela, RB;VE;VEN;Latin America & Caribbean;Not classified;1974;Macroeconomía;macroeconomia;Ingreso nacional;ingreso_nacional;NY.GNP.MKTP.CD;Ingreso nacional bruto en dólares corrientes;25463930232.5581;Banco Mundial - World Development Indicators;2026-07-13;
Venezuela;Venezuela, RB;VE;VEN;Latin America & Caribbean;Not classified;1975;Macroeconomía;macroeconomia;Ingreso nacional;ingreso_nacional;NY.GNP.MKTP.CD;Ingreso nacional bruto en dólares corrientes;27564651162.7907;Banco Mundial - World Development Indicators;2026-07-13;
Venezuela;Venezuela, RB;VE;VEN;Latin America & Caribbean;Not classified;1976;Macroeconomía;macroeconomia;Ingreso nacional;ingreso_nacional;NY.GNP.MKTP.CD;Ingreso nacional bruto en dólares corrientes;31627534883.7209;Banco Mundial - World Development Indicators;2026-07-13;
Venezuela;Venezuela, RB;VE;VEN;Latin America & Caribbean;Not classified;1977;Macroeconomía;macroeconomia;Ingreso nacional;ingreso_nacional;NY.GNP.MKTP.CD;Ingreso nacional bruto en dólares corrientes;36298697674.4186;Banco Mundial - World Development Indicators;2026-07-13;
Venezuela;Venezuela, RB;VE;VEN;Latin America & Caribbean;Not classified;1978;Macroeconomía;macroeconomia;Ingreso nacional;ingreso_nacional;NY.GNP.MKTP.CD;Ingreso nacional bruto en dólares corrientes;39354279069.7674;Banco Mundial - World Development Indicators;2026-07-13;
Venezuela;Venezuela, RB;VE;VEN;Latin America & Caribbean;Not classified;1979;Macroeconomía;macroeconomia;Ingreso nacional;ingreso_nacional;NY.GNP.MKTP.CD;Ingreso nacional bruto en dólares corrientes;48307930232.5581;Banco Mundial - World Development Indicators;2026-07-13;
Venezuela;Venezuela, RB;VE;VEN;Latin America & Caribbean;Not classified;1980;Macroeconomía;macroeconomia;Ingreso nacional;ingreso_nacional;NY.GNP.MKTP.CD;Ingreso nacional bruto en dólares corrientes;59445511627.907;Banco Mundial - World Development Indicators;2026-07-13;
Venezuela;Venezuela, RB;VE;VEN;Latin America & Caribbean;Not classified;1981;Macroeconomía;macroeconomia;Ingreso nacional;ingreso_nacional;NY.GNP.MKTP.CD;Ingreso nacional bruto en dólares corrientes;66901441860.4651;Banco Mundial - World Development Indicators;2026-07-13;
Venezuela;Venezuela, RB;VE;VEN;Latin America & Caribbean;Not classified;1982;Macroeconomía;macroeconomia;Ingreso nacional;ingreso_nacional;NY.GNP.MKTP.CD;Ingreso nacional bruto en dólares corrientes;66206744186.0465;Banco Mundial - World Development Indicators;2026-07-13;
Venezuela;Venezuela, RB;VE;VEN;Latin America & Caribbean;Not classified;1983;Macroeconomía;macroeconomia;Ingreso nacional;ingreso_nacional;NY.GNP.MKTP.CD;Ingreso nacional bruto en dólares corrientes;65443279069.7674;Banco Mundial - World Development Indicators;2026-07-13;
Venezuela;Venezuela, RB;VE;VEN;Latin America & Caribbean;Not classified;1984;Macroeconomía;macroeconomia;Ingreso nacional;ingreso_nacional;NY.GNP.MKTP.CD;Ingreso nacional bruto en dólares corrientes;57805742992.8741;Banco Mundial - World Development Indicators;2026-07-13;
Venezuela;Venezuela, RB;VE;VEN;Latin America & Caribbean;Not classified;1985;Macroeconomía;macroeconomia;Ingreso nacional;ingreso_nacional;NY.GNP.MKTP.CD;Ingreso nacional bruto en dólares corrientes;59732466666.6667;Banco Mundial - World Development Indicators;2026-07-13;
Venezuela;Venezuela, RB;VE;VEN;Latin America & Caribbean;Not classified;1986;Macroeconomía;macroeconomia;Ingreso nacional;ingreso_nacional;NY.GNP.MKTP.CD;Ingreso nacional bruto en dólares corrientes;58914123711.3402;Banco Mundial - World Development Indicators;2026-07-13;
Venezuela;Venezuela, RB;VE;VEN;Latin America & Caribbean;Not classified;1987;Macroeconomía;macroeconomia;Ingreso nacional;ingreso_nacional;NY.GNP.MKTP.CD;Ingreso nacional bruto en dólares corrientes;46410034482.7586;Banco Mundial - World Development Indicators;2026-07-13;
Venezuela;Venezuela, RB;VE;VEN;Latin America & Caribbean;Not classified;1988;Macroeconomía;macroeconomia;Ingreso nacional;ingreso_nacional;NY.GNP.MKTP.CD;Ingreso nacional bruto en dólares corrientes;58455413793.1035;Banco Mundial - World Development Indicators;2026-07-13;
Venezuela;Venezuela, RB;VE;VEN;Latin America & Caribbean;Not classified;1989;Macroeconomía;macroeconomia;Ingreso nacional;ingreso_nacional;NY.GNP.MKTP.CD;Ingreso nacional bruto en dólares corrientes;41168709007.9269;Banco Mundial - World Development Indicators;2026-07-13;
Venezuela;Venezuela, RB;VE;VEN;Latin America & Caribbean;Not classified;1990;Macroeconomía;macroeconomia;Ingreso nacional;ingreso_nacional;NY.GNP.MKTP.CD;Ingreso nacional bruto en dólares corrientes;47832952194.7752;Banco Mundial - World Development Indicators;2026-07-13;
Venezuela;Venezuela, RB;VE;VEN;Latin America & Caribbean;Not classified;1991;Macroeconomía;macroeconomia;Ingreso nacional;ingreso_nacional;NY.GNP.MKTP.CD;Ingreso nacional bruto en dólares corrientes;52855445666.52;Banco Mundial - World Development Indicators;2026-07-13;
Venezuela;Venezuela, RB;VE;VEN;Latin America & Caribbean;Not classified;1992;Macroeconomía;macroeconomia;Ingreso nacional;ingreso_nacional;NY.GNP.MKTP.CD;Ingreso nacional bruto en dólares corrientes;58670519620.0764;Banco Mundial - World Development Indicators;2026-07-13;
Venezuela;Venezuela, RB;VE;VEN;Latin America & Caribbean;Not classified;1993;Macroeconomía;macroeconomia;Ingreso nacional;ingreso_nacional;NY.GNP.MKTP.CD;Ingreso nacional bruto en dólares corrientes;58322460324.5268;Banco Mundial - World Development Indicators;2026-07-13;
Venezuela;Venezuela, RB;VE;VEN;Latin America & Caribbean;Not classified;1994;Macroeconomía;macroeconomia;Ingreso nacional;ingreso_nacional;NY.GNP.MKTP.CD;Ingreso nacional bruto en dólares corrientes;56535715151.5151;Banco Mundial - World Development Indicators;2026-07-13;
Venezuela;Venezuela, RB;VE;VEN;Latin America & Caribbean;Not classified;1995;Macroeconomía;macroeconomia;Ingreso nacional;ingreso_nacional;NY.GNP.MKTP.CD;Ingreso nacional bruto en dólares corrientes;75446487534.5093;Banco Mundial - World Development Indicators;2026-07-13;
Venezuela;Venezuela, RB;VE;VEN;Latin America & Caribbean;Not classified;1996;Macroeconomía;macroeconomia;Ingreso nacional;ingreso_nacional;NY.GNP.MKTP.CD;Ingreso nacional bruto en dólares corrientes;68818004553.0793;Banco Mundial - World Development Indicators;2026-07-13;
Venezuela;Venezuela, RB;VE;VEN;Latin America & Caribbean;Not classified;1997;Macroeconomía;macroeconomia;Ingreso nacional;ingreso_nacional;NY.GNP.MKTP.CD;Ingreso nacional bruto en dólares corrientes;83374181049.7536;Banco Mundial - World Development Indicators;2026-07-13;
Venezuela;Venezuela, RB;VE;VEN;Latin America & Caribbean;Not classified;1998;Macroeconomía;macroeconomia;Ingreso nacional;ingreso_nacional;NY.GNP.MKTP.CD;Ingreso nacional bruto en dólares corrientes;88840557618.014;Banco Mundial - World Development Indicators;2026-07-13;
Venezuela;Venezuela, RB;VE;VEN;Latin America & Caribbean;Not classified;1999;Macroeconomía;macroeconomia;Ingreso nacional;ingreso_nacional;NY.GNP.MKTP.CD;Ingreso nacional bruto en dólares corrientes;96507809649.5934;Banco Mundial - World Development Indicators;2026-07-13;
Venezuela;Venezuela, RB;VE;VEN;Latin America & Caribbean;Not classified;2000;Macroeconomía;macroeconomia;Ingreso nacional;ingreso_nacional;NY.GNP.MKTP.CD;Ingreso nacional bruto en dólares corrientes;115753015343.322;Banco Mundial - World Development Indicators;2026-07-13;
Venezuela;Venezuela, RB;VE;VEN;Latin America & Caribbean;Not classified;2001;Macroeconomía;macroeconomia;Ingreso nacional;ingreso_nacional;NY.GNP.MKTP.CD;Ingreso nacional bruto en dólares corrientes;120881073251.055;Banco Mundial - World Development Indicators;2026-07-13;
Venezuela;Venezuela, RB;VE;VEN;Latin America & Caribbean;Not classified;2002;Macroeconomía;macroeconomia;Ingreso nacional;ingreso_nacional;NY.GNP.MKTP.CD;Ingreso nacional bruto en dólares corrientes;90144246705.1425;Banco Mundial - World Development Indicators;2026-07-13;
Venezuela;Venezuela, RB;VE;VEN;Latin America & Caribbean;Not classified;2003;Macroeconomía;macroeconomia;Ingreso nacional;ingreso_nacional;NY.GNP.MKTP.CD;Ingreso nacional bruto en dólares corrientes;81432951034.1391;Banco Mundial - World Development Indicators;2026-07-13;
Venezuela;Venezuela, RB;VE;VEN;Latin America & Caribbean;Not classified;2004;Macroeconomía;macroeconomia;Ingreso nacional;ingreso_nacional;NY.GNP.MKTP.CD;Ingreso nacional bruto en dólares corrientes;108962334862.689;Banco Mundial - World Development Indicators;2026-07-13;
Venezuela;Venezuela, RB;VE;VEN;Latin America & Caribbean;Not classified;2005;Macroeconomía;macroeconomia;Ingreso nacional;ingreso_nacional;NY.GNP.MKTP.CD;Ingreso nacional bruto en dólares corrientes;143313252302.907;Banco Mundial - World Development Indicators;2026-07-13;
Venezuela;Venezuela, RB;VE;VEN;Latin America & Caribbean;Not classified;2006;Macroeconomía;macroeconomia;Ingreso nacional;ingreso_nacional;NY.GNP.MKTP.CD;Ingreso nacional bruto en dólares corrientes;182474350721.938;Banco Mundial - World Development Indicators;2026-07-13;
Venezuela;Venezuela, RB;VE;VEN;Latin America & Caribbean;Not classified;2007;Macroeconomía;macroeconomia;Ingreso nacional;ingreso_nacional;NY.GNP.MKTP.CD;Ingreso nacional bruto en dólares corrientes;232795087564.043;Banco Mundial - World Development Indicators;2026-07-13;
Venezuela;Venezuela, RB;VE;VEN;Latin America & Caribbean;Not classified;2008;Macroeconomía;macroeconomia;Ingreso nacional;ingreso_nacional;NY.GNP.MKTP.CD;Ingreso nacional bruto en dólares corrientes;316632843886.972;Banco Mundial - World Development Indicators;2026-07-13;
Venezuela;Venezuela, RB;VE;VEN;Latin America & Caribbean;Not classified;2009;Macroeconomía;macroeconomia;Ingreso nacional;ingreso_nacional;NY.GNP.MKTP.CD;Ingreso nacional bruto en dólares corrientes;327123127389.723;Banco Mundial - World Development Indicators;2026-07-13;
Venezuela;Venezuela, RB;VE;VEN;Latin America & Caribbean;Not classified;2010;Macroeconomía;macroeconomia;Ingreso nacional;ingreso_nacional;NY.GNP.MKTP.CD;Ingreso nacional bruto en dólares corrientes;388341431499.169;Banco Mundial - World Development Indicators;2026-07-13;
Venezuela;Venezuela, RB;VE;VEN;Latin America & Caribbean;Not classified;2011;Macroeconomía;macroeconomia;Ingreso nacional;ingreso_nacional;NY.GNP.MKTP.CD;Ingreso nacional bruto en dólares corrientes;308493145268.459;Banco Mundial - World Development Indicators;2026-07-13;
Venezuela;Venezuela, RB;VE;VEN;Latin America & Caribbean;Not classified;2012;Macroeconomía;macroeconomia;Ingreso nacional;ingreso_nacional;NY.GNP.MKTP.CD;Ingreso nacional bruto en dólares corrientes;360753469316.533;Banco Mundial - World Development Indicators;2026-07-13;
Venezuela;Venezuela, RB;VE;VEN;Latin America & Caribbean;Not classified;2013;Macroeconomía;macroeconomia;Ingreso nacional;ingreso_nacional;NY.GNP.MKTP.CD;Ingreso nacional bruto en dólares corrientes;249804122288.581;Banco Mundial - World Development Indicators;2026-07-13;
Venezuela;Venezuela, RB;VE;VEN;Latin America & Caribbean;Not classified;2014;Macroeconomía;macroeconomia;Ingreso nacional;ingreso_nacional;NY.GNP.MKTP.CD;Ingreso nacional bruto en dólares corrientes;207410068590.518;Banco Mundial - World Development Indicators;2026-07-13;
Venezuela;Venezuela, RB;VE;VEN;Latin America & Caribbean;Not classified;2015;Macroeconomía;macroeconomia;Ingreso nacional;ingreso_nacional;NY.GNP.MKTP.CD;Ingreso nacional bruto en dólares corrientes;117591727941.829;Banco Mundial - World Development Indicators;2026-07-13;
Venezuela;Venezuela, RB;VE;VEN;Latin America & Caribbean;Not classified;2016;Macroeconomía;macroeconomia;Ingreso nacional;ingreso_nacional;NY.GNP.MKTP.CD;Ingreso nacional bruto en dólares corrientes;106026667973.003;Banco Mundial - World Development Indicators;2026-07-13;
Venezuela;Venezuela, RB;VE;VEN;Latin America & Caribbean;Not classified;2017;Macroeconomía;macroeconomia;Ingreso nacional;ingreso_nacional;NY.GNP.MKTP.CD;Ingreso nacional bruto en dólares corrientes;108332489846.706;Banco Mundial - World Development Indicators;2026-07-13;
Venezuela;Venezuela, RB;VE;VEN;Latin America & Caribbean;Not classified;2018;Macroeconomía;macroeconomia;Ingreso nacional;ingreso_nacional;NY.GNP.MKTP.CD;Ingreso nacional bruto en dólares corrientes;94014075928.9176;Banco Mundial - World Development Indicators;2026-07-13;
Venezuela;Venezuela, RB;VE;VEN;Latin America & Caribbean;Not classified;2019;Macroeconomía;macroeconomia;Ingreso nacional;ingreso_nacional;NY.GNP.MKTP.CD;Ingreso nacional bruto en dólares corrientes;68975387107.594;Banco Mundial - World Development Indicators;2026-07-13;
Venezuela;Venezuela, RB;VE;VEN;Latin America & Caribbean;Not classified;2020;Macroeconomía;macroeconomia;Ingreso nacional;ingreso_nacional;NY.GNP.MKTP.CD;Ingreso nacional bruto en dólares corrientes;41683565906.8675;Banco Mundial - World Development Indicators;2026-07-13;
Venezuela;Venezuela, RB;VE;VEN;Latin America & Caribbean;Not classified;2021;Macroeconomía;macroeconomia;Ingreso nacional;ingreso_nacional;NY.GNP.MKTP.CD;Ingreso nacional bruto en dólares corrientes;55586156262.6535;Banco Mundial - World Development Indicators;2026-07-13;
Venezuela;Venezuela, RB;VE;VEN;Latin America & Caribbean;Not classified;2022;Macroeconomía;macroeconomia;Ingreso nacional;ingreso_nacional;NY.GNP.MKTP.CD;Ingreso nacional bruto en dólares corrientes;88026541020.9831;Banco Mundial - World Development Indicators;2026-07-13;
Venezuela;Venezuela, RB;VE;VEN;Latin America & Caribbean;Not classified;2023;Macroeconomía;macroeconomia;Ingreso nacional;ingreso_nacional;NY.GNP.MKTP.CD;Ingreso nacional bruto en dólares corrientes;103377501185.925;Banco Mundial - World Development Indicators;2026-07-13;
Venezuela;Venezuela, RB;VE;VEN;Latin America & Caribbean;Not classified;2024;Macroeconomía;macroeconomia;Ingreso nacional;ingreso_nacional;NY.GNP.MKTP.CD;Ingreso nacional bruto en dólares corrientes;121566112397.063;Banco Mundial - World Development Indicators;2026-07-13;
Venezuela;Venezuela, RB;VE;VEN;Latin America & Caribbean;Not classified;2025;Macroeconomía;macroeconomia;Ingreso nacional;ingreso_nacional;NY.GNP.MKTP.CD;Ingreso nacional bruto en dólares corrientes;98061244155.6306;Banco Mundial - World Development Indicators;2026-07-13;
