País OVE;País Banco Mundial;Código ISO 2;Código ISO 3;Región;Nivel de ingreso;Año;Área temática;ID área;Subárea;ID subárea;Código indicador;Indicador;Valor;Fuente;Fecha descarga;Error descarga
Venezuela;Venezuela, RB;VE;VEN;Latin America & Caribbean;Not classified;1960;Sector externo;sector_externo;Inversión extranjera;inversion_extranjera;BM.KLT.DINV.CD.WD;Inversión extranjera directa neta emitida;;Banco Mundial - World Development Indicators;2026-07-13;The read operation timed out
Venezuela;Venezuela, RB;VE;VEN;Latin America & Caribbean;Not classified;1961;Sector externo;sector_externo;Inversión extranjera;inversion_extranjera;BM.KLT.DINV.CD.WD;Inversión extranjera directa neta emitida;;Banco Mundial - World Development Indicators;2026-07-13;The read operation timed out
Venezuela;Venezuela, RB;VE;VEN;Latin America & Caribbean;Not classified;1962;Sector externo;sector_externo;Inversión extranjera;inversion_extranjera;BM.KLT.DINV.CD.WD;Inversión extranjera directa neta emitida;;Banco Mundial - World Development Indicators;2026-07-13;The read operation timed out
Venezuela;Venezuela, RB;VE;VEN;Latin America & Caribbean;Not classified;1963;Sector externo;sector_externo;Inversión extranjera;inversion_extranjera;BM.KLT.DINV.CD.WD;Inversión extranjera directa neta emitida;;Banco Mundial - World Development Indicators;2026-07-13;The read operation timed out
Venezuela;Venezuela, RB;VE;VEN;Latin America & Caribbean;Not classified;1964;Sector externo;sector_externo;Inversión extranjera;inversion_extranjera;BM.KLT.DINV.CD.WD;Inversión extranjera directa neta emitida;;Banco Mundial - World Development Indicators;2026-07-13;The read operation timed out
Venezuela;Venezuela, RB;VE;VEN;Latin America & Caribbean;Not classified;1965;Sector externo;sector_externo;Inversión extranjera;inversion_extranjera;BM.KLT.DINV.CD.WD;Inversión extranjera directa neta emitida;;Banco Mundial - World Development Indicators;2026-07-13;The read operation timed out
Venezuela;Venezuela, RB;VE;VEN;Latin America & Caribbean;Not classified;1966;Sector externo;sector_externo;Inversión extranjera;inversion_extranjera;BM.KLT.DINV.CD.WD;Inversión extranjera directa neta emitida;;Banco Mundial - World Development Indicators;2026-07-13;The read operation timed out
Venezuela;Venezuela, RB;VE;VEN;Latin America & Caribbean;Not classified;1967;Sector externo;sector_externo;Inversión extranjera;inversion_extranjera;BM.KLT.DINV.CD.WD;Inversión extranjera directa neta emitida;;Banco Mundial - World Development Indicators;2026-07-13;The read operation timed out
Venezuela;Venezuela, RB;VE;VEN;Latin America & Caribbean;Not classified;1968;Sector externo;sector_externo;Inversión extranjera;inversion_extranjera;BM.KLT.DINV.CD.WD;Inversión extranjera directa neta emitida;;Banco Mundial - World Development Indicators;2026-07-13;The read operation timed out
Venezuela;Venezuela, RB;VE;VEN;Latin America & Caribbean;Not classified;1969;Sector externo;sector_externo;Inversión extranjera;inversion_extranjera;BM.KLT.DINV.CD.WD;Inversión extranjera directa neta emitida;;Banco Mundial - World Development Indicators;2026-07-13;The read operation timed out
Venezuela;Venezuela, RB;VE;VEN;Latin America & Caribbean;Not classified;1970;Sector externo;sector_externo;Inversión extranjera;inversion_extranjera;BM.KLT.DINV.CD.WD;Inversión extranjera directa neta emitida;;Banco Mundial - World Development Indicators;2026-07-13;The read operation timed out
Venezuela;Venezuela, RB;VE;VEN;Latin America & Caribbean;Not classified;1971;Sector externo;sector_externo;Inversión extranjera;inversion_extranjera;BM.KLT.DINV.CD.WD;Inversión extranjera directa neta emitida;;Banco Mundial - World Development Indicators;2026-07-13;The read operation timed out
Venezuela;Venezuela, RB;VE;VEN;Latin America & Caribbean;Not classified;1972;Sector externo;sector_externo;Inversión extranjera;inversion_extranjera;BM.KLT.DINV.CD.WD;Inversión extranjera directa neta emitida;;Banco Mundial - World Development Indicators;2026-07-13;The read operation timed out
Venezuela;Venezuela, RB;VE;VEN;Latin America & Caribbean;Not classified;1973;Sector externo;sector_externo;Inversión extranjera;inversion_extranjera;BM.KLT.DINV.CD.WD;Inversión extranjera directa neta emitida;;Banco Mundial - World Development Indicators;2026-07-13;The read operation timed out
Venezuela;Venezuela, RB;VE;VEN;Latin America & Caribbean;Not classified;1974;Sector externo;sector_externo;Inversión extranjera;inversion_extranjera;BM.KLT.DINV.CD.WD;Inversión extranjera directa neta emitida;;Banco Mundial - World Development Indicators;2026-07-13;The read operation timed out
Venezuela;Venezuela, RB;VE;VEN;Latin America & Caribbean;Not classified;1975;Sector externo;sector_externo;Inversión extranjera;inversion_extranjera;BM.KLT.DINV.CD.WD;Inversión extranjera directa neta emitida;;Banco Mundial - World Development Indicators;2026-07-13;The read operation timed out
Venezuela;Venezuela, RB;VE;VEN;Latin America & Caribbean;Not classified;1976;Sector externo;sector_externo;Inversión extranjera;inversion_extranjera;BM.KLT.DINV.CD.WD;Inversión extranjera directa neta emitida;;Banco Mundial - World Development Indicators;2026-07-13;The read operation timed out
Venezuela;Venezuela, RB;VE;VEN;Latin America & Caribbean;Not classified;1977;Sector externo;sector_externo;Inversión extranjera;inversion_extranjera;BM.KLT.DINV.CD.WD;Inversión extranjera directa neta emitida;;Banco Mundial - World Development Indicators;2026-07-13;The read operation timed out
Venezuela;Venezuela, RB;VE;VEN;Latin America & Caribbean;Not classified;1978;Sector externo;sector_externo;Inversión extranjera;inversion_extranjera;BM.KLT.DINV.CD.WD;Inversión extranjera directa neta emitida;;Banco Mundial - World Development Indicators;2026-07-13;The read operation timed out
Venezuela;Venezuela, RB;VE;VEN;Latin America & Caribbean;Not classified;1979;Sector externo;sector_externo;Inversión extranjera;inversion_extranjera;BM.KLT.DINV.CD.WD;Inversión extranjera directa neta emitida;;Banco Mundial - World Development Indicators;2026-07-13;The read operation timed out
Venezuela;Venezuela, RB;VE;VEN;Latin America & Caribbean;Not classified;1980;Sector externo;sector_externo;Inversión extranjera;inversion_extranjera;BM.KLT.DINV.CD.WD;Inversión extranjera directa neta emitida;;Banco Mundial - World Development Indicators;2026-07-13;The read operation timed out
Venezuela;Venezuela, RB;VE;VEN;Latin America & Caribbean;Not classified;1981;Sector externo;sector_externo;Inversión extranjera;inversion_extranjera;BM.KLT.DINV.CD.WD;Inversión extranjera directa neta emitida;;Banco Mundial - World Development Indicators;2026-07-13;The read operation timed out
Venezuela;Venezuela, RB;VE;VEN;Latin America & Caribbean;Not classified;1982;Sector externo;sector_externo;Inversión extranjera;inversion_extranjera;BM.KLT.DINV.CD.WD;Inversión extranjera directa neta emitida;;Banco Mundial - World Development Indicators;2026-07-13;The read operation timed out
Venezuela;Venezuela, RB;VE;VEN;Latin America & Caribbean;Not classified;1983;Sector externo;sector_externo;Inversión extranjera;inversion_extranjera;BM.KLT.DINV.CD.WD;Inversión extranjera directa neta emitida;;Banco Mundial - World Development Indicators;2026-07-13;The read operation timed out
Venezuela;Venezuela, RB;VE;VEN;Latin America & Caribbean;Not classified;1984;Sector externo;sector_externo;Inversión extranjera;inversion_extranjera;BM.KLT.DINV.CD.WD;Inversión extranjera directa neta emitida;;Banco Mundial - World Development Indicators;2026-07-13;The read operation timed out
Venezuela;Venezuela, RB;VE;VEN;Latin America & Caribbean;Not classified;1985;Sector externo;sector_externo;Inversión extranjera;inversion_extranjera;BM.KLT.DINV.CD.WD;Inversión extranjera directa neta emitida;;Banco Mundial - World Development Indicators;2026-07-13;The read operation timed out
Venezuela;Venezuela, RB;VE;VEN;Latin America & Caribbean;Not classified;1986;Sector externo;sector_externo;Inversión extranjera;inversion_extranjera;BM.KLT.DINV.CD.WD;Inversión extranjera directa neta emitida;;Banco Mundial - World Development Indicators;2026-07-13;The read operation timed out
Venezuela;Venezuela, RB;VE;VEN;Latin America & Caribbean;Not classified;1987;Sector externo;sector_externo;Inversión extranjera;inversion_extranjera;BM.KLT.DINV.CD.WD;Inversión extranjera directa neta emitida;;Banco Mundial - World Development Indicators;2026-07-13;The read operation timed out
Venezuela;Venezuela, RB;VE;VEN;Latin America & Caribbean;Not classified;1988;Sector externo;sector_externo;Inversión extranjera;inversion_extranjera;BM.KLT.DINV.CD.WD;Inversión extranjera directa neta emitida;;Banco Mundial - World Development Indicators;2026-07-13;The read operation timed out
Venezuela;Venezuela, RB;VE;VEN;Latin America & Caribbean;Not classified;1989;Sector externo;sector_externo;Inversión extranjera;inversion_extranjera;BM.KLT.DINV.CD.WD;Inversión extranjera directa neta emitida;;Banco Mundial - World Development Indicators;2026-07-13;The read operation timed out
Venezuela;Venezuela, RB;VE;VEN;Latin America & Caribbean;Not classified;1990;Sector externo;sector_externo;Inversión extranjera;inversion_extranjera;BM.KLT.DINV.CD.WD;Inversión extranjera directa neta emitida;;Banco Mundial - World Development Indicators;2026-07-13;The read operation timed out
Venezuela;Venezuela, RB;VE;VEN;Latin America & Caribbean;Not classified;1991;Sector externo;sector_externo;Inversión extranjera;inversion_extranjera;BM.KLT.DINV.CD.WD;Inversión extranjera directa neta emitida;;Banco Mundial - World Development Indicators;2026-07-13;The read operation timed out
Venezuela;Venezuela, RB;VE;VEN;Latin America & Caribbean;Not classified;1992;Sector externo;sector_externo;Inversión extranjera;inversion_extranjera;BM.KLT.DINV.CD.WD;Inversión extranjera directa neta emitida;;Banco Mundial - World Development Indicators;2026-07-13;The read operation timed out
Venezuela;Venezuela, RB;VE;VEN;Latin America & Caribbean;Not classified;1993;Sector externo;sector_externo;Inversión extranjera;inversion_extranjera;BM.KLT.DINV.CD.WD;Inversión extranjera directa neta emitida;;Banco Mundial - World Development Indicators;2026-07-13;The read operation timed out
Venezuela;Venezuela, RB;VE;VEN;Latin America & Caribbean;Not classified;1994;Sector externo;sector_externo;Inversión extranjera;inversion_extranjera;BM.KLT.DINV.CD.WD;Inversión extranjera directa neta emitida;;Banco Mundial - World Development Indicators;2026-07-13;The read operation timed out
Venezuela;Venezuela, RB;VE;VEN;Latin America & Caribbean;Not classified;1995;Sector externo;sector_externo;Inversión extranjera;inversion_extranjera;BM.KLT.DINV.CD.WD;Inversión extranjera directa neta emitida;;Banco Mundial - World Development Indicators;2026-07-13;The read operation timed out
Venezuela;Venezuela, RB;VE;VEN;Latin America & Caribbean;Not classified;1996;Sector externo;sector_externo;Inversión extranjera;inversion_extranjera;BM.KLT.DINV.CD.WD;Inversión extranjera directa neta emitida;;Banco Mundial - World Development Indicators;2026-07-13;The read operation timed out
Venezuela;Venezuela, RB;VE;VEN;Latin America & Caribbean;Not classified;1997;Sector externo;sector_externo;Inversión extranjera;inversion_extranjera;BM.KLT.DINV.CD.WD;Inversión extranjera directa neta emitida;;Banco Mundial - World Development Indicators;2026-07-13;The read operation timed out
Venezuela;Venezuela, RB;VE;VEN;Latin America & Caribbean;Not classified;1998;Sector externo;sector_externo;Inversión extranjera;inversion_extranjera;BM.KLT.DINV.CD.WD;Inversión extranjera directa neta emitida;;Banco Mundial - World Development Indicators;2026-07-13;The read operation timed out
Venezuela;Venezuela, RB;VE;VEN;Latin America & Caribbean;Not classified;1999;Sector externo;sector_externo;Inversión extranjera;inversion_extranjera;BM.KLT.DINV.CD.WD;Inversión extranjera directa neta emitida;;Banco Mundial - World Development Indicators;2026-07-13;The read operation timed out
Venezuela;Venezuela, RB;VE;VEN;Latin America & Caribbean;Not classified;2000;Sector externo;sector_externo;Inversión extranjera;inversion_extranjera;BM.KLT.DINV.CD.WD;Inversión extranjera directa neta emitida;;Banco Mundial - World Development Indicators;2026-07-13;The read operation timed out
Venezuela;Venezuela, RB;VE;VEN;Latin America & Caribbean;Not classified;2001;Sector externo;sector_externo;Inversión extranjera;inversion_extranjera;BM.KLT.DINV.CD.WD;Inversión extranjera directa neta emitida;;Banco Mundial - World Development Indicators;2026-07-13;The read operation timed out
Venezuela;Venezuela, RB;VE;VEN;Latin America & Caribbean;Not classified;2002;Sector externo;sector_externo;Inversión extranjera;inversion_extranjera;BM.KLT.DINV.CD.WD;Inversión extranjera directa neta emitida;;Banco Mundial - World Development Indicators;2026-07-13;The read operation timed out
Venezuela;Venezuela, RB;VE;VEN;Latin America & Caribbean;Not classified;2003;Sector externo;sector_externo;Inversión extranjera;inversion_extranjera;BM.KLT.DINV.CD.WD;Inversión extranjera directa neta emitida;;Banco Mundial - World Development Indicators;2026-07-13;The read operation timed out
Venezuela;Venezuela, RB;VE;VEN;Latin America & Caribbean;Not classified;2004;Sector externo;sector_externo;Inversión extranjera;inversion_extranjera;BM.KLT.DINV.CD.WD;Inversión extranjera directa neta emitida;;Banco Mundial - World Development Indicators;2026-07-13;The read operation timed out
Venezuela;Venezuela, RB;VE;VEN;Latin America & Caribbean;Not classified;2005;Sector externo;sector_externo;Inversión extranjera;inversion_extranjera;BM.KLT.DINV.CD.WD;Inversión extranjera directa neta emitida;;Banco Mundial - World Development Indicators;2026-07-13;The read operation timed out
Venezuela;Venezuela, RB;VE;VEN;Latin America & Caribbean;Not classified;2006;Sector externo;sector_externo;Inversión extranjera;inversion_extranjera;BM.KLT.DINV.CD.WD;Inversión extranjera directa neta emitida;;Banco Mundial - World Development Indicators;2026-07-13;The read operation timed out
Venezuela;Venezuela, RB;VE;VEN;Latin America & Caribbean;Not classified;2007;Sector externo;sector_externo;Inversión extranjera;inversion_extranjera;BM.KLT.DINV.CD.WD;Inversión extranjera directa neta emitida;;Banco Mundial - World Development Indicators;2026-07-13;The read operation timed out
Venezuela;Venezuela, RB;VE;VEN;Latin America & Caribbean;Not classified;2008;Sector externo;sector_externo;Inversión extranjera;inversion_extranjera;BM.KLT.DINV.CD.WD;Inversión extranjera directa neta emitida;;Banco Mundial - World Development Indicators;2026-07-13;The read operation timed out
Venezuela;Venezuela, RB;VE;VEN;Latin America & Caribbean;Not classified;2009;Sector externo;sector_externo;Inversión extranjera;inversion_extranjera;BM.KLT.DINV.CD.WD;Inversión extranjera directa neta emitida;;Banco Mundial - World Development Indicators;2026-07-13;The read operation timed out
Venezuela;Venezuela, RB;VE;VEN;Latin America & Caribbean;Not classified;2010;Sector externo;sector_externo;Inversión extranjera;inversion_extranjera;BM.KLT.DINV.CD.WD;Inversión extranjera directa neta emitida;;Banco Mundial - World Development Indicators;2026-07-13;The read operation timed out
Venezuela;Venezuela, RB;VE;VEN;Latin America & Caribbean;Not classified;2011;Sector externo;sector_externo;Inversión extranjera;inversion_extranjera;BM.KLT.DINV.CD.WD;Inversión extranjera directa neta emitida;;Banco Mundial - World Development Indicators;2026-07-13;The read operation timed out
Venezuela;Venezuela, RB;VE;VEN;Latin America & Caribbean;Not classified;2012;Sector externo;sector_externo;Inversión extranjera;inversion_extranjera;BM.KLT.DINV.CD.WD;Inversión extranjera directa neta emitida;;Banco Mundial - World Development Indicators;2026-07-13;The read operation timed out
Venezuela;Venezuela, RB;VE;VEN;Latin America & Caribbean;Not classified;2013;Sector externo;sector_externo;Inversión extranjera;inversion_extranjera;BM.KLT.DINV.CD.WD;Inversión extranjera directa neta emitida;;Banco Mundial - World Development Indicators;2026-07-13;The read operation timed out
Venezuela;Venezuela, RB;VE;VEN;Latin America & Caribbean;Not classified;2014;Sector externo;sector_externo;Inversión extranjera;inversion_extranjera;BM.KLT.DINV.CD.WD;Inversión extranjera directa neta emitida;;Banco Mundial - World Development Indicators;2026-07-13;The read operation timed out
Venezuela;Venezuela, RB;VE;VEN;Latin America & Caribbean;Not classified;2015;Sector externo;sector_externo;Inversión extranjera;inversion_extranjera;BM.KLT.DINV.CD.WD;Inversión extranjera directa neta emitida;;Banco Mundial - World Development Indicators;2026-07-13;The read operation timed out
Venezuela;Venezuela, RB;VE;VEN;Latin America & Caribbean;Not classified;2016;Sector externo;sector_externo;Inversión extranjera;inversion_extranjera;BM.KLT.DINV.CD.WD;Inversión extranjera directa neta emitida;;Banco Mundial - World Development Indicators;2026-07-13;The read operation timed out
Venezuela;Venezuela, RB;VE;VEN;Latin America & Caribbean;Not classified;2017;Sector externo;sector_externo;Inversión extranjera;inversion_extranjera;BM.KLT.DINV.CD.WD;Inversión extranjera directa neta emitida;;Banco Mundial - World Development Indicators;2026-07-13;The read operation timed out
Venezuela;Venezuela, RB;VE;VEN;Latin America & Caribbean;Not classified;2018;Sector externo;sector_externo;Inversión extranjera;inversion_extranjera;BM.KLT.DINV.CD.WD;Inversión extranjera directa neta emitida;;Banco Mundial - World Development Indicators;2026-07-13;The read operation timed out
Venezuela;Venezuela, RB;VE;VEN;Latin America & Caribbean;Not classified;2019;Sector externo;sector_externo;Inversión extranjera;inversion_extranjera;BM.KLT.DINV.CD.WD;Inversión extranjera directa neta emitida;;Banco Mundial - World Development Indicators;2026-07-13;The read operation timed out
Venezuela;Venezuela, RB;VE;VEN;Latin America & Caribbean;Not classified;2020;Sector externo;sector_externo;Inversión extranjera;inversion_extranjera;BM.KLT.DINV.CD.WD;Inversión extranjera directa neta emitida;;Banco Mundial - World Development Indicators;2026-07-13;The read operation timed out
Venezuela;Venezuela, RB;VE;VEN;Latin America & Caribbean;Not classified;2021;Sector externo;sector_externo;Inversión extranjera;inversion_extranjera;BM.KLT.DINV.CD.WD;Inversión extranjera directa neta emitida;;Banco Mundial - World Development Indicators;2026-07-13;The read operation timed out
Venezuela;Venezuela, RB;VE;VEN;Latin America & Caribbean;Not classified;2022;Sector externo;sector_externo;Inversión extranjera;inversion_extranjera;BM.KLT.DINV.CD.WD;Inversión extranjera directa neta emitida;;Banco Mundial - World Development Indicators;2026-07-13;The read operation timed out
Venezuela;Venezuela, RB;VE;VEN;Latin America & Caribbean;Not classified;2023;Sector externo;sector_externo;Inversión extranjera;inversion_extranjera;BM.KLT.DINV.CD.WD;Inversión extranjera directa neta emitida;;Banco Mundial - World Development Indicators;2026-07-13;The read operation timed out
Venezuela;Venezuela, RB;VE;VEN;Latin America & Caribbean;Not classified;2024;Sector externo;sector_externo;Inversión extranjera;inversion_extranjera;BM.KLT.DINV.CD.WD;Inversión extranjera directa neta emitida;;Banco Mundial - World Development Indicators;2026-07-13;The read operation timed out
Venezuela;Venezuela, RB;VE;VEN;Latin America & Caribbean;Not classified;2025;Sector externo;sector_externo;Inversión extranjera;inversion_extranjera;BM.KLT.DINV.CD.WD;Inversión extranjera directa neta emitida;;Banco Mundial - World Development Indicators;2026-07-13;The read operation timed out
Venezuela;Venezuela, RB;VE;VEN;Latin America & Caribbean;Not classified;2026;Sector externo;sector_externo;Inversión extranjera;inversion_extranjera;BM.KLT.DINV.CD.WD;Inversión extranjera directa neta emitida;;Banco Mundial - World Development Indicators;2026-07-13;The read operation timed out
Venezuela;Venezuela, RB;VE;VEN;Latin America & Caribbean;Not classified;1960;Sector externo;sector_externo;Balanza de pagos;balanza_de_pagos;BN.CAB.XOKA.CD;Balanza por cuenta corriente en dólares corrientes;;Banco Mundial - World Development Indicators;2026-07-13;The read operation timed out
Venezuela;Venezuela, RB;VE;VEN;Latin America & Caribbean;Not classified;1961;Sector externo;sector_externo;Balanza de pagos;balanza_de_pagos;BN.CAB.XOKA.CD;Balanza por cuenta corriente en dólares corrientes;;Banco Mundial - World Development Indicators;2026-07-13;The read operation timed out
Venezuela;Venezuela, RB;VE;VEN;Latin America & Caribbean;Not classified;1962;Sector externo;sector_externo;Balanza de pagos;balanza_de_pagos;BN.CAB.XOKA.CD;Balanza por cuenta corriente en dólares corrientes;;Banco Mundial - World Development Indicators;2026-07-13;The read operation timed out
Venezuela;Venezuela, RB;VE;VEN;Latin America & Caribbean;Not classified;1963;Sector externo;sector_externo;Balanza de pagos;balanza_de_pagos;BN.CAB.XOKA.CD;Balanza por cuenta corriente en dólares corrientes;;Banco Mundial - World Development Indicators;2026-07-13;The read operation timed out
Venezuela;Venezuela, RB;VE;VEN;Latin America & Caribbean;Not classified;1964;Sector externo;sector_externo;Balanza de pagos;balanza_de_pagos;BN.CAB.XOKA.CD;Balanza por cuenta corriente en dólares corrientes;;Banco Mundial - World Development Indicators;2026-07-13;The read operation timed out
Venezuela;Venezuela, RB;VE;VEN;Latin America & Caribbean;Not classified;1965;Sector externo;sector_externo;Balanza de pagos;balanza_de_pagos;BN.CAB.XOKA.CD;Balanza por cuenta corriente en dólares corrientes;;Banco Mundial - World Development Indicators;2026-07-13;The read operation timed out
Venezuela;Venezuela, RB;VE;VEN;Latin America & Caribbean;Not classified;1966;Sector externo;sector_externo;Balanza de pagos;balanza_de_pagos;BN.CAB.XOKA.CD;Balanza por cuenta corriente en dólares corrientes;;Banco Mundial - World Development Indicators;2026-07-13;The read operation timed out
Venezuela;Venezuela, RB;VE;VEN;Latin America & Caribbean;Not classified;1967;Sector externo;sector_externo;Balanza de pagos;balanza_de_pagos;BN.CAB.XOKA.CD;Balanza por cuenta corriente en dólares corrientes;;Banco Mundial - World Development Indicators;2026-07-13;The read operation timed out
Venezuela;Venezuela, RB;VE;VEN;Latin America & Caribbean;Not classified;1968;Sector externo;sector_externo;Balanza de pagos;balanza_de_pagos;BN.CAB.XOKA.CD;Balanza por cuenta corriente en dólares corrientes;;Banco Mundial - World Development Indicators;2026-07-13;The read operation timed out
Venezuela;Venezuela, RB;VE;VEN;Latin America & Caribbean;Not classified;1969;Sector externo;sector_externo;Balanza de pagos;balanza_de_pagos;BN.CAB.XOKA.CD;Balanza por cuenta corriente en dólares corrientes;;Banco Mundial - World Development Indicators;2026-07-13;The read operation timed out
Venezuela;Venezuela, RB;VE;VEN;Latin America & Caribbean;Not classified;1970;Sector externo;sector_externo;Balanza de pagos;balanza_de_pagos;BN.CAB.XOKA.CD;Balanza por cuenta corriente en dólares corrientes;;Banco Mundial - World Development Indicators;2026-07-13;The read operation timed out
Venezuela;Venezuela, RB;VE;VEN;Latin America & Caribbean;Not classified;1971;Sector externo;sector_externo;Balanza de pagos;balanza_de_pagos;BN.CAB.XOKA.CD;Balanza por cuenta corriente en dólares corrientes;;Banco Mundial - World Development Indicators;2026-07-13;The read operation timed out
Venezuela;Venezuela, RB;VE;VEN;Latin America & Caribbean;Not classified;1972;Sector externo;sector_externo;Balanza de pagos;balanza_de_pagos;BN.CAB.XOKA.CD;Balanza por cuenta corriente en dólares corrientes;;Banco Mundial - World Development Indicators;2026-07-13;The read operation timed out
Venezuela;Venezuela, RB;VE;VEN;Latin America & Caribbean;Not classified;1973;Sector externo;sector_externo;Balanza de pagos;balanza_de_pagos;BN.CAB.XOKA.CD;Balanza por cuenta corriente en dólares corrientes;;Banco Mundial - World Development Indicators;2026-07-13;The read operation timed out
Venezuela;Venezuela, RB;VE;VEN;Latin America & Caribbean;Not classified;1974;Sector externo;sector_externo;Balanza de pagos;balanza_de_pagos;BN.CAB.XOKA.CD;Balanza por cuenta corriente en dólares corrientes;;Banco Mundial - World Development Indicators;2026-07-13;The read operation timed out
Venezuela;Venezuela, RB;VE;VEN;Latin America & Caribbean;Not classified;1975;Sector externo;sector_externo;Balanza de pagos;balanza_de_pagos;BN.CAB.XOKA.CD;Balanza por cuenta corriente en dólares corrientes;;Banco Mundial - World Development Indicators;2026-07-13;The read operation timed out
Venezuela;Venezuela, RB;VE;VEN;Latin America & Caribbean;Not classified;1976;Sector externo;sector_externo;Balanza de pagos;balanza_de_pagos;BN.CAB.XOKA.CD;Balanza por cuenta corriente en dólares corrientes;;Banco Mundial - World Development Indicators;2026-07-13;The read operation timed out
Venezuela;Venezuela, RB;VE;VEN;Latin America & Caribbean;Not classified;1977;Sector externo;sector_externo;Balanza de pagos;balanza_de_pagos;BN.CAB.XOKA.CD;Balanza por cuenta corriente en dólares corrientes;;Banco Mundial - World Development Indicators;2026-07-13;The read operation timed out
Venezuela;Venezuela, RB;VE;VEN;Latin America & Caribbean;Not classified;1978;Sector externo;sector_externo;Balanza de pagos;balanza_de_pagos;BN.CAB.XOKA.CD;Balanza por cuenta corriente en dólares corrientes;;Banco Mundial - World Development Indicators;2026-07-13;The read operation timed out
Venezuela;Venezuela, RB;VE;VEN;Latin America & Caribbean;Not classified;1979;Sector externo;sector_externo;Balanza de pagos;balanza_de_pagos;BN.CAB.XOKA.CD;Balanza por cuenta corriente en dólares corrientes;;Banco Mundial - World Development Indicators;2026-07-13;The read operation timed out
Venezuela;Venezuela, RB;VE;VEN;Latin America & Caribbean;Not classified;1980;Sector externo;sector_externo;Balanza de pagos;balanza_de_pagos;BN.CAB.XOKA.CD;Balanza por cuenta corriente en dólares corrientes;;Banco Mundial - World Development Indicators;2026-07-13;The read operation timed out
Venezuela;Venezuela, RB;VE;VEN;Latin America & Caribbean;Not classified;1981;Sector externo;sector_externo;Balanza de pagos;balanza_de_pagos;BN.CAB.XOKA.CD;Balanza por cuenta corriente en dólares corrientes;;Banco Mundial - World Development Indicators;2026-07-13;The read operation timed out
Venezuela;Venezuela, RB;VE;VEN;Latin America & Caribbean;Not classified;1982;Sector externo;sector_externo;Balanza de pagos;balanza_de_pagos;BN.CAB.XOKA.CD;Balanza por cuenta corriente en dólares corrientes;;Banco Mundial - World Development Indicators;2026-07-13;The read operation timed out
Venezuela;Venezuela, RB;VE;VEN;Latin America & Caribbean;Not classified;1983;Sector externo;sector_externo;Balanza de pagos;balanza_de_pagos;BN.CAB.XOKA.CD;Balanza por cuenta corriente en dólares corrientes;;Banco Mundial - World Development Indicators;2026-07-13;The read operation timed out
Venezuela;Venezuela, RB;VE;VEN;Latin America & Caribbean;Not classified;1984;Sector externo;sector_externo;Balanza de pagos;balanza_de_pagos;BN.CAB.XOKA.CD;Balanza por cuenta corriente en dólares corrientes;;Banco Mundial - World Development Indicators;2026-07-13;The read operation timed out
Venezuela;Venezuela, RB;VE;VEN;Latin America & Caribbean;Not classified;1985;Sector externo;sector_externo;Balanza de pagos;balanza_de_pagos;BN.CAB.XOKA.CD;Balanza por cuenta corriente en dólares corrientes;;Banco Mundial - World Development Indicators;2026-07-13;The read operation timed out
Venezuela;Venezuela, RB;VE;VEN;Latin America & Caribbean;Not classified;1986;Sector externo;sector_externo;Balanza de pagos;balanza_de_pagos;BN.CAB.XOKA.CD;Balanza por cuenta corriente en dólares corrientes;;Banco Mundial - World Development Indicators;2026-07-13;The read operation timed out
Venezuela;Venezuela, RB;VE;VEN;Latin America & Caribbean;Not classified;1987;Sector externo;sector_externo;Balanza de pagos;balanza_de_pagos;BN.CAB.XOKA.CD;Balanza por cuenta corriente en dólares corrientes;;Banco Mundial - World Development Indicators;2026-07-13;The read operation timed out
Venezuela;Venezuela, RB;VE;VEN;Latin America & Caribbean;Not classified;1988;Sector externo;sector_externo;Balanza de pagos;balanza_de_pagos;BN.CAB.XOKA.CD;Balanza por cuenta corriente en dólares corrientes;;Banco Mundial - World Development Indicators;2026-07-13;The read operation timed out
Venezuela;Venezuela, RB;VE;VEN;Latin America & Caribbean;Not classified;1989;Sector externo;sector_externo;Balanza de pagos;balanza_de_pagos;BN.CAB.XOKA.CD;Balanza por cuenta corriente en dólares corrientes;;Banco Mundial - World Development Indicators;2026-07-13;The read operation timed out
Venezuela;Venezuela, RB;VE;VEN;Latin America & Caribbean;Not classified;1990;Sector externo;sector_externo;Balanza de pagos;balanza_de_pagos;BN.CAB.XOKA.CD;Balanza por cuenta corriente en dólares corrientes;;Banco Mundial - World Development Indicators;2026-07-13;The read operation timed out
Venezuela;Venezuela, RB;VE;VEN;Latin America & Caribbean;Not classified;1991;Sector externo;sector_externo;Balanza de pagos;balanza_de_pagos;BN.CAB.XOKA.CD;Balanza por cuenta corriente en dólares corrientes;;Banco Mundial - World Development Indicators;2026-07-13;The read operation timed out
Venezuela;Venezuela, RB;VE;VEN;Latin America & Caribbean;Not classified;1992;Sector externo;sector_externo;Balanza de pagos;balanza_de_pagos;BN.CAB.XOKA.CD;Balanza por cuenta corriente en dólares corrientes;;Banco Mundial - World Development Indicators;2026-07-13;The read operation timed out
Venezuela;Venezuela, RB;VE;VEN;Latin America & Caribbean;Not classified;1993;Sector externo;sector_externo;Balanza de pagos;balanza_de_pagos;BN.CAB.XOKA.CD;Balanza por cuenta corriente en dólares corrientes;;Banco Mundial - World Development Indicators;2026-07-13;The read operation timed out
Venezuela;Venezuela, RB;VE;VEN;Latin America & Caribbean;Not classified;1994;Sector externo;sector_externo;Balanza de pagos;balanza_de_pagos;BN.CAB.XOKA.CD;Balanza por cuenta corriente en dólares corrientes;;Banco Mundial - World Development Indicators;2026-07-13;The read operation timed out
Venezuela;Venezuela, RB;VE;VEN;Latin America & Caribbean;Not classified;1995;Sector externo;sector_externo;Balanza de pagos;balanza_de_pagos;BN.CAB.XOKA.CD;Balanza por cuenta corriente en dólares corrientes;;Banco Mundial - World Development Indicators;2026-07-13;The read operation timed out
Venezuela;Venezuela, RB;VE;VEN;Latin America & Caribbean;Not classified;1996;Sector externo;sector_externo;Balanza de pagos;balanza_de_pagos;BN.CAB.XOKA.CD;Balanza por cuenta corriente en dólares corrientes;;Banco Mundial - World Development Indicators;2026-07-13;The read operation timed out
Venezuela;Venezuela, RB;VE;VEN;Latin America & Caribbean;Not classified;1997;Sector externo;sector_externo;Balanza de pagos;balanza_de_pagos;BN.CAB.XOKA.CD;Balanza por cuenta corriente en dólares corrientes;;Banco Mundial - World Development Indicators;2026-07-13;The read operation timed out
Venezuela;Venezuela, RB;VE;VEN;Latin America & Caribbean;Not classified;1998;Sector externo;sector_externo;Balanza de pagos;balanza_de_pagos;BN.CAB.XOKA.CD;Balanza por cuenta corriente en dólares corrientes;;Banco Mundial - World Development Indicators;2026-07-13;The read operation timed out
Venezuela;Venezuela, RB;VE;VEN;Latin America & Caribbean;Not classified;1999;Sector externo;sector_externo;Balanza de pagos;balanza_de_pagos;BN.CAB.XOKA.CD;Balanza por cuenta corriente en dólares corrientes;;Banco Mundial - World Development Indicators;2026-07-13;The read operation timed out
Venezuela;Venezuela, RB;VE;VEN;Latin America & Caribbean;Not classified;2000;Sector externo;sector_externo;Balanza de pagos;balanza_de_pagos;BN.CAB.XOKA.CD;Balanza por cuenta corriente en dólares corrientes;;Banco Mundial - World Development Indicators;2026-07-13;The read operation timed out
Venezuela;Venezuela, RB;VE;VEN;Latin America & Caribbean;Not classified;2001;Sector externo;sector_externo;Balanza de pagos;balanza_de_pagos;BN.CAB.XOKA.CD;Balanza por cuenta corriente en dólares corrientes;;Banco Mundial - World Development Indicators;2026-07-13;The read operation timed out
Venezuela;Venezuela, RB;VE;VEN;Latin America & Caribbean;Not classified;2002;Sector externo;sector_externo;Balanza de pagos;balanza_de_pagos;BN.CAB.XOKA.CD;Balanza por cuenta corriente en dólares corrientes;;Banco Mundial - World Development Indicators;2026-07-13;The read operation timed out
Venezuela;Venezuela, RB;VE;VEN;Latin America & Caribbean;Not classified;2003;Sector externo;sector_externo;Balanza de pagos;balanza_de_pagos;BN.CAB.XOKA.CD;Balanza por cuenta corriente en dólares corrientes;;Banco Mundial - World Development Indicators;2026-07-13;The read operation timed out
Venezuela;Venezuela, RB;VE;VEN;Latin America & Caribbean;Not classified;2004;Sector externo;sector_externo;Balanza de pagos;balanza_de_pagos;BN.CAB.XOKA.CD;Balanza por cuenta corriente en dólares corrientes;;Banco Mundial - World Development Indicators;2026-07-13;The read operation timed out
Venezuela;Venezuela, RB;VE;VEN;Latin America & Caribbean;Not classified;2005;Sector externo;sector_externo;Balanza de pagos;balanza_de_pagos;BN.CAB.XOKA.CD;Balanza por cuenta corriente en dólares corrientes;;Banco Mundial - World Development Indicators;2026-07-13;The read operation timed out
Venezuela;Venezuela, RB;VE;VEN;Latin America & Caribbean;Not classified;2006;Sector externo;sector_externo;Balanza de pagos;balanza_de_pagos;BN.CAB.XOKA.CD;Balanza por cuenta corriente en dólares corrientes;;Banco Mundial - World Development Indicators;2026-07-13;The read operation timed out
Venezuela;Venezuela, RB;VE;VEN;Latin America & Caribbean;Not classified;2007;Sector externo;sector_externo;Balanza de pagos;balanza_de_pagos;BN.CAB.XOKA.CD;Balanza por cuenta corriente en dólares corrientes;;Banco Mundial - World Development Indicators;2026-07-13;The read operation timed out
Venezuela;Venezuela, RB;VE;VEN;Latin America & Caribbean;Not classified;2008;Sector externo;sector_externo;Balanza de pagos;balanza_de_pagos;BN.CAB.XOKA.CD;Balanza por cuenta corriente en dólares corrientes;;Banco Mundial - World Development Indicators;2026-07-13;The read operation timed out
Venezuela;Venezuela, RB;VE;VEN;Latin America & Caribbean;Not classified;2009;Sector externo;sector_externo;Balanza de pagos;balanza_de_pagos;BN.CAB.XOKA.CD;Balanza por cuenta corriente en dólares corrientes;;Banco Mundial - World Development Indicators;2026-07-13;The read operation timed out
Venezuela;Venezuela, RB;VE;VEN;Latin America & Caribbean;Not classified;2010;Sector externo;sector_externo;Balanza de pagos;balanza_de_pagos;BN.CAB.XOKA.CD;Balanza por cuenta corriente en dólares corrientes;;Banco Mundial - World Development Indicators;2026-07-13;The read operation timed out
Venezuela;Venezuela, RB;VE;VEN;Latin America & Caribbean;Not classified;2011;Sector externo;sector_externo;Balanza de pagos;balanza_de_pagos;BN.CAB.XOKA.CD;Balanza por cuenta corriente en dólares corrientes;;Banco Mundial - World Development Indicators;2026-07-13;The read operation timed out
Venezuela;Venezuela, RB;VE;VEN;Latin America & Caribbean;Not classified;2012;Sector externo;sector_externo;Balanza de pagos;balanza_de_pagos;BN.CAB.XOKA.CD;Balanza por cuenta corriente en dólares corrientes;;Banco Mundial - World Development Indicators;2026-07-13;The read operation timed out
Venezuela;Venezuela, RB;VE;VEN;Latin America & Caribbean;Not classified;2013;Sector externo;sector_externo;Balanza de pagos;balanza_de_pagos;BN.CAB.XOKA.CD;Balanza por cuenta corriente en dólares corrientes;;Banco Mundial - World Development Indicators;2026-07-13;The read operation timed out
Venezuela;Venezuela, RB;VE;VEN;Latin America & Caribbean;Not classified;2014;Sector externo;sector_externo;Balanza de pagos;balanza_de_pagos;BN.CAB.XOKA.CD;Balanza por cuenta corriente en dólares corrientes;;Banco Mundial - World Development Indicators;2026-07-13;The read operation timed out
Venezuela;Venezuela, RB;VE;VEN;Latin America & Caribbean;Not classified;2015;Sector externo;sector_externo;Balanza de pagos;balanza_de_pagos;BN.CAB.XOKA.CD;Balanza por cuenta corriente en dólares corrientes;;Banco Mundial - World Development Indicators;2026-07-13;The read operation timed out
Venezuela;Venezuela, RB;VE;VEN;Latin America & Caribbean;Not classified;2016;Sector externo;sector_externo;Balanza de pagos;balanza_de_pagos;BN.CAB.XOKA.CD;Balanza por cuenta corriente en dólares corrientes;;Banco Mundial - World Development Indicators;2026-07-13;The read operation timed out
Venezuela;Venezuela, RB;VE;VEN;Latin America & Caribbean;Not classified;2017;Sector externo;sector_externo;Balanza de pagos;balanza_de_pagos;BN.CAB.XOKA.CD;Balanza por cuenta corriente en dólares corrientes;;Banco Mundial - World Development Indicators;2026-07-13;The read operation timed out
Venezuela;Venezuela, RB;VE;VEN;Latin America & Caribbean;Not classified;2018;Sector externo;sector_externo;Balanza de pagos;balanza_de_pagos;BN.CAB.XOKA.CD;Balanza por cuenta corriente en dólares corrientes;;Banco Mundial - World Development Indicators;2026-07-13;The read operation timed out
Venezuela;Venezuela, RB;VE;VEN;Latin America & Caribbean;Not classified;2019;Sector externo;sector_externo;Balanza de pagos;balanza_de_pagos;BN.CAB.XOKA.CD;Balanza por cuenta corriente en dólares corrientes;;Banco Mundial - World Development Indicators;2026-07-13;The read operation timed out
Venezuela;Venezuela, RB;VE;VEN;Latin America & Caribbean;Not classified;2020;Sector externo;sector_externo;Balanza de pagos;balanza_de_pagos;BN.CAB.XOKA.CD;Balanza por cuenta corriente en dólares corrientes;;Banco Mundial - World Development Indicators;2026-07-13;The read operation timed out
Venezuela;Venezuela, RB;VE;VEN;Latin America & Caribbean;Not classified;2021;Sector externo;sector_externo;Balanza de pagos;balanza_de_pagos;BN.CAB.XOKA.CD;Balanza por cuenta corriente en dólares corrientes;;Banco Mundial - World Development Indicators;2026-07-13;The read operation timed out
Venezuela;Venezuela, RB;VE;VEN;Latin America & Caribbean;Not classified;2022;Sector externo;sector_externo;Balanza de pagos;balanza_de_pagos;BN.CAB.XOKA.CD;Balanza por cuenta corriente en dólares corrientes;;Banco Mundial - World Development Indicators;2026-07-13;The read operation timed out
Venezuela;Venezuela, RB;VE;VEN;Latin America & Caribbean;Not classified;2023;Sector externo;sector_externo;Balanza de pagos;balanza_de_pagos;BN.CAB.XOKA.CD;Balanza por cuenta corriente en dólares corrientes;;Banco Mundial - World Development Indicators;2026-07-13;The read operation timed out
Venezuela;Venezuela, RB;VE;VEN;Latin America & Caribbean;Not classified;2024;Sector externo;sector_externo;Balanza de pagos;balanza_de_pagos;BN.CAB.XOKA.CD;Balanza por cuenta corriente en dólares corrientes;;Banco Mundial - World Development Indicators;2026-07-13;The read operation timed out
Venezuela;Venezuela, RB;VE;VEN;Latin America & Caribbean;Not classified;2025;Sector externo;sector_externo;Balanza de pagos;balanza_de_pagos;BN.CAB.XOKA.CD;Balanza por cuenta corriente en dólares corrientes;;Banco Mundial - World Development Indicators;2026-07-13;The read operation timed out
Venezuela;Venezuela, RB;VE;VEN;Latin America & Caribbean;Not classified;2026;Sector externo;sector_externo;Balanza de pagos;balanza_de_pagos;BN.CAB.XOKA.CD;Balanza por cuenta corriente en dólares corrientes;;Banco Mundial - World Development Indicators;2026-07-13;The read operation timed out
Venezuela;Venezuela, RB;VE;VEN;Latin America & Caribbean;Not classified;1960;Sector externo;sector_externo;Inversión extranjera;inversion_extranjera;BX.KLT.DINV.CD.WD;Inversión extranjera directa neta recibida;;Banco Mundial - World Development Indicators;2026-07-13;The read operation timed out
Venezuela;Venezuela, RB;VE;VEN;Latin America & Caribbean;Not classified;1961;Sector externo;sector_externo;Inversión extranjera;inversion_extranjera;BX.KLT.DINV.CD.WD;Inversión extranjera directa neta recibida;;Banco Mundial - World Development Indicators;2026-07-13;The read operation timed out
Venezuela;Venezuela, RB;VE;VEN;Latin America & Caribbean;Not classified;1962;Sector externo;sector_externo;Inversión extranjera;inversion_extranjera;BX.KLT.DINV.CD.WD;Inversión extranjera directa neta recibida;;Banco Mundial - World Development Indicators;2026-07-13;The read operation timed out
Venezuela;Venezuela, RB;VE;VEN;Latin America & Caribbean;Not classified;1963;Sector externo;sector_externo;Inversión extranjera;inversion_extranjera;BX.KLT.DINV.CD.WD;Inversión extranjera directa neta recibida;;Banco Mundial - World Development Indicators;2026-07-13;The read operation timed out
Venezuela;Venezuela, RB;VE;VEN;Latin America & Caribbean;Not classified;1964;Sector externo;sector_externo;Inversión extranjera;inversion_extranjera;BX.KLT.DINV.CD.WD;Inversión extranjera directa neta recibida;;Banco Mundial - World Development Indicators;2026-07-13;The read operation timed out
Venezuela;Venezuela, RB;VE;VEN;Latin America & Caribbean;Not classified;1965;Sector externo;sector_externo;Inversión extranjera;inversion_extranjera;BX.KLT.DINV.CD.WD;Inversión extranjera directa neta recibida;;Banco Mundial - World Development Indicators;2026-07-13;The read operation timed out
Venezuela;Venezuela, RB;VE;VEN;Latin America & Caribbean;Not classified;1966;Sector externo;sector_externo;Inversión extranjera;inversion_extranjera;BX.KLT.DINV.CD.WD;Inversión extranjera directa neta recibida;;Banco Mundial - World Development Indicators;2026-07-13;The read operation timed out
Venezuela;Venezuela, RB;VE;VEN;Latin America & Caribbean;Not classified;1967;Sector externo;sector_externo;Inversión extranjera;inversion_extranjera;BX.KLT.DINV.CD.WD;Inversión extranjera directa neta recibida;;Banco Mundial - World Development Indicators;2026-07-13;The read operation timed out
Venezuela;Venezuela, RB;VE;VEN;Latin America & Caribbean;Not classified;1968;Sector externo;sector_externo;Inversión extranjera;inversion_extranjera;BX.KLT.DINV.CD.WD;Inversión extranjera directa neta recibida;;Banco Mundial - World Development Indicators;2026-07-13;The read operation timed out
Venezuela;Venezuela, RB;VE;VEN;Latin America & Caribbean;Not classified;1969;Sector externo;sector_externo;Inversión extranjera;inversion_extranjera;BX.KLT.DINV.CD.WD;Inversión extranjera directa neta recibida;;Banco Mundial - World Development Indicators;2026-07-13;The read operation timed out
Venezuela;Venezuela, RB;VE;VEN;Latin America & Caribbean;Not classified;1970;Sector externo;sector_externo;Inversión extranjera;inversion_extranjera;BX.KLT.DINV.CD.WD;Inversión extranjera directa neta recibida;;Banco Mundial - World Development Indicators;2026-07-13;The read operation timed out
Venezuela;Venezuela, RB;VE;VEN;Latin America & Caribbean;Not classified;1971;Sector externo;sector_externo;Inversión extranjera;inversion_extranjera;BX.KLT.DINV.CD.WD;Inversión extranjera directa neta recibida;;Banco Mundial - World Development Indicators;2026-07-13;The read operation timed out
Venezuela;Venezuela, RB;VE;VEN;Latin America & Caribbean;Not classified;1972;Sector externo;sector_externo;Inversión extranjera;inversion_extranjera;BX.KLT.DINV.CD.WD;Inversión extranjera directa neta recibida;;Banco Mundial - World Development Indicators;2026-07-13;The read operation timed out
Venezuela;Venezuela, RB;VE;VEN;Latin America & Caribbean;Not classified;1973;Sector externo;sector_externo;Inversión extranjera;inversion_extranjera;BX.KLT.DINV.CD.WD;Inversión extranjera directa neta recibida;;Banco Mundial - World Development Indicators;2026-07-13;The read operation timed out
Venezuela;Venezuela, RB;VE;VEN;Latin America & Caribbean;Not classified;1974;Sector externo;sector_externo;Inversión extranjera;inversion_extranjera;BX.KLT.DINV.CD.WD;Inversión extranjera directa neta recibida;;Banco Mundial - World Development Indicators;2026-07-13;The read operation timed out
Venezuela;Venezuela, RB;VE;VEN;Latin America & Caribbean;Not classified;1975;Sector externo;sector_externo;Inversión extranjera;inversion_extranjera;BX.KLT.DINV.CD.WD;Inversión extranjera directa neta recibida;;Banco Mundial - World Development Indicators;2026-07-13;The read operation timed out
Venezuela;Venezuela, RB;VE;VEN;Latin America & Caribbean;Not classified;1976;Sector externo;sector_externo;Inversión extranjera;inversion_extranjera;BX.KLT.DINV.CD.WD;Inversión extranjera directa neta recibida;;Banco Mundial - World Development Indicators;2026-07-13;The read operation timed out
Venezuela;Venezuela, RB;VE;VEN;Latin America & Caribbean;Not classified;1977;Sector externo;sector_externo;Inversión extranjera;inversion_extranjera;BX.KLT.DINV.CD.WD;Inversión extranjera directa neta recibida;;Banco Mundial - World Development Indicators;2026-07-13;The read operation timed out
Venezuela;Venezuela, RB;VE;VEN;Latin America & Caribbean;Not classified;1978;Sector externo;sector_externo;Inversión extranjera;inversion_extranjera;BX.KLT.DINV.CD.WD;Inversión extranjera directa neta recibida;;Banco Mundial - World Development Indicators;2026-07-13;The read operation timed out
Venezuela;Venezuela, RB;VE;VEN;Latin America & Caribbean;Not classified;1979;Sector externo;sector_externo;Inversión extranjera;inversion_extranjera;BX.KLT.DINV.CD.WD;Inversión extranjera directa neta recibida;;Banco Mundial - World Development Indicators;2026-07-13;The read operation timed out
Venezuela;Venezuela, RB;VE;VEN;Latin America & Caribbean;Not classified;1980;Sector externo;sector_externo;Inversión extranjera;inversion_extranjera;BX.KLT.DINV.CD.WD;Inversión extranjera directa neta recibida;;Banco Mundial - World Development Indicators;2026-07-13;The read operation timed out
Venezuela;Venezuela, RB;VE;VEN;Latin America & Caribbean;Not classified;1981;Sector externo;sector_externo;Inversión extranjera;inversion_extranjera;BX.KLT.DINV.CD.WD;Inversión extranjera directa neta recibida;;Banco Mundial - World Development Indicators;2026-07-13;The read operation timed out
Venezuela;Venezuela, RB;VE;VEN;Latin America & Caribbean;Not classified;1982;Sector externo;sector_externo;Inversión extranjera;inversion_extranjera;BX.KLT.DINV.CD.WD;Inversión extranjera directa neta recibida;;Banco Mundial - World Development Indicators;2026-07-13;The read operation timed out
Venezuela;Venezuela, RB;VE;VEN;Latin America & Caribbean;Not classified;1983;Sector externo;sector_externo;Inversión extranjera;inversion_extranjera;BX.KLT.DINV.CD.WD;Inversión extranjera directa neta recibida;;Banco Mundial - World Development Indicators;2026-07-13;The read operation timed out
Venezuela;Venezuela, RB;VE;VEN;Latin America & Caribbean;Not classified;1984;Sector externo;sector_externo;Inversión extranjera;inversion_extranjera;BX.KLT.DINV.CD.WD;Inversión extranjera directa neta recibida;;Banco Mundial - World Development Indicators;2026-07-13;The read operation timed out
Venezuela;Venezuela, RB;VE;VEN;Latin America & Caribbean;Not classified;1985;Sector externo;sector_externo;Inversión extranjera;inversion_extranjera;BX.KLT.DINV.CD.WD;Inversión extranjera directa neta recibida;;Banco Mundial - World Development Indicators;2026-07-13;The read operation timed out
Venezuela;Venezuela, RB;VE;VEN;Latin America & Caribbean;Not classified;1986;Sector externo;sector_externo;Inversión extranjera;inversion_extranjera;BX.KLT.DINV.CD.WD;Inversión extranjera directa neta recibida;;Banco Mundial - World Development Indicators;2026-07-13;The read operation timed out
Venezuela;Venezuela, RB;VE;VEN;Latin America & Caribbean;Not classified;1987;Sector externo;sector_externo;Inversión extranjera;inversion_extranjera;BX.KLT.DINV.CD.WD;Inversión extranjera directa neta recibida;;Banco Mundial - World Development Indicators;2026-07-13;The read operation timed out
Venezuela;Venezuela, RB;VE;VEN;Latin America & Caribbean;Not classified;1988;Sector externo;sector_externo;Inversión extranjera;inversion_extranjera;BX.KLT.DINV.CD.WD;Inversión extranjera directa neta recibida;;Banco Mundial - World Development Indicators;2026-07-13;The read operation timed out
Venezuela;Venezuela, RB;VE;VEN;Latin America & Caribbean;Not classified;1989;Sector externo;sector_externo;Inversión extranjera;inversion_extranjera;BX.KLT.DINV.CD.WD;Inversión extranjera directa neta recibida;;Banco Mundial - World Development Indicators;2026-07-13;The read operation timed out
Venezuela;Venezuela, RB;VE;VEN;Latin America & Caribbean;Not classified;1990;Sector externo;sector_externo;Inversión extranjera;inversion_extranjera;BX.KLT.DINV.CD.WD;Inversión extranjera directa neta recibida;;Banco Mundial - World Development Indicators;2026-07-13;The read operation timed out
Venezuela;Venezuela, RB;VE;VEN;Latin America & Caribbean;Not classified;1991;Sector externo;sector_externo;Inversión extranjera;inversion_extranjera;BX.KLT.DINV.CD.WD;Inversión extranjera directa neta recibida;;Banco Mundial - World Development Indicators;2026-07-13;The read operation timed out
Venezuela;Venezuela, RB;VE;VEN;Latin America & Caribbean;Not classified;1992;Sector externo;sector_externo;Inversión extranjera;inversion_extranjera;BX.KLT.DINV.CD.WD;Inversión extranjera directa neta recibida;;Banco Mundial - World Development Indicators;2026-07-13;The read operation timed out
Venezuela;Venezuela, RB;VE;VEN;Latin America & Caribbean;Not classified;1993;Sector externo;sector_externo;Inversión extranjera;inversion_extranjera;BX.KLT.DINV.CD.WD;Inversión extranjera directa neta recibida;;Banco Mundial - World Development Indicators;2026-07-13;The read operation timed out
Venezuela;Venezuela, RB;VE;VEN;Latin America & Caribbean;Not classified;1994;Sector externo;sector_externo;Inversión extranjera;inversion_extranjera;BX.KLT.DINV.CD.WD;Inversión extranjera directa neta recibida;;Banco Mundial - World Development Indicators;2026-07-13;The read operation timed out
Venezuela;Venezuela, RB;VE;VEN;Latin America & Caribbean;Not classified;1995;Sector externo;sector_externo;Inversión extranjera;inversion_extranjera;BX.KLT.DINV.CD.WD;Inversión extranjera directa neta recibida;;Banco Mundial - World Development Indicators;2026-07-13;The read operation timed out
Venezuela;Venezuela, RB;VE;VEN;Latin America & Caribbean;Not classified;1996;Sector externo;sector_externo;Inversión extranjera;inversion_extranjera;BX.KLT.DINV.CD.WD;Inversión extranjera directa neta recibida;;Banco Mundial - World Development Indicators;2026-07-13;The read operation timed out
Venezuela;Venezuela, RB;VE;VEN;Latin America & Caribbean;Not classified;1997;Sector externo;sector_externo;Inversión extranjera;inversion_extranjera;BX.KLT.DINV.CD.WD;Inversión extranjera directa neta recibida;;Banco Mundial - World Development Indicators;2026-07-13;The read operation timed out
Venezuela;Venezuela, RB;VE;VEN;Latin America & Caribbean;Not classified;1998;Sector externo;sector_externo;Inversión extranjera;inversion_extranjera;BX.KLT.DINV.CD.WD;Inversión extranjera directa neta recibida;;Banco Mundial - World Development Indicators;2026-07-13;The read operation timed out
Venezuela;Venezuela, RB;VE;VEN;Latin America & Caribbean;Not classified;1999;Sector externo;sector_externo;Inversión extranjera;inversion_extranjera;BX.KLT.DINV.CD.WD;Inversión extranjera directa neta recibida;;Banco Mundial - World Development Indicators;2026-07-13;The read operation timed out
Venezuela;Venezuela, RB;VE;VEN;Latin America & Caribbean;Not classified;2000;Sector externo;sector_externo;Inversión extranjera;inversion_extranjera;BX.KLT.DINV.CD.WD;Inversión extranjera directa neta recibida;;Banco Mundial - World Development Indicators;2026-07-13;The read operation timed out
Venezuela;Venezuela, RB;VE;VEN;Latin America & Caribbean;Not classified;2001;Sector externo;sector_externo;Inversión extranjera;inversion_extranjera;BX.KLT.DINV.CD.WD;Inversión extranjera directa neta recibida;;Banco Mundial - World Development Indicators;2026-07-13;The read operation timed out
Venezuela;Venezuela, RB;VE;VEN;Latin America & Caribbean;Not classified;2002;Sector externo;sector_externo;Inversión extranjera;inversion_extranjera;BX.KLT.DINV.CD.WD;Inversión extranjera directa neta recibida;;Banco Mundial - World Development Indicators;2026-07-13;The read operation timed out
Venezuela;Venezuela, RB;VE;VEN;Latin America & Caribbean;Not classified;2003;Sector externo;sector_externo;Inversión extranjera;inversion_extranjera;BX.KLT.DINV.CD.WD;Inversión extranjera directa neta recibida;;Banco Mundial - World Development Indicators;2026-07-13;The read operation timed out
Venezuela;Venezuela, RB;VE;VEN;Latin America & Caribbean;Not classified;2004;Sector externo;sector_externo;Inversión extranjera;inversion_extranjera;BX.KLT.DINV.CD.WD;Inversión extranjera directa neta recibida;;Banco Mundial - World Development Indicators;2026-07-13;The read operation timed out
Venezuela;Venezuela, RB;VE;VEN;Latin America & Caribbean;Not classified;2005;Sector externo;sector_externo;Inversión extranjera;inversion_extranjera;BX.KLT.DINV.CD.WD;Inversión extranjera directa neta recibida;;Banco Mundial - World Development Indicators;2026-07-13;The read operation timed out
Venezuela;Venezuela, RB;VE;VEN;Latin America & Caribbean;Not classified;2006;Sector externo;sector_externo;Inversión extranjera;inversion_extranjera;BX.KLT.DINV.CD.WD;Inversión extranjera directa neta recibida;;Banco Mundial - World Development Indicators;2026-07-13;The read operation timed out
Venezuela;Venezuela, RB;VE;VEN;Latin America & Caribbean;Not classified;2007;Sector externo;sector_externo;Inversión extranjera;inversion_extranjera;BX.KLT.DINV.CD.WD;Inversión extranjera directa neta recibida;;Banco Mundial - World Development Indicators;2026-07-13;The read operation timed out
Venezuela;Venezuela, RB;VE;VEN;Latin America & Caribbean;Not classified;2008;Sector externo;sector_externo;Inversión extranjera;inversion_extranjera;BX.KLT.DINV.CD.WD;Inversión extranjera directa neta recibida;;Banco Mundial - World Development Indicators;2026-07-13;The read operation timed out
Venezuela;Venezuela, RB;VE;VEN;Latin America & Caribbean;Not classified;2009;Sector externo;sector_externo;Inversión extranjera;inversion_extranjera;BX.KLT.DINV.CD.WD;Inversión extranjera directa neta recibida;;Banco Mundial - World Development Indicators;2026-07-13;The read operation timed out
Venezuela;Venezuela, RB;VE;VEN;Latin America & Caribbean;Not classified;2010;Sector externo;sector_externo;Inversión extranjera;inversion_extranjera;BX.KLT.DINV.CD.WD;Inversión extranjera directa neta recibida;;Banco Mundial - World Development Indicators;2026-07-13;The read operation timed out
Venezuela;Venezuela, RB;VE;VEN;Latin America & Caribbean;Not classified;2011;Sector externo;sector_externo;Inversión extranjera;inversion_extranjera;BX.KLT.DINV.CD.WD;Inversión extranjera directa neta recibida;;Banco Mundial - World Development Indicators;2026-07-13;The read operation timed out
Venezuela;Venezuela, RB;VE;VEN;Latin America & Caribbean;Not classified;2012;Sector externo;sector_externo;Inversión extranjera;inversion_extranjera;BX.KLT.DINV.CD.WD;Inversión extranjera directa neta recibida;;Banco Mundial - World Development Indicators;2026-07-13;The read operation timed out
Venezuela;Venezuela, RB;VE;VEN;Latin America & Caribbean;Not classified;2013;Sector externo;sector_externo;Inversión extranjera;inversion_extranjera;BX.KLT.DINV.CD.WD;Inversión extranjera directa neta recibida;;Banco Mundial - World Development Indicators;2026-07-13;The read operation timed out
Venezuela;Venezuela, RB;VE;VEN;Latin America & Caribbean;Not classified;2014;Sector externo;sector_externo;Inversión extranjera;inversion_extranjera;BX.KLT.DINV.CD.WD;Inversión extranjera directa neta recibida;;Banco Mundial - World Development Indicators;2026-07-13;The read operation timed out
Venezuela;Venezuela, RB;VE;VEN;Latin America & Caribbean;Not classified;2015;Sector externo;sector_externo;Inversión extranjera;inversion_extranjera;BX.KLT.DINV.CD.WD;Inversión extranjera directa neta recibida;;Banco Mundial - World Development Indicators;2026-07-13;The read operation timed out
Venezuela;Venezuela, RB;VE;VEN;Latin America & Caribbean;Not classified;2016;Sector externo;sector_externo;Inversión extranjera;inversion_extranjera;BX.KLT.DINV.CD.WD;Inversión extranjera directa neta recibida;;Banco Mundial - World Development Indicators;2026-07-13;The read operation timed out
Venezuela;Venezuela, RB;VE;VEN;Latin America & Caribbean;Not classified;2017;Sector externo;sector_externo;Inversión extranjera;inversion_extranjera;BX.KLT.DINV.CD.WD;Inversión extranjera directa neta recibida;;Banco Mundial - World Development Indicators;2026-07-13;The read operation timed out
Venezuela;Venezuela, RB;VE;VEN;Latin America & Caribbean;Not classified;2018;Sector externo;sector_externo;Inversión extranjera;inversion_extranjera;BX.KLT.DINV.CD.WD;Inversión extranjera directa neta recibida;;Banco Mundial - World Development Indicators;2026-07-13;The read operation timed out
Venezuela;Venezuela, RB;VE;VEN;Latin America & Caribbean;Not classified;2019;Sector externo;sector_externo;Inversión extranjera;inversion_extranjera;BX.KLT.DINV.CD.WD;Inversión extranjera directa neta recibida;;Banco Mundial - World Development Indicators;2026-07-13;The read operation timed out
Venezuela;Venezuela, RB;VE;VEN;Latin America & Caribbean;Not classified;2020;Sector externo;sector_externo;Inversión extranjera;inversion_extranjera;BX.KLT.DINV.CD.WD;Inversión extranjera directa neta recibida;;Banco Mundial - World Development Indicators;2026-07-13;The read operation timed out
Venezuela;Venezuela, RB;VE;VEN;Latin America & Caribbean;Not classified;2021;Sector externo;sector_externo;Inversión extranjera;inversion_extranjera;BX.KLT.DINV.CD.WD;Inversión extranjera directa neta recibida;;Banco Mundial - World Development Indicators;2026-07-13;The read operation timed out
Venezuela;Venezuela, RB;VE;VEN;Latin America & Caribbean;Not classified;2022;Sector externo;sector_externo;Inversión extranjera;inversion_extranjera;BX.KLT.DINV.CD.WD;Inversión extranjera directa neta recibida;;Banco Mundial - World Development Indicators;2026-07-13;The read operation timed out
Venezuela;Venezuela, RB;VE;VEN;Latin America & Caribbean;Not classified;2023;Sector externo;sector_externo;Inversión extranjera;inversion_extranjera;BX.KLT.DINV.CD.WD;Inversión extranjera directa neta recibida;;Banco Mundial - World Development Indicators;2026-07-13;The read operation timed out
Venezuela;Venezuela, RB;VE;VEN;Latin America & Caribbean;Not classified;2024;Sector externo;sector_externo;Inversión extranjera;inversion_extranjera;BX.KLT.DINV.CD.WD;Inversión extranjera directa neta recibida;;Banco Mundial - World Development Indicators;2026-07-13;The read operation timed out
Venezuela;Venezuela, RB;VE;VEN;Latin America & Caribbean;Not classified;2025;Sector externo;sector_externo;Inversión extranjera;inversion_extranjera;BX.KLT.DINV.CD.WD;Inversión extranjera directa neta recibida;;Banco Mundial - World Development Indicators;2026-07-13;The read operation timed out
Venezuela;Venezuela, RB;VE;VEN;Latin America & Caribbean;Not classified;2026;Sector externo;sector_externo;Inversión extranjera;inversion_extranjera;BX.KLT.DINV.CD.WD;Inversión extranjera directa neta recibida;;Banco Mundial - World Development Indicators;2026-07-13;The read operation timed out
Venezuela;Venezuela, RB;VE;VEN;Latin America & Caribbean;Not classified;1960;Sector externo;sector_externo;Deuda externa;deuda_externa;DT.DOD.DECT.CD;Stock total de deuda externa;;Banco Mundial - World Development Indicators;2026-07-13;The read operation timed out
Venezuela;Venezuela, RB;VE;VEN;Latin America & Caribbean;Not classified;1961;Sector externo;sector_externo;Deuda externa;deuda_externa;DT.DOD.DECT.CD;Stock total de deuda externa;;Banco Mundial - World Development Indicators;2026-07-13;The read operation timed out
Venezuela;Venezuela, RB;VE;VEN;Latin America & Caribbean;Not classified;1962;Sector externo;sector_externo;Deuda externa;deuda_externa;DT.DOD.DECT.CD;Stock total de deuda externa;;Banco Mundial - World Development Indicators;2026-07-13;The read operation timed out
Venezuela;Venezuela, RB;VE;VEN;Latin America & Caribbean;Not classified;1963;Sector externo;sector_externo;Deuda externa;deuda_externa;DT.DOD.DECT.CD;Stock total de deuda externa;;Banco Mundial - World Development Indicators;2026-07-13;The read operation timed out
Venezuela;Venezuela, RB;VE;VEN;Latin America & Caribbean;Not classified;1964;Sector externo;sector_externo;Deuda externa;deuda_externa;DT.DOD.DECT.CD;Stock total de deuda externa;;Banco Mundial - World Development Indicators;2026-07-13;The read operation timed out
Venezuela;Venezuela, RB;VE;VEN;Latin America & Caribbean;Not classified;1965;Sector externo;sector_externo;Deuda externa;deuda_externa;DT.DOD.DECT.CD;Stock total de deuda externa;;Banco Mundial - World Development Indicators;2026-07-13;The read operation timed out
Venezuela;Venezuela, RB;VE;VEN;Latin America & Caribbean;Not classified;1966;Sector externo;sector_externo;Deuda externa;deuda_externa;DT.DOD.DECT.CD;Stock total de deuda externa;;Banco Mundial - World Development Indicators;2026-07-13;The read operation timed out
Venezuela;Venezuela, RB;VE;VEN;Latin America & Caribbean;Not classified;1967;Sector externo;sector_externo;Deuda externa;deuda_externa;DT.DOD.DECT.CD;Stock total de deuda externa;;Banco Mundial - World Development Indicators;2026-07-13;The read operation timed out
Venezuela;Venezuela, RB;VE;VEN;Latin America & Caribbean;Not classified;1968;Sector externo;sector_externo;Deuda externa;deuda_externa;DT.DOD.DECT.CD;Stock total de deuda externa;;Banco Mundial - World Development Indicators;2026-07-13;The read operation timed out
Venezuela;Venezuela, RB;VE;VEN;Latin America & Caribbean;Not classified;1969;Sector externo;sector_externo;Deuda externa;deuda_externa;DT.DOD.DECT.CD;Stock total de deuda externa;;Banco Mundial - World Development Indicators;2026-07-13;The read operation timed out
Venezuela;Venezuela, RB;VE;VEN;Latin America & Caribbean;Not classified;1970;Sector externo;sector_externo;Deuda externa;deuda_externa;DT.DOD.DECT.CD;Stock total de deuda externa;;Banco Mundial - World Development Indicators;2026-07-13;The read operation timed out
Venezuela;Venezuela, RB;VE;VEN;Latin America & Caribbean;Not classified;1971;Sector externo;sector_externo;Deuda externa;deuda_externa;DT.DOD.DECT.CD;Stock total de deuda externa;;Banco Mundial - World Development Indicators;2026-07-13;The read operation timed out
Venezuela;Venezuela, RB;VE;VEN;Latin America & Caribbean;Not classified;1972;Sector externo;sector_externo;Deuda externa;deuda_externa;DT.DOD.DECT.CD;Stock total de deuda externa;;Banco Mundial - World Development Indicators;2026-07-13;The read operation timed out
Venezuela;Venezuela, RB;VE;VEN;Latin America & Caribbean;Not classified;1973;Sector externo;sector_externo;Deuda externa;deuda_externa;DT.DOD.DECT.CD;Stock total de deuda externa;;Banco Mundial - World Development Indicators;2026-07-13;The read operation timed out
Venezuela;Venezuela, RB;VE;VEN;Latin America & Caribbean;Not classified;1974;Sector externo;sector_externo;Deuda externa;deuda_externa;DT.DOD.DECT.CD;Stock total de deuda externa;;Banco Mundial - World Development Indicators;2026-07-13;The read operation timed out
Venezuela;Venezuela, RB;VE;VEN;Latin America & Caribbean;Not classified;1975;Sector externo;sector_externo;Deuda externa;deuda_externa;DT.DOD.DECT.CD;Stock total de deuda externa;;Banco Mundial - World Development Indicators;2026-07-13;The read operation timed out
Venezuela;Venezuela, RB;VE;VEN;Latin America & Caribbean;Not classified;1976;Sector externo;sector_externo;Deuda externa;deuda_externa;DT.DOD.DECT.CD;Stock total de deuda externa;;Banco Mundial - World Development Indicators;2026-07-13;The read operation timed out
Venezuela;Venezuela, RB;VE;VEN;Latin America & Caribbean;Not classified;1977;Sector externo;sector_externo;Deuda externa;deuda_externa;DT.DOD.DECT.CD;Stock total de deuda externa;;Banco Mundial - World Development Indicators;2026-07-13;The read operation timed out
Venezuela;Venezuela, RB;VE;VEN;Latin America & Caribbean;Not classified;1978;Sector externo;sector_externo;Deuda externa;deuda_externa;DT.DOD.DECT.CD;Stock total de deuda externa;;Banco Mundial - World Development Indicators;2026-07-13;The read operation timed out
Venezuela;Venezuela, RB;VE;VEN;Latin America & Caribbean;Not classified;1979;Sector externo;sector_externo;Deuda externa;deuda_externa;DT.DOD.DECT.CD;Stock total de deuda externa;;Banco Mundial - World Development Indicators;2026-07-13;The read operation timed out
Venezuela;Venezuela, RB;VE;VEN;Latin America & Caribbean;Not classified;1980;Sector externo;sector_externo;Deuda externa;deuda_externa;DT.DOD.DECT.CD;Stock total de deuda externa;;Banco Mundial - World Development Indicators;2026-07-13;The read operation timed out
Venezuela;Venezuela, RB;VE;VEN;Latin America & Caribbean;Not classified;1981;Sector externo;sector_externo;Deuda externa;deuda_externa;DT.DOD.DECT.CD;Stock total de deuda externa;;Banco Mundial - World Development Indicators;2026-07-13;The read operation timed out
Venezuela;Venezuela, RB;VE;VEN;Latin America & Caribbean;Not classified;1982;Sector externo;sector_externo;Deuda externa;deuda_externa;DT.DOD.DECT.CD;Stock total de deuda externa;;Banco Mundial - World Development Indicators;2026-07-13;The read operation timed out
Venezuela;Venezuela, RB;VE;VEN;Latin America & Caribbean;Not classified;1983;Sector externo;sector_externo;Deuda externa;deuda_externa;DT.DOD.DECT.CD;Stock total de deuda externa;;Banco Mundial - World Development Indicators;2026-07-13;The read operation timed out
Venezuela;Venezuela, RB;VE;VEN;Latin America & Caribbean;Not classified;1984;Sector externo;sector_externo;Deuda externa;deuda_externa;DT.DOD.DECT.CD;Stock total de deuda externa;;Banco Mundial - World Development Indicators;2026-07-13;The read operation timed out
Venezuela;Venezuela, RB;VE;VEN;Latin America & Caribbean;Not classified;1985;Sector externo;sector_externo;Deuda externa;deuda_externa;DT.DOD.DECT.CD;Stock total de deuda externa;;Banco Mundial - World Development Indicators;2026-07-13;The read operation timed out
Venezuela;Venezuela, RB;VE;VEN;Latin America & Caribbean;Not classified;1986;Sector externo;sector_externo;Deuda externa;deuda_externa;DT.DOD.DECT.CD;Stock total de deuda externa;;Banco Mundial - World Development Indicators;2026-07-13;The read operation timed out
Venezuela;Venezuela, RB;VE;VEN;Latin America & Caribbean;Not classified;1987;Sector externo;sector_externo;Deuda externa;deuda_externa;DT.DOD.DECT.CD;Stock total de deuda externa;;Banco Mundial - World Development Indicators;2026-07-13;The read operation timed out
Venezuela;Venezuela, RB;VE;VEN;Latin America & Caribbean;Not classified;1988;Sector externo;sector_externo;Deuda externa;deuda_externa;DT.DOD.DECT.CD;Stock total de deuda externa;;Banco Mundial - World Development Indicators;2026-07-13;The read operation timed out
Venezuela;Venezuela, RB;VE;VEN;Latin America & Caribbean;Not classified;1989;Sector externo;sector_externo;Deuda externa;deuda_externa;DT.DOD.DECT.CD;Stock total de deuda externa;;Banco Mundial - World Development Indicators;2026-07-13;The read operation timed out
Venezuela;Venezuela, RB;VE;VEN;Latin America & Caribbean;Not classified;1990;Sector externo;sector_externo;Deuda externa;deuda_externa;DT.DOD.DECT.CD;Stock total de deuda externa;;Banco Mundial - World Development Indicators;2026-07-13;The read operation timed out
Venezuela;Venezuela, RB;VE;VEN;Latin America & Caribbean;Not classified;1991;Sector externo;sector_externo;Deuda externa;deuda_externa;DT.DOD.DECT.CD;Stock total de deuda externa;;Banco Mundial - World Development Indicators;2026-07-13;The read operation timed out
Venezuela;Venezuela, RB;VE;VEN;Latin America & Caribbean;Not classified;1992;Sector externo;sector_externo;Deuda externa;deuda_externa;DT.DOD.DECT.CD;Stock total de deuda externa;;Banco Mundial - World Development Indicators;2026-07-13;The read operation timed out
Venezuela;Venezuela, RB;VE;VEN;Latin America & Caribbean;Not classified;1993;Sector externo;sector_externo;Deuda externa;deuda_externa;DT.DOD.DECT.CD;Stock total de deuda externa;;Banco Mundial - World Development Indicators;2026-07-13;The read operation timed out
Venezuela;Venezuela, RB;VE;VEN;Latin America & Caribbean;Not classified;1994;Sector externo;sector_externo;Deuda externa;deuda_externa;DT.DOD.DECT.CD;Stock total de deuda externa;;Banco Mundial - World Development Indicators;2026-07-13;The read operation timed out
Venezuela;Venezuela, RB;VE;VEN;Latin America & Caribbean;Not classified;1995;Sector externo;sector_externo;Deuda externa;deuda_externa;DT.DOD.DECT.CD;Stock total de deuda externa;;Banco Mundial - World Development Indicators;2026-07-13;The read operation timed out
Venezuela;Venezuela, RB;VE;VEN;Latin America & Caribbean;Not classified;1996;Sector externo;sector_externo;Deuda externa;deuda_externa;DT.DOD.DECT.CD;Stock total de deuda externa;;Banco Mundial - World Development Indicators;2026-07-13;The read operation timed out
Venezuela;Venezuela, RB;VE;VEN;Latin America & Caribbean;Not classified;1997;Sector externo;sector_externo;Deuda externa;deuda_externa;DT.DOD.DECT.CD;Stock total de deuda externa;;Banco Mundial - World Development Indicators;2026-07-13;The read operation timed out
Venezuela;Venezuela, RB;VE;VEN;Latin America & Caribbean;Not classified;1998;Sector externo;sector_externo;Deuda externa;deuda_externa;DT.DOD.DECT.CD;Stock total de deuda externa;;Banco Mundial - World Development Indicators;2026-07-13;The read operation timed out
Venezuela;Venezuela, RB;VE;VEN;Latin America & Caribbean;Not classified;1999;Sector externo;sector_externo;Deuda externa;deuda_externa;DT.DOD.DECT.CD;Stock total de deuda externa;;Banco Mundial - World Development Indicators;2026-07-13;The read operation timed out
Venezuela;Venezuela, RB;VE;VEN;Latin America & Caribbean;Not classified;2000;Sector externo;sector_externo;Deuda externa;deuda_externa;DT.DOD.DECT.CD;Stock total de deuda externa;;Banco Mundial - World Development Indicators;2026-07-13;The read operation timed out
Venezuela;Venezuela, RB;VE;VEN;Latin America & Caribbean;Not classified;2001;Sector externo;sector_externo;Deuda externa;deuda_externa;DT.DOD.DECT.CD;Stock total de deuda externa;;Banco Mundial - World Development Indicators;2026-07-13;The read operation timed out
Venezuela;Venezuela, RB;VE;VEN;Latin America & Caribbean;Not classified;2002;Sector externo;sector_externo;Deuda externa;deuda_externa;DT.DOD.DECT.CD;Stock total de deuda externa;;Banco Mundial - World Development Indicators;2026-07-13;The read operation timed out
Venezuela;Venezuela, RB;VE;VEN;Latin America & Caribbean;Not classified;2003;Sector externo;sector_externo;Deuda externa;deuda_externa;DT.DOD.DECT.CD;Stock total de deuda externa;;Banco Mundial - World Development Indicators;2026-07-13;The read operation timed out
Venezuela;Venezuela, RB;VE;VEN;Latin America & Caribbean;Not classified;2004;Sector externo;sector_externo;Deuda externa;deuda_externa;DT.DOD.DECT.CD;Stock total de deuda externa;;Banco Mundial - World Development Indicators;2026-07-13;The read operation timed out
Venezuela;Venezuela, RB;VE;VEN;Latin America & Caribbean;Not classified;2005;Sector externo;sector_externo;Deuda externa;deuda_externa;DT.DOD.DECT.CD;Stock total de deuda externa;;Banco Mundial - World Development Indicators;2026-07-13;The read operation timed out
Venezuela;Venezuela, RB;VE;VEN;Latin America & Caribbean;Not classified;2006;Sector externo;sector_externo;Deuda externa;deuda_externa;DT.DOD.DECT.CD;Stock total de deuda externa;;Banco Mundial - World Development Indicators;2026-07-13;The read operation timed out
Venezuela;Venezuela, RB;VE;VEN;Latin America & Caribbean;Not classified;2007;Sector externo;sector_externo;Deuda externa;deuda_externa;DT.DOD.DECT.CD;Stock total de deuda externa;;Banco Mundial - World Development Indicators;2026-07-13;The read operation timed out
Venezuela;Venezuela, RB;VE;VEN;Latin America & Caribbean;Not classified;2008;Sector externo;sector_externo;Deuda externa;deuda_externa;DT.DOD.DECT.CD;Stock total de deuda externa;;Banco Mundial - World Development Indicators;2026-07-13;The read operation timed out
Venezuela;Venezuela, RB;VE;VEN;Latin America & Caribbean;Not classified;2009;Sector externo;sector_externo;Deuda externa;deuda_externa;DT.DOD.DECT.CD;Stock total de deuda externa;;Banco Mundial - World Development Indicators;2026-07-13;The read operation timed out
Venezuela;Venezuela, RB;VE;VEN;Latin America & Caribbean;Not classified;2010;Sector externo;sector_externo;Deuda externa;deuda_externa;DT.DOD.DECT.CD;Stock total de deuda externa;;Banco Mundial - World Development Indicators;2026-07-13;The read operation timed out
Venezuela;Venezuela, RB;VE;VEN;Latin America & Caribbean;Not classified;2011;Sector externo;sector_externo;Deuda externa;deuda_externa;DT.DOD.DECT.CD;Stock total de deuda externa;;Banco Mundial - World Development Indicators;2026-07-13;The read operation timed out
Venezuela;Venezuela, RB;VE;VEN;Latin America & Caribbean;Not classified;2012;Sector externo;sector_externo;Deuda externa;deuda_externa;DT.DOD.DECT.CD;Stock total de deuda externa;;Banco Mundial - World Development Indicators;2026-07-13;The read operation timed out
Venezuela;Venezuela, RB;VE;VEN;Latin America & Caribbean;Not classified;2013;Sector externo;sector_externo;Deuda externa;deuda_externa;DT.DOD.DECT.CD;Stock total de deuda externa;;Banco Mundial - World Development Indicators;2026-07-13;The read operation timed out
Venezuela;Venezuela, RB;VE;VEN;Latin America & Caribbean;Not classified;2014;Sector externo;sector_externo;Deuda externa;deuda_externa;DT.DOD.DECT.CD;Stock total de deuda externa;;Banco Mundial - World Development Indicators;2026-07-13;The read operation timed out
Venezuela;Venezuela, RB;VE;VEN;Latin America & Caribbean;Not classified;2015;Sector externo;sector_externo;Deuda externa;deuda_externa;DT.DOD.DECT.CD;Stock total de deuda externa;;Banco Mundial - World Development Indicators;2026-07-13;The read operation timed out
Venezuela;Venezuela, RB;VE;VEN;Latin America & Caribbean;Not classified;2016;Sector externo;sector_externo;Deuda externa;deuda_externa;DT.DOD.DECT.CD;Stock total de deuda externa;;Banco Mundial - World Development Indicators;2026-07-13;The read operation timed out
Venezuela;Venezuela, RB;VE;VEN;Latin America & Caribbean;Not classified;2017;Sector externo;sector_externo;Deuda externa;deuda_externa;DT.DOD.DECT.CD;Stock total de deuda externa;;Banco Mundial - World Development Indicators;2026-07-13;The read operation timed out
Venezuela;Venezuela, RB;VE;VEN;Latin America & Caribbean;Not classified;2018;Sector externo;sector_externo;Deuda externa;deuda_externa;DT.DOD.DECT.CD;Stock total de deuda externa;;Banco Mundial - World Development Indicators;2026-07-13;The read operation timed out
Venezuela;Venezuela, RB;VE;VEN;Latin America & Caribbean;Not classified;2019;Sector externo;sector_externo;Deuda externa;deuda_externa;DT.DOD.DECT.CD;Stock total de deuda externa;;Banco Mundial - World Development Indicators;2026-07-13;The read operation timed out
Venezuela;Venezuela, RB;VE;VEN;Latin America & Caribbean;Not classified;2020;Sector externo;sector_externo;Deuda externa;deuda_externa;DT.DOD.DECT.CD;Stock total de deuda externa;;Banco Mundial - World Development Indicators;2026-07-13;The read operation timed out
Venezuela;Venezuela, RB;VE;VEN;Latin America & Caribbean;Not classified;2021;Sector externo;sector_externo;Deuda externa;deuda_externa;DT.DOD.DECT.CD;Stock total de deuda externa;;Banco Mundial - World Development Indicators;2026-07-13;The read operation timed out
Venezuela;Venezuela, RB;VE;VEN;Latin America & Caribbean;Not classified;2022;Sector externo;sector_externo;Deuda externa;deuda_externa;DT.DOD.DECT.CD;Stock total de deuda externa;;Banco Mundial - World Development Indicators;2026-07-13;The read operation timed out
Venezuela;Venezuela, RB;VE;VEN;Latin America & Caribbean;Not classified;2023;Sector externo;sector_externo;Deuda externa;deuda_externa;DT.DOD.DECT.CD;Stock total de deuda externa;;Banco Mundial - World Development Indicators;2026-07-13;The read operation timed out
Venezuela;Venezuela, RB;VE;VEN;Latin America & Caribbean;Not classified;2024;Sector externo;sector_externo;Deuda externa;deuda_externa;DT.DOD.DECT.CD;Stock total de deuda externa;;Banco Mundial - World Development Indicators;2026-07-13;The read operation timed out
Venezuela;Venezuela, RB;VE;VEN;Latin America & Caribbean;Not classified;2025;Sector externo;sector_externo;Deuda externa;deuda_externa;DT.DOD.DECT.CD;Stock total de deuda externa;;Banco Mundial - World Development Indicators;2026-07-13;The read operation timed out
Venezuela;Venezuela, RB;VE;VEN;Latin America & Caribbean;Not classified;2026;Sector externo;sector_externo;Deuda externa;deuda_externa;DT.DOD.DECT.CD;Stock total de deuda externa;;Banco Mundial - World Development Indicators;2026-07-13;The read operation timed out
Venezuela;Venezuela, RB;VE;VEN;Latin America & Caribbean;Not classified;1960;Sector externo;sector_externo;Deuda externa;deuda_externa;DT.TDS.DECT.EX.ZS;Servicio de la deuda externa como porcentaje de exportaciones;;Banco Mundial - World Development Indicators;2026-07-13;The read operation timed out
Venezuela;Venezuela, RB;VE;VEN;Latin America & Caribbean;Not classified;1961;Sector externo;sector_externo;Deuda externa;deuda_externa;DT.TDS.DECT.EX.ZS;Servicio de la deuda externa como porcentaje de exportaciones;;Banco Mundial - World Development Indicators;2026-07-13;The read operation timed out
Venezuela;Venezuela, RB;VE;VEN;Latin America & Caribbean;Not classified;1962;Sector externo;sector_externo;Deuda externa;deuda_externa;DT.TDS.DECT.EX.ZS;Servicio de la deuda externa como porcentaje de exportaciones;;Banco Mundial - World Development Indicators;2026-07-13;The read operation timed out
Venezuela;Venezuela, RB;VE;VEN;Latin America & Caribbean;Not classified;1963;Sector externo;sector_externo;Deuda externa;deuda_externa;DT.TDS.DECT.EX.ZS;Servicio de la deuda externa como porcentaje de exportaciones;;Banco Mundial - World Development Indicators;2026-07-13;The read operation timed out
Venezuela;Venezuela, RB;VE;VEN;Latin America & Caribbean;Not classified;1964;Sector externo;sector_externo;Deuda externa;deuda_externa;DT.TDS.DECT.EX.ZS;Servicio de la deuda externa como porcentaje de exportaciones;;Banco Mundial - World Development Indicators;2026-07-13;The read operation timed out
Venezuela;Venezuela, RB;VE;VEN;Latin America & Caribbean;Not classified;1965;Sector externo;sector_externo;Deuda externa;deuda_externa;DT.TDS.DECT.EX.ZS;Servicio de la deuda externa como porcentaje de exportaciones;;Banco Mundial - World Development Indicators;2026-07-13;The read operation timed out
Venezuela;Venezuela, RB;VE;VEN;Latin America & Caribbean;Not classified;1966;Sector externo;sector_externo;Deuda externa;deuda_externa;DT.TDS.DECT.EX.ZS;Servicio de la deuda externa como porcentaje de exportaciones;;Banco Mundial - World Development Indicators;2026-07-13;The read operation timed out
Venezuela;Venezuela, RB;VE;VEN;Latin America & Caribbean;Not classified;1967;Sector externo;sector_externo;Deuda externa;deuda_externa;DT.TDS.DECT.EX.ZS;Servicio de la deuda externa como porcentaje de exportaciones;;Banco Mundial - World Development Indicators;2026-07-13;The read operation timed out
Venezuela;Venezuela, RB;VE;VEN;Latin America & Caribbean;Not classified;1968;Sector externo;sector_externo;Deuda externa;deuda_externa;DT.TDS.DECT.EX.ZS;Servicio de la deuda externa como porcentaje de exportaciones;;Banco Mundial - World Development Indicators;2026-07-13;The read operation timed out
Venezuela;Venezuela, RB;VE;VEN;Latin America & Caribbean;Not classified;1969;Sector externo;sector_externo;Deuda externa;deuda_externa;DT.TDS.DECT.EX.ZS;Servicio de la deuda externa como porcentaje de exportaciones;;Banco Mundial - World Development Indicators;2026-07-13;The read operation timed out
Venezuela;Venezuela, RB;VE;VEN;Latin America & Caribbean;Not classified;1970;Sector externo;sector_externo;Deuda externa;deuda_externa;DT.TDS.DECT.EX.ZS;Servicio de la deuda externa como porcentaje de exportaciones;;Banco Mundial - World Development Indicators;2026-07-13;The read operation timed out
Venezuela;Venezuela, RB;VE;VEN;Latin America & Caribbean;Not classified;1971;Sector externo;sector_externo;Deuda externa;deuda_externa;DT.TDS.DECT.EX.ZS;Servicio de la deuda externa como porcentaje de exportaciones;;Banco Mundial - World Development Indicators;2026-07-13;The read operation timed out
Venezuela;Venezuela, RB;VE;VEN;Latin America & Caribbean;Not classified;1972;Sector externo;sector_externo;Deuda externa;deuda_externa;DT.TDS.DECT.EX.ZS;Servicio de la deuda externa como porcentaje de exportaciones;;Banco Mundial - World Development Indicators;2026-07-13;The read operation timed out
Venezuela;Venezuela, RB;VE;VEN;Latin America & Caribbean;Not classified;1973;Sector externo;sector_externo;Deuda externa;deuda_externa;DT.TDS.DECT.EX.ZS;Servicio de la deuda externa como porcentaje de exportaciones;;Banco Mundial - World Development Indicators;2026-07-13;The read operation timed out
Venezuela;Venezuela, RB;VE;VEN;Latin America & Caribbean;Not classified;1974;Sector externo;sector_externo;Deuda externa;deuda_externa;DT.TDS.DECT.EX.ZS;Servicio de la deuda externa como porcentaje de exportaciones;;Banco Mundial - World Development Indicators;2026-07-13;The read operation timed out
Venezuela;Venezuela, RB;VE;VEN;Latin America & Caribbean;Not classified;1975;Sector externo;sector_externo;Deuda externa;deuda_externa;DT.TDS.DECT.EX.ZS;Servicio de la deuda externa como porcentaje de exportaciones;;Banco Mundial - World Development Indicators;2026-07-13;The read operation timed out
Venezuela;Venezuela, RB;VE;VEN;Latin America & Caribbean;Not classified;1976;Sector externo;sector_externo;Deuda externa;deuda_externa;DT.TDS.DECT.EX.ZS;Servicio de la deuda externa como porcentaje de exportaciones;;Banco Mundial - World Development Indicators;2026-07-13;The read operation timed out
Venezuela;Venezuela, RB;VE;VEN;Latin America & Caribbean;Not classified;1977;Sector externo;sector_externo;Deuda externa;deuda_externa;DT.TDS.DECT.EX.ZS;Servicio de la deuda externa como porcentaje de exportaciones;;Banco Mundial - World Development Indicators;2026-07-13;The read operation timed out
Venezuela;Venezuela, RB;VE;VEN;Latin America & Caribbean;Not classified;1978;Sector externo;sector_externo;Deuda externa;deuda_externa;DT.TDS.DECT.EX.ZS;Servicio de la deuda externa como porcentaje de exportaciones;;Banco Mundial - World Development Indicators;2026-07-13;The read operation timed out
Venezuela;Venezuela, RB;VE;VEN;Latin America & Caribbean;Not classified;1979;Sector externo;sector_externo;Deuda externa;deuda_externa;DT.TDS.DECT.EX.ZS;Servicio de la deuda externa como porcentaje de exportaciones;;Banco Mundial - World Development Indicators;2026-07-13;The read operation timed out
Venezuela;Venezuela, RB;VE;VEN;Latin America & Caribbean;Not classified;1980;Sector externo;sector_externo;Deuda externa;deuda_externa;DT.TDS.DECT.EX.ZS;Servicio de la deuda externa como porcentaje de exportaciones;;Banco Mundial - World Development Indicators;2026-07-13;The read operation timed out
Venezuela;Venezuela, RB;VE;VEN;Latin America & Caribbean;Not classified;1981;Sector externo;sector_externo;Deuda externa;deuda_externa;DT.TDS.DECT.EX.ZS;Servicio de la deuda externa como porcentaje de exportaciones;;Banco Mundial - World Development Indicators;2026-07-13;The read operation timed out
Venezuela;Venezuela, RB;VE;VEN;Latin America & Caribbean;Not classified;1982;Sector externo;sector_externo;Deuda externa;deuda_externa;DT.TDS.DECT.EX.ZS;Servicio de la deuda externa como porcentaje de exportaciones;;Banco Mundial - World Development Indicators;2026-07-13;The read operation timed out
Venezuela;Venezuela, RB;VE;VEN;Latin America & Caribbean;Not classified;1983;Sector externo;sector_externo;Deuda externa;deuda_externa;DT.TDS.DECT.EX.ZS;Servicio de la deuda externa como porcentaje de exportaciones;;Banco Mundial - World Development Indicators;2026-07-13;The read operation timed out
Venezuela;Venezuela, RB;VE;VEN;Latin America & Caribbean;Not classified;1984;Sector externo;sector_externo;Deuda externa;deuda_externa;DT.TDS.DECT.EX.ZS;Servicio de la deuda externa como porcentaje de exportaciones;;Banco Mundial - World Development Indicators;2026-07-13;The read operation timed out
Venezuela;Venezuela, RB;VE;VEN;Latin America & Caribbean;Not classified;1985;Sector externo;sector_externo;Deuda externa;deuda_externa;DT.TDS.DECT.EX.ZS;Servicio de la deuda externa como porcentaje de exportaciones;;Banco Mundial - World Development Indicators;2026-07-13;The read operation timed out
Venezuela;Venezuela, RB;VE;VEN;Latin America & Caribbean;Not classified;1986;Sector externo;sector_externo;Deuda externa;deuda_externa;DT.TDS.DECT.EX.ZS;Servicio de la deuda externa como porcentaje de exportaciones;;Banco Mundial - World Development Indicators;2026-07-13;The read operation timed out
Venezuela;Venezuela, RB;VE;VEN;Latin America & Caribbean;Not classified;1987;Sector externo;sector_externo;Deuda externa;deuda_externa;DT.TDS.DECT.EX.ZS;Servicio de la deuda externa como porcentaje de exportaciones;;Banco Mundial - World Development Indicators;2026-07-13;The read operation timed out
Venezuela;Venezuela, RB;VE;VEN;Latin America & Caribbean;Not classified;1988;Sector externo;sector_externo;Deuda externa;deuda_externa;DT.TDS.DECT.EX.ZS;Servicio de la deuda externa como porcentaje de exportaciones;;Banco Mundial - World Development Indicators;2026-07-13;The read operation timed out
Venezuela;Venezuela, RB;VE;VEN;Latin America & Caribbean;Not classified;1989;Sector externo;sector_externo;Deuda externa;deuda_externa;DT.TDS.DECT.EX.ZS;Servicio de la deuda externa como porcentaje de exportaciones;;Banco Mundial - World Development Indicators;2026-07-13;The read operation timed out
Venezuela;Venezuela, RB;VE;VEN;Latin America & Caribbean;Not classified;1990;Sector externo;sector_externo;Deuda externa;deuda_externa;DT.TDS.DECT.EX.ZS;Servicio de la deuda externa como porcentaje de exportaciones;;Banco Mundial - World Development Indicators;2026-07-13;The read operation timed out
Venezuela;Venezuela, RB;VE;VEN;Latin America & Caribbean;Not classified;1991;Sector externo;sector_externo;Deuda externa;deuda_externa;DT.TDS.DECT.EX.ZS;Servicio de la deuda externa como porcentaje de exportaciones;;Banco Mundial - World Development Indicators;2026-07-13;The read operation timed out
Venezuela;Venezuela, RB;VE;VEN;Latin America & Caribbean;Not classified;1992;Sector externo;sector_externo;Deuda externa;deuda_externa;DT.TDS.DECT.EX.ZS;Servicio de la deuda externa como porcentaje de exportaciones;;Banco Mundial - World Development Indicators;2026-07-13;The read operation timed out
Venezuela;Venezuela, RB;VE;VEN;Latin America & Caribbean;Not classified;1993;Sector externo;sector_externo;Deuda externa;deuda_externa;DT.TDS.DECT.EX.ZS;Servicio de la deuda externa como porcentaje de exportaciones;;Banco Mundial - World Development Indicators;2026-07-13;The read operation timed out
Venezuela;Venezuela, RB;VE;VEN;Latin America & Caribbean;Not classified;1994;Sector externo;sector_externo;Deuda externa;deuda_externa;DT.TDS.DECT.EX.ZS;Servicio de la deuda externa como porcentaje de exportaciones;;Banco Mundial - World Development Indicators;2026-07-13;The read operation timed out
Venezuela;Venezuela, RB;VE;VEN;Latin America & Caribbean;Not classified;1995;Sector externo;sector_externo;Deuda externa;deuda_externa;DT.TDS.DECT.EX.ZS;Servicio de la deuda externa como porcentaje de exportaciones;;Banco Mundial - World Development Indicators;2026-07-13;The read operation timed out
Venezuela;Venezuela, RB;VE;VEN;Latin America & Caribbean;Not classified;1996;Sector externo;sector_externo;Deuda externa;deuda_externa;DT.TDS.DECT.EX.ZS;Servicio de la deuda externa como porcentaje de exportaciones;;Banco Mundial - World Development Indicators;2026-07-13;The read operation timed out
Venezuela;Venezuela, RB;VE;VEN;Latin America & Caribbean;Not classified;1997;Sector externo;sector_externo;Deuda externa;deuda_externa;DT.TDS.DECT.EX.ZS;Servicio de la deuda externa como porcentaje de exportaciones;;Banco Mundial - World Development Indicators;2026-07-13;The read operation timed out
Venezuela;Venezuela, RB;VE;VEN;Latin America & Caribbean;Not classified;1998;Sector externo;sector_externo;Deuda externa;deuda_externa;DT.TDS.DECT.EX.ZS;Servicio de la deuda externa como porcentaje de exportaciones;;Banco Mundial - World Development Indicators;2026-07-13;The read operation timed out
Venezuela;Venezuela, RB;VE;VEN;Latin America & Caribbean;Not classified;1999;Sector externo;sector_externo;Deuda externa;deuda_externa;DT.TDS.DECT.EX.ZS;Servicio de la deuda externa como porcentaje de exportaciones;;Banco Mundial - World Development Indicators;2026-07-13;The read operation timed out
Venezuela;Venezuela, RB;VE;VEN;Latin America & Caribbean;Not classified;2000;Sector externo;sector_externo;Deuda externa;deuda_externa;DT.TDS.DECT.EX.ZS;Servicio de la deuda externa como porcentaje de exportaciones;;Banco Mundial - World Development Indicators;2026-07-13;The read operation timed out
Venezuela;Venezuela, RB;VE;VEN;Latin America & Caribbean;Not classified;2001;Sector externo;sector_externo;Deuda externa;deuda_externa;DT.TDS.DECT.EX.ZS;Servicio de la deuda externa como porcentaje de exportaciones;;Banco Mundial - World Development Indicators;2026-07-13;The read operation timed out
Venezuela;Venezuela, RB;VE;VEN;Latin America & Caribbean;Not classified;2002;Sector externo;sector_externo;Deuda externa;deuda_externa;DT.TDS.DECT.EX.ZS;Servicio de la deuda externa como porcentaje de exportaciones;;Banco Mundial - World Development Indicators;2026-07-13;The read operation timed out
Venezuela;Venezuela, RB;VE;VEN;Latin America & Caribbean;Not classified;2003;Sector externo;sector_externo;Deuda externa;deuda_externa;DT.TDS.DECT.EX.ZS;Servicio de la deuda externa como porcentaje de exportaciones;;Banco Mundial - World Development Indicators;2026-07-13;The read operation timed out
Venezuela;Venezuela, RB;VE;VEN;Latin America & Caribbean;Not classified;2004;Sector externo;sector_externo;Deuda externa;deuda_externa;DT.TDS.DECT.EX.ZS;Servicio de la deuda externa como porcentaje de exportaciones;;Banco Mundial - World Development Indicators;2026-07-13;The read operation timed out
Venezuela;Venezuela, RB;VE;VEN;Latin America & Caribbean;Not classified;2005;Sector externo;sector_externo;Deuda externa;deuda_externa;DT.TDS.DECT.EX.ZS;Servicio de la deuda externa como porcentaje de exportaciones;;Banco Mundial - World Development Indicators;2026-07-13;The read operation timed out
Venezuela;Venezuela, RB;VE;VEN;Latin America & Caribbean;Not classified;2006;Sector externo;sector_externo;Deuda externa;deuda_externa;DT.TDS.DECT.EX.ZS;Servicio de la deuda externa como porcentaje de exportaciones;;Banco Mundial - World Development Indicators;2026-07-13;The read operation timed out
Venezuela;Venezuela, RB;VE;VEN;Latin America & Caribbean;Not classified;2007;Sector externo;sector_externo;Deuda externa;deuda_externa;DT.TDS.DECT.EX.ZS;Servicio de la deuda externa como porcentaje de exportaciones;;Banco Mundial - World Development Indicators;2026-07-13;The read operation timed out
Venezuela;Venezuela, RB;VE;VEN;Latin America & Caribbean;Not classified;2008;Sector externo;sector_externo;Deuda externa;deuda_externa;DT.TDS.DECT.EX.ZS;Servicio de la deuda externa como porcentaje de exportaciones;;Banco Mundial - World Development Indicators;2026-07-13;The read operation timed out
Venezuela;Venezuela, RB;VE;VEN;Latin America & Caribbean;Not classified;2009;Sector externo;sector_externo;Deuda externa;deuda_externa;DT.TDS.DECT.EX.ZS;Servicio de la deuda externa como porcentaje de exportaciones;;Banco Mundial - World Development Indicators;2026-07-13;The read operation timed out
Venezuela;Venezuela, RB;VE;VEN;Latin America & Caribbean;Not classified;2010;Sector externo;sector_externo;Deuda externa;deuda_externa;DT.TDS.DECT.EX.ZS;Servicio de la deuda externa como porcentaje de exportaciones;;Banco Mundial - World Development Indicators;2026-07-13;The read operation timed out
Venezuela;Venezuela, RB;VE;VEN;Latin America & Caribbean;Not classified;2011;Sector externo;sector_externo;Deuda externa;deuda_externa;DT.TDS.DECT.EX.ZS;Servicio de la deuda externa como porcentaje de exportaciones;;Banco Mundial - World Development Indicators;2026-07-13;The read operation timed out
Venezuela;Venezuela, RB;VE;VEN;Latin America & Caribbean;Not classified;2012;Sector externo;sector_externo;Deuda externa;deuda_externa;DT.TDS.DECT.EX.ZS;Servicio de la deuda externa como porcentaje de exportaciones;;Banco Mundial - World Development Indicators;2026-07-13;The read operation timed out
Venezuela;Venezuela, RB;VE;VEN;Latin America & Caribbean;Not classified;2013;Sector externo;sector_externo;Deuda externa;deuda_externa;DT.TDS.DECT.EX.ZS;Servicio de la deuda externa como porcentaje de exportaciones;;Banco Mundial - World Development Indicators;2026-07-13;The read operation timed out
Venezuela;Venezuela, RB;VE;VEN;Latin America & Caribbean;Not classified;2014;Sector externo;sector_externo;Deuda externa;deuda_externa;DT.TDS.DECT.EX.ZS;Servicio de la deuda externa como porcentaje de exportaciones;;Banco Mundial - World Development Indicators;2026-07-13;The read operation timed out
Venezuela;Venezuela, RB;VE;VEN;Latin America & Caribbean;Not classified;2015;Sector externo;sector_externo;Deuda externa;deuda_externa;DT.TDS.DECT.EX.ZS;Servicio de la deuda externa como porcentaje de exportaciones;;Banco Mundial - World Development Indicators;2026-07-13;The read operation timed out
Venezuela;Venezuela, RB;VE;VEN;Latin America & Caribbean;Not classified;2016;Sector externo;sector_externo;Deuda externa;deuda_externa;DT.TDS.DECT.EX.ZS;Servicio de la deuda externa como porcentaje de exportaciones;;Banco Mundial - World Development Indicators;2026-07-13;The read operation timed out
Venezuela;Venezuela, RB;VE;VEN;Latin America & Caribbean;Not classified;2017;Sector externo;sector_externo;Deuda externa;deuda_externa;DT.TDS.DECT.EX.ZS;Servicio de la deuda externa como porcentaje de exportaciones;;Banco Mundial - World Development Indicators;2026-07-13;The read operation timed out
Venezuela;Venezuela, RB;VE;VEN;Latin America & Caribbean;Not classified;2018;Sector externo;sector_externo;Deuda externa;deuda_externa;DT.TDS.DECT.EX.ZS;Servicio de la deuda externa como porcentaje de exportaciones;;Banco Mundial - World Development Indicators;2026-07-13;The read operation timed out
Venezuela;Venezuela, RB;VE;VEN;Latin America & Caribbean;Not classified;2019;Sector externo;sector_externo;Deuda externa;deuda_externa;DT.TDS.DECT.EX.ZS;Servicio de la deuda externa como porcentaje de exportaciones;;Banco Mundial - World Development Indicators;2026-07-13;The read operation timed out
Venezuela;Venezuela, RB;VE;VEN;Latin America & Caribbean;Not classified;2020;Sector externo;sector_externo;Deuda externa;deuda_externa;DT.TDS.DECT.EX.ZS;Servicio de la deuda externa como porcentaje de exportaciones;;Banco Mundial - World Development Indicators;2026-07-13;The read operation timed out
Venezuela;Venezuela, RB;VE;VEN;Latin America & Caribbean;Not classified;2021;Sector externo;sector_externo;Deuda externa;deuda_externa;DT.TDS.DECT.EX.ZS;Servicio de la deuda externa como porcentaje de exportaciones;;Banco Mundial - World Development Indicators;2026-07-13;The read operation timed out
Venezuela;Venezuela, RB;VE;VEN;Latin America & Caribbean;Not classified;2022;Sector externo;sector_externo;Deuda externa;deuda_externa;DT.TDS.DECT.EX.ZS;Servicio de la deuda externa como porcentaje de exportaciones;;Banco Mundial - World Development Indicators;2026-07-13;The read operation timed out
Venezuela;Venezuela, RB;VE;VEN;Latin America & Caribbean;Not classified;2023;Sector externo;sector_externo;Deuda externa;deuda_externa;DT.TDS.DECT.EX.ZS;Servicio de la deuda externa como porcentaje de exportaciones;;Banco Mundial - World Development Indicators;2026-07-13;The read operation timed out
Venezuela;Venezuela, RB;VE;VEN;Latin America & Caribbean;Not classified;2024;Sector externo;sector_externo;Deuda externa;deuda_externa;DT.TDS.DECT.EX.ZS;Servicio de la deuda externa como porcentaje de exportaciones;;Banco Mundial - World Development Indicators;2026-07-13;The read operation timed out
Venezuela;Venezuela, RB;VE;VEN;Latin America & Caribbean;Not classified;2025;Sector externo;sector_externo;Deuda externa;deuda_externa;DT.TDS.DECT.EX.ZS;Servicio de la deuda externa como porcentaje de exportaciones;;Banco Mundial - World Development Indicators;2026-07-13;The read operation timed out
Venezuela;Venezuela, RB;VE;VEN;Latin America & Caribbean;Not classified;2026;Sector externo;sector_externo;Deuda externa;deuda_externa;DT.TDS.DECT.EX.ZS;Servicio de la deuda externa como porcentaje de exportaciones;;Banco Mundial - World Development Indicators;2026-07-13;The read operation timed out
Venezuela;Venezuela, RB;VE;VEN;Latin America & Caribbean;Not classified;1960;Sector externo;sector_externo;Comercio exterior;comercio_exterior;NE.EXP.GNFS.CD;Exportaciones de bienes y servicios en dólares corrientes;;Banco Mundial - World Development Indicators;2026-07-13;The read operation timed out
Venezuela;Venezuela, RB;VE;VEN;Latin America & Caribbean;Not classified;1961;Sector externo;sector_externo;Comercio exterior;comercio_exterior;NE.EXP.GNFS.CD;Exportaciones de bienes y servicios en dólares corrientes;;Banco Mundial - World Development Indicators;2026-07-13;The read operation timed out
Venezuela;Venezuela, RB;VE;VEN;Latin America & Caribbean;Not classified;1962;Sector externo;sector_externo;Comercio exterior;comercio_exterior;NE.EXP.GNFS.CD;Exportaciones de bienes y servicios en dólares corrientes;;Banco Mundial - World Development Indicators;2026-07-13;The read operation timed out
Venezuela;Venezuela, RB;VE;VEN;Latin America & Caribbean;Not classified;1963;Sector externo;sector_externo;Comercio exterior;comercio_exterior;NE.EXP.GNFS.CD;Exportaciones de bienes y servicios en dólares corrientes;;Banco Mundial - World Development Indicators;2026-07-13;The read operation timed out
Venezuela;Venezuela, RB;VE;VEN;Latin America & Caribbean;Not classified;1964;Sector externo;sector_externo;Comercio exterior;comercio_exterior;NE.EXP.GNFS.CD;Exportaciones de bienes y servicios en dólares corrientes;;Banco Mundial - World Development Indicators;2026-07-13;The read operation timed out
Venezuela;Venezuela, RB;VE;VEN;Latin America & Caribbean;Not classified;1965;Sector externo;sector_externo;Comercio exterior;comercio_exterior;NE.EXP.GNFS.CD;Exportaciones de bienes y servicios en dólares corrientes;;Banco Mundial - World Development Indicators;2026-07-13;The read operation timed out
Venezuela;Venezuela, RB;VE;VEN;Latin America & Caribbean;Not classified;1966;Sector externo;sector_externo;Comercio exterior;comercio_exterior;NE.EXP.GNFS.CD;Exportaciones de bienes y servicios en dólares corrientes;;Banco Mundial - World Development Indicators;2026-07-13;The read operation timed out
Venezuela;Venezuela, RB;VE;VEN;Latin America & Caribbean;Not classified;1967;Sector externo;sector_externo;Comercio exterior;comercio_exterior;NE.EXP.GNFS.CD;Exportaciones de bienes y servicios en dólares corrientes;;Banco Mundial - World Development Indicators;2026-07-13;The read operation timed out
Venezuela;Venezuela, RB;VE;VEN;Latin America & Caribbean;Not classified;1968;Sector externo;sector_externo;Comercio exterior;comercio_exterior;NE.EXP.GNFS.CD;Exportaciones de bienes y servicios en dólares corrientes;;Banco Mundial - World Development Indicators;2026-07-13;The read operation timed out
Venezuela;Venezuela, RB;VE;VEN;Latin America & Caribbean;Not classified;1969;Sector externo;sector_externo;Comercio exterior;comercio_exterior;NE.EXP.GNFS.CD;Exportaciones de bienes y servicios en dólares corrientes;;Banco Mundial - World Development Indicators;2026-07-13;The read operation timed out
Venezuela;Venezuela, RB;VE;VEN;Latin America & Caribbean;Not classified;1970;Sector externo;sector_externo;Comercio exterior;comercio_exterior;NE.EXP.GNFS.CD;Exportaciones de bienes y servicios en dólares corrientes;;Banco Mundial - World Development Indicators;2026-07-13;The read operation timed out
Venezuela;Venezuela, RB;VE;VEN;Latin America & Caribbean;Not classified;1971;Sector externo;sector_externo;Comercio exterior;comercio_exterior;NE.EXP.GNFS.CD;Exportaciones de bienes y servicios en dólares corrientes;;Banco Mundial - World Development Indicators;2026-07-13;The read operation timed out
Venezuela;Venezuela, RB;VE;VEN;Latin America & Caribbean;Not classified;1972;Sector externo;sector_externo;Comercio exterior;comercio_exterior;NE.EXP.GNFS.CD;Exportaciones de bienes y servicios en dólares corrientes;;Banco Mundial - World Development Indicators;2026-07-13;The read operation timed out
Venezuela;Venezuela, RB;VE;VEN;Latin America & Caribbean;Not classified;1973;Sector externo;sector_externo;Comercio exterior;comercio_exterior;NE.EXP.GNFS.CD;Exportaciones de bienes y servicios en dólares corrientes;;Banco Mundial - World Development Indicators;2026-07-13;The read operation timed out
Venezuela;Venezuela, RB;VE;VEN;Latin America & Caribbean;Not classified;1974;Sector externo;sector_externo;Comercio exterior;comercio_exterior;NE.EXP.GNFS.CD;Exportaciones de bienes y servicios en dólares corrientes;;Banco Mundial - World Development Indicators;2026-07-13;The read operation timed out
Venezuela;Venezuela, RB;VE;VEN;Latin America & Caribbean;Not classified;1975;Sector externo;sector_externo;Comercio exterior;comercio_exterior;NE.EXP.GNFS.CD;Exportaciones de bienes y servicios en dólares corrientes;;Banco Mundial - World Development Indicators;2026-07-13;The read operation timed out
Venezuela;Venezuela, RB;VE;VEN;Latin America & Caribbean;Not classified;1976;Sector externo;sector_externo;Comercio exterior;comercio_exterior;NE.EXP.GNFS.CD;Exportaciones de bienes y servicios en dólares corrientes;;Banco Mundial - World Development Indicators;2026-07-13;The read operation timed out
Venezuela;Venezuela, RB;VE;VEN;Latin America & Caribbean;Not classified;1977;Sector externo;sector_externo;Comercio exterior;comercio_exterior;NE.EXP.GNFS.CD;Exportaciones de bienes y servicios en dólares corrientes;;Banco Mundial - World Development Indicators;2026-07-13;The read operation timed out
Venezuela;Venezuela, RB;VE;VEN;Latin America & Caribbean;Not classified;1978;Sector externo;sector_externo;Comercio exterior;comercio_exterior;NE.EXP.GNFS.CD;Exportaciones de bienes y servicios en dólares corrientes;;Banco Mundial - World Development Indicators;2026-07-13;The read operation timed out
Venezuela;Venezuela, RB;VE;VEN;Latin America & Caribbean;Not classified;1979;Sector externo;sector_externo;Comercio exterior;comercio_exterior;NE.EXP.GNFS.CD;Exportaciones de bienes y servicios en dólares corrientes;;Banco Mundial - World Development Indicators;2026-07-13;The read operation timed out
Venezuela;Venezuela, RB;VE;VEN;Latin America & Caribbean;Not classified;1980;Sector externo;sector_externo;Comercio exterior;comercio_exterior;NE.EXP.GNFS.CD;Exportaciones de bienes y servicios en dólares corrientes;;Banco Mundial - World Development Indicators;2026-07-13;The read operation timed out
Venezuela;Venezuela, RB;VE;VEN;Latin America & Caribbean;Not classified;1981;Sector externo;sector_externo;Comercio exterior;comercio_exterior;NE.EXP.GNFS.CD;Exportaciones de bienes y servicios en dólares corrientes;;Banco Mundial - World Development Indicators;2026-07-13;The read operation timed out
Venezuela;Venezuela, RB;VE;VEN;Latin America & Caribbean;Not classified;1982;Sector externo;sector_externo;Comercio exterior;comercio_exterior;NE.EXP.GNFS.CD;Exportaciones de bienes y servicios en dólares corrientes;;Banco Mundial - World Development Indicators;2026-07-13;The read operation timed out
Venezuela;Venezuela, RB;VE;VEN;Latin America & Caribbean;Not classified;1983;Sector externo;sector_externo;Comercio exterior;comercio_exterior;NE.EXP.GNFS.CD;Exportaciones de bienes y servicios en dólares corrientes;;Banco Mundial - World Development Indicators;2026-07-13;The read operation timed out
Venezuela;Venezuela, RB;VE;VEN;Latin America & Caribbean;Not classified;1984;Sector externo;sector_externo;Comercio exterior;comercio_exterior;NE.EXP.GNFS.CD;Exportaciones de bienes y servicios en dólares corrientes;;Banco Mundial - World Development Indicators;2026-07-13;The read operation timed out
Venezuela;Venezuela, RB;VE;VEN;Latin America & Caribbean;Not classified;1985;Sector externo;sector_externo;Comercio exterior;comercio_exterior;NE.EXP.GNFS.CD;Exportaciones de bienes y servicios en dólares corrientes;;Banco Mundial - World Development Indicators;2026-07-13;The read operation timed out
Venezuela;Venezuela, RB;VE;VEN;Latin America & Caribbean;Not classified;1986;Sector externo;sector_externo;Comercio exterior;comercio_exterior;NE.EXP.GNFS.CD;Exportaciones de bienes y servicios en dólares corrientes;;Banco Mundial - World Development Indicators;2026-07-13;The read operation timed out
Venezuela;Venezuela, RB;VE;VEN;Latin America & Caribbean;Not classified;1987;Sector externo;sector_externo;Comercio exterior;comercio_exterior;NE.EXP.GNFS.CD;Exportaciones de bienes y servicios en dólares corrientes;;Banco Mundial - World Development Indicators;2026-07-13;The read operation timed out
Venezuela;Venezuela, RB;VE;VEN;Latin America & Caribbean;Not classified;1988;Sector externo;sector_externo;Comercio exterior;comercio_exterior;NE.EXP.GNFS.CD;Exportaciones de bienes y servicios en dólares corrientes;;Banco Mundial - World Development Indicators;2026-07-13;The read operation timed out
Venezuela;Venezuela, RB;VE;VEN;Latin America & Caribbean;Not classified;1989;Sector externo;sector_externo;Comercio exterior;comercio_exterior;NE.EXP.GNFS.CD;Exportaciones de bienes y servicios en dólares corrientes;;Banco Mundial - World Development Indicators;2026-07-13;The read operation timed out
Venezuela;Venezuela, RB;VE;VEN;Latin America & Caribbean;Not classified;1990;Sector externo;sector_externo;Comercio exterior;comercio_exterior;NE.EXP.GNFS.CD;Exportaciones de bienes y servicios en dólares corrientes;;Banco Mundial - World Development Indicators;2026-07-13;The read operation timed out
Venezuela;Venezuela, RB;VE;VEN;Latin America & Caribbean;Not classified;1991;Sector externo;sector_externo;Comercio exterior;comercio_exterior;NE.EXP.GNFS.CD;Exportaciones de bienes y servicios en dólares corrientes;;Banco Mundial - World Development Indicators;2026-07-13;The read operation timed out
Venezuela;Venezuela, RB;VE;VEN;Latin America & Caribbean;Not classified;1992;Sector externo;sector_externo;Comercio exterior;comercio_exterior;NE.EXP.GNFS.CD;Exportaciones de bienes y servicios en dólares corrientes;;Banco Mundial - World Development Indicators;2026-07-13;The read operation timed out
Venezuela;Venezuela, RB;VE;VEN;Latin America & Caribbean;Not classified;1993;Sector externo;sector_externo;Comercio exterior;comercio_exterior;NE.EXP.GNFS.CD;Exportaciones de bienes y servicios en dólares corrientes;;Banco Mundial - World Development Indicators;2026-07-13;The read operation timed out
Venezuela;Venezuela, RB;VE;VEN;Latin America & Caribbean;Not classified;1994;Sector externo;sector_externo;Comercio exterior;comercio_exterior;NE.EXP.GNFS.CD;Exportaciones de bienes y servicios en dólares corrientes;;Banco Mundial - World Development Indicators;2026-07-13;The read operation timed out
Venezuela;Venezuela, RB;VE;VEN;Latin America & Caribbean;Not classified;1995;Sector externo;sector_externo;Comercio exterior;comercio_exterior;NE.EXP.GNFS.CD;Exportaciones de bienes y servicios en dólares corrientes;;Banco Mundial - World Development Indicators;2026-07-13;The read operation timed out
Venezuela;Venezuela, RB;VE;VEN;Latin America & Caribbean;Not classified;1996;Sector externo;sector_externo;Comercio exterior;comercio_exterior;NE.EXP.GNFS.CD;Exportaciones de bienes y servicios en dólares corrientes;;Banco Mundial - World Development Indicators;2026-07-13;The read operation timed out
Venezuela;Venezuela, RB;VE;VEN;Latin America & Caribbean;Not classified;1997;Sector externo;sector_externo;Comercio exterior;comercio_exterior;NE.EXP.GNFS.CD;Exportaciones de bienes y servicios en dólares corrientes;;Banco Mundial - World Development Indicators;2026-07-13;The read operation timed out
Venezuela;Venezuela, RB;VE;VEN;Latin America & Caribbean;Not classified;1998;Sector externo;sector_externo;Comercio exterior;comercio_exterior;NE.EXP.GNFS.CD;Exportaciones de bienes y servicios en dólares corrientes;;Banco Mundial - World Development Indicators;2026-07-13;The read operation timed out
Venezuela;Venezuela, RB;VE;VEN;Latin America & Caribbean;Not classified;1999;Sector externo;sector_externo;Comercio exterior;comercio_exterior;NE.EXP.GNFS.CD;Exportaciones de bienes y servicios en dólares corrientes;;Banco Mundial - World Development Indicators;2026-07-13;The read operation timed out
Venezuela;Venezuela, RB;VE;VEN;Latin America & Caribbean;Not classified;2000;Sector externo;sector_externo;Comercio exterior;comercio_exterior;NE.EXP.GNFS.CD;Exportaciones de bienes y servicios en dólares corrientes;;Banco Mundial - World Development Indicators;2026-07-13;The read operation timed out
Venezuela;Venezuela, RB;VE;VEN;Latin America & Caribbean;Not classified;2001;Sector externo;sector_externo;Comercio exterior;comercio_exterior;NE.EXP.GNFS.CD;Exportaciones de bienes y servicios en dólares corrientes;;Banco Mundial - World Development Indicators;2026-07-13;The read operation timed out
Venezuela;Venezuela, RB;VE;VEN;Latin America & Caribbean;Not classified;2002;Sector externo;sector_externo;Comercio exterior;comercio_exterior;NE.EXP.GNFS.CD;Exportaciones de bienes y servicios en dólares corrientes;;Banco Mundial - World Development Indicators;2026-07-13;The read operation timed out
Venezuela;Venezuela, RB;VE;VEN;Latin America & Caribbean;Not classified;2003;Sector externo;sector_externo;Comercio exterior;comercio_exterior;NE.EXP.GNFS.CD;Exportaciones de bienes y servicios en dólares corrientes;;Banco Mundial - World Development Indicators;2026-07-13;The read operation timed out
Venezuela;Venezuela, RB;VE;VEN;Latin America & Caribbean;Not classified;2004;Sector externo;sector_externo;Comercio exterior;comercio_exterior;NE.EXP.GNFS.CD;Exportaciones de bienes y servicios en dólares corrientes;;Banco Mundial - World Development Indicators;2026-07-13;The read operation timed out
Venezuela;Venezuela, RB;VE;VEN;Latin America & Caribbean;Not classified;2005;Sector externo;sector_externo;Comercio exterior;comercio_exterior;NE.EXP.GNFS.CD;Exportaciones de bienes y servicios en dólares corrientes;;Banco Mundial - World Development Indicators;2026-07-13;The read operation timed out
Venezuela;Venezuela, RB;VE;VEN;Latin America & Caribbean;Not classified;2006;Sector externo;sector_externo;Comercio exterior;comercio_exterior;NE.EXP.GNFS.CD;Exportaciones de bienes y servicios en dólares corrientes;;Banco Mundial - World Development Indicators;2026-07-13;The read operation timed out
Venezuela;Venezuela, RB;VE;VEN;Latin America & Caribbean;Not classified;2007;Sector externo;sector_externo;Comercio exterior;comercio_exterior;NE.EXP.GNFS.CD;Exportaciones de bienes y servicios en dólares corrientes;;Banco Mundial - World Development Indicators;2026-07-13;The read operation timed out
Venezuela;Venezuela, RB;VE;VEN;Latin America & Caribbean;Not classified;2008;Sector externo;sector_externo;Comercio exterior;comercio_exterior;NE.EXP.GNFS.CD;Exportaciones de bienes y servicios en dólares corrientes;;Banco Mundial - World Development Indicators;2026-07-13;The read operation timed out
Venezuela;Venezuela, RB;VE;VEN;Latin America & Caribbean;Not classified;2009;Sector externo;sector_externo;Comercio exterior;comercio_exterior;NE.EXP.GNFS.CD;Exportaciones de bienes y servicios en dólares corrientes;;Banco Mundial - World Development Indicators;2026-07-13;The read operation timed out
Venezuela;Venezuela, RB;VE;VEN;Latin America & Caribbean;Not classified;2010;Sector externo;sector_externo;Comercio exterior;comercio_exterior;NE.EXP.GNFS.CD;Exportaciones de bienes y servicios en dólares corrientes;;Banco Mundial - World Development Indicators;2026-07-13;The read operation timed out
Venezuela;Venezuela, RB;VE;VEN;Latin America & Caribbean;Not classified;2011;Sector externo;sector_externo;Comercio exterior;comercio_exterior;NE.EXP.GNFS.CD;Exportaciones de bienes y servicios en dólares corrientes;;Banco Mundial - World Development Indicators;2026-07-13;The read operation timed out
Venezuela;Venezuela, RB;VE;VEN;Latin America & Caribbean;Not classified;2012;Sector externo;sector_externo;Comercio exterior;comercio_exterior;NE.EXP.GNFS.CD;Exportaciones de bienes y servicios en dólares corrientes;;Banco Mundial - World Development Indicators;2026-07-13;The read operation timed out
Venezuela;Venezuela, RB;VE;VEN;Latin America & Caribbean;Not classified;2013;Sector externo;sector_externo;Comercio exterior;comercio_exterior;NE.EXP.GNFS.CD;Exportaciones de bienes y servicios en dólares corrientes;;Banco Mundial - World Development Indicators;2026-07-13;The read operation timed out
Venezuela;Venezuela, RB;VE;VEN;Latin America & Caribbean;Not classified;2014;Sector externo;sector_externo;Comercio exterior;comercio_exterior;NE.EXP.GNFS.CD;Exportaciones de bienes y servicios en dólares corrientes;;Banco Mundial - World Development Indicators;2026-07-13;The read operation timed out
Venezuela;Venezuela, RB;VE;VEN;Latin America & Caribbean;Not classified;2015;Sector externo;sector_externo;Comercio exterior;comercio_exterior;NE.EXP.GNFS.CD;Exportaciones de bienes y servicios en dólares corrientes;;Banco Mundial - World Development Indicators;2026-07-13;The read operation timed out
Venezuela;Venezuela, RB;VE;VEN;Latin America & Caribbean;Not classified;2016;Sector externo;sector_externo;Comercio exterior;comercio_exterior;NE.EXP.GNFS.CD;Exportaciones de bienes y servicios en dólares corrientes;;Banco Mundial - World Development Indicators;2026-07-13;The read operation timed out
Venezuela;Venezuela, RB;VE;VEN;Latin America & Caribbean;Not classified;2017;Sector externo;sector_externo;Comercio exterior;comercio_exterior;NE.EXP.GNFS.CD;Exportaciones de bienes y servicios en dólares corrientes;;Banco Mundial - World Development Indicators;2026-07-13;The read operation timed out
Venezuela;Venezuela, RB;VE;VEN;Latin America & Caribbean;Not classified;2018;Sector externo;sector_externo;Comercio exterior;comercio_exterior;NE.EXP.GNFS.CD;Exportaciones de bienes y servicios en dólares corrientes;;Banco Mundial - World Development Indicators;2026-07-13;The read operation timed out
Venezuela;Venezuela, RB;VE;VEN;Latin America & Caribbean;Not classified;2019;Sector externo;sector_externo;Comercio exterior;comercio_exterior;NE.EXP.GNFS.CD;Exportaciones de bienes y servicios en dólares corrientes;;Banco Mundial - World Development Indicators;2026-07-13;The read operation timed out
Venezuela;Venezuela, RB;VE;VEN;Latin America & Caribbean;Not classified;2020;Sector externo;sector_externo;Comercio exterior;comercio_exterior;NE.EXP.GNFS.CD;Exportaciones de bienes y servicios en dólares corrientes;;Banco Mundial - World Development Indicators;2026-07-13;The read operation timed out
Venezuela;Venezuela, RB;VE;VEN;Latin America & Caribbean;Not classified;2021;Sector externo;sector_externo;Comercio exterior;comercio_exterior;NE.EXP.GNFS.CD;Exportaciones de bienes y servicios en dólares corrientes;;Banco Mundial - World Development Indicators;2026-07-13;The read operation timed out
Venezuela;Venezuela, RB;VE;VEN;Latin America & Caribbean;Not classified;2022;Sector externo;sector_externo;Comercio exterior;comercio_exterior;NE.EXP.GNFS.CD;Exportaciones de bienes y servicios en dólares corrientes;;Banco Mundial - World Development Indicators;2026-07-13;The read operation timed out
Venezuela;Venezuela, RB;VE;VEN;Latin America & Caribbean;Not classified;2023;Sector externo;sector_externo;Comercio exterior;comercio_exterior;NE.EXP.GNFS.CD;Exportaciones de bienes y servicios en dólares corrientes;;Banco Mundial - World Development Indicators;2026-07-13;The read operation timed out
Venezuela;Venezuela, RB;VE;VEN;Latin America & Caribbean;Not classified;2024;Sector externo;sector_externo;Comercio exterior;comercio_exterior;NE.EXP.GNFS.CD;Exportaciones de bienes y servicios en dólares corrientes;;Banco Mundial - World Development Indicators;2026-07-13;The read operation timed out
Venezuela;Venezuela, RB;VE;VEN;Latin America & Caribbean;Not classified;2025;Sector externo;sector_externo;Comercio exterior;comercio_exterior;NE.EXP.GNFS.CD;Exportaciones de bienes y servicios en dólares corrientes;;Banco Mundial - World Development Indicators;2026-07-13;The read operation timed out
Venezuela;Venezuela, RB;VE;VEN;Latin America & Caribbean;Not classified;2026;Sector externo;sector_externo;Comercio exterior;comercio_exterior;NE.EXP.GNFS.CD;Exportaciones de bienes y servicios en dólares corrientes;;Banco Mundial - World Development Indicators;2026-07-13;The read operation timed out
Venezuela;Venezuela, RB;VE;VEN;Latin America & Caribbean;Not classified;1960;Sector externo;sector_externo;Comercio exterior;comercio_exterior;NE.EXP.GNFS.ZS;Exportaciones de bienes y servicios como porcentaje del PIB;;Banco Mundial - World Development Indicators;2026-07-13;The read operation timed out
Venezuela;Venezuela, RB;VE;VEN;Latin America & Caribbean;Not classified;1961;Sector externo;sector_externo;Comercio exterior;comercio_exterior;NE.EXP.GNFS.ZS;Exportaciones de bienes y servicios como porcentaje del PIB;;Banco Mundial - World Development Indicators;2026-07-13;The read operation timed out
Venezuela;Venezuela, RB;VE;VEN;Latin America & Caribbean;Not classified;1962;Sector externo;sector_externo;Comercio exterior;comercio_exterior;NE.EXP.GNFS.ZS;Exportaciones de bienes y servicios como porcentaje del PIB;;Banco Mundial - World Development Indicators;2026-07-13;The read operation timed out
Venezuela;Venezuela, RB;VE;VEN;Latin America & Caribbean;Not classified;1963;Sector externo;sector_externo;Comercio exterior;comercio_exterior;NE.EXP.GNFS.ZS;Exportaciones de bienes y servicios como porcentaje del PIB;;Banco Mundial - World Development Indicators;2026-07-13;The read operation timed out
Venezuela;Venezuela, RB;VE;VEN;Latin America & Caribbean;Not classified;1964;Sector externo;sector_externo;Comercio exterior;comercio_exterior;NE.EXP.GNFS.ZS;Exportaciones de bienes y servicios como porcentaje del PIB;;Banco Mundial - World Development Indicators;2026-07-13;The read operation timed out
Venezuela;Venezuela, RB;VE;VEN;Latin America & Caribbean;Not classified;1965;Sector externo;sector_externo;Comercio exterior;comercio_exterior;NE.EXP.GNFS.ZS;Exportaciones de bienes y servicios como porcentaje del PIB;;Banco Mundial - World Development Indicators;2026-07-13;The read operation timed out
Venezuela;Venezuela, RB;VE;VEN;Latin America & Caribbean;Not classified;1966;Sector externo;sector_externo;Comercio exterior;comercio_exterior;NE.EXP.GNFS.ZS;Exportaciones de bienes y servicios como porcentaje del PIB;;Banco Mundial - World Development Indicators;2026-07-13;The read operation timed out
Venezuela;Venezuela, RB;VE;VEN;Latin America & Caribbean;Not classified;1967;Sector externo;sector_externo;Comercio exterior;comercio_exterior;NE.EXP.GNFS.ZS;Exportaciones de bienes y servicios como porcentaje del PIB;;Banco Mundial - World Development Indicators;2026-07-13;The read operation timed out
Venezuela;Venezuela, RB;VE;VEN;Latin America & Caribbean;Not classified;1968;Sector externo;sector_externo;Comercio exterior;comercio_exterior;NE.EXP.GNFS.ZS;Exportaciones de bienes y servicios como porcentaje del PIB;;Banco Mundial - World Development Indicators;2026-07-13;The read operation timed out
Venezuela;Venezuela, RB;VE;VEN;Latin America & Caribbean;Not classified;1969;Sector externo;sector_externo;Comercio exterior;comercio_exterior;NE.EXP.GNFS.ZS;Exportaciones de bienes y servicios como porcentaje del PIB;;Banco Mundial - World Development Indicators;2026-07-13;The read operation timed out
Venezuela;Venezuela, RB;VE;VEN;Latin America & Caribbean;Not classified;1970;Sector externo;sector_externo;Comercio exterior;comercio_exterior;NE.EXP.GNFS.ZS;Exportaciones de bienes y servicios como porcentaje del PIB;;Banco Mundial - World Development Indicators;2026-07-13;The read operation timed out
Venezuela;Venezuela, RB;VE;VEN;Latin America & Caribbean;Not classified;1971;Sector externo;sector_externo;Comercio exterior;comercio_exterior;NE.EXP.GNFS.ZS;Exportaciones de bienes y servicios como porcentaje del PIB;;Banco Mundial - World Development Indicators;2026-07-13;The read operation timed out
Venezuela;Venezuela, RB;VE;VEN;Latin America & Caribbean;Not classified;1972;Sector externo;sector_externo;Comercio exterior;comercio_exterior;NE.EXP.GNFS.ZS;Exportaciones de bienes y servicios como porcentaje del PIB;;Banco Mundial - World Development Indicators;2026-07-13;The read operation timed out
Venezuela;Venezuela, RB;VE;VEN;Latin America & Caribbean;Not classified;1973;Sector externo;sector_externo;Comercio exterior;comercio_exterior;NE.EXP.GNFS.ZS;Exportaciones de bienes y servicios como porcentaje del PIB;;Banco Mundial - World Development Indicators;2026-07-13;The read operation timed out
Venezuela;Venezuela, RB;VE;VEN;Latin America & Caribbean;Not classified;1974;Sector externo;sector_externo;Comercio exterior;comercio_exterior;NE.EXP.GNFS.ZS;Exportaciones de bienes y servicios como porcentaje del PIB;;Banco Mundial - World Development Indicators;2026-07-13;The read operation timed out
Venezuela;Venezuela, RB;VE;VEN;Latin America & Caribbean;Not classified;1975;Sector externo;sector_externo;Comercio exterior;comercio_exterior;NE.EXP.GNFS.ZS;Exportaciones de bienes y servicios como porcentaje del PIB;;Banco Mundial - World Development Indicators;2026-07-13;The read operation timed out
Venezuela;Venezuela, RB;VE;VEN;Latin America & Caribbean;Not classified;1976;Sector externo;sector_externo;Comercio exterior;comercio_exterior;NE.EXP.GNFS.ZS;Exportaciones de bienes y servicios como porcentaje del PIB;;Banco Mundial - World Development Indicators;2026-07-13;The read operation timed out
Venezuela;Venezuela, RB;VE;VEN;Latin America & Caribbean;Not classified;1977;Sector externo;sector_externo;Comercio exterior;comercio_exterior;NE.EXP.GNFS.ZS;Exportaciones de bienes y servicios como porcentaje del PIB;;Banco Mundial - World Development Indicators;2026-07-13;The read operation timed out
Venezuela;Venezuela, RB;VE;VEN;Latin America & Caribbean;Not classified;1978;Sector externo;sector_externo;Comercio exterior;comercio_exterior;NE.EXP.GNFS.ZS;Exportaciones de bienes y servicios como porcentaje del PIB;;Banco Mundial - World Development Indicators;2026-07-13;The read operation timed out
Venezuela;Venezuela, RB;VE;VEN;Latin America & Caribbean;Not classified;1979;Sector externo;sector_externo;Comercio exterior;comercio_exterior;NE.EXP.GNFS.ZS;Exportaciones de bienes y servicios como porcentaje del PIB;;Banco Mundial - World Development Indicators;2026-07-13;The read operation timed out
Venezuela;Venezuela, RB;VE;VEN;Latin America & Caribbean;Not classified;1980;Sector externo;sector_externo;Comercio exterior;comercio_exterior;NE.EXP.GNFS.ZS;Exportaciones de bienes y servicios como porcentaje del PIB;;Banco Mundial - World Development Indicators;2026-07-13;The read operation timed out
Venezuela;Venezuela, RB;VE;VEN;Latin America & Caribbean;Not classified;1981;Sector externo;sector_externo;Comercio exterior;comercio_exterior;NE.EXP.GNFS.ZS;Exportaciones de bienes y servicios como porcentaje del PIB;;Banco Mundial - World Development Indicators;2026-07-13;The read operation timed out
Venezuela;Venezuela, RB;VE;VEN;Latin America & Caribbean;Not classified;1982;Sector externo;sector_externo;Comercio exterior;comercio_exterior;NE.EXP.GNFS.ZS;Exportaciones de bienes y servicios como porcentaje del PIB;;Banco Mundial - World Development Indicators;2026-07-13;The read operation timed out
Venezuela;Venezuela, RB;VE;VEN;Latin America & Caribbean;Not classified;1983;Sector externo;sector_externo;Comercio exterior;comercio_exterior;NE.EXP.GNFS.ZS;Exportaciones de bienes y servicios como porcentaje del PIB;;Banco Mundial - World Development Indicators;2026-07-13;The read operation timed out
Venezuela;Venezuela, RB;VE;VEN;Latin America & Caribbean;Not classified;1984;Sector externo;sector_externo;Comercio exterior;comercio_exterior;NE.EXP.GNFS.ZS;Exportaciones de bienes y servicios como porcentaje del PIB;;Banco Mundial - World Development Indicators;2026-07-13;The read operation timed out
Venezuela;Venezuela, RB;VE;VEN;Latin America & Caribbean;Not classified;1985;Sector externo;sector_externo;Comercio exterior;comercio_exterior;NE.EXP.GNFS.ZS;Exportaciones de bienes y servicios como porcentaje del PIB;;Banco Mundial - World Development Indicators;2026-07-13;The read operation timed out
Venezuela;Venezuela, RB;VE;VEN;Latin America & Caribbean;Not classified;1986;Sector externo;sector_externo;Comercio exterior;comercio_exterior;NE.EXP.GNFS.ZS;Exportaciones de bienes y servicios como porcentaje del PIB;;Banco Mundial - World Development Indicators;2026-07-13;The read operation timed out
Venezuela;Venezuela, RB;VE;VEN;Latin America & Caribbean;Not classified;1987;Sector externo;sector_externo;Comercio exterior;comercio_exterior;NE.EXP.GNFS.ZS;Exportaciones de bienes y servicios como porcentaje del PIB;;Banco Mundial - World Development Indicators;2026-07-13;The read operation timed out
Venezuela;Venezuela, RB;VE;VEN;Latin America & Caribbean;Not classified;1988;Sector externo;sector_externo;Comercio exterior;comercio_exterior;NE.EXP.GNFS.ZS;Exportaciones de bienes y servicios como porcentaje del PIB;;Banco Mundial - World Development Indicators;2026-07-13;The read operation timed out
Venezuela;Venezuela, RB;VE;VEN;Latin America & Caribbean;Not classified;1989;Sector externo;sector_externo;Comercio exterior;comercio_exterior;NE.EXP.GNFS.ZS;Exportaciones de bienes y servicios como porcentaje del PIB;;Banco Mundial - World Development Indicators;2026-07-13;The read operation timed out
Venezuela;Venezuela, RB;VE;VEN;Latin America & Caribbean;Not classified;1990;Sector externo;sector_externo;Comercio exterior;comercio_exterior;NE.EXP.GNFS.ZS;Exportaciones de bienes y servicios como porcentaje del PIB;;Banco Mundial - World Development Indicators;2026-07-13;The read operation timed out
Venezuela;Venezuela, RB;VE;VEN;Latin America & Caribbean;Not classified;1991;Sector externo;sector_externo;Comercio exterior;comercio_exterior;NE.EXP.GNFS.ZS;Exportaciones de bienes y servicios como porcentaje del PIB;;Banco Mundial - World Development Indicators;2026-07-13;The read operation timed out
Venezuela;Venezuela, RB;VE;VEN;Latin America & Caribbean;Not classified;1992;Sector externo;sector_externo;Comercio exterior;comercio_exterior;NE.EXP.GNFS.ZS;Exportaciones de bienes y servicios como porcentaje del PIB;;Banco Mundial - World Development Indicators;2026-07-13;The read operation timed out
Venezuela;Venezuela, RB;VE;VEN;Latin America & Caribbean;Not classified;1993;Sector externo;sector_externo;Comercio exterior;comercio_exterior;NE.EXP.GNFS.ZS;Exportaciones de bienes y servicios como porcentaje del PIB;;Banco Mundial - World Development Indicators;2026-07-13;The read operation timed out
Venezuela;Venezuela, RB;VE;VEN;Latin America & Caribbean;Not classified;1994;Sector externo;sector_externo;Comercio exterior;comercio_exterior;NE.EXP.GNFS.ZS;Exportaciones de bienes y servicios como porcentaje del PIB;;Banco Mundial - World Development Indicators;2026-07-13;The read operation timed out
Venezuela;Venezuela, RB;VE;VEN;Latin America & Caribbean;Not classified;1995;Sector externo;sector_externo;Comercio exterior;comercio_exterior;NE.EXP.GNFS.ZS;Exportaciones de bienes y servicios como porcentaje del PIB;;Banco Mundial - World Development Indicators;2026-07-13;The read operation timed out
Venezuela;Venezuela, RB;VE;VEN;Latin America & Caribbean;Not classified;1996;Sector externo;sector_externo;Comercio exterior;comercio_exterior;NE.EXP.GNFS.ZS;Exportaciones de bienes y servicios como porcentaje del PIB;;Banco Mundial - World Development Indicators;2026-07-13;The read operation timed out
Venezuela;Venezuela, RB;VE;VEN;Latin America & Caribbean;Not classified;1997;Sector externo;sector_externo;Comercio exterior;comercio_exterior;NE.EXP.GNFS.ZS;Exportaciones de bienes y servicios como porcentaje del PIB;;Banco Mundial - World Development Indicators;2026-07-13;The read operation timed out
Venezuela;Venezuela, RB;VE;VEN;Latin America & Caribbean;Not classified;1998;Sector externo;sector_externo;Comercio exterior;comercio_exterior;NE.EXP.GNFS.ZS;Exportaciones de bienes y servicios como porcentaje del PIB;;Banco Mundial - World Development Indicators;2026-07-13;The read operation timed out
Venezuela;Venezuela, RB;VE;VEN;Latin America & Caribbean;Not classified;1999;Sector externo;sector_externo;Comercio exterior;comercio_exterior;NE.EXP.GNFS.ZS;Exportaciones de bienes y servicios como porcentaje del PIB;;Banco Mundial - World Development Indicators;2026-07-13;The read operation timed out
Venezuela;Venezuela, RB;VE;VEN;Latin America & Caribbean;Not classified;2000;Sector externo;sector_externo;Comercio exterior;comercio_exterior;NE.EXP.GNFS.ZS;Exportaciones de bienes y servicios como porcentaje del PIB;;Banco Mundial - World Development Indicators;2026-07-13;The read operation timed out
Venezuela;Venezuela, RB;VE;VEN;Latin America & Caribbean;Not classified;2001;Sector externo;sector_externo;Comercio exterior;comercio_exterior;NE.EXP.GNFS.ZS;Exportaciones de bienes y servicios como porcentaje del PIB;;Banco Mundial - World Development Indicators;2026-07-13;The read operation timed out
Venezuela;Venezuela, RB;VE;VEN;Latin America & Caribbean;Not classified;2002;Sector externo;sector_externo;Comercio exterior;comercio_exterior;NE.EXP.GNFS.ZS;Exportaciones de bienes y servicios como porcentaje del PIB;;Banco Mundial - World Development Indicators;2026-07-13;The read operation timed out
Venezuela;Venezuela, RB;VE;VEN;Latin America & Caribbean;Not classified;2003;Sector externo;sector_externo;Comercio exterior;comercio_exterior;NE.EXP.GNFS.ZS;Exportaciones de bienes y servicios como porcentaje del PIB;;Banco Mundial - World Development Indicators;2026-07-13;The read operation timed out
Venezuela;Venezuela, RB;VE;VEN;Latin America & Caribbean;Not classified;2004;Sector externo;sector_externo;Comercio exterior;comercio_exterior;NE.EXP.GNFS.ZS;Exportaciones de bienes y servicios como porcentaje del PIB;;Banco Mundial - World Development Indicators;2026-07-13;The read operation timed out
Venezuela;Venezuela, RB;VE;VEN;Latin America & Caribbean;Not classified;2005;Sector externo;sector_externo;Comercio exterior;comercio_exterior;NE.EXP.GNFS.ZS;Exportaciones de bienes y servicios como porcentaje del PIB;;Banco Mundial - World Development Indicators;2026-07-13;The read operation timed out
Venezuela;Venezuela, RB;VE;VEN;Latin America & Caribbean;Not classified;2006;Sector externo;sector_externo;Comercio exterior;comercio_exterior;NE.EXP.GNFS.ZS;Exportaciones de bienes y servicios como porcentaje del PIB;;Banco Mundial - World Development Indicators;2026-07-13;The read operation timed out
Venezuela;Venezuela, RB;VE;VEN;Latin America & Caribbean;Not classified;2007;Sector externo;sector_externo;Comercio exterior;comercio_exterior;NE.EXP.GNFS.ZS;Exportaciones de bienes y servicios como porcentaje del PIB;;Banco Mundial - World Development Indicators;2026-07-13;The read operation timed out
Venezuela;Venezuela, RB;VE;VEN;Latin America & Caribbean;Not classified;2008;Sector externo;sector_externo;Comercio exterior;comercio_exterior;NE.EXP.GNFS.ZS;Exportaciones de bienes y servicios como porcentaje del PIB;;Banco Mundial - World Development Indicators;2026-07-13;The read operation timed out
Venezuela;Venezuela, RB;VE;VEN;Latin America & Caribbean;Not classified;2009;Sector externo;sector_externo;Comercio exterior;comercio_exterior;NE.EXP.GNFS.ZS;Exportaciones de bienes y servicios como porcentaje del PIB;;Banco Mundial - World Development Indicators;2026-07-13;The read operation timed out
Venezuela;Venezuela, RB;VE;VEN;Latin America & Caribbean;Not classified;2010;Sector externo;sector_externo;Comercio exterior;comercio_exterior;NE.EXP.GNFS.ZS;Exportaciones de bienes y servicios como porcentaje del PIB;;Banco Mundial - World Development Indicators;2026-07-13;The read operation timed out
Venezuela;Venezuela, RB;VE;VEN;Latin America & Caribbean;Not classified;2011;Sector externo;sector_externo;Comercio exterior;comercio_exterior;NE.EXP.GNFS.ZS;Exportaciones de bienes y servicios como porcentaje del PIB;;Banco Mundial - World Development Indicators;2026-07-13;The read operation timed out
Venezuela;Venezuela, RB;VE;VEN;Latin America & Caribbean;Not classified;2012;Sector externo;sector_externo;Comercio exterior;comercio_exterior;NE.EXP.GNFS.ZS;Exportaciones de bienes y servicios como porcentaje del PIB;;Banco Mundial - World Development Indicators;2026-07-13;The read operation timed out
Venezuela;Venezuela, RB;VE;VEN;Latin America & Caribbean;Not classified;2013;Sector externo;sector_externo;Comercio exterior;comercio_exterior;NE.EXP.GNFS.ZS;Exportaciones de bienes y servicios como porcentaje del PIB;;Banco Mundial - World Development Indicators;2026-07-13;The read operation timed out
Venezuela;Venezuela, RB;VE;VEN;Latin America & Caribbean;Not classified;2014;Sector externo;sector_externo;Comercio exterior;comercio_exterior;NE.EXP.GNFS.ZS;Exportaciones de bienes y servicios como porcentaje del PIB;;Banco Mundial - World Development Indicators;2026-07-13;The read operation timed out
Venezuela;Venezuela, RB;VE;VEN;Latin America & Caribbean;Not classified;2015;Sector externo;sector_externo;Comercio exterior;comercio_exterior;NE.EXP.GNFS.ZS;Exportaciones de bienes y servicios como porcentaje del PIB;;Banco Mundial - World Development Indicators;2026-07-13;The read operation timed out
Venezuela;Venezuela, RB;VE;VEN;Latin America & Caribbean;Not classified;2016;Sector externo;sector_externo;Comercio exterior;comercio_exterior;NE.EXP.GNFS.ZS;Exportaciones de bienes y servicios como porcentaje del PIB;;Banco Mundial - World Development Indicators;2026-07-13;The read operation timed out
Venezuela;Venezuela, RB;VE;VEN;Latin America & Caribbean;Not classified;2017;Sector externo;sector_externo;Comercio exterior;comercio_exterior;NE.EXP.GNFS.ZS;Exportaciones de bienes y servicios como porcentaje del PIB;;Banco Mundial - World Development Indicators;2026-07-13;The read operation timed out
Venezuela;Venezuela, RB;VE;VEN;Latin America & Caribbean;Not classified;2018;Sector externo;sector_externo;Comercio exterior;comercio_exterior;NE.EXP.GNFS.ZS;Exportaciones de bienes y servicios como porcentaje del PIB;;Banco Mundial - World Development Indicators;2026-07-13;The read operation timed out
Venezuela;Venezuela, RB;VE;VEN;Latin America & Caribbean;Not classified;2019;Sector externo;sector_externo;Comercio exterior;comercio_exterior;NE.EXP.GNFS.ZS;Exportaciones de bienes y servicios como porcentaje del PIB;;Banco Mundial - World Development Indicators;2026-07-13;The read operation timed out
Venezuela;Venezuela, RB;VE;VEN;Latin America & Caribbean;Not classified;2020;Sector externo;sector_externo;Comercio exterior;comercio_exterior;NE.EXP.GNFS.ZS;Exportaciones de bienes y servicios como porcentaje del PIB;;Banco Mundial - World Development Indicators;2026-07-13;The read operation timed out
Venezuela;Venezuela, RB;VE;VEN;Latin America & Caribbean;Not classified;2021;Sector externo;sector_externo;Comercio exterior;comercio_exterior;NE.EXP.GNFS.ZS;Exportaciones de bienes y servicios como porcentaje del PIB;;Banco Mundial - World Development Indicators;2026-07-13;The read operation timed out
Venezuela;Venezuela, RB;VE;VEN;Latin America & Caribbean;Not classified;2022;Sector externo;sector_externo;Comercio exterior;comercio_exterior;NE.EXP.GNFS.ZS;Exportaciones de bienes y servicios como porcentaje del PIB;;Banco Mundial - World Development Indicators;2026-07-13;The read operation timed out
Venezuela;Venezuela, RB;VE;VEN;Latin America & Caribbean;Not classified;2023;Sector externo;sector_externo;Comercio exterior;comercio_exterior;NE.EXP.GNFS.ZS;Exportaciones de bienes y servicios como porcentaje del PIB;;Banco Mundial - World Development Indicators;2026-07-13;The read operation timed out
Venezuela;Venezuela, RB;VE;VEN;Latin America & Caribbean;Not classified;2024;Sector externo;sector_externo;Comercio exterior;comercio_exterior;NE.EXP.GNFS.ZS;Exportaciones de bienes y servicios como porcentaje del PIB;;Banco Mundial - World Development Indicators;2026-07-13;The read operation timed out
Venezuela;Venezuela, RB;VE;VEN;Latin America & Caribbean;Not classified;2025;Sector externo;sector_externo;Comercio exterior;comercio_exterior;NE.EXP.GNFS.ZS;Exportaciones de bienes y servicios como porcentaje del PIB;;Banco Mundial - World Development Indicators;2026-07-13;The read operation timed out
Venezuela;Venezuela, RB;VE;VEN;Latin America & Caribbean;Not classified;2026;Sector externo;sector_externo;Comercio exterior;comercio_exterior;NE.EXP.GNFS.ZS;Exportaciones de bienes y servicios como porcentaje del PIB;;Banco Mundial - World Development Indicators;2026-07-13;The read operation timed out
Venezuela;Venezuela, RB;VE;VEN;Latin America & Caribbean;Not classified;1960;Sector externo;sector_externo;Comercio exterior;comercio_exterior;NE.IMP.GNFS.CD;Importaciones de bienes y servicios en dólares corrientes;1390889414.52148;Banco Mundial - World Development Indicators;2026-07-13;
Venezuela;Venezuela, RB;VE;VEN;Latin America & Caribbean;Not classified;1961;Sector externo;sector_externo;Comercio exterior;comercio_exterior;NE.IMP.GNFS.CD;Importaciones de bienes y servicios en dólares corrientes;1366605304.15442;Banco Mundial - World Development Indicators;2026-07-13;
Venezuela;Venezuela, RB;VE;VEN;Latin America & Caribbean;Not classified;1962;Sector externo;sector_externo;Comercio exterior;comercio_exterior;NE.IMP.GNFS.CD;Importaciones de bienes y servicios en dólares corrientes;1489969151.60413;Banco Mundial - World Development Indicators;2026-07-13;
Venezuela;Venezuela, RB;VE;VEN;Latin America & Caribbean;Not classified;1963;Sector externo;sector_externo;Comercio exterior;comercio_exterior;NE.IMP.GNFS.CD;Importaciones de bienes y servicios en dólares corrientes;1458861578.70202;Banco Mundial - World Development Indicators;2026-07-13;
Venezuela;Venezuela, RB;VE;VEN;Latin America & Caribbean;Not classified;1964;Sector externo;sector_externo;Comercio exterior;comercio_exterior;NE.IMP.GNFS.CD;Importaciones de bienes y servicios en dólares corrientes;1473655172.41379;Banco Mundial - World Development Indicators;2026-07-13;
Venezuela;Venezuela, RB;VE;VEN;Latin America & Caribbean;Not classified;1965;Sector externo;sector_externo;Comercio exterior;comercio_exterior;NE.IMP.GNFS.CD;Importaciones de bienes y servicios en dólares corrientes;1612822222.22222;Banco Mundial - World Development Indicators;2026-07-13;
Venezuela;Venezuela, RB;VE;VEN;Latin America & Caribbean;Not classified;1966;Sector externo;sector_externo;Comercio exterior;comercio_exterior;NE.IMP.GNFS.CD;Importaciones de bienes y servicios en dólares corrientes;1505288888.88889;Banco Mundial - World Development Indicators;2026-07-13;
Venezuela;Venezuela, RB;VE;VEN;Latin America & Caribbean;Not classified;1967;Sector externo;sector_externo;Comercio exterior;comercio_exterior;NE.IMP.GNFS.CD;Importaciones de bienes y servicios en dólares corrientes;1612822222.22222;Banco Mundial - World Development Indicators;2026-07-13;
Venezuela;Venezuela, RB;VE;VEN;Latin America & Caribbean;Not classified;1968;Sector externo;sector_externo;Comercio exterior;comercio_exterior;NE.IMP.GNFS.CD;Importaciones de bienes y servicios en dólares corrientes;1956888888.88889;Banco Mundial - World Development Indicators;2026-07-13;
Venezuela;Venezuela, RB;VE;VEN;Latin America & Caribbean;Not classified;1969;Sector externo;sector_externo;Comercio exterior;comercio_exterior;NE.IMP.GNFS.CD;Importaciones de bienes y servicios en dólares corrientes;2042888888.88889;Banco Mundial - World Development Indicators;2026-07-13;
Venezuela;Venezuela, RB;VE;VEN;Latin America & Caribbean;Not classified;1970;Sector externo;sector_externo;Comercio exterior;comercio_exterior;NE.IMP.GNFS.CD;Importaciones de bienes y servicios en dólares corrientes;2171911111.11111;Banco Mundial - World Development Indicators;2026-07-13;
Venezuela;Venezuela, RB;VE;VEN;Latin America & Caribbean;Not classified;1971;Sector externo;sector_externo;Comercio exterior;comercio_exterior;NE.IMP.GNFS.CD;Importaciones de bienes y servicios en dólares corrientes;2463204545.45455;Banco Mundial - World Development Indicators;2026-07-13;
Venezuela;Venezuela, RB;VE;VEN;Latin America & Caribbean;Not classified;1972;Sector externo;sector_externo;Comercio exterior;comercio_exterior;NE.IMP.GNFS.CD;Importaciones de bienes y servicios en dólares corrientes;2793090909.09091;Banco Mundial - World Development Indicators;2026-07-13;
Venezuela;Venezuela, RB;VE;VEN;Latin America & Caribbean;Not classified;1973;Sector externo;sector_externo;Comercio exterior;comercio_exterior;NE.IMP.GNFS.CD;Importaciones de bienes y servicios en dólares corrientes;3263139534.88372;Banco Mundial - World Development Indicators;2026-07-13;
Venezuela;Venezuela, RB;VE;VEN;Latin America & Caribbean;Not classified;1974;Sector externo;sector_externo;Comercio exterior;comercio_exterior;NE.IMP.GNFS.CD;Importaciones de bienes y servicios en dólares corrientes;4838441860.46512;Banco Mundial - World Development Indicators;2026-07-13;
Venezuela;Venezuela, RB;VE;VEN;Latin America & Caribbean;Not classified;1975;Sector externo;sector_externo;Comercio exterior;comercio_exterior;NE.IMP.GNFS.CD;Importaciones de bienes y servicios en dólares corrientes;6863837209.30233;Banco Mundial - World Development Indicators;2026-07-13;
Venezuela;Venezuela, RB;VE;VEN;Latin America & Caribbean;Not classified;1976;Sector externo;sector_externo;Comercio exterior;comercio_exterior;NE.IMP.GNFS.CD;Importaciones de bienes y servicios en dólares corrientes;9069255813.95349;Banco Mundial - World Development Indicators;2026-07-13;
Venezuela;Venezuela, RB;VE;VEN;Latin America & Caribbean;Not classified;1977;Sector externo;sector_externo;Comercio exterior;comercio_exterior;NE.IMP.GNFS.CD;Importaciones de bienes y servicios en dólares corrientes;12692465116.2791;Banco Mundial - World Development Indicators;2026-07-13;
Venezuela;Venezuela, RB;VE;VEN;Latin America & Caribbean;Not classified;1978;Sector externo;sector_externo;Comercio exterior;comercio_exterior;NE.IMP.GNFS.CD;Importaciones de bienes y servicios en dólares corrientes;14650348837.2093;Banco Mundial - World Development Indicators;2026-07-13;
Venezuela;Venezuela, RB;VE;VEN;Latin America & Caribbean;Not classified;1979;Sector externo;sector_externo;Comercio exterior;comercio_exterior;NE.IMP.GNFS.CD;Importaciones de bienes y servicios en dólares corrientes;13727674418.6047;Banco Mundial - World Development Indicators;2026-07-13;
Venezuela;Venezuela, RB;VE;VEN;Latin America & Caribbean;Not classified;1980;Sector externo;sector_externo;Comercio exterior;comercio_exterior;NE.IMP.GNFS.CD;Importaciones de bienes y servicios en dólares corrientes;14627837209.3023;Banco Mundial - World Development Indicators;2026-07-13;
Venezuela;Venezuela, RB;VE;VEN;Latin America & Caribbean;Not classified;1981;Sector externo;sector_externo;Comercio exterior;comercio_exterior;NE.IMP.GNFS.CD;Importaciones de bienes y servicios en dólares corrientes;16518209302.3256;Banco Mundial - World Development Indicators;2026-07-13;
Venezuela;Venezuela, RB;VE;VEN;Latin America & Caribbean;Not classified;1982;Sector externo;sector_externo;Comercio exterior;comercio_exterior;NE.IMP.GNFS.CD;Importaciones de bienes y servicios en dólares corrientes;18971186046.5116;Banco Mundial - World Development Indicators;2026-07-13;
Venezuela;Venezuela, RB;VE;VEN;Latin America & Caribbean;Not classified;1983;Sector externo;sector_externo;Comercio exterior;comercio_exterior;NE.IMP.GNFS.CD;Importaciones de bienes y servicios en dólares corrientes;8799209302.32558;Banco Mundial - World Development Indicators;2026-07-13;
Venezuela;Venezuela, RB;VE;VEN;Latin America & Caribbean;Not classified;1984;Sector externo;sector_externo;Comercio exterior;comercio_exterior;NE.IMP.GNFS.CD;Importaciones de bienes y servicios en dólares corrientes;10508123515.4394;Banco Mundial - World Development Indicators;2026-07-13;
Venezuela;Venezuela, RB;VE;VEN;Latin America & Caribbean;Not classified;1985;Sector externo;sector_externo;Comercio exterior;comercio_exterior;NE.IMP.GNFS.CD;Importaciones de bienes y servicios en dólares corrientes;10466520000.0;Banco Mundial - World Development Indicators;2026-07-13;
Venezuela;Venezuela, RB;VE;VEN;Latin America & Caribbean;Not classified;1986;Sector externo;sector_externo;Comercio exterior;comercio_exterior;NE.IMP.GNFS.CD;Importaciones de bienes y servicios en dólares corrientes;11927109278.3505;Banco Mundial - World Development Indicators;2026-07-13;
Venezuela;Venezuela, RB;VE;VEN;Latin America & Caribbean;Not classified;1987;Sector externo;sector_externo;Comercio exterior;comercio_exterior;NE.IMP.GNFS.CD;Importaciones de bienes y servicios en dólares corrientes;10598117241.3793;Banco Mundial - World Development Indicators;2026-07-13;
Venezuela;Venezuela, RB;VE;VEN;Latin America & Caribbean;Not classified;1988;Sector externo;sector_externo;Comercio exterior;comercio_exterior;NE.IMP.GNFS.CD;Importaciones de bienes y servicios en dólares corrientes;15910262068.9655;Banco Mundial - World Development Indicators;2026-07-13;
Venezuela;Venezuela, RB;VE;VEN;Latin America & Caribbean;Not classified;1989;Sector externo;sector_externo;Comercio exterior;comercio_exterior;NE.IMP.GNFS.CD;Importaciones de bienes y servicios en dólares corrientes;8884312274.80182;Banco Mundial - World Development Indicators;2026-07-13;
Venezuela;Venezuela, RB;VE;VEN;Latin America & Caribbean;Not classified;1990;Sector externo;sector_externo;Comercio exterior;comercio_exterior;NE.IMP.GNFS.CD;Importaciones de bienes y servicios en dólares corrientes;9493861738.04869;Banco Mundial - World Development Indicators;2026-07-13;
Venezuela;Venezuela, RB;VE;VEN;Latin America & Caribbean;Not classified;1991;Sector externo;sector_externo;Comercio exterior;comercio_exterior;NE.IMP.GNFS.CD;Importaciones de bienes y servicios en dólares corrientes;0.0;Banco Mundial - World Development Indicators;2026-07-13;
Venezuela;Venezuela, RB;VE;VEN;Latin America & Caribbean;Not classified;1992;Sector externo;sector_externo;Comercio exterior;comercio_exterior;NE.IMP.GNFS.CD;Importaciones de bienes y servicios en dólares corrientes;0.0;Banco Mundial - World Development Indicators;2026-07-13;
Venezuela;Venezuela, RB;VE;VEN;Latin America & Caribbean;Not classified;1993;Sector externo;sector_externo;Comercio exterior;comercio_exterior;NE.IMP.GNFS.CD;Importaciones de bienes y servicios en dólares corrientes;0.0;Banco Mundial - World Development Indicators;2026-07-13;
Venezuela;Venezuela, RB;VE;VEN;Latin America & Caribbean;Not classified;1994;Sector externo;sector_externo;Comercio exterior;comercio_exterior;NE.IMP.GNFS.CD;Importaciones de bienes y servicios en dólares corrientes;0.0;Banco Mundial - World Development Indicators;2026-07-13;
Venezuela;Venezuela, RB;VE;VEN;Latin America & Caribbean;Not classified;1995;Sector externo;sector_externo;Comercio exterior;comercio_exterior;NE.IMP.GNFS.CD;Importaciones de bienes y servicios en dólares corrientes;0.0;Banco Mundial - World Development Indicators;2026-07-13;
Venezuela;Venezuela, RB;VE;VEN;Latin America & Caribbean;Not classified;1996;Sector externo;sector_externo;Comercio exterior;comercio_exterior;NE.IMP.GNFS.CD;Importaciones de bienes y servicios en dólares corrientes;0.0;Banco Mundial - World Development Indicators;2026-07-13;
Venezuela;Venezuela, RB;VE;VEN;Latin America & Caribbean;Not classified;1997;Sector externo;sector_externo;Comercio exterior;comercio_exterior;NE.IMP.GNFS.CD;Importaciones de bienes y servicios en dólares corrientes;0.0;Banco Mundial - World Development Indicators;2026-07-13;
Venezuela;Venezuela, RB;VE;VEN;Latin America & Caribbean;Not classified;1998;Sector externo;sector_externo;Comercio exterior;comercio_exterior;NE.IMP.GNFS.CD;Importaciones de bienes y servicios en dólares corrientes;0.0;Banco Mundial - World Development Indicators;2026-07-13;
Venezuela;Venezuela, RB;VE;VEN;Latin America & Caribbean;Not classified;1999;Sector externo;sector_externo;Comercio exterior;comercio_exterior;NE.IMP.GNFS.CD;Importaciones de bienes y servicios en dólares corrientes;0.0;Banco Mundial - World Development Indicators;2026-07-13;
Venezuela;Venezuela, RB;VE;VEN;Latin America & Caribbean;Not classified;2000;Sector externo;sector_externo;Comercio exterior;comercio_exterior;NE.IMP.GNFS.CD;Importaciones de bienes y servicios en dólares corrientes;0.0;Banco Mundial - World Development Indicators;2026-07-13;
Venezuela;Venezuela, RB;VE;VEN;Latin America & Caribbean;Not classified;2001;Sector externo;sector_externo;Comercio exterior;comercio_exterior;NE.IMP.GNFS.CD;Importaciones de bienes y servicios en dólares corrientes;0.0;Banco Mundial - World Development Indicators;2026-07-13;
Venezuela;Venezuela, RB;VE;VEN;Latin America & Caribbean;Not classified;2002;Sector externo;sector_externo;Comercio exterior;comercio_exterior;NE.IMP.GNFS.CD;Importaciones de bienes y servicios en dólares corrientes;0.0;Banco Mundial - World Development Indicators;2026-07-13;
Venezuela;Venezuela, RB;VE;VEN;Latin America & Caribbean;Not classified;2003;Sector externo;sector_externo;Comercio exterior;comercio_exterior;NE.IMP.GNFS.CD;Importaciones de bienes y servicios en dólares corrientes;0.0;Banco Mundial - World Development Indicators;2026-07-13;
Venezuela;Venezuela, RB;VE;VEN;Latin America & Caribbean;Not classified;2004;Sector externo;sector_externo;Comercio exterior;comercio_exterior;NE.IMP.GNFS.CD;Importaciones de bienes y servicios en dólares corrientes;0.0;Banco Mundial - World Development Indicators;2026-07-13;
Venezuela;Venezuela, RB;VE;VEN;Latin America & Caribbean;Not classified;2005;Sector externo;sector_externo;Comercio exterior;comercio_exterior;NE.IMP.GNFS.CD;Importaciones de bienes y servicios en dólares corrientes;0.0;Banco Mundial - World Development Indicators;2026-07-13;
Venezuela;Venezuela, RB;VE;VEN;Latin America & Caribbean;Not classified;2006;Sector externo;sector_externo;Comercio exterior;comercio_exterior;NE.IMP.GNFS.CD;Importaciones de bienes y servicios en dólares corrientes;0.0;Banco Mundial - World Development Indicators;2026-07-13;
Venezuela;Venezuela, RB;VE;VEN;Latin America & Caribbean;Not classified;2007;Sector externo;sector_externo;Comercio exterior;comercio_exterior;NE.IMP.GNFS.CD;Importaciones de bienes y servicios en dólares corrientes;0.0;Banco Mundial - World Development Indicators;2026-07-13;
Venezuela;Venezuela, RB;VE;VEN;Latin America & Caribbean;Not classified;2008;Sector externo;sector_externo;Comercio exterior;comercio_exterior;NE.IMP.GNFS.CD;Importaciones de bienes y servicios en dólares corrientes;0.0;Banco Mundial - World Development Indicators;2026-07-13;
Venezuela;Venezuela, RB;VE;VEN;Latin America & Caribbean;Not classified;2009;Sector externo;sector_externo;Comercio exterior;comercio_exterior;NE.IMP.GNFS.CD;Importaciones de bienes y servicios en dólares corrientes;0.0;Banco Mundial - World Development Indicators;2026-07-13;
Venezuela;Venezuela, RB;VE;VEN;Latin America & Caribbean;Not classified;2010;Sector externo;sector_externo;Comercio exterior;comercio_exterior;NE.IMP.GNFS.CD;Importaciones de bienes y servicios en dólares corrientes;0.0;Banco Mundial - World Development Indicators;2026-07-13;
Venezuela;Venezuela, RB;VE;VEN;Latin America & Caribbean;Not classified;2011;Sector externo;sector_externo;Comercio exterior;comercio_exterior;NE.IMP.GNFS.CD;Importaciones de bienes y servicios en dólares corrientes;0.0;Banco Mundial - World Development Indicators;2026-07-13;
Venezuela;Venezuela, RB;VE;VEN;Latin America & Caribbean;Not classified;2012;Sector externo;sector_externo;Comercio exterior;comercio_exterior;NE.IMP.GNFS.CD;Importaciones de bienes y servicios en dólares corrientes;78668126778.4577;Banco Mundial - World Development Indicators;2026-07-13;
Venezuela;Venezuela, RB;VE;VEN;Latin America & Caribbean;Not classified;2013;Sector externo;sector_externo;Comercio exterior;comercio_exterior;NE.IMP.GNFS.CD;Importaciones de bienes y servicios en dólares corrientes;83592737983.1543;Banco Mundial - World Development Indicators;2026-07-13;
Venezuela;Venezuela, RB;VE;VEN;Latin America & Caribbean;Not classified;2014;Sector externo;sector_externo;Comercio exterior;comercio_exterior;NE.IMP.GNFS.CD;Importaciones de bienes y servicios en dólares corrientes;44352366681.2494;Banco Mundial - World Development Indicators;2026-07-13;
Venezuela;Venezuela, RB;VE;VEN;Latin America & Caribbean;Not classified;2015;Sector externo;sector_externo;Comercio exterior;comercio_exterior;NE.IMP.GNFS.CD;Importaciones de bienes y servicios en dólares corrientes;24577347080.6935;Banco Mundial - World Development Indicators;2026-07-13;
Venezuela;Venezuela, RB;VE;VEN;Latin America & Caribbean;Not classified;2016;Sector externo;sector_externo;Comercio exterior;comercio_exterior;NE.IMP.GNFS.CD;Importaciones de bienes y servicios en dólares corrientes;11515036487.7869;Banco Mundial - World Development Indicators;2026-07-13;
Venezuela;Venezuela, RB;VE;VEN;Latin America & Caribbean;Not classified;2017;Sector externo;sector_externo;Comercio exterior;comercio_exterior;NE.IMP.GNFS.CD;Importaciones de bienes y servicios en dólares corrientes;10756686685.3221;Banco Mundial - World Development Indicators;2026-07-13;
Venezuela;Venezuela, RB;VE;VEN;Latin America & Caribbean;Not classified;2018;Sector externo;sector_externo;Comercio exterior;comercio_exterior;NE.IMP.GNFS.CD;Importaciones de bienes y servicios en dólares corrientes;12326332794.8304;Banco Mundial - World Development Indicators;2026-07-13;
Venezuela;Venezuela, RB;VE;VEN;Latin America & Caribbean;Not classified;2019;Sector externo;sector_externo;Comercio exterior;comercio_exterior;NE.IMP.GNFS.CD;Importaciones de bienes y servicios en dólares corrientes;7982721068.68012;Banco Mundial - World Development Indicators;2026-07-13;
Venezuela;Venezuela, RB;VE;VEN;Latin America & Caribbean;Not classified;2020;Sector externo;sector_externo;Comercio exterior;comercio_exterior;NE.IMP.GNFS.CD;Importaciones de bienes y servicios en dólares corrientes;5605400728.82019;Banco Mundial - World Development Indicators;2026-07-13;
Venezuela;Venezuela, RB;VE;VEN;Latin America & Caribbean;Not classified;2021;Sector externo;sector_externo;Comercio exterior;comercio_exterior;NE.IMP.GNFS.CD;Importaciones de bienes y servicios en dólares corrientes;7856090323.7093;Banco Mundial - World Development Indicators;2026-07-13;
Venezuela;Venezuela, RB;VE;VEN;Latin America & Caribbean;Not classified;2022;Sector externo;sector_externo;Comercio exterior;comercio_exterior;NE.IMP.GNFS.CD;Importaciones de bienes y servicios en dólares corrientes;10280104686.5588;Banco Mundial - World Development Indicators;2026-07-13;
Venezuela;Venezuela, RB;VE;VEN;Latin America & Caribbean;Not classified;2023;Sector externo;sector_externo;Comercio exterior;comercio_exterior;NE.IMP.GNFS.CD;Importaciones de bienes y servicios en dólares corrientes;10266483008.9548;Banco Mundial - World Development Indicators;2026-07-13;
Venezuela;Venezuela, RB;VE;VEN;Latin America & Caribbean;Not classified;2024;Sector externo;sector_externo;Comercio exterior;comercio_exterior;NE.IMP.GNFS.CD;Importaciones de bienes y servicios en dólares corrientes;11456619838.8081;Banco Mundial - World Development Indicators;2026-07-13;
Venezuela;Venezuela, RB;VE;VEN;Latin America & Caribbean;Not classified;2025;Sector externo;sector_externo;Comercio exterior;comercio_exterior;NE.IMP.GNFS.CD;Importaciones de bienes y servicios en dólares corrientes;10074121350.14;Banco Mundial - World Development Indicators;2026-07-13;
Venezuela;Venezuela, RB;VE;VEN;Latin America & Caribbean;Not classified;1960;Sector externo;sector_externo;Comercio exterior;comercio_exterior;NE.IMP.GNFS.ZS;Importaciones de bienes y servicios como porcentaje del PIB;;Banco Mundial - World Development Indicators;2026-07-13;HTTP Error 503: Service Temporarily Unavailable
Venezuela;Venezuela, RB;VE;VEN;Latin America & Caribbean;Not classified;1961;Sector externo;sector_externo;Comercio exterior;comercio_exterior;NE.IMP.GNFS.ZS;Importaciones de bienes y servicios como porcentaje del PIB;;Banco Mundial - World Development Indicators;2026-07-13;HTTP Error 503: Service Temporarily Unavailable
Venezuela;Venezuela, RB;VE;VEN;Latin America & Caribbean;Not classified;1962;Sector externo;sector_externo;Comercio exterior;comercio_exterior;NE.IMP.GNFS.ZS;Importaciones de bienes y servicios como porcentaje del PIB;;Banco Mundial - World Development Indicators;2026-07-13;HTTP Error 503: Service Temporarily Unavailable
Venezuela;Venezuela, RB;VE;VEN;Latin America & Caribbean;Not classified;1963;Sector externo;sector_externo;Comercio exterior;comercio_exterior;NE.IMP.GNFS.ZS;Importaciones de bienes y servicios como porcentaje del PIB;;Banco Mundial - World Development Indicators;2026-07-13;HTTP Error 503: Service Temporarily Unavailable
Venezuela;Venezuela, RB;VE;VEN;Latin America & Caribbean;Not classified;1964;Sector externo;sector_externo;Comercio exterior;comercio_exterior;NE.IMP.GNFS.ZS;Importaciones de bienes y servicios como porcentaje del PIB;;Banco Mundial - World Development Indicators;2026-07-13;HTTP Error 503: Service Temporarily Unavailable
Venezuela;Venezuela, RB;VE;VEN;Latin America & Caribbean;Not classified;1965;Sector externo;sector_externo;Comercio exterior;comercio_exterior;NE.IMP.GNFS.ZS;Importaciones de bienes y servicios como porcentaje del PIB;;Banco Mundial - World Development Indicators;2026-07-13;HTTP Error 503: Service Temporarily Unavailable
Venezuela;Venezuela, RB;VE;VEN;Latin America & Caribbean;Not classified;1966;Sector externo;sector_externo;Comercio exterior;comercio_exterior;NE.IMP.GNFS.ZS;Importaciones de bienes y servicios como porcentaje del PIB;;Banco Mundial - World Development Indicators;2026-07-13;HTTP Error 503: Service Temporarily Unavailable
Venezuela;Venezuela, RB;VE;VEN;Latin America & Caribbean;Not classified;1967;Sector externo;sector_externo;Comercio exterior;comercio_exterior;NE.IMP.GNFS.ZS;Importaciones de bienes y servicios como porcentaje del PIB;;Banco Mundial - World Development Indicators;2026-07-13;HTTP Error 503: Service Temporarily Unavailable
Venezuela;Venezuela, RB;VE;VEN;Latin America & Caribbean;Not classified;1968;Sector externo;sector_externo;Comercio exterior;comercio_exterior;NE.IMP.GNFS.ZS;Importaciones de bienes y servicios como porcentaje del PIB;;Banco Mundial - World Development Indicators;2026-07-13;HTTP Error 503: Service Temporarily Unavailable
Venezuela;Venezuela, RB;VE;VEN;Latin America & Caribbean;Not classified;1969;Sector externo;sector_externo;Comercio exterior;comercio_exterior;NE.IMP.GNFS.ZS;Importaciones de bienes y servicios como porcentaje del PIB;;Banco Mundial - World Development Indicators;2026-07-13;HTTP Error 503: Service Temporarily Unavailable
Venezuela;Venezuela, RB;VE;VEN;Latin America & Caribbean;Not classified;1970;Sector externo;sector_externo;Comercio exterior;comercio_exterior;NE.IMP.GNFS.ZS;Importaciones de bienes y servicios como porcentaje del PIB;;Banco Mundial - World Development Indicators;2026-07-13;HTTP Error 503: Service Temporarily Unavailable
Venezuela;Venezuela, RB;VE;VEN;Latin America & Caribbean;Not classified;1971;Sector externo;sector_externo;Comercio exterior;comercio_exterior;NE.IMP.GNFS.ZS;Importaciones de bienes y servicios como porcentaje del PIB;;Banco Mundial - World Development Indicators;2026-07-13;HTTP Error 503: Service Temporarily Unavailable
Venezuela;Venezuela, RB;VE;VEN;Latin America & Caribbean;Not classified;1972;Sector externo;sector_externo;Comercio exterior;comercio_exterior;NE.IMP.GNFS.ZS;Importaciones de bienes y servicios como porcentaje del PIB;;Banco Mundial - World Development Indicators;2026-07-13;HTTP Error 503: Service Temporarily Unavailable
Venezuela;Venezuela, RB;VE;VEN;Latin America & Caribbean;Not classified;1973;Sector externo;sector_externo;Comercio exterior;comercio_exterior;NE.IMP.GNFS.ZS;Importaciones de bienes y servicios como porcentaje del PIB;;Banco Mundial - World Development Indicators;2026-07-13;HTTP Error 503: Service Temporarily Unavailable
Venezuela;Venezuela, RB;VE;VEN;Latin America & Caribbean;Not classified;1974;Sector externo;sector_externo;Comercio exterior;comercio_exterior;NE.IMP.GNFS.ZS;Importaciones de bienes y servicios como porcentaje del PIB;;Banco Mundial - World Development Indicators;2026-07-13;HTTP Error 503: Service Temporarily Unavailable
Venezuela;Venezuela, RB;VE;VEN;Latin America & Caribbean;Not classified;1975;Sector externo;sector_externo;Comercio exterior;comercio_exterior;NE.IMP.GNFS.ZS;Importaciones de bienes y servicios como porcentaje del PIB;;Banco Mundial - World Development Indicators;2026-07-13;HTTP Error 503: Service Temporarily Unavailable
Venezuela;Venezuela, RB;VE;VEN;Latin America & Caribbean;Not classified;1976;Sector externo;sector_externo;Comercio exterior;comercio_exterior;NE.IMP.GNFS.ZS;Importaciones de bienes y servicios como porcentaje del PIB;;Banco Mundial - World Development Indicators;2026-07-13;HTTP Error 503: Service Temporarily Unavailable
Venezuela;Venezuela, RB;VE;VEN;Latin America & Caribbean;Not classified;1977;Sector externo;sector_externo;Comercio exterior;comercio_exterior;NE.IMP.GNFS.ZS;Importaciones de bienes y servicios como porcentaje del PIB;;Banco Mundial - World Development Indicators;2026-07-13;HTTP Error 503: Service Temporarily Unavailable
Venezuela;Venezuela, RB;VE;VEN;Latin America & Caribbean;Not classified;1978;Sector externo;sector_externo;Comercio exterior;comercio_exterior;NE.IMP.GNFS.ZS;Importaciones de bienes y servicios como porcentaje del PIB;;Banco Mundial - World Development Indicators;2026-07-13;HTTP Error 503: Service Temporarily Unavailable
Venezuela;Venezuela, RB;VE;VEN;Latin America & Caribbean;Not classified;1979;Sector externo;sector_externo;Comercio exterior;comercio_exterior;NE.IMP.GNFS.ZS;Importaciones de bienes y servicios como porcentaje del PIB;;Banco Mundial - World Development Indicators;2026-07-13;HTTP Error 503: Service Temporarily Unavailable
Venezuela;Venezuela, RB;VE;VEN;Latin America & Caribbean;Not classified;1980;Sector externo;sector_externo;Comercio exterior;comercio_exterior;NE.IMP.GNFS.ZS;Importaciones de bienes y servicios como porcentaje del PIB;;Banco Mundial - World Development Indicators;2026-07-13;HTTP Error 503: Service Temporarily Unavailable
Venezuela;Venezuela, RB;VE;VEN;Latin America & Caribbean;Not classified;1981;Sector externo;sector_externo;Comercio exterior;comercio_exterior;NE.IMP.GNFS.ZS;Importaciones de bienes y servicios como porcentaje del PIB;;Banco Mundial - World Development Indicators;2026-07-13;HTTP Error 503: Service Temporarily Unavailable
Venezuela;Venezuela, RB;VE;VEN;Latin America & Caribbean;Not classified;1982;Sector externo;sector_externo;Comercio exterior;comercio_exterior;NE.IMP.GNFS.ZS;Importaciones de bienes y servicios como porcentaje del PIB;;Banco Mundial - World Development Indicators;2026-07-13;HTTP Error 503: Service Temporarily Unavailable
Venezuela;Venezuela, RB;VE;VEN;Latin America & Caribbean;Not classified;1983;Sector externo;sector_externo;Comercio exterior;comercio_exterior;NE.IMP.GNFS.ZS;Importaciones de bienes y servicios como porcentaje del PIB;;Banco Mundial - World Development Indicators;2026-07-13;HTTP Error 503: Service Temporarily Unavailable
Venezuela;Venezuela, RB;VE;VEN;Latin America & Caribbean;Not classified;1984;Sector externo;sector_externo;Comercio exterior;comercio_exterior;NE.IMP.GNFS.ZS;Importaciones de bienes y servicios como porcentaje del PIB;;Banco Mundial - World Development Indicators;2026-07-13;HTTP Error 503: Service Temporarily Unavailable
Venezuela;Venezuela, RB;VE;VEN;Latin America & Caribbean;Not classified;1985;Sector externo;sector_externo;Comercio exterior;comercio_exterior;NE.IMP.GNFS.ZS;Importaciones de bienes y servicios como porcentaje del PIB;;Banco Mundial - World Development Indicators;2026-07-13;HTTP Error 503: Service Temporarily Unavailable
Venezuela;Venezuela, RB;VE;VEN;Latin America & Caribbean;Not classified;1986;Sector externo;sector_externo;Comercio exterior;comercio_exterior;NE.IMP.GNFS.ZS;Importaciones de bienes y servicios como porcentaje del PIB;;Banco Mundial - World Development Indicators;2026-07-13;HTTP Error 503: Service Temporarily Unavailable
Venezuela;Venezuela, RB;VE;VEN;Latin America & Caribbean;Not classified;1987;Sector externo;sector_externo;Comercio exterior;comercio_exterior;NE.IMP.GNFS.ZS;Importaciones de bienes y servicios como porcentaje del PIB;;Banco Mundial - World Development Indicators;2026-07-13;HTTP Error 503: Service Temporarily Unavailable
Venezuela;Venezuela, RB;VE;VEN;Latin America & Caribbean;Not classified;1988;Sector externo;sector_externo;Comercio exterior;comercio_exterior;NE.IMP.GNFS.ZS;Importaciones de bienes y servicios como porcentaje del PIB;;Banco Mundial - World Development Indicators;2026-07-13;HTTP Error 503: Service Temporarily Unavailable
Venezuela;Venezuela, RB;VE;VEN;Latin America & Caribbean;Not classified;1989;Sector externo;sector_externo;Comercio exterior;comercio_exterior;NE.IMP.GNFS.ZS;Importaciones de bienes y servicios como porcentaje del PIB;;Banco Mundial - World Development Indicators;2026-07-13;HTTP Error 503: Service Temporarily Unavailable
Venezuela;Venezuela, RB;VE;VEN;Latin America & Caribbean;Not classified;1990;Sector externo;sector_externo;Comercio exterior;comercio_exterior;NE.IMP.GNFS.ZS;Importaciones de bienes y servicios como porcentaje del PIB;;Banco Mundial - World Development Indicators;2026-07-13;HTTP Error 503: Service Temporarily Unavailable
Venezuela;Venezuela, RB;VE;VEN;Latin America & Caribbean;Not classified;1991;Sector externo;sector_externo;Comercio exterior;comercio_exterior;NE.IMP.GNFS.ZS;Importaciones de bienes y servicios como porcentaje del PIB;;Banco Mundial - World Development Indicators;2026-07-13;HTTP Error 503: Service Temporarily Unavailable
Venezuela;Venezuela, RB;VE;VEN;Latin America & Caribbean;Not classified;1992;Sector externo;sector_externo;Comercio exterior;comercio_exterior;NE.IMP.GNFS.ZS;Importaciones de bienes y servicios como porcentaje del PIB;;Banco Mundial - World Development Indicators;2026-07-13;HTTP Error 503: Service Temporarily Unavailable
Venezuela;Venezuela, RB;VE;VEN;Latin America & Caribbean;Not classified;1993;Sector externo;sector_externo;Comercio exterior;comercio_exterior;NE.IMP.GNFS.ZS;Importaciones de bienes y servicios como porcentaje del PIB;;Banco Mundial - World Development Indicators;2026-07-13;HTTP Error 503: Service Temporarily Unavailable
Venezuela;Venezuela, RB;VE;VEN;Latin America & Caribbean;Not classified;1994;Sector externo;sector_externo;Comercio exterior;comercio_exterior;NE.IMP.GNFS.ZS;Importaciones de bienes y servicios como porcentaje del PIB;;Banco Mundial - World Development Indicators;2026-07-13;HTTP Error 503: Service Temporarily Unavailable
Venezuela;Venezuela, RB;VE;VEN;Latin America & Caribbean;Not classified;1995;Sector externo;sector_externo;Comercio exterior;comercio_exterior;NE.IMP.GNFS.ZS;Importaciones de bienes y servicios como porcentaje del PIB;;Banco Mundial - World Development Indicators;2026-07-13;HTTP Error 503: Service Temporarily Unavailable
Venezuela;Venezuela, RB;VE;VEN;Latin America & Caribbean;Not classified;1996;Sector externo;sector_externo;Comercio exterior;comercio_exterior;NE.IMP.GNFS.ZS;Importaciones de bienes y servicios como porcentaje del PIB;;Banco Mundial - World Development Indicators;2026-07-13;HTTP Error 503: Service Temporarily Unavailable
Venezuela;Venezuela, RB;VE;VEN;Latin America & Caribbean;Not classified;1997;Sector externo;sector_externo;Comercio exterior;comercio_exterior;NE.IMP.GNFS.ZS;Importaciones de bienes y servicios como porcentaje del PIB;;Banco Mundial - World Development Indicators;2026-07-13;HTTP Error 503: Service Temporarily Unavailable
Venezuela;Venezuela, RB;VE;VEN;Latin America & Caribbean;Not classified;1998;Sector externo;sector_externo;Comercio exterior;comercio_exterior;NE.IMP.GNFS.ZS;Importaciones de bienes y servicios como porcentaje del PIB;;Banco Mundial - World Development Indicators;2026-07-13;HTTP Error 503: Service Temporarily Unavailable
Venezuela;Venezuela, RB;VE;VEN;Latin America & Caribbean;Not classified;1999;Sector externo;sector_externo;Comercio exterior;comercio_exterior;NE.IMP.GNFS.ZS;Importaciones de bienes y servicios como porcentaje del PIB;;Banco Mundial - World Development Indicators;2026-07-13;HTTP Error 503: Service Temporarily Unavailable
Venezuela;Venezuela, RB;VE;VEN;Latin America & Caribbean;Not classified;2000;Sector externo;sector_externo;Comercio exterior;comercio_exterior;NE.IMP.GNFS.ZS;Importaciones de bienes y servicios como porcentaje del PIB;;Banco Mundial - World Development Indicators;2026-07-13;HTTP Error 503: Service Temporarily Unavailable
Venezuela;Venezuela, RB;VE;VEN;Latin America & Caribbean;Not classified;2001;Sector externo;sector_externo;Comercio exterior;comercio_exterior;NE.IMP.GNFS.ZS;Importaciones de bienes y servicios como porcentaje del PIB;;Banco Mundial - World Development Indicators;2026-07-13;HTTP Error 503: Service Temporarily Unavailable
Venezuela;Venezuela, RB;VE;VEN;Latin America & Caribbean;Not classified;2002;Sector externo;sector_externo;Comercio exterior;comercio_exterior;NE.IMP.GNFS.ZS;Importaciones de bienes y servicios como porcentaje del PIB;;Banco Mundial - World Development Indicators;2026-07-13;HTTP Error 503: Service Temporarily Unavailable
Venezuela;Venezuela, RB;VE;VEN;Latin America & Caribbean;Not classified;2003;Sector externo;sector_externo;Comercio exterior;comercio_exterior;NE.IMP.GNFS.ZS;Importaciones de bienes y servicios como porcentaje del PIB;;Banco Mundial - World Development Indicators;2026-07-13;HTTP Error 503: Service Temporarily Unavailable
Venezuela;Venezuela, RB;VE;VEN;Latin America & Caribbean;Not classified;2004;Sector externo;sector_externo;Comercio exterior;comercio_exterior;NE.IMP.GNFS.ZS;Importaciones de bienes y servicios como porcentaje del PIB;;Banco Mundial - World Development Indicators;2026-07-13;HTTP Error 503: Service Temporarily Unavailable
Venezuela;Venezuela, RB;VE;VEN;Latin America & Caribbean;Not classified;2005;Sector externo;sector_externo;Comercio exterior;comercio_exterior;NE.IMP.GNFS.ZS;Importaciones de bienes y servicios como porcentaje del PIB;;Banco Mundial - World Development Indicators;2026-07-13;HTTP Error 503: Service Temporarily Unavailable
Venezuela;Venezuela, RB;VE;VEN;Latin America & Caribbean;Not classified;2006;Sector externo;sector_externo;Comercio exterior;comercio_exterior;NE.IMP.GNFS.ZS;Importaciones de bienes y servicios como porcentaje del PIB;;Banco Mundial - World Development Indicators;2026-07-13;HTTP Error 503: Service Temporarily Unavailable
Venezuela;Venezuela, RB;VE;VEN;Latin America & Caribbean;Not classified;2007;Sector externo;sector_externo;Comercio exterior;comercio_exterior;NE.IMP.GNFS.ZS;Importaciones de bienes y servicios como porcentaje del PIB;;Banco Mundial - World Development Indicators;2026-07-13;HTTP Error 503: Service Temporarily Unavailable
Venezuela;Venezuela, RB;VE;VEN;Latin America & Caribbean;Not classified;2008;Sector externo;sector_externo;Comercio exterior;comercio_exterior;NE.IMP.GNFS.ZS;Importaciones de bienes y servicios como porcentaje del PIB;;Banco Mundial - World Development Indicators;2026-07-13;HTTP Error 503: Service Temporarily Unavailable
Venezuela;Venezuela, RB;VE;VEN;Latin America & Caribbean;Not classified;2009;Sector externo;sector_externo;Comercio exterior;comercio_exterior;NE.IMP.GNFS.ZS;Importaciones de bienes y servicios como porcentaje del PIB;;Banco Mundial - World Development Indicators;2026-07-13;HTTP Error 503: Service Temporarily Unavailable
Venezuela;Venezuela, RB;VE;VEN;Latin America & Caribbean;Not classified;2010;Sector externo;sector_externo;Comercio exterior;comercio_exterior;NE.IMP.GNFS.ZS;Importaciones de bienes y servicios como porcentaje del PIB;;Banco Mundial - World Development Indicators;2026-07-13;HTTP Error 503: Service Temporarily Unavailable
Venezuela;Venezuela, RB;VE;VEN;Latin America & Caribbean;Not classified;2011;Sector externo;sector_externo;Comercio exterior;comercio_exterior;NE.IMP.GNFS.ZS;Importaciones de bienes y servicios como porcentaje del PIB;;Banco Mundial - World Development Indicators;2026-07-13;HTTP Error 503: Service Temporarily Unavailable
Venezuela;Venezuela, RB;VE;VEN;Latin America & Caribbean;Not classified;2012;Sector externo;sector_externo;Comercio exterior;comercio_exterior;NE.IMP.GNFS.ZS;Importaciones de bienes y servicios como porcentaje del PIB;;Banco Mundial - World Development Indicators;2026-07-13;HTTP Error 503: Service Temporarily Unavailable
Venezuela;Venezuela, RB;VE;VEN;Latin America & Caribbean;Not classified;2013;Sector externo;sector_externo;Comercio exterior;comercio_exterior;NE.IMP.GNFS.ZS;Importaciones de bienes y servicios como porcentaje del PIB;;Banco Mundial - World Development Indicators;2026-07-13;HTTP Error 503: Service Temporarily Unavailable
Venezuela;Venezuela, RB;VE;VEN;Latin America & Caribbean;Not classified;2014;Sector externo;sector_externo;Comercio exterior;comercio_exterior;NE.IMP.GNFS.ZS;Importaciones de bienes y servicios como porcentaje del PIB;;Banco Mundial - World Development Indicators;2026-07-13;HTTP Error 503: Service Temporarily Unavailable
Venezuela;Venezuela, RB;VE;VEN;Latin America & Caribbean;Not classified;2015;Sector externo;sector_externo;Comercio exterior;comercio_exterior;NE.IMP.GNFS.ZS;Importaciones de bienes y servicios como porcentaje del PIB;;Banco Mundial - World Development Indicators;2026-07-13;HTTP Error 503: Service Temporarily Unavailable
Venezuela;Venezuela, RB;VE;VEN;Latin America & Caribbean;Not classified;2016;Sector externo;sector_externo;Comercio exterior;comercio_exterior;NE.IMP.GNFS.ZS;Importaciones de bienes y servicios como porcentaje del PIB;;Banco Mundial - World Development Indicators;2026-07-13;HTTP Error 503: Service Temporarily Unavailable
Venezuela;Venezuela, RB;VE;VEN;Latin America & Caribbean;Not classified;2017;Sector externo;sector_externo;Comercio exterior;comercio_exterior;NE.IMP.GNFS.ZS;Importaciones de bienes y servicios como porcentaje del PIB;;Banco Mundial - World Development Indicators;2026-07-13;HTTP Error 503: Service Temporarily Unavailable
Venezuela;Venezuela, RB;VE;VEN;Latin America & Caribbean;Not classified;2018;Sector externo;sector_externo;Comercio exterior;comercio_exterior;NE.IMP.GNFS.ZS;Importaciones de bienes y servicios como porcentaje del PIB;;Banco Mundial - World Development Indicators;2026-07-13;HTTP Error 503: Service Temporarily Unavailable
Venezuela;Venezuela, RB;VE;VEN;Latin America & Caribbean;Not classified;2019;Sector externo;sector_externo;Comercio exterior;comercio_exterior;NE.IMP.GNFS.ZS;Importaciones de bienes y servicios como porcentaje del PIB;;Banco Mundial - World Development Indicators;2026-07-13;HTTP Error 503: Service Temporarily Unavailable
Venezuela;Venezuela, RB;VE;VEN;Latin America & Caribbean;Not classified;2020;Sector externo;sector_externo;Comercio exterior;comercio_exterior;NE.IMP.GNFS.ZS;Importaciones de bienes y servicios como porcentaje del PIB;;Banco Mundial - World Development Indicators;2026-07-13;HTTP Error 503: Service Temporarily Unavailable
Venezuela;Venezuela, RB;VE;VEN;Latin America & Caribbean;Not classified;2021;Sector externo;sector_externo;Comercio exterior;comercio_exterior;NE.IMP.GNFS.ZS;Importaciones de bienes y servicios como porcentaje del PIB;;Banco Mundial - World Development Indicators;2026-07-13;HTTP Error 503: Service Temporarily Unavailable
Venezuela;Venezuela, RB;VE;VEN;Latin America & Caribbean;Not classified;2022;Sector externo;sector_externo;Comercio exterior;comercio_exterior;NE.IMP.GNFS.ZS;Importaciones de bienes y servicios como porcentaje del PIB;;Banco Mundial - World Development Indicators;2026-07-13;HTTP Error 503: Service Temporarily Unavailable
Venezuela;Venezuela, RB;VE;VEN;Latin America & Caribbean;Not classified;2023;Sector externo;sector_externo;Comercio exterior;comercio_exterior;NE.IMP.GNFS.ZS;Importaciones de bienes y servicios como porcentaje del PIB;;Banco Mundial - World Development Indicators;2026-07-13;HTTP Error 503: Service Temporarily Unavailable
Venezuela;Venezuela, RB;VE;VEN;Latin America & Caribbean;Not classified;2024;Sector externo;sector_externo;Comercio exterior;comercio_exterior;NE.IMP.GNFS.ZS;Importaciones de bienes y servicios como porcentaje del PIB;;Banco Mundial - World Development Indicators;2026-07-13;HTTP Error 503: Service Temporarily Unavailable
Venezuela;Venezuela, RB;VE;VEN;Latin America & Caribbean;Not classified;2025;Sector externo;sector_externo;Comercio exterior;comercio_exterior;NE.IMP.GNFS.ZS;Importaciones de bienes y servicios como porcentaje del PIB;;Banco Mundial - World Development Indicators;2026-07-13;HTTP Error 503: Service Temporarily Unavailable
Venezuela;Venezuela, RB;VE;VEN;Latin America & Caribbean;Not classified;2026;Sector externo;sector_externo;Comercio exterior;comercio_exterior;NE.IMP.GNFS.ZS;Importaciones de bienes y servicios como porcentaje del PIB;;Banco Mundial - World Development Indicators;2026-07-13;HTTP Error 503: Service Temporarily Unavailable
