País OVE;País Banco Mundial;Código ISO 2;Código ISO 3;Región;Nivel de ingreso;Año;Área temática;ID área;Subárea;ID subárea;Código indicador;Indicador;Valor;Fuente;Fecha descarga;Error descarga
Venezuela;Venezuela, RB;VE;VEN;Latin America & Caribbean;Not classified;1960;Mercado laboral;mercado_laboral;Empleo sectorial;empleo_sectorial;SL.AGR.EMPL.ZS;Empleo en agricultura como porcentaje del empleo total;;Banco Mundial - World Development Indicators;2026-07-27;
Venezuela;Venezuela, RB;VE;VEN;Latin America & Caribbean;Not classified;1961;Mercado laboral;mercado_laboral;Empleo sectorial;empleo_sectorial;SL.AGR.EMPL.ZS;Empleo en agricultura como porcentaje del empleo total;;Banco Mundial - World Development Indicators;2026-07-27;
Venezuela;Venezuela, RB;VE;VEN;Latin America & Caribbean;Not classified;1962;Mercado laboral;mercado_laboral;Empleo sectorial;empleo_sectorial;SL.AGR.EMPL.ZS;Empleo en agricultura como porcentaje del empleo total;;Banco Mundial - World Development Indicators;2026-07-27;
Venezuela;Venezuela, RB;VE;VEN;Latin America & Caribbean;Not classified;1963;Mercado laboral;mercado_laboral;Empleo sectorial;empleo_sectorial;SL.AGR.EMPL.ZS;Empleo en agricultura como porcentaje del empleo total;;Banco Mundial - World Development Indicators;2026-07-27;
Venezuela;Venezuela, RB;VE;VEN;Latin America & Caribbean;Not classified;1964;Mercado laboral;mercado_laboral;Empleo sectorial;empleo_sectorial;SL.AGR.EMPL.ZS;Empleo en agricultura como porcentaje del empleo total;;Banco Mundial - World Development Indicators;2026-07-27;
Venezuela;Venezuela, RB;VE;VEN;Latin America & Caribbean;Not classified;1965;Mercado laboral;mercado_laboral;Empleo sectorial;empleo_sectorial;SL.AGR.EMPL.ZS;Empleo en agricultura como porcentaje del empleo total;;Banco Mundial - World Development Indicators;2026-07-27;
Venezuela;Venezuela, RB;VE;VEN;Latin America & Caribbean;Not classified;1966;Mercado laboral;mercado_laboral;Empleo sectorial;empleo_sectorial;SL.AGR.EMPL.ZS;Empleo en agricultura como porcentaje del empleo total;;Banco Mundial - World Development Indicators;2026-07-27;
Venezuela;Venezuela, RB;VE;VEN;Latin America & Caribbean;Not classified;1967;Mercado laboral;mercado_laboral;Empleo sectorial;empleo_sectorial;SL.AGR.EMPL.ZS;Empleo en agricultura como porcentaje del empleo total;;Banco Mundial - World Development Indicators;2026-07-27;
Venezuela;Venezuela, RB;VE;VEN;Latin America & Caribbean;Not classified;1968;Mercado laboral;mercado_laboral;Empleo sectorial;empleo_sectorial;SL.AGR.EMPL.ZS;Empleo en agricultura como porcentaje del empleo total;;Banco Mundial - World Development Indicators;2026-07-27;
Venezuela;Venezuela, RB;VE;VEN;Latin America & Caribbean;Not classified;1969;Mercado laboral;mercado_laboral;Empleo sectorial;empleo_sectorial;SL.AGR.EMPL.ZS;Empleo en agricultura como porcentaje del empleo total;;Banco Mundial - World Development Indicators;2026-07-27;
Venezuela;Venezuela, RB;VE;VEN;Latin America & Caribbean;Not classified;1970;Mercado laboral;mercado_laboral;Empleo sectorial;empleo_sectorial;SL.AGR.EMPL.ZS;Empleo en agricultura como porcentaje del empleo total;;Banco Mundial - World Development Indicators;2026-07-27;
Venezuela;Venezuela, RB;VE;VEN;Latin America & Caribbean;Not classified;1971;Mercado laboral;mercado_laboral;Empleo sectorial;empleo_sectorial;SL.AGR.EMPL.ZS;Empleo en agricultura como porcentaje del empleo total;;Banco Mundial - World Development Indicators;2026-07-27;
Venezuela;Venezuela, RB;VE;VEN;Latin America & Caribbean;Not classified;1972;Mercado laboral;mercado_laboral;Empleo sectorial;empleo_sectorial;SL.AGR.EMPL.ZS;Empleo en agricultura como porcentaje del empleo total;;Banco Mundial - World Development Indicators;2026-07-27;
Venezuela;Venezuela, RB;VE;VEN;Latin America & Caribbean;Not classified;1973;Mercado laboral;mercado_laboral;Empleo sectorial;empleo_sectorial;SL.AGR.EMPL.ZS;Empleo en agricultura como porcentaje del empleo total;;Banco Mundial - World Development Indicators;2026-07-27;
Venezuela;Venezuela, RB;VE;VEN;Latin America & Caribbean;Not classified;1974;Mercado laboral;mercado_laboral;Empleo sectorial;empleo_sectorial;SL.AGR.EMPL.ZS;Empleo en agricultura como porcentaje del empleo total;;Banco Mundial - World Development Indicators;2026-07-27;
Venezuela;Venezuela, RB;VE;VEN;Latin America & Caribbean;Not classified;1975;Mercado laboral;mercado_laboral;Empleo sectorial;empleo_sectorial;SL.AGR.EMPL.ZS;Empleo en agricultura como porcentaje del empleo total;;Banco Mundial - World Development Indicators;2026-07-27;
Venezuela;Venezuela, RB;VE;VEN;Latin America & Caribbean;Not classified;1976;Mercado laboral;mercado_laboral;Empleo sectorial;empleo_sectorial;SL.AGR.EMPL.ZS;Empleo en agricultura como porcentaje del empleo total;;Banco Mundial - World Development Indicators;2026-07-27;
Venezuela;Venezuela, RB;VE;VEN;Latin America & Caribbean;Not classified;1977;Mercado laboral;mercado_laboral;Empleo sectorial;empleo_sectorial;SL.AGR.EMPL.ZS;Empleo en agricultura como porcentaje del empleo total;;Banco Mundial - World Development Indicators;2026-07-27;
Venezuela;Venezuela, RB;VE;VEN;Latin America & Caribbean;Not classified;1978;Mercado laboral;mercado_laboral;Empleo sectorial;empleo_sectorial;SL.AGR.EMPL.ZS;Empleo en agricultura como porcentaje del empleo total;;Banco Mundial - World Development Indicators;2026-07-27;
Venezuela;Venezuela, RB;VE;VEN;Latin America & Caribbean;Not classified;1979;Mercado laboral;mercado_laboral;Empleo sectorial;empleo_sectorial;SL.AGR.EMPL.ZS;Empleo en agricultura como porcentaje del empleo total;;Banco Mundial - World Development Indicators;2026-07-27;
Venezuela;Venezuela, RB;VE;VEN;Latin America & Caribbean;Not classified;1980;Mercado laboral;mercado_laboral;Empleo sectorial;empleo_sectorial;SL.AGR.EMPL.ZS;Empleo en agricultura como porcentaje del empleo total;;Banco Mundial - World Development Indicators;2026-07-27;
Venezuela;Venezuela, RB;VE;VEN;Latin America & Caribbean;Not classified;1981;Mercado laboral;mercado_laboral;Empleo sectorial;empleo_sectorial;SL.AGR.EMPL.ZS;Empleo en agricultura como porcentaje del empleo total;;Banco Mundial - World Development Indicators;2026-07-27;
Venezuela;Venezuela, RB;VE;VEN;Latin America & Caribbean;Not classified;1982;Mercado laboral;mercado_laboral;Empleo sectorial;empleo_sectorial;SL.AGR.EMPL.ZS;Empleo en agricultura como porcentaje del empleo total;;Banco Mundial - World Development Indicators;2026-07-27;
Venezuela;Venezuela, RB;VE;VEN;Latin America & Caribbean;Not classified;1983;Mercado laboral;mercado_laboral;Empleo sectorial;empleo_sectorial;SL.AGR.EMPL.ZS;Empleo en agricultura como porcentaje del empleo total;;Banco Mundial - World Development Indicators;2026-07-27;
Venezuela;Venezuela, RB;VE;VEN;Latin America & Caribbean;Not classified;1984;Mercado laboral;mercado_laboral;Empleo sectorial;empleo_sectorial;SL.AGR.EMPL.ZS;Empleo en agricultura como porcentaje del empleo total;;Banco Mundial - World Development Indicators;2026-07-27;
Venezuela;Venezuela, RB;VE;VEN;Latin America & Caribbean;Not classified;1985;Mercado laboral;mercado_laboral;Empleo sectorial;empleo_sectorial;SL.AGR.EMPL.ZS;Empleo en agricultura como porcentaje del empleo total;;Banco Mundial - World Development Indicators;2026-07-27;
Venezuela;Venezuela, RB;VE;VEN;Latin America & Caribbean;Not classified;1986;Mercado laboral;mercado_laboral;Empleo sectorial;empleo_sectorial;SL.AGR.EMPL.ZS;Empleo en agricultura como porcentaje del empleo total;;Banco Mundial - World Development Indicators;2026-07-27;
Venezuela;Venezuela, RB;VE;VEN;Latin America & Caribbean;Not classified;1987;Mercado laboral;mercado_laboral;Empleo sectorial;empleo_sectorial;SL.AGR.EMPL.ZS;Empleo en agricultura como porcentaje del empleo total;;Banco Mundial - World Development Indicators;2026-07-27;
Venezuela;Venezuela, RB;VE;VEN;Latin America & Caribbean;Not classified;1988;Mercado laboral;mercado_laboral;Empleo sectorial;empleo_sectorial;SL.AGR.EMPL.ZS;Empleo en agricultura como porcentaje del empleo total;;Banco Mundial - World Development Indicators;2026-07-27;
Venezuela;Venezuela, RB;VE;VEN;Latin America & Caribbean;Not classified;1989;Mercado laboral;mercado_laboral;Empleo sectorial;empleo_sectorial;SL.AGR.EMPL.ZS;Empleo en agricultura como porcentaje del empleo total;;Banco Mundial - World Development Indicators;2026-07-27;
Venezuela;Venezuela, RB;VE;VEN;Latin America & Caribbean;Not classified;1990;Mercado laboral;mercado_laboral;Empleo sectorial;empleo_sectorial;SL.AGR.EMPL.ZS;Empleo en agricultura como porcentaje del empleo total;;Banco Mundial - World Development Indicators;2026-07-27;
Venezuela;Venezuela, RB;VE;VEN;Latin America & Caribbean;Not classified;1991;Mercado laboral;mercado_laboral;Empleo sectorial;empleo_sectorial;SL.AGR.EMPL.ZS;Empleo en agricultura como porcentaje del empleo total;12.9397883043262;Banco Mundial - World Development Indicators;2026-07-27;
Venezuela;Venezuela, RB;VE;VEN;Latin America & Caribbean;Not classified;1992;Mercado laboral;mercado_laboral;Empleo sectorial;empleo_sectorial;SL.AGR.EMPL.ZS;Empleo en agricultura como porcentaje del empleo total;12.1130825063316;Banco Mundial - World Development Indicators;2026-07-27;
Venezuela;Venezuela, RB;VE;VEN;Latin America & Caribbean;Not classified;1993;Mercado laboral;mercado_laboral;Empleo sectorial;empleo_sectorial;SL.AGR.EMPL.ZS;Empleo en agricultura como porcentaje del empleo total;11.6034920164865;Banco Mundial - World Development Indicators;2026-07-27;
Venezuela;Venezuela, RB;VE;VEN;Latin America & Caribbean;Not classified;1994;Mercado laboral;mercado_laboral;Empleo sectorial;empleo_sectorial;SL.AGR.EMPL.ZS;Empleo en agricultura como porcentaje del empleo total;14.2846874680057;Banco Mundial - World Development Indicators;2026-07-27;
Venezuela;Venezuela, RB;VE;VEN;Latin America & Caribbean;Not classified;1995;Mercado laboral;mercado_laboral;Empleo sectorial;empleo_sectorial;SL.AGR.EMPL.ZS;Empleo en agricultura como porcentaje del empleo total;13.8975744531453;Banco Mundial - World Development Indicators;2026-07-27;
Venezuela;Venezuela, RB;VE;VEN;Latin America & Caribbean;Not classified;1996;Mercado laboral;mercado_laboral;Empleo sectorial;empleo_sectorial;SL.AGR.EMPL.ZS;Empleo en agricultura como porcentaje del empleo total;13.9142872164206;Banco Mundial - World Development Indicators;2026-07-27;
Venezuela;Venezuela, RB;VE;VEN;Latin America & Caribbean;Not classified;1997;Mercado laboral;mercado_laboral;Empleo sectorial;empleo_sectorial;SL.AGR.EMPL.ZS;Empleo en agricultura como porcentaje del empleo total;11.1393296925068;Banco Mundial - World Development Indicators;2026-07-27;
Venezuela;Venezuela, RB;VE;VEN;Latin America & Caribbean;Not classified;1998;Mercado laboral;mercado_laboral;Empleo sectorial;empleo_sectorial;SL.AGR.EMPL.ZS;Empleo en agricultura como porcentaje del empleo total;10.2902818879867;Banco Mundial - World Development Indicators;2026-07-27;
Venezuela;Venezuela, RB;VE;VEN;Latin America & Caribbean;Not classified;1999;Mercado laboral;mercado_laboral;Empleo sectorial;empleo_sectorial;SL.AGR.EMPL.ZS;Empleo en agricultura como porcentaje del empleo total;10.5018322840826;Banco Mundial - World Development Indicators;2026-07-27;
Venezuela;Venezuela, RB;VE;VEN;Latin America & Caribbean;Not classified;2000;Mercado laboral;mercado_laboral;Empleo sectorial;empleo_sectorial;SL.AGR.EMPL.ZS;Empleo en agricultura como porcentaje del empleo total;10.9389737028272;Banco Mundial - World Development Indicators;2026-07-27;
Venezuela;Venezuela, RB;VE;VEN;Latin America & Caribbean;Not classified;2001;Mercado laboral;mercado_laboral;Empleo sectorial;empleo_sectorial;SL.AGR.EMPL.ZS;Empleo en agricultura como porcentaje del empleo total;9.95801548008903;Banco Mundial - World Development Indicators;2026-07-27;
Venezuela;Venezuela, RB;VE;VEN;Latin America & Caribbean;Not classified;2002;Mercado laboral;mercado_laboral;Empleo sectorial;empleo_sectorial;SL.AGR.EMPL.ZS;Empleo en agricultura como porcentaje del empleo total;10.2838550220653;Banco Mundial - World Development Indicators;2026-07-27;
Venezuela;Venezuela, RB;VE;VEN;Latin America & Caribbean;Not classified;2003;Mercado laboral;mercado_laboral;Empleo sectorial;empleo_sectorial;SL.AGR.EMPL.ZS;Empleo en agricultura como porcentaje del empleo total;11.0969592479254;Banco Mundial - World Development Indicators;2026-07-27;
Venezuela;Venezuela, RB;VE;VEN;Latin America & Caribbean;Not classified;2004;Mercado laboral;mercado_laboral;Empleo sectorial;empleo_sectorial;SL.AGR.EMPL.ZS;Empleo en agricultura como porcentaje del empleo total;10.8221115135209;Banco Mundial - World Development Indicators;2026-07-27;
Venezuela;Venezuela, RB;VE;VEN;Latin America & Caribbean;Not classified;2005;Mercado laboral;mercado_laboral;Empleo sectorial;empleo_sectorial;SL.AGR.EMPL.ZS;Empleo en agricultura como porcentaje del empleo total;10.285304207933;Banco Mundial - World Development Indicators;2026-07-27;
Venezuela;Venezuela, RB;VE;VEN;Latin America & Caribbean;Not classified;2006;Mercado laboral;mercado_laboral;Empleo sectorial;empleo_sectorial;SL.AGR.EMPL.ZS;Empleo en agricultura como porcentaje del empleo total;9.41758905074171;Banco Mundial - World Development Indicators;2026-07-27;
Venezuela;Venezuela, RB;VE;VEN;Latin America & Caribbean;Not classified;2007;Mercado laboral;mercado_laboral;Empleo sectorial;empleo_sectorial;SL.AGR.EMPL.ZS;Empleo en agricultura como porcentaje del empleo total;8.83654459430982;Banco Mundial - World Development Indicators;2026-07-27;
Venezuela;Venezuela, RB;VE;VEN;Latin America & Caribbean;Not classified;2008;Mercado laboral;mercado_laboral;Empleo sectorial;empleo_sectorial;SL.AGR.EMPL.ZS;Empleo en agricultura como porcentaje del empleo total;8.51775190146885;Banco Mundial - World Development Indicators;2026-07-27;
Venezuela;Venezuela, RB;VE;VEN;Latin America & Caribbean;Not classified;2009;Mercado laboral;mercado_laboral;Empleo sectorial;empleo_sectorial;SL.AGR.EMPL.ZS;Empleo en agricultura como porcentaje del empleo total;8.62966029399127;Banco Mundial - World Development Indicators;2026-07-27;
Venezuela;Venezuela, RB;VE;VEN;Latin America & Caribbean;Not classified;2010;Mercado laboral;mercado_laboral;Empleo sectorial;empleo_sectorial;SL.AGR.EMPL.ZS;Empleo en agricultura como porcentaje del empleo total;8.54502980363339;Banco Mundial - World Development Indicators;2026-07-27;
Venezuela;Venezuela, RB;VE;VEN;Latin America & Caribbean;Not classified;2011;Mercado laboral;mercado_laboral;Empleo sectorial;empleo_sectorial;SL.AGR.EMPL.ZS;Empleo en agricultura como porcentaje del empleo total;8.05248885511286;Banco Mundial - World Development Indicators;2026-07-27;
Venezuela;Venezuela, RB;VE;VEN;Latin America & Caribbean;Not classified;2012;Mercado laboral;mercado_laboral;Empleo sectorial;empleo_sectorial;SL.AGR.EMPL.ZS;Empleo en agricultura como porcentaje del empleo total;7.74338803787381;Banco Mundial - World Development Indicators;2026-07-27;
Venezuela;Venezuela, RB;VE;VEN;Latin America & Caribbean;Not classified;2013;Mercado laboral;mercado_laboral;Empleo sectorial;empleo_sectorial;SL.AGR.EMPL.ZS;Empleo en agricultura como porcentaje del empleo total;7.44570387746484;Banco Mundial - World Development Indicators;2026-07-27;
Venezuela;Venezuela, RB;VE;VEN;Latin America & Caribbean;Not classified;2014;Mercado laboral;mercado_laboral;Empleo sectorial;empleo_sectorial;SL.AGR.EMPL.ZS;Empleo en agricultura como porcentaje del empleo total;6.83822683797926;Banco Mundial - World Development Indicators;2026-07-27;
Venezuela;Venezuela, RB;VE;VEN;Latin America & Caribbean;Not classified;2015;Mercado laboral;mercado_laboral;Empleo sectorial;empleo_sectorial;SL.AGR.EMPL.ZS;Empleo en agricultura como porcentaje del empleo total;6.44996892704785;Banco Mundial - World Development Indicators;2026-07-27;
Venezuela;Venezuela, RB;VE;VEN;Latin America & Caribbean;Not classified;2016;Mercado laboral;mercado_laboral;Empleo sectorial;empleo_sectorial;SL.AGR.EMPL.ZS;Empleo en agricultura como porcentaje del empleo total;6.05440848477047;Banco Mundial - World Development Indicators;2026-07-27;
Venezuela;Venezuela, RB;VE;VEN;Latin America & Caribbean;Not classified;2017;Mercado laboral;mercado_laboral;Empleo sectorial;empleo_sectorial;SL.AGR.EMPL.ZS;Empleo en agricultura como porcentaje del empleo total;8.08683421779959;Banco Mundial - World Development Indicators;2026-07-27;
Venezuela;Venezuela, RB;VE;VEN;Latin America & Caribbean;Not classified;2018;Mercado laboral;mercado_laboral;Empleo sectorial;empleo_sectorial;SL.AGR.EMPL.ZS;Empleo en agricultura como porcentaje del empleo total;8.79253921551871;Banco Mundial - World Development Indicators;2026-07-27;
Venezuela;Venezuela, RB;VE;VEN;Latin America & Caribbean;Not classified;2019;Mercado laboral;mercado_laboral;Empleo sectorial;empleo_sectorial;SL.AGR.EMPL.ZS;Empleo en agricultura como porcentaje del empleo total;9.17974471433885;Banco Mundial - World Development Indicators;2026-07-27;
Venezuela;Venezuela, RB;VE;VEN;Latin America & Caribbean;Not classified;2020;Mercado laboral;mercado_laboral;Empleo sectorial;empleo_sectorial;SL.AGR.EMPL.ZS;Empleo en agricultura como porcentaje del empleo total;9.78335796574615;Banco Mundial - World Development Indicators;2026-07-27;
Venezuela;Venezuela, RB;VE;VEN;Latin America & Caribbean;Not classified;2021;Mercado laboral;mercado_laboral;Empleo sectorial;empleo_sectorial;SL.AGR.EMPL.ZS;Empleo en agricultura como porcentaje del empleo total;9.77794667025743;Banco Mundial - World Development Indicators;2026-07-27;
Venezuela;Venezuela, RB;VE;VEN;Latin America & Caribbean;Not classified;2022;Mercado laboral;mercado_laboral;Empleo sectorial;empleo_sectorial;SL.AGR.EMPL.ZS;Empleo en agricultura como porcentaje del empleo total;9.40511805647857;Banco Mundial - World Development Indicators;2026-07-27;
Venezuela;Venezuela, RB;VE;VEN;Latin America & Caribbean;Not classified;2023;Mercado laboral;mercado_laboral;Empleo sectorial;empleo_sectorial;SL.AGR.EMPL.ZS;Empleo en agricultura como porcentaje del empleo total;9.18092202736474;Banco Mundial - World Development Indicators;2026-07-27;
Venezuela;Venezuela, RB;VE;VEN;Latin America & Caribbean;Not classified;2024;Mercado laboral;mercado_laboral;Empleo sectorial;empleo_sectorial;SL.AGR.EMPL.ZS;Empleo en agricultura como porcentaje del empleo total;8.90218335115606;Banco Mundial - World Development Indicators;2026-07-27;
Venezuela;Venezuela, RB;VE;VEN;Latin America & Caribbean;Not classified;2025;Mercado laboral;mercado_laboral;Empleo sectorial;empleo_sectorial;SL.AGR.EMPL.ZS;Empleo en agricultura como porcentaje del empleo total;8.87472626253569;Banco Mundial - World Development Indicators;2026-07-27;
Venezuela;Venezuela, RB;VE;VEN;Latin America & Caribbean;Not classified;1960;Mercado laboral;mercado_laboral;Empleo;empleo;SL.EMP.TOTL.SP.ZS;Relación empleo-población;;Banco Mundial - World Development Indicators;2026-07-27;HTTP Error 400: Bad Request
Venezuela;Venezuela, RB;VE;VEN;Latin America & Caribbean;Not classified;1961;Mercado laboral;mercado_laboral;Empleo;empleo;SL.EMP.TOTL.SP.ZS;Relación empleo-población;;Banco Mundial - World Development Indicators;2026-07-27;HTTP Error 400: Bad Request
Venezuela;Venezuela, RB;VE;VEN;Latin America & Caribbean;Not classified;1962;Mercado laboral;mercado_laboral;Empleo;empleo;SL.EMP.TOTL.SP.ZS;Relación empleo-población;;Banco Mundial - World Development Indicators;2026-07-27;HTTP Error 400: Bad Request
Venezuela;Venezuela, RB;VE;VEN;Latin America & Caribbean;Not classified;1963;Mercado laboral;mercado_laboral;Empleo;empleo;SL.EMP.TOTL.SP.ZS;Relación empleo-población;;Banco Mundial - World Development Indicators;2026-07-27;HTTP Error 400: Bad Request
Venezuela;Venezuela, RB;VE;VEN;Latin America & Caribbean;Not classified;1964;Mercado laboral;mercado_laboral;Empleo;empleo;SL.EMP.TOTL.SP.ZS;Relación empleo-población;;Banco Mundial - World Development Indicators;2026-07-27;HTTP Error 400: Bad Request
Venezuela;Venezuela, RB;VE;VEN;Latin America & Caribbean;Not classified;1965;Mercado laboral;mercado_laboral;Empleo;empleo;SL.EMP.TOTL.SP.ZS;Relación empleo-población;;Banco Mundial - World Development Indicators;2026-07-27;HTTP Error 400: Bad Request
Venezuela;Venezuela, RB;VE;VEN;Latin America & Caribbean;Not classified;1966;Mercado laboral;mercado_laboral;Empleo;empleo;SL.EMP.TOTL.SP.ZS;Relación empleo-población;;Banco Mundial - World Development Indicators;2026-07-27;HTTP Error 400: Bad Request
Venezuela;Venezuela, RB;VE;VEN;Latin America & Caribbean;Not classified;1967;Mercado laboral;mercado_laboral;Empleo;empleo;SL.EMP.TOTL.SP.ZS;Relación empleo-población;;Banco Mundial - World Development Indicators;2026-07-27;HTTP Error 400: Bad Request
Venezuela;Venezuela, RB;VE;VEN;Latin America & Caribbean;Not classified;1968;Mercado laboral;mercado_laboral;Empleo;empleo;SL.EMP.TOTL.SP.ZS;Relación empleo-población;;Banco Mundial - World Development Indicators;2026-07-27;HTTP Error 400: Bad Request
Venezuela;Venezuela, RB;VE;VEN;Latin America & Caribbean;Not classified;1969;Mercado laboral;mercado_laboral;Empleo;empleo;SL.EMP.TOTL.SP.ZS;Relación empleo-población;;Banco Mundial - World Development Indicators;2026-07-27;HTTP Error 400: Bad Request
Venezuela;Venezuela, RB;VE;VEN;Latin America & Caribbean;Not classified;1970;Mercado laboral;mercado_laboral;Empleo;empleo;SL.EMP.TOTL.SP.ZS;Relación empleo-población;;Banco Mundial - World Development Indicators;2026-07-27;HTTP Error 400: Bad Request
Venezuela;Venezuela, RB;VE;VEN;Latin America & Caribbean;Not classified;1971;Mercado laboral;mercado_laboral;Empleo;empleo;SL.EMP.TOTL.SP.ZS;Relación empleo-población;;Banco Mundial - World Development Indicators;2026-07-27;HTTP Error 400: Bad Request
Venezuela;Venezuela, RB;VE;VEN;Latin America & Caribbean;Not classified;1972;Mercado laboral;mercado_laboral;Empleo;empleo;SL.EMP.TOTL.SP.ZS;Relación empleo-población;;Banco Mundial - World Development Indicators;2026-07-27;HTTP Error 400: Bad Request
Venezuela;Venezuela, RB;VE;VEN;Latin America & Caribbean;Not classified;1973;Mercado laboral;mercado_laboral;Empleo;empleo;SL.EMP.TOTL.SP.ZS;Relación empleo-población;;Banco Mundial - World Development Indicators;2026-07-27;HTTP Error 400: Bad Request
Venezuela;Venezuela, RB;VE;VEN;Latin America & Caribbean;Not classified;1974;Mercado laboral;mercado_laboral;Empleo;empleo;SL.EMP.TOTL.SP.ZS;Relación empleo-población;;Banco Mundial - World Development Indicators;2026-07-27;HTTP Error 400: Bad Request
Venezuela;Venezuela, RB;VE;VEN;Latin America & Caribbean;Not classified;1975;Mercado laboral;mercado_laboral;Empleo;empleo;SL.EMP.TOTL.SP.ZS;Relación empleo-población;;Banco Mundial - World Development Indicators;2026-07-27;HTTP Error 400: Bad Request
Venezuela;Venezuela, RB;VE;VEN;Latin America & Caribbean;Not classified;1976;Mercado laboral;mercado_laboral;Empleo;empleo;SL.EMP.TOTL.SP.ZS;Relación empleo-población;;Banco Mundial - World Development Indicators;2026-07-27;HTTP Error 400: Bad Request
Venezuela;Venezuela, RB;VE;VEN;Latin America & Caribbean;Not classified;1977;Mercado laboral;mercado_laboral;Empleo;empleo;SL.EMP.TOTL.SP.ZS;Relación empleo-población;;Banco Mundial - World Development Indicators;2026-07-27;HTTP Error 400: Bad Request
Venezuela;Venezuela, RB;VE;VEN;Latin America & Caribbean;Not classified;1978;Mercado laboral;mercado_laboral;Empleo;empleo;SL.EMP.TOTL.SP.ZS;Relación empleo-población;;Banco Mundial - World Development Indicators;2026-07-27;HTTP Error 400: Bad Request
Venezuela;Venezuela, RB;VE;VEN;Latin America & Caribbean;Not classified;1979;Mercado laboral;mercado_laboral;Empleo;empleo;SL.EMP.TOTL.SP.ZS;Relación empleo-población;;Banco Mundial - World Development Indicators;2026-07-27;HTTP Error 400: Bad Request
Venezuela;Venezuela, RB;VE;VEN;Latin America & Caribbean;Not classified;1980;Mercado laboral;mercado_laboral;Empleo;empleo;SL.EMP.TOTL.SP.ZS;Relación empleo-población;;Banco Mundial - World Development Indicators;2026-07-27;HTTP Error 400: Bad Request
Venezuela;Venezuela, RB;VE;VEN;Latin America & Caribbean;Not classified;1981;Mercado laboral;mercado_laboral;Empleo;empleo;SL.EMP.TOTL.SP.ZS;Relación empleo-población;;Banco Mundial - World Development Indicators;2026-07-27;HTTP Error 400: Bad Request
Venezuela;Venezuela, RB;VE;VEN;Latin America & Caribbean;Not classified;1982;Mercado laboral;mercado_laboral;Empleo;empleo;SL.EMP.TOTL.SP.ZS;Relación empleo-población;;Banco Mundial - World Development Indicators;2026-07-27;HTTP Error 400: Bad Request
Venezuela;Venezuela, RB;VE;VEN;Latin America & Caribbean;Not classified;1983;Mercado laboral;mercado_laboral;Empleo;empleo;SL.EMP.TOTL.SP.ZS;Relación empleo-población;;Banco Mundial - World Development Indicators;2026-07-27;HTTP Error 400: Bad Request
Venezuela;Venezuela, RB;VE;VEN;Latin America & Caribbean;Not classified;1984;Mercado laboral;mercado_laboral;Empleo;empleo;SL.EMP.TOTL.SP.ZS;Relación empleo-población;;Banco Mundial - World Development Indicators;2026-07-27;HTTP Error 400: Bad Request
Venezuela;Venezuela, RB;VE;VEN;Latin America & Caribbean;Not classified;1985;Mercado laboral;mercado_laboral;Empleo;empleo;SL.EMP.TOTL.SP.ZS;Relación empleo-población;;Banco Mundial - World Development Indicators;2026-07-27;HTTP Error 400: Bad Request
Venezuela;Venezuela, RB;VE;VEN;Latin America & Caribbean;Not classified;1986;Mercado laboral;mercado_laboral;Empleo;empleo;SL.EMP.TOTL.SP.ZS;Relación empleo-población;;Banco Mundial - World Development Indicators;2026-07-27;HTTP Error 400: Bad Request
Venezuela;Venezuela, RB;VE;VEN;Latin America & Caribbean;Not classified;1987;Mercado laboral;mercado_laboral;Empleo;empleo;SL.EMP.TOTL.SP.ZS;Relación empleo-población;;Banco Mundial - World Development Indicators;2026-07-27;HTTP Error 400: Bad Request
Venezuela;Venezuela, RB;VE;VEN;Latin America & Caribbean;Not classified;1988;Mercado laboral;mercado_laboral;Empleo;empleo;SL.EMP.TOTL.SP.ZS;Relación empleo-población;;Banco Mundial - World Development Indicators;2026-07-27;HTTP Error 400: Bad Request
Venezuela;Venezuela, RB;VE;VEN;Latin America & Caribbean;Not classified;1989;Mercado laboral;mercado_laboral;Empleo;empleo;SL.EMP.TOTL.SP.ZS;Relación empleo-población;;Banco Mundial - World Development Indicators;2026-07-27;HTTP Error 400: Bad Request
Venezuela;Venezuela, RB;VE;VEN;Latin America & Caribbean;Not classified;1990;Mercado laboral;mercado_laboral;Empleo;empleo;SL.EMP.TOTL.SP.ZS;Relación empleo-población;;Banco Mundial - World Development Indicators;2026-07-27;HTTP Error 400: Bad Request
Venezuela;Venezuela, RB;VE;VEN;Latin America & Caribbean;Not classified;1991;Mercado laboral;mercado_laboral;Empleo;empleo;SL.EMP.TOTL.SP.ZS;Relación empleo-población;;Banco Mundial - World Development Indicators;2026-07-27;HTTP Error 400: Bad Request
Venezuela;Venezuela, RB;VE;VEN;Latin America & Caribbean;Not classified;1992;Mercado laboral;mercado_laboral;Empleo;empleo;SL.EMP.TOTL.SP.ZS;Relación empleo-población;;Banco Mundial - World Development Indicators;2026-07-27;HTTP Error 400: Bad Request
Venezuela;Venezuela, RB;VE;VEN;Latin America & Caribbean;Not classified;1993;Mercado laboral;mercado_laboral;Empleo;empleo;SL.EMP.TOTL.SP.ZS;Relación empleo-población;;Banco Mundial - World Development Indicators;2026-07-27;HTTP Error 400: Bad Request
Venezuela;Venezuela, RB;VE;VEN;Latin America & Caribbean;Not classified;1994;Mercado laboral;mercado_laboral;Empleo;empleo;SL.EMP.TOTL.SP.ZS;Relación empleo-población;;Banco Mundial - World Development Indicators;2026-07-27;HTTP Error 400: Bad Request
Venezuela;Venezuela, RB;VE;VEN;Latin America & Caribbean;Not classified;1995;Mercado laboral;mercado_laboral;Empleo;empleo;SL.EMP.TOTL.SP.ZS;Relación empleo-población;;Banco Mundial - World Development Indicators;2026-07-27;HTTP Error 400: Bad Request
Venezuela;Venezuela, RB;VE;VEN;Latin America & Caribbean;Not classified;1996;Mercado laboral;mercado_laboral;Empleo;empleo;SL.EMP.TOTL.SP.ZS;Relación empleo-población;;Banco Mundial - World Development Indicators;2026-07-27;HTTP Error 400: Bad Request
Venezuela;Venezuela, RB;VE;VEN;Latin America & Caribbean;Not classified;1997;Mercado laboral;mercado_laboral;Empleo;empleo;SL.EMP.TOTL.SP.ZS;Relación empleo-población;;Banco Mundial - World Development Indicators;2026-07-27;HTTP Error 400: Bad Request
Venezuela;Venezuela, RB;VE;VEN;Latin America & Caribbean;Not classified;1998;Mercado laboral;mercado_laboral;Empleo;empleo;SL.EMP.TOTL.SP.ZS;Relación empleo-población;;Banco Mundial - World Development Indicators;2026-07-27;HTTP Error 400: Bad Request
Venezuela;Venezuela, RB;VE;VEN;Latin America & Caribbean;Not classified;1999;Mercado laboral;mercado_laboral;Empleo;empleo;SL.EMP.TOTL.SP.ZS;Relación empleo-población;;Banco Mundial - World Development Indicators;2026-07-27;HTTP Error 400: Bad Request
Venezuela;Venezuela, RB;VE;VEN;Latin America & Caribbean;Not classified;2000;Mercado laboral;mercado_laboral;Empleo;empleo;SL.EMP.TOTL.SP.ZS;Relación empleo-población;;Banco Mundial - World Development Indicators;2026-07-27;HTTP Error 400: Bad Request
Venezuela;Venezuela, RB;VE;VEN;Latin America & Caribbean;Not classified;2001;Mercado laboral;mercado_laboral;Empleo;empleo;SL.EMP.TOTL.SP.ZS;Relación empleo-población;;Banco Mundial - World Development Indicators;2026-07-27;HTTP Error 400: Bad Request
Venezuela;Venezuela, RB;VE;VEN;Latin America & Caribbean;Not classified;2002;Mercado laboral;mercado_laboral;Empleo;empleo;SL.EMP.TOTL.SP.ZS;Relación empleo-población;;Banco Mundial - World Development Indicators;2026-07-27;HTTP Error 400: Bad Request
Venezuela;Venezuela, RB;VE;VEN;Latin America & Caribbean;Not classified;2003;Mercado laboral;mercado_laboral;Empleo;empleo;SL.EMP.TOTL.SP.ZS;Relación empleo-población;;Banco Mundial - World Development Indicators;2026-07-27;HTTP Error 400: Bad Request
Venezuela;Venezuela, RB;VE;VEN;Latin America & Caribbean;Not classified;2004;Mercado laboral;mercado_laboral;Empleo;empleo;SL.EMP.TOTL.SP.ZS;Relación empleo-población;;Banco Mundial - World Development Indicators;2026-07-27;HTTP Error 400: Bad Request
Venezuela;Venezuela, RB;VE;VEN;Latin America & Caribbean;Not classified;2005;Mercado laboral;mercado_laboral;Empleo;empleo;SL.EMP.TOTL.SP.ZS;Relación empleo-población;;Banco Mundial - World Development Indicators;2026-07-27;HTTP Error 400: Bad Request
Venezuela;Venezuela, RB;VE;VEN;Latin America & Caribbean;Not classified;2006;Mercado laboral;mercado_laboral;Empleo;empleo;SL.EMP.TOTL.SP.ZS;Relación empleo-población;;Banco Mundial - World Development Indicators;2026-07-27;HTTP Error 400: Bad Request
Venezuela;Venezuela, RB;VE;VEN;Latin America & Caribbean;Not classified;2007;Mercado laboral;mercado_laboral;Empleo;empleo;SL.EMP.TOTL.SP.ZS;Relación empleo-población;;Banco Mundial - World Development Indicators;2026-07-27;HTTP Error 400: Bad Request
Venezuela;Venezuela, RB;VE;VEN;Latin America & Caribbean;Not classified;2008;Mercado laboral;mercado_laboral;Empleo;empleo;SL.EMP.TOTL.SP.ZS;Relación empleo-población;;Banco Mundial - World Development Indicators;2026-07-27;HTTP Error 400: Bad Request
Venezuela;Venezuela, RB;VE;VEN;Latin America & Caribbean;Not classified;2009;Mercado laboral;mercado_laboral;Empleo;empleo;SL.EMP.TOTL.SP.ZS;Relación empleo-población;;Banco Mundial - World Development Indicators;2026-07-27;HTTP Error 400: Bad Request
Venezuela;Venezuela, RB;VE;VEN;Latin America & Caribbean;Not classified;2010;Mercado laboral;mercado_laboral;Empleo;empleo;SL.EMP.TOTL.SP.ZS;Relación empleo-población;;Banco Mundial - World Development Indicators;2026-07-27;HTTP Error 400: Bad Request
Venezuela;Venezuela, RB;VE;VEN;Latin America & Caribbean;Not classified;2011;Mercado laboral;mercado_laboral;Empleo;empleo;SL.EMP.TOTL.SP.ZS;Relación empleo-población;;Banco Mundial - World Development Indicators;2026-07-27;HTTP Error 400: Bad Request
Venezuela;Venezuela, RB;VE;VEN;Latin America & Caribbean;Not classified;2012;Mercado laboral;mercado_laboral;Empleo;empleo;SL.EMP.TOTL.SP.ZS;Relación empleo-población;;Banco Mundial - World Development Indicators;2026-07-27;HTTP Error 400: Bad Request
Venezuela;Venezuela, RB;VE;VEN;Latin America & Caribbean;Not classified;2013;Mercado laboral;mercado_laboral;Empleo;empleo;SL.EMP.TOTL.SP.ZS;Relación empleo-población;;Banco Mundial - World Development Indicators;2026-07-27;HTTP Error 400: Bad Request
Venezuela;Venezuela, RB;VE;VEN;Latin America & Caribbean;Not classified;2014;Mercado laboral;mercado_laboral;Empleo;empleo;SL.EMP.TOTL.SP.ZS;Relación empleo-población;;Banco Mundial - World Development Indicators;2026-07-27;HTTP Error 400: Bad Request
Venezuela;Venezuela, RB;VE;VEN;Latin America & Caribbean;Not classified;2015;Mercado laboral;mercado_laboral;Empleo;empleo;SL.EMP.TOTL.SP.ZS;Relación empleo-población;;Banco Mundial - World Development Indicators;2026-07-27;HTTP Error 400: Bad Request
Venezuela;Venezuela, RB;VE;VEN;Latin America & Caribbean;Not classified;2016;Mercado laboral;mercado_laboral;Empleo;empleo;SL.EMP.TOTL.SP.ZS;Relación empleo-población;;Banco Mundial - World Development Indicators;2026-07-27;HTTP Error 400: Bad Request
Venezuela;Venezuela, RB;VE;VEN;Latin America & Caribbean;Not classified;2017;Mercado laboral;mercado_laboral;Empleo;empleo;SL.EMP.TOTL.SP.ZS;Relación empleo-población;;Banco Mundial - World Development Indicators;2026-07-27;HTTP Error 400: Bad Request
Venezuela;Venezuela, RB;VE;VEN;Latin America & Caribbean;Not classified;2018;Mercado laboral;mercado_laboral;Empleo;empleo;SL.EMP.TOTL.SP.ZS;Relación empleo-población;;Banco Mundial - World Development Indicators;2026-07-27;HTTP Error 400: Bad Request
Venezuela;Venezuela, RB;VE;VEN;Latin America & Caribbean;Not classified;2019;Mercado laboral;mercado_laboral;Empleo;empleo;SL.EMP.TOTL.SP.ZS;Relación empleo-población;;Banco Mundial - World Development Indicators;2026-07-27;HTTP Error 400: Bad Request
Venezuela;Venezuela, RB;VE;VEN;Latin America & Caribbean;Not classified;2020;Mercado laboral;mercado_laboral;Empleo;empleo;SL.EMP.TOTL.SP.ZS;Relación empleo-población;;Banco Mundial - World Development Indicators;2026-07-27;HTTP Error 400: Bad Request
Venezuela;Venezuela, RB;VE;VEN;Latin America & Caribbean;Not classified;2021;Mercado laboral;mercado_laboral;Empleo;empleo;SL.EMP.TOTL.SP.ZS;Relación empleo-población;;Banco Mundial - World Development Indicators;2026-07-27;HTTP Error 400: Bad Request
Venezuela;Venezuela, RB;VE;VEN;Latin America & Caribbean;Not classified;2022;Mercado laboral;mercado_laboral;Empleo;empleo;SL.EMP.TOTL.SP.ZS;Relación empleo-población;;Banco Mundial - World Development Indicators;2026-07-27;HTTP Error 400: Bad Request
Venezuela;Venezuela, RB;VE;VEN;Latin America & Caribbean;Not classified;2023;Mercado laboral;mercado_laboral;Empleo;empleo;SL.EMP.TOTL.SP.ZS;Relación empleo-población;;Banco Mundial - World Development Indicators;2026-07-27;HTTP Error 400: Bad Request
Venezuela;Venezuela, RB;VE;VEN;Latin America & Caribbean;Not classified;2024;Mercado laboral;mercado_laboral;Empleo;empleo;SL.EMP.TOTL.SP.ZS;Relación empleo-población;;Banco Mundial - World Development Indicators;2026-07-27;HTTP Error 400: Bad Request
Venezuela;Venezuela, RB;VE;VEN;Latin America & Caribbean;Not classified;2025;Mercado laboral;mercado_laboral;Empleo;empleo;SL.EMP.TOTL.SP.ZS;Relación empleo-población;;Banco Mundial - World Development Indicators;2026-07-27;HTTP Error 400: Bad Request
Venezuela;Venezuela, RB;VE;VEN;Latin America & Caribbean;Not classified;2026;Mercado laboral;mercado_laboral;Empleo;empleo;SL.EMP.TOTL.SP.ZS;Relación empleo-población;;Banco Mundial - World Development Indicators;2026-07-27;HTTP Error 400: Bad Request
Venezuela;Venezuela, RB;VE;VEN;Latin America & Caribbean;Not classified;1960;Mercado laboral;mercado_laboral;Empleo sectorial;empleo_sectorial;SL.IND.EMPL.ZS;Empleo en industria como porcentaje del empleo total;;Banco Mundial - World Development Indicators;2026-07-27;
Venezuela;Venezuela, RB;VE;VEN;Latin America & Caribbean;Not classified;1961;Mercado laboral;mercado_laboral;Empleo sectorial;empleo_sectorial;SL.IND.EMPL.ZS;Empleo en industria como porcentaje del empleo total;;Banco Mundial - World Development Indicators;2026-07-27;
Venezuela;Venezuela, RB;VE;VEN;Latin America & Caribbean;Not classified;1962;Mercado laboral;mercado_laboral;Empleo sectorial;empleo_sectorial;SL.IND.EMPL.ZS;Empleo en industria como porcentaje del empleo total;;Banco Mundial - World Development Indicators;2026-07-27;
Venezuela;Venezuela, RB;VE;VEN;Latin America & Caribbean;Not classified;1963;Mercado laboral;mercado_laboral;Empleo sectorial;empleo_sectorial;SL.IND.EMPL.ZS;Empleo en industria como porcentaje del empleo total;;Banco Mundial - World Development Indicators;2026-07-27;
Venezuela;Venezuela, RB;VE;VEN;Latin America & Caribbean;Not classified;1964;Mercado laboral;mercado_laboral;Empleo sectorial;empleo_sectorial;SL.IND.EMPL.ZS;Empleo en industria como porcentaje del empleo total;;Banco Mundial - World Development Indicators;2026-07-27;
Venezuela;Venezuela, RB;VE;VEN;Latin America & Caribbean;Not classified;1965;Mercado laboral;mercado_laboral;Empleo sectorial;empleo_sectorial;SL.IND.EMPL.ZS;Empleo en industria como porcentaje del empleo total;;Banco Mundial - World Development Indicators;2026-07-27;
Venezuela;Venezuela, RB;VE;VEN;Latin America & Caribbean;Not classified;1966;Mercado laboral;mercado_laboral;Empleo sectorial;empleo_sectorial;SL.IND.EMPL.ZS;Empleo en industria como porcentaje del empleo total;;Banco Mundial - World Development Indicators;2026-07-27;
Venezuela;Venezuela, RB;VE;VEN;Latin America & Caribbean;Not classified;1967;Mercado laboral;mercado_laboral;Empleo sectorial;empleo_sectorial;SL.IND.EMPL.ZS;Empleo en industria como porcentaje del empleo total;;Banco Mundial - World Development Indicators;2026-07-27;
Venezuela;Venezuela, RB;VE;VEN;Latin America & Caribbean;Not classified;1968;Mercado laboral;mercado_laboral;Empleo sectorial;empleo_sectorial;SL.IND.EMPL.ZS;Empleo en industria como porcentaje del empleo total;;Banco Mundial - World Development Indicators;2026-07-27;
Venezuela;Venezuela, RB;VE;VEN;Latin America & Caribbean;Not classified;1969;Mercado laboral;mercado_laboral;Empleo sectorial;empleo_sectorial;SL.IND.EMPL.ZS;Empleo en industria como porcentaje del empleo total;;Banco Mundial - World Development Indicators;2026-07-27;
Venezuela;Venezuela, RB;VE;VEN;Latin America & Caribbean;Not classified;1970;Mercado laboral;mercado_laboral;Empleo sectorial;empleo_sectorial;SL.IND.EMPL.ZS;Empleo en industria como porcentaje del empleo total;;Banco Mundial - World Development Indicators;2026-07-27;
Venezuela;Venezuela, RB;VE;VEN;Latin America & Caribbean;Not classified;1971;Mercado laboral;mercado_laboral;Empleo sectorial;empleo_sectorial;SL.IND.EMPL.ZS;Empleo en industria como porcentaje del empleo total;;Banco Mundial - World Development Indicators;2026-07-27;
Venezuela;Venezuela, RB;VE;VEN;Latin America & Caribbean;Not classified;1972;Mercado laboral;mercado_laboral;Empleo sectorial;empleo_sectorial;SL.IND.EMPL.ZS;Empleo en industria como porcentaje del empleo total;;Banco Mundial - World Development Indicators;2026-07-27;
Venezuela;Venezuela, RB;VE;VEN;Latin America & Caribbean;Not classified;1973;Mercado laboral;mercado_laboral;Empleo sectorial;empleo_sectorial;SL.IND.EMPL.ZS;Empleo en industria como porcentaje del empleo total;;Banco Mundial - World Development Indicators;2026-07-27;
Venezuela;Venezuela, RB;VE;VEN;Latin America & Caribbean;Not classified;1974;Mercado laboral;mercado_laboral;Empleo sectorial;empleo_sectorial;SL.IND.EMPL.ZS;Empleo en industria como porcentaje del empleo total;;Banco Mundial - World Development Indicators;2026-07-27;
Venezuela;Venezuela, RB;VE;VEN;Latin America & Caribbean;Not classified;1975;Mercado laboral;mercado_laboral;Empleo sectorial;empleo_sectorial;SL.IND.EMPL.ZS;Empleo en industria como porcentaje del empleo total;;Banco Mundial - World Development Indicators;2026-07-27;
Venezuela;Venezuela, RB;VE;VEN;Latin America & Caribbean;Not classified;1976;Mercado laboral;mercado_laboral;Empleo sectorial;empleo_sectorial;SL.IND.EMPL.ZS;Empleo en industria como porcentaje del empleo total;;Banco Mundial - World Development Indicators;2026-07-27;
Venezuela;Venezuela, RB;VE;VEN;Latin America & Caribbean;Not classified;1977;Mercado laboral;mercado_laboral;Empleo sectorial;empleo_sectorial;SL.IND.EMPL.ZS;Empleo en industria como porcentaje del empleo total;;Banco Mundial - World Development Indicators;2026-07-27;
Venezuela;Venezuela, RB;VE;VEN;Latin America & Caribbean;Not classified;1978;Mercado laboral;mercado_laboral;Empleo sectorial;empleo_sectorial;SL.IND.EMPL.ZS;Empleo en industria como porcentaje del empleo total;;Banco Mundial - World Development Indicators;2026-07-27;
Venezuela;Venezuela, RB;VE;VEN;Latin America & Caribbean;Not classified;1979;Mercado laboral;mercado_laboral;Empleo sectorial;empleo_sectorial;SL.IND.EMPL.ZS;Empleo en industria como porcentaje del empleo total;;Banco Mundial - World Development Indicators;2026-07-27;
Venezuela;Venezuela, RB;VE;VEN;Latin America & Caribbean;Not classified;1980;Mercado laboral;mercado_laboral;Empleo sectorial;empleo_sectorial;SL.IND.EMPL.ZS;Empleo en industria como porcentaje del empleo total;;Banco Mundial - World Development Indicators;2026-07-27;
Venezuela;Venezuela, RB;VE;VEN;Latin America & Caribbean;Not classified;1981;Mercado laboral;mercado_laboral;Empleo sectorial;empleo_sectorial;SL.IND.EMPL.ZS;Empleo en industria como porcentaje del empleo total;;Banco Mundial - World Development Indicators;2026-07-27;
Venezuela;Venezuela, RB;VE;VEN;Latin America & Caribbean;Not classified;1982;Mercado laboral;mercado_laboral;Empleo sectorial;empleo_sectorial;SL.IND.EMPL.ZS;Empleo en industria como porcentaje del empleo total;;Banco Mundial - World Development Indicators;2026-07-27;
Venezuela;Venezuela, RB;VE;VEN;Latin America & Caribbean;Not classified;1983;Mercado laboral;mercado_laboral;Empleo sectorial;empleo_sectorial;SL.IND.EMPL.ZS;Empleo en industria como porcentaje del empleo total;;Banco Mundial - World Development Indicators;2026-07-27;
Venezuela;Venezuela, RB;VE;VEN;Latin America & Caribbean;Not classified;1984;Mercado laboral;mercado_laboral;Empleo sectorial;empleo_sectorial;SL.IND.EMPL.ZS;Empleo en industria como porcentaje del empleo total;;Banco Mundial - World Development Indicators;2026-07-27;
Venezuela;Venezuela, RB;VE;VEN;Latin America & Caribbean;Not classified;1985;Mercado laboral;mercado_laboral;Empleo sectorial;empleo_sectorial;SL.IND.EMPL.ZS;Empleo en industria como porcentaje del empleo total;;Banco Mundial - World Development Indicators;2026-07-27;
Venezuela;Venezuela, RB;VE;VEN;Latin America & Caribbean;Not classified;1986;Mercado laboral;mercado_laboral;Empleo sectorial;empleo_sectorial;SL.IND.EMPL.ZS;Empleo en industria como porcentaje del empleo total;;Banco Mundial - World Development Indicators;2026-07-27;
Venezuela;Venezuela, RB;VE;VEN;Latin America & Caribbean;Not classified;1987;Mercado laboral;mercado_laboral;Empleo sectorial;empleo_sectorial;SL.IND.EMPL.ZS;Empleo en industria como porcentaje del empleo total;;Banco Mundial - World Development Indicators;2026-07-27;
Venezuela;Venezuela, RB;VE;VEN;Latin America & Caribbean;Not classified;1988;Mercado laboral;mercado_laboral;Empleo sectorial;empleo_sectorial;SL.IND.EMPL.ZS;Empleo en industria como porcentaje del empleo total;;Banco Mundial - World Development Indicators;2026-07-27;
Venezuela;Venezuela, RB;VE;VEN;Latin America & Caribbean;Not classified;1989;Mercado laboral;mercado_laboral;Empleo sectorial;empleo_sectorial;SL.IND.EMPL.ZS;Empleo en industria como porcentaje del empleo total;;Banco Mundial - World Development Indicators;2026-07-27;
Venezuela;Venezuela, RB;VE;VEN;Latin America & Caribbean;Not classified;1990;Mercado laboral;mercado_laboral;Empleo sectorial;empleo_sectorial;SL.IND.EMPL.ZS;Empleo en industria como porcentaje del empleo total;;Banco Mundial - World Development Indicators;2026-07-27;
Venezuela;Venezuela, RB;VE;VEN;Latin America & Caribbean;Not classified;1991;Mercado laboral;mercado_laboral;Empleo sectorial;empleo_sectorial;SL.IND.EMPL.ZS;Empleo en industria como porcentaje del empleo total;26.2982471069215;Banco Mundial - World Development Indicators;2026-07-27;
Venezuela;Venezuela, RB;VE;VEN;Latin America & Caribbean;Not classified;1992;Mercado laboral;mercado_laboral;Empleo sectorial;empleo_sectorial;SL.IND.EMPL.ZS;Empleo en industria como porcentaje del empleo total;26.8541940198558;Banco Mundial - World Development Indicators;2026-07-27;
Venezuela;Venezuela, RB;VE;VEN;Latin America & Caribbean;Not classified;1993;Mercado laboral;mercado_laboral;Empleo sectorial;empleo_sectorial;SL.IND.EMPL.ZS;Empleo en industria como porcentaje del empleo total;26.4788800747171;Banco Mundial - World Development Indicators;2026-07-27;
Venezuela;Venezuela, RB;VE;VEN;Latin America & Caribbean;Not classified;1994;Mercado laboral;mercado_laboral;Empleo sectorial;empleo_sectorial;SL.IND.EMPL.ZS;Empleo en industria como porcentaje del empleo total;23.8115339257483;Banco Mundial - World Development Indicators;2026-07-27;
Venezuela;Venezuela, RB;VE;VEN;Latin America & Caribbean;Not classified;1995;Mercado laboral;mercado_laboral;Empleo sectorial;empleo_sectorial;SL.IND.EMPL.ZS;Empleo en industria como porcentaje del empleo total;23.7402817847384;Banco Mundial - World Development Indicators;2026-07-27;
Venezuela;Venezuela, RB;VE;VEN;Latin America & Caribbean;Not classified;1996;Mercado laboral;mercado_laboral;Empleo sectorial;empleo_sectorial;SL.IND.EMPL.ZS;Empleo en industria como porcentaje del empleo total;22.5557782645448;Banco Mundial - World Development Indicators;2026-07-27;
Venezuela;Venezuela, RB;VE;VEN;Latin America & Caribbean;Not classified;1997;Mercado laboral;mercado_laboral;Empleo sectorial;empleo_sectorial;SL.IND.EMPL.ZS;Empleo en industria como porcentaje del empleo total;24.0716545243611;Banco Mundial - World Development Indicators;2026-07-27;
Venezuela;Venezuela, RB;VE;VEN;Latin America & Caribbean;Not classified;1998;Mercado laboral;mercado_laboral;Empleo sectorial;empleo_sectorial;SL.IND.EMPL.ZS;Empleo en industria como porcentaje del empleo total;24.6969857323003;Banco Mundial - World Development Indicators;2026-07-27;
Venezuela;Venezuela, RB;VE;VEN;Latin America & Caribbean;Not classified;1999;Mercado laboral;mercado_laboral;Empleo sectorial;empleo_sectorial;SL.IND.EMPL.ZS;Empleo en industria como porcentaje del empleo total;22.9002472657412;Banco Mundial - World Development Indicators;2026-07-27;
Venezuela;Venezuela, RB;VE;VEN;Latin America & Caribbean;Not classified;2000;Mercado laboral;mercado_laboral;Empleo sectorial;empleo_sectorial;SL.IND.EMPL.ZS;Empleo en industria como porcentaje del empleo total;22.9889839292935;Banco Mundial - World Development Indicators;2026-07-27;
Venezuela;Venezuela, RB;VE;VEN;Latin America & Caribbean;Not classified;2001;Mercado laboral;mercado_laboral;Empleo sectorial;empleo_sectorial;SL.IND.EMPL.ZS;Empleo en industria como porcentaje del empleo total;22.2485631469406;Banco Mundial - World Development Indicators;2026-07-27;
Venezuela;Venezuela, RB;VE;VEN;Latin America & Caribbean;Not classified;2002;Mercado laboral;mercado_laboral;Empleo sectorial;empleo_sectorial;SL.IND.EMPL.ZS;Empleo en industria como porcentaje del empleo total;20.8264449076426;Banco Mundial - World Development Indicators;2026-07-27;
Venezuela;Venezuela, RB;VE;VEN;Latin America & Caribbean;Not classified;2003;Mercado laboral;mercado_laboral;Empleo sectorial;empleo_sectorial;SL.IND.EMPL.ZS;Empleo en industria como porcentaje del empleo total;19.9924708756272;Banco Mundial - World Development Indicators;2026-07-27;
Venezuela;Venezuela, RB;VE;VEN;Latin America & Caribbean;Not classified;2004;Mercado laboral;mercado_laboral;Empleo sectorial;empleo_sectorial;SL.IND.EMPL.ZS;Empleo en industria como porcentaje del empleo total;20.4630636727823;Banco Mundial - World Development Indicators;2026-07-27;
Venezuela;Venezuela, RB;VE;VEN;Latin America & Caribbean;Not classified;2005;Mercado laboral;mercado_laboral;Empleo sectorial;empleo_sectorial;SL.IND.EMPL.ZS;Empleo en industria como porcentaje del empleo total;20.6494359006429;Banco Mundial - World Development Indicators;2026-07-27;
Venezuela;Venezuela, RB;VE;VEN;Latin America & Caribbean;Not classified;2006;Mercado laboral;mercado_laboral;Empleo sectorial;empleo_sectorial;SL.IND.EMPL.ZS;Empleo en industria como porcentaje del empleo total;22.1837874825646;Banco Mundial - World Development Indicators;2026-07-27;
Venezuela;Venezuela, RB;VE;VEN;Latin America & Caribbean;Not classified;2007;Mercado laboral;mercado_laboral;Empleo sectorial;empleo_sectorial;SL.IND.EMPL.ZS;Empleo en industria como porcentaje del empleo total;23.1293994132024;Banco Mundial - World Development Indicators;2026-07-27;
Venezuela;Venezuela, RB;VE;VEN;Latin America & Caribbean;Not classified;2008;Mercado laboral;mercado_laboral;Empleo sectorial;empleo_sectorial;SL.IND.EMPL.ZS;Empleo en industria como porcentaje del empleo total;22.8729914448606;Banco Mundial - World Development Indicators;2026-07-27;
Venezuela;Venezuela, RB;VE;VEN;Latin America & Caribbean;Not classified;2009;Mercado laboral;mercado_laboral;Empleo sectorial;empleo_sectorial;SL.IND.EMPL.ZS;Empleo en industria como porcentaje del empleo total;22.4641943117532;Banco Mundial - World Development Indicators;2026-07-27;
Venezuela;Venezuela, RB;VE;VEN;Latin America & Caribbean;Not classified;2010;Mercado laboral;mercado_laboral;Empleo sectorial;empleo_sectorial;SL.IND.EMPL.ZS;Empleo en industria como porcentaje del empleo total;21.9677409284925;Banco Mundial - World Development Indicators;2026-07-27;
Venezuela;Venezuela, RB;VE;VEN;Latin America & Caribbean;Not classified;2011;Mercado laboral;mercado_laboral;Empleo sectorial;empleo_sectorial;SL.IND.EMPL.ZS;Empleo en industria como porcentaje del empleo total;21.7971873569326;Banco Mundial - World Development Indicators;2026-07-27;
Venezuela;Venezuela, RB;VE;VEN;Latin America & Caribbean;Not classified;2012;Mercado laboral;mercado_laboral;Empleo sectorial;empleo_sectorial;SL.IND.EMPL.ZS;Empleo en industria como porcentaje del empleo total;21.2617412983533;Banco Mundial - World Development Indicators;2026-07-27;
Venezuela;Venezuela, RB;VE;VEN;Latin America & Caribbean;Not classified;2013;Mercado laboral;mercado_laboral;Empleo sectorial;empleo_sectorial;SL.IND.EMPL.ZS;Empleo en industria como porcentaje del empleo total;21.3259307880631;Banco Mundial - World Development Indicators;2026-07-27;
Venezuela;Venezuela, RB;VE;VEN;Latin America & Caribbean;Not classified;2014;Mercado laboral;mercado_laboral;Empleo sectorial;empleo_sectorial;SL.IND.EMPL.ZS;Empleo en industria como porcentaje del empleo total;21.3454768491602;Banco Mundial - World Development Indicators;2026-07-27;
Venezuela;Venezuela, RB;VE;VEN;Latin America & Caribbean;Not classified;2015;Mercado laboral;mercado_laboral;Empleo sectorial;empleo_sectorial;SL.IND.EMPL.ZS;Empleo en industria como porcentaje del empleo total;21.3119844799713;Banco Mundial - World Development Indicators;2026-07-27;
Venezuela;Venezuela, RB;VE;VEN;Latin America & Caribbean;Not classified;2016;Mercado laboral;mercado_laboral;Empleo sectorial;empleo_sectorial;SL.IND.EMPL.ZS;Empleo en industria como porcentaje del empleo total;21.1378092637334;Banco Mundial - World Development Indicators;2026-07-27;
Venezuela;Venezuela, RB;VE;VEN;Latin America & Caribbean;Not classified;2017;Mercado laboral;mercado_laboral;Empleo sectorial;empleo_sectorial;SL.IND.EMPL.ZS;Empleo en industria como porcentaje del empleo total;20.0638940937792;Banco Mundial - World Development Indicators;2026-07-27;
Venezuela;Venezuela, RB;VE;VEN;Latin America & Caribbean;Not classified;2018;Mercado laboral;mercado_laboral;Empleo sectorial;empleo_sectorial;SL.IND.EMPL.ZS;Empleo en industria como porcentaje del empleo total;18.6723353186815;Banco Mundial - World Development Indicators;2026-07-27;
Venezuela;Venezuela, RB;VE;VEN;Latin America & Caribbean;Not classified;2019;Mercado laboral;mercado_laboral;Empleo sectorial;empleo_sectorial;SL.IND.EMPL.ZS;Empleo en industria como porcentaje del empleo total;17.5673651995346;Banco Mundial - World Development Indicators;2026-07-27;
Venezuela;Venezuela, RB;VE;VEN;Latin America & Caribbean;Not classified;2020;Mercado laboral;mercado_laboral;Empleo sectorial;empleo_sectorial;SL.IND.EMPL.ZS;Empleo en industria como porcentaje del empleo total;17.5248973989659;Banco Mundial - World Development Indicators;2026-07-27;
Venezuela;Venezuela, RB;VE;VEN;Latin America & Caribbean;Not classified;2021;Mercado laboral;mercado_laboral;Empleo sectorial;empleo_sectorial;SL.IND.EMPL.ZS;Empleo en industria como porcentaje del empleo total;17.6150252734504;Banco Mundial - World Development Indicators;2026-07-27;
Venezuela;Venezuela, RB;VE;VEN;Latin America & Caribbean;Not classified;2022;Mercado laboral;mercado_laboral;Empleo sectorial;empleo_sectorial;SL.IND.EMPL.ZS;Empleo en industria como porcentaje del empleo total;17.5364096639575;Banco Mundial - World Development Indicators;2026-07-27;
Venezuela;Venezuela, RB;VE;VEN;Latin America & Caribbean;Not classified;2023;Mercado laboral;mercado_laboral;Empleo sectorial;empleo_sectorial;SL.IND.EMPL.ZS;Empleo en industria como porcentaje del empleo total;17.3276921466437;Banco Mundial - World Development Indicators;2026-07-27;
Venezuela;Venezuela, RB;VE;VEN;Latin America & Caribbean;Not classified;2024;Mercado laboral;mercado_laboral;Empleo sectorial;empleo_sectorial;SL.IND.EMPL.ZS;Empleo en industria como porcentaje del empleo total;17.2136363618923;Banco Mundial - World Development Indicators;2026-07-27;
Venezuela;Venezuela, RB;VE;VEN;Latin America & Caribbean;Not classified;2025;Mercado laboral;mercado_laboral;Empleo sectorial;empleo_sectorial;SL.IND.EMPL.ZS;Empleo en industria como porcentaje del empleo total;16.7519824595264;Banco Mundial - World Development Indicators;2026-07-27;
Venezuela;Venezuela, RB;VE;VEN;Latin America & Caribbean;Not classified;1960;Mercado laboral;mercado_laboral;Empleo sectorial;empleo_sectorial;SL.SRV.EMPL.ZS;Empleo en servicios como porcentaje del empleo total;;Banco Mundial - World Development Indicators;2026-07-27;
Venezuela;Venezuela, RB;VE;VEN;Latin America & Caribbean;Not classified;1961;Mercado laboral;mercado_laboral;Empleo sectorial;empleo_sectorial;SL.SRV.EMPL.ZS;Empleo en servicios como porcentaje del empleo total;;Banco Mundial - World Development Indicators;2026-07-27;
Venezuela;Venezuela, RB;VE;VEN;Latin America & Caribbean;Not classified;1962;Mercado laboral;mercado_laboral;Empleo sectorial;empleo_sectorial;SL.SRV.EMPL.ZS;Empleo en servicios como porcentaje del empleo total;;Banco Mundial - World Development Indicators;2026-07-27;
Venezuela;Venezuela, RB;VE;VEN;Latin America & Caribbean;Not classified;1963;Mercado laboral;mercado_laboral;Empleo sectorial;empleo_sectorial;SL.SRV.EMPL.ZS;Empleo en servicios como porcentaje del empleo total;;Banco Mundial - World Development Indicators;2026-07-27;
Venezuela;Venezuela, RB;VE;VEN;Latin America & Caribbean;Not classified;1964;Mercado laboral;mercado_laboral;Empleo sectorial;empleo_sectorial;SL.SRV.EMPL.ZS;Empleo en servicios como porcentaje del empleo total;;Banco Mundial - World Development Indicators;2026-07-27;
Venezuela;Venezuela, RB;VE;VEN;Latin America & Caribbean;Not classified;1965;Mercado laboral;mercado_laboral;Empleo sectorial;empleo_sectorial;SL.SRV.EMPL.ZS;Empleo en servicios como porcentaje del empleo total;;Banco Mundial - World Development Indicators;2026-07-27;
Venezuela;Venezuela, RB;VE;VEN;Latin America & Caribbean;Not classified;1966;Mercado laboral;mercado_laboral;Empleo sectorial;empleo_sectorial;SL.SRV.EMPL.ZS;Empleo en servicios como porcentaje del empleo total;;Banco Mundial - World Development Indicators;2026-07-27;
Venezuela;Venezuela, RB;VE;VEN;Latin America & Caribbean;Not classified;1967;Mercado laboral;mercado_laboral;Empleo sectorial;empleo_sectorial;SL.SRV.EMPL.ZS;Empleo en servicios como porcentaje del empleo total;;Banco Mundial - World Development Indicators;2026-07-27;
Venezuela;Venezuela, RB;VE;VEN;Latin America & Caribbean;Not classified;1968;Mercado laboral;mercado_laboral;Empleo sectorial;empleo_sectorial;SL.SRV.EMPL.ZS;Empleo en servicios como porcentaje del empleo total;;Banco Mundial - World Development Indicators;2026-07-27;
Venezuela;Venezuela, RB;VE;VEN;Latin America & Caribbean;Not classified;1969;Mercado laboral;mercado_laboral;Empleo sectorial;empleo_sectorial;SL.SRV.EMPL.ZS;Empleo en servicios como porcentaje del empleo total;;Banco Mundial - World Development Indicators;2026-07-27;
Venezuela;Venezuela, RB;VE;VEN;Latin America & Caribbean;Not classified;1970;Mercado laboral;mercado_laboral;Empleo sectorial;empleo_sectorial;SL.SRV.EMPL.ZS;Empleo en servicios como porcentaje del empleo total;;Banco Mundial - World Development Indicators;2026-07-27;
Venezuela;Venezuela, RB;VE;VEN;Latin America & Caribbean;Not classified;1971;Mercado laboral;mercado_laboral;Empleo sectorial;empleo_sectorial;SL.SRV.EMPL.ZS;Empleo en servicios como porcentaje del empleo total;;Banco Mundial - World Development Indicators;2026-07-27;
Venezuela;Venezuela, RB;VE;VEN;Latin America & Caribbean;Not classified;1972;Mercado laboral;mercado_laboral;Empleo sectorial;empleo_sectorial;SL.SRV.EMPL.ZS;Empleo en servicios como porcentaje del empleo total;;Banco Mundial - World Development Indicators;2026-07-27;
Venezuela;Venezuela, RB;VE;VEN;Latin America & Caribbean;Not classified;1973;Mercado laboral;mercado_laboral;Empleo sectorial;empleo_sectorial;SL.SRV.EMPL.ZS;Empleo en servicios como porcentaje del empleo total;;Banco Mundial - World Development Indicators;2026-07-27;
Venezuela;Venezuela, RB;VE;VEN;Latin America & Caribbean;Not classified;1974;Mercado laboral;mercado_laboral;Empleo sectorial;empleo_sectorial;SL.SRV.EMPL.ZS;Empleo en servicios como porcentaje del empleo total;;Banco Mundial - World Development Indicators;2026-07-27;
Venezuela;Venezuela, RB;VE;VEN;Latin America & Caribbean;Not classified;1975;Mercado laboral;mercado_laboral;Empleo sectorial;empleo_sectorial;SL.SRV.EMPL.ZS;Empleo en servicios como porcentaje del empleo total;;Banco Mundial - World Development Indicators;2026-07-27;
Venezuela;Venezuela, RB;VE;VEN;Latin America & Caribbean;Not classified;1976;Mercado laboral;mercado_laboral;Empleo sectorial;empleo_sectorial;SL.SRV.EMPL.ZS;Empleo en servicios como porcentaje del empleo total;;Banco Mundial - World Development Indicators;2026-07-27;
Venezuela;Venezuela, RB;VE;VEN;Latin America & Caribbean;Not classified;1977;Mercado laboral;mercado_laboral;Empleo sectorial;empleo_sectorial;SL.SRV.EMPL.ZS;Empleo en servicios como porcentaje del empleo total;;Banco Mundial - World Development Indicators;2026-07-27;
Venezuela;Venezuela, RB;VE;VEN;Latin America & Caribbean;Not classified;1978;Mercado laboral;mercado_laboral;Empleo sectorial;empleo_sectorial;SL.SRV.EMPL.ZS;Empleo en servicios como porcentaje del empleo total;;Banco Mundial - World Development Indicators;2026-07-27;
Venezuela;Venezuela, RB;VE;VEN;Latin America & Caribbean;Not classified;1979;Mercado laboral;mercado_laboral;Empleo sectorial;empleo_sectorial;SL.SRV.EMPL.ZS;Empleo en servicios como porcentaje del empleo total;;Banco Mundial - World Development Indicators;2026-07-27;
Venezuela;Venezuela, RB;VE;VEN;Latin America & Caribbean;Not classified;1980;Mercado laboral;mercado_laboral;Empleo sectorial;empleo_sectorial;SL.SRV.EMPL.ZS;Empleo en servicios como porcentaje del empleo total;;Banco Mundial - World Development Indicators;2026-07-27;
Venezuela;Venezuela, RB;VE;VEN;Latin America & Caribbean;Not classified;1981;Mercado laboral;mercado_laboral;Empleo sectorial;empleo_sectorial;SL.SRV.EMPL.ZS;Empleo en servicios como porcentaje del empleo total;;Banco Mundial - World Development Indicators;2026-07-27;
Venezuela;Venezuela, RB;VE;VEN;Latin America & Caribbean;Not classified;1982;Mercado laboral;mercado_laboral;Empleo sectorial;empleo_sectorial;SL.SRV.EMPL.ZS;Empleo en servicios como porcentaje del empleo total;;Banco Mundial - World Development Indicators;2026-07-27;
Venezuela;Venezuela, RB;VE;VEN;Latin America & Caribbean;Not classified;1983;Mercado laboral;mercado_laboral;Empleo sectorial;empleo_sectorial;SL.SRV.EMPL.ZS;Empleo en servicios como porcentaje del empleo total;;Banco Mundial - World Development Indicators;2026-07-27;
Venezuela;Venezuela, RB;VE;VEN;Latin America & Caribbean;Not classified;1984;Mercado laboral;mercado_laboral;Empleo sectorial;empleo_sectorial;SL.SRV.EMPL.ZS;Empleo en servicios como porcentaje del empleo total;;Banco Mundial - World Development Indicators;2026-07-27;
Venezuela;Venezuela, RB;VE;VEN;Latin America & Caribbean;Not classified;1985;Mercado laboral;mercado_laboral;Empleo sectorial;empleo_sectorial;SL.SRV.EMPL.ZS;Empleo en servicios como porcentaje del empleo total;;Banco Mundial - World Development Indicators;2026-07-27;
Venezuela;Venezuela, RB;VE;VEN;Latin America & Caribbean;Not classified;1986;Mercado laboral;mercado_laboral;Empleo sectorial;empleo_sectorial;SL.SRV.EMPL.ZS;Empleo en servicios como porcentaje del empleo total;;Banco Mundial - World Development Indicators;2026-07-27;
Venezuela;Venezuela, RB;VE;VEN;Latin America & Caribbean;Not classified;1987;Mercado laboral;mercado_laboral;Empleo sectorial;empleo_sectorial;SL.SRV.EMPL.ZS;Empleo en servicios como porcentaje del empleo total;;Banco Mundial - World Development Indicators;2026-07-27;
Venezuela;Venezuela, RB;VE;VEN;Latin America & Caribbean;Not classified;1988;Mercado laboral;mercado_laboral;Empleo sectorial;empleo_sectorial;SL.SRV.EMPL.ZS;Empleo en servicios como porcentaje del empleo total;;Banco Mundial - World Development Indicators;2026-07-27;
Venezuela;Venezuela, RB;VE;VEN;Latin America & Caribbean;Not classified;1989;Mercado laboral;mercado_laboral;Empleo sectorial;empleo_sectorial;SL.SRV.EMPL.ZS;Empleo en servicios como porcentaje del empleo total;;Banco Mundial - World Development Indicators;2026-07-27;
Venezuela;Venezuela, RB;VE;VEN;Latin America & Caribbean;Not classified;1990;Mercado laboral;mercado_laboral;Empleo sectorial;empleo_sectorial;SL.SRV.EMPL.ZS;Empleo en servicios como porcentaje del empleo total;;Banco Mundial - World Development Indicators;2026-07-27;
Venezuela;Venezuela, RB;VE;VEN;Latin America & Caribbean;Not classified;1991;Mercado laboral;mercado_laboral;Empleo sectorial;empleo_sectorial;SL.SRV.EMPL.ZS;Empleo en servicios como porcentaje del empleo total;60.7619781388363;Banco Mundial - World Development Indicators;2026-07-27;
Venezuela;Venezuela, RB;VE;VEN;Latin America & Caribbean;Not classified;1992;Mercado laboral;mercado_laboral;Empleo sectorial;empleo_sectorial;SL.SRV.EMPL.ZS;Empleo en servicios como porcentaje del empleo total;61.0327234738127;Banco Mundial - World Development Indicators;2026-07-27;
Venezuela;Venezuela, RB;VE;VEN;Latin America & Caribbean;Not classified;1993;Mercado laboral;mercado_laboral;Empleo sectorial;empleo_sectorial;SL.SRV.EMPL.ZS;Empleo en servicios como porcentaje del empleo total;61.9176402890238;Banco Mundial - World Development Indicators;2026-07-27;
Venezuela;Venezuela, RB;VE;VEN;Latin America & Caribbean;Not classified;1994;Mercado laboral;mercado_laboral;Empleo sectorial;empleo_sectorial;SL.SRV.EMPL.ZS;Empleo en servicios como porcentaje del empleo total;61.903778606246;Banco Mundial - World Development Indicators;2026-07-27;
Venezuela;Venezuela, RB;VE;VEN;Latin America & Caribbean;Not classified;1995;Mercado laboral;mercado_laboral;Empleo sectorial;empleo_sectorial;SL.SRV.EMPL.ZS;Empleo en servicios como porcentaje del empleo total;62.3621437621163;Banco Mundial - World Development Indicators;2026-07-27;
Venezuela;Venezuela, RB;VE;VEN;Latin America & Caribbean;Not classified;1996;Mercado laboral;mercado_laboral;Empleo sectorial;empleo_sectorial;SL.SRV.EMPL.ZS;Empleo en servicios como porcentaje del empleo total;63.5299466330253;Banco Mundial - World Development Indicators;2026-07-27;
Venezuela;Venezuela, RB;VE;VEN;Latin America & Caribbean;Not classified;1997;Mercado laboral;mercado_laboral;Empleo sectorial;empleo_sectorial;SL.SRV.EMPL.ZS;Empleo en servicios como porcentaje del empleo total;64.7890157831321;Banco Mundial - World Development Indicators;2026-07-27;
Venezuela;Venezuela, RB;VE;VEN;Latin America & Caribbean;Not classified;1998;Mercado laboral;mercado_laboral;Empleo sectorial;empleo_sectorial;SL.SRV.EMPL.ZS;Empleo en servicios como porcentaje del empleo total;65.0127437474018;Banco Mundial - World Development Indicators;2026-07-27;
Venezuela;Venezuela, RB;VE;VEN;Latin America & Caribbean;Not classified;1999;Mercado laboral;mercado_laboral;Empleo sectorial;empleo_sectorial;SL.SRV.EMPL.ZS;Empleo en servicios como porcentaje del empleo total;66.5979204501762;Banco Mundial - World Development Indicators;2026-07-27;
Venezuela;Venezuela, RB;VE;VEN;Latin America & Caribbean;Not classified;2000;Mercado laboral;mercado_laboral;Empleo sectorial;empleo_sectorial;SL.SRV.EMPL.ZS;Empleo en servicios como porcentaje del empleo total;66.0720423678793;Banco Mundial - World Development Indicators;2026-07-27;
Venezuela;Venezuela, RB;VE;VEN;Latin America & Caribbean;Not classified;2001;Mercado laboral;mercado_laboral;Empleo sectorial;empleo_sectorial;SL.SRV.EMPL.ZS;Empleo en servicios como porcentaje del empleo total;67.7934321836923;Banco Mundial - World Development Indicators;2026-07-27;
Venezuela;Venezuela, RB;VE;VEN;Latin America & Caribbean;Not classified;2002;Mercado laboral;mercado_laboral;Empleo sectorial;empleo_sectorial;SL.SRV.EMPL.ZS;Empleo en servicios como porcentaje del empleo total;68.8897000702921;Banco Mundial - World Development Indicators;2026-07-27;
Venezuela;Venezuela, RB;VE;VEN;Latin America & Caribbean;Not classified;2003;Mercado laboral;mercado_laboral;Empleo sectorial;empleo_sectorial;SL.SRV.EMPL.ZS;Empleo en servicios como porcentaje del empleo total;68.9105698764474;Banco Mundial - World Development Indicators;2026-07-27;
Venezuela;Venezuela, RB;VE;VEN;Latin America & Caribbean;Not classified;2004;Mercado laboral;mercado_laboral;Empleo sectorial;empleo_sectorial;SL.SRV.EMPL.ZS;Empleo en servicios como porcentaje del empleo total;68.7148248136968;Banco Mundial - World Development Indicators;2026-07-27;
Venezuela;Venezuela, RB;VE;VEN;Latin America & Caribbean;Not classified;2005;Mercado laboral;mercado_laboral;Empleo sectorial;empleo_sectorial;SL.SRV.EMPL.ZS;Empleo en servicios como porcentaje del empleo total;69.0652598914242;Banco Mundial - World Development Indicators;2026-07-27;
Venezuela;Venezuela, RB;VE;VEN;Latin America & Caribbean;Not classified;2006;Mercado laboral;mercado_laboral;Empleo sectorial;empleo_sectorial;SL.SRV.EMPL.ZS;Empleo en servicios como porcentaje del empleo total;68.3986234666937;Banco Mundial - World Development Indicators;2026-07-27;
Venezuela;Venezuela, RB;VE;VEN;Latin America & Caribbean;Not classified;2007;Mercado laboral;mercado_laboral;Empleo sectorial;empleo_sectorial;SL.SRV.EMPL.ZS;Empleo en servicios como porcentaje del empleo total;68.0340559924878;Banco Mundial - World Development Indicators;2026-07-27;
Venezuela;Venezuela, RB;VE;VEN;Latin America & Caribbean;Not classified;2008;Mercado laboral;mercado_laboral;Empleo sectorial;empleo_sectorial;SL.SRV.EMPL.ZS;Empleo en servicios como porcentaje del empleo total;68.6092481293891;Banco Mundial - World Development Indicators;2026-07-27;
Venezuela;Venezuela, RB;VE;VEN;Latin America & Caribbean;Not classified;2009;Mercado laboral;mercado_laboral;Empleo sectorial;empleo_sectorial;SL.SRV.EMPL.ZS;Empleo en servicios como porcentaje del empleo total;68.9061370100757;Banco Mundial - World Development Indicators;2026-07-27;
Venezuela;Venezuela, RB;VE;VEN;Latin America & Caribbean;Not classified;2010;Mercado laboral;mercado_laboral;Empleo sectorial;empleo_sectorial;SL.SRV.EMPL.ZS;Empleo en servicios como porcentaje del empleo total;69.4872292678741;Banco Mundial - World Development Indicators;2026-07-27;
Venezuela;Venezuela, RB;VE;VEN;Latin America & Caribbean;Not classified;2011;Mercado laboral;mercado_laboral;Empleo sectorial;empleo_sectorial;SL.SRV.EMPL.ZS;Empleo en servicios como porcentaje del empleo total;70.1503155774881;Banco Mundial - World Development Indicators;2026-07-27;
Venezuela;Venezuela, RB;VE;VEN;Latin America & Caribbean;Not classified;2012;Mercado laboral;mercado_laboral;Empleo sectorial;empleo_sectorial;SL.SRV.EMPL.ZS;Empleo en servicios como porcentaje del empleo total;70.9948787727543;Banco Mundial - World Development Indicators;2026-07-27;
Venezuela;Venezuela, RB;VE;VEN;Latin America & Caribbean;Not classified;2013;Mercado laboral;mercado_laboral;Empleo sectorial;empleo_sectorial;SL.SRV.EMPL.ZS;Empleo en servicios como porcentaje del empleo total;71.228365334472;Banco Mundial - World Development Indicators;2026-07-27;
Venezuela;Venezuela, RB;VE;VEN;Latin America & Caribbean;Not classified;2014;Mercado laboral;mercado_laboral;Empleo sectorial;empleo_sectorial;SL.SRV.EMPL.ZS;Empleo en servicios como porcentaje del empleo total;71.8162963128606;Banco Mundial - World Development Indicators;2026-07-27;
Venezuela;Venezuela, RB;VE;VEN;Latin America & Caribbean;Not classified;2015;Mercado laboral;mercado_laboral;Empleo sectorial;empleo_sectorial;SL.SRV.EMPL.ZS;Empleo en servicios como porcentaje del empleo total;72.2380544625395;Banco Mundial - World Development Indicators;2026-07-27;
Venezuela;Venezuela, RB;VE;VEN;Latin America & Caribbean;Not classified;2016;Mercado laboral;mercado_laboral;Empleo sectorial;empleo_sectorial;SL.SRV.EMPL.ZS;Empleo en servicios como porcentaje del empleo total;72.8077900344325;Banco Mundial - World Development Indicators;2026-07-27;
Venezuela;Venezuela, RB;VE;VEN;Latin America & Caribbean;Not classified;2017;Mercado laboral;mercado_laboral;Empleo sectorial;empleo_sectorial;SL.SRV.EMPL.ZS;Empleo en servicios como porcentaje del empleo total;71.8492557571158;Banco Mundial - World Development Indicators;2026-07-27;
Venezuela;Venezuela, RB;VE;VEN;Latin America & Caribbean;Not classified;2018;Mercado laboral;mercado_laboral;Empleo sectorial;empleo_sectorial;SL.SRV.EMPL.ZS;Empleo en servicios como porcentaje del empleo total;72.5351339268112;Banco Mundial - World Development Indicators;2026-07-27;
Venezuela;Venezuela, RB;VE;VEN;Latin America & Caribbean;Not classified;2019;Mercado laboral;mercado_laboral;Empleo sectorial;empleo_sectorial;SL.SRV.EMPL.ZS;Empleo en servicios como porcentaje del empleo total;73.2528900861266;Banco Mundial - World Development Indicators;2026-07-27;
Venezuela;Venezuela, RB;VE;VEN;Latin America & Caribbean;Not classified;2020;Mercado laboral;mercado_laboral;Empleo sectorial;empleo_sectorial;SL.SRV.EMPL.ZS;Empleo en servicios como porcentaje del empleo total;72.6917446352879;Banco Mundial - World Development Indicators;2026-07-27;
Venezuela;Venezuela, RB;VE;VEN;Latin America & Caribbean;Not classified;2021;Mercado laboral;mercado_laboral;Empleo sectorial;empleo_sectorial;SL.SRV.EMPL.ZS;Empleo en servicios como porcentaje del empleo total;72.6070280562921;Banco Mundial - World Development Indicators;2026-07-27;
Venezuela;Venezuela, RB;VE;VEN;Latin America & Caribbean;Not classified;2022;Mercado laboral;mercado_laboral;Empleo sectorial;empleo_sectorial;SL.SRV.EMPL.ZS;Empleo en servicios como porcentaje del empleo total;73.0584823640864;Banco Mundial - World Development Indicators;2026-07-27;
Venezuela;Venezuela, RB;VE;VEN;Latin America & Caribbean;Not classified;2023;Mercado laboral;mercado_laboral;Empleo sectorial;empleo_sectorial;SL.SRV.EMPL.ZS;Empleo en servicios como porcentaje del empleo total;73.4913759782388;Banco Mundial - World Development Indicators;2026-07-27;
Venezuela;Venezuela, RB;VE;VEN;Latin America & Caribbean;Not classified;2024;Mercado laboral;mercado_laboral;Empleo sectorial;empleo_sectorial;SL.SRV.EMPL.ZS;Empleo en servicios como porcentaje del empleo total;73.8841898793772;Banco Mundial - World Development Indicators;2026-07-27;
Venezuela;Venezuela, RB;VE;VEN;Latin America & Caribbean;Not classified;2025;Mercado laboral;mercado_laboral;Empleo sectorial;empleo_sectorial;SL.SRV.EMPL.ZS;Empleo en servicios como porcentaje del empleo total;74.3732817797608;Banco Mundial - World Development Indicators;2026-07-27;
Venezuela;Venezuela, RB;VE;VEN;Latin America & Caribbean;Not classified;1960;Mercado laboral;mercado_laboral;Actividad laboral;actividad_laboral;SL.TLF.CACT.MA.ZS;Tasa de participación laboral masculina;;Banco Mundial - World Development Indicators;2026-07-27;
Venezuela;Venezuela, RB;VE;VEN;Latin America & Caribbean;Not classified;1961;Mercado laboral;mercado_laboral;Actividad laboral;actividad_laboral;SL.TLF.CACT.MA.ZS;Tasa de participación laboral masculina;;Banco Mundial - World Development Indicators;2026-07-27;
Venezuela;Venezuela, RB;VE;VEN;Latin America & Caribbean;Not classified;1962;Mercado laboral;mercado_laboral;Actividad laboral;actividad_laboral;SL.TLF.CACT.MA.ZS;Tasa de participación laboral masculina;;Banco Mundial - World Development Indicators;2026-07-27;
Venezuela;Venezuela, RB;VE;VEN;Latin America & Caribbean;Not classified;1963;Mercado laboral;mercado_laboral;Actividad laboral;actividad_laboral;SL.TLF.CACT.MA.ZS;Tasa de participación laboral masculina;;Banco Mundial - World Development Indicators;2026-07-27;
Venezuela;Venezuela, RB;VE;VEN;Latin America & Caribbean;Not classified;1964;Mercado laboral;mercado_laboral;Actividad laboral;actividad_laboral;SL.TLF.CACT.MA.ZS;Tasa de participación laboral masculina;;Banco Mundial - World Development Indicators;2026-07-27;
Venezuela;Venezuela, RB;VE;VEN;Latin America & Caribbean;Not classified;1965;Mercado laboral;mercado_laboral;Actividad laboral;actividad_laboral;SL.TLF.CACT.MA.ZS;Tasa de participación laboral masculina;;Banco Mundial - World Development Indicators;2026-07-27;
Venezuela;Venezuela, RB;VE;VEN;Latin America & Caribbean;Not classified;1966;Mercado laboral;mercado_laboral;Actividad laboral;actividad_laboral;SL.TLF.CACT.MA.ZS;Tasa de participación laboral masculina;;Banco Mundial - World Development Indicators;2026-07-27;
Venezuela;Venezuela, RB;VE;VEN;Latin America & Caribbean;Not classified;1967;Mercado laboral;mercado_laboral;Actividad laboral;actividad_laboral;SL.TLF.CACT.MA.ZS;Tasa de participación laboral masculina;;Banco Mundial - World Development Indicators;2026-07-27;
Venezuela;Venezuela, RB;VE;VEN;Latin America & Caribbean;Not classified;1968;Mercado laboral;mercado_laboral;Actividad laboral;actividad_laboral;SL.TLF.CACT.MA.ZS;Tasa de participación laboral masculina;;Banco Mundial - World Development Indicators;2026-07-27;
Venezuela;Venezuela, RB;VE;VEN;Latin America & Caribbean;Not classified;1969;Mercado laboral;mercado_laboral;Actividad laboral;actividad_laboral;SL.TLF.CACT.MA.ZS;Tasa de participación laboral masculina;;Banco Mundial - World Development Indicators;2026-07-27;
Venezuela;Venezuela, RB;VE;VEN;Latin America & Caribbean;Not classified;1970;Mercado laboral;mercado_laboral;Actividad laboral;actividad_laboral;SL.TLF.CACT.MA.ZS;Tasa de participación laboral masculina;;Banco Mundial - World Development Indicators;2026-07-27;
Venezuela;Venezuela, RB;VE;VEN;Latin America & Caribbean;Not classified;1971;Mercado laboral;mercado_laboral;Actividad laboral;actividad_laboral;SL.TLF.CACT.MA.ZS;Tasa de participación laboral masculina;;Banco Mundial - World Development Indicators;2026-07-27;
Venezuela;Venezuela, RB;VE;VEN;Latin America & Caribbean;Not classified;1972;Mercado laboral;mercado_laboral;Actividad laboral;actividad_laboral;SL.TLF.CACT.MA.ZS;Tasa de participación laboral masculina;;Banco Mundial - World Development Indicators;2026-07-27;
Venezuela;Venezuela, RB;VE;VEN;Latin America & Caribbean;Not classified;1973;Mercado laboral;mercado_laboral;Actividad laboral;actividad_laboral;SL.TLF.CACT.MA.ZS;Tasa de participación laboral masculina;;Banco Mundial - World Development Indicators;2026-07-27;
Venezuela;Venezuela, RB;VE;VEN;Latin America & Caribbean;Not classified;1974;Mercado laboral;mercado_laboral;Actividad laboral;actividad_laboral;SL.TLF.CACT.MA.ZS;Tasa de participación laboral masculina;;Banco Mundial - World Development Indicators;2026-07-27;
Venezuela;Venezuela, RB;VE;VEN;Latin America & Caribbean;Not classified;1975;Mercado laboral;mercado_laboral;Actividad laboral;actividad_laboral;SL.TLF.CACT.MA.ZS;Tasa de participación laboral masculina;;Banco Mundial - World Development Indicators;2026-07-27;
Venezuela;Venezuela, RB;VE;VEN;Latin America & Caribbean;Not classified;1976;Mercado laboral;mercado_laboral;Actividad laboral;actividad_laboral;SL.TLF.CACT.MA.ZS;Tasa de participación laboral masculina;;Banco Mundial - World Development Indicators;2026-07-27;
Venezuela;Venezuela, RB;VE;VEN;Latin America & Caribbean;Not classified;1977;Mercado laboral;mercado_laboral;Actividad laboral;actividad_laboral;SL.TLF.CACT.MA.ZS;Tasa de participación laboral masculina;;Banco Mundial - World Development Indicators;2026-07-27;
Venezuela;Venezuela, RB;VE;VEN;Latin America & Caribbean;Not classified;1978;Mercado laboral;mercado_laboral;Actividad laboral;actividad_laboral;SL.TLF.CACT.MA.ZS;Tasa de participación laboral masculina;;Banco Mundial - World Development Indicators;2026-07-27;
Venezuela;Venezuela, RB;VE;VEN;Latin America & Caribbean;Not classified;1979;Mercado laboral;mercado_laboral;Actividad laboral;actividad_laboral;SL.TLF.CACT.MA.ZS;Tasa de participación laboral masculina;;Banco Mundial - World Development Indicators;2026-07-27;
Venezuela;Venezuela, RB;VE;VEN;Latin America & Caribbean;Not classified;1980;Mercado laboral;mercado_laboral;Actividad laboral;actividad_laboral;SL.TLF.CACT.MA.ZS;Tasa de participación laboral masculina;;Banco Mundial - World Development Indicators;2026-07-27;
Venezuela;Venezuela, RB;VE;VEN;Latin America & Caribbean;Not classified;1981;Mercado laboral;mercado_laboral;Actividad laboral;actividad_laboral;SL.TLF.CACT.MA.ZS;Tasa de participación laboral masculina;;Banco Mundial - World Development Indicators;2026-07-27;
Venezuela;Venezuela, RB;VE;VEN;Latin America & Caribbean;Not classified;1982;Mercado laboral;mercado_laboral;Actividad laboral;actividad_laboral;SL.TLF.CACT.MA.ZS;Tasa de participación laboral masculina;;Banco Mundial - World Development Indicators;2026-07-27;
Venezuela;Venezuela, RB;VE;VEN;Latin America & Caribbean;Not classified;1983;Mercado laboral;mercado_laboral;Actividad laboral;actividad_laboral;SL.TLF.CACT.MA.ZS;Tasa de participación laboral masculina;;Banco Mundial - World Development Indicators;2026-07-27;
Venezuela;Venezuela, RB;VE;VEN;Latin America & Caribbean;Not classified;1984;Mercado laboral;mercado_laboral;Actividad laboral;actividad_laboral;SL.TLF.CACT.MA.ZS;Tasa de participación laboral masculina;;Banco Mundial - World Development Indicators;2026-07-27;
Venezuela;Venezuela, RB;VE;VEN;Latin America & Caribbean;Not classified;1985;Mercado laboral;mercado_laboral;Actividad laboral;actividad_laboral;SL.TLF.CACT.MA.ZS;Tasa de participación laboral masculina;;Banco Mundial - World Development Indicators;2026-07-27;
Venezuela;Venezuela, RB;VE;VEN;Latin America & Caribbean;Not classified;1986;Mercado laboral;mercado_laboral;Actividad laboral;actividad_laboral;SL.TLF.CACT.MA.ZS;Tasa de participación laboral masculina;;Banco Mundial - World Development Indicators;2026-07-27;
Venezuela;Venezuela, RB;VE;VEN;Latin America & Caribbean;Not classified;1987;Mercado laboral;mercado_laboral;Actividad laboral;actividad_laboral;SL.TLF.CACT.MA.ZS;Tasa de participación laboral masculina;;Banco Mundial - World Development Indicators;2026-07-27;
Venezuela;Venezuela, RB;VE;VEN;Latin America & Caribbean;Not classified;1988;Mercado laboral;mercado_laboral;Actividad laboral;actividad_laboral;SL.TLF.CACT.MA.ZS;Tasa de participación laboral masculina;;Banco Mundial - World Development Indicators;2026-07-27;
Venezuela;Venezuela, RB;VE;VEN;Latin America & Caribbean;Not classified;1989;Mercado laboral;mercado_laboral;Actividad laboral;actividad_laboral;SL.TLF.CACT.MA.ZS;Tasa de participación laboral masculina;;Banco Mundial - World Development Indicators;2026-07-27;
Venezuela;Venezuela, RB;VE;VEN;Latin America & Caribbean;Not classified;1990;Mercado laboral;mercado_laboral;Actividad laboral;actividad_laboral;SL.TLF.CACT.MA.ZS;Tasa de participación laboral masculina;79.774;Banco Mundial - World Development Indicators;2026-07-27;
Venezuela;Venezuela, RB;VE;VEN;Latin America & Caribbean;Not classified;1991;Mercado laboral;mercado_laboral;Actividad laboral;actividad_laboral;SL.TLF.CACT.MA.ZS;Tasa de participación laboral masculina;80.255;Banco Mundial - World Development Indicators;2026-07-27;
Venezuela;Venezuela, RB;VE;VEN;Latin America & Caribbean;Not classified;1992;Mercado laboral;mercado_laboral;Actividad laboral;actividad_laboral;SL.TLF.CACT.MA.ZS;Tasa de participación laboral masculina;80.316;Banco Mundial - World Development Indicators;2026-07-27;
Venezuela;Venezuela, RB;VE;VEN;Latin America & Caribbean;Not classified;1993;Mercado laboral;mercado_laboral;Actividad laboral;actividad_laboral;SL.TLF.CACT.MA.ZS;Tasa de participación laboral masculina;80.395;Banco Mundial - World Development Indicators;2026-07-27;
Venezuela;Venezuela, RB;VE;VEN;Latin America & Caribbean;Not classified;1994;Mercado laboral;mercado_laboral;Actividad laboral;actividad_laboral;SL.TLF.CACT.MA.ZS;Tasa de participación laboral masculina;80.408;Banco Mundial - World Development Indicators;2026-07-27;
Venezuela;Venezuela, RB;VE;VEN;Latin America & Caribbean;Not classified;1995;Mercado laboral;mercado_laboral;Actividad laboral;actividad_laboral;SL.TLF.CACT.MA.ZS;Tasa de participación laboral masculina;80.674;Banco Mundial - World Development Indicators;2026-07-27;
Venezuela;Venezuela, RB;VE;VEN;Latin America & Caribbean;Not classified;1996;Mercado laboral;mercado_laboral;Actividad laboral;actividad_laboral;SL.TLF.CACT.MA.ZS;Tasa de participación laboral masculina;80.189;Banco Mundial - World Development Indicators;2026-07-27;
Venezuela;Venezuela, RB;VE;VEN;Latin America & Caribbean;Not classified;1997;Mercado laboral;mercado_laboral;Actividad laboral;actividad_laboral;SL.TLF.CACT.MA.ZS;Tasa de participación laboral masculina;80.692;Banco Mundial - World Development Indicators;2026-07-27;
Venezuela;Venezuela, RB;VE;VEN;Latin America & Caribbean;Not classified;1998;Mercado laboral;mercado_laboral;Actividad laboral;actividad_laboral;SL.TLF.CACT.MA.ZS;Tasa de participación laboral masculina;80.234;Banco Mundial - World Development Indicators;2026-07-27;
Venezuela;Venezuela, RB;VE;VEN;Latin America & Caribbean;Not classified;1999;Mercado laboral;mercado_laboral;Actividad laboral;actividad_laboral;SL.TLF.CACT.MA.ZS;Tasa de participación laboral masculina;79.989;Banco Mundial - World Development Indicators;2026-07-27;
Venezuela;Venezuela, RB;VE;VEN;Latin America & Caribbean;Not classified;2000;Mercado laboral;mercado_laboral;Actividad laboral;actividad_laboral;SL.TLF.CACT.MA.ZS;Tasa de participación laboral masculina;80.46;Banco Mundial - World Development Indicators;2026-07-27;
Venezuela;Venezuela, RB;VE;VEN;Latin America & Caribbean;Not classified;2001;Mercado laboral;mercado_laboral;Actividad laboral;actividad_laboral;SL.TLF.CACT.MA.ZS;Tasa de participación laboral masculina;80.068;Banco Mundial - World Development Indicators;2026-07-27;
Venezuela;Venezuela, RB;VE;VEN;Latin America & Caribbean;Not classified;2002;Mercado laboral;mercado_laboral;Actividad laboral;actividad_laboral;SL.TLF.CACT.MA.ZS;Tasa de participación laboral masculina;79.241;Banco Mundial - World Development Indicators;2026-07-27;
Venezuela;Venezuela, RB;VE;VEN;Latin America & Caribbean;Not classified;2003;Mercado laboral;mercado_laboral;Actividad laboral;actividad_laboral;SL.TLF.CACT.MA.ZS;Tasa de participación laboral masculina;79.026;Banco Mundial - World Development Indicators;2026-07-27;
Venezuela;Venezuela, RB;VE;VEN;Latin America & Caribbean;Not classified;2004;Mercado laboral;mercado_laboral;Actividad laboral;actividad_laboral;SL.TLF.CACT.MA.ZS;Tasa de participación laboral masculina;80.274;Banco Mundial - World Development Indicators;2026-07-27;
Venezuela;Venezuela, RB;VE;VEN;Latin America & Caribbean;Not classified;2005;Mercado laboral;mercado_laboral;Actividad laboral;actividad_laboral;SL.TLF.CACT.MA.ZS;Tasa de participación laboral masculina;79.499;Banco Mundial - World Development Indicators;2026-07-27;
Venezuela;Venezuela, RB;VE;VEN;Latin America & Caribbean;Not classified;2006;Mercado laboral;mercado_laboral;Actividad laboral;actividad_laboral;SL.TLF.CACT.MA.ZS;Tasa de participación laboral masculina;80.117;Banco Mundial - World Development Indicators;2026-07-27;
Venezuela;Venezuela, RB;VE;VEN;Latin America & Caribbean;Not classified;2007;Mercado laboral;mercado_laboral;Actividad laboral;actividad_laboral;SL.TLF.CACT.MA.ZS;Tasa de participación laboral masculina;79.531;Banco Mundial - World Development Indicators;2026-07-27;
Venezuela;Venezuela, RB;VE;VEN;Latin America & Caribbean;Not classified;2008;Mercado laboral;mercado_laboral;Actividad laboral;actividad_laboral;SL.TLF.CACT.MA.ZS;Tasa de participación laboral masculina;79.29;Banco Mundial - World Development Indicators;2026-07-27;
Venezuela;Venezuela, RB;VE;VEN;Latin America & Caribbean;Not classified;2009;Mercado laboral;mercado_laboral;Actividad laboral;actividad_laboral;SL.TLF.CACT.MA.ZS;Tasa de participación laboral masculina;78.518;Banco Mundial - World Development Indicators;2026-07-27;
Venezuela;Venezuela, RB;VE;VEN;Latin America & Caribbean;Not classified;2010;Mercado laboral;mercado_laboral;Actividad laboral;actividad_laboral;SL.TLF.CACT.MA.ZS;Tasa de participación laboral masculina;78.567;Banco Mundial - World Development Indicators;2026-07-27;
Venezuela;Venezuela, RB;VE;VEN;Latin America & Caribbean;Not classified;2011;Mercado laboral;mercado_laboral;Actividad laboral;actividad_laboral;SL.TLF.CACT.MA.ZS;Tasa de participación laboral masculina;78.076;Banco Mundial - World Development Indicators;2026-07-27;
Venezuela;Venezuela, RB;VE;VEN;Latin America & Caribbean;Not classified;2012;Mercado laboral;mercado_laboral;Actividad laboral;actividad_laboral;SL.TLF.CACT.MA.ZS;Tasa de participación laboral masculina;77.208;Banco Mundial - World Development Indicators;2026-07-27;
Venezuela;Venezuela, RB;VE;VEN;Latin America & Caribbean;Not classified;2013;Mercado laboral;mercado_laboral;Actividad laboral;actividad_laboral;SL.TLF.CACT.MA.ZS;Tasa de participación laboral masculina;76.672;Banco Mundial - World Development Indicators;2026-07-27;
Venezuela;Venezuela, RB;VE;VEN;Latin America & Caribbean;Not classified;2014;Mercado laboral;mercado_laboral;Actividad laboral;actividad_laboral;SL.TLF.CACT.MA.ZS;Tasa de participación laboral masculina;76.128;Banco Mundial - World Development Indicators;2026-07-27;
Venezuela;Venezuela, RB;VE;VEN;Latin America & Caribbean;Not classified;2015;Mercado laboral;mercado_laboral;Actividad laboral;actividad_laboral;SL.TLF.CACT.MA.ZS;Tasa de participación laboral masculina;75.579;Banco Mundial - World Development Indicators;2026-07-27;
Venezuela;Venezuela, RB;VE;VEN;Latin America & Caribbean;Not classified;2016;Mercado laboral;mercado_laboral;Actividad laboral;actividad_laboral;SL.TLF.CACT.MA.ZS;Tasa de participación laboral masculina;75.026;Banco Mundial - World Development Indicators;2026-07-27;
Venezuela;Venezuela, RB;VE;VEN;Latin America & Caribbean;Not classified;2017;Mercado laboral;mercado_laboral;Actividad laboral;actividad_laboral;SL.TLF.CACT.MA.ZS;Tasa de participación laboral masculina;74.189;Banco Mundial - World Development Indicators;2026-07-27;
Venezuela;Venezuela, RB;VE;VEN;Latin America & Caribbean;Not classified;2018;Mercado laboral;mercado_laboral;Actividad laboral;actividad_laboral;SL.TLF.CACT.MA.ZS;Tasa de participación laboral masculina;72.125;Banco Mundial - World Development Indicators;2026-07-27;
Venezuela;Venezuela, RB;VE;VEN;Latin America & Caribbean;Not classified;2019;Mercado laboral;mercado_laboral;Actividad laboral;actividad_laboral;SL.TLF.CACT.MA.ZS;Tasa de participación laboral masculina;68.58;Banco Mundial - World Development Indicators;2026-07-27;
Venezuela;Venezuela, RB;VE;VEN;Latin America & Caribbean;Not classified;2020;Mercado laboral;mercado_laboral;Actividad laboral;actividad_laboral;SL.TLF.CACT.MA.ZS;Tasa de participación laboral masculina;60.016;Banco Mundial - World Development Indicators;2026-07-27;
Venezuela;Venezuela, RB;VE;VEN;Latin America & Caribbean;Not classified;2021;Mercado laboral;mercado_laboral;Actividad laboral;actividad_laboral;SL.TLF.CACT.MA.ZS;Tasa de participación laboral masculina;60.412;Banco Mundial - World Development Indicators;2026-07-27;
Venezuela;Venezuela, RB;VE;VEN;Latin America & Caribbean;Not classified;2022;Mercado laboral;mercado_laboral;Actividad laboral;actividad_laboral;SL.TLF.CACT.MA.ZS;Tasa de participación laboral masculina;67.23;Banco Mundial - World Development Indicators;2026-07-27;
Venezuela;Venezuela, RB;VE;VEN;Latin America & Caribbean;Not classified;2023;Mercado laboral;mercado_laboral;Actividad laboral;actividad_laboral;SL.TLF.CACT.MA.ZS;Tasa de participación laboral masculina;67.349;Banco Mundial - World Development Indicators;2026-07-27;
Venezuela;Venezuela, RB;VE;VEN;Latin America & Caribbean;Not classified;2024;Mercado laboral;mercado_laboral;Actividad laboral;actividad_laboral;SL.TLF.CACT.MA.ZS;Tasa de participación laboral masculina;67.524;Banco Mundial - World Development Indicators;2026-07-27;
Venezuela;Venezuela, RB;VE;VEN;Latin America & Caribbean;Not classified;2025;Mercado laboral;mercado_laboral;Actividad laboral;actividad_laboral;SL.TLF.CACT.MA.ZS;Tasa de participación laboral masculina;67.523;Banco Mundial - World Development Indicators;2026-07-27;
Venezuela;Venezuela, RB;VE;VEN;Latin America & Caribbean;Not classified;1960;Mercado laboral;mercado_laboral;Actividad laboral;actividad_laboral;SL.TLF.CACT.ZS;Tasa de participación laboral total;;Banco Mundial - World Development Indicators;2026-07-27;
Venezuela;Venezuela, RB;VE;VEN;Latin America & Caribbean;Not classified;1961;Mercado laboral;mercado_laboral;Actividad laboral;actividad_laboral;SL.TLF.CACT.ZS;Tasa de participación laboral total;;Banco Mundial - World Development Indicators;2026-07-27;
Venezuela;Venezuela, RB;VE;VEN;Latin America & Caribbean;Not classified;1962;Mercado laboral;mercado_laboral;Actividad laboral;actividad_laboral;SL.TLF.CACT.ZS;Tasa de participación laboral total;;Banco Mundial - World Development Indicators;2026-07-27;
Venezuela;Venezuela, RB;VE;VEN;Latin America & Caribbean;Not classified;1963;Mercado laboral;mercado_laboral;Actividad laboral;actividad_laboral;SL.TLF.CACT.ZS;Tasa de participación laboral total;;Banco Mundial - World Development Indicators;2026-07-27;
Venezuela;Venezuela, RB;VE;VEN;Latin America & Caribbean;Not classified;1964;Mercado laboral;mercado_laboral;Actividad laboral;actividad_laboral;SL.TLF.CACT.ZS;Tasa de participación laboral total;;Banco Mundial - World Development Indicators;2026-07-27;
Venezuela;Venezuela, RB;VE;VEN;Latin America & Caribbean;Not classified;1965;Mercado laboral;mercado_laboral;Actividad laboral;actividad_laboral;SL.TLF.CACT.ZS;Tasa de participación laboral total;;Banco Mundial - World Development Indicators;2026-07-27;
Venezuela;Venezuela, RB;VE;VEN;Latin America & Caribbean;Not classified;1966;Mercado laboral;mercado_laboral;Actividad laboral;actividad_laboral;SL.TLF.CACT.ZS;Tasa de participación laboral total;;Banco Mundial - World Development Indicators;2026-07-27;
Venezuela;Venezuela, RB;VE;VEN;Latin America & Caribbean;Not classified;1967;Mercado laboral;mercado_laboral;Actividad laboral;actividad_laboral;SL.TLF.CACT.ZS;Tasa de participación laboral total;;Banco Mundial - World Development Indicators;2026-07-27;
Venezuela;Venezuela, RB;VE;VEN;Latin America & Caribbean;Not classified;1968;Mercado laboral;mercado_laboral;Actividad laboral;actividad_laboral;SL.TLF.CACT.ZS;Tasa de participación laboral total;;Banco Mundial - World Development Indicators;2026-07-27;
Venezuela;Venezuela, RB;VE;VEN;Latin America & Caribbean;Not classified;1969;Mercado laboral;mercado_laboral;Actividad laboral;actividad_laboral;SL.TLF.CACT.ZS;Tasa de participación laboral total;;Banco Mundial - World Development Indicators;2026-07-27;
Venezuela;Venezuela, RB;VE;VEN;Latin America & Caribbean;Not classified;1970;Mercado laboral;mercado_laboral;Actividad laboral;actividad_laboral;SL.TLF.CACT.ZS;Tasa de participación laboral total;;Banco Mundial - World Development Indicators;2026-07-27;
Venezuela;Venezuela, RB;VE;VEN;Latin America & Caribbean;Not classified;1971;Mercado laboral;mercado_laboral;Actividad laboral;actividad_laboral;SL.TLF.CACT.ZS;Tasa de participación laboral total;;Banco Mundial - World Development Indicators;2026-07-27;
Venezuela;Venezuela, RB;VE;VEN;Latin America & Caribbean;Not classified;1972;Mercado laboral;mercado_laboral;Actividad laboral;actividad_laboral;SL.TLF.CACT.ZS;Tasa de participación laboral total;;Banco Mundial - World Development Indicators;2026-07-27;
Venezuela;Venezuela, RB;VE;VEN;Latin America & Caribbean;Not classified;1973;Mercado laboral;mercado_laboral;Actividad laboral;actividad_laboral;SL.TLF.CACT.ZS;Tasa de participación laboral total;;Banco Mundial - World Development Indicators;2026-07-27;
Venezuela;Venezuela, RB;VE;VEN;Latin America & Caribbean;Not classified;1974;Mercado laboral;mercado_laboral;Actividad laboral;actividad_laboral;SL.TLF.CACT.ZS;Tasa de participación laboral total;;Banco Mundial - World Development Indicators;2026-07-27;
Venezuela;Venezuela, RB;VE;VEN;Latin America & Caribbean;Not classified;1975;Mercado laboral;mercado_laboral;Actividad laboral;actividad_laboral;SL.TLF.CACT.ZS;Tasa de participación laboral total;;Banco Mundial - World Development Indicators;2026-07-27;
Venezuela;Venezuela, RB;VE;VEN;Latin America & Caribbean;Not classified;1976;Mercado laboral;mercado_laboral;Actividad laboral;actividad_laboral;SL.TLF.CACT.ZS;Tasa de participación laboral total;;Banco Mundial - World Development Indicators;2026-07-27;
Venezuela;Venezuela, RB;VE;VEN;Latin America & Caribbean;Not classified;1977;Mercado laboral;mercado_laboral;Actividad laboral;actividad_laboral;SL.TLF.CACT.ZS;Tasa de participación laboral total;;Banco Mundial - World Development Indicators;2026-07-27;
Venezuela;Venezuela, RB;VE;VEN;Latin America & Caribbean;Not classified;1978;Mercado laboral;mercado_laboral;Actividad laboral;actividad_laboral;SL.TLF.CACT.ZS;Tasa de participación laboral total;;Banco Mundial - World Development Indicators;2026-07-27;
Venezuela;Venezuela, RB;VE;VEN;Latin America & Caribbean;Not classified;1979;Mercado laboral;mercado_laboral;Actividad laboral;actividad_laboral;SL.TLF.CACT.ZS;Tasa de participación laboral total;;Banco Mundial - World Development Indicators;2026-07-27;
Venezuela;Venezuela, RB;VE;VEN;Latin America & Caribbean;Not classified;1980;Mercado laboral;mercado_laboral;Actividad laboral;actividad_laboral;SL.TLF.CACT.ZS;Tasa de participación laboral total;;Banco Mundial - World Development Indicators;2026-07-27;
Venezuela;Venezuela, RB;VE;VEN;Latin America & Caribbean;Not classified;1981;Mercado laboral;mercado_laboral;Actividad laboral;actividad_laboral;SL.TLF.CACT.ZS;Tasa de participación laboral total;;Banco Mundial - World Development Indicators;2026-07-27;
Venezuela;Venezuela, RB;VE;VEN;Latin America & Caribbean;Not classified;1982;Mercado laboral;mercado_laboral;Actividad laboral;actividad_laboral;SL.TLF.CACT.ZS;Tasa de participación laboral total;;Banco Mundial - World Development Indicators;2026-07-27;
Venezuela;Venezuela, RB;VE;VEN;Latin America & Caribbean;Not classified;1983;Mercado laboral;mercado_laboral;Actividad laboral;actividad_laboral;SL.TLF.CACT.ZS;Tasa de participación laboral total;;Banco Mundial - World Development Indicators;2026-07-27;
Venezuela;Venezuela, RB;VE;VEN;Latin America & Caribbean;Not classified;1984;Mercado laboral;mercado_laboral;Actividad laboral;actividad_laboral;SL.TLF.CACT.ZS;Tasa de participación laboral total;;Banco Mundial - World Development Indicators;2026-07-27;
Venezuela;Venezuela, RB;VE;VEN;Latin America & Caribbean;Not classified;1985;Mercado laboral;mercado_laboral;Actividad laboral;actividad_laboral;SL.TLF.CACT.ZS;Tasa de participación laboral total;;Banco Mundial - World Development Indicators;2026-07-27;
Venezuela;Venezuela, RB;VE;VEN;Latin America & Caribbean;Not classified;1986;Mercado laboral;mercado_laboral;Actividad laboral;actividad_laboral;SL.TLF.CACT.ZS;Tasa de participación laboral total;;Banco Mundial - World Development Indicators;2026-07-27;
Venezuela;Venezuela, RB;VE;VEN;Latin America & Caribbean;Not classified;1987;Mercado laboral;mercado_laboral;Actividad laboral;actividad_laboral;SL.TLF.CACT.ZS;Tasa de participación laboral total;;Banco Mundial - World Development Indicators;2026-07-27;
Venezuela;Venezuela, RB;VE;VEN;Latin America & Caribbean;Not classified;1988;Mercado laboral;mercado_laboral;Actividad laboral;actividad_laboral;SL.TLF.CACT.ZS;Tasa de participación laboral total;;Banco Mundial - World Development Indicators;2026-07-27;
Venezuela;Venezuela, RB;VE;VEN;Latin America & Caribbean;Not classified;1989;Mercado laboral;mercado_laboral;Actividad laboral;actividad_laboral;SL.TLF.CACT.ZS;Tasa de participación laboral total;;Banco Mundial - World Development Indicators;2026-07-27;
Venezuela;Venezuela, RB;VE;VEN;Latin America & Caribbean;Not classified;1990;Mercado laboral;mercado_laboral;Actividad laboral;actividad_laboral;SL.TLF.CACT.ZS;Tasa de participación laboral total;64.054;Banco Mundial - World Development Indicators;2026-07-27;
Venezuela;Venezuela, RB;VE;VEN;Latin America & Caribbean;Not classified;1991;Mercado laboral;mercado_laboral;Actividad laboral;actividad_laboral;SL.TLF.CACT.ZS;Tasa de participación laboral total;64.524;Banco Mundial - World Development Indicators;2026-07-27;
Venezuela;Venezuela, RB;VE;VEN;Latin America & Caribbean;Not classified;1992;Mercado laboral;mercado_laboral;Actividad laboral;actividad_laboral;SL.TLF.CACT.ZS;Tasa de participación laboral total;64.756;Banco Mundial - World Development Indicators;2026-07-27;
Venezuela;Venezuela, RB;VE;VEN;Latin America & Caribbean;Not classified;1993;Mercado laboral;mercado_laboral;Actividad laboral;actividad_laboral;SL.TLF.CACT.ZS;Tasa de participación laboral total;64.628;Banco Mundial - World Development Indicators;2026-07-27;
Venezuela;Venezuela, RB;VE;VEN;Latin America & Caribbean;Not classified;1994;Mercado laboral;mercado_laboral;Actividad laboral;actividad_laboral;SL.TLF.CACT.ZS;Tasa de participación laboral total;64.324;Banco Mundial - World Development Indicators;2026-07-27;
Venezuela;Venezuela, RB;VE;VEN;Latin America & Caribbean;Not classified;1995;Mercado laboral;mercado_laboral;Actividad laboral;actividad_laboral;SL.TLF.CACT.ZS;Tasa de participación laboral total;64.441;Banco Mundial - World Development Indicators;2026-07-27;
Venezuela;Venezuela, RB;VE;VEN;Latin America & Caribbean;Not classified;1996;Mercado laboral;mercado_laboral;Actividad laboral;actividad_laboral;SL.TLF.CACT.ZS;Tasa de participación laboral total;64.287;Banco Mundial - World Development Indicators;2026-07-27;
Venezuela;Venezuela, RB;VE;VEN;Latin America & Caribbean;Not classified;1997;Mercado laboral;mercado_laboral;Actividad laboral;actividad_laboral;SL.TLF.CACT.ZS;Tasa de participación laboral total;64.563;Banco Mundial - World Development Indicators;2026-07-27;
Venezuela;Venezuela, RB;VE;VEN;Latin America & Caribbean;Not classified;1998;Mercado laboral;mercado_laboral;Actividad laboral;actividad_laboral;SL.TLF.CACT.ZS;Tasa de participación laboral total;64.45;Banco Mundial - World Development Indicators;2026-07-27;
Venezuela;Venezuela, RB;VE;VEN;Latin America & Caribbean;Not classified;1999;Mercado laboral;mercado_laboral;Actividad laboral;actividad_laboral;SL.TLF.CACT.ZS;Tasa de participación laboral total;63.89;Banco Mundial - World Development Indicators;2026-07-27;
Venezuela;Venezuela, RB;VE;VEN;Latin America & Caribbean;Not classified;2000;Mercado laboral;mercado_laboral;Actividad laboral;actividad_laboral;SL.TLF.CACT.ZS;Tasa de participación laboral total;64.013;Banco Mundial - World Development Indicators;2026-07-27;
Venezuela;Venezuela, RB;VE;VEN;Latin America & Caribbean;Not classified;2001;Mercado laboral;mercado_laboral;Actividad laboral;actividad_laboral;SL.TLF.CACT.ZS;Tasa de participación laboral total;64.118;Banco Mundial - World Development Indicators;2026-07-27;
Venezuela;Venezuela, RB;VE;VEN;Latin America & Caribbean;Not classified;2002;Mercado laboral;mercado_laboral;Actividad laboral;actividad_laboral;SL.TLF.CACT.ZS;Tasa de participación laboral total;63.313;Banco Mundial - World Development Indicators;2026-07-27;
Venezuela;Venezuela, RB;VE;VEN;Latin America & Caribbean;Not classified;2003;Mercado laboral;mercado_laboral;Actividad laboral;actividad_laboral;SL.TLF.CACT.ZS;Tasa de participación laboral total;62.538;Banco Mundial - World Development Indicators;2026-07-27;
Venezuela;Venezuela, RB;VE;VEN;Latin America & Caribbean;Not classified;2004;Mercado laboral;mercado_laboral;Actividad laboral;actividad_laboral;SL.TLF.CACT.ZS;Tasa de participación laboral total;63.701;Banco Mundial - World Development Indicators;2026-07-27;
Venezuela;Venezuela, RB;VE;VEN;Latin America & Caribbean;Not classified;2005;Mercado laboral;mercado_laboral;Actividad laboral;actividad_laboral;SL.TLF.CACT.ZS;Tasa de participación laboral total;64.275;Banco Mundial - World Development Indicators;2026-07-27;
Venezuela;Venezuela, RB;VE;VEN;Latin America & Caribbean;Not classified;2006;Mercado laboral;mercado_laboral;Actividad laboral;actividad_laboral;SL.TLF.CACT.ZS;Tasa de participación laboral total;64.86;Banco Mundial - World Development Indicators;2026-07-27;
Venezuela;Venezuela, RB;VE;VEN;Latin America & Caribbean;Not classified;2007;Mercado laboral;mercado_laboral;Actividad laboral;actividad_laboral;SL.TLF.CACT.ZS;Tasa de participación laboral total;64.416;Banco Mundial - World Development Indicators;2026-07-27;
Venezuela;Venezuela, RB;VE;VEN;Latin America & Caribbean;Not classified;2008;Mercado laboral;mercado_laboral;Actividad laboral;actividad_laboral;SL.TLF.CACT.ZS;Tasa de participación laboral total;64.294;Banco Mundial - World Development Indicators;2026-07-27;
Venezuela;Venezuela, RB;VE;VEN;Latin America & Caribbean;Not classified;2009;Mercado laboral;mercado_laboral;Actividad laboral;actividad_laboral;SL.TLF.CACT.ZS;Tasa de participación laboral total;64.042;Banco Mundial - World Development Indicators;2026-07-27;
Venezuela;Venezuela, RB;VE;VEN;Latin America & Caribbean;Not classified;2010;Mercado laboral;mercado_laboral;Actividad laboral;actividad_laboral;SL.TLF.CACT.ZS;Tasa de participación laboral total;63.854;Banco Mundial - World Development Indicators;2026-07-27;
Venezuela;Venezuela, RB;VE;VEN;Latin America & Caribbean;Not classified;2011;Mercado laboral;mercado_laboral;Actividad laboral;actividad_laboral;SL.TLF.CACT.ZS;Tasa de participación laboral total;63.626;Banco Mundial - World Development Indicators;2026-07-27;
Venezuela;Venezuela, RB;VE;VEN;Latin America & Caribbean;Not classified;2012;Mercado laboral;mercado_laboral;Actividad laboral;actividad_laboral;SL.TLF.CACT.ZS;Tasa de participación laboral total;63.114;Banco Mundial - World Development Indicators;2026-07-27;
Venezuela;Venezuela, RB;VE;VEN;Latin America & Caribbean;Not classified;2013;Mercado laboral;mercado_laboral;Actividad laboral;actividad_laboral;SL.TLF.CACT.ZS;Tasa de participación laboral total;62.635;Banco Mundial - World Development Indicators;2026-07-27;
Venezuela;Venezuela, RB;VE;VEN;Latin America & Caribbean;Not classified;2014;Mercado laboral;mercado_laboral;Actividad laboral;actividad_laboral;SL.TLF.CACT.ZS;Tasa de participación laboral total;62.154;Banco Mundial - World Development Indicators;2026-07-27;
Venezuela;Venezuela, RB;VE;VEN;Latin America & Caribbean;Not classified;2015;Mercado laboral;mercado_laboral;Actividad laboral;actividad_laboral;SL.TLF.CACT.ZS;Tasa de participación laboral total;61.671;Banco Mundial - World Development Indicators;2026-07-27;
Venezuela;Venezuela, RB;VE;VEN;Latin America & Caribbean;Not classified;2016;Mercado laboral;mercado_laboral;Actividad laboral;actividad_laboral;SL.TLF.CACT.ZS;Tasa de participación laboral total;61.185;Banco Mundial - World Development Indicators;2026-07-27;
Venezuela;Venezuela, RB;VE;VEN;Latin America & Caribbean;Not classified;2017;Mercado laboral;mercado_laboral;Actividad laboral;actividad_laboral;SL.TLF.CACT.ZS;Tasa de participación laboral total;59.903;Banco Mundial - World Development Indicators;2026-07-27;
Venezuela;Venezuela, RB;VE;VEN;Latin America & Caribbean;Not classified;2018;Mercado laboral;mercado_laboral;Actividad laboral;actividad_laboral;SL.TLF.CACT.ZS;Tasa de participación laboral total;58.193;Banco Mundial - World Development Indicators;2026-07-27;
Venezuela;Venezuela, RB;VE;VEN;Latin America & Caribbean;Not classified;2019;Mercado laboral;mercado_laboral;Actividad laboral;actividad_laboral;SL.TLF.CACT.ZS;Tasa de participación laboral total;55.163;Banco Mundial - World Development Indicators;2026-07-27;
Venezuela;Venezuela, RB;VE;VEN;Latin America & Caribbean;Not classified;2020;Mercado laboral;mercado_laboral;Actividad laboral;actividad_laboral;SL.TLF.CACT.ZS;Tasa de participación laboral total;48.178;Banco Mundial - World Development Indicators;2026-07-27;
Venezuela;Venezuela, RB;VE;VEN;Latin America & Caribbean;Not classified;2021;Mercado laboral;mercado_laboral;Actividad laboral;actividad_laboral;SL.TLF.CACT.ZS;Tasa de participación laboral total;48.611;Banco Mundial - World Development Indicators;2026-07-27;
Venezuela;Venezuela, RB;VE;VEN;Latin America & Caribbean;Not classified;2022;Mercado laboral;mercado_laboral;Actividad laboral;actividad_laboral;SL.TLF.CACT.ZS;Tasa de participación laboral total;50.883;Banco Mundial - World Development Indicators;2026-07-27;
Venezuela;Venezuela, RB;VE;VEN;Latin America & Caribbean;Not classified;2023;Mercado laboral;mercado_laboral;Actividad laboral;actividad_laboral;SL.TLF.CACT.ZS;Tasa de participación laboral total;51.366;Banco Mundial - World Development Indicators;2026-07-27;
Venezuela;Venezuela, RB;VE;VEN;Latin America & Caribbean;Not classified;2024;Mercado laboral;mercado_laboral;Actividad laboral;actividad_laboral;SL.TLF.CACT.ZS;Tasa de participación laboral total;52.05;Banco Mundial - World Development Indicators;2026-07-27;
Venezuela;Venezuela, RB;VE;VEN;Latin America & Caribbean;Not classified;2025;Mercado laboral;mercado_laboral;Actividad laboral;actividad_laboral;SL.TLF.CACT.ZS;Tasa de participación laboral total;51.927;Banco Mundial - World Development Indicators;2026-07-27;
Venezuela;Venezuela, RB;VE;VEN;Latin America & Caribbean;Not classified;1960;Mercado laboral;mercado_laboral;Actividad laboral;actividad_laboral;SL.TLF.TOTL.IN;Fuerza laboral total;;Banco Mundial - World Development Indicators;2026-07-27;
Venezuela;Venezuela, RB;VE;VEN;Latin America & Caribbean;Not classified;1961;Mercado laboral;mercado_laboral;Actividad laboral;actividad_laboral;SL.TLF.TOTL.IN;Fuerza laboral total;;Banco Mundial - World Development Indicators;2026-07-27;
Venezuela;Venezuela, RB;VE;VEN;Latin America & Caribbean;Not classified;1962;Mercado laboral;mercado_laboral;Actividad laboral;actividad_laboral;SL.TLF.TOTL.IN;Fuerza laboral total;;Banco Mundial - World Development Indicators;2026-07-27;
Venezuela;Venezuela, RB;VE;VEN;Latin America & Caribbean;Not classified;1963;Mercado laboral;mercado_laboral;Actividad laboral;actividad_laboral;SL.TLF.TOTL.IN;Fuerza laboral total;;Banco Mundial - World Development Indicators;2026-07-27;
Venezuela;Venezuela, RB;VE;VEN;Latin America & Caribbean;Not classified;1964;Mercado laboral;mercado_laboral;Actividad laboral;actividad_laboral;SL.TLF.TOTL.IN;Fuerza laboral total;;Banco Mundial - World Development Indicators;2026-07-27;
Venezuela;Venezuela, RB;VE;VEN;Latin America & Caribbean;Not classified;1965;Mercado laboral;mercado_laboral;Actividad laboral;actividad_laboral;SL.TLF.TOTL.IN;Fuerza laboral total;;Banco Mundial - World Development Indicators;2026-07-27;
Venezuela;Venezuela, RB;VE;VEN;Latin America & Caribbean;Not classified;1966;Mercado laboral;mercado_laboral;Actividad laboral;actividad_laboral;SL.TLF.TOTL.IN;Fuerza laboral total;;Banco Mundial - World Development Indicators;2026-07-27;
Venezuela;Venezuela, RB;VE;VEN;Latin America & Caribbean;Not classified;1967;Mercado laboral;mercado_laboral;Actividad laboral;actividad_laboral;SL.TLF.TOTL.IN;Fuerza laboral total;;Banco Mundial - World Development Indicators;2026-07-27;
Venezuela;Venezuela, RB;VE;VEN;Latin America & Caribbean;Not classified;1968;Mercado laboral;mercado_laboral;Actividad laboral;actividad_laboral;SL.TLF.TOTL.IN;Fuerza laboral total;;Banco Mundial - World Development Indicators;2026-07-27;
Venezuela;Venezuela, RB;VE;VEN;Latin America & Caribbean;Not classified;1969;Mercado laboral;mercado_laboral;Actividad laboral;actividad_laboral;SL.TLF.TOTL.IN;Fuerza laboral total;;Banco Mundial - World Development Indicators;2026-07-27;
Venezuela;Venezuela, RB;VE;VEN;Latin America & Caribbean;Not classified;1970;Mercado laboral;mercado_laboral;Actividad laboral;actividad_laboral;SL.TLF.TOTL.IN;Fuerza laboral total;;Banco Mundial - World Development Indicators;2026-07-27;
Venezuela;Venezuela, RB;VE;VEN;Latin America & Caribbean;Not classified;1971;Mercado laboral;mercado_laboral;Actividad laboral;actividad_laboral;SL.TLF.TOTL.IN;Fuerza laboral total;;Banco Mundial - World Development Indicators;2026-07-27;
Venezuela;Venezuela, RB;VE;VEN;Latin America & Caribbean;Not classified;1972;Mercado laboral;mercado_laboral;Actividad laboral;actividad_laboral;SL.TLF.TOTL.IN;Fuerza laboral total;;Banco Mundial - World Development Indicators;2026-07-27;
Venezuela;Venezuela, RB;VE;VEN;Latin America & Caribbean;Not classified;1973;Mercado laboral;mercado_laboral;Actividad laboral;actividad_laboral;SL.TLF.TOTL.IN;Fuerza laboral total;;Banco Mundial - World Development Indicators;2026-07-27;
Venezuela;Venezuela, RB;VE;VEN;Latin America & Caribbean;Not classified;1974;Mercado laboral;mercado_laboral;Actividad laboral;actividad_laboral;SL.TLF.TOTL.IN;Fuerza laboral total;;Banco Mundial - World Development Indicators;2026-07-27;
Venezuela;Venezuela, RB;VE;VEN;Latin America & Caribbean;Not classified;1975;Mercado laboral;mercado_laboral;Actividad laboral;actividad_laboral;SL.TLF.TOTL.IN;Fuerza laboral total;;Banco Mundial - World Development Indicators;2026-07-27;
Venezuela;Venezuela, RB;VE;VEN;Latin America & Caribbean;Not classified;1976;Mercado laboral;mercado_laboral;Actividad laboral;actividad_laboral;SL.TLF.TOTL.IN;Fuerza laboral total;;Banco Mundial - World Development Indicators;2026-07-27;
Venezuela;Venezuela, RB;VE;VEN;Latin America & Caribbean;Not classified;1977;Mercado laboral;mercado_laboral;Actividad laboral;actividad_laboral;SL.TLF.TOTL.IN;Fuerza laboral total;;Banco Mundial - World Development Indicators;2026-07-27;
Venezuela;Venezuela, RB;VE;VEN;Latin America & Caribbean;Not classified;1978;Mercado laboral;mercado_laboral;Actividad laboral;actividad_laboral;SL.TLF.TOTL.IN;Fuerza laboral total;;Banco Mundial - World Development Indicators;2026-07-27;
Venezuela;Venezuela, RB;VE;VEN;Latin America & Caribbean;Not classified;1979;Mercado laboral;mercado_laboral;Actividad laboral;actividad_laboral;SL.TLF.TOTL.IN;Fuerza laboral total;;Banco Mundial - World Development Indicators;2026-07-27;
Venezuela;Venezuela, RB;VE;VEN;Latin America & Caribbean;Not classified;1980;Mercado laboral;mercado_laboral;Actividad laboral;actividad_laboral;SL.TLF.TOTL.IN;Fuerza laboral total;;Banco Mundial - World Development Indicators;2026-07-27;
Venezuela;Venezuela, RB;VE;VEN;Latin America & Caribbean;Not classified;1981;Mercado laboral;mercado_laboral;Actividad laboral;actividad_laboral;SL.TLF.TOTL.IN;Fuerza laboral total;;Banco Mundial - World Development Indicators;2026-07-27;
Venezuela;Venezuela, RB;VE;VEN;Latin America & Caribbean;Not classified;1982;Mercado laboral;mercado_laboral;Actividad laboral;actividad_laboral;SL.TLF.TOTL.IN;Fuerza laboral total;;Banco Mundial - World Development Indicators;2026-07-27;
Venezuela;Venezuela, RB;VE;VEN;Latin America & Caribbean;Not classified;1983;Mercado laboral;mercado_laboral;Actividad laboral;actividad_laboral;SL.TLF.TOTL.IN;Fuerza laboral total;;Banco Mundial - World Development Indicators;2026-07-27;
Venezuela;Venezuela, RB;VE;VEN;Latin America & Caribbean;Not classified;1984;Mercado laboral;mercado_laboral;Actividad laboral;actividad_laboral;SL.TLF.TOTL.IN;Fuerza laboral total;;Banco Mundial - World Development Indicators;2026-07-27;
Venezuela;Venezuela, RB;VE;VEN;Latin America & Caribbean;Not classified;1985;Mercado laboral;mercado_laboral;Actividad laboral;actividad_laboral;SL.TLF.TOTL.IN;Fuerza laboral total;;Banco Mundial - World Development Indicators;2026-07-27;
Venezuela;Venezuela, RB;VE;VEN;Latin America & Caribbean;Not classified;1986;Mercado laboral;mercado_laboral;Actividad laboral;actividad_laboral;SL.TLF.TOTL.IN;Fuerza laboral total;;Banco Mundial - World Development Indicators;2026-07-27;
Venezuela;Venezuela, RB;VE;VEN;Latin America & Caribbean;Not classified;1987;Mercado laboral;mercado_laboral;Actividad laboral;actividad_laboral;SL.TLF.TOTL.IN;Fuerza laboral total;;Banco Mundial - World Development Indicators;2026-07-27;
Venezuela;Venezuela, RB;VE;VEN;Latin America & Caribbean;Not classified;1988;Mercado laboral;mercado_laboral;Actividad laboral;actividad_laboral;SL.TLF.TOTL.IN;Fuerza laboral total;;Banco Mundial - World Development Indicators;2026-07-27;
Venezuela;Venezuela, RB;VE;VEN;Latin America & Caribbean;Not classified;1989;Mercado laboral;mercado_laboral;Actividad laboral;actividad_laboral;SL.TLF.TOTL.IN;Fuerza laboral total;;Banco Mundial - World Development Indicators;2026-07-27;
Venezuela;Venezuela, RB;VE;VEN;Latin America & Caribbean;Not classified;1990;Mercado laboral;mercado_laboral;Actividad laboral;actividad_laboral;SL.TLF.TOTL.IN;Fuerza laboral total;7857780.0;Banco Mundial - World Development Indicators;2026-07-27;
Venezuela;Venezuela, RB;VE;VEN;Latin America & Caribbean;Not classified;1991;Mercado laboral;mercado_laboral;Actividad laboral;actividad_laboral;SL.TLF.TOTL.IN;Fuerza laboral total;8150266.0;Banco Mundial - World Development Indicators;2026-07-27;
Venezuela;Venezuela, RB;VE;VEN;Latin America & Caribbean;Not classified;1992;Mercado laboral;mercado_laboral;Actividad laboral;actividad_laboral;SL.TLF.TOTL.IN;Fuerza laboral total;8420107.0;Banco Mundial - World Development Indicators;2026-07-27;
Venezuela;Venezuela, RB;VE;VEN;Latin America & Caribbean;Not classified;1993;Mercado laboral;mercado_laboral;Actividad laboral;actividad_laboral;SL.TLF.TOTL.IN;Fuerza laboral total;8648193.0;Banco Mundial - World Development Indicators;2026-07-27;
Venezuela;Venezuela, RB;VE;VEN;Latin America & Caribbean;Not classified;1994;Mercado laboral;mercado_laboral;Actividad laboral;actividad_laboral;SL.TLF.TOTL.IN;Fuerza laboral total;8855095.0;Banco Mundial - World Development Indicators;2026-07-27;
Venezuela;Venezuela, RB;VE;VEN;Latin America & Caribbean;Not classified;1995;Mercado laboral;mercado_laboral;Actividad laboral;actividad_laboral;SL.TLF.TOTL.IN;Fuerza laboral total;9123020.0;Banco Mundial - World Development Indicators;2026-07-27;
Venezuela;Venezuela, RB;VE;VEN;Latin America & Caribbean;Not classified;1996;Mercado laboral;mercado_laboral;Actividad laboral;actividad_laboral;SL.TLF.TOTL.IN;Fuerza laboral total;9356079.0;Banco Mundial - World Development Indicators;2026-07-27;
Venezuela;Venezuela, RB;VE;VEN;Latin America & Caribbean;Not classified;1997;Mercado laboral;mercado_laboral;Actividad laboral;actividad_laboral;SL.TLF.TOTL.IN;Fuerza laboral total;9655834.0;Banco Mundial - World Development Indicators;2026-07-27;
Venezuela;Venezuela, RB;VE;VEN;Latin America & Caribbean;Not classified;1998;Mercado laboral;mercado_laboral;Actividad laboral;actividad_laboral;SL.TLF.TOTL.IN;Fuerza laboral total;9900846.0;Banco Mundial - World Development Indicators;2026-07-27;
Venezuela;Venezuela, RB;VE;VEN;Latin America & Caribbean;Not classified;1999;Mercado laboral;mercado_laboral;Actividad laboral;actividad_laboral;SL.TLF.TOTL.IN;Fuerza laboral total;10075265.0;Banco Mundial - World Development Indicators;2026-07-27;
Venezuela;Venezuela, RB;VE;VEN;Latin America & Caribbean;Not classified;2000;Mercado laboral;mercado_laboral;Actividad laboral;actividad_laboral;SL.TLF.TOTL.IN;Fuerza laboral total;10357302.0;Banco Mundial - World Development Indicators;2026-07-27;
Venezuela;Venezuela, RB;VE;VEN;Latin America & Caribbean;Not classified;2001;Mercado laboral;mercado_laboral;Actividad laboral;actividad_laboral;SL.TLF.TOTL.IN;Fuerza laboral total;10637185.0;Banco Mundial - World Development Indicators;2026-07-27;
Venezuela;Venezuela, RB;VE;VEN;Latin America & Caribbean;Not classified;2002;Mercado laboral;mercado_laboral;Actividad laboral;actividad_laboral;SL.TLF.TOTL.IN;Fuerza laboral total;10767716.0;Banco Mundial - World Development Indicators;2026-07-27;
Venezuela;Venezuela, RB;VE;VEN;Latin America & Caribbean;Not classified;2003;Mercado laboral;mercado_laboral;Actividad laboral;actividad_laboral;SL.TLF.TOTL.IN;Fuerza laboral total;10900540.0;Banco Mundial - World Development Indicators;2026-07-27;
Venezuela;Venezuela, RB;VE;VEN;Latin America & Caribbean;Not classified;2004;Mercado laboral;mercado_laboral;Actividad laboral;actividad_laboral;SL.TLF.TOTL.IN;Fuerza laboral total;11370905.0;Banco Mundial - World Development Indicators;2026-07-27;
Venezuela;Venezuela, RB;VE;VEN;Latin America & Caribbean;Not classified;2005;Mercado laboral;mercado_laboral;Actividad laboral;actividad_laboral;SL.TLF.TOTL.IN;Fuerza laboral total;11741977.0;Banco Mundial - World Development Indicators;2026-07-27;
Venezuela;Venezuela, RB;VE;VEN;Latin America & Caribbean;Not classified;2006;Mercado laboral;mercado_laboral;Actividad laboral;actividad_laboral;SL.TLF.TOTL.IN;Fuerza laboral total;12114160.0;Banco Mundial - World Development Indicators;2026-07-27;
Venezuela;Venezuela, RB;VE;VEN;Latin America & Caribbean;Not classified;2007;Mercado laboral;mercado_laboral;Actividad laboral;actividad_laboral;SL.TLF.TOTL.IN;Fuerza laboral total;12288144.0;Banco Mundial - World Development Indicators;2026-07-27;
Venezuela;Venezuela, RB;VE;VEN;Latin America & Caribbean;Not classified;2008;Mercado laboral;mercado_laboral;Actividad laboral;actividad_laboral;SL.TLF.TOTL.IN;Fuerza laboral total;12512529.0;Banco Mundial - World Development Indicators;2026-07-27;
Venezuela;Venezuela, RB;VE;VEN;Latin America & Caribbean;Not classified;2009;Mercado laboral;mercado_laboral;Actividad laboral;actividad_laboral;SL.TLF.TOTL.IN;Fuerza laboral total;12701604.0;Banco Mundial - World Development Indicators;2026-07-27;
Venezuela;Venezuela, RB;VE;VEN;Latin America & Caribbean;Not classified;2010;Mercado laboral;mercado_laboral;Actividad laboral;actividad_laboral;SL.TLF.TOTL.IN;Fuerza laboral total;12898145.0;Banco Mundial - World Development Indicators;2026-07-27;
Venezuela;Venezuela, RB;VE;VEN;Latin America & Caribbean;Not classified;2011;Mercado laboral;mercado_laboral;Actividad laboral;actividad_laboral;SL.TLF.TOTL.IN;Fuerza laboral total;13082614.0;Banco Mundial - World Development Indicators;2026-07-27;
Venezuela;Venezuela, RB;VE;VEN;Latin America & Caribbean;Not classified;2012;Mercado laboral;mercado_laboral;Actividad laboral;actividad_laboral;SL.TLF.TOTL.IN;Fuerza laboral total;13203531.0;Banco Mundial - World Development Indicators;2026-07-27;
Venezuela;Venezuela, RB;VE;VEN;Latin America & Caribbean;Not classified;2013;Mercado laboral;mercado_laboral;Actividad laboral;actividad_laboral;SL.TLF.TOTL.IN;Fuerza laboral total;13325068.0;Banco Mundial - World Development Indicators;2026-07-27;
Venezuela;Venezuela, RB;VE;VEN;Latin America & Caribbean;Not classified;2014;Mercado laboral;mercado_laboral;Actividad laboral;actividad_laboral;SL.TLF.TOTL.IN;Fuerza laboral total;13437961.0;Banco Mundial - World Development Indicators;2026-07-27;
Venezuela;Venezuela, RB;VE;VEN;Latin America & Caribbean;Not classified;2015;Mercado laboral;mercado_laboral;Actividad laboral;actividad_laboral;SL.TLF.TOTL.IN;Fuerza laboral total;13538387.0;Banco Mundial - World Development Indicators;2026-07-27;
Venezuela;Venezuela, RB;VE;VEN;Latin America & Caribbean;Not classified;2016;Mercado laboral;mercado_laboral;Actividad laboral;actividad_laboral;SL.TLF.TOTL.IN;Fuerza laboral total;13570521.0;Banco Mundial - World Development Indicators;2026-07-27;
Venezuela;Venezuela, RB;VE;VEN;Latin America & Caribbean;Not classified;2017;Mercado laboral;mercado_laboral;Actividad laboral;actividad_laboral;SL.TLF.TOTL.IN;Fuerza laboral total;13220939.0;Banco Mundial - World Development Indicators;2026-07-27;
Venezuela;Venezuela, RB;VE;VEN;Latin America & Caribbean;Not classified;2018;Mercado laboral;mercado_laboral;Actividad laboral;actividad_laboral;SL.TLF.TOTL.IN;Fuerza laboral total;12502649.0;Banco Mundial - World Development Indicators;2026-07-27;
Venezuela;Venezuela, RB;VE;VEN;Latin America & Caribbean;Not classified;2019;Mercado laboral;mercado_laboral;Actividad laboral;actividad_laboral;SL.TLF.TOTL.IN;Fuerza laboral total;11487785.0;Banco Mundial - World Development Indicators;2026-07-27;
Venezuela;Venezuela, RB;VE;VEN;Latin America & Caribbean;Not classified;2020;Mercado laboral;mercado_laboral;Actividad laboral;actividad_laboral;SL.TLF.TOTL.IN;Fuerza laboral total;9889854.0;Banco Mundial - World Development Indicators;2026-07-27;
Venezuela;Venezuela, RB;VE;VEN;Latin America & Caribbean;Not classified;2021;Mercado laboral;mercado_laboral;Actividad laboral;actividad_laboral;SL.TLF.TOTL.IN;Fuerza laboral total;9968779.0;Banco Mundial - World Development Indicators;2026-07-27;
Venezuela;Venezuela, RB;VE;VEN;Latin America & Caribbean;Not classified;2022;Mercado laboral;mercado_laboral;Actividad laboral;actividad_laboral;SL.TLF.TOTL.IN;Fuerza laboral total;10509662.0;Banco Mundial - World Development Indicators;2026-07-27;
Venezuela;Venezuela, RB;VE;VEN;Latin America & Caribbean;Not classified;2023;Mercado laboral;mercado_laboral;Actividad laboral;actividad_laboral;SL.TLF.TOTL.IN;Fuerza laboral total;10735039.0;Banco Mundial - World Development Indicators;2026-07-27;
Venezuela;Venezuela, RB;VE;VEN;Latin America & Caribbean;Not classified;2024;Mercado laboral;mercado_laboral;Actividad laboral;actividad_laboral;SL.TLF.TOTL.IN;Fuerza laboral total;11010896.0;Banco Mundial - World Development Indicators;2026-07-27;
Venezuela;Venezuela, RB;VE;VEN;Latin America & Caribbean;Not classified;2025;Mercado laboral;mercado_laboral;Actividad laboral;actividad_laboral;SL.TLF.TOTL.IN;Fuerza laboral total;11118416.0;Banco Mundial - World Development Indicators;2026-07-27;
Venezuela;Venezuela, RB;VE;VEN;Latin America & Caribbean;Not classified;1960;Mercado laboral;mercado_laboral;Desempleo juvenil;desempleo_juvenil;SL.UEM.1524.ZS;Tasa de desempleo juvenil;;Banco Mundial - World Development Indicators;2026-07-27;
Venezuela;Venezuela, RB;VE;VEN;Latin America & Caribbean;Not classified;1961;Mercado laboral;mercado_laboral;Desempleo juvenil;desempleo_juvenil;SL.UEM.1524.ZS;Tasa de desempleo juvenil;;Banco Mundial - World Development Indicators;2026-07-27;
Venezuela;Venezuela, RB;VE;VEN;Latin America & Caribbean;Not classified;1962;Mercado laboral;mercado_laboral;Desempleo juvenil;desempleo_juvenil;SL.UEM.1524.ZS;Tasa de desempleo juvenil;;Banco Mundial - World Development Indicators;2026-07-27;
Venezuela;Venezuela, RB;VE;VEN;Latin America & Caribbean;Not classified;1963;Mercado laboral;mercado_laboral;Desempleo juvenil;desempleo_juvenil;SL.UEM.1524.ZS;Tasa de desempleo juvenil;;Banco Mundial - World Development Indicators;2026-07-27;
Venezuela;Venezuela, RB;VE;VEN;Latin America & Caribbean;Not classified;1964;Mercado laboral;mercado_laboral;Desempleo juvenil;desempleo_juvenil;SL.UEM.1524.ZS;Tasa de desempleo juvenil;;Banco Mundial - World Development Indicators;2026-07-27;
Venezuela;Venezuela, RB;VE;VEN;Latin America & Caribbean;Not classified;1965;Mercado laboral;mercado_laboral;Desempleo juvenil;desempleo_juvenil;SL.UEM.1524.ZS;Tasa de desempleo juvenil;;Banco Mundial - World Development Indicators;2026-07-27;
Venezuela;Venezuela, RB;VE;VEN;Latin America & Caribbean;Not classified;1966;Mercado laboral;mercado_laboral;Desempleo juvenil;desempleo_juvenil;SL.UEM.1524.ZS;Tasa de desempleo juvenil;;Banco Mundial - World Development Indicators;2026-07-27;
Venezuela;Venezuela, RB;VE;VEN;Latin America & Caribbean;Not classified;1967;Mercado laboral;mercado_laboral;Desempleo juvenil;desempleo_juvenil;SL.UEM.1524.ZS;Tasa de desempleo juvenil;;Banco Mundial - World Development Indicators;2026-07-27;
Venezuela;Venezuela, RB;VE;VEN;Latin America & Caribbean;Not classified;1968;Mercado laboral;mercado_laboral;Desempleo juvenil;desempleo_juvenil;SL.UEM.1524.ZS;Tasa de desempleo juvenil;;Banco Mundial - World Development Indicators;2026-07-27;
Venezuela;Venezuela, RB;VE;VEN;Latin America & Caribbean;Not classified;1969;Mercado laboral;mercado_laboral;Desempleo juvenil;desempleo_juvenil;SL.UEM.1524.ZS;Tasa de desempleo juvenil;;Banco Mundial - World Development Indicators;2026-07-27;
Venezuela;Venezuela, RB;VE;VEN;Latin America & Caribbean;Not classified;1970;Mercado laboral;mercado_laboral;Desempleo juvenil;desempleo_juvenil;SL.UEM.1524.ZS;Tasa de desempleo juvenil;;Banco Mundial - World Development Indicators;2026-07-27;
Venezuela;Venezuela, RB;VE;VEN;Latin America & Caribbean;Not classified;1971;Mercado laboral;mercado_laboral;Desempleo juvenil;desempleo_juvenil;SL.UEM.1524.ZS;Tasa de desempleo juvenil;;Banco Mundial - World Development Indicators;2026-07-27;
Venezuela;Venezuela, RB;VE;VEN;Latin America & Caribbean;Not classified;1972;Mercado laboral;mercado_laboral;Desempleo juvenil;desempleo_juvenil;SL.UEM.1524.ZS;Tasa de desempleo juvenil;;Banco Mundial - World Development Indicators;2026-07-27;
Venezuela;Venezuela, RB;VE;VEN;Latin America & Caribbean;Not classified;1973;Mercado laboral;mercado_laboral;Desempleo juvenil;desempleo_juvenil;SL.UEM.1524.ZS;Tasa de desempleo juvenil;;Banco Mundial - World Development Indicators;2026-07-27;
Venezuela;Venezuela, RB;VE;VEN;Latin America & Caribbean;Not classified;1974;Mercado laboral;mercado_laboral;Desempleo juvenil;desempleo_juvenil;SL.UEM.1524.ZS;Tasa de desempleo juvenil;;Banco Mundial - World Development Indicators;2026-07-27;
Venezuela;Venezuela, RB;VE;VEN;Latin America & Caribbean;Not classified;1975;Mercado laboral;mercado_laboral;Desempleo juvenil;desempleo_juvenil;SL.UEM.1524.ZS;Tasa de desempleo juvenil;;Banco Mundial - World Development Indicators;2026-07-27;
Venezuela;Venezuela, RB;VE;VEN;Latin America & Caribbean;Not classified;1976;Mercado laboral;mercado_laboral;Desempleo juvenil;desempleo_juvenil;SL.UEM.1524.ZS;Tasa de desempleo juvenil;;Banco Mundial - World Development Indicators;2026-07-27;
Venezuela;Venezuela, RB;VE;VEN;Latin America & Caribbean;Not classified;1977;Mercado laboral;mercado_laboral;Desempleo juvenil;desempleo_juvenil;SL.UEM.1524.ZS;Tasa de desempleo juvenil;;Banco Mundial - World Development Indicators;2026-07-27;
Venezuela;Venezuela, RB;VE;VEN;Latin America & Caribbean;Not classified;1978;Mercado laboral;mercado_laboral;Desempleo juvenil;desempleo_juvenil;SL.UEM.1524.ZS;Tasa de desempleo juvenil;;Banco Mundial - World Development Indicators;2026-07-27;
Venezuela;Venezuela, RB;VE;VEN;Latin America & Caribbean;Not classified;1979;Mercado laboral;mercado_laboral;Desempleo juvenil;desempleo_juvenil;SL.UEM.1524.ZS;Tasa de desempleo juvenil;;Banco Mundial - World Development Indicators;2026-07-27;
Venezuela;Venezuela, RB;VE;VEN;Latin America & Caribbean;Not classified;1980;Mercado laboral;mercado_laboral;Desempleo juvenil;desempleo_juvenil;SL.UEM.1524.ZS;Tasa de desempleo juvenil;;Banco Mundial - World Development Indicators;2026-07-27;
Venezuela;Venezuela, RB;VE;VEN;Latin America & Caribbean;Not classified;1981;Mercado laboral;mercado_laboral;Desempleo juvenil;desempleo_juvenil;SL.UEM.1524.ZS;Tasa de desempleo juvenil;;Banco Mundial - World Development Indicators;2026-07-27;
Venezuela;Venezuela, RB;VE;VEN;Latin America & Caribbean;Not classified;1982;Mercado laboral;mercado_laboral;Desempleo juvenil;desempleo_juvenil;SL.UEM.1524.ZS;Tasa de desempleo juvenil;;Banco Mundial - World Development Indicators;2026-07-27;
Venezuela;Venezuela, RB;VE;VEN;Latin America & Caribbean;Not classified;1983;Mercado laboral;mercado_laboral;Desempleo juvenil;desempleo_juvenil;SL.UEM.1524.ZS;Tasa de desempleo juvenil;;Banco Mundial - World Development Indicators;2026-07-27;
Venezuela;Venezuela, RB;VE;VEN;Latin America & Caribbean;Not classified;1984;Mercado laboral;mercado_laboral;Desempleo juvenil;desempleo_juvenil;SL.UEM.1524.ZS;Tasa de desempleo juvenil;;Banco Mundial - World Development Indicators;2026-07-27;
Venezuela;Venezuela, RB;VE;VEN;Latin America & Caribbean;Not classified;1985;Mercado laboral;mercado_laboral;Desempleo juvenil;desempleo_juvenil;SL.UEM.1524.ZS;Tasa de desempleo juvenil;;Banco Mundial - World Development Indicators;2026-07-27;
Venezuela;Venezuela, RB;VE;VEN;Latin America & Caribbean;Not classified;1986;Mercado laboral;mercado_laboral;Desempleo juvenil;desempleo_juvenil;SL.UEM.1524.ZS;Tasa de desempleo juvenil;;Banco Mundial - World Development Indicators;2026-07-27;
Venezuela;Venezuela, RB;VE;VEN;Latin America & Caribbean;Not classified;1987;Mercado laboral;mercado_laboral;Desempleo juvenil;desempleo_juvenil;SL.UEM.1524.ZS;Tasa de desempleo juvenil;;Banco Mundial - World Development Indicators;2026-07-27;
Venezuela;Venezuela, RB;VE;VEN;Latin America & Caribbean;Not classified;1988;Mercado laboral;mercado_laboral;Desempleo juvenil;desempleo_juvenil;SL.UEM.1524.ZS;Tasa de desempleo juvenil;;Banco Mundial - World Development Indicators;2026-07-27;
Venezuela;Venezuela, RB;VE;VEN;Latin America & Caribbean;Not classified;1989;Mercado laboral;mercado_laboral;Desempleo juvenil;desempleo_juvenil;SL.UEM.1524.ZS;Tasa de desempleo juvenil;;Banco Mundial - World Development Indicators;2026-07-27;
Venezuela;Venezuela, RB;VE;VEN;Latin America & Caribbean;Not classified;1990;Mercado laboral;mercado_laboral;Desempleo juvenil;desempleo_juvenil;SL.UEM.1524.ZS;Tasa de desempleo juvenil;;Banco Mundial - World Development Indicators;2026-07-27;
Venezuela;Venezuela, RB;VE;VEN;Latin America & Caribbean;Not classified;1991;Mercado laboral;mercado_laboral;Desempleo juvenil;desempleo_juvenil;SL.UEM.1524.ZS;Tasa de desempleo juvenil;15.588;Banco Mundial - World Development Indicators;2026-07-27;
Venezuela;Venezuela, RB;VE;VEN;Latin America & Caribbean;Not classified;1992;Mercado laboral;mercado_laboral;Desempleo juvenil;desempleo_juvenil;SL.UEM.1524.ZS;Tasa de desempleo juvenil;12.884;Banco Mundial - World Development Indicators;2026-07-27;
Venezuela;Venezuela, RB;VE;VEN;Latin America & Caribbean;Not classified;1993;Mercado laboral;mercado_laboral;Desempleo juvenil;desempleo_juvenil;SL.UEM.1524.ZS;Tasa de desempleo juvenil;11.019;Banco Mundial - World Development Indicators;2026-07-27;
Venezuela;Venezuela, RB;VE;VEN;Latin America & Caribbean;Not classified;1994;Mercado laboral;mercado_laboral;Desempleo juvenil;desempleo_juvenil;SL.UEM.1524.ZS;Tasa de desempleo juvenil;14.216;Banco Mundial - World Development Indicators;2026-07-27;
Venezuela;Venezuela, RB;VE;VEN;Latin America & Caribbean;Not classified;1995;Mercado laboral;mercado_laboral;Desempleo juvenil;desempleo_juvenil;SL.UEM.1524.ZS;Tasa de desempleo juvenil;17.041;Banco Mundial - World Development Indicators;2026-07-27;
Venezuela;Venezuela, RB;VE;VEN;Latin America & Caribbean;Not classified;1996;Mercado laboral;mercado_laboral;Desempleo juvenil;desempleo_juvenil;SL.UEM.1524.ZS;Tasa de desempleo juvenil;19.617;Banco Mundial - World Development Indicators;2026-07-27;
Venezuela;Venezuela, RB;VE;VEN;Latin America & Caribbean;Not classified;1997;Mercado laboral;mercado_laboral;Desempleo juvenil;desempleo_juvenil;SL.UEM.1524.ZS;Tasa de desempleo juvenil;18.807;Banco Mundial - World Development Indicators;2026-07-27;
Venezuela;Venezuela, RB;VE;VEN;Latin America & Caribbean;Not classified;1998;Mercado laboral;mercado_laboral;Desempleo juvenil;desempleo_juvenil;SL.UEM.1524.ZS;Tasa de desempleo juvenil;18.757;Banco Mundial - World Development Indicators;2026-07-27;
Venezuela;Venezuela, RB;VE;VEN;Latin America & Caribbean;Not classified;1999;Mercado laboral;mercado_laboral;Desempleo juvenil;desempleo_juvenil;SL.UEM.1524.ZS;Tasa de desempleo juvenil;24.329;Banco Mundial - World Development Indicators;2026-07-27;
Venezuela;Venezuela, RB;VE;VEN;Latin America & Caribbean;Not classified;2000;Mercado laboral;mercado_laboral;Desempleo juvenil;desempleo_juvenil;SL.UEM.1524.ZS;Tasa de desempleo juvenil;23.396;Banco Mundial - World Development Indicators;2026-07-27;
Venezuela;Venezuela, RB;VE;VEN;Latin America & Caribbean;Not classified;2001;Mercado laboral;mercado_laboral;Desempleo juvenil;desempleo_juvenil;SL.UEM.1524.ZS;Tasa de desempleo juvenil;21.94;Banco Mundial - World Development Indicators;2026-07-27;
Venezuela;Venezuela, RB;VE;VEN;Latin America & Caribbean;Not classified;2002;Mercado laboral;mercado_laboral;Desempleo juvenil;desempleo_juvenil;SL.UEM.1524.ZS;Tasa de desempleo juvenil;27.187;Banco Mundial - World Development Indicators;2026-07-27;
Venezuela;Venezuela, RB;VE;VEN;Latin America & Caribbean;Not classified;2003;Mercado laboral;mercado_laboral;Desempleo juvenil;desempleo_juvenil;SL.UEM.1524.ZS;Tasa de desempleo juvenil;27.914;Banco Mundial - World Development Indicators;2026-07-27;
Venezuela;Venezuela, RB;VE;VEN;Latin America & Caribbean;Not classified;2004;Mercado laboral;mercado_laboral;Desempleo juvenil;desempleo_juvenil;SL.UEM.1524.ZS;Tasa de desempleo juvenil;25.273;Banco Mundial - World Development Indicators;2026-07-27;
Venezuela;Venezuela, RB;VE;VEN;Latin America & Caribbean;Not classified;2005;Mercado laboral;mercado_laboral;Desempleo juvenil;desempleo_juvenil;SL.UEM.1524.ZS;Tasa de desempleo juvenil;18.247;Banco Mundial - World Development Indicators;2026-07-27;
Venezuela;Venezuela, RB;VE;VEN;Latin America & Caribbean;Not classified;2006;Mercado laboral;mercado_laboral;Desempleo juvenil;desempleo_juvenil;SL.UEM.1524.ZS;Tasa de desempleo juvenil;15.361;Banco Mundial - World Development Indicators;2026-07-27;
Venezuela;Venezuela, RB;VE;VEN;Latin America & Caribbean;Not classified;2007;Mercado laboral;mercado_laboral;Desempleo juvenil;desempleo_juvenil;SL.UEM.1524.ZS;Tasa de desempleo juvenil;13.574;Banco Mundial - World Development Indicators;2026-07-27;
Venezuela;Venezuela, RB;VE;VEN;Latin America & Caribbean;Not classified;2008;Mercado laboral;mercado_laboral;Desempleo juvenil;desempleo_juvenil;SL.UEM.1524.ZS;Tasa de desempleo juvenil;12.354;Banco Mundial - World Development Indicators;2026-07-27;
Venezuela;Venezuela, RB;VE;VEN;Latin America & Caribbean;Not classified;2009;Mercado laboral;mercado_laboral;Desempleo juvenil;desempleo_juvenil;SL.UEM.1524.ZS;Tasa de desempleo juvenil;12.126;Banco Mundial - World Development Indicators;2026-07-27;
Venezuela;Venezuela, RB;VE;VEN;Latin America & Caribbean;Not classified;2010;Mercado laboral;mercado_laboral;Desempleo juvenil;desempleo_juvenil;SL.UEM.1524.ZS;Tasa de desempleo juvenil;14.178;Banco Mundial - World Development Indicators;2026-07-27;
Venezuela;Venezuela, RB;VE;VEN;Latin America & Caribbean;Not classified;2011;Mercado laboral;mercado_laboral;Desempleo juvenil;desempleo_juvenil;SL.UEM.1524.ZS;Tasa de desempleo juvenil;14.048;Banco Mundial - World Development Indicators;2026-07-27;
Venezuela;Venezuela, RB;VE;VEN;Latin America & Caribbean;Not classified;2012;Mercado laboral;mercado_laboral;Desempleo juvenil;desempleo_juvenil;SL.UEM.1524.ZS;Tasa de desempleo juvenil;14.089;Banco Mundial - World Development Indicators;2026-07-27;
Venezuela;Venezuela, RB;VE;VEN;Latin America & Caribbean;Not classified;2013;Mercado laboral;mercado_laboral;Desempleo juvenil;desempleo_juvenil;SL.UEM.1524.ZS;Tasa de desempleo juvenil;16.224;Banco Mundial - World Development Indicators;2026-07-27;
Venezuela;Venezuela, RB;VE;VEN;Latin America & Caribbean;Not classified;2014;Mercado laboral;mercado_laboral;Desempleo juvenil;desempleo_juvenil;SL.UEM.1524.ZS;Tasa de desempleo juvenil;14.767;Banco Mundial - World Development Indicators;2026-07-27;
Venezuela;Venezuela, RB;VE;VEN;Latin America & Caribbean;Not classified;2015;Mercado laboral;mercado_laboral;Desempleo juvenil;desempleo_juvenil;SL.UEM.1524.ZS;Tasa de desempleo juvenil;13.334;Banco Mundial - World Development Indicators;2026-07-27;
Venezuela;Venezuela, RB;VE;VEN;Latin America & Caribbean;Not classified;2016;Mercado laboral;mercado_laboral;Desempleo juvenil;desempleo_juvenil;SL.UEM.1524.ZS;Tasa de desempleo juvenil;11.677;Banco Mundial - World Development Indicators;2026-07-27;
Venezuela;Venezuela, RB;VE;VEN;Latin America & Caribbean;Not classified;2017;Mercado laboral;mercado_laboral;Desempleo juvenil;desempleo_juvenil;SL.UEM.1524.ZS;Tasa de desempleo juvenil;12.247;Banco Mundial - World Development Indicators;2026-07-27;
Venezuela;Venezuela, RB;VE;VEN;Latin America & Caribbean;Not classified;2018;Mercado laboral;mercado_laboral;Desempleo juvenil;desempleo_juvenil;SL.UEM.1524.ZS;Tasa de desempleo juvenil;12.034;Banco Mundial - World Development Indicators;2026-07-27;
Venezuela;Venezuela, RB;VE;VEN;Latin America & Caribbean;Not classified;2019;Mercado laboral;mercado_laboral;Desempleo juvenil;desempleo_juvenil;SL.UEM.1524.ZS;Tasa de desempleo juvenil;11.767;Banco Mundial - World Development Indicators;2026-07-27;
Venezuela;Venezuela, RB;VE;VEN;Latin America & Caribbean;Not classified;2020;Mercado laboral;mercado_laboral;Desempleo juvenil;desempleo_juvenil;SL.UEM.1524.ZS;Tasa de desempleo juvenil;13.608;Banco Mundial - World Development Indicators;2026-07-27;
Venezuela;Venezuela, RB;VE;VEN;Latin America & Caribbean;Not classified;2021;Mercado laboral;mercado_laboral;Desempleo juvenil;desempleo_juvenil;SL.UEM.1524.ZS;Tasa de desempleo juvenil;12.943;Banco Mundial - World Development Indicators;2026-07-27;
Venezuela;Venezuela, RB;VE;VEN;Latin America & Caribbean;Not classified;2022;Mercado laboral;mercado_laboral;Desempleo juvenil;desempleo_juvenil;SL.UEM.1524.ZS;Tasa de desempleo juvenil;10.58;Banco Mundial - World Development Indicators;2026-07-27;
Venezuela;Venezuela, RB;VE;VEN;Latin America & Caribbean;Not classified;2023;Mercado laboral;mercado_laboral;Desempleo juvenil;desempleo_juvenil;SL.UEM.1524.ZS;Tasa de desempleo juvenil;10.274;Banco Mundial - World Development Indicators;2026-07-27;
Venezuela;Venezuela, RB;VE;VEN;Latin America & Caribbean;Not classified;2024;Mercado laboral;mercado_laboral;Desempleo juvenil;desempleo_juvenil;SL.UEM.1524.ZS;Tasa de desempleo juvenil;10.158;Banco Mundial - World Development Indicators;2026-07-27;
Venezuela;Venezuela, RB;VE;VEN;Latin America & Caribbean;Not classified;2025;Mercado laboral;mercado_laboral;Desempleo juvenil;desempleo_juvenil;SL.UEM.1524.ZS;Tasa de desempleo juvenil;10.444;Banco Mundial - World Development Indicators;2026-07-27;
Venezuela;Venezuela, RB;VE;VEN;Latin America & Caribbean;Not classified;1960;Mercado laboral;mercado_laboral;Desempleo;desempleo;SL.UEM.TOTL.MA.ZS;Tasa de desempleo masculina;;Banco Mundial - World Development Indicators;2026-07-27;
Venezuela;Venezuela, RB;VE;VEN;Latin America & Caribbean;Not classified;1961;Mercado laboral;mercado_laboral;Desempleo;desempleo;SL.UEM.TOTL.MA.ZS;Tasa de desempleo masculina;;Banco Mundial - World Development Indicators;2026-07-27;
Venezuela;Venezuela, RB;VE;VEN;Latin America & Caribbean;Not classified;1962;Mercado laboral;mercado_laboral;Desempleo;desempleo;SL.UEM.TOTL.MA.ZS;Tasa de desempleo masculina;;Banco Mundial - World Development Indicators;2026-07-27;
Venezuela;Venezuela, RB;VE;VEN;Latin America & Caribbean;Not classified;1963;Mercado laboral;mercado_laboral;Desempleo;desempleo;SL.UEM.TOTL.MA.ZS;Tasa de desempleo masculina;;Banco Mundial - World Development Indicators;2026-07-27;
Venezuela;Venezuela, RB;VE;VEN;Latin America & Caribbean;Not classified;1964;Mercado laboral;mercado_laboral;Desempleo;desempleo;SL.UEM.TOTL.MA.ZS;Tasa de desempleo masculina;;Banco Mundial - World Development Indicators;2026-07-27;
Venezuela;Venezuela, RB;VE;VEN;Latin America & Caribbean;Not classified;1965;Mercado laboral;mercado_laboral;Desempleo;desempleo;SL.UEM.TOTL.MA.ZS;Tasa de desempleo masculina;;Banco Mundial - World Development Indicators;2026-07-27;
Venezuela;Venezuela, RB;VE;VEN;Latin America & Caribbean;Not classified;1966;Mercado laboral;mercado_laboral;Desempleo;desempleo;SL.UEM.TOTL.MA.ZS;Tasa de desempleo masculina;;Banco Mundial - World Development Indicators;2026-07-27;
Venezuela;Venezuela, RB;VE;VEN;Latin America & Caribbean;Not classified;1967;Mercado laboral;mercado_laboral;Desempleo;desempleo;SL.UEM.TOTL.MA.ZS;Tasa de desempleo masculina;;Banco Mundial - World Development Indicators;2026-07-27;
Venezuela;Venezuela, RB;VE;VEN;Latin America & Caribbean;Not classified;1968;Mercado laboral;mercado_laboral;Desempleo;desempleo;SL.UEM.TOTL.MA.ZS;Tasa de desempleo masculina;;Banco Mundial - World Development Indicators;2026-07-27;
Venezuela;Venezuela, RB;VE;VEN;Latin America & Caribbean;Not classified;1969;Mercado laboral;mercado_laboral;Desempleo;desempleo;SL.UEM.TOTL.MA.ZS;Tasa de desempleo masculina;;Banco Mundial - World Development Indicators;2026-07-27;
Venezuela;Venezuela, RB;VE;VEN;Latin America & Caribbean;Not classified;1970;Mercado laboral;mercado_laboral;Desempleo;desempleo;SL.UEM.TOTL.MA.ZS;Tasa de desempleo masculina;;Banco Mundial - World Development Indicators;2026-07-27;
Venezuela;Venezuela, RB;VE;VEN;Latin America & Caribbean;Not classified;1971;Mercado laboral;mercado_laboral;Desempleo;desempleo;SL.UEM.TOTL.MA.ZS;Tasa de desempleo masculina;;Banco Mundial - World Development Indicators;2026-07-27;
Venezuela;Venezuela, RB;VE;VEN;Latin America & Caribbean;Not classified;1972;Mercado laboral;mercado_laboral;Desempleo;desempleo;SL.UEM.TOTL.MA.ZS;Tasa de desempleo masculina;;Banco Mundial - World Development Indicators;2026-07-27;
Venezuela;Venezuela, RB;VE;VEN;Latin America & Caribbean;Not classified;1973;Mercado laboral;mercado_laboral;Desempleo;desempleo;SL.UEM.TOTL.MA.ZS;Tasa de desempleo masculina;;Banco Mundial - World Development Indicators;2026-07-27;
Venezuela;Venezuela, RB;VE;VEN;Latin America & Caribbean;Not classified;1974;Mercado laboral;mercado_laboral;Desempleo;desempleo;SL.UEM.TOTL.MA.ZS;Tasa de desempleo masculina;;Banco Mundial - World Development Indicators;2026-07-27;
Venezuela;Venezuela, RB;VE;VEN;Latin America & Caribbean;Not classified;1975;Mercado laboral;mercado_laboral;Desempleo;desempleo;SL.UEM.TOTL.MA.ZS;Tasa de desempleo masculina;;Banco Mundial - World Development Indicators;2026-07-27;
Venezuela;Venezuela, RB;VE;VEN;Latin America & Caribbean;Not classified;1976;Mercado laboral;mercado_laboral;Desempleo;desempleo;SL.UEM.TOTL.MA.ZS;Tasa de desempleo masculina;;Banco Mundial - World Development Indicators;2026-07-27;
Venezuela;Venezuela, RB;VE;VEN;Latin America & Caribbean;Not classified;1977;Mercado laboral;mercado_laboral;Desempleo;desempleo;SL.UEM.TOTL.MA.ZS;Tasa de desempleo masculina;;Banco Mundial - World Development Indicators;2026-07-27;
Venezuela;Venezuela, RB;VE;VEN;Latin America & Caribbean;Not classified;1978;Mercado laboral;mercado_laboral;Desempleo;desempleo;SL.UEM.TOTL.MA.ZS;Tasa de desempleo masculina;;Banco Mundial - World Development Indicators;2026-07-27;
Venezuela;Venezuela, RB;VE;VEN;Latin America & Caribbean;Not classified;1979;Mercado laboral;mercado_laboral;Desempleo;desempleo;SL.UEM.TOTL.MA.ZS;Tasa de desempleo masculina;;Banco Mundial - World Development Indicators;2026-07-27;
Venezuela;Venezuela, RB;VE;VEN;Latin America & Caribbean;Not classified;1980;Mercado laboral;mercado_laboral;Desempleo;desempleo;SL.UEM.TOTL.MA.ZS;Tasa de desempleo masculina;;Banco Mundial - World Development Indicators;2026-07-27;
Venezuela;Venezuela, RB;VE;VEN;Latin America & Caribbean;Not classified;1981;Mercado laboral;mercado_laboral;Desempleo;desempleo;SL.UEM.TOTL.MA.ZS;Tasa de desempleo masculina;;Banco Mundial - World Development Indicators;2026-07-27;
Venezuela;Venezuela, RB;VE;VEN;Latin America & Caribbean;Not classified;1982;Mercado laboral;mercado_laboral;Desempleo;desempleo;SL.UEM.TOTL.MA.ZS;Tasa de desempleo masculina;;Banco Mundial - World Development Indicators;2026-07-27;
Venezuela;Venezuela, RB;VE;VEN;Latin America & Caribbean;Not classified;1983;Mercado laboral;mercado_laboral;Desempleo;desempleo;SL.UEM.TOTL.MA.ZS;Tasa de desempleo masculina;;Banco Mundial - World Development Indicators;2026-07-27;
Venezuela;Venezuela, RB;VE;VEN;Latin America & Caribbean;Not classified;1984;Mercado laboral;mercado_laboral;Desempleo;desempleo;SL.UEM.TOTL.MA.ZS;Tasa de desempleo masculina;;Banco Mundial - World Development Indicators;2026-07-27;
Venezuela;Venezuela, RB;VE;VEN;Latin America & Caribbean;Not classified;1985;Mercado laboral;mercado_laboral;Desempleo;desempleo;SL.UEM.TOTL.MA.ZS;Tasa de desempleo masculina;;Banco Mundial - World Development Indicators;2026-07-27;
Venezuela;Venezuela, RB;VE;VEN;Latin America & Caribbean;Not classified;1986;Mercado laboral;mercado_laboral;Desempleo;desempleo;SL.UEM.TOTL.MA.ZS;Tasa de desempleo masculina;;Banco Mundial - World Development Indicators;2026-07-27;
Venezuela;Venezuela, RB;VE;VEN;Latin America & Caribbean;Not classified;1987;Mercado laboral;mercado_laboral;Desempleo;desempleo;SL.UEM.TOTL.MA.ZS;Tasa de desempleo masculina;;Banco Mundial - World Development Indicators;2026-07-27;
Venezuela;Venezuela, RB;VE;VEN;Latin America & Caribbean;Not classified;1988;Mercado laboral;mercado_laboral;Desempleo;desempleo;SL.UEM.TOTL.MA.ZS;Tasa de desempleo masculina;;Banco Mundial - World Development Indicators;2026-07-27;
Venezuela;Venezuela, RB;VE;VEN;Latin America & Caribbean;Not classified;1989;Mercado laboral;mercado_laboral;Desempleo;desempleo;SL.UEM.TOTL.MA.ZS;Tasa de desempleo masculina;;Banco Mundial - World Development Indicators;2026-07-27;
Venezuela;Venezuela, RB;VE;VEN;Latin America & Caribbean;Not classified;1990;Mercado laboral;mercado_laboral;Desempleo;desempleo;SL.UEM.TOTL.MA.ZS;Tasa de desempleo masculina;;Banco Mundial - World Development Indicators;2026-07-27;
Venezuela;Venezuela, RB;VE;VEN;Latin America & Caribbean;Not classified;1991;Mercado laboral;mercado_laboral;Desempleo;desempleo;SL.UEM.TOTL.MA.ZS;Tasa de desempleo masculina;9.53;Banco Mundial - World Development Indicators;2026-07-27;
Venezuela;Venezuela, RB;VE;VEN;Latin America & Caribbean;Not classified;1992;Mercado laboral;mercado_laboral;Desempleo;desempleo;SL.UEM.TOTL.MA.ZS;Tasa de desempleo masculina;8.168;Banco Mundial - World Development Indicators;2026-07-27;
Venezuela;Venezuela, RB;VE;VEN;Latin America & Caribbean;Not classified;1993;Mercado laboral;mercado_laboral;Desempleo;desempleo;SL.UEM.TOTL.MA.ZS;Tasa de desempleo masculina;7.172;Banco Mundial - World Development Indicators;2026-07-27;
Venezuela;Venezuela, RB;VE;VEN;Latin America & Caribbean;Not classified;1994;Mercado laboral;mercado_laboral;Desempleo;desempleo;SL.UEM.TOTL.MA.ZS;Tasa de desempleo masculina;7.948;Banco Mundial - World Development Indicators;2026-07-27;
Venezuela;Venezuela, RB;VE;VEN;Latin America & Caribbean;Not classified;1995;Mercado laboral;mercado_laboral;Desempleo;desempleo;SL.UEM.TOTL.MA.ZS;Tasa de desempleo masculina;8.793;Banco Mundial - World Development Indicators;2026-07-27;
Venezuela;Venezuela, RB;VE;VEN;Latin America & Caribbean;Not classified;1996;Mercado laboral;mercado_laboral;Desempleo;desempleo;SL.UEM.TOTL.MA.ZS;Tasa de desempleo masculina;10.177;Banco Mundial - World Development Indicators;2026-07-27;
Venezuela;Venezuela, RB;VE;VEN;Latin America & Caribbean;Not classified;1997;Mercado laboral;mercado_laboral;Desempleo;desempleo;SL.UEM.TOTL.MA.ZS;Tasa de desempleo masculina;9.64;Banco Mundial - World Development Indicators;2026-07-27;
Venezuela;Venezuela, RB;VE;VEN;Latin America & Caribbean;Not classified;1998;Mercado laboral;mercado_laboral;Desempleo;desempleo;SL.UEM.TOTL.MA.ZS;Tasa de desempleo masculina;9.808;Banco Mundial - World Development Indicators;2026-07-27;
Venezuela;Venezuela, RB;VE;VEN;Latin America & Caribbean;Not classified;1999;Mercado laboral;mercado_laboral;Desempleo;desempleo;SL.UEM.TOTL.MA.ZS;Tasa de desempleo masculina;13.331;Banco Mundial - World Development Indicators;2026-07-27;
Venezuela;Venezuela, RB;VE;VEN;Latin America & Caribbean;Not classified;2000;Mercado laboral;mercado_laboral;Desempleo;desempleo;SL.UEM.TOTL.MA.ZS;Tasa de desempleo masculina;13.616;Banco Mundial - World Development Indicators;2026-07-27;
Venezuela;Venezuela, RB;VE;VEN;Latin America & Caribbean;Not classified;2001;Mercado laboral;mercado_laboral;Desempleo;desempleo;SL.UEM.TOTL.MA.ZS;Tasa de desempleo masculina;12.377;Banco Mundial - World Development Indicators;2026-07-27;
Venezuela;Venezuela, RB;VE;VEN;Latin America & Caribbean;Not classified;2002;Mercado laboral;mercado_laboral;Desempleo;desempleo;SL.UEM.TOTL.MA.ZS;Tasa de desempleo masculina;14.487;Banco Mundial - World Development Indicators;2026-07-27;
Venezuela;Venezuela, RB;VE;VEN;Latin America & Caribbean;Not classified;2003;Mercado laboral;mercado_laboral;Desempleo;desempleo;SL.UEM.TOTL.MA.ZS;Tasa de desempleo masculina;14.547;Banco Mundial - World Development Indicators;2026-07-27;
Venezuela;Venezuela, RB;VE;VEN;Latin America & Caribbean;Not classified;2004;Mercado laboral;mercado_laboral;Desempleo;desempleo;SL.UEM.TOTL.MA.ZS;Tasa de desempleo masculina;13.304;Banco Mundial - World Development Indicators;2026-07-27;
Venezuela;Venezuela, RB;VE;VEN;Latin America & Caribbean;Not classified;2005;Mercado laboral;mercado_laboral;Desempleo;desempleo;SL.UEM.TOTL.MA.ZS;Tasa de desempleo masculina;10.038;Banco Mundial - World Development Indicators;2026-07-27;
Venezuela;Venezuela, RB;VE;VEN;Latin America & Caribbean;Not classified;2006;Mercado laboral;mercado_laboral;Desempleo;desempleo;SL.UEM.TOTL.MA.ZS;Tasa de desempleo masculina;8.109;Banco Mundial - World Development Indicators;2026-07-27;
Venezuela;Venezuela, RB;VE;VEN;Latin America & Caribbean;Not classified;2007;Mercado laboral;mercado_laboral;Desempleo;desempleo;SL.UEM.TOTL.MA.ZS;Tasa de desempleo masculina;7.045;Banco Mundial - World Development Indicators;2026-07-27;
Venezuela;Venezuela, RB;VE;VEN;Latin America & Caribbean;Not classified;2008;Mercado laboral;mercado_laboral;Desempleo;desempleo;SL.UEM.TOTL.MA.ZS;Tasa de desempleo masculina;6.262;Banco Mundial - World Development Indicators;2026-07-27;
Venezuela;Venezuela, RB;VE;VEN;Latin America & Caribbean;Not classified;2009;Mercado laboral;mercado_laboral;Desempleo;desempleo;SL.UEM.TOTL.MA.ZS;Tasa de desempleo masculina;6.184;Banco Mundial - World Development Indicators;2026-07-27;
Venezuela;Venezuela, RB;VE;VEN;Latin America & Caribbean;Not classified;2010;Mercado laboral;mercado_laboral;Desempleo;desempleo;SL.UEM.TOTL.MA.ZS;Tasa de desempleo masculina;7.216;Banco Mundial - World Development Indicators;2026-07-27;
Venezuela;Venezuela, RB;VE;VEN;Latin America & Caribbean;Not classified;2011;Mercado laboral;mercado_laboral;Desempleo;desempleo;SL.UEM.TOTL.MA.ZS;Tasa de desempleo masculina;6.702;Banco Mundial - World Development Indicators;2026-07-27;
Venezuela;Venezuela, RB;VE;VEN;Latin America & Caribbean;Not classified;2012;Mercado laboral;mercado_laboral;Desempleo;desempleo;SL.UEM.TOTL.MA.ZS;Tasa de desempleo masculina;6.264;Banco Mundial - World Development Indicators;2026-07-27;
Venezuela;Venezuela, RB;VE;VEN;Latin America & Caribbean;Not classified;2013;Mercado laboral;mercado_laboral;Desempleo;desempleo;SL.UEM.TOTL.MA.ZS;Tasa de desempleo masculina;6.834;Banco Mundial - World Development Indicators;2026-07-27;
Venezuela;Venezuela, RB;VE;VEN;Latin America & Caribbean;Not classified;2014;Mercado laboral;mercado_laboral;Desempleo;desempleo;SL.UEM.TOTL.MA.ZS;Tasa de desempleo masculina;6.32;Banco Mundial - World Development Indicators;2026-07-27;
Venezuela;Venezuela, RB;VE;VEN;Latin America & Caribbean;Not classified;2015;Mercado laboral;mercado_laboral;Desempleo;desempleo;SL.UEM.TOTL.MA.ZS;Tasa de desempleo masculina;5.852;Banco Mundial - World Development Indicators;2026-07-27;
Venezuela;Venezuela, RB;VE;VEN;Latin America & Caribbean;Not classified;2016;Mercado laboral;mercado_laboral;Desempleo;desempleo;SL.UEM.TOTL.MA.ZS;Tasa de desempleo masculina;5.256;Banco Mundial - World Development Indicators;2026-07-27;
Venezuela;Venezuela, RB;VE;VEN;Latin America & Caribbean;Not classified;2017;Mercado laboral;mercado_laboral;Desempleo;desempleo;SL.UEM.TOTL.MA.ZS;Tasa de desempleo masculina;4.518;Banco Mundial - World Development Indicators;2026-07-27;
Venezuela;Venezuela, RB;VE;VEN;Latin America & Caribbean;Not classified;2018;Mercado laboral;mercado_laboral;Desempleo;desempleo;SL.UEM.TOTL.MA.ZS;Tasa de desempleo masculina;5.008;Banco Mundial - World Development Indicators;2026-07-27;
Venezuela;Venezuela, RB;VE;VEN;Latin America & Caribbean;Not classified;2019;Mercado laboral;mercado_laboral;Desempleo;desempleo;SL.UEM.TOTL.MA.ZS;Tasa de desempleo masculina;5.497;Banco Mundial - World Development Indicators;2026-07-27;
Venezuela;Venezuela, RB;VE;VEN;Latin America & Caribbean;Not classified;2020;Mercado laboral;mercado_laboral;Desempleo;desempleo;SL.UEM.TOTL.MA.ZS;Tasa de desempleo masculina;7.287;Banco Mundial - World Development Indicators;2026-07-27;
Venezuela;Venezuela, RB;VE;VEN;Latin America & Caribbean;Not classified;2021;Mercado laboral;mercado_laboral;Desempleo;desempleo;SL.UEM.TOTL.MA.ZS;Tasa de desempleo masculina;6.693;Banco Mundial - World Development Indicators;2026-07-27;
Venezuela;Venezuela, RB;VE;VEN;Latin America & Caribbean;Not classified;2022;Mercado laboral;mercado_laboral;Desempleo;desempleo;SL.UEM.TOTL.MA.ZS;Tasa de desempleo masculina;5.352;Banco Mundial - World Development Indicators;2026-07-27;
Venezuela;Venezuela, RB;VE;VEN;Latin America & Caribbean;Not classified;2023;Mercado laboral;mercado_laboral;Desempleo;desempleo;SL.UEM.TOTL.MA.ZS;Tasa de desempleo masculina;5.108;Banco Mundial - World Development Indicators;2026-07-27;
Venezuela;Venezuela, RB;VE;VEN;Latin America & Caribbean;Not classified;2024;Mercado laboral;mercado_laboral;Desempleo;desempleo;SL.UEM.TOTL.MA.ZS;Tasa de desempleo masculina;5.017;Banco Mundial - World Development Indicators;2026-07-27;
Venezuela;Venezuela, RB;VE;VEN;Latin America & Caribbean;Not classified;2025;Mercado laboral;mercado_laboral;Desempleo;desempleo;SL.UEM.TOTL.MA.ZS;Tasa de desempleo masculina;5.001;Banco Mundial - World Development Indicators;2026-07-27;
Venezuela;Venezuela, RB;VE;VEN;Latin America & Caribbean;Not classified;1960;Mercado laboral;mercado_laboral;Desempleo;desempleo;SL.UEM.TOTL.ZS;Tasa de desempleo total;;Banco Mundial - World Development Indicators;2026-07-27;
Venezuela;Venezuela, RB;VE;VEN;Latin America & Caribbean;Not classified;1961;Mercado laboral;mercado_laboral;Desempleo;desempleo;SL.UEM.TOTL.ZS;Tasa de desempleo total;;Banco Mundial - World Development Indicators;2026-07-27;
Venezuela;Venezuela, RB;VE;VEN;Latin America & Caribbean;Not classified;1962;Mercado laboral;mercado_laboral;Desempleo;desempleo;SL.UEM.TOTL.ZS;Tasa de desempleo total;;Banco Mundial - World Development Indicators;2026-07-27;
Venezuela;Venezuela, RB;VE;VEN;Latin America & Caribbean;Not classified;1963;Mercado laboral;mercado_laboral;Desempleo;desempleo;SL.UEM.TOTL.ZS;Tasa de desempleo total;;Banco Mundial - World Development Indicators;2026-07-27;
Venezuela;Venezuela, RB;VE;VEN;Latin America & Caribbean;Not classified;1964;Mercado laboral;mercado_laboral;Desempleo;desempleo;SL.UEM.TOTL.ZS;Tasa de desempleo total;;Banco Mundial - World Development Indicators;2026-07-27;
Venezuela;Venezuela, RB;VE;VEN;Latin America & Caribbean;Not classified;1965;Mercado laboral;mercado_laboral;Desempleo;desempleo;SL.UEM.TOTL.ZS;Tasa de desempleo total;;Banco Mundial - World Development Indicators;2026-07-27;
Venezuela;Venezuela, RB;VE;VEN;Latin America & Caribbean;Not classified;1966;Mercado laboral;mercado_laboral;Desempleo;desempleo;SL.UEM.TOTL.ZS;Tasa de desempleo total;;Banco Mundial - World Development Indicators;2026-07-27;
Venezuela;Venezuela, RB;VE;VEN;Latin America & Caribbean;Not classified;1967;Mercado laboral;mercado_laboral;Desempleo;desempleo;SL.UEM.TOTL.ZS;Tasa de desempleo total;;Banco Mundial - World Development Indicators;2026-07-27;
Venezuela;Venezuela, RB;VE;VEN;Latin America & Caribbean;Not classified;1968;Mercado laboral;mercado_laboral;Desempleo;desempleo;SL.UEM.TOTL.ZS;Tasa de desempleo total;;Banco Mundial - World Development Indicators;2026-07-27;
Venezuela;Venezuela, RB;VE;VEN;Latin America & Caribbean;Not classified;1969;Mercado laboral;mercado_laboral;Desempleo;desempleo;SL.UEM.TOTL.ZS;Tasa de desempleo total;;Banco Mundial - World Development Indicators;2026-07-27;
Venezuela;Venezuela, RB;VE;VEN;Latin America & Caribbean;Not classified;1970;Mercado laboral;mercado_laboral;Desempleo;desempleo;SL.UEM.TOTL.ZS;Tasa de desempleo total;;Banco Mundial - World Development Indicators;2026-07-27;
Venezuela;Venezuela, RB;VE;VEN;Latin America & Caribbean;Not classified;1971;Mercado laboral;mercado_laboral;Desempleo;desempleo;SL.UEM.TOTL.ZS;Tasa de desempleo total;;Banco Mundial - World Development Indicators;2026-07-27;
Venezuela;Venezuela, RB;VE;VEN;Latin America & Caribbean;Not classified;1972;Mercado laboral;mercado_laboral;Desempleo;desempleo;SL.UEM.TOTL.ZS;Tasa de desempleo total;;Banco Mundial - World Development Indicators;2026-07-27;
Venezuela;Venezuela, RB;VE;VEN;Latin America & Caribbean;Not classified;1973;Mercado laboral;mercado_laboral;Desempleo;desempleo;SL.UEM.TOTL.ZS;Tasa de desempleo total;;Banco Mundial - World Development Indicators;2026-07-27;
Venezuela;Venezuela, RB;VE;VEN;Latin America & Caribbean;Not classified;1974;Mercado laboral;mercado_laboral;Desempleo;desempleo;SL.UEM.TOTL.ZS;Tasa de desempleo total;;Banco Mundial - World Development Indicators;2026-07-27;
Venezuela;Venezuela, RB;VE;VEN;Latin America & Caribbean;Not classified;1975;Mercado laboral;mercado_laboral;Desempleo;desempleo;SL.UEM.TOTL.ZS;Tasa de desempleo total;;Banco Mundial - World Development Indicators;2026-07-27;
Venezuela;Venezuela, RB;VE;VEN;Latin America & Caribbean;Not classified;1976;Mercado laboral;mercado_laboral;Desempleo;desempleo;SL.UEM.TOTL.ZS;Tasa de desempleo total;;Banco Mundial - World Development Indicators;2026-07-27;
Venezuela;Venezuela, RB;VE;VEN;Latin America & Caribbean;Not classified;1977;Mercado laboral;mercado_laboral;Desempleo;desempleo;SL.UEM.TOTL.ZS;Tasa de desempleo total;;Banco Mundial - World Development Indicators;2026-07-27;
Venezuela;Venezuela, RB;VE;VEN;Latin America & Caribbean;Not classified;1978;Mercado laboral;mercado_laboral;Desempleo;desempleo;SL.UEM.TOTL.ZS;Tasa de desempleo total;;Banco Mundial - World Development Indicators;2026-07-27;
Venezuela;Venezuela, RB;VE;VEN;Latin America & Caribbean;Not classified;1979;Mercado laboral;mercado_laboral;Desempleo;desempleo;SL.UEM.TOTL.ZS;Tasa de desempleo total;;Banco Mundial - World Development Indicators;2026-07-27;
Venezuela;Venezuela, RB;VE;VEN;Latin America & Caribbean;Not classified;1980;Mercado laboral;mercado_laboral;Desempleo;desempleo;SL.UEM.TOTL.ZS;Tasa de desempleo total;;Banco Mundial - World Development Indicators;2026-07-27;
Venezuela;Venezuela, RB;VE;VEN;Latin America & Caribbean;Not classified;1981;Mercado laboral;mercado_laboral;Desempleo;desempleo;SL.UEM.TOTL.ZS;Tasa de desempleo total;;Banco Mundial - World Development Indicators;2026-07-27;
Venezuela;Venezuela, RB;VE;VEN;Latin America & Caribbean;Not classified;1982;Mercado laboral;mercado_laboral;Desempleo;desempleo;SL.UEM.TOTL.ZS;Tasa de desempleo total;;Banco Mundial - World Development Indicators;2026-07-27;
Venezuela;Venezuela, RB;VE;VEN;Latin America & Caribbean;Not classified;1983;Mercado laboral;mercado_laboral;Desempleo;desempleo;SL.UEM.TOTL.ZS;Tasa de desempleo total;;Banco Mundial - World Development Indicators;2026-07-27;
Venezuela;Venezuela, RB;VE;VEN;Latin America & Caribbean;Not classified;1984;Mercado laboral;mercado_laboral;Desempleo;desempleo;SL.UEM.TOTL.ZS;Tasa de desempleo total;;Banco Mundial - World Development Indicators;2026-07-27;
Venezuela;Venezuela, RB;VE;VEN;Latin America & Caribbean;Not classified;1985;Mercado laboral;mercado_laboral;Desempleo;desempleo;SL.UEM.TOTL.ZS;Tasa de desempleo total;;Banco Mundial - World Development Indicators;2026-07-27;
Venezuela;Venezuela, RB;VE;VEN;Latin America & Caribbean;Not classified;1986;Mercado laboral;mercado_laboral;Desempleo;desempleo;SL.UEM.TOTL.ZS;Tasa de desempleo total;;Banco Mundial - World Development Indicators;2026-07-27;
Venezuela;Venezuela, RB;VE;VEN;Latin America & Caribbean;Not classified;1987;Mercado laboral;mercado_laboral;Desempleo;desempleo;SL.UEM.TOTL.ZS;Tasa de desempleo total;;Banco Mundial - World Development Indicators;2026-07-27;
Venezuela;Venezuela, RB;VE;VEN;Latin America & Caribbean;Not classified;1988;Mercado laboral;mercado_laboral;Desempleo;desempleo;SL.UEM.TOTL.ZS;Tasa de desempleo total;;Banco Mundial - World Development Indicators;2026-07-27;
Venezuela;Venezuela, RB;VE;VEN;Latin America & Caribbean;Not classified;1989;Mercado laboral;mercado_laboral;Desempleo;desempleo;SL.UEM.TOTL.ZS;Tasa de desempleo total;;Banco Mundial - World Development Indicators;2026-07-27;
Venezuela;Venezuela, RB;VE;VEN;Latin America & Caribbean;Not classified;1990;Mercado laboral;mercado_laboral;Desempleo;desempleo;SL.UEM.TOTL.ZS;Tasa de desempleo total;;Banco Mundial - World Development Indicators;2026-07-27;
Venezuela;Venezuela, RB;VE;VEN;Latin America & Caribbean;Not classified;1991;Mercado laboral;mercado_laboral;Desempleo;desempleo;SL.UEM.TOTL.ZS;Tasa de desempleo total;9.45;Banco Mundial - World Development Indicators;2026-07-27;
Venezuela;Venezuela, RB;VE;VEN;Latin America & Caribbean;Not classified;1992;Mercado laboral;mercado_laboral;Desempleo;desempleo;SL.UEM.TOTL.ZS;Tasa de desempleo total;7.69;Banco Mundial - World Development Indicators;2026-07-27;
Venezuela;Venezuela, RB;VE;VEN;Latin America & Caribbean;Not classified;1993;Mercado laboral;mercado_laboral;Desempleo;desempleo;SL.UEM.TOTL.ZS;Tasa de desempleo total;6.6;Banco Mundial - World Development Indicators;2026-07-27;
Venezuela;Venezuela, RB;VE;VEN;Latin America & Caribbean;Not classified;1994;Mercado laboral;mercado_laboral;Desempleo;desempleo;SL.UEM.TOTL.ZS;Tasa de desempleo total;8.56;Banco Mundial - World Development Indicators;2026-07-27;
Venezuela;Venezuela, RB;VE;VEN;Latin America & Caribbean;Not classified;1995;Mercado laboral;mercado_laboral;Desempleo;desempleo;SL.UEM.TOTL.ZS;Tasa de desempleo total;10.24;Banco Mundial - World Development Indicators;2026-07-27;
Venezuela;Venezuela, RB;VE;VEN;Latin America & Caribbean;Not classified;1996;Mercado laboral;mercado_laboral;Desempleo;desempleo;SL.UEM.TOTL.ZS;Tasa de desempleo total;11.77;Banco Mundial - World Development Indicators;2026-07-27;
Venezuela;Venezuela, RB;VE;VEN;Latin America & Caribbean;Not classified;1997;Mercado laboral;mercado_laboral;Desempleo;desempleo;SL.UEM.TOTL.ZS;Tasa de desempleo total;11.16;Banco Mundial - World Development Indicators;2026-07-27;
Venezuela;Venezuela, RB;VE;VEN;Latin America & Caribbean;Not classified;1998;Mercado laboral;mercado_laboral;Desempleo;desempleo;SL.UEM.TOTL.ZS;Tasa de desempleo total;11.15;Banco Mundial - World Development Indicators;2026-07-27;
Venezuela;Venezuela, RB;VE;VEN;Latin America & Caribbean;Not classified;1999;Mercado laboral;mercado_laboral;Desempleo;desempleo;SL.UEM.TOTL.ZS;Tasa de desempleo total;14.53;Banco Mundial - World Development Indicators;2026-07-27;
Venezuela;Venezuela, RB;VE;VEN;Latin America & Caribbean;Not classified;2000;Mercado laboral;mercado_laboral;Desempleo;desempleo;SL.UEM.TOTL.ZS;Tasa de desempleo total;13.99;Banco Mundial - World Development Indicators;2026-07-27;
Venezuela;Venezuela, RB;VE;VEN;Latin America & Caribbean;Not classified;2001;Mercado laboral;mercado_laboral;Desempleo;desempleo;SL.UEM.TOTL.ZS;Tasa de desempleo total;13.04;Banco Mundial - World Development Indicators;2026-07-27;
Venezuela;Venezuela, RB;VE;VEN;Latin America & Caribbean;Not classified;2002;Mercado laboral;mercado_laboral;Desempleo;desempleo;SL.UEM.TOTL.ZS;Tasa de desempleo total;16.17;Banco Mundial - World Development Indicators;2026-07-27;
Venezuela;Venezuela, RB;VE;VEN;Latin America & Caribbean;Not classified;2003;Mercado laboral;mercado_laboral;Desempleo;desempleo;SL.UEM.TOTL.ZS;Tasa de desempleo total;16.78;Banco Mundial - World Development Indicators;2026-07-27;
Venezuela;Venezuela, RB;VE;VEN;Latin America & Caribbean;Not classified;2004;Mercado laboral;mercado_laboral;Desempleo;desempleo;SL.UEM.TOTL.ZS;Tasa de desempleo total;15.07;Banco Mundial - World Development Indicators;2026-07-27;
Venezuela;Venezuela, RB;VE;VEN;Latin America & Caribbean;Not classified;2005;Mercado laboral;mercado_laboral;Desempleo;desempleo;SL.UEM.TOTL.ZS;Tasa de desempleo total;10.663;Banco Mundial - World Development Indicators;2026-07-27;
Venezuela;Venezuela, RB;VE;VEN;Latin America & Caribbean;Not classified;2006;Mercado laboral;mercado_laboral;Desempleo;desempleo;SL.UEM.TOTL.ZS;Tasa de desempleo total;8.606;Banco Mundial - World Development Indicators;2026-07-27;
Venezuela;Venezuela, RB;VE;VEN;Latin America & Caribbean;Not classified;2007;Mercado laboral;mercado_laboral;Desempleo;desempleo;SL.UEM.TOTL.ZS;Tasa de desempleo total;7.279;Banco Mundial - World Development Indicators;2026-07-27;
Venezuela;Venezuela, RB;VE;VEN;Latin America & Caribbean;Not classified;2008;Mercado laboral;mercado_laboral;Desempleo;desempleo;SL.UEM.TOTL.ZS;Tasa de desempleo total;6.245;Banco Mundial - World Development Indicators;2026-07-27;
Venezuela;Venezuela, RB;VE;VEN;Latin America & Caribbean;Not classified;2009;Mercado laboral;mercado_laboral;Desempleo;desempleo;SL.UEM.TOTL.ZS;Tasa de desempleo total;6.097;Banco Mundial - World Development Indicators;2026-07-27;
Venezuela;Venezuela, RB;VE;VEN;Latin America & Caribbean;Not classified;2010;Mercado laboral;mercado_laboral;Desempleo;desempleo;SL.UEM.TOTL.ZS;Tasa de desempleo total;7.112;Banco Mundial - World Development Indicators;2026-07-27;
Venezuela;Venezuela, RB;VE;VEN;Latin America & Caribbean;Not classified;2011;Mercado laboral;mercado_laboral;Desempleo;desempleo;SL.UEM.TOTL.ZS;Tasa de desempleo total;6.902;Banco Mundial - World Development Indicators;2026-07-27;
Venezuela;Venezuela, RB;VE;VEN;Latin America & Caribbean;Not classified;2012;Mercado laboral;mercado_laboral;Desempleo;desempleo;SL.UEM.TOTL.ZS;Tasa de desempleo total;6.601;Banco Mundial - World Development Indicators;2026-07-27;
Venezuela;Venezuela, RB;VE;VEN;Latin America & Caribbean;Not classified;2013;Mercado laboral;mercado_laboral;Desempleo;desempleo;SL.UEM.TOTL.ZS;Tasa de desempleo total;7.54;Banco Mundial - World Development Indicators;2026-07-27;
Venezuela;Venezuela, RB;VE;VEN;Latin America & Caribbean;Not classified;2014;Mercado laboral;mercado_laboral;Desempleo;desempleo;SL.UEM.TOTL.ZS;Tasa de desempleo total;6.821;Banco Mundial - World Development Indicators;2026-07-27;
Venezuela;Venezuela, RB;VE;VEN;Latin America & Caribbean;Not classified;2015;Mercado laboral;mercado_laboral;Desempleo;desempleo;SL.UEM.TOTL.ZS;Tasa de desempleo total;6.139;Banco Mundial - World Development Indicators;2026-07-27;
Venezuela;Venezuela, RB;VE;VEN;Latin America & Caribbean;Not classified;2016;Mercado laboral;mercado_laboral;Desempleo;desempleo;SL.UEM.TOTL.ZS;Tasa de desempleo total;5.319;Banco Mundial - World Development Indicators;2026-07-27;
Venezuela;Venezuela, RB;VE;VEN;Latin America & Caribbean;Not classified;2017;Mercado laboral;mercado_laboral;Desempleo;desempleo;SL.UEM.TOTL.ZS;Tasa de desempleo total;5.045;Banco Mundial - World Development Indicators;2026-07-27;
Venezuela;Venezuela, RB;VE;VEN;Latin America & Caribbean;Not classified;2018;Mercado laboral;mercado_laboral;Desempleo;desempleo;SL.UEM.TOTL.ZS;Tasa de desempleo total;5.468;Banco Mundial - World Development Indicators;2026-07-27;
Venezuela;Venezuela, RB;VE;VEN;Latin America & Caribbean;Not classified;2019;Mercado laboral;mercado_laboral;Desempleo;desempleo;SL.UEM.TOTL.ZS;Tasa de desempleo total;5.89;Banco Mundial - World Development Indicators;2026-07-27;
Venezuela;Venezuela, RB;VE;VEN;Latin America & Caribbean;Not classified;2020;Mercado laboral;mercado_laboral;Desempleo;desempleo;SL.UEM.TOTL.ZS;Tasa de desempleo total;7.53;Banco Mundial - World Development Indicators;2026-07-27;
Venezuela;Venezuela, RB;VE;VEN;Latin America & Caribbean;Not classified;2021;Mercado laboral;mercado_laboral;Desempleo;desempleo;SL.UEM.TOTL.ZS;Tasa de desempleo total;7.027;Banco Mundial - World Development Indicators;2026-07-27;
Venezuela;Venezuela, RB;VE;VEN;Latin America & Caribbean;Not classified;2022;Mercado laboral;mercado_laboral;Desempleo;desempleo;SL.UEM.TOTL.ZS;Tasa de desempleo total;5.646;Banco Mundial - World Development Indicators;2026-07-27;
Venezuela;Venezuela, RB;VE;VEN;Latin America & Caribbean;Not classified;2023;Mercado laboral;mercado_laboral;Desempleo;desempleo;SL.UEM.TOTL.ZS;Tasa de desempleo total;5.407;Banco Mundial - World Development Indicators;2026-07-27;
Venezuela;Venezuela, RB;VE;VEN;Latin America & Caribbean;Not classified;2024;Mercado laboral;mercado_laboral;Desempleo;desempleo;SL.UEM.TOTL.ZS;Tasa de desempleo total;5.321;Banco Mundial - World Development Indicators;2026-07-27;
Venezuela;Venezuela, RB;VE;VEN;Latin America & Caribbean;Not classified;2025;Mercado laboral;mercado_laboral;Desempleo;desempleo;SL.UEM.TOTL.ZS;Tasa de desempleo total;5.307;Banco Mundial - World Development Indicators;2026-07-27;
