País OVE;País Banco Mundial;Código ISO 2;Código ISO 3;Región;Nivel de ingreso;Año;Área temática;ID área;Subárea;ID subárea;Código indicador;Indicador;Valor;Fuente;Fecha descarga;Error descarga
Venezuela;Venezuela, RB;VE;VEN;Latin America & Caribbean;Not classified;1960;Demografía;demografia;Migración;migracion;SM.POP.NETM;Migración neta;8369.0;Banco Mundial - World Development Indicators;2026-07-08;
Venezuela;Venezuela, RB;VE;VEN;Latin America & Caribbean;Not classified;1961;Demografía;demografia;Migración;migracion;SM.POP.NETM;Migración neta;6069.0;Banco Mundial - World Development Indicators;2026-07-08;
Venezuela;Venezuela, RB;VE;VEN;Latin America & Caribbean;Not classified;1962;Demografía;demografia;Migración;migracion;SM.POP.NETM;Migración neta;4386.0;Banco Mundial - World Development Indicators;2026-07-08;
Venezuela;Venezuela, RB;VE;VEN;Latin America & Caribbean;Not classified;1963;Demografía;demografia;Migración;migracion;SM.POP.NETM;Migración neta;3296.0;Banco Mundial - World Development Indicators;2026-07-08;
Venezuela;Venezuela, RB;VE;VEN;Latin America & Caribbean;Not classified;1964;Demografía;demografia;Migración;migracion;SM.POP.NETM;Migración neta;2410.0;Banco Mundial - World Development Indicators;2026-07-08;
Venezuela;Venezuela, RB;VE;VEN;Latin America & Caribbean;Not classified;1965;Demografía;demografia;Migración;migracion;SM.POP.NETM;Migración neta;1656.0;Banco Mundial - World Development Indicators;2026-07-08;
Venezuela;Venezuela, RB;VE;VEN;Latin America & Caribbean;Not classified;1966;Demografía;demografia;Migración;migracion;SM.POP.NETM;Migración neta;1087.0;Banco Mundial - World Development Indicators;2026-07-08;
Venezuela;Venezuela, RB;VE;VEN;Latin America & Caribbean;Not classified;1967;Demografía;demografia;Migración;migracion;SM.POP.NETM;Migración neta;717.0;Banco Mundial - World Development Indicators;2026-07-08;
Venezuela;Venezuela, RB;VE;VEN;Latin America & Caribbean;Not classified;1968;Demografía;demografia;Migración;migracion;SM.POP.NETM;Migración neta;532.0;Banco Mundial - World Development Indicators;2026-07-08;
Venezuela;Venezuela, RB;VE;VEN;Latin America & Caribbean;Not classified;1969;Demografía;demografia;Migración;migracion;SM.POP.NETM;Migración neta;403.0;Banco Mundial - World Development Indicators;2026-07-08;
Venezuela;Venezuela, RB;VE;VEN;Latin America & Caribbean;Not classified;1970;Demografía;demografia;Migración;migracion;SM.POP.NETM;Migración neta;305.0;Banco Mundial - World Development Indicators;2026-07-08;
Venezuela;Venezuela, RB;VE;VEN;Latin America & Caribbean;Not classified;1971;Demografía;demografia;Migración;migracion;SM.POP.NETM;Migración neta;215.0;Banco Mundial - World Development Indicators;2026-07-08;
Venezuela;Venezuela, RB;VE;VEN;Latin America & Caribbean;Not classified;1972;Demografía;demografia;Migración;migracion;SM.POP.NETM;Migración neta;173.0;Banco Mundial - World Development Indicators;2026-07-08;
Venezuela;Venezuela, RB;VE;VEN;Latin America & Caribbean;Not classified;1973;Demografía;demografia;Migración;migracion;SM.POP.NETM;Migración neta;171.0;Banco Mundial - World Development Indicators;2026-07-08;
Venezuela;Venezuela, RB;VE;VEN;Latin America & Caribbean;Not classified;1974;Demografía;demografia;Migración;migracion;SM.POP.NETM;Migración neta;173.0;Banco Mundial - World Development Indicators;2026-07-08;
Venezuela;Venezuela, RB;VE;VEN;Latin America & Caribbean;Not classified;1975;Demografía;demografia;Migración;migracion;SM.POP.NETM;Migración neta;186.0;Banco Mundial - World Development Indicators;2026-07-08;
Venezuela;Venezuela, RB;VE;VEN;Latin America & Caribbean;Not classified;1976;Demografía;demografia;Migración;migracion;SM.POP.NETM;Migración neta;190.0;Banco Mundial - World Development Indicators;2026-07-08;
Venezuela;Venezuela, RB;VE;VEN;Latin America & Caribbean;Not classified;1977;Demografía;demografia;Migración;migracion;SM.POP.NETM;Migración neta;196.0;Banco Mundial - World Development Indicators;2026-07-08;
Venezuela;Venezuela, RB;VE;VEN;Latin America & Caribbean;Not classified;1978;Demografía;demografia;Migración;migracion;SM.POP.NETM;Migración neta;205.0;Banco Mundial - World Development Indicators;2026-07-08;
Venezuela;Venezuela, RB;VE;VEN;Latin America & Caribbean;Not classified;1979;Demografía;demografia;Migración;migracion;SM.POP.NETM;Migración neta;228.0;Banco Mundial - World Development Indicators;2026-07-08;
Venezuela;Venezuela, RB;VE;VEN;Latin America & Caribbean;Not classified;1980;Demografía;demografia;Migración;migracion;SM.POP.NETM;Migración neta;237.0;Banco Mundial - World Development Indicators;2026-07-08;
Venezuela;Venezuela, RB;VE;VEN;Latin America & Caribbean;Not classified;1981;Demografía;demografia;Migración;migracion;SM.POP.NETM;Migración neta;251.0;Banco Mundial - World Development Indicators;2026-07-08;
Venezuela;Venezuela, RB;VE;VEN;Latin America & Caribbean;Not classified;1982;Demografía;demografia;Migración;migracion;SM.POP.NETM;Migración neta;260.0;Banco Mundial - World Development Indicators;2026-07-08;
Venezuela;Venezuela, RB;VE;VEN;Latin America & Caribbean;Not classified;1983;Demografía;demografia;Migración;migracion;SM.POP.NETM;Migración neta;260.0;Banco Mundial - World Development Indicators;2026-07-08;
Venezuela;Venezuela, RB;VE;VEN;Latin America & Caribbean;Not classified;1984;Demografía;demografia;Migración;migracion;SM.POP.NETM;Migración neta;247.0;Banco Mundial - World Development Indicators;2026-07-08;
Venezuela;Venezuela, RB;VE;VEN;Latin America & Caribbean;Not classified;1985;Demografía;demografia;Migración;migracion;SM.POP.NETM;Migración neta;237.0;Banco Mundial - World Development Indicators;2026-07-08;
Venezuela;Venezuela, RB;VE;VEN;Latin America & Caribbean;Not classified;1986;Demografía;demografia;Migración;migracion;SM.POP.NETM;Migración neta;201.0;Banco Mundial - World Development Indicators;2026-07-08;
Venezuela;Venezuela, RB;VE;VEN;Latin America & Caribbean;Not classified;1987;Demografía;demografia;Migración;migracion;SM.POP.NETM;Migración neta;182.0;Banco Mundial - World Development Indicators;2026-07-08;
Venezuela;Venezuela, RB;VE;VEN;Latin America & Caribbean;Not classified;1988;Demografía;demografia;Migración;migracion;SM.POP.NETM;Migración neta;137.0;Banco Mundial - World Development Indicators;2026-07-08;
Venezuela;Venezuela, RB;VE;VEN;Latin America & Caribbean;Not classified;1989;Demografía;demografia;Migración;migracion;SM.POP.NETM;Migración neta;32.0;Banco Mundial - World Development Indicators;2026-07-08;
Venezuela;Venezuela, RB;VE;VEN;Latin America & Caribbean;Not classified;1990;Demografía;demografia;Migración;migracion;SM.POP.NETM;Migración neta;-69.0;Banco Mundial - World Development Indicators;2026-07-08;
Venezuela;Venezuela, RB;VE;VEN;Latin America & Caribbean;Not classified;1991;Demografía;demografia;Migración;migracion;SM.POP.NETM;Migración neta;-236.0;Banco Mundial - World Development Indicators;2026-07-08;
Venezuela;Venezuela, RB;VE;VEN;Latin America & Caribbean;Not classified;1992;Demografía;demografia;Migración;migracion;SM.POP.NETM;Migración neta;-381.0;Banco Mundial - World Development Indicators;2026-07-08;
Venezuela;Venezuela, RB;VE;VEN;Latin America & Caribbean;Not classified;1993;Demografía;demografia;Migración;migracion;SM.POP.NETM;Migración neta;-477.0;Banco Mundial - World Development Indicators;2026-07-08;
Venezuela;Venezuela, RB;VE;VEN;Latin America & Caribbean;Not classified;1994;Demografía;demografia;Migración;migracion;SM.POP.NETM;Migración neta;-559.0;Banco Mundial - World Development Indicators;2026-07-08;
Venezuela;Venezuela, RB;VE;VEN;Latin America & Caribbean;Not classified;1995;Demografía;demografia;Migración;migracion;SM.POP.NETM;Migración neta;-622.0;Banco Mundial - World Development Indicators;2026-07-08;
Venezuela;Venezuela, RB;VE;VEN;Latin America & Caribbean;Not classified;1996;Demografía;demografia;Migración;migracion;SM.POP.NETM;Migración neta;-708.0;Banco Mundial - World Development Indicators;2026-07-08;
Venezuela;Venezuela, RB;VE;VEN;Latin America & Caribbean;Not classified;1997;Demografía;demografia;Migración;migracion;SM.POP.NETM;Migración neta;-816.0;Banco Mundial - World Development Indicators;2026-07-08;
Venezuela;Venezuela, RB;VE;VEN;Latin America & Caribbean;Not classified;1998;Demografía;demografia;Migración;migracion;SM.POP.NETM;Migración neta;-1010.0;Banco Mundial - World Development Indicators;2026-07-08;
Venezuela;Venezuela, RB;VE;VEN;Latin America & Caribbean;Not classified;1999;Demografía;demografia;Migración;migracion;SM.POP.NETM;Migración neta;-1376.0;Banco Mundial - World Development Indicators;2026-07-08;
Venezuela;Venezuela, RB;VE;VEN;Latin America & Caribbean;Not classified;2000;Demografía;demografia;Migración;migracion;SM.POP.NETM;Migración neta;-1999.0;Banco Mundial - World Development Indicators;2026-07-08;
Venezuela;Venezuela, RB;VE;VEN;Latin America & Caribbean;Not classified;2001;Demografía;demografia;Migración;migracion;SM.POP.NETM;Migración neta;-2856.0;Banco Mundial - World Development Indicators;2026-07-08;
Venezuela;Venezuela, RB;VE;VEN;Latin America & Caribbean;Not classified;2002;Demografía;demografia;Migración;migracion;SM.POP.NETM;Migración neta;-3944.0;Banco Mundial - World Development Indicators;2026-07-08;
Venezuela;Venezuela, RB;VE;VEN;Latin America & Caribbean;Not classified;2003;Demografía;demografia;Migración;migracion;SM.POP.NETM;Migración neta;-5729.0;Banco Mundial - World Development Indicators;2026-07-08;
Venezuela;Venezuela, RB;VE;VEN;Latin America & Caribbean;Not classified;2004;Demografía;demografia;Migración;migracion;SM.POP.NETM;Migración neta;-10798.0;Banco Mundial - World Development Indicators;2026-07-08;
Venezuela;Venezuela, RB;VE;VEN;Latin America & Caribbean;Not classified;2005;Demografía;demografia;Migración;migracion;SM.POP.NETM;Migración neta;-18407.0;Banco Mundial - World Development Indicators;2026-07-08;
Venezuela;Venezuela, RB;VE;VEN;Latin America & Caribbean;Not classified;2006;Demografía;demografia;Migración;migracion;SM.POP.NETM;Migración neta;-27240.0;Banco Mundial - World Development Indicators;2026-07-08;
Venezuela;Venezuela, RB;VE;VEN;Latin America & Caribbean;Not classified;2007;Demografía;demografia;Migración;migracion;SM.POP.NETM;Migración neta;-36060.0;Banco Mundial - World Development Indicators;2026-07-08;
Venezuela;Venezuela, RB;VE;VEN;Latin America & Caribbean;Not classified;2008;Demografía;demografia;Migración;migracion;SM.POP.NETM;Migración neta;-43636.0;Banco Mundial - World Development Indicators;2026-07-08;
Venezuela;Venezuela, RB;VE;VEN;Latin America & Caribbean;Not classified;2009;Demografía;demografia;Migración;migracion;SM.POP.NETM;Migración neta;-50286.0;Banco Mundial - World Development Indicators;2026-07-08;
Venezuela;Venezuela, RB;VE;VEN;Latin America & Caribbean;Not classified;2010;Demografía;demografia;Migración;migracion;SM.POP.NETM;Migración neta;-52781.0;Banco Mundial - World Development Indicators;2026-07-08;
Venezuela;Venezuela, RB;VE;VEN;Latin America & Caribbean;Not classified;2011;Demografía;demografia;Migración;migracion;SM.POP.NETM;Migración neta;-54384.0;Banco Mundial - World Development Indicators;2026-07-08;
Venezuela;Venezuela, RB;VE;VEN;Latin America & Caribbean;Not classified;2012;Demografía;demografia;Migración;migracion;SM.POP.NETM;Migración neta;-55131.0;Banco Mundial - World Development Indicators;2026-07-08;
Venezuela;Venezuela, RB;VE;VEN;Latin America & Caribbean;Not classified;2013;Demografía;demografia;Migración;migracion;SM.POP.NETM;Migración neta;-57818.0;Banco Mundial - World Development Indicators;2026-07-08;
Venezuela;Venezuela, RB;VE;VEN;Latin America & Caribbean;Not classified;2014;Demografía;demografia;Migración;migracion;SM.POP.NETM;Migración neta;-62437.0;Banco Mundial - World Development Indicators;2026-07-08;
Venezuela;Venezuela, RB;VE;VEN;Latin America & Caribbean;Not classified;2015;Demografía;demografia;Migración;migracion;SM.POP.NETM;Migración neta;-77417.0;Banco Mundial - World Development Indicators;2026-07-08;
Venezuela;Venezuela, RB;VE;VEN;Latin America & Caribbean;Not classified;2016;Demografía;demografia;Migración;migracion;SM.POP.NETM;Migración neta;-283270.0;Banco Mundial - World Development Indicators;2026-07-08;
Venezuela;Venezuela, RB;VE;VEN;Latin America & Caribbean;Not classified;2017;Demografía;demografia;Migración;migracion;SM.POP.NETM;Migración neta;-817376.0;Banco Mundial - World Development Indicators;2026-07-08;
Venezuela;Venezuela, RB;VE;VEN;Latin America & Caribbean;Not classified;2018;Demografía;demografia;Migración;migracion;SM.POP.NETM;Migración neta;-1355602.0;Banco Mundial - World Development Indicators;2026-07-08;
Venezuela;Venezuela, RB;VE;VEN;Latin America & Caribbean;Not classified;2019;Demografía;demografia;Migración;migracion;SM.POP.NETM;Migración neta;-975534.0;Banco Mundial - World Development Indicators;2026-07-08;
Venezuela;Venezuela, RB;VE;VEN;Latin America & Caribbean;Not classified;2020;Demografía;demografia;Migración;migracion;SM.POP.NETM;Migración neta;-524649.0;Banco Mundial - World Development Indicators;2026-07-08;
Venezuela;Venezuela, RB;VE;VEN;Latin America & Caribbean;Not classified;2021;Demografía;demografia;Migración;migracion;SM.POP.NETM;Migración neta;-332936.0;Banco Mundial - World Development Indicators;2026-07-08;
Venezuela;Venezuela, RB;VE;VEN;Latin America & Caribbean;Not classified;2022;Demografía;demografia;Migración;migracion;SM.POP.NETM;Migración neta;-141107.0;Banco Mundial - World Development Indicators;2026-07-08;
Venezuela;Venezuela, RB;VE;VEN;Latin America & Caribbean;Not classified;2023;Demografía;demografia;Migración;migracion;SM.POP.NETM;Migración neta;-112899.0;Banco Mundial - World Development Indicators;2026-07-08;
Venezuela;Venezuela, RB;VE;VEN;Latin America & Caribbean;Not classified;2024;Demografía;demografia;Migración;migracion;SM.POP.NETM;Migración neta;-105297.0;Banco Mundial - World Development Indicators;2026-07-08;
Venezuela;Venezuela, RB;VE;VEN;Latin America & Caribbean;Not classified;2025;Demografía;demografia;Migración;migracion;SM.POP.NETM;Migración neta;-100467.0;Banco Mundial - World Development Indicators;2026-07-08;
Venezuela;Venezuela, RB;VE;VEN;Latin America & Caribbean;Not classified;1960;Demografía;demografia;Esperanza de vida;esperanza_de_vida;SP.DYN.LE00.FE.IN;Esperanza de vida femenina;;Banco Mundial - World Development Indicators;2026-07-08;The read operation timed out
Venezuela;Venezuela, RB;VE;VEN;Latin America & Caribbean;Not classified;1961;Demografía;demografia;Esperanza de vida;esperanza_de_vida;SP.DYN.LE00.FE.IN;Esperanza de vida femenina;;Banco Mundial - World Development Indicators;2026-07-08;The read operation timed out
Venezuela;Venezuela, RB;VE;VEN;Latin America & Caribbean;Not classified;1962;Demografía;demografia;Esperanza de vida;esperanza_de_vida;SP.DYN.LE00.FE.IN;Esperanza de vida femenina;;Banco Mundial - World Development Indicators;2026-07-08;The read operation timed out
Venezuela;Venezuela, RB;VE;VEN;Latin America & Caribbean;Not classified;1963;Demografía;demografia;Esperanza de vida;esperanza_de_vida;SP.DYN.LE00.FE.IN;Esperanza de vida femenina;;Banco Mundial - World Development Indicators;2026-07-08;The read operation timed out
Venezuela;Venezuela, RB;VE;VEN;Latin America & Caribbean;Not classified;1964;Demografía;demografia;Esperanza de vida;esperanza_de_vida;SP.DYN.LE00.FE.IN;Esperanza de vida femenina;;Banco Mundial - World Development Indicators;2026-07-08;The read operation timed out
Venezuela;Venezuela, RB;VE;VEN;Latin America & Caribbean;Not classified;1965;Demografía;demografia;Esperanza de vida;esperanza_de_vida;SP.DYN.LE00.FE.IN;Esperanza de vida femenina;;Banco Mundial - World Development Indicators;2026-07-08;The read operation timed out
Venezuela;Venezuela, RB;VE;VEN;Latin America & Caribbean;Not classified;1966;Demografía;demografia;Esperanza de vida;esperanza_de_vida;SP.DYN.LE00.FE.IN;Esperanza de vida femenina;;Banco Mundial - World Development Indicators;2026-07-08;The read operation timed out
Venezuela;Venezuela, RB;VE;VEN;Latin America & Caribbean;Not classified;1967;Demografía;demografia;Esperanza de vida;esperanza_de_vida;SP.DYN.LE00.FE.IN;Esperanza de vida femenina;;Banco Mundial - World Development Indicators;2026-07-08;The read operation timed out
Venezuela;Venezuela, RB;VE;VEN;Latin America & Caribbean;Not classified;1968;Demografía;demografia;Esperanza de vida;esperanza_de_vida;SP.DYN.LE00.FE.IN;Esperanza de vida femenina;;Banco Mundial - World Development Indicators;2026-07-08;The read operation timed out
Venezuela;Venezuela, RB;VE;VEN;Latin America & Caribbean;Not classified;1969;Demografía;demografia;Esperanza de vida;esperanza_de_vida;SP.DYN.LE00.FE.IN;Esperanza de vida femenina;;Banco Mundial - World Development Indicators;2026-07-08;The read operation timed out
Venezuela;Venezuela, RB;VE;VEN;Latin America & Caribbean;Not classified;1970;Demografía;demografia;Esperanza de vida;esperanza_de_vida;SP.DYN.LE00.FE.IN;Esperanza de vida femenina;;Banco Mundial - World Development Indicators;2026-07-08;The read operation timed out
Venezuela;Venezuela, RB;VE;VEN;Latin America & Caribbean;Not classified;1971;Demografía;demografia;Esperanza de vida;esperanza_de_vida;SP.DYN.LE00.FE.IN;Esperanza de vida femenina;;Banco Mundial - World Development Indicators;2026-07-08;The read operation timed out
Venezuela;Venezuela, RB;VE;VEN;Latin America & Caribbean;Not classified;1972;Demografía;demografia;Esperanza de vida;esperanza_de_vida;SP.DYN.LE00.FE.IN;Esperanza de vida femenina;;Banco Mundial - World Development Indicators;2026-07-08;The read operation timed out
Venezuela;Venezuela, RB;VE;VEN;Latin America & Caribbean;Not classified;1973;Demografía;demografia;Esperanza de vida;esperanza_de_vida;SP.DYN.LE00.FE.IN;Esperanza de vida femenina;;Banco Mundial - World Development Indicators;2026-07-08;The read operation timed out
Venezuela;Venezuela, RB;VE;VEN;Latin America & Caribbean;Not classified;1974;Demografía;demografia;Esperanza de vida;esperanza_de_vida;SP.DYN.LE00.FE.IN;Esperanza de vida femenina;;Banco Mundial - World Development Indicators;2026-07-08;The read operation timed out
Venezuela;Venezuela, RB;VE;VEN;Latin America & Caribbean;Not classified;1975;Demografía;demografia;Esperanza de vida;esperanza_de_vida;SP.DYN.LE00.FE.IN;Esperanza de vida femenina;;Banco Mundial - World Development Indicators;2026-07-08;The read operation timed out
Venezuela;Venezuela, RB;VE;VEN;Latin America & Caribbean;Not classified;1976;Demografía;demografia;Esperanza de vida;esperanza_de_vida;SP.DYN.LE00.FE.IN;Esperanza de vida femenina;;Banco Mundial - World Development Indicators;2026-07-08;The read operation timed out
Venezuela;Venezuela, RB;VE;VEN;Latin America & Caribbean;Not classified;1977;Demografía;demografia;Esperanza de vida;esperanza_de_vida;SP.DYN.LE00.FE.IN;Esperanza de vida femenina;;Banco Mundial - World Development Indicators;2026-07-08;The read operation timed out
Venezuela;Venezuela, RB;VE;VEN;Latin America & Caribbean;Not classified;1978;Demografía;demografia;Esperanza de vida;esperanza_de_vida;SP.DYN.LE00.FE.IN;Esperanza de vida femenina;;Banco Mundial - World Development Indicators;2026-07-08;The read operation timed out
Venezuela;Venezuela, RB;VE;VEN;Latin America & Caribbean;Not classified;1979;Demografía;demografia;Esperanza de vida;esperanza_de_vida;SP.DYN.LE00.FE.IN;Esperanza de vida femenina;;Banco Mundial - World Development Indicators;2026-07-08;The read operation timed out
Venezuela;Venezuela, RB;VE;VEN;Latin America & Caribbean;Not classified;1980;Demografía;demografia;Esperanza de vida;esperanza_de_vida;SP.DYN.LE00.FE.IN;Esperanza de vida femenina;;Banco Mundial - World Development Indicators;2026-07-08;The read operation timed out
Venezuela;Venezuela, RB;VE;VEN;Latin America & Caribbean;Not classified;1981;Demografía;demografia;Esperanza de vida;esperanza_de_vida;SP.DYN.LE00.FE.IN;Esperanza de vida femenina;;Banco Mundial - World Development Indicators;2026-07-08;The read operation timed out
Venezuela;Venezuela, RB;VE;VEN;Latin America & Caribbean;Not classified;1982;Demografía;demografia;Esperanza de vida;esperanza_de_vida;SP.DYN.LE00.FE.IN;Esperanza de vida femenina;;Banco Mundial - World Development Indicators;2026-07-08;The read operation timed out
Venezuela;Venezuela, RB;VE;VEN;Latin America & Caribbean;Not classified;1983;Demografía;demografia;Esperanza de vida;esperanza_de_vida;SP.DYN.LE00.FE.IN;Esperanza de vida femenina;;Banco Mundial - World Development Indicators;2026-07-08;The read operation timed out
Venezuela;Venezuela, RB;VE;VEN;Latin America & Caribbean;Not classified;1984;Demografía;demografia;Esperanza de vida;esperanza_de_vida;SP.DYN.LE00.FE.IN;Esperanza de vida femenina;;Banco Mundial - World Development Indicators;2026-07-08;The read operation timed out
Venezuela;Venezuela, RB;VE;VEN;Latin America & Caribbean;Not classified;1985;Demografía;demografia;Esperanza de vida;esperanza_de_vida;SP.DYN.LE00.FE.IN;Esperanza de vida femenina;;Banco Mundial - World Development Indicators;2026-07-08;The read operation timed out
Venezuela;Venezuela, RB;VE;VEN;Latin America & Caribbean;Not classified;1986;Demografía;demografia;Esperanza de vida;esperanza_de_vida;SP.DYN.LE00.FE.IN;Esperanza de vida femenina;;Banco Mundial - World Development Indicators;2026-07-08;The read operation timed out
Venezuela;Venezuela, RB;VE;VEN;Latin America & Caribbean;Not classified;1987;Demografía;demografia;Esperanza de vida;esperanza_de_vida;SP.DYN.LE00.FE.IN;Esperanza de vida femenina;;Banco Mundial - World Development Indicators;2026-07-08;The read operation timed out
Venezuela;Venezuela, RB;VE;VEN;Latin America & Caribbean;Not classified;1988;Demografía;demografia;Esperanza de vida;esperanza_de_vida;SP.DYN.LE00.FE.IN;Esperanza de vida femenina;;Banco Mundial - World Development Indicators;2026-07-08;The read operation timed out
Venezuela;Venezuela, RB;VE;VEN;Latin America & Caribbean;Not classified;1989;Demografía;demografia;Esperanza de vida;esperanza_de_vida;SP.DYN.LE00.FE.IN;Esperanza de vida femenina;;Banco Mundial - World Development Indicators;2026-07-08;The read operation timed out
Venezuela;Venezuela, RB;VE;VEN;Latin America & Caribbean;Not classified;1990;Demografía;demografia;Esperanza de vida;esperanza_de_vida;SP.DYN.LE00.FE.IN;Esperanza de vida femenina;;Banco Mundial - World Development Indicators;2026-07-08;The read operation timed out
Venezuela;Venezuela, RB;VE;VEN;Latin America & Caribbean;Not classified;1991;Demografía;demografia;Esperanza de vida;esperanza_de_vida;SP.DYN.LE00.FE.IN;Esperanza de vida femenina;;Banco Mundial - World Development Indicators;2026-07-08;The read operation timed out
Venezuela;Venezuela, RB;VE;VEN;Latin America & Caribbean;Not classified;1992;Demografía;demografia;Esperanza de vida;esperanza_de_vida;SP.DYN.LE00.FE.IN;Esperanza de vida femenina;;Banco Mundial - World Development Indicators;2026-07-08;The read operation timed out
Venezuela;Venezuela, RB;VE;VEN;Latin America & Caribbean;Not classified;1993;Demografía;demografia;Esperanza de vida;esperanza_de_vida;SP.DYN.LE00.FE.IN;Esperanza de vida femenina;;Banco Mundial - World Development Indicators;2026-07-08;The read operation timed out
Venezuela;Venezuela, RB;VE;VEN;Latin America & Caribbean;Not classified;1994;Demografía;demografia;Esperanza de vida;esperanza_de_vida;SP.DYN.LE00.FE.IN;Esperanza de vida femenina;;Banco Mundial - World Development Indicators;2026-07-08;The read operation timed out
Venezuela;Venezuela, RB;VE;VEN;Latin America & Caribbean;Not classified;1995;Demografía;demografia;Esperanza de vida;esperanza_de_vida;SP.DYN.LE00.FE.IN;Esperanza de vida femenina;;Banco Mundial - World Development Indicators;2026-07-08;The read operation timed out
Venezuela;Venezuela, RB;VE;VEN;Latin America & Caribbean;Not classified;1996;Demografía;demografia;Esperanza de vida;esperanza_de_vida;SP.DYN.LE00.FE.IN;Esperanza de vida femenina;;Banco Mundial - World Development Indicators;2026-07-08;The read operation timed out
Venezuela;Venezuela, RB;VE;VEN;Latin America & Caribbean;Not classified;1997;Demografía;demografia;Esperanza de vida;esperanza_de_vida;SP.DYN.LE00.FE.IN;Esperanza de vida femenina;;Banco Mundial - World Development Indicators;2026-07-08;The read operation timed out
Venezuela;Venezuela, RB;VE;VEN;Latin America & Caribbean;Not classified;1998;Demografía;demografia;Esperanza de vida;esperanza_de_vida;SP.DYN.LE00.FE.IN;Esperanza de vida femenina;;Banco Mundial - World Development Indicators;2026-07-08;The read operation timed out
Venezuela;Venezuela, RB;VE;VEN;Latin America & Caribbean;Not classified;1999;Demografía;demografia;Esperanza de vida;esperanza_de_vida;SP.DYN.LE00.FE.IN;Esperanza de vida femenina;;Banco Mundial - World Development Indicators;2026-07-08;The read operation timed out
Venezuela;Venezuela, RB;VE;VEN;Latin America & Caribbean;Not classified;2000;Demografía;demografia;Esperanza de vida;esperanza_de_vida;SP.DYN.LE00.FE.IN;Esperanza de vida femenina;;Banco Mundial - World Development Indicators;2026-07-08;The read operation timed out
Venezuela;Venezuela, RB;VE;VEN;Latin America & Caribbean;Not classified;2001;Demografía;demografia;Esperanza de vida;esperanza_de_vida;SP.DYN.LE00.FE.IN;Esperanza de vida femenina;;Banco Mundial - World Development Indicators;2026-07-08;The read operation timed out
Venezuela;Venezuela, RB;VE;VEN;Latin America & Caribbean;Not classified;2002;Demografía;demografia;Esperanza de vida;esperanza_de_vida;SP.DYN.LE00.FE.IN;Esperanza de vida femenina;;Banco Mundial - World Development Indicators;2026-07-08;The read operation timed out
Venezuela;Venezuela, RB;VE;VEN;Latin America & Caribbean;Not classified;2003;Demografía;demografia;Esperanza de vida;esperanza_de_vida;SP.DYN.LE00.FE.IN;Esperanza de vida femenina;;Banco Mundial - World Development Indicators;2026-07-08;The read operation timed out
Venezuela;Venezuela, RB;VE;VEN;Latin America & Caribbean;Not classified;2004;Demografía;demografia;Esperanza de vida;esperanza_de_vida;SP.DYN.LE00.FE.IN;Esperanza de vida femenina;;Banco Mundial - World Development Indicators;2026-07-08;The read operation timed out
Venezuela;Venezuela, RB;VE;VEN;Latin America & Caribbean;Not classified;2005;Demografía;demografia;Esperanza de vida;esperanza_de_vida;SP.DYN.LE00.FE.IN;Esperanza de vida femenina;;Banco Mundial - World Development Indicators;2026-07-08;The read operation timed out
Venezuela;Venezuela, RB;VE;VEN;Latin America & Caribbean;Not classified;2006;Demografía;demografia;Esperanza de vida;esperanza_de_vida;SP.DYN.LE00.FE.IN;Esperanza de vida femenina;;Banco Mundial - World Development Indicators;2026-07-08;The read operation timed out
Venezuela;Venezuela, RB;VE;VEN;Latin America & Caribbean;Not classified;2007;Demografía;demografia;Esperanza de vida;esperanza_de_vida;SP.DYN.LE00.FE.IN;Esperanza de vida femenina;;Banco Mundial - World Development Indicators;2026-07-08;The read operation timed out
Venezuela;Venezuela, RB;VE;VEN;Latin America & Caribbean;Not classified;2008;Demografía;demografia;Esperanza de vida;esperanza_de_vida;SP.DYN.LE00.FE.IN;Esperanza de vida femenina;;Banco Mundial - World Development Indicators;2026-07-08;The read operation timed out
Venezuela;Venezuela, RB;VE;VEN;Latin America & Caribbean;Not classified;2009;Demografía;demografia;Esperanza de vida;esperanza_de_vida;SP.DYN.LE00.FE.IN;Esperanza de vida femenina;;Banco Mundial - World Development Indicators;2026-07-08;The read operation timed out
Venezuela;Venezuela, RB;VE;VEN;Latin America & Caribbean;Not classified;2010;Demografía;demografia;Esperanza de vida;esperanza_de_vida;SP.DYN.LE00.FE.IN;Esperanza de vida femenina;;Banco Mundial - World Development Indicators;2026-07-08;The read operation timed out
Venezuela;Venezuela, RB;VE;VEN;Latin America & Caribbean;Not classified;2011;Demografía;demografia;Esperanza de vida;esperanza_de_vida;SP.DYN.LE00.FE.IN;Esperanza de vida femenina;;Banco Mundial - World Development Indicators;2026-07-08;The read operation timed out
Venezuela;Venezuela, RB;VE;VEN;Latin America & Caribbean;Not classified;2012;Demografía;demografia;Esperanza de vida;esperanza_de_vida;SP.DYN.LE00.FE.IN;Esperanza de vida femenina;;Banco Mundial - World Development Indicators;2026-07-08;The read operation timed out
Venezuela;Venezuela, RB;VE;VEN;Latin America & Caribbean;Not classified;2013;Demografía;demografia;Esperanza de vida;esperanza_de_vida;SP.DYN.LE00.FE.IN;Esperanza de vida femenina;;Banco Mundial - World Development Indicators;2026-07-08;The read operation timed out
Venezuela;Venezuela, RB;VE;VEN;Latin America & Caribbean;Not classified;2014;Demografía;demografia;Esperanza de vida;esperanza_de_vida;SP.DYN.LE00.FE.IN;Esperanza de vida femenina;;Banco Mundial - World Development Indicators;2026-07-08;The read operation timed out
Venezuela;Venezuela, RB;VE;VEN;Latin America & Caribbean;Not classified;2015;Demografía;demografia;Esperanza de vida;esperanza_de_vida;SP.DYN.LE00.FE.IN;Esperanza de vida femenina;;Banco Mundial - World Development Indicators;2026-07-08;The read operation timed out
Venezuela;Venezuela, RB;VE;VEN;Latin America & Caribbean;Not classified;2016;Demografía;demografia;Esperanza de vida;esperanza_de_vida;SP.DYN.LE00.FE.IN;Esperanza de vida femenina;;Banco Mundial - World Development Indicators;2026-07-08;The read operation timed out
Venezuela;Venezuela, RB;VE;VEN;Latin America & Caribbean;Not classified;2017;Demografía;demografia;Esperanza de vida;esperanza_de_vida;SP.DYN.LE00.FE.IN;Esperanza de vida femenina;;Banco Mundial - World Development Indicators;2026-07-08;The read operation timed out
Venezuela;Venezuela, RB;VE;VEN;Latin America & Caribbean;Not classified;2018;Demografía;demografia;Esperanza de vida;esperanza_de_vida;SP.DYN.LE00.FE.IN;Esperanza de vida femenina;;Banco Mundial - World Development Indicators;2026-07-08;The read operation timed out
Venezuela;Venezuela, RB;VE;VEN;Latin America & Caribbean;Not classified;2019;Demografía;demografia;Esperanza de vida;esperanza_de_vida;SP.DYN.LE00.FE.IN;Esperanza de vida femenina;;Banco Mundial - World Development Indicators;2026-07-08;The read operation timed out
Venezuela;Venezuela, RB;VE;VEN;Latin America & Caribbean;Not classified;2020;Demografía;demografia;Esperanza de vida;esperanza_de_vida;SP.DYN.LE00.FE.IN;Esperanza de vida femenina;;Banco Mundial - World Development Indicators;2026-07-08;The read operation timed out
Venezuela;Venezuela, RB;VE;VEN;Latin America & Caribbean;Not classified;2021;Demografía;demografia;Esperanza de vida;esperanza_de_vida;SP.DYN.LE00.FE.IN;Esperanza de vida femenina;;Banco Mundial - World Development Indicators;2026-07-08;The read operation timed out
Venezuela;Venezuela, RB;VE;VEN;Latin America & Caribbean;Not classified;2022;Demografía;demografia;Esperanza de vida;esperanza_de_vida;SP.DYN.LE00.FE.IN;Esperanza de vida femenina;;Banco Mundial - World Development Indicators;2026-07-08;The read operation timed out
Venezuela;Venezuela, RB;VE;VEN;Latin America & Caribbean;Not classified;2023;Demografía;demografia;Esperanza de vida;esperanza_de_vida;SP.DYN.LE00.FE.IN;Esperanza de vida femenina;;Banco Mundial - World Development Indicators;2026-07-08;The read operation timed out
Venezuela;Venezuela, RB;VE;VEN;Latin America & Caribbean;Not classified;2024;Demografía;demografia;Esperanza de vida;esperanza_de_vida;SP.DYN.LE00.FE.IN;Esperanza de vida femenina;;Banco Mundial - World Development Indicators;2026-07-08;The read operation timed out
Venezuela;Venezuela, RB;VE;VEN;Latin America & Caribbean;Not classified;2025;Demografía;demografia;Esperanza de vida;esperanza_de_vida;SP.DYN.LE00.FE.IN;Esperanza de vida femenina;;Banco Mundial - World Development Indicators;2026-07-08;The read operation timed out
Venezuela;Venezuela, RB;VE;VEN;Latin America & Caribbean;Not classified;2026;Demografía;demografia;Esperanza de vida;esperanza_de_vida;SP.DYN.LE00.FE.IN;Esperanza de vida femenina;;Banco Mundial - World Development Indicators;2026-07-08;The read operation timed out
Venezuela;Venezuela, RB;VE;VEN;Latin America & Caribbean;Not classified;1960;Demografía;demografia;Esperanza de vida;esperanza_de_vida;SP.DYN.LE00.IN;Esperanza de vida al nacer;58.376;Banco Mundial - World Development Indicators;2026-07-08;
Venezuela;Venezuela, RB;VE;VEN;Latin America & Caribbean;Not classified;1961;Demografía;demografia;Esperanza de vida;esperanza_de_vida;SP.DYN.LE00.IN;Esperanza de vida al nacer;59.115;Banco Mundial - World Development Indicators;2026-07-08;
Venezuela;Venezuela, RB;VE;VEN;Latin America & Caribbean;Not classified;1962;Demografía;demografia;Esperanza de vida;esperanza_de_vida;SP.DYN.LE00.IN;Esperanza de vida al nacer;59.667;Banco Mundial - World Development Indicators;2026-07-08;
Venezuela;Venezuela, RB;VE;VEN;Latin America & Caribbean;Not classified;1963;Demografía;demografia;Esperanza de vida;esperanza_de_vida;SP.DYN.LE00.IN;Esperanza de vida al nacer;60.502;Banco Mundial - World Development Indicators;2026-07-08;
Venezuela;Venezuela, RB;VE;VEN;Latin America & Caribbean;Not classified;1964;Demografía;demografia;Esperanza de vida;esperanza_de_vida;SP.DYN.LE00.IN;Esperanza de vida al nacer;61.168;Banco Mundial - World Development Indicators;2026-07-08;
Venezuela;Venezuela, RB;VE;VEN;Latin America & Caribbean;Not classified;1965;Demografía;demografia;Esperanza de vida;esperanza_de_vida;SP.DYN.LE00.IN;Esperanza de vida al nacer;61.909;Banco Mundial - World Development Indicators;2026-07-08;
Venezuela;Venezuela, RB;VE;VEN;Latin America & Caribbean;Not classified;1966;Demografía;demografia;Esperanza de vida;esperanza_de_vida;SP.DYN.LE00.IN;Esperanza de vida al nacer;62.894;Banco Mundial - World Development Indicators;2026-07-08;
Venezuela;Venezuela, RB;VE;VEN;Latin America & Caribbean;Not classified;1967;Demografía;demografia;Esperanza de vida;esperanza_de_vida;SP.DYN.LE00.IN;Esperanza de vida al nacer;63.55;Banco Mundial - World Development Indicators;2026-07-08;
Venezuela;Venezuela, RB;VE;VEN;Latin America & Caribbean;Not classified;1968;Demografía;demografia;Esperanza de vida;esperanza_de_vida;SP.DYN.LE00.IN;Esperanza de vida al nacer;63.908;Banco Mundial - World Development Indicators;2026-07-08;
Venezuela;Venezuela, RB;VE;VEN;Latin America & Caribbean;Not classified;1969;Demografía;demografia;Esperanza de vida;esperanza_de_vida;SP.DYN.LE00.IN;Esperanza de vida al nacer;63.84;Banco Mundial - World Development Indicators;2026-07-08;
Venezuela;Venezuela, RB;VE;VEN;Latin America & Caribbean;Not classified;1970;Demografía;demografia;Esperanza de vida;esperanza_de_vida;SP.DYN.LE00.IN;Esperanza de vida al nacer;64.816;Banco Mundial - World Development Indicators;2026-07-08;
Venezuela;Venezuela, RB;VE;VEN;Latin America & Caribbean;Not classified;1971;Demografía;demografia;Esperanza de vida;esperanza_de_vida;SP.DYN.LE00.IN;Esperanza de vida al nacer;65.184;Banco Mundial - World Development Indicators;2026-07-08;
Venezuela;Venezuela, RB;VE;VEN;Latin America & Caribbean;Not classified;1972;Demografía;demografia;Esperanza de vida;esperanza_de_vida;SP.DYN.LE00.IN;Esperanza de vida al nacer;65.555;Banco Mundial - World Development Indicators;2026-07-08;
Venezuela;Venezuela, RB;VE;VEN;Latin America & Caribbean;Not classified;1973;Demografía;demografia;Esperanza de vida;esperanza_de_vida;SP.DYN.LE00.IN;Esperanza de vida al nacer;65.74;Banco Mundial - World Development Indicators;2026-07-08;
Venezuela;Venezuela, RB;VE;VEN;Latin America & Caribbean;Not classified;1974;Demografía;demografia;Esperanza de vida;esperanza_de_vida;SP.DYN.LE00.IN;Esperanza de vida al nacer;66.223;Banco Mundial - World Development Indicators;2026-07-08;
Venezuela;Venezuela, RB;VE;VEN;Latin America & Caribbean;Not classified;1975;Demografía;demografia;Esperanza de vida;esperanza_de_vida;SP.DYN.LE00.IN;Esperanza de vida al nacer;66.686;Banco Mundial - World Development Indicators;2026-07-08;
Venezuela;Venezuela, RB;VE;VEN;Latin America & Caribbean;Not classified;1976;Demografía;demografia;Esperanza de vida;esperanza_de_vida;SP.DYN.LE00.IN;Esperanza de vida al nacer;67.266;Banco Mundial - World Development Indicators;2026-07-08;
Venezuela;Venezuela, RB;VE;VEN;Latin America & Caribbean;Not classified;1977;Demografía;demografia;Esperanza de vida;esperanza_de_vida;SP.DYN.LE00.IN;Esperanza de vida al nacer;67.726;Banco Mundial - World Development Indicators;2026-07-08;
Venezuela;Venezuela, RB;VE;VEN;Latin America & Caribbean;Not classified;1978;Demografía;demografia;Esperanza de vida;esperanza_de_vida;SP.DYN.LE00.IN;Esperanza de vida al nacer;68.108;Banco Mundial - World Development Indicators;2026-07-08;
Venezuela;Venezuela, RB;VE;VEN;Latin America & Caribbean;Not classified;1979;Demografía;demografia;Esperanza de vida;esperanza_de_vida;SP.DYN.LE00.IN;Esperanza de vida al nacer;68.226;Banco Mundial - World Development Indicators;2026-07-08;
Venezuela;Venezuela, RB;VE;VEN;Latin America & Caribbean;Not classified;1980;Demografía;demografia;Esperanza de vida;esperanza_de_vida;SP.DYN.LE00.IN;Esperanza de vida al nacer;68.179;Banco Mundial - World Development Indicators;2026-07-08;
Venezuela;Venezuela, RB;VE;VEN;Latin America & Caribbean;Not classified;1981;Demografía;demografia;Esperanza de vida;esperanza_de_vida;SP.DYN.LE00.IN;Esperanza de vida al nacer;68.697;Banco Mundial - World Development Indicators;2026-07-08;
Venezuela;Venezuela, RB;VE;VEN;Latin America & Caribbean;Not classified;1982;Demografía;demografia;Esperanza de vida;esperanza_de_vida;SP.DYN.LE00.IN;Esperanza de vida al nacer;68.985;Banco Mundial - World Development Indicators;2026-07-08;
Venezuela;Venezuela, RB;VE;VEN;Latin America & Caribbean;Not classified;1983;Demografía;demografia;Esperanza de vida;esperanza_de_vida;SP.DYN.LE00.IN;Esperanza de vida al nacer;69.541;Banco Mundial - World Development Indicators;2026-07-08;
Venezuela;Venezuela, RB;VE;VEN;Latin America & Caribbean;Not classified;1984;Demografía;demografia;Esperanza de vida;esperanza_de_vida;SP.DYN.LE00.IN;Esperanza de vida al nacer;69.672;Banco Mundial - World Development Indicators;2026-07-08;
Venezuela;Venezuela, RB;VE;VEN;Latin America & Caribbean;Not classified;1985;Demografía;demografia;Esperanza de vida;esperanza_de_vida;SP.DYN.LE00.IN;Esperanza de vida al nacer;69.961;Banco Mundial - World Development Indicators;2026-07-08;
Venezuela;Venezuela, RB;VE;VEN;Latin America & Caribbean;Not classified;1986;Demografía;demografia;Esperanza de vida;esperanza_de_vida;SP.DYN.LE00.IN;Esperanza de vida al nacer;70.528;Banco Mundial - World Development Indicators;2026-07-08;
Venezuela;Venezuela, RB;VE;VEN;Latin America & Caribbean;Not classified;1987;Demografía;demografia;Esperanza de vida;esperanza_de_vida;SP.DYN.LE00.IN;Esperanza de vida al nacer;70.673;Banco Mundial - World Development Indicators;2026-07-08;
Venezuela;Venezuela, RB;VE;VEN;Latin America & Caribbean;Not classified;1988;Demografía;demografia;Esperanza de vida;esperanza_de_vida;SP.DYN.LE00.IN;Esperanza de vida al nacer;70.762;Banco Mundial - World Development Indicators;2026-07-08;
Venezuela;Venezuela, RB;VE;VEN;Latin America & Caribbean;Not classified;1989;Demografía;demografia;Esperanza de vida;esperanza_de_vida;SP.DYN.LE00.IN;Esperanza de vida al nacer;70.805;Banco Mundial - World Development Indicators;2026-07-08;
Venezuela;Venezuela, RB;VE;VEN;Latin America & Caribbean;Not classified;1990;Demografía;demografia;Esperanza de vida;esperanza_de_vida;SP.DYN.LE00.IN;Esperanza de vida al nacer;70.964;Banco Mundial - World Development Indicators;2026-07-08;
Venezuela;Venezuela, RB;VE;VEN;Latin America & Caribbean;Not classified;1991;Demografía;demografia;Esperanza de vida;esperanza_de_vida;SP.DYN.LE00.IN;Esperanza de vida al nacer;71.172;Banco Mundial - World Development Indicators;2026-07-08;
Venezuela;Venezuela, RB;VE;VEN;Latin America & Caribbean;Not classified;1992;Demografía;demografia;Esperanza de vida;esperanza_de_vida;SP.DYN.LE00.IN;Esperanza de vida al nacer;71.177;Banco Mundial - World Development Indicators;2026-07-08;
Venezuela;Venezuela, RB;VE;VEN;Latin America & Caribbean;Not classified;1993;Demografía;demografia;Esperanza de vida;esperanza_de_vida;SP.DYN.LE00.IN;Esperanza de vida al nacer;71.385;Banco Mundial - World Development Indicators;2026-07-08;
Venezuela;Venezuela, RB;VE;VEN;Latin America & Caribbean;Not classified;1994;Demografía;demografia;Esperanza de vida;esperanza_de_vida;SP.DYN.LE00.IN;Esperanza de vida al nacer;71.283;Banco Mundial - World Development Indicators;2026-07-08;
Venezuela;Venezuela, RB;VE;VEN;Latin America & Caribbean;Not classified;1995;Demografía;demografia;Esperanza de vida;esperanza_de_vida;SP.DYN.LE00.IN;Esperanza de vida al nacer;71.714;Banco Mundial - World Development Indicators;2026-07-08;
Venezuela;Venezuela, RB;VE;VEN;Latin America & Caribbean;Not classified;1996;Demografía;demografia;Esperanza de vida;esperanza_de_vida;SP.DYN.LE00.IN;Esperanza de vida al nacer;71.92;Banco Mundial - World Development Indicators;2026-07-08;
Venezuela;Venezuela, RB;VE;VEN;Latin America & Caribbean;Not classified;1997;Demografía;demografia;Esperanza de vida;esperanza_de_vida;SP.DYN.LE00.IN;Esperanza de vida al nacer;72.56;Banco Mundial - World Development Indicators;2026-07-08;
Venezuela;Venezuela, RB;VE;VEN;Latin America & Caribbean;Not classified;1998;Demografía;demografia;Esperanza de vida;esperanza_de_vida;SP.DYN.LE00.IN;Esperanza de vida al nacer;72.446;Banco Mundial - World Development Indicators;2026-07-08;
Venezuela;Venezuela, RB;VE;VEN;Latin America & Caribbean;Not classified;1999;Demografía;demografia;Esperanza de vida;esperanza_de_vida;SP.DYN.LE00.IN;Esperanza de vida al nacer;72.088;Banco Mundial - World Development Indicators;2026-07-08;
Venezuela;Venezuela, RB;VE;VEN;Latin America & Caribbean;Not classified;2000;Demografía;demografia;Esperanza de vida;esperanza_de_vida;SP.DYN.LE00.IN;Esperanza de vida al nacer;72.388;Banco Mundial - World Development Indicators;2026-07-08;
Venezuela;Venezuela, RB;VE;VEN;Latin America & Caribbean;Not classified;2001;Demografía;demografia;Esperanza de vida;esperanza_de_vida;SP.DYN.LE00.IN;Esperanza de vida al nacer;71.019;Banco Mundial - World Development Indicators;2026-07-08;
Venezuela;Venezuela, RB;VE;VEN;Latin America & Caribbean;Not classified;2002;Demografía;demografia;Esperanza de vida;esperanza_de_vida;SP.DYN.LE00.IN;Esperanza de vida al nacer;72.823;Banco Mundial - World Development Indicators;2026-07-08;
Venezuela;Venezuela, RB;VE;VEN;Latin America & Caribbean;Not classified;2003;Demografía;demografia;Esperanza de vida;esperanza_de_vida;SP.DYN.LE00.IN;Esperanza de vida al nacer;72.056;Banco Mundial - World Development Indicators;2026-07-08;
Venezuela;Venezuela, RB;VE;VEN;Latin America & Caribbean;Not classified;2004;Demografía;demografia;Esperanza de vida;esperanza_de_vida;SP.DYN.LE00.IN;Esperanza de vida al nacer;72.752;Banco Mundial - World Development Indicators;2026-07-08;
Venezuela;Venezuela, RB;VE;VEN;Latin America & Caribbean;Not classified;2005;Demografía;demografia;Esperanza de vida;esperanza_de_vida;SP.DYN.LE00.IN;Esperanza de vida al nacer;73.075;Banco Mundial - World Development Indicators;2026-07-08;
Venezuela;Venezuela, RB;VE;VEN;Latin America & Caribbean;Not classified;2006;Demografía;demografia;Esperanza de vida;esperanza_de_vida;SP.DYN.LE00.IN;Esperanza de vida al nacer;72.972;Banco Mundial - World Development Indicators;2026-07-08;
Venezuela;Venezuela, RB;VE;VEN;Latin America & Caribbean;Not classified;2007;Demografía;demografia;Esperanza de vida;esperanza_de_vida;SP.DYN.LE00.IN;Esperanza de vida al nacer;73.348;Banco Mundial - World Development Indicators;2026-07-08;
Venezuela;Venezuela, RB;VE;VEN;Latin America & Caribbean;Not classified;2008;Demografía;demografia;Esperanza de vida;esperanza_de_vida;SP.DYN.LE00.IN;Esperanza de vida al nacer;72.578;Banco Mundial - World Development Indicators;2026-07-08;
Venezuela;Venezuela, RB;VE;VEN;Latin America & Caribbean;Not classified;2009;Demografía;demografia;Esperanza de vida;esperanza_de_vida;SP.DYN.LE00.IN;Esperanza de vida al nacer;72.785;Banco Mundial - World Development Indicators;2026-07-08;
Venezuela;Venezuela, RB;VE;VEN;Latin America & Caribbean;Not classified;2010;Demografía;demografia;Esperanza de vida;esperanza_de_vida;SP.DYN.LE00.IN;Esperanza de vida al nacer;73.092;Banco Mundial - World Development Indicators;2026-07-08;
Venezuela;Venezuela, RB;VE;VEN;Latin America & Caribbean;Not classified;2011;Demografía;demografia;Esperanza de vida;esperanza_de_vida;SP.DYN.LE00.IN;Esperanza de vida al nacer;73.09;Banco Mundial - World Development Indicators;2026-07-08;
Venezuela;Venezuela, RB;VE;VEN;Latin America & Caribbean;Not classified;2012;Demografía;demografia;Esperanza de vida;esperanza_de_vida;SP.DYN.LE00.IN;Esperanza de vida al nacer;73.086;Banco Mundial - World Development Indicators;2026-07-08;
Venezuela;Venezuela, RB;VE;VEN;Latin America & Caribbean;Not classified;2013;Demografía;demografia;Esperanza de vida;esperanza_de_vida;SP.DYN.LE00.IN;Esperanza de vida al nacer;73.076;Banco Mundial - World Development Indicators;2026-07-08;
Venezuela;Venezuela, RB;VE;VEN;Latin America & Caribbean;Not classified;2014;Demografía;demografia;Esperanza de vida;esperanza_de_vida;SP.DYN.LE00.IN;Esperanza de vida al nacer;72.837;Banco Mundial - World Development Indicators;2026-07-08;
Venezuela;Venezuela, RB;VE;VEN;Latin America & Caribbean;Not classified;2015;Demografía;demografia;Esperanza de vida;esperanza_de_vida;SP.DYN.LE00.IN;Esperanza de vida al nacer;73.004;Banco Mundial - World Development Indicators;2026-07-08;
Venezuela;Venezuela, RB;VE;VEN;Latin America & Caribbean;Not classified;2016;Demografía;demografia;Esperanza de vida;esperanza_de_vida;SP.DYN.LE00.IN;Esperanza de vida al nacer;72.002;Banco Mundial - World Development Indicators;2026-07-08;
Venezuela;Venezuela, RB;VE;VEN;Latin America & Caribbean;Not classified;2017;Demografía;demografia;Esperanza de vida;esperanza_de_vida;SP.DYN.LE00.IN;Esperanza de vida al nacer;71.903;Banco Mundial - World Development Indicators;2026-07-08;
Venezuela;Venezuela, RB;VE;VEN;Latin America & Caribbean;Not classified;2018;Demografía;demografia;Esperanza de vida;esperanza_de_vida;SP.DYN.LE00.IN;Esperanza de vida al nacer;72.641;Banco Mundial - World Development Indicators;2026-07-08;
Venezuela;Venezuela, RB;VE;VEN;Latin America & Caribbean;Not classified;2019;Demografía;demografia;Esperanza de vida;esperanza_de_vida;SP.DYN.LE00.IN;Esperanza de vida al nacer;72.766;Banco Mundial - World Development Indicators;2026-07-08;
Venezuela;Venezuela, RB;VE;VEN;Latin America & Caribbean;Not classified;2020;Demografía;demografia;Esperanza de vida;esperanza_de_vida;SP.DYN.LE00.IN;Esperanza de vida al nacer;72.369;Banco Mundial - World Development Indicators;2026-07-08;
Venezuela;Venezuela, RB;VE;VEN;Latin America & Caribbean;Not classified;2021;Demografía;demografia;Esperanza de vida;esperanza_de_vida;SP.DYN.LE00.IN;Esperanza de vida al nacer;71.536;Banco Mundial - World Development Indicators;2026-07-08;
Venezuela;Venezuela, RB;VE;VEN;Latin America & Caribbean;Not classified;2022;Demografía;demografia;Esperanza de vida;esperanza_de_vida;SP.DYN.LE00.IN;Esperanza de vida al nacer;72.566;Banco Mundial - World Development Indicators;2026-07-08;
Venezuela;Venezuela, RB;VE;VEN;Latin America & Caribbean;Not classified;2023;Demografía;demografia;Esperanza de vida;esperanza_de_vida;SP.DYN.LE00.IN;Esperanza de vida al nacer;72.514;Banco Mundial - World Development Indicators;2026-07-08;
Venezuela;Venezuela, RB;VE;VEN;Latin America & Caribbean;Not classified;2024;Demografía;demografia;Esperanza de vida;esperanza_de_vida;SP.DYN.LE00.IN;Esperanza de vida al nacer;72.673;Banco Mundial - World Development Indicators;2026-07-08;
Venezuela;Venezuela, RB;VE;VEN;Latin America & Caribbean;Not classified;2025;Demografía;demografia;Esperanza de vida;esperanza_de_vida;SP.DYN.LE00.IN;Esperanza de vida al nacer;;Banco Mundial - World Development Indicators;2026-07-08;
Venezuela;Venezuela, RB;VE;VEN;Latin America & Caribbean;Not classified;1960;Demografía;demografia;Esperanza de vida;esperanza_de_vida;SP.DYN.LE00.MA.IN;Esperanza de vida masculina;56.523;Banco Mundial - World Development Indicators;2026-07-08;
Venezuela;Venezuela, RB;VE;VEN;Latin America & Caribbean;Not classified;1961;Demografía;demografia;Esperanza de vida;esperanza_de_vida;SP.DYN.LE00.MA.IN;Esperanza de vida masculina;57.306;Banco Mundial - World Development Indicators;2026-07-08;
Venezuela;Venezuela, RB;VE;VEN;Latin America & Caribbean;Not classified;1962;Demografía;demografia;Esperanza de vida;esperanza_de_vida;SP.DYN.LE00.MA.IN;Esperanza de vida masculina;57.78;Banco Mundial - World Development Indicators;2026-07-08;
Venezuela;Venezuela, RB;VE;VEN;Latin America & Caribbean;Not classified;1963;Demografía;demografia;Esperanza de vida;esperanza_de_vida;SP.DYN.LE00.MA.IN;Esperanza de vida masculina;58.724;Banco Mundial - World Development Indicators;2026-07-08;
Venezuela;Venezuela, RB;VE;VEN;Latin America & Caribbean;Not classified;1964;Demografía;demografia;Esperanza de vida;esperanza_de_vida;SP.DYN.LE00.MA.IN;Esperanza de vida masculina;59.39;Banco Mundial - World Development Indicators;2026-07-08;
Venezuela;Venezuela, RB;VE;VEN;Latin America & Caribbean;Not classified;1965;Demografía;demografia;Esperanza de vida;esperanza_de_vida;SP.DYN.LE00.MA.IN;Esperanza de vida masculina;60.188;Banco Mundial - World Development Indicators;2026-07-08;
Venezuela;Venezuela, RB;VE;VEN;Latin America & Caribbean;Not classified;1966;Demografía;demografia;Esperanza de vida;esperanza_de_vida;SP.DYN.LE00.MA.IN;Esperanza de vida masculina;61.074;Banco Mundial - World Development Indicators;2026-07-08;
Venezuela;Venezuela, RB;VE;VEN;Latin America & Caribbean;Not classified;1967;Demografía;demografia;Esperanza de vida;esperanza_de_vida;SP.DYN.LE00.MA.IN;Esperanza de vida masculina;61.84;Banco Mundial - World Development Indicators;2026-07-08;
Venezuela;Venezuela, RB;VE;VEN;Latin America & Caribbean;Not classified;1968;Demografía;demografia;Esperanza de vida;esperanza_de_vida;SP.DYN.LE00.MA.IN;Esperanza de vida masculina;62.116;Banco Mundial - World Development Indicators;2026-07-08;
Venezuela;Venezuela, RB;VE;VEN;Latin America & Caribbean;Not classified;1969;Demografía;demografia;Esperanza de vida;esperanza_de_vida;SP.DYN.LE00.MA.IN;Esperanza de vida masculina;62.234;Banco Mundial - World Development Indicators;2026-07-08;
Venezuela;Venezuela, RB;VE;VEN;Latin America & Caribbean;Not classified;1970;Demografía;demografia;Esperanza de vida;esperanza_de_vida;SP.DYN.LE00.MA.IN;Esperanza de vida masculina;62.982;Banco Mundial - World Development Indicators;2026-07-08;
Venezuela;Venezuela, RB;VE;VEN;Latin America & Caribbean;Not classified;1971;Demografía;demografia;Esperanza de vida;esperanza_de_vida;SP.DYN.LE00.MA.IN;Esperanza de vida masculina;63.341;Banco Mundial - World Development Indicators;2026-07-08;
Venezuela;Venezuela, RB;VE;VEN;Latin America & Caribbean;Not classified;1972;Demografía;demografia;Esperanza de vida;esperanza_de_vida;SP.DYN.LE00.MA.IN;Esperanza de vida masculina;63.624;Banco Mundial - World Development Indicators;2026-07-08;
Venezuela;Venezuela, RB;VE;VEN;Latin America & Caribbean;Not classified;1973;Demografía;demografia;Esperanza de vida;esperanza_de_vida;SP.DYN.LE00.MA.IN;Esperanza de vida masculina;63.701;Banco Mundial - World Development Indicators;2026-07-08;
Venezuela;Venezuela, RB;VE;VEN;Latin America & Caribbean;Not classified;1974;Demografía;demografia;Esperanza de vida;esperanza_de_vida;SP.DYN.LE00.MA.IN;Esperanza de vida masculina;64.105;Banco Mundial - World Development Indicators;2026-07-08;
Venezuela;Venezuela, RB;VE;VEN;Latin America & Caribbean;Not classified;1975;Demografía;demografia;Esperanza de vida;esperanza_de_vida;SP.DYN.LE00.MA.IN;Esperanza de vida masculina;64.503;Banco Mundial - World Development Indicators;2026-07-08;
Venezuela;Venezuela, RB;VE;VEN;Latin America & Caribbean;Not classified;1976;Demografía;demografia;Esperanza de vida;esperanza_de_vida;SP.DYN.LE00.MA.IN;Esperanza de vida masculina;65.081;Banco Mundial - World Development Indicators;2026-07-08;
Venezuela;Venezuela, RB;VE;VEN;Latin America & Caribbean;Not classified;1977;Demografía;demografia;Esperanza de vida;esperanza_de_vida;SP.DYN.LE00.MA.IN;Esperanza de vida masculina;65.335;Banco Mundial - World Development Indicators;2026-07-08;
Venezuela;Venezuela, RB;VE;VEN;Latin America & Caribbean;Not classified;1978;Demografía;demografia;Esperanza de vida;esperanza_de_vida;SP.DYN.LE00.MA.IN;Esperanza de vida masculina;65.55;Banco Mundial - World Development Indicators;2026-07-08;
Venezuela;Venezuela, RB;VE;VEN;Latin America & Caribbean;Not classified;1979;Demografía;demografia;Esperanza de vida;esperanza_de_vida;SP.DYN.LE00.MA.IN;Esperanza de vida masculina;65.637;Banco Mundial - World Development Indicators;2026-07-08;
Venezuela;Venezuela, RB;VE;VEN;Latin America & Caribbean;Not classified;1980;Demografía;demografia;Esperanza de vida;esperanza_de_vida;SP.DYN.LE00.MA.IN;Esperanza de vida masculina;65.498;Banco Mundial - World Development Indicators;2026-07-08;
Venezuela;Venezuela, RB;VE;VEN;Latin America & Caribbean;Not classified;1981;Demografía;demografia;Esperanza de vida;esperanza_de_vida;SP.DYN.LE00.MA.IN;Esperanza de vida masculina;66.059;Banco Mundial - World Development Indicators;2026-07-08;
Venezuela;Venezuela, RB;VE;VEN;Latin America & Caribbean;Not classified;1982;Demografía;demografia;Esperanza de vida;esperanza_de_vida;SP.DYN.LE00.MA.IN;Esperanza de vida masculina;66.277;Banco Mundial - World Development Indicators;2026-07-08;
Venezuela;Venezuela, RB;VE;VEN;Latin America & Caribbean;Not classified;1983;Demografía;demografia;Esperanza de vida;esperanza_de_vida;SP.DYN.LE00.MA.IN;Esperanza de vida masculina;66.89;Banco Mundial - World Development Indicators;2026-07-08;
Venezuela;Venezuela, RB;VE;VEN;Latin America & Caribbean;Not classified;1984;Demografía;demografia;Esperanza de vida;esperanza_de_vida;SP.DYN.LE00.MA.IN;Esperanza de vida masculina;67.139;Banco Mundial - World Development Indicators;2026-07-08;
Venezuela;Venezuela, RB;VE;VEN;Latin America & Caribbean;Not classified;1985;Demografía;demografia;Esperanza de vida;esperanza_de_vida;SP.DYN.LE00.MA.IN;Esperanza de vida masculina;67.499;Banco Mundial - World Development Indicators;2026-07-08;
Venezuela;Venezuela, RB;VE;VEN;Latin America & Caribbean;Not classified;1986;Demografía;demografia;Esperanza de vida;esperanza_de_vida;SP.DYN.LE00.MA.IN;Esperanza de vida masculina;68.064;Banco Mundial - World Development Indicators;2026-07-08;
Venezuela;Venezuela, RB;VE;VEN;Latin America & Caribbean;Not classified;1987;Demografía;demografia;Esperanza de vida;esperanza_de_vida;SP.DYN.LE00.MA.IN;Esperanza de vida masculina;68.12;Banco Mundial - World Development Indicators;2026-07-08;
Venezuela;Venezuela, RB;VE;VEN;Latin America & Caribbean;Not classified;1988;Demografía;demografia;Esperanza de vida;esperanza_de_vida;SP.DYN.LE00.MA.IN;Esperanza de vida masculina;68.125;Banco Mundial - World Development Indicators;2026-07-08;
Venezuela;Venezuela, RB;VE;VEN;Latin America & Caribbean;Not classified;1989;Demografía;demografia;Esperanza de vida;esperanza_de_vida;SP.DYN.LE00.MA.IN;Esperanza de vida masculina;68.009;Banco Mundial - World Development Indicators;2026-07-08;
Venezuela;Venezuela, RB;VE;VEN;Latin America & Caribbean;Not classified;1990;Demografía;demografia;Esperanza de vida;esperanza_de_vida;SP.DYN.LE00.MA.IN;Esperanza de vida masculina;68.364;Banco Mundial - World Development Indicators;2026-07-08;
Venezuela;Venezuela, RB;VE;VEN;Latin America & Caribbean;Not classified;1991;Demografía;demografia;Esperanza de vida;esperanza_de_vida;SP.DYN.LE00.MA.IN;Esperanza de vida masculina;68.286;Banco Mundial - World Development Indicators;2026-07-08;
Venezuela;Venezuela, RB;VE;VEN;Latin America & Caribbean;Not classified;1992;Demografía;demografia;Esperanza de vida;esperanza_de_vida;SP.DYN.LE00.MA.IN;Esperanza de vida masculina;68.132;Banco Mundial - World Development Indicators;2026-07-08;
Venezuela;Venezuela, RB;VE;VEN;Latin America & Caribbean;Not classified;1993;Demografía;demografia;Esperanza de vida;esperanza_de_vida;SP.DYN.LE00.MA.IN;Esperanza de vida masculina;68.2;Banco Mundial - World Development Indicators;2026-07-08;
Venezuela;Venezuela, RB;VE;VEN;Latin America & Caribbean;Not classified;1994;Demografía;demografia;Esperanza de vida;esperanza_de_vida;SP.DYN.LE00.MA.IN;Esperanza de vida masculina;68.114;Banco Mundial - World Development Indicators;2026-07-08;
Venezuela;Venezuela, RB;VE;VEN;Latin America & Caribbean;Not classified;1995;Demografía;demografia;Esperanza de vida;esperanza_de_vida;SP.DYN.LE00.MA.IN;Esperanza de vida masculina;68.655;Banco Mundial - World Development Indicators;2026-07-08;
Venezuela;Venezuela, RB;VE;VEN;Latin America & Caribbean;Not classified;1996;Demografía;demografia;Esperanza de vida;esperanza_de_vida;SP.DYN.LE00.MA.IN;Esperanza de vida masculina;68.896;Banco Mundial - World Development Indicators;2026-07-08;
Venezuela;Venezuela, RB;VE;VEN;Latin America & Caribbean;Not classified;1997;Demografía;demografia;Esperanza de vida;esperanza_de_vida;SP.DYN.LE00.MA.IN;Esperanza de vida masculina;69.583;Banco Mundial - World Development Indicators;2026-07-08;
Venezuela;Venezuela, RB;VE;VEN;Latin America & Caribbean;Not classified;1998;Demografía;demografia;Esperanza de vida;esperanza_de_vida;SP.DYN.LE00.MA.IN;Esperanza de vida masculina;69.252;Banco Mundial - World Development Indicators;2026-07-08;
Venezuela;Venezuela, RB;VE;VEN;Latin America & Caribbean;Not classified;1999;Demografía;demografia;Esperanza de vida;esperanza_de_vida;SP.DYN.LE00.MA.IN;Esperanza de vida masculina;68.889;Banco Mundial - World Development Indicators;2026-07-08;
Venezuela;Venezuela, RB;VE;VEN;Latin America & Caribbean;Not classified;2000;Demografía;demografia;Esperanza de vida;esperanza_de_vida;SP.DYN.LE00.MA.IN;Esperanza de vida masculina;68.757;Banco Mundial - World Development Indicators;2026-07-08;
Venezuela;Venezuela, RB;VE;VEN;Latin America & Caribbean;Not classified;2001;Demografía;demografia;Esperanza de vida;esperanza_de_vida;SP.DYN.LE00.MA.IN;Esperanza de vida masculina;67.019;Banco Mundial - World Development Indicators;2026-07-08;
Venezuela;Venezuela, RB;VE;VEN;Latin America & Caribbean;Not classified;2002;Demografía;demografia;Esperanza de vida;esperanza_de_vida;SP.DYN.LE00.MA.IN;Esperanza de vida masculina;69.015;Banco Mundial - World Development Indicators;2026-07-08;
Venezuela;Venezuela, RB;VE;VEN;Latin America & Caribbean;Not classified;2003;Demografía;demografia;Esperanza de vida;esperanza_de_vida;SP.DYN.LE00.MA.IN;Esperanza de vida masculina;68.2;Banco Mundial - World Development Indicators;2026-07-08;
Venezuela;Venezuela, RB;VE;VEN;Latin America & Caribbean;Not classified;2004;Demografía;demografia;Esperanza de vida;esperanza_de_vida;SP.DYN.LE00.MA.IN;Esperanza de vida masculina;69.014;Banco Mundial - World Development Indicators;2026-07-08;
Venezuela;Venezuela, RB;VE;VEN;Latin America & Caribbean;Not classified;2005;Demografía;demografia;Esperanza de vida;esperanza_de_vida;SP.DYN.LE00.MA.IN;Esperanza de vida masculina;69.378;Banco Mundial - World Development Indicators;2026-07-08;
Venezuela;Venezuela, RB;VE;VEN;Latin America & Caribbean;Not classified;2006;Demografía;demografia;Esperanza de vida;esperanza_de_vida;SP.DYN.LE00.MA.IN;Esperanza de vida masculina;69.006;Banco Mundial - World Development Indicators;2026-07-08;
Venezuela;Venezuela, RB;VE;VEN;Latin America & Caribbean;Not classified;2007;Demografía;demografia;Esperanza de vida;esperanza_de_vida;SP.DYN.LE00.MA.IN;Esperanza de vida masculina;69.283;Banco Mundial - World Development Indicators;2026-07-08;
Venezuela;Venezuela, RB;VE;VEN;Latin America & Caribbean;Not classified;2008;Demografía;demografia;Esperanza de vida;esperanza_de_vida;SP.DYN.LE00.MA.IN;Esperanza de vida masculina;68.266;Banco Mundial - World Development Indicators;2026-07-08;
Venezuela;Venezuela, RB;VE;VEN;Latin America & Caribbean;Not classified;2009;Demografía;demografia;Esperanza de vida;esperanza_de_vida;SP.DYN.LE00.MA.IN;Esperanza de vida masculina;68.546;Banco Mundial - World Development Indicators;2026-07-08;
Venezuela;Venezuela, RB;VE;VEN;Latin America & Caribbean;Not classified;2010;Demografía;demografia;Esperanza de vida;esperanza_de_vida;SP.DYN.LE00.MA.IN;Esperanza de vida masculina;69.064;Banco Mundial - World Development Indicators;2026-07-08;
Venezuela;Venezuela, RB;VE;VEN;Latin America & Caribbean;Not classified;2011;Demografía;demografia;Esperanza de vida;esperanza_de_vida;SP.DYN.LE00.MA.IN;Esperanza de vida masculina;68.714;Banco Mundial - World Development Indicators;2026-07-08;
Venezuela;Venezuela, RB;VE;VEN;Latin America & Caribbean;Not classified;2012;Demografía;demografia;Esperanza de vida;esperanza_de_vida;SP.DYN.LE00.MA.IN;Esperanza de vida masculina;68.829;Banco Mundial - World Development Indicators;2026-07-08;
Venezuela;Venezuela, RB;VE;VEN;Latin America & Caribbean;Not classified;2013;Demografía;demografia;Esperanza de vida;esperanza_de_vida;SP.DYN.LE00.MA.IN;Esperanza de vida masculina;68.94;Banco Mundial - World Development Indicators;2026-07-08;
Venezuela;Venezuela, RB;VE;VEN;Latin America & Caribbean;Not classified;2014;Demografía;demografia;Esperanza de vida;esperanza_de_vida;SP.DYN.LE00.MA.IN;Esperanza de vida masculina;68.618;Banco Mundial - World Development Indicators;2026-07-08;
Venezuela;Venezuela, RB;VE;VEN;Latin America & Caribbean;Not classified;2015;Demografía;demografia;Esperanza de vida;esperanza_de_vida;SP.DYN.LE00.MA.IN;Esperanza de vida masculina;68.871;Banco Mundial - World Development Indicators;2026-07-08;
Venezuela;Venezuela, RB;VE;VEN;Latin America & Caribbean;Not classified;2016;Demografía;demografia;Esperanza de vida;esperanza_de_vida;SP.DYN.LE00.MA.IN;Esperanza de vida masculina;67.563;Banco Mundial - World Development Indicators;2026-07-08;
Venezuela;Venezuela, RB;VE;VEN;Latin America & Caribbean;Not classified;2017;Demografía;demografia;Esperanza de vida;esperanza_de_vida;SP.DYN.LE00.MA.IN;Esperanza de vida masculina;67.776;Banco Mundial - World Development Indicators;2026-07-08;
Venezuela;Venezuela, RB;VE;VEN;Latin America & Caribbean;Not classified;2018;Demografía;demografia;Esperanza de vida;esperanza_de_vida;SP.DYN.LE00.MA.IN;Esperanza de vida masculina;68.902;Banco Mundial - World Development Indicators;2026-07-08;
Venezuela;Venezuela, RB;VE;VEN;Latin America & Caribbean;Not classified;2019;Demografía;demografia;Esperanza de vida;esperanza_de_vida;SP.DYN.LE00.MA.IN;Esperanza de vida masculina;69.025;Banco Mundial - World Development Indicators;2026-07-08;
Venezuela;Venezuela, RB;VE;VEN;Latin America & Caribbean;Not classified;2020;Demografía;demografia;Esperanza de vida;esperanza_de_vida;SP.DYN.LE00.MA.IN;Esperanza de vida masculina;68.459;Banco Mundial - World Development Indicators;2026-07-08;
Venezuela;Venezuela, RB;VE;VEN;Latin America & Caribbean;Not classified;2021;Demografía;demografia;Esperanza de vida;esperanza_de_vida;SP.DYN.LE00.MA.IN;Esperanza de vida masculina;67.683;Banco Mundial - World Development Indicators;2026-07-08;
Venezuela;Venezuela, RB;VE;VEN;Latin America & Caribbean;Not classified;2022;Demografía;demografia;Esperanza de vida;esperanza_de_vida;SP.DYN.LE00.MA.IN;Esperanza de vida masculina;68.789;Banco Mundial - World Development Indicators;2026-07-08;
Venezuela;Venezuela, RB;VE;VEN;Latin America & Caribbean;Not classified;2023;Demografía;demografia;Esperanza de vida;esperanza_de_vida;SP.DYN.LE00.MA.IN;Esperanza de vida masculina;68.72;Banco Mundial - World Development Indicators;2026-07-08;
Venezuela;Venezuela, RB;VE;VEN;Latin America & Caribbean;Not classified;2024;Demografía;demografia;Esperanza de vida;esperanza_de_vida;SP.DYN.LE00.MA.IN;Esperanza de vida masculina;68.885;Banco Mundial - World Development Indicators;2026-07-08;
Venezuela;Venezuela, RB;VE;VEN;Latin America & Caribbean;Not classified;2025;Demografía;demografia;Esperanza de vida;esperanza_de_vida;SP.DYN.LE00.MA.IN;Esperanza de vida masculina;;Banco Mundial - World Development Indicators;2026-07-08;
Venezuela;Venezuela, RB;VE;VEN;Latin America & Caribbean;Not classified;1960;Demografía;demografia;Fecundidad;fecundidad;SP.DYN.TFRT.IN;Tasa de fertilidad;6.382;Banco Mundial - World Development Indicators;2026-07-08;
Venezuela;Venezuela, RB;VE;VEN;Latin America & Caribbean;Not classified;1961;Demografía;demografia;Fecundidad;fecundidad;SP.DYN.TFRT.IN;Tasa de fertilidad;6.298;Banco Mundial - World Development Indicators;2026-07-08;
Venezuela;Venezuela, RB;VE;VEN;Latin America & Caribbean;Not classified;1962;Demografía;demografia;Fecundidad;fecundidad;SP.DYN.TFRT.IN;Tasa de fertilidad;6.231;Banco Mundial - World Development Indicators;2026-07-08;
Venezuela;Venezuela, RB;VE;VEN;Latin America & Caribbean;Not classified;1963;Demografía;demografia;Fecundidad;fecundidad;SP.DYN.TFRT.IN;Tasa de fertilidad;6.155;Banco Mundial - World Development Indicators;2026-07-08;
Venezuela;Venezuela, RB;VE;VEN;Latin America & Caribbean;Not classified;1964;Demografía;demografia;Fecundidad;fecundidad;SP.DYN.TFRT.IN;Tasa de fertilidad;6.071;Banco Mundial - World Development Indicators;2026-07-08;
Venezuela;Venezuela, RB;VE;VEN;Latin America & Caribbean;Not classified;1965;Demografía;demografia;Fecundidad;fecundidad;SP.DYN.TFRT.IN;Tasa de fertilidad;5.977;Banco Mundial - World Development Indicators;2026-07-08;
Venezuela;Venezuela, RB;VE;VEN;Latin America & Caribbean;Not classified;1966;Demografía;demografia;Fecundidad;fecundidad;SP.DYN.TFRT.IN;Tasa de fertilidad;5.87;Banco Mundial - World Development Indicators;2026-07-08;
Venezuela;Venezuela, RB;VE;VEN;Latin America & Caribbean;Not classified;1967;Demografía;demografia;Fecundidad;fecundidad;SP.DYN.TFRT.IN;Tasa de fertilidad;5.748;Banco Mundial - World Development Indicators;2026-07-08;
Venezuela;Venezuela, RB;VE;VEN;Latin America & Caribbean;Not classified;1968;Demografía;demografia;Fecundidad;fecundidad;SP.DYN.TFRT.IN;Tasa de fertilidad;5.614;Banco Mundial - World Development Indicators;2026-07-08;
Venezuela;Venezuela, RB;VE;VEN;Latin America & Caribbean;Not classified;1969;Demografía;demografia;Fecundidad;fecundidad;SP.DYN.TFRT.IN;Tasa de fertilidad;5.469;Banco Mundial - World Development Indicators;2026-07-08;
Venezuela;Venezuela, RB;VE;VEN;Latin America & Caribbean;Not classified;1970;Demografía;demografia;Fecundidad;fecundidad;SP.DYN.TFRT.IN;Tasa de fertilidad;5.321;Banco Mundial - World Development Indicators;2026-07-08;
Venezuela;Venezuela, RB;VE;VEN;Latin America & Caribbean;Not classified;1971;Demografía;demografia;Fecundidad;fecundidad;SP.DYN.TFRT.IN;Tasa de fertilidad;5.174;Banco Mundial - World Development Indicators;2026-07-08;
Venezuela;Venezuela, RB;VE;VEN;Latin America & Caribbean;Not classified;1972;Demografía;demografia;Fecundidad;fecundidad;SP.DYN.TFRT.IN;Tasa de fertilidad;5.035;Banco Mundial - World Development Indicators;2026-07-08;
Venezuela;Venezuela, RB;VE;VEN;Latin America & Caribbean;Not classified;1973;Demografía;demografia;Fecundidad;fecundidad;SP.DYN.TFRT.IN;Tasa de fertilidad;4.906;Banco Mundial - World Development Indicators;2026-07-08;
Venezuela;Venezuela, RB;VE;VEN;Latin America & Caribbean;Not classified;1974;Demografía;demografia;Fecundidad;fecundidad;SP.DYN.TFRT.IN;Tasa de fertilidad;4.791;Banco Mundial - World Development Indicators;2026-07-08;
Venezuela;Venezuela, RB;VE;VEN;Latin America & Caribbean;Not classified;1975;Demografía;demografia;Fecundidad;fecundidad;SP.DYN.TFRT.IN;Tasa de fertilidad;4.686;Banco Mundial - World Development Indicators;2026-07-08;
Venezuela;Venezuela, RB;VE;VEN;Latin America & Caribbean;Not classified;1976;Demografía;demografia;Fecundidad;fecundidad;SP.DYN.TFRT.IN;Tasa de fertilidad;4.589;Banco Mundial - World Development Indicators;2026-07-08;
Venezuela;Venezuela, RB;VE;VEN;Latin America & Caribbean;Not classified;1977;Demografía;demografia;Fecundidad;fecundidad;SP.DYN.TFRT.IN;Tasa de fertilidad;4.494;Banco Mundial - World Development Indicators;2026-07-08;
Venezuela;Venezuela, RB;VE;VEN;Latin America & Caribbean;Not classified;1978;Demografía;demografia;Fecundidad;fecundidad;SP.DYN.TFRT.IN;Tasa de fertilidad;4.397;Banco Mundial - World Development Indicators;2026-07-08;
Venezuela;Venezuela, RB;VE;VEN;Latin America & Caribbean;Not classified;1979;Demografía;demografia;Fecundidad;fecundidad;SP.DYN.TFRT.IN;Tasa de fertilidad;4.298;Banco Mundial - World Development Indicators;2026-07-08;
Venezuela;Venezuela, RB;VE;VEN;Latin America & Caribbean;Not classified;1980;Demografía;demografia;Fecundidad;fecundidad;SP.DYN.TFRT.IN;Tasa de fertilidad;4.2;Banco Mundial - World Development Indicators;2026-07-08;
Venezuela;Venezuela, RB;VE;VEN;Latin America & Caribbean;Not classified;1981;Demografía;demografia;Fecundidad;fecundidad;SP.DYN.TFRT.IN;Tasa de fertilidad;4.104;Banco Mundial - World Development Indicators;2026-07-08;
Venezuela;Venezuela, RB;VE;VEN;Latin America & Caribbean;Not classified;1982;Demografía;demografia;Fecundidad;fecundidad;SP.DYN.TFRT.IN;Tasa de fertilidad;4.014;Banco Mundial - World Development Indicators;2026-07-08;
Venezuela;Venezuela, RB;VE;VEN;Latin America & Caribbean;Not classified;1983;Demografía;demografia;Fecundidad;fecundidad;SP.DYN.TFRT.IN;Tasa de fertilidad;3.933;Banco Mundial - World Development Indicators;2026-07-08;
Venezuela;Venezuela, RB;VE;VEN;Latin America & Caribbean;Not classified;1984;Demografía;demografia;Fecundidad;fecundidad;SP.DYN.TFRT.IN;Tasa de fertilidad;3.861;Banco Mundial - World Development Indicators;2026-07-08;
Venezuela;Venezuela, RB;VE;VEN;Latin America & Caribbean;Not classified;1985;Demografía;demografia;Fecundidad;fecundidad;SP.DYN.TFRT.IN;Tasa de fertilidad;3.794;Banco Mundial - World Development Indicators;2026-07-08;
Venezuela;Venezuela, RB;VE;VEN;Latin America & Caribbean;Not classified;1986;Demografía;demografia;Fecundidad;fecundidad;SP.DYN.TFRT.IN;Tasa de fertilidad;3.73;Banco Mundial - World Development Indicators;2026-07-08;
Venezuela;Venezuela, RB;VE;VEN;Latin America & Caribbean;Not classified;1987;Demografía;demografia;Fecundidad;fecundidad;SP.DYN.TFRT.IN;Tasa de fertilidad;3.665;Banco Mundial - World Development Indicators;2026-07-08;
Venezuela;Venezuela, RB;VE;VEN;Latin America & Caribbean;Not classified;1988;Demografía;demografia;Fecundidad;fecundidad;SP.DYN.TFRT.IN;Tasa de fertilidad;3.597;Banco Mundial - World Development Indicators;2026-07-08;
Venezuela;Venezuela, RB;VE;VEN;Latin America & Caribbean;Not classified;1989;Demografía;demografia;Fecundidad;fecundidad;SP.DYN.TFRT.IN;Tasa de fertilidad;3.524;Banco Mundial - World Development Indicators;2026-07-08;
Venezuela;Venezuela, RB;VE;VEN;Latin America & Caribbean;Not classified;1990;Demografía;demografia;Fecundidad;fecundidad;SP.DYN.TFRT.IN;Tasa de fertilidad;3.448;Banco Mundial - World Development Indicators;2026-07-08;
Venezuela;Venezuela, RB;VE;VEN;Latin America & Caribbean;Not classified;1991;Demografía;demografia;Fecundidad;fecundidad;SP.DYN.TFRT.IN;Tasa de fertilidad;3.37;Banco Mundial - World Development Indicators;2026-07-08;
Venezuela;Venezuela, RB;VE;VEN;Latin America & Caribbean;Not classified;1992;Demografía;demografia;Fecundidad;fecundidad;SP.DYN.TFRT.IN;Tasa de fertilidad;3.292;Banco Mundial - World Development Indicators;2026-07-08;
Venezuela;Venezuela, RB;VE;VEN;Latin America & Caribbean;Not classified;1993;Demografía;demografia;Fecundidad;fecundidad;SP.DYN.TFRT.IN;Tasa de fertilidad;3.218;Banco Mundial - World Development Indicators;2026-07-08;
Venezuela;Venezuela, RB;VE;VEN;Latin America & Caribbean;Not classified;1994;Demografía;demografia;Fecundidad;fecundidad;SP.DYN.TFRT.IN;Tasa de fertilidad;3.147;Banco Mundial - World Development Indicators;2026-07-08;
Venezuela;Venezuela, RB;VE;VEN;Latin America & Caribbean;Not classified;1995;Demografía;demografia;Fecundidad;fecundidad;SP.DYN.TFRT.IN;Tasa de fertilidad;3.082;Banco Mundial - World Development Indicators;2026-07-08;
Venezuela;Venezuela, RB;VE;VEN;Latin America & Caribbean;Not classified;1996;Demografía;demografia;Fecundidad;fecundidad;SP.DYN.TFRT.IN;Tasa de fertilidad;3.022;Banco Mundial - World Development Indicators;2026-07-08;
Venezuela;Venezuela, RB;VE;VEN;Latin America & Caribbean;Not classified;1997;Demografía;demografia;Fecundidad;fecundidad;SP.DYN.TFRT.IN;Tasa de fertilidad;2.967;Banco Mundial - World Development Indicators;2026-07-08;
Venezuela;Venezuela, RB;VE;VEN;Latin America & Caribbean;Not classified;1998;Demografía;demografia;Fecundidad;fecundidad;SP.DYN.TFRT.IN;Tasa de fertilidad;2.912;Banco Mundial - World Development Indicators;2026-07-08;
Venezuela;Venezuela, RB;VE;VEN;Latin America & Caribbean;Not classified;1999;Demografía;demografia;Fecundidad;fecundidad;SP.DYN.TFRT.IN;Tasa de fertilidad;2.856;Banco Mundial - World Development Indicators;2026-07-08;
Venezuela;Venezuela, RB;VE;VEN;Latin America & Caribbean;Not classified;2000;Demografía;demografia;Fecundidad;fecundidad;SP.DYN.TFRT.IN;Tasa de fertilidad;2.79;Banco Mundial - World Development Indicators;2026-07-08;
Venezuela;Venezuela, RB;VE;VEN;Latin America & Caribbean;Not classified;2001;Demografía;demografia;Fecundidad;fecundidad;SP.DYN.TFRT.IN;Tasa de fertilidad;2.779;Banco Mundial - World Development Indicators;2026-07-08;
Venezuela;Venezuela, RB;VE;VEN;Latin America & Caribbean;Not classified;2002;Demografía;demografia;Fecundidad;fecundidad;SP.DYN.TFRT.IN;Tasa de fertilidad;2.739;Banco Mundial - World Development Indicators;2026-07-08;
Venezuela;Venezuela, RB;VE;VEN;Latin America & Caribbean;Not classified;2003;Demografía;demografia;Fecundidad;fecundidad;SP.DYN.TFRT.IN;Tasa de fertilidad;2.703;Banco Mundial - World Development Indicators;2026-07-08;
Venezuela;Venezuela, RB;VE;VEN;Latin America & Caribbean;Not classified;2004;Demografía;demografia;Fecundidad;fecundidad;SP.DYN.TFRT.IN;Tasa de fertilidad;2.639;Banco Mundial - World Development Indicators;2026-07-08;
Venezuela;Venezuela, RB;VE;VEN;Latin America & Caribbean;Not classified;2005;Demografía;demografia;Fecundidad;fecundidad;SP.DYN.TFRT.IN;Tasa de fertilidad;2.629;Banco Mundial - World Development Indicators;2026-07-08;
Venezuela;Venezuela, RB;VE;VEN;Latin America & Caribbean;Not classified;2006;Demografía;demografia;Fecundidad;fecundidad;SP.DYN.TFRT.IN;Tasa de fertilidad;2.595;Banco Mundial - World Development Indicators;2026-07-08;
Venezuela;Venezuela, RB;VE;VEN;Latin America & Caribbean;Not classified;2007;Demografía;demografia;Fecundidad;fecundidad;SP.DYN.TFRT.IN;Tasa de fertilidad;2.524;Banco Mundial - World Development Indicators;2026-07-08;
Venezuela;Venezuela, RB;VE;VEN;Latin America & Caribbean;Not classified;2008;Demografía;demografia;Fecundidad;fecundidad;SP.DYN.TFRT.IN;Tasa de fertilidad;2.475;Banco Mundial - World Development Indicators;2026-07-08;
Venezuela;Venezuela, RB;VE;VEN;Latin America & Caribbean;Not classified;2009;Demografía;demografia;Fecundidad;fecundidad;SP.DYN.TFRT.IN;Tasa de fertilidad;2.422;Banco Mundial - World Development Indicators;2026-07-08;
Venezuela;Venezuela, RB;VE;VEN;Latin America & Caribbean;Not classified;2010;Demografía;demografia;Fecundidad;fecundidad;SP.DYN.TFRT.IN;Tasa de fertilidad;2.396;Banco Mundial - World Development Indicators;2026-07-08;
Venezuela;Venezuela, RB;VE;VEN;Latin America & Caribbean;Not classified;2011;Demografía;demografia;Fecundidad;fecundidad;SP.DYN.TFRT.IN;Tasa de fertilidad;2.398;Banco Mundial - World Development Indicators;2026-07-08;
Venezuela;Venezuela, RB;VE;VEN;Latin America & Caribbean;Not classified;2012;Demografía;demografia;Fecundidad;fecundidad;SP.DYN.TFRT.IN;Tasa de fertilidad;2.379;Banco Mundial - World Development Indicators;2026-07-08;
Venezuela;Venezuela, RB;VE;VEN;Latin America & Caribbean;Not classified;2013;Demografía;demografia;Fecundidad;fecundidad;SP.DYN.TFRT.IN;Tasa de fertilidad;2.334;Banco Mundial - World Development Indicators;2026-07-08;
Venezuela;Venezuela, RB;VE;VEN;Latin America & Caribbean;Not classified;2014;Demografía;demografia;Fecundidad;fecundidad;SP.DYN.TFRT.IN;Tasa de fertilidad;2.296;Banco Mundial - World Development Indicators;2026-07-08;
Venezuela;Venezuela, RB;VE;VEN;Latin America & Caribbean;Not classified;2015;Demografía;demografia;Fecundidad;fecundidad;SP.DYN.TFRT.IN;Tasa de fertilidad;2.253;Banco Mundial - World Development Indicators;2026-07-08;
Venezuela;Venezuela, RB;VE;VEN;Latin America & Caribbean;Not classified;2016;Demografía;demografia;Fecundidad;fecundidad;SP.DYN.TFRT.IN;Tasa de fertilidad;2.217;Banco Mundial - World Development Indicators;2026-07-08;
Venezuela;Venezuela, RB;VE;VEN;Latin America & Caribbean;Not classified;2017;Demografía;demografia;Fecundidad;fecundidad;SP.DYN.TFRT.IN;Tasa de fertilidad;2.183;Banco Mundial - World Development Indicators;2026-07-08;
Venezuela;Venezuela, RB;VE;VEN;Latin America & Caribbean;Not classified;2018;Demografía;demografia;Fecundidad;fecundidad;SP.DYN.TFRT.IN;Tasa de fertilidad;2.151;Banco Mundial - World Development Indicators;2026-07-08;
Venezuela;Venezuela, RB;VE;VEN;Latin America & Caribbean;Not classified;2019;Demografía;demografia;Fecundidad;fecundidad;SP.DYN.TFRT.IN;Tasa de fertilidad;2.131;Banco Mundial - World Development Indicators;2026-07-08;
Venezuela;Venezuela, RB;VE;VEN;Latin America & Caribbean;Not classified;2020;Demografía;demografia;Fecundidad;fecundidad;SP.DYN.TFRT.IN;Tasa de fertilidad;2.116;Banco Mundial - World Development Indicators;2026-07-08;
Venezuela;Venezuela, RB;VE;VEN;Latin America & Caribbean;Not classified;2021;Demografía;demografia;Fecundidad;fecundidad;SP.DYN.TFRT.IN;Tasa de fertilidad;2.105;Banco Mundial - World Development Indicators;2026-07-08;
Venezuela;Venezuela, RB;VE;VEN;Latin America & Caribbean;Not classified;2022;Demografía;demografia;Fecundidad;fecundidad;SP.DYN.TFRT.IN;Tasa de fertilidad;2.088;Banco Mundial - World Development Indicators;2026-07-08;
Venezuela;Venezuela, RB;VE;VEN;Latin America & Caribbean;Not classified;2023;Demografía;demografia;Fecundidad;fecundidad;SP.DYN.TFRT.IN;Tasa de fertilidad;2.079;Banco Mundial - World Development Indicators;2026-07-08;
Venezuela;Venezuela, RB;VE;VEN;Latin America & Caribbean;Not classified;2024;Demografía;demografia;Fecundidad;fecundidad;SP.DYN.TFRT.IN;Tasa de fertilidad;2.077;Banco Mundial - World Development Indicators;2026-07-08;
Venezuela;Venezuela, RB;VE;VEN;Latin America & Caribbean;Not classified;2025;Demografía;demografia;Fecundidad;fecundidad;SP.DYN.TFRT.IN;Tasa de fertilidad;;Banco Mundial - World Development Indicators;2026-07-08;
Venezuela;Venezuela, RB;VE;VEN;Latin America & Caribbean;Not classified;1960;Demografía;demografia;Población;poblacion;SP.POP.GROW;Crecimiento anual de la población;;Banco Mundial - World Development Indicators;2026-07-08;
Venezuela;Venezuela, RB;VE;VEN;Latin America & Caribbean;Not classified;1961;Demografía;demografia;Población;poblacion;SP.POP.GROW;Crecimiento anual de la población;3.5610998156399;Banco Mundial - World Development Indicators;2026-07-08;
Venezuela;Venezuela, RB;VE;VEN;Latin America & Caribbean;Not classified;1962;Demografía;demografia;Población;poblacion;SP.POP.GROW;Crecimiento anual de la población;3.49723386798958;Banco Mundial - World Development Indicators;2026-07-08;
Venezuela;Venezuela, RB;VE;VEN;Latin America & Caribbean;Not classified;1963;Demografía;demografia;Población;poblacion;SP.POP.GROW;Crecimiento anual de la población;3.44743054176691;Banco Mundial - World Development Indicators;2026-07-08;
Venezuela;Venezuela, RB;VE;VEN;Latin America & Caribbean;Not classified;1964;Demografía;demografia;Población;poblacion;SP.POP.GROW;Crecimiento anual de la población;3.40229694421621;Banco Mundial - World Development Indicators;2026-07-08;
Venezuela;Venezuela, RB;VE;VEN;Latin America & Caribbean;Not classified;1965;Demografía;demografia;Población;poblacion;SP.POP.GROW;Crecimiento anual de la población;3.35622144763596;Banco Mundial - World Development Indicators;2026-07-08;
Venezuela;Venezuela, RB;VE;VEN;Latin America & Caribbean;Not classified;1966;Demografía;demografia;Población;poblacion;SP.POP.GROW;Crecimiento anual de la población;3.31693849961177;Banco Mundial - World Development Indicators;2026-07-08;
Venezuela;Venezuela, RB;VE;VEN;Latin America & Caribbean;Not classified;1967;Demografía;demografia;Población;poblacion;SP.POP.GROW;Crecimiento anual de la población;3.27412842154232;Banco Mundial - World Development Indicators;2026-07-08;
Venezuela;Venezuela, RB;VE;VEN;Latin America & Caribbean;Not classified;1968;Demografía;demografia;Población;poblacion;SP.POP.GROW;Crecimiento anual de la población;3.2204179987469;Banco Mundial - World Development Indicators;2026-07-08;
Venezuela;Venezuela, RB;VE;VEN;Latin America & Caribbean;Not classified;1969;Demografía;demografia;Población;poblacion;SP.POP.GROW;Crecimiento anual de la población;3.15375291477192;Banco Mundial - World Development Indicators;2026-07-08;
Venezuela;Venezuela, RB;VE;VEN;Latin America & Caribbean;Not classified;1970;Demografía;demografia;Población;poblacion;SP.POP.GROW;Crecimiento anual de la población;3.09913259359461;Banco Mundial - World Development Indicators;2026-07-08;
Venezuela;Venezuela, RB;VE;VEN;Latin America & Caribbean;Not classified;1971;Demografía;demografia;Población;poblacion;SP.POP.GROW;Crecimiento anual de la población;3.05459422386915;Banco Mundial - World Development Indicators;2026-07-08;
Venezuela;Venezuela, RB;VE;VEN;Latin America & Caribbean;Not classified;1972;Demografía;demografia;Población;poblacion;SP.POP.GROW;Crecimiento anual de la población;3.00500106904498;Banco Mundial - World Development Indicators;2026-07-08;
Venezuela;Venezuela, RB;VE;VEN;Latin America & Caribbean;Not classified;1973;Demografía;demografia;Población;poblacion;SP.POP.GROW;Crecimiento anual de la población;2.96696597438552;Banco Mundial - World Development Indicators;2026-07-08;
Venezuela;Venezuela, RB;VE;VEN;Latin America & Caribbean;Not classified;1974;Demografía;demografia;Población;poblacion;SP.POP.GROW;Crecimiento anual de la población;2.9395819591844;Banco Mundial - World Development Indicators;2026-07-08;
Venezuela;Venezuela, RB;VE;VEN;Latin America & Caribbean;Not classified;1975;Demografía;demografia;Población;poblacion;SP.POP.GROW;Crecimiento anual de la población;2.9216883785441;Banco Mundial - World Development Indicators;2026-07-08;
Venezuela;Venezuela, RB;VE;VEN;Latin America & Caribbean;Not classified;1976;Demografía;demografia;Población;poblacion;SP.POP.GROW;Crecimiento anual de la población;2.911170001683;Banco Mundial - World Development Indicators;2026-07-08;
Venezuela;Venezuela, RB;VE;VEN;Latin America & Caribbean;Not classified;1977;Demografía;demografia;Población;poblacion;SP.POP.GROW;Crecimiento anual de la población;2.90120378571083;Banco Mundial - World Development Indicators;2026-07-08;
Venezuela;Venezuela, RB;VE;VEN;Latin America & Caribbean;Not classified;1978;Demografía;demografia;Población;poblacion;SP.POP.GROW;Crecimiento anual de la población;2.88423643148571;Banco Mundial - World Development Indicators;2026-07-08;
Venezuela;Venezuela, RB;VE;VEN;Latin America & Caribbean;Not classified;1979;Demografía;demografia;Población;poblacion;SP.POP.GROW;Crecimiento anual de la población;2.85729074115345;Banco Mundial - World Development Indicators;2026-07-08;
Venezuela;Venezuela, RB;VE;VEN;Latin America & Caribbean;Not classified;1980;Demografía;demografia;Población;poblacion;SP.POP.GROW;Crecimiento anual de la población;2.81591887200814;Banco Mundial - World Development Indicators;2026-07-08;
Venezuela;Venezuela, RB;VE;VEN;Latin America & Caribbean;Not classified;1981;Demografía;demografia;Población;poblacion;SP.POP.GROW;Crecimiento anual de la población;2.77330334164225;Banco Mundial - World Development Indicators;2026-07-08;
Venezuela;Venezuela, RB;VE;VEN;Latin America & Caribbean;Not classified;1982;Demografía;demografia;Población;poblacion;SP.POP.GROW;Crecimiento anual de la población;2.73257068541178;Banco Mundial - World Development Indicators;2026-07-08;
Venezuela;Venezuela, RB;VE;VEN;Latin America & Caribbean;Not classified;1983;Demografía;demografia;Población;poblacion;SP.POP.GROW;Crecimiento anual de la población;2.69463088437118;Banco Mundial - World Development Indicators;2026-07-08;
Venezuela;Venezuela, RB;VE;VEN;Latin America & Caribbean;Not classified;1984;Demografía;demografia;Población;poblacion;SP.POP.GROW;Crecimiento anual de la población;2.66099754289596;Banco Mundial - World Development Indicators;2026-07-08;
Venezuela;Venezuela, RB;VE;VEN;Latin America & Caribbean;Not classified;1985;Demografía;demografia;Población;poblacion;SP.POP.GROW;Crecimiento anual de la población;2.62614099270944;Banco Mundial - World Development Indicators;2026-07-08;
Venezuela;Venezuela, RB;VE;VEN;Latin America & Caribbean;Not classified;1986;Demografía;demografia;Población;poblacion;SP.POP.GROW;Crecimiento anual de la población;2.61200318869266;Banco Mundial - World Development Indicators;2026-07-08;
Venezuela;Venezuela, RB;VE;VEN;Latin America & Caribbean;Not classified;1987;Demografía;demografia;Población;poblacion;SP.POP.GROW;Crecimiento anual de la población;2.59621676285258;Banco Mundial - World Development Indicators;2026-07-08;
Venezuela;Venezuela, RB;VE;VEN;Latin America & Caribbean;Not classified;1988;Demografía;demografia;Población;poblacion;SP.POP.GROW;Crecimiento anual de la población;2.5550534835076;Banco Mundial - World Development Indicators;2026-07-08;
Venezuela;Venezuela, RB;VE;VEN;Latin America & Caribbean;Not classified;1989;Demografía;demografia;Población;poblacion;SP.POP.GROW;Crecimiento anual de la población;2.50092436734704;Banco Mundial - World Development Indicators;2026-07-08;
Venezuela;Venezuela, RB;VE;VEN;Latin America & Caribbean;Not classified;1990;Demografía;demografia;Población;poblacion;SP.POP.GROW;Crecimiento anual de la población;2.44084938719203;Banco Mundial - World Development Indicators;2026-07-08;
Venezuela;Venezuela, RB;VE;VEN;Latin America & Caribbean;Not classified;1991;Demografía;demografia;Población;poblacion;SP.POP.GROW;Crecimiento anual de la población;2.38168897149485;Banco Mundial - World Development Indicators;2026-07-08;
Venezuela;Venezuela, RB;VE;VEN;Latin America & Caribbean;Not classified;1992;Demografía;demografia;Población;poblacion;SP.POP.GROW;Crecimiento anual de la población;2.31745661857209;Banco Mundial - World Development Indicators;2026-07-08;
Venezuela;Venezuela, RB;VE;VEN;Latin America & Caribbean;Not classified;1993;Demografía;demografia;Población;poblacion;SP.POP.GROW;Crecimiento anual de la población;2.25329732143847;Banco Mundial - World Development Indicators;2026-07-08;
Venezuela;Venezuela, RB;VE;VEN;Latin America & Caribbean;Not classified;1994;Demografía;demografia;Población;poblacion;SP.POP.GROW;Crecimiento anual de la población;2.19027461047796;Banco Mundial - World Development Indicators;2026-07-08;
Venezuela;Venezuela, RB;VE;VEN;Latin America & Caribbean;Not classified;1995;Demografía;demografia;Población;poblacion;SP.POP.GROW;Crecimiento anual de la población;2.13415920641198;Banco Mundial - World Development Indicators;2026-07-08;
Venezuela;Venezuela, RB;VE;VEN;Latin America & Caribbean;Not classified;1996;Demografía;demografia;Población;poblacion;SP.POP.GROW;Crecimiento anual de la población;2.08805824636671;Banco Mundial - World Development Indicators;2026-07-08;
Venezuela;Venezuela, RB;VE;VEN;Latin America & Caribbean;Not classified;1997;Demografía;demografia;Población;poblacion;SP.POP.GROW;Crecimiento anual de la población;2.05088234370289;Banco Mundial - World Development Indicators;2026-07-08;
Venezuela;Venezuela, RB;VE;VEN;Latin America & Caribbean;Not classified;1998;Demografía;demografia;Población;poblacion;SP.POP.GROW;Crecimiento anual de la población;2.01000402655574;Banco Mundial - World Development Indicators;2026-07-08;
Venezuela;Venezuela, RB;VE;VEN;Latin America & Caribbean;Not classified;1999;Demografía;demografia;Población;poblacion;SP.POP.GROW;Crecimiento anual de la población;1.95213333149154;Banco Mundial - World Development Indicators;2026-07-08;
Venezuela;Venezuela, RB;VE;VEN;Latin America & Caribbean;Not classified;2000;Demografía;demografia;Población;poblacion;SP.POP.GROW;Crecimiento anual de la población;1.89379499634952;Banco Mundial - World Development Indicators;2026-07-08;
Venezuela;Venezuela, RB;VE;VEN;Latin America & Caribbean;Not classified;2001;Demografía;demografia;Población;poblacion;SP.POP.GROW;Crecimiento anual de la población;1.83097359469052;Banco Mundial - World Development Indicators;2026-07-08;
Venezuela;Venezuela, RB;VE;VEN;Latin America & Caribbean;Not classified;2002;Demografía;demografia;Población;poblacion;SP.POP.GROW;Crecimiento anual de la población;1.80801767033013;Banco Mundial - World Development Indicators;2026-07-08;
Venezuela;Venezuela, RB;VE;VEN;Latin America & Caribbean;Not classified;2003;Demografía;demografia;Población;poblacion;SP.POP.GROW;Crecimiento anual de la población;1.78086326604433;Banco Mundial - World Development Indicators;2026-07-08;
Venezuela;Venezuela, RB;VE;VEN;Latin America & Caribbean;Not classified;2004;Demografía;demografia;Población;poblacion;SP.POP.GROW;Crecimiento anual de la población;1.71593189812023;Banco Mundial - World Development Indicators;2026-07-08;
Venezuela;Venezuela, RB;VE;VEN;Latin America & Caribbean;Not classified;2005;Demografía;demografia;Población;poblacion;SP.POP.GROW;Crecimiento anual de la población;1.67515351433713;Banco Mundial - World Development Indicators;2026-07-08;
Venezuela;Venezuela, RB;VE;VEN;Latin America & Caribbean;Not classified;2006;Demografía;demografia;Población;poblacion;SP.POP.GROW;Crecimiento anual de la población;1.62520895526481;Banco Mundial - World Development Indicators;2026-07-08;
Venezuela;Venezuela, RB;VE;VEN;Latin America & Caribbean;Not classified;2007;Demografía;demografia;Población;poblacion;SP.POP.GROW;Crecimiento anual de la población;1.54785544927575;Banco Mundial - World Development Indicators;2026-07-08;
Venezuela;Venezuela, RB;VE;VEN;Latin America & Caribbean;Not classified;2008;Demografía;demografia;Población;poblacion;SP.POP.GROW;Crecimiento anual de la población;1.45176982660994;Banco Mundial - World Development Indicators;2026-07-08;
Venezuela;Venezuela, RB;VE;VEN;Latin America & Caribbean;Not classified;2009;Demografía;demografia;Población;poblacion;SP.POP.GROW;Crecimiento anual de la población;1.36163698615317;Banco Mundial - World Development Indicators;2026-07-08;
Venezuela;Venezuela, RB;VE;VEN;Latin America & Caribbean;Not classified;2010;Demografía;demografia;Población;poblacion;SP.POP.GROW;Crecimiento anual de la población;1.30934216855774;Banco Mundial - World Development Indicators;2026-07-08;
Venezuela;Venezuela, RB;VE;VEN;Latin America & Caribbean;Not classified;2011;Demografía;demografia;Población;poblacion;SP.POP.GROW;Crecimiento anual de la población;1.28319630933634;Banco Mundial - World Development Indicators;2026-07-08;
Venezuela;Venezuela, RB;VE;VEN;Latin America & Caribbean;Not classified;2012;Demografía;demografia;Población;poblacion;SP.POP.GROW;Crecimiento anual de la población;1.25510683013417;Banco Mundial - World Development Indicators;2026-07-08;
Venezuela;Venezuela, RB;VE;VEN;Latin America & Caribbean;Not classified;2013;Demografía;demografia;Población;poblacion;SP.POP.GROW;Crecimiento anual de la población;1.20531461336652;Banco Mundial - World Development Indicators;2026-07-08;
Venezuela;Venezuela, RB;VE;VEN;Latin America & Caribbean;Not classified;2014;Demografía;demografia;Población;poblacion;SP.POP.GROW;Crecimiento anual de la población;1.13646612916995;Banco Mundial - World Development Indicators;2026-07-08;
Venezuela;Venezuela, RB;VE;VEN;Latin America & Caribbean;Not classified;2015;Demografía;demografia;Población;poblacion;SP.POP.GROW;Crecimiento anual de la población;1.0518040406043;Banco Mundial - World Development Indicators;2026-07-08;
Venezuela;Venezuela, RB;VE;VEN;Latin America & Caribbean;Not classified;2016;Demografía;demografia;Población;poblacion;SP.POP.GROW;Crecimiento anual de la población;0.62520243689416;Banco Mundial - World Development Indicators;2026-07-08;
Venezuela;Venezuela, RB;VE;VEN;Latin America & Caribbean;Not classified;2017;Demografía;demografia;Población;poblacion;SP.POP.GROW;Crecimiento anual de la población;-0.653495206896492;Banco Mundial - World Development Indicators;2026-07-08;
Venezuela;Venezuela, RB;VE;VEN;Latin America & Caribbean;Not classified;2018;Demografía;demografia;Población;poblacion;SP.POP.GROW;Crecimiento anual de la población;-2.51030049026678;Banco Mundial - World Development Indicators;2026-07-08;
Venezuela;Venezuela, RB;VE;VEN;Latin America & Caribbean;Not classified;2019;Demografía;demografia;Población;poblacion;SP.POP.GROW;Crecimiento anual de la población;-2.96041293052007;Banco Mundial - World Development Indicators;2026-07-08;
Venezuela;Venezuela, RB;VE;VEN;Latin America & Caribbean;Not classified;2020;Demografía;demografia;Población;poblacion;SP.POP.GROW;Crecimiento anual de la población;-1.72190477685565;Banco Mundial - World Development Indicators;2026-07-08;
Venezuela;Venezuela, RB;VE;VEN;Latin America & Caribbean;Not classified;2021;Demografía;demografia;Población;poblacion;SP.POP.GROW;Crecimiento anual de la población;-0.727752243229035;Banco Mundial - World Development Indicators;2026-07-08;
Venezuela;Venezuela, RB;VE;VEN;Latin America & Caribbean;Not classified;2022;Demografía;demografia;Población;poblacion;SP.POP.GROW;Crecimiento anual de la población;-0.087895947265923;Banco Mundial - World Development Indicators;2026-07-08;
Venezuela;Venezuela, RB;VE;VEN;Latin America & Caribbean;Not classified;2023;Demografía;demografia;Población;poblacion;SP.POP.GROW;Crecimiento anual de la población;0.310851368612458;Banco Mundial - World Development Indicators;2026-07-08;
Venezuela;Venezuela, RB;VE;VEN;Latin America & Caribbean;Not classified;2024;Demografía;demografia;Población;poblacion;SP.POP.GROW;Crecimiento anual de la población;0.369232130679939;Banco Mundial - World Development Indicators;2026-07-08;
Venezuela;Venezuela, RB;VE;VEN;Latin America & Caribbean;Not classified;2025;Demografía;demografia;Población;poblacion;SP.POP.GROW;Crecimiento anual de la población;0.39124515392802;Banco Mundial - World Development Indicators;2026-07-08;
Venezuela;Venezuela, RB;VE;VEN;Latin America & Caribbean;Not classified;1960;Demografía;demografia;Población;poblacion;SP.POP.TOTL;Población total;8160090.0;Banco Mundial - World Development Indicators;2026-07-08;
Venezuela;Venezuela, RB;VE;VEN;Latin America & Caribbean;Not classified;1961;Demografía;demografia;Población;poblacion;SP.POP.TOTL;Población total;8455915.0;Banco Mundial - World Development Indicators;2026-07-08;
Venezuela;Venezuela, RB;VE;VEN;Latin America & Caribbean;Not classified;1962;Demografía;demografia;Población;poblacion;SP.POP.TOTL;Población total;8756870.0;Banco Mundial - World Development Indicators;2026-07-08;
Venezuela;Venezuela, RB;VE;VEN;Latin America & Caribbean;Not classified;1963;Demografía;demografia;Población;poblacion;SP.POP.TOTL;Población total;9064021.0;Banco Mundial - World Development Indicators;2026-07-08;
Venezuela;Venezuela, RB;VE;VEN;Latin America & Caribbean;Not classified;1964;Demografía;demografia;Población;poblacion;SP.POP.TOTL;Población total;9377712.0;Banco Mundial - World Development Indicators;2026-07-08;
Venezuela;Venezuela, RB;VE;VEN;Latin America & Caribbean;Not classified;1965;Demografía;demografia;Población;poblacion;SP.POP.TOTL;Población total;9697790.0;Banco Mundial - World Development Indicators;2026-07-08;
Venezuela;Venezuela, RB;VE;VEN;Latin America & Caribbean;Not classified;1966;Demografía;demografia;Población;poblacion;SP.POP.TOTL;Población total;10024854.0;Banco Mundial - World Development Indicators;2026-07-08;
Venezuela;Venezuela, RB;VE;VEN;Latin America & Caribbean;Not classified;1967;Demografía;demografia;Población;poblacion;SP.POP.TOTL;Población total;10358513.0;Banco Mundial - World Development Indicators;2026-07-08;
Venezuela;Venezuela, RB;VE;VEN;Latin America & Caribbean;Not classified;1968;Demografía;demografia;Población;poblacion;SP.POP.TOTL;Población total;10697530.0;Banco Mundial - World Development Indicators;2026-07-08;
Venezuela;Venezuela, RB;VE;VEN;Latin America & Caribbean;Not classified;1969;Demografía;demografia;Población;poblacion;SP.POP.TOTL;Población total;11040280.0;Banco Mundial - World Development Indicators;2026-07-08;
Venezuela;Venezuela, RB;VE;VEN;Latin America & Caribbean;Not classified;1970;Demografía;demografia;Población;poblacion;SP.POP.TOTL;Población total;11387790.0;Banco Mundial - World Development Indicators;2026-07-08;
Venezuela;Venezuela, RB;VE;VEN;Latin America & Caribbean;Not classified;1971;Demografía;demografia;Población;poblacion;SP.POP.TOTL;Población total;11741008.0;Banco Mundial - World Development Indicators;2026-07-08;
Venezuela;Venezuela, RB;VE;VEN;Latin America & Caribbean;Not classified;1972;Demografía;demografia;Población;poblacion;SP.POP.TOTL;Población total;12099180.0;Banco Mundial - World Development Indicators;2026-07-08;
Venezuela;Venezuela, RB;VE;VEN;Latin America & Caribbean;Not classified;1973;Demografía;demografia;Población;poblacion;SP.POP.TOTL;Población total;12463537.0;Banco Mundial - World Development Indicators;2026-07-08;
Venezuela;Venezuela, RB;VE;VEN;Latin America & Caribbean;Not classified;1974;Demografía;demografia;Población;poblacion;SP.POP.TOTL;Población total;12835351.0;Banco Mundial - World Development Indicators;2026-07-08;
Venezuela;Venezuela, RB;VE;VEN;Latin America & Caribbean;Not classified;1975;Demografía;demografia;Población;poblacion;SP.POP.TOTL;Población total;13215892.0;Banco Mundial - World Development Indicators;2026-07-08;
Venezuela;Venezuela, RB;VE;VEN;Latin America & Caribbean;Not classified;1976;Demografía;demografia;Población;poblacion;SP.POP.TOTL;Población total;13606284.0;Banco Mundial - World Development Indicators;2026-07-08;
Venezuela;Venezuela, RB;VE;VEN;Latin America & Caribbean;Not classified;1977;Demografía;demografia;Población;poblacion;SP.POP.TOTL;Población total;14006812.0;Banco Mundial - World Development Indicators;2026-07-08;
Venezuela;Venezuela, RB;VE;VEN;Latin America & Caribbean;Not classified;1978;Demografía;demografia;Población;poblacion;SP.POP.TOTL;Población total;14416684.0;Banco Mundial - World Development Indicators;2026-07-08;
Venezuela;Venezuela, RB;VE;VEN;Latin America & Caribbean;Not classified;1979;Demografía;demografia;Población;poblacion;SP.POP.TOTL;Población total;14834552.0;Banco Mundial - World Development Indicators;2026-07-08;
Venezuela;Venezuela, RB;VE;VEN;Latin America & Caribbean;Not classified;1980;Demografía;demografia;Población;poblacion;SP.POP.TOTL;Población total;15258218.0;Banco Mundial - World Development Indicators;2026-07-08;
Venezuela;Venezuela, RB;VE;VEN;Latin America & Caribbean;Not classified;1981;Demografía;demografia;Población;poblacion;SP.POP.TOTL;Población total;15687297.0;Banco Mundial - World Development Indicators;2026-07-08;
Venezuela;Venezuela, RB;VE;VEN;Latin America & Caribbean;Not classified;1982;Demografía;demografia;Población;poblacion;SP.POP.TOTL;Población total;16121874.0;Banco Mundial - World Development Indicators;2026-07-08;
Venezuela;Venezuela, RB;VE;VEN;Latin America & Caribbean;Not classified;1983;Demografía;demografia;Población;poblacion;SP.POP.TOTL;Población total;16562205.0;Banco Mundial - World Development Indicators;2026-07-08;
Venezuela;Venezuela, RB;VE;VEN;Latin America & Caribbean;Not classified;1984;Demografía;demografia;Población;poblacion;SP.POP.TOTL;Población total;17008841.0;Banco Mundial - World Development Indicators;2026-07-08;
Venezuela;Venezuela, RB;VE;VEN;Latin America & Caribbean;Not classified;1985;Demografía;demografia;Población;poblacion;SP.POP.TOTL;Población total;17461434.0;Banco Mundial - World Development Indicators;2026-07-08;
Venezuela;Venezuela, RB;VE;VEN;Latin America & Caribbean;Not classified;1986;Demografía;demografia;Población;poblacion;SP.POP.TOTL;Población total;17923536.0;Banco Mundial - World Development Indicators;2026-07-08;
Venezuela;Venezuela, RB;VE;VEN;Latin America & Caribbean;Not classified;1987;Demografía;demografia;Población;poblacion;SP.POP.TOTL;Población total;18394963.0;Banco Mundial - World Development Indicators;2026-07-08;
Venezuela;Venezuela, RB;VE;VEN;Latin America & Caribbean;Not classified;1988;Demografía;demografia;Población;poblacion;SP.POP.TOTL;Población total;18871020.0;Banco Mundial - World Development Indicators;2026-07-08;
Venezuela;Venezuela, RB;VE;VEN;Latin America & Caribbean;Not classified;1989;Demografía;demografia;Población;poblacion;SP.POP.TOTL;Población total;19348921.0;Banco Mundial - World Development Indicators;2026-07-08;
Venezuela;Venezuela, RB;VE;VEN;Latin America & Caribbean;Not classified;1990;Demografía;demografia;Población;poblacion;SP.POP.TOTL;Población total;19827010.0;Banco Mundial - World Development Indicators;2026-07-08;
Venezuela;Venezuela, RB;VE;VEN;Latin America & Caribbean;Not classified;1991;Demografía;demografia;Población;poblacion;SP.POP.TOTL;Población total;20304896.0;Banco Mundial - World Development Indicators;2026-07-08;
Venezuela;Venezuela, RB;VE;VEN;Latin America & Caribbean;Not classified;1992;Demografía;demografia;Población;poblacion;SP.POP.TOTL;Población total;20780948.0;Banco Mundial - World Development Indicators;2026-07-08;
Venezuela;Venezuela, RB;VE;VEN;Latin America & Caribbean;Not classified;1993;Demografía;demografia;Población;poblacion;SP.POP.TOTL;Población total;21254520.0;Banco Mundial - World Development Indicators;2026-07-08;
Venezuela;Venezuela, RB;VE;VEN;Latin America & Caribbean;Not classified;1994;Demografía;demografia;Población;poblacion;SP.POP.TOTL;Población total;21725188.0;Banco Mundial - World Development Indicators;2026-07-08;
Venezuela;Venezuela, RB;VE;VEN;Latin America & Caribbean;Not classified;1995;Demografía;demografia;Población;poblacion;SP.POP.TOTL;Población total;22193821.0;Banco Mundial - World Development Indicators;2026-07-08;
Venezuela;Venezuela, RB;VE;VEN;Latin America & Caribbean;Not classified;1996;Demografía;demografia;Población;poblacion;SP.POP.TOTL;Población total;22662113.0;Banco Mundial - World Development Indicators;2026-07-08;
Venezuela;Venezuela, RB;VE;VEN;Latin America & Caribbean;Not classified;1997;Demografía;demografia;Población;poblacion;SP.POP.TOTL;Población total;23131685.0;Banco Mundial - World Development Indicators;2026-07-08;
Venezuela;Venezuela, RB;VE;VEN;Latin America & Caribbean;Not classified;1998;Demografía;demografia;Población;poblacion;SP.POP.TOTL;Población total;23601337.0;Banco Mundial - World Development Indicators;2026-07-08;
Venezuela;Venezuela, RB;VE;VEN;Latin America & Caribbean;Not classified;1999;Demografía;demografia;Población;poblacion;SP.POP.TOTL;Población total;24066593.0;Banco Mundial - World Development Indicators;2026-07-08;
Venezuela;Venezuela, RB;VE;VEN;Latin America & Caribbean;Not classified;2000;Demografía;demografia;Población;poblacion;SP.POP.TOTL;Población total;24526708.0;Banco Mundial - World Development Indicators;2026-07-08;
Venezuela;Venezuela, RB;VE;VEN;Latin America & Caribbean;Not classified;2001;Demografía;demografia;Población;poblacion;SP.POP.TOTL;Población total;24979922.0;Banco Mundial - World Development Indicators;2026-07-08;
Venezuela;Venezuela, RB;VE;VEN;Latin America & Caribbean;Not classified;2002;Demografía;demografia;Población;poblacion;SP.POP.TOTL;Población total;25435671.0;Banco Mundial - World Development Indicators;2026-07-08;
Venezuela;Venezuela, RB;VE;VEN;Latin America & Caribbean;Not classified;2003;Demografía;demografia;Población;poblacion;SP.POP.TOTL;Población total;25892703.0;Banco Mundial - World Development Indicators;2026-07-08;
Venezuela;Venezuela, RB;VE;VEN;Latin America & Caribbean;Not classified;2004;Demografía;demografia;Población;poblacion;SP.POP.TOTL;Población total;26340838.0;Banco Mundial - World Development Indicators;2026-07-08;
Venezuela;Venezuela, RB;VE;VEN;Latin America & Caribbean;Not classified;2005;Demografía;demografia;Población;poblacion;SP.POP.TOTL;Población total;26785804.0;Banco Mundial - World Development Indicators;2026-07-08;
Venezuela;Venezuela, RB;VE;VEN;Latin America & Caribbean;Not classified;2006;Demografía;demografia;Población;poblacion;SP.POP.TOTL;Población total;27224686.0;Banco Mundial - World Development Indicators;2026-07-08;
Venezuela;Venezuela, RB;VE;VEN;Latin America & Caribbean;Not classified;2007;Demografía;demografia;Población;poblacion;SP.POP.TOTL;Población total;27649363.0;Banco Mundial - World Development Indicators;2026-07-08;
Venezuela;Venezuela, RB;VE;VEN;Latin America & Caribbean;Not classified;2008;Demografía;demografia;Población;poblacion;SP.POP.TOTL;Población total;28053696.0;Banco Mundial - World Development Indicators;2026-07-08;
Venezuela;Venezuela, RB;VE;VEN;Latin America & Caribbean;Not classified;2009;Demografía;demografia;Población;poblacion;SP.POP.TOTL;Población total;28438298.0;Banco Mundial - World Development Indicators;2026-07-08;
Venezuela;Venezuela, RB;VE;VEN;Latin America & Caribbean;Not classified;2010;Demografía;demografia;Población;poblacion;SP.POP.TOTL;Población total;28813101.0;Banco Mundial - World Development Indicators;2026-07-08;
Venezuela;Venezuela, RB;VE;VEN;Latin America & Caribbean;Not classified;2011;Demografía;demografia;Población;poblacion;SP.POP.TOTL;Población total;29185212.0;Banco Mundial - World Development Indicators;2026-07-08;
Venezuela;Venezuela, RB;VE;VEN;Latin America & Caribbean;Not classified;2012;Demografía;demografia;Población;poblacion;SP.POP.TOTL;Población total;29553826.0;Banco Mundial - World Development Indicators;2026-07-08;
Venezuela;Venezuela, RB;VE;VEN;Latin America & Caribbean;Not classified;2013;Demografía;demografia;Población;poblacion;SP.POP.TOTL;Población total;29912198.0;Banco Mundial - World Development Indicators;2026-07-08;
Venezuela;Venezuela, RB;VE;VEN;Latin America & Caribbean;Not classified;2014;Demografía;demografia;Población;poblacion;SP.POP.TOTL;Población total;30254079.0;Banco Mundial - World Development Indicators;2026-07-08;
Venezuela;Venezuela, RB;VE;VEN;Latin America & Caribbean;Not classified;2015;Demografía;demografia;Población;poblacion;SP.POP.TOTL;Población total;30573972.0;Banco Mundial - World Development Indicators;2026-07-08;
Venezuela;Venezuela, RB;VE;VEN;Latin America & Caribbean;Not classified;2016;Demografía;demografia;Población;poblacion;SP.POP.TOTL;Población total;30765720.0;Banco Mundial - World Development Indicators;2026-07-08;
Venezuela;Venezuela, RB;VE;VEN;Latin America & Caribbean;Not classified;2017;Demografía;demografia;Población;poblacion;SP.POP.TOTL;Población total;30565323.0;Banco Mundial - World Development Indicators;2026-07-08;
Venezuela;Venezuela, RB;VE;VEN;Latin America & Caribbean;Not classified;2018;Demografía;demografia;Población;poblacion;SP.POP.TOTL;Población total;29807592.0;Banco Mundial - World Development Indicators;2026-07-08;
Venezuela;Venezuela, RB;VE;VEN;Latin America & Caribbean;Not classified;2019;Demografía;demografia;Población;poblacion;SP.POP.TOTL;Población total;28938098.0;Banco Mundial - World Development Indicators;2026-07-08;
Venezuela;Venezuela, RB;VE;VEN;Latin America & Caribbean;Not classified;2020;Demografía;demografia;Población;poblacion;SP.POP.TOTL;Población total;28444077.0;Banco Mundial - World Development Indicators;2026-07-08;
Venezuela;Venezuela, RB;VE;VEN;Latin America & Caribbean;Not classified;2021;Demografía;demografia;Población;poblacion;SP.POP.TOTL;Población total;28237826.0;Banco Mundial - World Development Indicators;2026-07-08;
Venezuela;Venezuela, RB;VE;VEN;Latin America & Caribbean;Not classified;2022;Demografía;demografia;Población;poblacion;SP.POP.TOTL;Población total;28213017.0;Banco Mundial - World Development Indicators;2026-07-08;
Venezuela;Venezuela, RB;VE;VEN;Latin America & Caribbean;Not classified;2023;Demografía;demografia;Población;poblacion;SP.POP.TOTL;Población total;28300854.0;Banco Mundial - World Development Indicators;2026-07-08;
Venezuela;Venezuela, RB;VE;VEN;Latin America & Caribbean;Not classified;2024;Demografía;demografia;Población;poblacion;SP.POP.TOTL;Población total;28405543.0;Banco Mundial - World Development Indicators;2026-07-08;
Venezuela;Venezuela, RB;VE;VEN;Latin America & Caribbean;Not classified;2025;Demografía;demografia;Población;poblacion;SP.POP.TOTL;Población total;28516896.0;Banco Mundial - World Development Indicators;2026-07-08;
Venezuela;Venezuela, RB;VE;VEN;Latin America & Caribbean;Not classified;1960;Demografía;demografia;Población urbana;poblacion_urbana;SP.URB.TOTL.IN.ZS;Población urbana como porcentaje del total;61.9199514882795;Banco Mundial - World Development Indicators;2026-07-08;
Venezuela;Venezuela, RB;VE;VEN;Latin America & Caribbean;Not classified;1961;Demografía;demografia;Población urbana;poblacion_urbana;SP.URB.TOTL.IN.ZS;Población urbana como porcentaje del total;62.8367548343614;Banco Mundial - World Development Indicators;2026-07-08;
Venezuela;Venezuela, RB;VE;VEN;Latin America & Caribbean;Not classified;1962;Demografía;demografia;Población urbana;poblacion_urbana;SP.URB.TOTL.IN.ZS;Población urbana como porcentaje del total;63.7926841478446;Banco Mundial - World Development Indicators;2026-07-08;
Venezuela;Venezuela, RB;VE;VEN;Latin America & Caribbean;Not classified;1963;Demografía;demografia;Población urbana;poblacion_urbana;SP.URB.TOTL.IN.ZS;Población urbana como porcentaje del total;64.7948953928115;Banco Mundial - World Development Indicators;2026-07-08;
Venezuela;Venezuela, RB;VE;VEN;Latin America & Caribbean;Not classified;1964;Demografía;demografia;Población urbana;poblacion_urbana;SP.URB.TOTL.IN.ZS;Población urbana como porcentaje del total;65.8271577115279;Banco Mundial - World Development Indicators;2026-07-08;
Venezuela;Venezuela, RB;VE;VEN;Latin America & Caribbean;Not classified;1965;Demografía;demografia;Población urbana;poblacion_urbana;SP.URB.TOTL.IN.ZS;Población urbana como porcentaje del total;66.876288859656;Banco Mundial - World Development Indicators;2026-07-08;
Venezuela;Venezuela, RB;VE;VEN;Latin America & Caribbean;Not classified;1966;Demografía;demografia;Población urbana;poblacion_urbana;SP.URB.TOTL.IN.ZS;Población urbana como porcentaje del total;67.9291065928583;Banco Mundial - World Development Indicators;2026-07-08;
Venezuela;Venezuela, RB;VE;VEN;Latin America & Caribbean;Not classified;1967;Demografía;demografia;Población urbana;poblacion_urbana;SP.URB.TOTL.IN.ZS;Población urbana como porcentaje del total;68.9724286667969;Banco Mundial - World Development Indicators;2026-07-08;
Venezuela;Venezuela, RB;VE;VEN;Latin America & Caribbean;Not classified;1968;Demografía;demografia;Población urbana;poblacion_urbana;SP.URB.TOTL.IN.ZS;Población urbana como porcentaje del total;69.9930728371343;Banco Mundial - World Development Indicators;2026-07-08;
Venezuela;Venezuela, RB;VE;VEN;Latin America & Caribbean;Not classified;1969;Demografía;demografia;Población urbana;poblacion_urbana;SP.URB.TOTL.IN.ZS;Población urbana como porcentaje del total;70.9778568595326;Banco Mundial - World Development Indicators;2026-07-08;
Venezuela;Venezuela, RB;VE;VEN;Latin America & Caribbean;Not classified;1970;Demografía;demografia;Población urbana;poblacion_urbana;SP.URB.TOTL.IN.ZS;Población urbana como porcentaje del total;71.9135984896541;Banco Mundial - World Development Indicators;2026-07-08;
Venezuela;Venezuela, RB;VE;VEN;Latin America & Caribbean;Not classified;1971;Demografía;demografia;Población urbana;poblacion_urbana;SP.URB.TOTL.IN.ZS;Población urbana como porcentaje del total;72.7833152048506;Banco Mundial - World Development Indicators;2026-07-08;
Venezuela;Venezuela, RB;VE;VEN;Latin America & Caribbean;Not classified;1972;Demografía;demografia;Población urbana;poblacion_urbana;SP.URB.TOTL.IN.ZS;Población urbana como porcentaje del total;73.5987755273193;Banco Mundial - World Development Indicators;2026-07-08;
Venezuela;Venezuela, RB;VE;VEN;Latin America & Caribbean;Not classified;1973;Demografía;demografia;Población urbana;poblacion_urbana;SP.URB.TOTL.IN.ZS;Población urbana como porcentaje del total;74.3860588025314;Banco Mundial - World Development Indicators;2026-07-08;
Venezuela;Venezuela, RB;VE;VEN;Latin America & Caribbean;Not classified;1974;Demografía;demografia;Población urbana;poblacion_urbana;SP.URB.TOTL.IN.ZS;Población urbana como porcentaje del total;75.1511609788407;Banco Mundial - World Development Indicators;2026-07-08;
Venezuela;Venezuela, RB;VE;VEN;Latin America & Caribbean;Not classified;1975;Demografía;demografia;Población urbana;poblacion_urbana;SP.URB.TOTL.IN.ZS;Población urbana como porcentaje del total;75.8928952206553;Banco Mundial - World Development Indicators;2026-07-08;
Venezuela;Venezuela, RB;VE;VEN;Latin America & Caribbean;Not classified;1976;Demografía;demografia;Población urbana;poblacion_urbana;SP.URB.TOTL.IN.ZS;Población urbana como porcentaje del total;76.6100746923834;Banco Mundial - World Development Indicators;2026-07-08;
Venezuela;Venezuela, RB;VE;VEN;Latin America & Caribbean;Not classified;1977;Demografía;demografia;Población urbana;poblacion_urbana;SP.URB.TOTL.IN.ZS;Población urbana como porcentaje del total;77.3015125584334;Banco Mundial - World Development Indicators;2026-07-08;
Venezuela;Venezuela, RB;VE;VEN;Latin America & Caribbean;Not classified;1978;Demografía;demografia;Población urbana;poblacion_urbana;SP.URB.TOTL.IN.ZS;Población urbana como porcentaje del total;77.9660219832134;Banco Mundial - World Development Indicators;2026-07-08;
Venezuela;Venezuela, RB;VE;VEN;Latin America & Caribbean;Not classified;1979;Demografía;demografia;Población urbana;poblacion_urbana;SP.URB.TOTL.IN.ZS;Población urbana como porcentaje del total;78.6024161311317;Banco Mundial - World Development Indicators;2026-07-08;
Venezuela;Venezuela, RB;VE;VEN;Latin America & Caribbean;Not classified;1980;Demografía;demografia;Población urbana;poblacion_urbana;SP.URB.TOTL.IN.ZS;Población urbana como porcentaje del total;79.2095081665964;Banco Mundial - World Development Indicators;2026-07-08;
Venezuela;Venezuela, RB;VE;VEN;Latin America & Caribbean;Not classified;1981;Demografía;demografia;Población urbana;poblacion_urbana;SP.URB.TOTL.IN.ZS;Población urbana como porcentaje del total;79.7854629662589;Banco Mundial - World Development Indicators;2026-07-08;
Venezuela;Venezuela, RB;VE;VEN;Latin America & Caribbean;Not classified;1982;Demografía;demografia;Población urbana;poblacion_urbana;SP.URB.TOTL.IN.ZS;Población urbana como porcentaje del total;80.3313667107622;Banco Mundial - World Development Indicators;2026-07-08;
Venezuela;Venezuela, RB;VE;VEN;Latin America & Caribbean;Not classified;1983;Demografía;demografia;Población urbana;poblacion_urbana;SP.URB.TOTL.IN.ZS;Población urbana como porcentaje del total;80.8475080996299;Banco Mundial - World Development Indicators;2026-07-08;
Venezuela;Venezuela, RB;VE;VEN;Latin America & Caribbean;Not classified;1984;Demografía;demografia;Población urbana;poblacion_urbana;SP.URB.TOTL.IN.ZS;Población urbana como porcentaje del total;81.3384541743188;Banco Mundial - World Development Indicators;2026-07-08;
Venezuela;Venezuela, RB;VE;VEN;Latin America & Caribbean;Not classified;1985;Demografía;demografia;Población urbana;poblacion_urbana;SP.URB.TOTL.IN.ZS;Población urbana como porcentaje del total;81.8081397991543;Banco Mundial - World Development Indicators;2026-07-08;
Venezuela;Venezuela, RB;VE;VEN;Latin America & Caribbean;Not classified;1986;Demografía;demografia;Población urbana;poblacion_urbana;SP.URB.TOTL.IN.ZS;Población urbana como porcentaje del total;82.2604998384616;Banco Mundial - World Development Indicators;2026-07-08;
Venezuela;Venezuela, RB;VE;VEN;Latin America & Caribbean;Not classified;1987;Demografía;demografia;Población urbana;poblacion_urbana;SP.URB.TOTL.IN.ZS;Población urbana como porcentaje del total;82.6994691565662;Banco Mundial - World Development Indicators;2026-07-08;
Venezuela;Venezuela, RB;VE;VEN;Latin America & Caribbean;Not classified;1988;Demografía;demografia;Población urbana;poblacion_urbana;SP.URB.TOTL.IN.ZS;Población urbana como porcentaje del total;83.1289826177933;Banco Mundial - World Development Indicators;2026-07-08;
Venezuela;Venezuela, RB;VE;VEN;Latin America & Caribbean;Not classified;1989;Demografía;demografia;Población urbana;poblacion_urbana;SP.URB.TOTL.IN.ZS;Población urbana como porcentaje del total;83.5529750864684;Banco Mundial - World Development Indicators;2026-07-08;
Venezuela;Venezuela, RB;VE;VEN;Latin America & Caribbean;Not classified;1990;Demografía;demografia;Población urbana;poblacion_urbana;SP.URB.TOTL.IN.ZS;Población urbana como porcentaje del total;83.9741022430344;Banco Mundial - World Development Indicators;2026-07-08;
Venezuela;Venezuela, RB;VE;VEN;Latin America & Caribbean;Not classified;1991;Demografía;demografia;Población urbana;poblacion_urbana;SP.URB.TOTL.IN.ZS;Población urbana como porcentaje del total;84.4092017935829;Banco Mundial - World Development Indicators;2026-07-08;
Venezuela;Venezuela, RB;VE;VEN;Latin America & Caribbean;Not classified;1992;Demografía;demografia;Población urbana;poblacion_urbana;SP.URB.TOTL.IN.ZS;Población urbana como porcentaje del total;84.8766356611879;Banco Mundial - World Development Indicators;2026-07-08;
Venezuela;Venezuela, RB;VE;VEN;Latin America & Caribbean;Not classified;1993;Demografía;demografia;Población urbana;poblacion_urbana;SP.URB.TOTL.IN.ZS;Población urbana como porcentaje del total;85.3657269170578;Banco Mundial - World Development Indicators;2026-07-08;
Venezuela;Venezuela, RB;VE;VEN;Latin America & Caribbean;Not classified;1994;Demografía;demografia;Población urbana;poblacion_urbana;SP.URB.TOTL.IN.ZS;Población urbana como porcentaje del total;85.8624720356125;Banco Mundial - World Development Indicators;2026-07-08;
Venezuela;Venezuela, RB;VE;VEN;Latin America & Caribbean;Not classified;1995;Demografía;demografia;Población urbana;poblacion_urbana;SP.URB.TOTL.IN.ZS;Población urbana como porcentaje del total;86.352867491272;Banco Mundial - World Development Indicators;2026-07-08;
Venezuela;Venezuela, RB;VE;VEN;Latin America & Caribbean;Not classified;1996;Demografía;demografia;Población urbana;poblacion_urbana;SP.URB.TOTL.IN.ZS;Población urbana como porcentaje del total;86.8229097584563;Banco Mundial - World Development Indicators;2026-07-08;
Venezuela;Venezuela, RB;VE;VEN;Latin America & Caribbean;Not classified;1997;Demografía;demografia;Población urbana;poblacion_urbana;SP.URB.TOTL.IN.ZS;Población urbana como porcentaje del total;87.2585953115854;Banco Mundial - World Development Indicators;2026-07-08;
Venezuela;Venezuela, RB;VE;VEN;Latin America & Caribbean;Not classified;1998;Demografía;demografia;Población urbana;poblacion_urbana;SP.URB.TOTL.IN.ZS;Población urbana como porcentaje del total;87.6459206250794;Banco Mundial - World Development Indicators;2026-07-08;
Venezuela;Venezuela, RB;VE;VEN;Latin America & Caribbean;Not classified;1999;Demografía;demografia;Población urbana;poblacion_urbana;SP.URB.TOTL.IN.ZS;Población urbana como porcentaje del total;87.9708821733583;Banco Mundial - World Development Indicators;2026-07-08;
Venezuela;Venezuela, RB;VE;VEN;Latin America & Caribbean;Not classified;2000;Demografía;demografia;Población urbana;poblacion_urbana;SP.URB.TOTL.IN.ZS;Población urbana como porcentaje del total;88.219476430842;Banco Mundial - World Development Indicators;2026-07-08;
Venezuela;Venezuela, RB;VE;VEN;Latin America & Caribbean;Not classified;2001;Demografía;demografia;Población urbana;poblacion_urbana;SP.URB.TOTL.IN.ZS;Población urbana como porcentaje del total;88.372774123042;Banco Mundial - World Development Indicators;2026-07-08;
Venezuela;Venezuela, RB;VE;VEN;Latin America & Caribbean;Not classified;2002;Demografía;demografia;Población urbana;poblacion_urbana;SP.URB.TOTL.IN.ZS;Población urbana como porcentaje del total;88.4553810951083;Banco Mundial - World Development Indicators;2026-07-08;
Venezuela;Venezuela, RB;VE;VEN;Latin America & Caribbean;Not classified;2003;Demografía;demografia;Población urbana;poblacion_urbana;SP.URB.TOTL.IN.ZS;Población urbana como porcentaje del total;88.522274342774;Banco Mundial - World Development Indicators;2026-07-08;
Venezuela;Venezuela, RB;VE;VEN;Latin America & Caribbean;Not classified;2004;Demografía;demografia;Población urbana;poblacion_urbana;SP.URB.TOTL.IN.ZS;Población urbana como porcentaje del total;88.5835546444319;Banco Mundial - World Development Indicators;2026-07-08;
Venezuela;Venezuela, RB;VE;VEN;Latin America & Caribbean;Not classified;2005;Demografía;demografia;Población urbana;poblacion_urbana;SP.URB.TOTL.IN.ZS;Población urbana como porcentaje del total;88.638673298371;Banco Mundial - World Development Indicators;2026-07-08;
Venezuela;Venezuela, RB;VE;VEN;Latin America & Caribbean;Not classified;2006;Demografía;demografia;Población urbana;poblacion_urbana;SP.URB.TOTL.IN.ZS;Población urbana como porcentaje del total;88.6870816028803;Banco Mundial - World Development Indicators;2026-07-08;
Venezuela;Venezuela, RB;VE;VEN;Latin America & Caribbean;Not classified;2007;Demografía;demografia;Población urbana;poblacion_urbana;SP.URB.TOTL.IN.ZS;Población urbana como porcentaje del total;88.7282308562487;Banco Mundial - World Development Indicators;2026-07-08;
Venezuela;Venezuela, RB;VE;VEN;Latin America & Caribbean;Not classified;2008;Demografía;demografia;Población urbana;poblacion_urbana;SP.URB.TOTL.IN.ZS;Población urbana como porcentaje del total;88.7615723567652;Banco Mundial - World Development Indicators;2026-07-08;
Venezuela;Venezuela, RB;VE;VEN;Latin America & Caribbean;Not classified;2009;Demografía;demografia;Población urbana;poblacion_urbana;SP.URB.TOTL.IN.ZS;Población urbana como porcentaje del total;88.7865574027187;Banco Mundial - World Development Indicators;2026-07-08;
Venezuela;Venezuela, RB;VE;VEN;Latin America & Caribbean;Not classified;2010;Demografía;demografia;Población urbana;poblacion_urbana;SP.URB.TOTL.IN.ZS;Población urbana como porcentaje del total;88.8026372923982;Banco Mundial - World Development Indicators;2026-07-08;
Venezuela;Venezuela, RB;VE;VEN;Latin America & Caribbean;Not classified;2011;Demografía;demografia;Población urbana;poblacion_urbana;SP.URB.TOTL.IN.ZS;Población urbana como porcentaje del total;88.8079278904659;Banco Mundial - World Development Indicators;2026-07-08;
Venezuela;Venezuela, RB;VE;VEN;Latin America & Caribbean;Not classified;2012;Demografía;demografia;Población urbana;poblacion_urbana;SP.URB.TOTL.IN.ZS;Población urbana como porcentaje del total;88.8401868543141;Banco Mundial - World Development Indicators;2026-07-08;
Venezuela;Venezuela, RB;VE;VEN;Latin America & Caribbean;Not classified;2013;Demografía;demografia;Población urbana;poblacion_urbana;SP.URB.TOTL.IN.ZS;Población urbana como porcentaje del total;88.8786817039721;Banco Mundial - World Development Indicators;2026-07-08;
Venezuela;Venezuela, RB;VE;VEN;Latin America & Caribbean;Not classified;2014;Demografía;demografia;Población urbana;poblacion_urbana;SP.URB.TOTL.IN.ZS;Población urbana como porcentaje del total;88.9163913525251;Banco Mundial - World Development Indicators;2026-07-08;
Venezuela;Venezuela, RB;VE;VEN;Latin America & Caribbean;Not classified;2015;Demografía;demografia;Población urbana;poblacion_urbana;SP.URB.TOTL.IN.ZS;Población urbana como porcentaje del total;88.9539804079292;Banco Mundial - World Development Indicators;2026-07-08;
Venezuela;Venezuela, RB;VE;VEN;Latin America & Caribbean;Not classified;2016;Demografía;demografia;Población urbana;poblacion_urbana;SP.URB.TOTL.IN.ZS;Población urbana como porcentaje del total;88.9914428378712;Banco Mundial - World Development Indicators;2026-07-08;
Venezuela;Venezuela, RB;VE;VEN;Latin America & Caribbean;Not classified;2017;Demografía;demografia;Población urbana;poblacion_urbana;SP.URB.TOTL.IN.ZS;Población urbana como porcentaje del total;89.0287726100378;Banco Mundial - World Development Indicators;2026-07-08;
Venezuela;Venezuela, RB;VE;VEN;Latin America & Caribbean;Not classified;2018;Demografía;demografia;Población urbana;poblacion_urbana;SP.URB.TOTL.IN.ZS;Población urbana como porcentaje del total;89.0659636921159;Banco Mundial - World Development Indicators;2026-07-08;
Venezuela;Venezuela, RB;VE;VEN;Latin America & Caribbean;Not classified;2019;Demografía;demografia;Población urbana;poblacion_urbana;SP.URB.TOTL.IN.ZS;Población urbana como porcentaje del total;89.1030100517924;Banco Mundial - World Development Indicators;2026-07-08;
Venezuela;Venezuela, RB;VE;VEN;Latin America & Caribbean;Not classified;2020;Demografía;demografia;Población urbana;poblacion_urbana;SP.URB.TOTL.IN.ZS;Población urbana como porcentaje del total;89.1399056567545;Banco Mundial - World Development Indicators;2026-07-08;
Venezuela;Venezuela, RB;VE;VEN;Latin America & Caribbean;Not classified;2021;Demografía;demografia;Población urbana;poblacion_urbana;SP.URB.TOTL.IN.ZS;Población urbana como porcentaje del total;89.1766444746891;Banco Mundial - World Development Indicators;2026-07-08;
Venezuela;Venezuela, RB;VE;VEN;Latin America & Caribbean;Not classified;2022;Demografía;demografia;Población urbana;poblacion_urbana;SP.URB.TOTL.IN.ZS;Población urbana como porcentaje del total;89.2132204732836;Banco Mundial - World Development Indicators;2026-07-08;
Venezuela;Venezuela, RB;VE;VEN;Latin America & Caribbean;Not classified;2023;Demografía;demografia;Población urbana;poblacion_urbana;SP.URB.TOTL.IN.ZS;Población urbana como porcentaje del total;89.249627620225;Banco Mundial - World Development Indicators;2026-07-08;
Venezuela;Venezuela, RB;VE;VEN;Latin America & Caribbean;Not classified;2024;Demografía;demografia;Población urbana;poblacion_urbana;SP.URB.TOTL.IN.ZS;Población urbana como porcentaje del total;89.285859883201;Banco Mundial - World Development Indicators;2026-07-08;
Venezuela;Venezuela, RB;VE;VEN;Latin America & Caribbean;Not classified;2025;Demografía;demografia;Población urbana;poblacion_urbana;SP.URB.TOTL.IN.ZS;Población urbana como porcentaje del total;89.3219112298988;Banco Mundial - World Development Indicators;2026-07-08;
