País OVE;País Banco Mundial;Código ISO 2;Código ISO 3;Región;Nivel de ingreso;Año;Área temática;ID área;Subárea;ID subárea;Código indicador;Indicador;Valor;Fuente;Fecha descarga;Error descarga
Venezuela;Venezuela, RB;VE;VEN;Latin America & Caribbean;Not classified;1960;Salud;salud;Mortalidad;mortalidad;SH.DYN.MORT;Mortalidad de menores de 5 años;80.2;Banco Mundial - World Development Indicators;2026-07-13;
Venezuela;Venezuela, RB;VE;VEN;Latin America & Caribbean;Not classified;1961;Salud;salud;Mortalidad;mortalidad;SH.DYN.MORT;Mortalidad de menores de 5 años;77.6;Banco Mundial - World Development Indicators;2026-07-13;
Venezuela;Venezuela, RB;VE;VEN;Latin America & Caribbean;Not classified;1962;Salud;salud;Mortalidad;mortalidad;SH.DYN.MORT;Mortalidad de menores de 5 años;75.3;Banco Mundial - World Development Indicators;2026-07-13;
Venezuela;Venezuela, RB;VE;VEN;Latin America & Caribbean;Not classified;1963;Salud;salud;Mortalidad;mortalidad;SH.DYN.MORT;Mortalidad de menores de 5 años;73.3;Banco Mundial - World Development Indicators;2026-07-13;
Venezuela;Venezuela, RB;VE;VEN;Latin America & Caribbean;Not classified;1964;Salud;salud;Mortalidad;mortalidad;SH.DYN.MORT;Mortalidad de menores de 5 años;71.6;Banco Mundial - World Development Indicators;2026-07-13;
Venezuela;Venezuela, RB;VE;VEN;Latin America & Caribbean;Not classified;1965;Salud;salud;Mortalidad;mortalidad;SH.DYN.MORT;Mortalidad de menores de 5 años;70.2;Banco Mundial - World Development Indicators;2026-07-13;
Venezuela;Venezuela, RB;VE;VEN;Latin America & Caribbean;Not classified;1966;Salud;salud;Mortalidad;mortalidad;SH.DYN.MORT;Mortalidad de menores de 5 años;68.8;Banco Mundial - World Development Indicators;2026-07-13;
Venezuela;Venezuela, RB;VE;VEN;Latin America & Caribbean;Not classified;1967;Salud;salud;Mortalidad;mortalidad;SH.DYN.MORT;Mortalidad de menores de 5 años;67.5;Banco Mundial - World Development Indicators;2026-07-13;
Venezuela;Venezuela, RB;VE;VEN;Latin America & Caribbean;Not classified;1968;Salud;salud;Mortalidad;mortalidad;SH.DYN.MORT;Mortalidad de menores de 5 años;66.2;Banco Mundial - World Development Indicators;2026-07-13;
Venezuela;Venezuela, RB;VE;VEN;Latin America & Caribbean;Not classified;1969;Salud;salud;Mortalidad;mortalidad;SH.DYN.MORT;Mortalidad de menores de 5 años;64.7;Banco Mundial - World Development Indicators;2026-07-13;
Venezuela;Venezuela, RB;VE;VEN;Latin America & Caribbean;Not classified;1970;Salud;salud;Mortalidad;mortalidad;SH.DYN.MORT;Mortalidad de menores de 5 años;63.0;Banco Mundial - World Development Indicators;2026-07-13;
Venezuela;Venezuela, RB;VE;VEN;Latin America & Caribbean;Not classified;1971;Salud;salud;Mortalidad;mortalidad;SH.DYN.MORT;Mortalidad de menores de 5 años;61.2;Banco Mundial - World Development Indicators;2026-07-13;
Venezuela;Venezuela, RB;VE;VEN;Latin America & Caribbean;Not classified;1972;Salud;salud;Mortalidad;mortalidad;SH.DYN.MORT;Mortalidad de menores de 5 años;59.4;Banco Mundial - World Development Indicators;2026-07-13;
Venezuela;Venezuela, RB;VE;VEN;Latin America & Caribbean;Not classified;1973;Salud;salud;Mortalidad;mortalidad;SH.DYN.MORT;Mortalidad de menores de 5 años;57.5;Banco Mundial - World Development Indicators;2026-07-13;
Venezuela;Venezuela, RB;VE;VEN;Latin America & Caribbean;Not classified;1974;Salud;salud;Mortalidad;mortalidad;SH.DYN.MORT;Mortalidad de menores de 5 años;55.7;Banco Mundial - World Development Indicators;2026-07-13;
Venezuela;Venezuela, RB;VE;VEN;Latin America & Caribbean;Not classified;1975;Salud;salud;Mortalidad;mortalidad;SH.DYN.MORT;Mortalidad de menores de 5 años;53.8;Banco Mundial - World Development Indicators;2026-07-13;
Venezuela;Venezuela, RB;VE;VEN;Latin America & Caribbean;Not classified;1976;Salud;salud;Mortalidad;mortalidad;SH.DYN.MORT;Mortalidad de menores de 5 años;52.0;Banco Mundial - World Development Indicators;2026-07-13;
Venezuela;Venezuela, RB;VE;VEN;Latin America & Caribbean;Not classified;1977;Salud;salud;Mortalidad;mortalidad;SH.DYN.MORT;Mortalidad de menores de 5 años;50.0;Banco Mundial - World Development Indicators;2026-07-13;
Venezuela;Venezuela, RB;VE;VEN;Latin America & Caribbean;Not classified;1978;Salud;salud;Mortalidad;mortalidad;SH.DYN.MORT;Mortalidad de menores de 5 años;48.1;Banco Mundial - World Development Indicators;2026-07-13;
Venezuela;Venezuela, RB;VE;VEN;Latin America & Caribbean;Not classified;1979;Salud;salud;Mortalidad;mortalidad;SH.DYN.MORT;Mortalidad de menores de 5 años;46.2;Banco Mundial - World Development Indicators;2026-07-13;
Venezuela;Venezuela, RB;VE;VEN;Latin America & Caribbean;Not classified;1980;Salud;salud;Mortalidad;mortalidad;SH.DYN.MORT;Mortalidad de menores de 5 años;44.2;Banco Mundial - World Development Indicators;2026-07-13;
Venezuela;Venezuela, RB;VE;VEN;Latin America & Caribbean;Not classified;1981;Salud;salud;Mortalidad;mortalidad;SH.DYN.MORT;Mortalidad de menores de 5 años;42.3;Banco Mundial - World Development Indicators;2026-07-13;
Venezuela;Venezuela, RB;VE;VEN;Latin America & Caribbean;Not classified;1982;Salud;salud;Mortalidad;mortalidad;SH.DYN.MORT;Mortalidad de menores de 5 años;40.6;Banco Mundial - World Development Indicators;2026-07-13;
Venezuela;Venezuela, RB;VE;VEN;Latin America & Caribbean;Not classified;1983;Salud;salud;Mortalidad;mortalidad;SH.DYN.MORT;Mortalidad de menores de 5 años;39.0;Banco Mundial - World Development Indicators;2026-07-13;
Venezuela;Venezuela, RB;VE;VEN;Latin America & Caribbean;Not classified;1984;Salud;salud;Mortalidad;mortalidad;SH.DYN.MORT;Mortalidad de menores de 5 años;37.6;Banco Mundial - World Development Indicators;2026-07-13;
Venezuela;Venezuela, RB;VE;VEN;Latin America & Caribbean;Not classified;1985;Salud;salud;Mortalidad;mortalidad;SH.DYN.MORT;Mortalidad de menores de 5 años;36.3;Banco Mundial - World Development Indicators;2026-07-13;
Venezuela;Venezuela, RB;VE;VEN;Latin America & Caribbean;Not classified;1986;Salud;salud;Mortalidad;mortalidad;SH.DYN.MORT;Mortalidad de menores de 5 años;35.0;Banco Mundial - World Development Indicators;2026-07-13;
Venezuela;Venezuela, RB;VE;VEN;Latin America & Caribbean;Not classified;1987;Salud;salud;Mortalidad;mortalidad;SH.DYN.MORT;Mortalidad de menores de 5 años;33.6;Banco Mundial - World Development Indicators;2026-07-13;
Venezuela;Venezuela, RB;VE;VEN;Latin America & Caribbean;Not classified;1988;Salud;salud;Mortalidad;mortalidad;SH.DYN.MORT;Mortalidad de menores de 5 años;32.2;Banco Mundial - World Development Indicators;2026-07-13;
Venezuela;Venezuela, RB;VE;VEN;Latin America & Caribbean;Not classified;1989;Salud;salud;Mortalidad;mortalidad;SH.DYN.MORT;Mortalidad de menores de 5 años;30.8;Banco Mundial - World Development Indicators;2026-07-13;
Venezuela;Venezuela, RB;VE;VEN;Latin America & Caribbean;Not classified;1990;Salud;salud;Mortalidad;mortalidad;SH.DYN.MORT;Mortalidad de menores de 5 años;29.6;Banco Mundial - World Development Indicators;2026-07-13;
Venezuela;Venezuela, RB;VE;VEN;Latin America & Caribbean;Not classified;1991;Salud;salud;Mortalidad;mortalidad;SH.DYN.MORT;Mortalidad de menores de 5 años;28.6;Banco Mundial - World Development Indicators;2026-07-13;
Venezuela;Venezuela, RB;VE;VEN;Latin America & Caribbean;Not classified;1992;Salud;salud;Mortalidad;mortalidad;SH.DYN.MORT;Mortalidad de menores de 5 años;27.8;Banco Mundial - World Development Indicators;2026-07-13;
Venezuela;Venezuela, RB;VE;VEN;Latin America & Caribbean;Not classified;1993;Salud;salud;Mortalidad;mortalidad;SH.DYN.MORT;Mortalidad de menores de 5 años;27.3;Banco Mundial - World Development Indicators;2026-07-13;
Venezuela;Venezuela, RB;VE;VEN;Latin America & Caribbean;Not classified;1994;Salud;salud;Mortalidad;mortalidad;SH.DYN.MORT;Mortalidad de menores de 5 años;26.8;Banco Mundial - World Development Indicators;2026-07-13;
Venezuela;Venezuela, RB;VE;VEN;Latin America & Caribbean;Not classified;1995;Salud;salud;Mortalidad;mortalidad;SH.DYN.MORT;Mortalidad de menores de 5 años;26.3;Banco Mundial - World Development Indicators;2026-07-13;
Venezuela;Venezuela, RB;VE;VEN;Latin America & Caribbean;Not classified;1996;Salud;salud;Mortalidad;mortalidad;SH.DYN.MORT;Mortalidad de menores de 5 años;25.5;Banco Mundial - World Development Indicators;2026-07-13;
Venezuela;Venezuela, RB;VE;VEN;Latin America & Caribbean;Not classified;1997;Salud;salud;Mortalidad;mortalidad;SH.DYN.MORT;Mortalidad de menores de 5 años;24.5;Banco Mundial - World Development Indicators;2026-07-13;
Venezuela;Venezuela, RB;VE;VEN;Latin America & Caribbean;Not classified;1998;Salud;salud;Mortalidad;mortalidad;SH.DYN.MORT;Mortalidad de menores de 5 años;23.4;Banco Mundial - World Development Indicators;2026-07-13;
Venezuela;Venezuela, RB;VE;VEN;Latin America & Caribbean;Not classified;1999;Salud;salud;Mortalidad;mortalidad;SH.DYN.MORT;Mortalidad de menores de 5 años;22.4;Banco Mundial - World Development Indicators;2026-07-13;
Venezuela;Venezuela, RB;VE;VEN;Latin America & Caribbean;Not classified;2000;Salud;salud;Mortalidad;mortalidad;SH.DYN.MORT;Mortalidad de menores de 5 años;21.5;Banco Mundial - World Development Indicators;2026-07-13;
Venezuela;Venezuela, RB;VE;VEN;Latin America & Caribbean;Not classified;2001;Salud;salud;Mortalidad;mortalidad;SH.DYN.MORT;Mortalidad de menores de 5 años;20.9;Banco Mundial - World Development Indicators;2026-07-13;
Venezuela;Venezuela, RB;VE;VEN;Latin America & Caribbean;Not classified;2002;Salud;salud;Mortalidad;mortalidad;SH.DYN.MORT;Mortalidad de menores de 5 años;20.3;Banco Mundial - World Development Indicators;2026-07-13;
Venezuela;Venezuela, RB;VE;VEN;Latin America & Caribbean;Not classified;2003;Salud;salud;Mortalidad;mortalidad;SH.DYN.MORT;Mortalidad de menores de 5 años;19.8;Banco Mundial - World Development Indicators;2026-07-13;
Venezuela;Venezuela, RB;VE;VEN;Latin America & Caribbean;Not classified;2004;Salud;salud;Mortalidad;mortalidad;SH.DYN.MORT;Mortalidad de menores de 5 años;19.2;Banco Mundial - World Development Indicators;2026-07-13;
Venezuela;Venezuela, RB;VE;VEN;Latin America & Caribbean;Not classified;2005;Salud;salud;Mortalidad;mortalidad;SH.DYN.MORT;Mortalidad de menores de 5 años;18.5;Banco Mundial - World Development Indicators;2026-07-13;
Venezuela;Venezuela, RB;VE;VEN;Latin America & Caribbean;Not classified;2006;Salud;salud;Mortalidad;mortalidad;SH.DYN.MORT;Mortalidad de menores de 5 años;17.9;Banco Mundial - World Development Indicators;2026-07-13;
Venezuela;Venezuela, RB;VE;VEN;Latin America & Caribbean;Not classified;2007;Salud;salud;Mortalidad;mortalidad;SH.DYN.MORT;Mortalidad de menores de 5 años;17.4;Banco Mundial - World Development Indicators;2026-07-13;
Venezuela;Venezuela, RB;VE;VEN;Latin America & Caribbean;Not classified;2008;Salud;salud;Mortalidad;mortalidad;SH.DYN.MORT;Mortalidad de menores de 5 años;17.2;Banco Mundial - World Development Indicators;2026-07-13;
Venezuela;Venezuela, RB;VE;VEN;Latin America & Caribbean;Not classified;2009;Salud;salud;Mortalidad;mortalidad;SH.DYN.MORT;Mortalidad de menores de 5 años;17.1;Banco Mundial - World Development Indicators;2026-07-13;
Venezuela;Venezuela, RB;VE;VEN;Latin America & Caribbean;Not classified;2010;Salud;salud;Mortalidad;mortalidad;SH.DYN.MORT;Mortalidad de menores de 5 años;17.2;Banco Mundial - World Development Indicators;2026-07-13;
Venezuela;Venezuela, RB;VE;VEN;Latin America & Caribbean;Not classified;2011;Salud;salud;Mortalidad;mortalidad;SH.DYN.MORT;Mortalidad de menores de 5 años;17.4;Banco Mundial - World Development Indicators;2026-07-13;
Venezuela;Venezuela, RB;VE;VEN;Latin America & Caribbean;Not classified;2012;Salud;salud;Mortalidad;mortalidad;SH.DYN.MORT;Mortalidad de menores de 5 años;17.6;Banco Mundial - World Development Indicators;2026-07-13;
Venezuela;Venezuela, RB;VE;VEN;Latin America & Caribbean;Not classified;2013;Salud;salud;Mortalidad;mortalidad;SH.DYN.MORT;Mortalidad de menores de 5 años;17.9;Banco Mundial - World Development Indicators;2026-07-13;
Venezuela;Venezuela, RB;VE;VEN;Latin America & Caribbean;Not classified;2014;Salud;salud;Mortalidad;mortalidad;SH.DYN.MORT;Mortalidad de menores de 5 años;18.3;Banco Mundial - World Development Indicators;2026-07-13;
Venezuela;Venezuela, RB;VE;VEN;Latin America & Caribbean;Not classified;2015;Salud;salud;Mortalidad;mortalidad;SH.DYN.MORT;Mortalidad de menores de 5 años;19.1;Banco Mundial - World Development Indicators;2026-07-13;
Venezuela;Venezuela, RB;VE;VEN;Latin America & Caribbean;Not classified;2016;Salud;salud;Mortalidad;mortalidad;SH.DYN.MORT;Mortalidad de menores de 5 años;24.2;Banco Mundial - World Development Indicators;2026-07-13;
Venezuela;Venezuela, RB;VE;VEN;Latin America & Caribbean;Not classified;2017;Salud;salud;Mortalidad;mortalidad;SH.DYN.MORT;Mortalidad de menores de 5 años;24.2;Banco Mundial - World Development Indicators;2026-07-13;
Venezuela;Venezuela, RB;VE;VEN;Latin America & Caribbean;Not classified;2018;Salud;salud;Mortalidad;mortalidad;SH.DYN.MORT;Mortalidad de menores de 5 años;24.2;Banco Mundial - World Development Indicators;2026-07-13;
Venezuela;Venezuela, RB;VE;VEN;Latin America & Caribbean;Not classified;2019;Salud;salud;Mortalidad;mortalidad;SH.DYN.MORT;Mortalidad de menores de 5 años;24.2;Banco Mundial - World Development Indicators;2026-07-13;
Venezuela;Venezuela, RB;VE;VEN;Latin America & Caribbean;Not classified;2020;Salud;salud;Mortalidad;mortalidad;SH.DYN.MORT;Mortalidad de menores de 5 años;24.2;Banco Mundial - World Development Indicators;2026-07-13;
Venezuela;Venezuela, RB;VE;VEN;Latin America & Caribbean;Not classified;2021;Salud;salud;Mortalidad;mortalidad;SH.DYN.MORT;Mortalidad de menores de 5 años;24.2;Banco Mundial - World Development Indicators;2026-07-13;
Venezuela;Venezuela, RB;VE;VEN;Latin America & Caribbean;Not classified;2022;Salud;salud;Mortalidad;mortalidad;SH.DYN.MORT;Mortalidad de menores de 5 años;24.2;Banco Mundial - World Development Indicators;2026-07-13;
Venezuela;Venezuela, RB;VE;VEN;Latin America & Caribbean;Not classified;2023;Salud;salud;Mortalidad;mortalidad;SH.DYN.MORT;Mortalidad de menores de 5 años;24.2;Banco Mundial - World Development Indicators;2026-07-13;
Venezuela;Venezuela, RB;VE;VEN;Latin America & Caribbean;Not classified;2024;Salud;salud;Mortalidad;mortalidad;SH.DYN.MORT;Mortalidad de menores de 5 años;24.2;Banco Mundial - World Development Indicators;2026-07-13;
Venezuela;Venezuela, RB;VE;VEN;Latin America & Caribbean;Not classified;2025;Salud;salud;Mortalidad;mortalidad;SH.DYN.MORT;Mortalidad de menores de 5 años;;Banco Mundial - World Development Indicators;2026-07-13;
Venezuela;Venezuela, RB;VE;VEN;Latin America & Caribbean;Not classified;1960;Salud;salud;Sistema sanitario;sistema_sanitario;SH.MED.BEDS.ZS;Camas hospitalarias por cada 1.000 habitantes;;Banco Mundial - World Development Indicators;2026-07-13;
Venezuela;Venezuela, RB;VE;VEN;Latin America & Caribbean;Not classified;1961;Salud;salud;Sistema sanitario;sistema_sanitario;SH.MED.BEDS.ZS;Camas hospitalarias por cada 1.000 habitantes;;Banco Mundial - World Development Indicators;2026-07-13;
Venezuela;Venezuela, RB;VE;VEN;Latin America & Caribbean;Not classified;1962;Salud;salud;Sistema sanitario;sistema_sanitario;SH.MED.BEDS.ZS;Camas hospitalarias por cada 1.000 habitantes;;Banco Mundial - World Development Indicators;2026-07-13;
Venezuela;Venezuela, RB;VE;VEN;Latin America & Caribbean;Not classified;1963;Salud;salud;Sistema sanitario;sistema_sanitario;SH.MED.BEDS.ZS;Camas hospitalarias por cada 1.000 habitantes;;Banco Mundial - World Development Indicators;2026-07-13;
Venezuela;Venezuela, RB;VE;VEN;Latin America & Caribbean;Not classified;1964;Salud;salud;Sistema sanitario;sistema_sanitario;SH.MED.BEDS.ZS;Camas hospitalarias por cada 1.000 habitantes;;Banco Mundial - World Development Indicators;2026-07-13;
Venezuela;Venezuela, RB;VE;VEN;Latin America & Caribbean;Not classified;1965;Salud;salud;Sistema sanitario;sistema_sanitario;SH.MED.BEDS.ZS;Camas hospitalarias por cada 1.000 habitantes;;Banco Mundial - World Development Indicators;2026-07-13;
Venezuela;Venezuela, RB;VE;VEN;Latin America & Caribbean;Not classified;1966;Salud;salud;Sistema sanitario;sistema_sanitario;SH.MED.BEDS.ZS;Camas hospitalarias por cada 1.000 habitantes;;Banco Mundial - World Development Indicators;2026-07-13;
Venezuela;Venezuela, RB;VE;VEN;Latin America & Caribbean;Not classified;1967;Salud;salud;Sistema sanitario;sistema_sanitario;SH.MED.BEDS.ZS;Camas hospitalarias por cada 1.000 habitantes;;Banco Mundial - World Development Indicators;2026-07-13;
Venezuela;Venezuela, RB;VE;VEN;Latin America & Caribbean;Not classified;1968;Salud;salud;Sistema sanitario;sistema_sanitario;SH.MED.BEDS.ZS;Camas hospitalarias por cada 1.000 habitantes;;Banco Mundial - World Development Indicators;2026-07-13;
Venezuela;Venezuela, RB;VE;VEN;Latin America & Caribbean;Not classified;1969;Salud;salud;Sistema sanitario;sistema_sanitario;SH.MED.BEDS.ZS;Camas hospitalarias por cada 1.000 habitantes;;Banco Mundial - World Development Indicators;2026-07-13;
Venezuela;Venezuela, RB;VE;VEN;Latin America & Caribbean;Not classified;1970;Salud;salud;Sistema sanitario;sistema_sanitario;SH.MED.BEDS.ZS;Camas hospitalarias por cada 1.000 habitantes;;Banco Mundial - World Development Indicators;2026-07-13;
Venezuela;Venezuela, RB;VE;VEN;Latin America & Caribbean;Not classified;1971;Salud;salud;Sistema sanitario;sistema_sanitario;SH.MED.BEDS.ZS;Camas hospitalarias por cada 1.000 habitantes;;Banco Mundial - World Development Indicators;2026-07-13;
Venezuela;Venezuela, RB;VE;VEN;Latin America & Caribbean;Not classified;1972;Salud;salud;Sistema sanitario;sistema_sanitario;SH.MED.BEDS.ZS;Camas hospitalarias por cada 1.000 habitantes;;Banco Mundial - World Development Indicators;2026-07-13;
Venezuela;Venezuela, RB;VE;VEN;Latin America & Caribbean;Not classified;1973;Salud;salud;Sistema sanitario;sistema_sanitario;SH.MED.BEDS.ZS;Camas hospitalarias por cada 1.000 habitantes;;Banco Mundial - World Development Indicators;2026-07-13;
Venezuela;Venezuela, RB;VE;VEN;Latin America & Caribbean;Not classified;1974;Salud;salud;Sistema sanitario;sistema_sanitario;SH.MED.BEDS.ZS;Camas hospitalarias por cada 1.000 habitantes;0.342999994754791;Banco Mundial - World Development Indicators;2026-07-13;
Venezuela;Venezuela, RB;VE;VEN;Latin America & Caribbean;Not classified;1975;Salud;salud;Sistema sanitario;sistema_sanitario;SH.MED.BEDS.ZS;Camas hospitalarias por cada 1.000 habitantes;0.331499993801117;Banco Mundial - World Development Indicators;2026-07-13;
Venezuela;Venezuela, RB;VE;VEN;Latin America & Caribbean;Not classified;1976;Salud;salud;Sistema sanitario;sistema_sanitario;SH.MED.BEDS.ZS;Camas hospitalarias por cada 1.000 habitantes;0.342900007963181;Banco Mundial - World Development Indicators;2026-07-13;
Venezuela;Venezuela, RB;VE;VEN;Latin America & Caribbean;Not classified;1977;Salud;salud;Sistema sanitario;sistema_sanitario;SH.MED.BEDS.ZS;Camas hospitalarias por cada 1.000 habitantes;;Banco Mundial - World Development Indicators;2026-07-13;
Venezuela;Venezuela, RB;VE;VEN;Latin America & Caribbean;Not classified;1978;Salud;salud;Sistema sanitario;sistema_sanitario;SH.MED.BEDS.ZS;Camas hospitalarias por cada 1.000 habitantes;;Banco Mundial - World Development Indicators;2026-07-13;
Venezuela;Venezuela, RB;VE;VEN;Latin America & Caribbean;Not classified;1979;Salud;salud;Sistema sanitario;sistema_sanitario;SH.MED.BEDS.ZS;Camas hospitalarias por cada 1.000 habitantes;;Banco Mundial - World Development Indicators;2026-07-13;
Venezuela;Venezuela, RB;VE;VEN;Latin America & Caribbean;Not classified;1980;Salud;salud;Sistema sanitario;sistema_sanitario;SH.MED.BEDS.ZS;Camas hospitalarias por cada 1.000 habitantes;0.331900000572205;Banco Mundial - World Development Indicators;2026-07-13;
Venezuela;Venezuela, RB;VE;VEN;Latin America & Caribbean;Not classified;1981;Salud;salud;Sistema sanitario;sistema_sanitario;SH.MED.BEDS.ZS;Camas hospitalarias por cada 1.000 habitantes;;Banco Mundial - World Development Indicators;2026-07-13;
Venezuela;Venezuela, RB;VE;VEN;Latin America & Caribbean;Not classified;1982;Salud;salud;Sistema sanitario;sistema_sanitario;SH.MED.BEDS.ZS;Camas hospitalarias por cada 1.000 habitantes;0.370400011539459;Banco Mundial - World Development Indicators;2026-07-13;
Venezuela;Venezuela, RB;VE;VEN;Latin America & Caribbean;Not classified;1983;Salud;salud;Sistema sanitario;sistema_sanitario;SH.MED.BEDS.ZS;Camas hospitalarias por cada 1.000 habitantes;0.358200013637543;Banco Mundial - World Development Indicators;2026-07-13;
Venezuela;Venezuela, RB;VE;VEN;Latin America & Caribbean;Not classified;1984;Salud;salud;Sistema sanitario;sistema_sanitario;SH.MED.BEDS.ZS;Camas hospitalarias por cada 1.000 habitantes;0.37279999256134;Banco Mundial - World Development Indicators;2026-07-13;
Venezuela;Venezuela, RB;VE;VEN;Latin America & Caribbean;Not classified;1985;Salud;salud;Sistema sanitario;sistema_sanitario;SH.MED.BEDS.ZS;Camas hospitalarias por cada 1.000 habitantes;2.69309997558594;Banco Mundial - World Development Indicators;2026-07-13;
Venezuela;Venezuela, RB;VE;VEN;Latin America & Caribbean;Not classified;1986;Salud;salud;Sistema sanitario;sistema_sanitario;SH.MED.BEDS.ZS;Camas hospitalarias por cada 1.000 habitantes;2.70009994506836;Banco Mundial - World Development Indicators;2026-07-13;
Venezuela;Venezuela, RB;VE;VEN;Latin America & Caribbean;Not classified;1987;Salud;salud;Sistema sanitario;sistema_sanitario;SH.MED.BEDS.ZS;Camas hospitalarias por cada 1.000 habitantes;2.59829998016357;Banco Mundial - World Development Indicators;2026-07-13;
Venezuela;Venezuela, RB;VE;VEN;Latin America & Caribbean;Not classified;1988;Salud;salud;Sistema sanitario;sistema_sanitario;SH.MED.BEDS.ZS;Camas hospitalarias por cada 1.000 habitantes;2.49959993362427;Banco Mundial - World Development Indicators;2026-07-13;
Venezuela;Venezuela, RB;VE;VEN;Latin America & Caribbean;Not classified;1989;Salud;salud;Sistema sanitario;sistema_sanitario;SH.MED.BEDS.ZS;Camas hospitalarias por cada 1.000 habitantes;;Banco Mundial - World Development Indicators;2026-07-13;
Venezuela;Venezuela, RB;VE;VEN;Latin America & Caribbean;Not classified;1990;Salud;salud;Sistema sanitario;sistema_sanitario;SH.MED.BEDS.ZS;Camas hospitalarias por cada 1.000 habitantes;2.6779000759;Banco Mundial - World Development Indicators;2026-07-13;
Venezuela;Venezuela, RB;VE;VEN;Latin America & Caribbean;Not classified;1991;Salud;salud;Sistema sanitario;sistema_sanitario;SH.MED.BEDS.ZS;Camas hospitalarias por cada 1.000 habitantes;2.6775999069;Banco Mundial - World Development Indicators;2026-07-13;
Venezuela;Venezuela, RB;VE;VEN;Latin America & Caribbean;Not classified;1992;Salud;salud;Sistema sanitario;sistema_sanitario;SH.MED.BEDS.ZS;Camas hospitalarias por cada 1.000 habitantes;2.5729999542;Banco Mundial - World Development Indicators;2026-07-13;
Venezuela;Venezuela, RB;VE;VEN;Latin America & Caribbean;Not classified;1993;Salud;salud;Sistema sanitario;sistema_sanitario;SH.MED.BEDS.ZS;Camas hospitalarias por cada 1.000 habitantes;2.5999999046;Banco Mundial - World Development Indicators;2026-07-13;
Venezuela;Venezuela, RB;VE;VEN;Latin America & Caribbean;Not classified;1994;Salud;salud;Sistema sanitario;sistema_sanitario;SH.MED.BEDS.ZS;Camas hospitalarias por cada 1.000 habitantes;;Banco Mundial - World Development Indicators;2026-07-13;
Venezuela;Venezuela, RB;VE;VEN;Latin America & Caribbean;Not classified;1995;Salud;salud;Sistema sanitario;sistema_sanitario;SH.MED.BEDS.ZS;Camas hospitalarias por cada 1.000 habitantes;;Banco Mundial - World Development Indicators;2026-07-13;
Venezuela;Venezuela, RB;VE;VEN;Latin America & Caribbean;Not classified;1996;Salud;salud;Sistema sanitario;sistema_sanitario;SH.MED.BEDS.ZS;Camas hospitalarias por cada 1.000 habitantes;1.4700000286;Banco Mundial - World Development Indicators;2026-07-13;
Venezuela;Venezuela, RB;VE;VEN;Latin America & Caribbean;Not classified;1997;Salud;salud;Sistema sanitario;sistema_sanitario;SH.MED.BEDS.ZS;Camas hospitalarias por cada 1.000 habitantes;;Banco Mundial - World Development Indicators;2026-07-13;
Venezuela;Venezuela, RB;VE;VEN;Latin America & Caribbean;Not classified;1998;Salud;salud;Sistema sanitario;sistema_sanitario;SH.MED.BEDS.ZS;Camas hospitalarias por cada 1.000 habitantes;;Banco Mundial - World Development Indicators;2026-07-13;
Venezuela;Venezuela, RB;VE;VEN;Latin America & Caribbean;Not classified;1999;Salud;salud;Sistema sanitario;sistema_sanitario;SH.MED.BEDS.ZS;Camas hospitalarias por cada 1.000 habitantes;;Banco Mundial - World Development Indicators;2026-07-13;
Venezuela;Venezuela, RB;VE;VEN;Latin America & Caribbean;Not classified;2000;Salud;salud;Sistema sanitario;sistema_sanitario;SH.MED.BEDS.ZS;Camas hospitalarias por cada 1.000 habitantes;;Banco Mundial - World Development Indicators;2026-07-13;
Venezuela;Venezuela, RB;VE;VEN;Latin America & Caribbean;Not classified;2001;Salud;salud;Sistema sanitario;sistema_sanitario;SH.MED.BEDS.ZS;Camas hospitalarias por cada 1.000 habitantes;;Banco Mundial - World Development Indicators;2026-07-13;
Venezuela;Venezuela, RB;VE;VEN;Latin America & Caribbean;Not classified;2002;Salud;salud;Sistema sanitario;sistema_sanitario;SH.MED.BEDS.ZS;Camas hospitalarias por cada 1.000 habitantes;;Banco Mundial - World Development Indicators;2026-07-13;
Venezuela;Venezuela, RB;VE;VEN;Latin America & Caribbean;Not classified;2003;Salud;salud;Sistema sanitario;sistema_sanitario;SH.MED.BEDS.ZS;Camas hospitalarias por cada 1.000 habitantes;;Banco Mundial - World Development Indicators;2026-07-13;
Venezuela;Venezuela, RB;VE;VEN;Latin America & Caribbean;Not classified;2004;Salud;salud;Sistema sanitario;sistema_sanitario;SH.MED.BEDS.ZS;Camas hospitalarias por cada 1.000 habitantes;;Banco Mundial - World Development Indicators;2026-07-13;
Venezuela;Venezuela, RB;VE;VEN;Latin America & Caribbean;Not classified;2005;Salud;salud;Sistema sanitario;sistema_sanitario;SH.MED.BEDS.ZS;Camas hospitalarias por cada 1.000 habitantes;;Banco Mundial - World Development Indicators;2026-07-13;
Venezuela;Venezuela, RB;VE;VEN;Latin America & Caribbean;Not classified;2006;Salud;salud;Sistema sanitario;sistema_sanitario;SH.MED.BEDS.ZS;Camas hospitalarias por cada 1.000 habitantes;;Banco Mundial - World Development Indicators;2026-07-13;
Venezuela;Venezuela, RB;VE;VEN;Latin America & Caribbean;Not classified;2007;Salud;salud;Sistema sanitario;sistema_sanitario;SH.MED.BEDS.ZS;Camas hospitalarias por cada 1.000 habitantes;;Banco Mundial - World Development Indicators;2026-07-13;
Venezuela;Venezuela, RB;VE;VEN;Latin America & Caribbean;Not classified;2008;Salud;salud;Sistema sanitario;sistema_sanitario;SH.MED.BEDS.ZS;Camas hospitalarias por cada 1.000 habitantes;;Banco Mundial - World Development Indicators;2026-07-13;
Venezuela;Venezuela, RB;VE;VEN;Latin America & Caribbean;Not classified;2009;Salud;salud;Sistema sanitario;sistema_sanitario;SH.MED.BEDS.ZS;Camas hospitalarias por cada 1.000 habitantes;;Banco Mundial - World Development Indicators;2026-07-13;
Venezuela;Venezuela, RB;VE;VEN;Latin America & Caribbean;Not classified;2010;Salud;salud;Sistema sanitario;sistema_sanitario;SH.MED.BEDS.ZS;Camas hospitalarias por cada 1.000 habitantes;;Banco Mundial - World Development Indicators;2026-07-13;
Venezuela;Venezuela, RB;VE;VEN;Latin America & Caribbean;Not classified;2011;Salud;salud;Sistema sanitario;sistema_sanitario;SH.MED.BEDS.ZS;Camas hospitalarias por cada 1.000 habitantes;0.94;Banco Mundial - World Development Indicators;2026-07-13;
Venezuela;Venezuela, RB;VE;VEN;Latin America & Caribbean;Not classified;2012;Salud;salud;Sistema sanitario;sistema_sanitario;SH.MED.BEDS.ZS;Camas hospitalarias por cada 1.000 habitantes;;Banco Mundial - World Development Indicators;2026-07-13;
Venezuela;Venezuela, RB;VE;VEN;Latin America & Caribbean;Not classified;2013;Salud;salud;Sistema sanitario;sistema_sanitario;SH.MED.BEDS.ZS;Camas hospitalarias por cada 1.000 habitantes;;Banco Mundial - World Development Indicators;2026-07-13;
Venezuela;Venezuela, RB;VE;VEN;Latin America & Caribbean;Not classified;2014;Salud;salud;Sistema sanitario;sistema_sanitario;SH.MED.BEDS.ZS;Camas hospitalarias por cada 1.000 habitantes;0.79;Banco Mundial - World Development Indicators;2026-07-13;
Venezuela;Venezuela, RB;VE;VEN;Latin America & Caribbean;Not classified;2015;Salud;salud;Sistema sanitario;sistema_sanitario;SH.MED.BEDS.ZS;Camas hospitalarias por cada 1.000 habitantes;0.75;Banco Mundial - World Development Indicators;2026-07-13;
Venezuela;Venezuela, RB;VE;VEN;Latin America & Caribbean;Not classified;2016;Salud;salud;Sistema sanitario;sistema_sanitario;SH.MED.BEDS.ZS;Camas hospitalarias por cada 1.000 habitantes;0.88;Banco Mundial - World Development Indicators;2026-07-13;
Venezuela;Venezuela, RB;VE;VEN;Latin America & Caribbean;Not classified;2017;Salud;salud;Sistema sanitario;sistema_sanitario;SH.MED.BEDS.ZS;Camas hospitalarias por cada 1.000 habitantes;0.91;Banco Mundial - World Development Indicators;2026-07-13;
Venezuela;Venezuela, RB;VE;VEN;Latin America & Caribbean;Not classified;2018;Salud;salud;Sistema sanitario;sistema_sanitario;SH.MED.BEDS.ZS;Camas hospitalarias por cada 1.000 habitantes;1.09;Banco Mundial - World Development Indicators;2026-07-13;
Venezuela;Venezuela, RB;VE;VEN;Latin America & Caribbean;Not classified;2019;Salud;salud;Sistema sanitario;sistema_sanitario;SH.MED.BEDS.ZS;Camas hospitalarias por cada 1.000 habitantes;0.93;Banco Mundial - World Development Indicators;2026-07-13;
Venezuela;Venezuela, RB;VE;VEN;Latin America & Caribbean;Not classified;2020;Salud;salud;Sistema sanitario;sistema_sanitario;SH.MED.BEDS.ZS;Camas hospitalarias por cada 1.000 habitantes;0.99;Banco Mundial - World Development Indicators;2026-07-13;
Venezuela;Venezuela, RB;VE;VEN;Latin America & Caribbean;Not classified;2021;Salud;salud;Sistema sanitario;sistema_sanitario;SH.MED.BEDS.ZS;Camas hospitalarias por cada 1.000 habitantes;;Banco Mundial - World Development Indicators;2026-07-13;
Venezuela;Venezuela, RB;VE;VEN;Latin America & Caribbean;Not classified;2022;Salud;salud;Sistema sanitario;sistema_sanitario;SH.MED.BEDS.ZS;Camas hospitalarias por cada 1.000 habitantes;;Banco Mundial - World Development Indicators;2026-07-13;
Venezuela;Venezuela, RB;VE;VEN;Latin America & Caribbean;Not classified;2023;Salud;salud;Sistema sanitario;sistema_sanitario;SH.MED.BEDS.ZS;Camas hospitalarias por cada 1.000 habitantes;;Banco Mundial - World Development Indicators;2026-07-13;
Venezuela;Venezuela, RB;VE;VEN;Latin America & Caribbean;Not classified;2024;Salud;salud;Sistema sanitario;sistema_sanitario;SH.MED.BEDS.ZS;Camas hospitalarias por cada 1.000 habitantes;;Banco Mundial - World Development Indicators;2026-07-13;
Venezuela;Venezuela, RB;VE;VEN;Latin America & Caribbean;Not classified;2025;Salud;salud;Sistema sanitario;sistema_sanitario;SH.MED.BEDS.ZS;Camas hospitalarias por cada 1.000 habitantes;;Banco Mundial - World Development Indicators;2026-07-13;
Venezuela;Venezuela, RB;VE;VEN;Latin America & Caribbean;Not classified;1960;Salud;salud;Sistema sanitario;sistema_sanitario;SH.MED.PHYS.ZS;Médicos por cada 1.000 habitantes;0.666;Banco Mundial - World Development Indicators;2026-07-13;
Venezuela;Venezuela, RB;VE;VEN;Latin America & Caribbean;Not classified;1961;Salud;salud;Sistema sanitario;sistema_sanitario;SH.MED.PHYS.ZS;Médicos por cada 1.000 habitantes;;Banco Mundial - World Development Indicators;2026-07-13;
Venezuela;Venezuela, RB;VE;VEN;Latin America & Caribbean;Not classified;1962;Salud;salud;Sistema sanitario;sistema_sanitario;SH.MED.PHYS.ZS;Médicos por cada 1.000 habitantes;;Banco Mundial - World Development Indicators;2026-07-13;
Venezuela;Venezuela, RB;VE;VEN;Latin America & Caribbean;Not classified;1963;Salud;salud;Sistema sanitario;sistema_sanitario;SH.MED.PHYS.ZS;Médicos por cada 1.000 habitantes;;Banco Mundial - World Development Indicators;2026-07-13;
Venezuela;Venezuela, RB;VE;VEN;Latin America & Caribbean;Not classified;1964;Salud;salud;Sistema sanitario;sistema_sanitario;SH.MED.PHYS.ZS;Médicos por cada 1.000 habitantes;;Banco Mundial - World Development Indicators;2026-07-13;
Venezuela;Venezuela, RB;VE;VEN;Latin America & Caribbean;Not classified;1965;Salud;salud;Sistema sanitario;sistema_sanitario;SH.MED.PHYS.ZS;Médicos por cada 1.000 habitantes;0.815;Banco Mundial - World Development Indicators;2026-07-13;
Venezuela;Venezuela, RB;VE;VEN;Latin America & Caribbean;Not classified;1966;Salud;salud;Sistema sanitario;sistema_sanitario;SH.MED.PHYS.ZS;Médicos por cada 1.000 habitantes;;Banco Mundial - World Development Indicators;2026-07-13;
Venezuela;Venezuela, RB;VE;VEN;Latin America & Caribbean;Not classified;1967;Salud;salud;Sistema sanitario;sistema_sanitario;SH.MED.PHYS.ZS;Médicos por cada 1.000 habitantes;;Banco Mundial - World Development Indicators;2026-07-13;
Venezuela;Venezuela, RB;VE;VEN;Latin America & Caribbean;Not classified;1968;Salud;salud;Sistema sanitario;sistema_sanitario;SH.MED.PHYS.ZS;Médicos por cada 1.000 habitantes;;Banco Mundial - World Development Indicators;2026-07-13;
Venezuela;Venezuela, RB;VE;VEN;Latin America & Caribbean;Not classified;1969;Salud;salud;Sistema sanitario;sistema_sanitario;SH.MED.PHYS.ZS;Médicos por cada 1.000 habitantes;;Banco Mundial - World Development Indicators;2026-07-13;
Venezuela;Venezuela, RB;VE;VEN;Latin America & Caribbean;Not classified;1970;Salud;salud;Sistema sanitario;sistema_sanitario;SH.MED.PHYS.ZS;Médicos por cada 1.000 habitantes;0.883;Banco Mundial - World Development Indicators;2026-07-13;
Venezuela;Venezuela, RB;VE;VEN;Latin America & Caribbean;Not classified;1971;Salud;salud;Sistema sanitario;sistema_sanitario;SH.MED.PHYS.ZS;Médicos por cada 1.000 habitantes;;Banco Mundial - World Development Indicators;2026-07-13;
Venezuela;Venezuela, RB;VE;VEN;Latin America & Caribbean;Not classified;1972;Salud;salud;Sistema sanitario;sistema_sanitario;SH.MED.PHYS.ZS;Médicos por cada 1.000 habitantes;;Banco Mundial - World Development Indicators;2026-07-13;
Venezuela;Venezuela, RB;VE;VEN;Latin America & Caribbean;Not classified;1973;Salud;salud;Sistema sanitario;sistema_sanitario;SH.MED.PHYS.ZS;Médicos por cada 1.000 habitantes;;Banco Mundial - World Development Indicators;2026-07-13;
Venezuela;Venezuela, RB;VE;VEN;Latin America & Caribbean;Not classified;1974;Salud;salud;Sistema sanitario;sistema_sanitario;SH.MED.PHYS.ZS;Médicos por cada 1.000 habitantes;0.904;Banco Mundial - World Development Indicators;2026-07-13;
Venezuela;Venezuela, RB;VE;VEN;Latin America & Caribbean;Not classified;1975;Salud;salud;Sistema sanitario;sistema_sanitario;SH.MED.PHYS.ZS;Médicos por cada 1.000 habitantes;0.904;Banco Mundial - World Development Indicators;2026-07-13;
Venezuela;Venezuela, RB;VE;VEN;Latin America & Caribbean;Not classified;1976;Salud;salud;Sistema sanitario;sistema_sanitario;SH.MED.PHYS.ZS;Médicos por cada 1.000 habitantes;0.904;Banco Mundial - World Development Indicators;2026-07-13;
Venezuela;Venezuela, RB;VE;VEN;Latin America & Caribbean;Not classified;1977;Salud;salud;Sistema sanitario;sistema_sanitario;SH.MED.PHYS.ZS;Médicos por cada 1.000 habitantes;;Banco Mundial - World Development Indicators;2026-07-13;
Venezuela;Venezuela, RB;VE;VEN;Latin America & Caribbean;Not classified;1978;Salud;salud;Sistema sanitario;sistema_sanitario;SH.MED.PHYS.ZS;Médicos por cada 1.000 habitantes;;Banco Mundial - World Development Indicators;2026-07-13;
Venezuela;Venezuela, RB;VE;VEN;Latin America & Caribbean;Not classified;1979;Salud;salud;Sistema sanitario;sistema_sanitario;SH.MED.PHYS.ZS;Médicos por cada 1.000 habitantes;;Banco Mundial - World Development Indicators;2026-07-13;
Venezuela;Venezuela, RB;VE;VEN;Latin America & Caribbean;Not classified;1980;Salud;salud;Sistema sanitario;sistema_sanitario;SH.MED.PHYS.ZS;Médicos por cada 1.000 habitantes;0.83;Banco Mundial - World Development Indicators;2026-07-13;
Venezuela;Venezuela, RB;VE;VEN;Latin America & Caribbean;Not classified;1981;Salud;salud;Sistema sanitario;sistema_sanitario;SH.MED.PHYS.ZS;Médicos por cada 1.000 habitantes;0.996;Banco Mundial - World Development Indicators;2026-07-13;
Venezuela;Venezuela, RB;VE;VEN;Latin America & Caribbean;Not classified;1982;Salud;salud;Sistema sanitario;sistema_sanitario;SH.MED.PHYS.ZS;Médicos por cada 1.000 habitantes;0.833;Banco Mundial - World Development Indicators;2026-07-13;
Venezuela;Venezuela, RB;VE;VEN;Latin America & Caribbean;Not classified;1983;Salud;salud;Sistema sanitario;sistema_sanitario;SH.MED.PHYS.ZS;Médicos por cada 1.000 habitantes;;Banco Mundial - World Development Indicators;2026-07-13;
Venezuela;Venezuela, RB;VE;VEN;Latin America & Caribbean;Not classified;1984;Salud;salud;Sistema sanitario;sistema_sanitario;SH.MED.PHYS.ZS;Médicos por cada 1.000 habitantes;1.436;Banco Mundial - World Development Indicators;2026-07-13;
Venezuela;Venezuela, RB;VE;VEN;Latin America & Caribbean;Not classified;1985;Salud;salud;Sistema sanitario;sistema_sanitario;SH.MED.PHYS.ZS;Médicos por cada 1.000 habitantes;1.196;Banco Mundial - World Development Indicators;2026-07-13;
Venezuela;Venezuela, RB;VE;VEN;Latin America & Caribbean;Not classified;1986;Salud;salud;Sistema sanitario;sistema_sanitario;SH.MED.PHYS.ZS;Médicos por cada 1.000 habitantes;1.399;Banco Mundial - World Development Indicators;2026-07-13;
Venezuela;Venezuela, RB;VE;VEN;Latin America & Caribbean;Not classified;1987;Salud;salud;Sistema sanitario;sistema_sanitario;SH.MED.PHYS.ZS;Médicos por cada 1.000 habitantes;1.401;Banco Mundial - World Development Indicators;2026-07-13;
Venezuela;Venezuela, RB;VE;VEN;Latin America & Caribbean;Not classified;1988;Salud;salud;Sistema sanitario;sistema_sanitario;SH.MED.PHYS.ZS;Médicos por cada 1.000 habitantes;1.6;Banco Mundial - World Development Indicators;2026-07-13;
Venezuela;Venezuela, RB;VE;VEN;Latin America & Caribbean;Not classified;1989;Salud;salud;Sistema sanitario;sistema_sanitario;SH.MED.PHYS.ZS;Médicos por cada 1.000 habitantes;1.695;Banco Mundial - World Development Indicators;2026-07-13;
Venezuela;Venezuela, RB;VE;VEN;Latin America & Caribbean;Not classified;1990;Salud;salud;Sistema sanitario;sistema_sanitario;SH.MED.PHYS.ZS;Médicos por cada 1.000 habitantes;1.564;Banco Mundial - World Development Indicators;2026-07-13;
Venezuela;Venezuela, RB;VE;VEN;Latin America & Caribbean;Not classified;1991;Salud;salud;Sistema sanitario;sistema_sanitario;SH.MED.PHYS.ZS;Médicos por cada 1.000 habitantes;;Banco Mundial - World Development Indicators;2026-07-13;
Venezuela;Venezuela, RB;VE;VEN;Latin America & Caribbean;Not classified;1992;Salud;salud;Sistema sanitario;sistema_sanitario;SH.MED.PHYS.ZS;Médicos por cada 1.000 habitantes;;Banco Mundial - World Development Indicators;2026-07-13;
Venezuela;Venezuela, RB;VE;VEN;Latin America & Caribbean;Not classified;1993;Salud;salud;Sistema sanitario;sistema_sanitario;SH.MED.PHYS.ZS;Médicos por cada 1.000 habitantes;;Banco Mundial - World Development Indicators;2026-07-13;
Venezuela;Venezuela, RB;VE;VEN;Latin America & Caribbean;Not classified;1994;Salud;salud;Sistema sanitario;sistema_sanitario;SH.MED.PHYS.ZS;Médicos por cada 1.000 habitantes;;Banco Mundial - World Development Indicators;2026-07-13;
Venezuela;Venezuela, RB;VE;VEN;Latin America & Caribbean;Not classified;1995;Salud;salud;Sistema sanitario;sistema_sanitario;SH.MED.PHYS.ZS;Médicos por cada 1.000 habitantes;1.94;Banco Mundial - World Development Indicators;2026-07-13;
Venezuela;Venezuela, RB;VE;VEN;Latin America & Caribbean;Not classified;1996;Salud;salud;Sistema sanitario;sistema_sanitario;SH.MED.PHYS.ZS;Médicos por cada 1.000 habitantes;;Banco Mundial - World Development Indicators;2026-07-13;
Venezuela;Venezuela, RB;VE;VEN;Latin America & Caribbean;Not classified;1997;Salud;salud;Sistema sanitario;sistema_sanitario;SH.MED.PHYS.ZS;Médicos por cada 1.000 habitantes;;Banco Mundial - World Development Indicators;2026-07-13;
Venezuela;Venezuela, RB;VE;VEN;Latin America & Caribbean;Not classified;1998;Salud;salud;Sistema sanitario;sistema_sanitario;SH.MED.PHYS.ZS;Médicos por cada 1.000 habitantes;;Banco Mundial - World Development Indicators;2026-07-13;
Venezuela;Venezuela, RB;VE;VEN;Latin America & Caribbean;Not classified;1999;Salud;salud;Sistema sanitario;sistema_sanitario;SH.MED.PHYS.ZS;Médicos por cada 1.000 habitantes;;Banco Mundial - World Development Indicators;2026-07-13;
Venezuela;Venezuela, RB;VE;VEN;Latin America & Caribbean;Not classified;2000;Salud;salud;Sistema sanitario;sistema_sanitario;SH.MED.PHYS.ZS;Médicos por cada 1.000 habitantes;;Banco Mundial - World Development Indicators;2026-07-13;
Venezuela;Venezuela, RB;VE;VEN;Latin America & Caribbean;Not classified;2001;Salud;salud;Sistema sanitario;sistema_sanitario;SH.MED.PHYS.ZS;Médicos por cada 1.000 habitantes;1.922;Banco Mundial - World Development Indicators;2026-07-13;
Venezuela;Venezuela, RB;VE;VEN;Latin America & Caribbean;Not classified;2002;Salud;salud;Sistema sanitario;sistema_sanitario;SH.MED.PHYS.ZS;Médicos por cada 1.000 habitantes;;Banco Mundial - World Development Indicators;2026-07-13;
Venezuela;Venezuela, RB;VE;VEN;Latin America & Caribbean;Not classified;2003;Salud;salud;Sistema sanitario;sistema_sanitario;SH.MED.PHYS.ZS;Médicos por cada 1.000 habitantes;;Banco Mundial - World Development Indicators;2026-07-13;
Venezuela;Venezuela, RB;VE;VEN;Latin America & Caribbean;Not classified;2004;Salud;salud;Sistema sanitario;sistema_sanitario;SH.MED.PHYS.ZS;Médicos por cada 1.000 habitantes;;Banco Mundial - World Development Indicators;2026-07-13;
Venezuela;Venezuela, RB;VE;VEN;Latin America & Caribbean;Not classified;2005;Salud;salud;Sistema sanitario;sistema_sanitario;SH.MED.PHYS.ZS;Médicos por cada 1.000 habitantes;;Banco Mundial - World Development Indicators;2026-07-13;
Venezuela;Venezuela, RB;VE;VEN;Latin America & Caribbean;Not classified;2006;Salud;salud;Sistema sanitario;sistema_sanitario;SH.MED.PHYS.ZS;Médicos por cada 1.000 habitantes;;Banco Mundial - World Development Indicators;2026-07-13;
Venezuela;Venezuela, RB;VE;VEN;Latin America & Caribbean;Not classified;2007;Salud;salud;Sistema sanitario;sistema_sanitario;SH.MED.PHYS.ZS;Médicos por cada 1.000 habitantes;;Banco Mundial - World Development Indicators;2026-07-13;
Venezuela;Venezuela, RB;VE;VEN;Latin America & Caribbean;Not classified;2008;Salud;salud;Sistema sanitario;sistema_sanitario;SH.MED.PHYS.ZS;Médicos por cada 1.000 habitantes;;Banco Mundial - World Development Indicators;2026-07-13;
Venezuela;Venezuela, RB;VE;VEN;Latin America & Caribbean;Not classified;2009;Salud;salud;Sistema sanitario;sistema_sanitario;SH.MED.PHYS.ZS;Médicos por cada 1.000 habitantes;;Banco Mundial - World Development Indicators;2026-07-13;
Venezuela;Venezuela, RB;VE;VEN;Latin America & Caribbean;Not classified;2010;Salud;salud;Sistema sanitario;sistema_sanitario;SH.MED.PHYS.ZS;Médicos por cada 1.000 habitantes;;Banco Mundial - World Development Indicators;2026-07-13;
Venezuela;Venezuela, RB;VE;VEN;Latin America & Caribbean;Not classified;2011;Salud;salud;Sistema sanitario;sistema_sanitario;SH.MED.PHYS.ZS;Médicos por cada 1.000 habitantes;;Banco Mundial - World Development Indicators;2026-07-13;
Venezuela;Venezuela, RB;VE;VEN;Latin America & Caribbean;Not classified;2012;Salud;salud;Sistema sanitario;sistema_sanitario;SH.MED.PHYS.ZS;Médicos por cada 1.000 habitantes;;Banco Mundial - World Development Indicators;2026-07-13;
Venezuela;Venezuela, RB;VE;VEN;Latin America & Caribbean;Not classified;2013;Salud;salud;Sistema sanitario;sistema_sanitario;SH.MED.PHYS.ZS;Médicos por cada 1.000 habitantes;;Banco Mundial - World Development Indicators;2026-07-13;
Venezuela;Venezuela, RB;VE;VEN;Latin America & Caribbean;Not classified;2014;Salud;salud;Sistema sanitario;sistema_sanitario;SH.MED.PHYS.ZS;Médicos por cada 1.000 habitantes;;Banco Mundial - World Development Indicators;2026-07-13;
Venezuela;Venezuela, RB;VE;VEN;Latin America & Caribbean;Not classified;2015;Salud;salud;Sistema sanitario;sistema_sanitario;SH.MED.PHYS.ZS;Médicos por cada 1.000 habitantes;;Banco Mundial - World Development Indicators;2026-07-13;
Venezuela;Venezuela, RB;VE;VEN;Latin America & Caribbean;Not classified;2016;Salud;salud;Sistema sanitario;sistema_sanitario;SH.MED.PHYS.ZS;Médicos por cada 1.000 habitantes;;Banco Mundial - World Development Indicators;2026-07-13;
Venezuela;Venezuela, RB;VE;VEN;Latin America & Caribbean;Not classified;2017;Salud;salud;Sistema sanitario;sistema_sanitario;SH.MED.PHYS.ZS;Médicos por cada 1.000 habitantes;1.664;Banco Mundial - World Development Indicators;2026-07-13;
Venezuela;Venezuela, RB;VE;VEN;Latin America & Caribbean;Not classified;2018;Salud;salud;Sistema sanitario;sistema_sanitario;SH.MED.PHYS.ZS;Médicos por cada 1.000 habitantes;;Banco Mundial - World Development Indicators;2026-07-13;
Venezuela;Venezuela, RB;VE;VEN;Latin America & Caribbean;Not classified;2019;Salud;salud;Sistema sanitario;sistema_sanitario;SH.MED.PHYS.ZS;Médicos por cada 1.000 habitantes;;Banco Mundial - World Development Indicators;2026-07-13;
Venezuela;Venezuela, RB;VE;VEN;Latin America & Caribbean;Not classified;2020;Salud;salud;Sistema sanitario;sistema_sanitario;SH.MED.PHYS.ZS;Médicos por cada 1.000 habitantes;;Banco Mundial - World Development Indicators;2026-07-13;
Venezuela;Venezuela, RB;VE;VEN;Latin America & Caribbean;Not classified;2021;Salud;salud;Sistema sanitario;sistema_sanitario;SH.MED.PHYS.ZS;Médicos por cada 1.000 habitantes;;Banco Mundial - World Development Indicators;2026-07-13;
Venezuela;Venezuela, RB;VE;VEN;Latin America & Caribbean;Not classified;2022;Salud;salud;Sistema sanitario;sistema_sanitario;SH.MED.PHYS.ZS;Médicos por cada 1.000 habitantes;;Banco Mundial - World Development Indicators;2026-07-13;
Venezuela;Venezuela, RB;VE;VEN;Latin America & Caribbean;Not classified;2023;Salud;salud;Sistema sanitario;sistema_sanitario;SH.MED.PHYS.ZS;Médicos por cada 1.000 habitantes;;Banco Mundial - World Development Indicators;2026-07-13;
Venezuela;Venezuela, RB;VE;VEN;Latin America & Caribbean;Not classified;2024;Salud;salud;Sistema sanitario;sistema_sanitario;SH.MED.PHYS.ZS;Médicos por cada 1.000 habitantes;;Banco Mundial - World Development Indicators;2026-07-13;
Venezuela;Venezuela, RB;VE;VEN;Latin America & Caribbean;Not classified;2025;Salud;salud;Sistema sanitario;sistema_sanitario;SH.MED.PHYS.ZS;Médicos por cada 1.000 habitantes;;Banco Mundial - World Development Indicators;2026-07-13;
Venezuela;Venezuela, RB;VE;VEN;Latin America & Caribbean;Not classified;1960;Salud;salud;Mortalidad;mortalidad;SH.STA.MMRT;Mortalidad materna;;Banco Mundial - World Development Indicators;2026-07-13;HTTP Error 400: Bad Request
Venezuela;Venezuela, RB;VE;VEN;Latin America & Caribbean;Not classified;1961;Salud;salud;Mortalidad;mortalidad;SH.STA.MMRT;Mortalidad materna;;Banco Mundial - World Development Indicators;2026-07-13;HTTP Error 400: Bad Request
Venezuela;Venezuela, RB;VE;VEN;Latin America & Caribbean;Not classified;1962;Salud;salud;Mortalidad;mortalidad;SH.STA.MMRT;Mortalidad materna;;Banco Mundial - World Development Indicators;2026-07-13;HTTP Error 400: Bad Request
Venezuela;Venezuela, RB;VE;VEN;Latin America & Caribbean;Not classified;1963;Salud;salud;Mortalidad;mortalidad;SH.STA.MMRT;Mortalidad materna;;Banco Mundial - World Development Indicators;2026-07-13;HTTP Error 400: Bad Request
Venezuela;Venezuela, RB;VE;VEN;Latin America & Caribbean;Not classified;1964;Salud;salud;Mortalidad;mortalidad;SH.STA.MMRT;Mortalidad materna;;Banco Mundial - World Development Indicators;2026-07-13;HTTP Error 400: Bad Request
Venezuela;Venezuela, RB;VE;VEN;Latin America & Caribbean;Not classified;1965;Salud;salud;Mortalidad;mortalidad;SH.STA.MMRT;Mortalidad materna;;Banco Mundial - World Development Indicators;2026-07-13;HTTP Error 400: Bad Request
Venezuela;Venezuela, RB;VE;VEN;Latin America & Caribbean;Not classified;1966;Salud;salud;Mortalidad;mortalidad;SH.STA.MMRT;Mortalidad materna;;Banco Mundial - World Development Indicators;2026-07-13;HTTP Error 400: Bad Request
Venezuela;Venezuela, RB;VE;VEN;Latin America & Caribbean;Not classified;1967;Salud;salud;Mortalidad;mortalidad;SH.STA.MMRT;Mortalidad materna;;Banco Mundial - World Development Indicators;2026-07-13;HTTP Error 400: Bad Request
Venezuela;Venezuela, RB;VE;VEN;Latin America & Caribbean;Not classified;1968;Salud;salud;Mortalidad;mortalidad;SH.STA.MMRT;Mortalidad materna;;Banco Mundial - World Development Indicators;2026-07-13;HTTP Error 400: Bad Request
Venezuela;Venezuela, RB;VE;VEN;Latin America & Caribbean;Not classified;1969;Salud;salud;Mortalidad;mortalidad;SH.STA.MMRT;Mortalidad materna;;Banco Mundial - World Development Indicators;2026-07-13;HTTP Error 400: Bad Request
Venezuela;Venezuela, RB;VE;VEN;Latin America & Caribbean;Not classified;1970;Salud;salud;Mortalidad;mortalidad;SH.STA.MMRT;Mortalidad materna;;Banco Mundial - World Development Indicators;2026-07-13;HTTP Error 400: Bad Request
Venezuela;Venezuela, RB;VE;VEN;Latin America & Caribbean;Not classified;1971;Salud;salud;Mortalidad;mortalidad;SH.STA.MMRT;Mortalidad materna;;Banco Mundial - World Development Indicators;2026-07-13;HTTP Error 400: Bad Request
Venezuela;Venezuela, RB;VE;VEN;Latin America & Caribbean;Not classified;1972;Salud;salud;Mortalidad;mortalidad;SH.STA.MMRT;Mortalidad materna;;Banco Mundial - World Development Indicators;2026-07-13;HTTP Error 400: Bad Request
Venezuela;Venezuela, RB;VE;VEN;Latin America & Caribbean;Not classified;1973;Salud;salud;Mortalidad;mortalidad;SH.STA.MMRT;Mortalidad materna;;Banco Mundial - World Development Indicators;2026-07-13;HTTP Error 400: Bad Request
Venezuela;Venezuela, RB;VE;VEN;Latin America & Caribbean;Not classified;1974;Salud;salud;Mortalidad;mortalidad;SH.STA.MMRT;Mortalidad materna;;Banco Mundial - World Development Indicators;2026-07-13;HTTP Error 400: Bad Request
Venezuela;Venezuela, RB;VE;VEN;Latin America & Caribbean;Not classified;1975;Salud;salud;Mortalidad;mortalidad;SH.STA.MMRT;Mortalidad materna;;Banco Mundial - World Development Indicators;2026-07-13;HTTP Error 400: Bad Request
Venezuela;Venezuela, RB;VE;VEN;Latin America & Caribbean;Not classified;1976;Salud;salud;Mortalidad;mortalidad;SH.STA.MMRT;Mortalidad materna;;Banco Mundial - World Development Indicators;2026-07-13;HTTP Error 400: Bad Request
Venezuela;Venezuela, RB;VE;VEN;Latin America & Caribbean;Not classified;1977;Salud;salud;Mortalidad;mortalidad;SH.STA.MMRT;Mortalidad materna;;Banco Mundial - World Development Indicators;2026-07-13;HTTP Error 400: Bad Request
Venezuela;Venezuela, RB;VE;VEN;Latin America & Caribbean;Not classified;1978;Salud;salud;Mortalidad;mortalidad;SH.STA.MMRT;Mortalidad materna;;Banco Mundial - World Development Indicators;2026-07-13;HTTP Error 400: Bad Request
Venezuela;Venezuela, RB;VE;VEN;Latin America & Caribbean;Not classified;1979;Salud;salud;Mortalidad;mortalidad;SH.STA.MMRT;Mortalidad materna;;Banco Mundial - World Development Indicators;2026-07-13;HTTP Error 400: Bad Request
Venezuela;Venezuela, RB;VE;VEN;Latin America & Caribbean;Not classified;1980;Salud;salud;Mortalidad;mortalidad;SH.STA.MMRT;Mortalidad materna;;Banco Mundial - World Development Indicators;2026-07-13;HTTP Error 400: Bad Request
Venezuela;Venezuela, RB;VE;VEN;Latin America & Caribbean;Not classified;1981;Salud;salud;Mortalidad;mortalidad;SH.STA.MMRT;Mortalidad materna;;Banco Mundial - World Development Indicators;2026-07-13;HTTP Error 400: Bad Request
Venezuela;Venezuela, RB;VE;VEN;Latin America & Caribbean;Not classified;1982;Salud;salud;Mortalidad;mortalidad;SH.STA.MMRT;Mortalidad materna;;Banco Mundial - World Development Indicators;2026-07-13;HTTP Error 400: Bad Request
Venezuela;Venezuela, RB;VE;VEN;Latin America & Caribbean;Not classified;1983;Salud;salud;Mortalidad;mortalidad;SH.STA.MMRT;Mortalidad materna;;Banco Mundial - World Development Indicators;2026-07-13;HTTP Error 400: Bad Request
Venezuela;Venezuela, RB;VE;VEN;Latin America & Caribbean;Not classified;1984;Salud;salud;Mortalidad;mortalidad;SH.STA.MMRT;Mortalidad materna;;Banco Mundial - World Development Indicators;2026-07-13;HTTP Error 400: Bad Request
Venezuela;Venezuela, RB;VE;VEN;Latin America & Caribbean;Not classified;1985;Salud;salud;Mortalidad;mortalidad;SH.STA.MMRT;Mortalidad materna;;Banco Mundial - World Development Indicators;2026-07-13;HTTP Error 400: Bad Request
Venezuela;Venezuela, RB;VE;VEN;Latin America & Caribbean;Not classified;1986;Salud;salud;Mortalidad;mortalidad;SH.STA.MMRT;Mortalidad materna;;Banco Mundial - World Development Indicators;2026-07-13;HTTP Error 400: Bad Request
Venezuela;Venezuela, RB;VE;VEN;Latin America & Caribbean;Not classified;1987;Salud;salud;Mortalidad;mortalidad;SH.STA.MMRT;Mortalidad materna;;Banco Mundial - World Development Indicators;2026-07-13;HTTP Error 400: Bad Request
Venezuela;Venezuela, RB;VE;VEN;Latin America & Caribbean;Not classified;1988;Salud;salud;Mortalidad;mortalidad;SH.STA.MMRT;Mortalidad materna;;Banco Mundial - World Development Indicators;2026-07-13;HTTP Error 400: Bad Request
Venezuela;Venezuela, RB;VE;VEN;Latin America & Caribbean;Not classified;1989;Salud;salud;Mortalidad;mortalidad;SH.STA.MMRT;Mortalidad materna;;Banco Mundial - World Development Indicators;2026-07-13;HTTP Error 400: Bad Request
Venezuela;Venezuela, RB;VE;VEN;Latin America & Caribbean;Not classified;1990;Salud;salud;Mortalidad;mortalidad;SH.STA.MMRT;Mortalidad materna;;Banco Mundial - World Development Indicators;2026-07-13;HTTP Error 400: Bad Request
Venezuela;Venezuela, RB;VE;VEN;Latin America & Caribbean;Not classified;1991;Salud;salud;Mortalidad;mortalidad;SH.STA.MMRT;Mortalidad materna;;Banco Mundial - World Development Indicators;2026-07-13;HTTP Error 400: Bad Request
Venezuela;Venezuela, RB;VE;VEN;Latin America & Caribbean;Not classified;1992;Salud;salud;Mortalidad;mortalidad;SH.STA.MMRT;Mortalidad materna;;Banco Mundial - World Development Indicators;2026-07-13;HTTP Error 400: Bad Request
Venezuela;Venezuela, RB;VE;VEN;Latin America & Caribbean;Not classified;1993;Salud;salud;Mortalidad;mortalidad;SH.STA.MMRT;Mortalidad materna;;Banco Mundial - World Development Indicators;2026-07-13;HTTP Error 400: Bad Request
Venezuela;Venezuela, RB;VE;VEN;Latin America & Caribbean;Not classified;1994;Salud;salud;Mortalidad;mortalidad;SH.STA.MMRT;Mortalidad materna;;Banco Mundial - World Development Indicators;2026-07-13;HTTP Error 400: Bad Request
Venezuela;Venezuela, RB;VE;VEN;Latin America & Caribbean;Not classified;1995;Salud;salud;Mortalidad;mortalidad;SH.STA.MMRT;Mortalidad materna;;Banco Mundial - World Development Indicators;2026-07-13;HTTP Error 400: Bad Request
Venezuela;Venezuela, RB;VE;VEN;Latin America & Caribbean;Not classified;1996;Salud;salud;Mortalidad;mortalidad;SH.STA.MMRT;Mortalidad materna;;Banco Mundial - World Development Indicators;2026-07-13;HTTP Error 400: Bad Request
Venezuela;Venezuela, RB;VE;VEN;Latin America & Caribbean;Not classified;1997;Salud;salud;Mortalidad;mortalidad;SH.STA.MMRT;Mortalidad materna;;Banco Mundial - World Development Indicators;2026-07-13;HTTP Error 400: Bad Request
Venezuela;Venezuela, RB;VE;VEN;Latin America & Caribbean;Not classified;1998;Salud;salud;Mortalidad;mortalidad;SH.STA.MMRT;Mortalidad materna;;Banco Mundial - World Development Indicators;2026-07-13;HTTP Error 400: Bad Request
Venezuela;Venezuela, RB;VE;VEN;Latin America & Caribbean;Not classified;1999;Salud;salud;Mortalidad;mortalidad;SH.STA.MMRT;Mortalidad materna;;Banco Mundial - World Development Indicators;2026-07-13;HTTP Error 400: Bad Request
Venezuela;Venezuela, RB;VE;VEN;Latin America & Caribbean;Not classified;2000;Salud;salud;Mortalidad;mortalidad;SH.STA.MMRT;Mortalidad materna;;Banco Mundial - World Development Indicators;2026-07-13;HTTP Error 400: Bad Request
Venezuela;Venezuela, RB;VE;VEN;Latin America & Caribbean;Not classified;2001;Salud;salud;Mortalidad;mortalidad;SH.STA.MMRT;Mortalidad materna;;Banco Mundial - World Development Indicators;2026-07-13;HTTP Error 400: Bad Request
Venezuela;Venezuela, RB;VE;VEN;Latin America & Caribbean;Not classified;2002;Salud;salud;Mortalidad;mortalidad;SH.STA.MMRT;Mortalidad materna;;Banco Mundial - World Development Indicators;2026-07-13;HTTP Error 400: Bad Request
Venezuela;Venezuela, RB;VE;VEN;Latin America & Caribbean;Not classified;2003;Salud;salud;Mortalidad;mortalidad;SH.STA.MMRT;Mortalidad materna;;Banco Mundial - World Development Indicators;2026-07-13;HTTP Error 400: Bad Request
Venezuela;Venezuela, RB;VE;VEN;Latin America & Caribbean;Not classified;2004;Salud;salud;Mortalidad;mortalidad;SH.STA.MMRT;Mortalidad materna;;Banco Mundial - World Development Indicators;2026-07-13;HTTP Error 400: Bad Request
Venezuela;Venezuela, RB;VE;VEN;Latin America & Caribbean;Not classified;2005;Salud;salud;Mortalidad;mortalidad;SH.STA.MMRT;Mortalidad materna;;Banco Mundial - World Development Indicators;2026-07-13;HTTP Error 400: Bad Request
Venezuela;Venezuela, RB;VE;VEN;Latin America & Caribbean;Not classified;2006;Salud;salud;Mortalidad;mortalidad;SH.STA.MMRT;Mortalidad materna;;Banco Mundial - World Development Indicators;2026-07-13;HTTP Error 400: Bad Request
Venezuela;Venezuela, RB;VE;VEN;Latin America & Caribbean;Not classified;2007;Salud;salud;Mortalidad;mortalidad;SH.STA.MMRT;Mortalidad materna;;Banco Mundial - World Development Indicators;2026-07-13;HTTP Error 400: Bad Request
Venezuela;Venezuela, RB;VE;VEN;Latin America & Caribbean;Not classified;2008;Salud;salud;Mortalidad;mortalidad;SH.STA.MMRT;Mortalidad materna;;Banco Mundial - World Development Indicators;2026-07-13;HTTP Error 400: Bad Request
Venezuela;Venezuela, RB;VE;VEN;Latin America & Caribbean;Not classified;2009;Salud;salud;Mortalidad;mortalidad;SH.STA.MMRT;Mortalidad materna;;Banco Mundial - World Development Indicators;2026-07-13;HTTP Error 400: Bad Request
Venezuela;Venezuela, RB;VE;VEN;Latin America & Caribbean;Not classified;2010;Salud;salud;Mortalidad;mortalidad;SH.STA.MMRT;Mortalidad materna;;Banco Mundial - World Development Indicators;2026-07-13;HTTP Error 400: Bad Request
Venezuela;Venezuela, RB;VE;VEN;Latin America & Caribbean;Not classified;2011;Salud;salud;Mortalidad;mortalidad;SH.STA.MMRT;Mortalidad materna;;Banco Mundial - World Development Indicators;2026-07-13;HTTP Error 400: Bad Request
Venezuela;Venezuela, RB;VE;VEN;Latin America & Caribbean;Not classified;2012;Salud;salud;Mortalidad;mortalidad;SH.STA.MMRT;Mortalidad materna;;Banco Mundial - World Development Indicators;2026-07-13;HTTP Error 400: Bad Request
Venezuela;Venezuela, RB;VE;VEN;Latin America & Caribbean;Not classified;2013;Salud;salud;Mortalidad;mortalidad;SH.STA.MMRT;Mortalidad materna;;Banco Mundial - World Development Indicators;2026-07-13;HTTP Error 400: Bad Request
Venezuela;Venezuela, RB;VE;VEN;Latin America & Caribbean;Not classified;2014;Salud;salud;Mortalidad;mortalidad;SH.STA.MMRT;Mortalidad materna;;Banco Mundial - World Development Indicators;2026-07-13;HTTP Error 400: Bad Request
Venezuela;Venezuela, RB;VE;VEN;Latin America & Caribbean;Not classified;2015;Salud;salud;Mortalidad;mortalidad;SH.STA.MMRT;Mortalidad materna;;Banco Mundial - World Development Indicators;2026-07-13;HTTP Error 400: Bad Request
Venezuela;Venezuela, RB;VE;VEN;Latin America & Caribbean;Not classified;2016;Salud;salud;Mortalidad;mortalidad;SH.STA.MMRT;Mortalidad materna;;Banco Mundial - World Development Indicators;2026-07-13;HTTP Error 400: Bad Request
Venezuela;Venezuela, RB;VE;VEN;Latin America & Caribbean;Not classified;2017;Salud;salud;Mortalidad;mortalidad;SH.STA.MMRT;Mortalidad materna;;Banco Mundial - World Development Indicators;2026-07-13;HTTP Error 400: Bad Request
Venezuela;Venezuela, RB;VE;VEN;Latin America & Caribbean;Not classified;2018;Salud;salud;Mortalidad;mortalidad;SH.STA.MMRT;Mortalidad materna;;Banco Mundial - World Development Indicators;2026-07-13;HTTP Error 400: Bad Request
Venezuela;Venezuela, RB;VE;VEN;Latin America & Caribbean;Not classified;2019;Salud;salud;Mortalidad;mortalidad;SH.STA.MMRT;Mortalidad materna;;Banco Mundial - World Development Indicators;2026-07-13;HTTP Error 400: Bad Request
Venezuela;Venezuela, RB;VE;VEN;Latin America & Caribbean;Not classified;2020;Salud;salud;Mortalidad;mortalidad;SH.STA.MMRT;Mortalidad materna;;Banco Mundial - World Development Indicators;2026-07-13;HTTP Error 400: Bad Request
Venezuela;Venezuela, RB;VE;VEN;Latin America & Caribbean;Not classified;2021;Salud;salud;Mortalidad;mortalidad;SH.STA.MMRT;Mortalidad materna;;Banco Mundial - World Development Indicators;2026-07-13;HTTP Error 400: Bad Request
Venezuela;Venezuela, RB;VE;VEN;Latin America & Caribbean;Not classified;2022;Salud;salud;Mortalidad;mortalidad;SH.STA.MMRT;Mortalidad materna;;Banco Mundial - World Development Indicators;2026-07-13;HTTP Error 400: Bad Request
Venezuela;Venezuela, RB;VE;VEN;Latin America & Caribbean;Not classified;2023;Salud;salud;Mortalidad;mortalidad;SH.STA.MMRT;Mortalidad materna;;Banco Mundial - World Development Indicators;2026-07-13;HTTP Error 400: Bad Request
Venezuela;Venezuela, RB;VE;VEN;Latin America & Caribbean;Not classified;2024;Salud;salud;Mortalidad;mortalidad;SH.STA.MMRT;Mortalidad materna;;Banco Mundial - World Development Indicators;2026-07-13;HTTP Error 400: Bad Request
Venezuela;Venezuela, RB;VE;VEN;Latin America & Caribbean;Not classified;2025;Salud;salud;Mortalidad;mortalidad;SH.STA.MMRT;Mortalidad materna;;Banco Mundial - World Development Indicators;2026-07-13;HTTP Error 400: Bad Request
Venezuela;Venezuela, RB;VE;VEN;Latin America & Caribbean;Not classified;2026;Salud;salud;Mortalidad;mortalidad;SH.STA.MMRT;Mortalidad materna;;Banco Mundial - World Development Indicators;2026-07-13;HTTP Error 400: Bad Request
Venezuela;Venezuela, RB;VE;VEN;Latin America & Caribbean;Not classified;1960;Salud;salud;Gasto sanitario;gasto_sanitario;SH.XPD.CHEX.GD.ZS;Gasto corriente en salud como porcentaje del PIB;;Banco Mundial - World Development Indicators;2026-07-13;
Venezuela;Venezuela, RB;VE;VEN;Latin America & Caribbean;Not classified;1961;Salud;salud;Gasto sanitario;gasto_sanitario;SH.XPD.CHEX.GD.ZS;Gasto corriente en salud como porcentaje del PIB;;Banco Mundial - World Development Indicators;2026-07-13;
Venezuela;Venezuela, RB;VE;VEN;Latin America & Caribbean;Not classified;1962;Salud;salud;Gasto sanitario;gasto_sanitario;SH.XPD.CHEX.GD.ZS;Gasto corriente en salud como porcentaje del PIB;;Banco Mundial - World Development Indicators;2026-07-13;
Venezuela;Venezuela, RB;VE;VEN;Latin America & Caribbean;Not classified;1963;Salud;salud;Gasto sanitario;gasto_sanitario;SH.XPD.CHEX.GD.ZS;Gasto corriente en salud como porcentaje del PIB;;Banco Mundial - World Development Indicators;2026-07-13;
Venezuela;Venezuela, RB;VE;VEN;Latin America & Caribbean;Not classified;1964;Salud;salud;Gasto sanitario;gasto_sanitario;SH.XPD.CHEX.GD.ZS;Gasto corriente en salud como porcentaje del PIB;;Banco Mundial - World Development Indicators;2026-07-13;
Venezuela;Venezuela, RB;VE;VEN;Latin America & Caribbean;Not classified;1965;Salud;salud;Gasto sanitario;gasto_sanitario;SH.XPD.CHEX.GD.ZS;Gasto corriente en salud como porcentaje del PIB;;Banco Mundial - World Development Indicators;2026-07-13;
Venezuela;Venezuela, RB;VE;VEN;Latin America & Caribbean;Not classified;1966;Salud;salud;Gasto sanitario;gasto_sanitario;SH.XPD.CHEX.GD.ZS;Gasto corriente en salud como porcentaje del PIB;;Banco Mundial - World Development Indicators;2026-07-13;
Venezuela;Venezuela, RB;VE;VEN;Latin America & Caribbean;Not classified;1967;Salud;salud;Gasto sanitario;gasto_sanitario;SH.XPD.CHEX.GD.ZS;Gasto corriente en salud como porcentaje del PIB;;Banco Mundial - World Development Indicators;2026-07-13;
Venezuela;Venezuela, RB;VE;VEN;Latin America & Caribbean;Not classified;1968;Salud;salud;Gasto sanitario;gasto_sanitario;SH.XPD.CHEX.GD.ZS;Gasto corriente en salud como porcentaje del PIB;;Banco Mundial - World Development Indicators;2026-07-13;
Venezuela;Venezuela, RB;VE;VEN;Latin America & Caribbean;Not classified;1969;Salud;salud;Gasto sanitario;gasto_sanitario;SH.XPD.CHEX.GD.ZS;Gasto corriente en salud como porcentaje del PIB;;Banco Mundial - World Development Indicators;2026-07-13;
Venezuela;Venezuela, RB;VE;VEN;Latin America & Caribbean;Not classified;1970;Salud;salud;Gasto sanitario;gasto_sanitario;SH.XPD.CHEX.GD.ZS;Gasto corriente en salud como porcentaje del PIB;;Banco Mundial - World Development Indicators;2026-07-13;
Venezuela;Venezuela, RB;VE;VEN;Latin America & Caribbean;Not classified;1971;Salud;salud;Gasto sanitario;gasto_sanitario;SH.XPD.CHEX.GD.ZS;Gasto corriente en salud como porcentaje del PIB;;Banco Mundial - World Development Indicators;2026-07-13;
Venezuela;Venezuela, RB;VE;VEN;Latin America & Caribbean;Not classified;1972;Salud;salud;Gasto sanitario;gasto_sanitario;SH.XPD.CHEX.GD.ZS;Gasto corriente en salud como porcentaje del PIB;;Banco Mundial - World Development Indicators;2026-07-13;
Venezuela;Venezuela, RB;VE;VEN;Latin America & Caribbean;Not classified;1973;Salud;salud;Gasto sanitario;gasto_sanitario;SH.XPD.CHEX.GD.ZS;Gasto corriente en salud como porcentaje del PIB;;Banco Mundial - World Development Indicators;2026-07-13;
Venezuela;Venezuela, RB;VE;VEN;Latin America & Caribbean;Not classified;1974;Salud;salud;Gasto sanitario;gasto_sanitario;SH.XPD.CHEX.GD.ZS;Gasto corriente en salud como porcentaje del PIB;;Banco Mundial - World Development Indicators;2026-07-13;
Venezuela;Venezuela, RB;VE;VEN;Latin America & Caribbean;Not classified;1975;Salud;salud;Gasto sanitario;gasto_sanitario;SH.XPD.CHEX.GD.ZS;Gasto corriente en salud como porcentaje del PIB;;Banco Mundial - World Development Indicators;2026-07-13;
Venezuela;Venezuela, RB;VE;VEN;Latin America & Caribbean;Not classified;1976;Salud;salud;Gasto sanitario;gasto_sanitario;SH.XPD.CHEX.GD.ZS;Gasto corriente en salud como porcentaje del PIB;;Banco Mundial - World Development Indicators;2026-07-13;
Venezuela;Venezuela, RB;VE;VEN;Latin America & Caribbean;Not classified;1977;Salud;salud;Gasto sanitario;gasto_sanitario;SH.XPD.CHEX.GD.ZS;Gasto corriente en salud como porcentaje del PIB;;Banco Mundial - World Development Indicators;2026-07-13;
Venezuela;Venezuela, RB;VE;VEN;Latin America & Caribbean;Not classified;1978;Salud;salud;Gasto sanitario;gasto_sanitario;SH.XPD.CHEX.GD.ZS;Gasto corriente en salud como porcentaje del PIB;;Banco Mundial - World Development Indicators;2026-07-13;
Venezuela;Venezuela, RB;VE;VEN;Latin America & Caribbean;Not classified;1979;Salud;salud;Gasto sanitario;gasto_sanitario;SH.XPD.CHEX.GD.ZS;Gasto corriente en salud como porcentaje del PIB;;Banco Mundial - World Development Indicators;2026-07-13;
Venezuela;Venezuela, RB;VE;VEN;Latin America & Caribbean;Not classified;1980;Salud;salud;Gasto sanitario;gasto_sanitario;SH.XPD.CHEX.GD.ZS;Gasto corriente en salud como porcentaje del PIB;;Banco Mundial - World Development Indicators;2026-07-13;
Venezuela;Venezuela, RB;VE;VEN;Latin America & Caribbean;Not classified;1981;Salud;salud;Gasto sanitario;gasto_sanitario;SH.XPD.CHEX.GD.ZS;Gasto corriente en salud como porcentaje del PIB;;Banco Mundial - World Development Indicators;2026-07-13;
Venezuela;Venezuela, RB;VE;VEN;Latin America & Caribbean;Not classified;1982;Salud;salud;Gasto sanitario;gasto_sanitario;SH.XPD.CHEX.GD.ZS;Gasto corriente en salud como porcentaje del PIB;;Banco Mundial - World Development Indicators;2026-07-13;
Venezuela;Venezuela, RB;VE;VEN;Latin America & Caribbean;Not classified;1983;Salud;salud;Gasto sanitario;gasto_sanitario;SH.XPD.CHEX.GD.ZS;Gasto corriente en salud como porcentaje del PIB;;Banco Mundial - World Development Indicators;2026-07-13;
Venezuela;Venezuela, RB;VE;VEN;Latin America & Caribbean;Not classified;1984;Salud;salud;Gasto sanitario;gasto_sanitario;SH.XPD.CHEX.GD.ZS;Gasto corriente en salud como porcentaje del PIB;;Banco Mundial - World Development Indicators;2026-07-13;
Venezuela;Venezuela, RB;VE;VEN;Latin America & Caribbean;Not classified;1985;Salud;salud;Gasto sanitario;gasto_sanitario;SH.XPD.CHEX.GD.ZS;Gasto corriente en salud como porcentaje del PIB;;Banco Mundial - World Development Indicators;2026-07-13;
Venezuela;Venezuela, RB;VE;VEN;Latin America & Caribbean;Not classified;1986;Salud;salud;Gasto sanitario;gasto_sanitario;SH.XPD.CHEX.GD.ZS;Gasto corriente en salud como porcentaje del PIB;;Banco Mundial - World Development Indicators;2026-07-13;
Venezuela;Venezuela, RB;VE;VEN;Latin America & Caribbean;Not classified;1987;Salud;salud;Gasto sanitario;gasto_sanitario;SH.XPD.CHEX.GD.ZS;Gasto corriente en salud como porcentaje del PIB;;Banco Mundial - World Development Indicators;2026-07-13;
Venezuela;Venezuela, RB;VE;VEN;Latin America & Caribbean;Not classified;1988;Salud;salud;Gasto sanitario;gasto_sanitario;SH.XPD.CHEX.GD.ZS;Gasto corriente en salud como porcentaje del PIB;;Banco Mundial - World Development Indicators;2026-07-13;
Venezuela;Venezuela, RB;VE;VEN;Latin America & Caribbean;Not classified;1989;Salud;salud;Gasto sanitario;gasto_sanitario;SH.XPD.CHEX.GD.ZS;Gasto corriente en salud como porcentaje del PIB;;Banco Mundial - World Development Indicators;2026-07-13;
Venezuela;Venezuela, RB;VE;VEN;Latin America & Caribbean;Not classified;1990;Salud;salud;Gasto sanitario;gasto_sanitario;SH.XPD.CHEX.GD.ZS;Gasto corriente en salud como porcentaje del PIB;;Banco Mundial - World Development Indicators;2026-07-13;
Venezuela;Venezuela, RB;VE;VEN;Latin America & Caribbean;Not classified;1991;Salud;salud;Gasto sanitario;gasto_sanitario;SH.XPD.CHEX.GD.ZS;Gasto corriente en salud como porcentaje del PIB;;Banco Mundial - World Development Indicators;2026-07-13;
Venezuela;Venezuela, RB;VE;VEN;Latin America & Caribbean;Not classified;1992;Salud;salud;Gasto sanitario;gasto_sanitario;SH.XPD.CHEX.GD.ZS;Gasto corriente en salud como porcentaje del PIB;;Banco Mundial - World Development Indicators;2026-07-13;
Venezuela;Venezuela, RB;VE;VEN;Latin America & Caribbean;Not classified;1993;Salud;salud;Gasto sanitario;gasto_sanitario;SH.XPD.CHEX.GD.ZS;Gasto corriente en salud como porcentaje del PIB;;Banco Mundial - World Development Indicators;2026-07-13;
Venezuela;Venezuela, RB;VE;VEN;Latin America & Caribbean;Not classified;1994;Salud;salud;Gasto sanitario;gasto_sanitario;SH.XPD.CHEX.GD.ZS;Gasto corriente en salud como porcentaje del PIB;;Banco Mundial - World Development Indicators;2026-07-13;
Venezuela;Venezuela, RB;VE;VEN;Latin America & Caribbean;Not classified;1995;Salud;salud;Gasto sanitario;gasto_sanitario;SH.XPD.CHEX.GD.ZS;Gasto corriente en salud como porcentaje del PIB;;Banco Mundial - World Development Indicators;2026-07-13;
Venezuela;Venezuela, RB;VE;VEN;Latin America & Caribbean;Not classified;1996;Salud;salud;Gasto sanitario;gasto_sanitario;SH.XPD.CHEX.GD.ZS;Gasto corriente en salud como porcentaje del PIB;;Banco Mundial - World Development Indicators;2026-07-13;
Venezuela;Venezuela, RB;VE;VEN;Latin America & Caribbean;Not classified;1997;Salud;salud;Gasto sanitario;gasto_sanitario;SH.XPD.CHEX.GD.ZS;Gasto corriente en salud como porcentaje del PIB;;Banco Mundial - World Development Indicators;2026-07-13;
Venezuela;Venezuela, RB;VE;VEN;Latin America & Caribbean;Not classified;1998;Salud;salud;Gasto sanitario;gasto_sanitario;SH.XPD.CHEX.GD.ZS;Gasto corriente en salud como porcentaje del PIB;;Banco Mundial - World Development Indicators;2026-07-13;
Venezuela;Venezuela, RB;VE;VEN;Latin America & Caribbean;Not classified;1999;Salud;salud;Gasto sanitario;gasto_sanitario;SH.XPD.CHEX.GD.ZS;Gasto corriente en salud como porcentaje del PIB;;Banco Mundial - World Development Indicators;2026-07-13;
Venezuela;Venezuela, RB;VE;VEN;Latin America & Caribbean;Not classified;2000;Salud;salud;Gasto sanitario;gasto_sanitario;SH.XPD.CHEX.GD.ZS;Gasto corriente en salud como porcentaje del PIB;;Banco Mundial - World Development Indicators;2026-07-13;
Venezuela;Venezuela, RB;VE;VEN;Latin America & Caribbean;Not classified;2001;Salud;salud;Gasto sanitario;gasto_sanitario;SH.XPD.CHEX.GD.ZS;Gasto corriente en salud como porcentaje del PIB;;Banco Mundial - World Development Indicators;2026-07-13;
Venezuela;Venezuela, RB;VE;VEN;Latin America & Caribbean;Not classified;2002;Salud;salud;Gasto sanitario;gasto_sanitario;SH.XPD.CHEX.GD.ZS;Gasto corriente en salud como porcentaje del PIB;;Banco Mundial - World Development Indicators;2026-07-13;
Venezuela;Venezuela, RB;VE;VEN;Latin America & Caribbean;Not classified;2003;Salud;salud;Gasto sanitario;gasto_sanitario;SH.XPD.CHEX.GD.ZS;Gasto corriente en salud como porcentaje del PIB;;Banco Mundial - World Development Indicators;2026-07-13;
Venezuela;Venezuela, RB;VE;VEN;Latin America & Caribbean;Not classified;2004;Salud;salud;Gasto sanitario;gasto_sanitario;SH.XPD.CHEX.GD.ZS;Gasto corriente en salud como porcentaje del PIB;;Banco Mundial - World Development Indicators;2026-07-13;
Venezuela;Venezuela, RB;VE;VEN;Latin America & Caribbean;Not classified;2005;Salud;salud;Gasto sanitario;gasto_sanitario;SH.XPD.CHEX.GD.ZS;Gasto corriente en salud como porcentaje del PIB;;Banco Mundial - World Development Indicators;2026-07-13;
Venezuela;Venezuela, RB;VE;VEN;Latin America & Caribbean;Not classified;2006;Salud;salud;Gasto sanitario;gasto_sanitario;SH.XPD.CHEX.GD.ZS;Gasto corriente en salud como porcentaje del PIB;;Banco Mundial - World Development Indicators;2026-07-13;
Venezuela;Venezuela, RB;VE;VEN;Latin America & Caribbean;Not classified;2007;Salud;salud;Gasto sanitario;gasto_sanitario;SH.XPD.CHEX.GD.ZS;Gasto corriente en salud como porcentaje del PIB;;Banco Mundial - World Development Indicators;2026-07-13;
Venezuela;Venezuela, RB;VE;VEN;Latin America & Caribbean;Not classified;2008;Salud;salud;Gasto sanitario;gasto_sanitario;SH.XPD.CHEX.GD.ZS;Gasto corriente en salud como porcentaje del PIB;;Banco Mundial - World Development Indicators;2026-07-13;
Venezuela;Venezuela, RB;VE;VEN;Latin America & Caribbean;Not classified;2009;Salud;salud;Gasto sanitario;gasto_sanitario;SH.XPD.CHEX.GD.ZS;Gasto corriente en salud como porcentaje del PIB;;Banco Mundial - World Development Indicators;2026-07-13;
Venezuela;Venezuela, RB;VE;VEN;Latin America & Caribbean;Not classified;2010;Salud;salud;Gasto sanitario;gasto_sanitario;SH.XPD.CHEX.GD.ZS;Gasto corriente en salud como porcentaje del PIB;;Banco Mundial - World Development Indicators;2026-07-13;
Venezuela;Venezuela, RB;VE;VEN;Latin America & Caribbean;Not classified;2011;Salud;salud;Gasto sanitario;gasto_sanitario;SH.XPD.CHEX.GD.ZS;Gasto corriente en salud como porcentaje del PIB;;Banco Mundial - World Development Indicators;2026-07-13;
Venezuela;Venezuela, RB;VE;VEN;Latin America & Caribbean;Not classified;2012;Salud;salud;Gasto sanitario;gasto_sanitario;SH.XPD.CHEX.GD.ZS;Gasto corriente en salud como porcentaje del PIB;;Banco Mundial - World Development Indicators;2026-07-13;
Venezuela;Venezuela, RB;VE;VEN;Latin America & Caribbean;Not classified;2013;Salud;salud;Gasto sanitario;gasto_sanitario;SH.XPD.CHEX.GD.ZS;Gasto corriente en salud como porcentaje del PIB;;Banco Mundial - World Development Indicators;2026-07-13;
Venezuela;Venezuela, RB;VE;VEN;Latin America & Caribbean;Not classified;2014;Salud;salud;Gasto sanitario;gasto_sanitario;SH.XPD.CHEX.GD.ZS;Gasto corriente en salud como porcentaje del PIB;;Banco Mundial - World Development Indicators;2026-07-13;
Venezuela;Venezuela, RB;VE;VEN;Latin America & Caribbean;Not classified;2015;Salud;salud;Gasto sanitario;gasto_sanitario;SH.XPD.CHEX.GD.ZS;Gasto corriente en salud como porcentaje del PIB;;Banco Mundial - World Development Indicators;2026-07-13;
Venezuela;Venezuela, RB;VE;VEN;Latin America & Caribbean;Not classified;2016;Salud;salud;Gasto sanitario;gasto_sanitario;SH.XPD.CHEX.GD.ZS;Gasto corriente en salud como porcentaje del PIB;;Banco Mundial - World Development Indicators;2026-07-13;
Venezuela;Venezuela, RB;VE;VEN;Latin America & Caribbean;Not classified;2017;Salud;salud;Gasto sanitario;gasto_sanitario;SH.XPD.CHEX.GD.ZS;Gasto corriente en salud como porcentaje del PIB;;Banco Mundial - World Development Indicators;2026-07-13;
Venezuela;Venezuela, RB;VE;VEN;Latin America & Caribbean;Not classified;2018;Salud;salud;Gasto sanitario;gasto_sanitario;SH.XPD.CHEX.GD.ZS;Gasto corriente en salud como porcentaje del PIB;2.41691327;Banco Mundial - World Development Indicators;2026-07-13;
Venezuela;Venezuela, RB;VE;VEN;Latin America & Caribbean;Not classified;2019;Salud;salud;Gasto sanitario;gasto_sanitario;SH.XPD.CHEX.GD.ZS;Gasto corriente en salud como porcentaje del PIB;2.18563724;Banco Mundial - World Development Indicators;2026-07-13;
Venezuela;Venezuela, RB;VE;VEN;Latin America & Caribbean;Not classified;2020;Salud;salud;Gasto sanitario;gasto_sanitario;SH.XPD.CHEX.GD.ZS;Gasto corriente en salud como porcentaje del PIB;4.11615133;Banco Mundial - World Development Indicators;2026-07-13;
Venezuela;Venezuela, RB;VE;VEN;Latin America & Caribbean;Not classified;2021;Salud;salud;Gasto sanitario;gasto_sanitario;SH.XPD.CHEX.GD.ZS;Gasto corriente en salud como porcentaje del PIB;4.1022191;Banco Mundial - World Development Indicators;2026-07-13;
Venezuela;Venezuela, RB;VE;VEN;Latin America & Caribbean;Not classified;2022;Salud;salud;Gasto sanitario;gasto_sanitario;SH.XPD.CHEX.GD.ZS;Gasto corriente en salud como porcentaje del PIB;4.55045986;Banco Mundial - World Development Indicators;2026-07-13;
Venezuela;Venezuela, RB;VE;VEN;Latin America & Caribbean;Not classified;2023;Salud;salud;Gasto sanitario;gasto_sanitario;SH.XPD.CHEX.GD.ZS;Gasto corriente en salud como porcentaje del PIB;3.77611423;Banco Mundial - World Development Indicators;2026-07-13;
Venezuela;Venezuela, RB;VE;VEN;Latin America & Caribbean;Not classified;2024;Salud;salud;Gasto sanitario;gasto_sanitario;SH.XPD.CHEX.GD.ZS;Gasto corriente en salud como porcentaje del PIB;;Banco Mundial - World Development Indicators;2026-07-13;
Venezuela;Venezuela, RB;VE;VEN;Latin America & Caribbean;Not classified;2025;Salud;salud;Gasto sanitario;gasto_sanitario;SH.XPD.CHEX.GD.ZS;Gasto corriente en salud como porcentaje del PIB;;Banco Mundial - World Development Indicators;2026-07-13;
Venezuela;Venezuela, RB;VE;VEN;Latin America & Caribbean;Not classified;1960;Salud;salud;Gasto sanitario;gasto_sanitario;SH.XPD.CHEX.PC.CD;Gasto corriente en salud per cápita;;Banco Mundial - World Development Indicators;2026-07-13;
Venezuela;Venezuela, RB;VE;VEN;Latin America & Caribbean;Not classified;1961;Salud;salud;Gasto sanitario;gasto_sanitario;SH.XPD.CHEX.PC.CD;Gasto corriente en salud per cápita;;Banco Mundial - World Development Indicators;2026-07-13;
Venezuela;Venezuela, RB;VE;VEN;Latin America & Caribbean;Not classified;1962;Salud;salud;Gasto sanitario;gasto_sanitario;SH.XPD.CHEX.PC.CD;Gasto corriente en salud per cápita;;Banco Mundial - World Development Indicators;2026-07-13;
Venezuela;Venezuela, RB;VE;VEN;Latin America & Caribbean;Not classified;1963;Salud;salud;Gasto sanitario;gasto_sanitario;SH.XPD.CHEX.PC.CD;Gasto corriente en salud per cápita;;Banco Mundial - World Development Indicators;2026-07-13;
Venezuela;Venezuela, RB;VE;VEN;Latin America & Caribbean;Not classified;1964;Salud;salud;Gasto sanitario;gasto_sanitario;SH.XPD.CHEX.PC.CD;Gasto corriente en salud per cápita;;Banco Mundial - World Development Indicators;2026-07-13;
Venezuela;Venezuela, RB;VE;VEN;Latin America & Caribbean;Not classified;1965;Salud;salud;Gasto sanitario;gasto_sanitario;SH.XPD.CHEX.PC.CD;Gasto corriente en salud per cápita;;Banco Mundial - World Development Indicators;2026-07-13;
Venezuela;Venezuela, RB;VE;VEN;Latin America & Caribbean;Not classified;1966;Salud;salud;Gasto sanitario;gasto_sanitario;SH.XPD.CHEX.PC.CD;Gasto corriente en salud per cápita;;Banco Mundial - World Development Indicators;2026-07-13;
Venezuela;Venezuela, RB;VE;VEN;Latin America & Caribbean;Not classified;1967;Salud;salud;Gasto sanitario;gasto_sanitario;SH.XPD.CHEX.PC.CD;Gasto corriente en salud per cápita;;Banco Mundial - World Development Indicators;2026-07-13;
Venezuela;Venezuela, RB;VE;VEN;Latin America & Caribbean;Not classified;1968;Salud;salud;Gasto sanitario;gasto_sanitario;SH.XPD.CHEX.PC.CD;Gasto corriente en salud per cápita;;Banco Mundial - World Development Indicators;2026-07-13;
Venezuela;Venezuela, RB;VE;VEN;Latin America & Caribbean;Not classified;1969;Salud;salud;Gasto sanitario;gasto_sanitario;SH.XPD.CHEX.PC.CD;Gasto corriente en salud per cápita;;Banco Mundial - World Development Indicators;2026-07-13;
Venezuela;Venezuela, RB;VE;VEN;Latin America & Caribbean;Not classified;1970;Salud;salud;Gasto sanitario;gasto_sanitario;SH.XPD.CHEX.PC.CD;Gasto corriente en salud per cápita;;Banco Mundial - World Development Indicators;2026-07-13;
Venezuela;Venezuela, RB;VE;VEN;Latin America & Caribbean;Not classified;1971;Salud;salud;Gasto sanitario;gasto_sanitario;SH.XPD.CHEX.PC.CD;Gasto corriente en salud per cápita;;Banco Mundial - World Development Indicators;2026-07-13;
Venezuela;Venezuela, RB;VE;VEN;Latin America & Caribbean;Not classified;1972;Salud;salud;Gasto sanitario;gasto_sanitario;SH.XPD.CHEX.PC.CD;Gasto corriente en salud per cápita;;Banco Mundial - World Development Indicators;2026-07-13;
Venezuela;Venezuela, RB;VE;VEN;Latin America & Caribbean;Not classified;1973;Salud;salud;Gasto sanitario;gasto_sanitario;SH.XPD.CHEX.PC.CD;Gasto corriente en salud per cápita;;Banco Mundial - World Development Indicators;2026-07-13;
Venezuela;Venezuela, RB;VE;VEN;Latin America & Caribbean;Not classified;1974;Salud;salud;Gasto sanitario;gasto_sanitario;SH.XPD.CHEX.PC.CD;Gasto corriente en salud per cápita;;Banco Mundial - World Development Indicators;2026-07-13;
Venezuela;Venezuela, RB;VE;VEN;Latin America & Caribbean;Not classified;1975;Salud;salud;Gasto sanitario;gasto_sanitario;SH.XPD.CHEX.PC.CD;Gasto corriente en salud per cápita;;Banco Mundial - World Development Indicators;2026-07-13;
Venezuela;Venezuela, RB;VE;VEN;Latin America & Caribbean;Not classified;1976;Salud;salud;Gasto sanitario;gasto_sanitario;SH.XPD.CHEX.PC.CD;Gasto corriente en salud per cápita;;Banco Mundial - World Development Indicators;2026-07-13;
Venezuela;Venezuela, RB;VE;VEN;Latin America & Caribbean;Not classified;1977;Salud;salud;Gasto sanitario;gasto_sanitario;SH.XPD.CHEX.PC.CD;Gasto corriente en salud per cápita;;Banco Mundial - World Development Indicators;2026-07-13;
Venezuela;Venezuela, RB;VE;VEN;Latin America & Caribbean;Not classified;1978;Salud;salud;Gasto sanitario;gasto_sanitario;SH.XPD.CHEX.PC.CD;Gasto corriente en salud per cápita;;Banco Mundial - World Development Indicators;2026-07-13;
Venezuela;Venezuela, RB;VE;VEN;Latin America & Caribbean;Not classified;1979;Salud;salud;Gasto sanitario;gasto_sanitario;SH.XPD.CHEX.PC.CD;Gasto corriente en salud per cápita;;Banco Mundial - World Development Indicators;2026-07-13;
Venezuela;Venezuela, RB;VE;VEN;Latin America & Caribbean;Not classified;1980;Salud;salud;Gasto sanitario;gasto_sanitario;SH.XPD.CHEX.PC.CD;Gasto corriente en salud per cápita;;Banco Mundial - World Development Indicators;2026-07-13;
Venezuela;Venezuela, RB;VE;VEN;Latin America & Caribbean;Not classified;1981;Salud;salud;Gasto sanitario;gasto_sanitario;SH.XPD.CHEX.PC.CD;Gasto corriente en salud per cápita;;Banco Mundial - World Development Indicators;2026-07-13;
Venezuela;Venezuela, RB;VE;VEN;Latin America & Caribbean;Not classified;1982;Salud;salud;Gasto sanitario;gasto_sanitario;SH.XPD.CHEX.PC.CD;Gasto corriente en salud per cápita;;Banco Mundial - World Development Indicators;2026-07-13;
Venezuela;Venezuela, RB;VE;VEN;Latin America & Caribbean;Not classified;1983;Salud;salud;Gasto sanitario;gasto_sanitario;SH.XPD.CHEX.PC.CD;Gasto corriente en salud per cápita;;Banco Mundial - World Development Indicators;2026-07-13;
Venezuela;Venezuela, RB;VE;VEN;Latin America & Caribbean;Not classified;1984;Salud;salud;Gasto sanitario;gasto_sanitario;SH.XPD.CHEX.PC.CD;Gasto corriente en salud per cápita;;Banco Mundial - World Development Indicators;2026-07-13;
Venezuela;Venezuela, RB;VE;VEN;Latin America & Caribbean;Not classified;1985;Salud;salud;Gasto sanitario;gasto_sanitario;SH.XPD.CHEX.PC.CD;Gasto corriente en salud per cápita;;Banco Mundial - World Development Indicators;2026-07-13;
Venezuela;Venezuela, RB;VE;VEN;Latin America & Caribbean;Not classified;1986;Salud;salud;Gasto sanitario;gasto_sanitario;SH.XPD.CHEX.PC.CD;Gasto corriente en salud per cápita;;Banco Mundial - World Development Indicators;2026-07-13;
Venezuela;Venezuela, RB;VE;VEN;Latin America & Caribbean;Not classified;1987;Salud;salud;Gasto sanitario;gasto_sanitario;SH.XPD.CHEX.PC.CD;Gasto corriente en salud per cápita;;Banco Mundial - World Development Indicators;2026-07-13;
Venezuela;Venezuela, RB;VE;VEN;Latin America & Caribbean;Not classified;1988;Salud;salud;Gasto sanitario;gasto_sanitario;SH.XPD.CHEX.PC.CD;Gasto corriente en salud per cápita;;Banco Mundial - World Development Indicators;2026-07-13;
Venezuela;Venezuela, RB;VE;VEN;Latin America & Caribbean;Not classified;1989;Salud;salud;Gasto sanitario;gasto_sanitario;SH.XPD.CHEX.PC.CD;Gasto corriente en salud per cápita;;Banco Mundial - World Development Indicators;2026-07-13;
Venezuela;Venezuela, RB;VE;VEN;Latin America & Caribbean;Not classified;1990;Salud;salud;Gasto sanitario;gasto_sanitario;SH.XPD.CHEX.PC.CD;Gasto corriente en salud per cápita;;Banco Mundial - World Development Indicators;2026-07-13;
Venezuela;Venezuela, RB;VE;VEN;Latin America & Caribbean;Not classified;1991;Salud;salud;Gasto sanitario;gasto_sanitario;SH.XPD.CHEX.PC.CD;Gasto corriente en salud per cápita;;Banco Mundial - World Development Indicators;2026-07-13;
Venezuela;Venezuela, RB;VE;VEN;Latin America & Caribbean;Not classified;1992;Salud;salud;Gasto sanitario;gasto_sanitario;SH.XPD.CHEX.PC.CD;Gasto corriente en salud per cápita;;Banco Mundial - World Development Indicators;2026-07-13;
Venezuela;Venezuela, RB;VE;VEN;Latin America & Caribbean;Not classified;1993;Salud;salud;Gasto sanitario;gasto_sanitario;SH.XPD.CHEX.PC.CD;Gasto corriente en salud per cápita;;Banco Mundial - World Development Indicators;2026-07-13;
Venezuela;Venezuela, RB;VE;VEN;Latin America & Caribbean;Not classified;1994;Salud;salud;Gasto sanitario;gasto_sanitario;SH.XPD.CHEX.PC.CD;Gasto corriente en salud per cápita;;Banco Mundial - World Development Indicators;2026-07-13;
Venezuela;Venezuela, RB;VE;VEN;Latin America & Caribbean;Not classified;1995;Salud;salud;Gasto sanitario;gasto_sanitario;SH.XPD.CHEX.PC.CD;Gasto corriente en salud per cápita;;Banco Mundial - World Development Indicators;2026-07-13;
Venezuela;Venezuela, RB;VE;VEN;Latin America & Caribbean;Not classified;1996;Salud;salud;Gasto sanitario;gasto_sanitario;SH.XPD.CHEX.PC.CD;Gasto corriente en salud per cápita;;Banco Mundial - World Development Indicators;2026-07-13;
Venezuela;Venezuela, RB;VE;VEN;Latin America & Caribbean;Not classified;1997;Salud;salud;Gasto sanitario;gasto_sanitario;SH.XPD.CHEX.PC.CD;Gasto corriente en salud per cápita;;Banco Mundial - World Development Indicators;2026-07-13;
Venezuela;Venezuela, RB;VE;VEN;Latin America & Caribbean;Not classified;1998;Salud;salud;Gasto sanitario;gasto_sanitario;SH.XPD.CHEX.PC.CD;Gasto corriente en salud per cápita;;Banco Mundial - World Development Indicators;2026-07-13;
Venezuela;Venezuela, RB;VE;VEN;Latin America & Caribbean;Not classified;1999;Salud;salud;Gasto sanitario;gasto_sanitario;SH.XPD.CHEX.PC.CD;Gasto corriente en salud per cápita;;Banco Mundial - World Development Indicators;2026-07-13;
Venezuela;Venezuela, RB;VE;VEN;Latin America & Caribbean;Not classified;2000;Salud;salud;Gasto sanitario;gasto_sanitario;SH.XPD.CHEX.PC.CD;Gasto corriente en salud per cápita;;Banco Mundial - World Development Indicators;2026-07-13;
Venezuela;Venezuela, RB;VE;VEN;Latin America & Caribbean;Not classified;2001;Salud;salud;Gasto sanitario;gasto_sanitario;SH.XPD.CHEX.PC.CD;Gasto corriente en salud per cápita;;Banco Mundial - World Development Indicators;2026-07-13;
Venezuela;Venezuela, RB;VE;VEN;Latin America & Caribbean;Not classified;2002;Salud;salud;Gasto sanitario;gasto_sanitario;SH.XPD.CHEX.PC.CD;Gasto corriente en salud per cápita;;Banco Mundial - World Development Indicators;2026-07-13;
Venezuela;Venezuela, RB;VE;VEN;Latin America & Caribbean;Not classified;2003;Salud;salud;Gasto sanitario;gasto_sanitario;SH.XPD.CHEX.PC.CD;Gasto corriente en salud per cápita;;Banco Mundial - World Development Indicators;2026-07-13;
Venezuela;Venezuela, RB;VE;VEN;Latin America & Caribbean;Not classified;2004;Salud;salud;Gasto sanitario;gasto_sanitario;SH.XPD.CHEX.PC.CD;Gasto corriente en salud per cápita;;Banco Mundial - World Development Indicators;2026-07-13;
Venezuela;Venezuela, RB;VE;VEN;Latin America & Caribbean;Not classified;2005;Salud;salud;Gasto sanitario;gasto_sanitario;SH.XPD.CHEX.PC.CD;Gasto corriente en salud per cápita;;Banco Mundial - World Development Indicators;2026-07-13;
Venezuela;Venezuela, RB;VE;VEN;Latin America & Caribbean;Not classified;2006;Salud;salud;Gasto sanitario;gasto_sanitario;SH.XPD.CHEX.PC.CD;Gasto corriente en salud per cápita;;Banco Mundial - World Development Indicators;2026-07-13;
Venezuela;Venezuela, RB;VE;VEN;Latin America & Caribbean;Not classified;2007;Salud;salud;Gasto sanitario;gasto_sanitario;SH.XPD.CHEX.PC.CD;Gasto corriente en salud per cápita;;Banco Mundial - World Development Indicators;2026-07-13;
Venezuela;Venezuela, RB;VE;VEN;Latin America & Caribbean;Not classified;2008;Salud;salud;Gasto sanitario;gasto_sanitario;SH.XPD.CHEX.PC.CD;Gasto corriente en salud per cápita;;Banco Mundial - World Development Indicators;2026-07-13;
Venezuela;Venezuela, RB;VE;VEN;Latin America & Caribbean;Not classified;2009;Salud;salud;Gasto sanitario;gasto_sanitario;SH.XPD.CHEX.PC.CD;Gasto corriente en salud per cápita;;Banco Mundial - World Development Indicators;2026-07-13;
Venezuela;Venezuela, RB;VE;VEN;Latin America & Caribbean;Not classified;2010;Salud;salud;Gasto sanitario;gasto_sanitario;SH.XPD.CHEX.PC.CD;Gasto corriente en salud per cápita;;Banco Mundial - World Development Indicators;2026-07-13;
Venezuela;Venezuela, RB;VE;VEN;Latin America & Caribbean;Not classified;2011;Salud;salud;Gasto sanitario;gasto_sanitario;SH.XPD.CHEX.PC.CD;Gasto corriente en salud per cápita;;Banco Mundial - World Development Indicators;2026-07-13;
Venezuela;Venezuela, RB;VE;VEN;Latin America & Caribbean;Not classified;2012;Salud;salud;Gasto sanitario;gasto_sanitario;SH.XPD.CHEX.PC.CD;Gasto corriente en salud per cápita;;Banco Mundial - World Development Indicators;2026-07-13;
Venezuela;Venezuela, RB;VE;VEN;Latin America & Caribbean;Not classified;2013;Salud;salud;Gasto sanitario;gasto_sanitario;SH.XPD.CHEX.PC.CD;Gasto corriente en salud per cápita;;Banco Mundial - World Development Indicators;2026-07-13;
Venezuela;Venezuela, RB;VE;VEN;Latin America & Caribbean;Not classified;2014;Salud;salud;Gasto sanitario;gasto_sanitario;SH.XPD.CHEX.PC.CD;Gasto corriente en salud per cápita;;Banco Mundial - World Development Indicators;2026-07-13;
Venezuela;Venezuela, RB;VE;VEN;Latin America & Caribbean;Not classified;2015;Salud;salud;Gasto sanitario;gasto_sanitario;SH.XPD.CHEX.PC.CD;Gasto corriente en salud per cápita;;Banco Mundial - World Development Indicators;2026-07-13;
Venezuela;Venezuela, RB;VE;VEN;Latin America & Caribbean;Not classified;2016;Salud;salud;Gasto sanitario;gasto_sanitario;SH.XPD.CHEX.PC.CD;Gasto corriente en salud per cápita;;Banco Mundial - World Development Indicators;2026-07-13;
Venezuela;Venezuela, RB;VE;VEN;Latin America & Caribbean;Not classified;2017;Salud;salud;Gasto sanitario;gasto_sanitario;SH.XPD.CHEX.PC.CD;Gasto corriente en salud per cápita;;Banco Mundial - World Development Indicators;2026-07-13;
Venezuela;Venezuela, RB;VE;VEN;Latin America & Caribbean;Not classified;2018;Salud;salud;Gasto sanitario;gasto_sanitario;SH.XPD.CHEX.PC.CD;Gasto corriente en salud per cápita;164.68154907;Banco Mundial - World Development Indicators;2026-07-13;
Venezuela;Venezuela, RB;VE;VEN;Latin America & Caribbean;Not classified;2019;Salud;salud;Gasto sanitario;gasto_sanitario;SH.XPD.CHEX.PC.CD;Gasto corriente en salud per cápita;112.72974396;Banco Mundial - World Development Indicators;2026-07-13;
Venezuela;Venezuela, RB;VE;VEN;Latin America & Caribbean;Not classified;2020;Salud;salud;Gasto sanitario;gasto_sanitario;SH.XPD.CHEX.PC.CD;Gasto corriente en salud per cápita;153.21711731;Banco Mundial - World Development Indicators;2026-07-13;
Venezuela;Venezuela, RB;VE;VEN;Latin America & Caribbean;Not classified;2021;Salud;salud;Gasto sanitario;gasto_sanitario;SH.XPD.CHEX.PC.CD;Gasto corriente en salud per cápita;162.43952942;Banco Mundial - World Development Indicators;2026-07-13;
Venezuela;Venezuela, RB;VE;VEN;Latin America & Caribbean;Not classified;2022;Salud;salud;Gasto sanitario;gasto_sanitario;SH.XPD.CHEX.PC.CD;Gasto corriente en salud per cápita;208.66654968;Banco Mundial - World Development Indicators;2026-07-13;
Venezuela;Venezuela, RB;VE;VEN;Latin America & Caribbean;Not classified;2023;Salud;salud;Gasto sanitario;gasto_sanitario;SH.XPD.CHEX.PC.CD;Gasto corriente en salud per cápita;185.99124146;Banco Mundial - World Development Indicators;2026-07-13;
Venezuela;Venezuela, RB;VE;VEN;Latin America & Caribbean;Not classified;2024;Salud;salud;Gasto sanitario;gasto_sanitario;SH.XPD.CHEX.PC.CD;Gasto corriente en salud per cápita;;Banco Mundial - World Development Indicators;2026-07-13;
Venezuela;Venezuela, RB;VE;VEN;Latin America & Caribbean;Not classified;2025;Salud;salud;Gasto sanitario;gasto_sanitario;SH.XPD.CHEX.PC.CD;Gasto corriente en salud per cápita;;Banco Mundial - World Development Indicators;2026-07-13;
Venezuela;Venezuela, RB;VE;VEN;Latin America & Caribbean;Not classified;1960;Salud;salud;Mortalidad;mortalidad;SP.DYN.IMRT.IN;Mortalidad infantil;58.6;Banco Mundial - World Development Indicators;2026-07-13;
Venezuela;Venezuela, RB;VE;VEN;Latin America & Caribbean;Not classified;1961;Salud;salud;Mortalidad;mortalidad;SP.DYN.IMRT.IN;Mortalidad infantil;57.1;Banco Mundial - World Development Indicators;2026-07-13;
Venezuela;Venezuela, RB;VE;VEN;Latin America & Caribbean;Not classified;1962;Salud;salud;Mortalidad;mortalidad;SP.DYN.IMRT.IN;Mortalidad infantil;55.9;Banco Mundial - World Development Indicators;2026-07-13;
Venezuela;Venezuela, RB;VE;VEN;Latin America & Caribbean;Not classified;1963;Salud;salud;Mortalidad;mortalidad;SP.DYN.IMRT.IN;Mortalidad infantil;54.8;Banco Mundial - World Development Indicators;2026-07-13;
Venezuela;Venezuela, RB;VE;VEN;Latin America & Caribbean;Not classified;1964;Salud;salud;Mortalidad;mortalidad;SP.DYN.IMRT.IN;Mortalidad infantil;54.0;Banco Mundial - World Development Indicators;2026-07-13;
Venezuela;Venezuela, RB;VE;VEN;Latin America & Caribbean;Not classified;1965;Salud;salud;Mortalidad;mortalidad;SP.DYN.IMRT.IN;Mortalidad infantil;53.2;Banco Mundial - World Development Indicators;2026-07-13;
Venezuela;Venezuela, RB;VE;VEN;Latin America & Caribbean;Not classified;1966;Salud;salud;Mortalidad;mortalidad;SP.DYN.IMRT.IN;Mortalidad infantil;52.6;Banco Mundial - World Development Indicators;2026-07-13;
Venezuela;Venezuela, RB;VE;VEN;Latin America & Caribbean;Not classified;1967;Salud;salud;Mortalidad;mortalidad;SP.DYN.IMRT.IN;Mortalidad infantil;51.9;Banco Mundial - World Development Indicators;2026-07-13;
Venezuela;Venezuela, RB;VE;VEN;Latin America & Caribbean;Not classified;1968;Salud;salud;Mortalidad;mortalidad;SP.DYN.IMRT.IN;Mortalidad infantil;51.2;Banco Mundial - World Development Indicators;2026-07-13;
Venezuela;Venezuela, RB;VE;VEN;Latin America & Caribbean;Not classified;1969;Salud;salud;Mortalidad;mortalidad;SP.DYN.IMRT.IN;Mortalidad infantil;50.4;Banco Mundial - World Development Indicators;2026-07-13;
Venezuela;Venezuela, RB;VE;VEN;Latin America & Caribbean;Not classified;1970;Salud;salud;Mortalidad;mortalidad;SP.DYN.IMRT.IN;Mortalidad infantil;49.3;Banco Mundial - World Development Indicators;2026-07-13;
Venezuela;Venezuela, RB;VE;VEN;Latin America & Caribbean;Not classified;1971;Salud;salud;Mortalidad;mortalidad;SP.DYN.IMRT.IN;Mortalidad infantil;48.2;Banco Mundial - World Development Indicators;2026-07-13;
Venezuela;Venezuela, RB;VE;VEN;Latin America & Caribbean;Not classified;1972;Salud;salud;Mortalidad;mortalidad;SP.DYN.IMRT.IN;Mortalidad infantil;46.9;Banco Mundial - World Development Indicators;2026-07-13;
Venezuela;Venezuela, RB;VE;VEN;Latin America & Caribbean;Not classified;1973;Salud;salud;Mortalidad;mortalidad;SP.DYN.IMRT.IN;Mortalidad infantil;45.6;Banco Mundial - World Development Indicators;2026-07-13;
Venezuela;Venezuela, RB;VE;VEN;Latin America & Caribbean;Not classified;1974;Salud;salud;Mortalidad;mortalidad;SP.DYN.IMRT.IN;Mortalidad infantil;44.4;Banco Mundial - World Development Indicators;2026-07-13;
Venezuela;Venezuela, RB;VE;VEN;Latin America & Caribbean;Not classified;1975;Salud;salud;Mortalidad;mortalidad;SP.DYN.IMRT.IN;Mortalidad infantil;43.1;Banco Mundial - World Development Indicators;2026-07-13;
Venezuela;Venezuela, RB;VE;VEN;Latin America & Caribbean;Not classified;1976;Salud;salud;Mortalidad;mortalidad;SP.DYN.IMRT.IN;Mortalidad infantil;41.7;Banco Mundial - World Development Indicators;2026-07-13;
Venezuela;Venezuela, RB;VE;VEN;Latin America & Caribbean;Not classified;1977;Salud;salud;Mortalidad;mortalidad;SP.DYN.IMRT.IN;Mortalidad infantil;40.3;Banco Mundial - World Development Indicators;2026-07-13;
Venezuela;Venezuela, RB;VE;VEN;Latin America & Caribbean;Not classified;1978;Salud;salud;Mortalidad;mortalidad;SP.DYN.IMRT.IN;Mortalidad infantil;38.9;Banco Mundial - World Development Indicators;2026-07-13;
Venezuela;Venezuela, RB;VE;VEN;Latin America & Caribbean;Not classified;1979;Salud;salud;Mortalidad;mortalidad;SP.DYN.IMRT.IN;Mortalidad infantil;37.4;Banco Mundial - World Development Indicators;2026-07-13;
Venezuela;Venezuela, RB;VE;VEN;Latin America & Caribbean;Not classified;1980;Salud;salud;Mortalidad;mortalidad;SP.DYN.IMRT.IN;Mortalidad infantil;35.9;Banco Mundial - World Development Indicators;2026-07-13;
Venezuela;Venezuela, RB;VE;VEN;Latin America & Caribbean;Not classified;1981;Salud;salud;Mortalidad;mortalidad;SP.DYN.IMRT.IN;Mortalidad infantil;34.4;Banco Mundial - World Development Indicators;2026-07-13;
Venezuela;Venezuela, RB;VE;VEN;Latin America & Caribbean;Not classified;1982;Salud;salud;Mortalidad;mortalidad;SP.DYN.IMRT.IN;Mortalidad infantil;33.1;Banco Mundial - World Development Indicators;2026-07-13;
Venezuela;Venezuela, RB;VE;VEN;Latin America & Caribbean;Not classified;1983;Salud;salud;Mortalidad;mortalidad;SP.DYN.IMRT.IN;Mortalidad infantil;31.9;Banco Mundial - World Development Indicators;2026-07-13;
Venezuela;Venezuela, RB;VE;VEN;Latin America & Caribbean;Not classified;1984;Salud;salud;Mortalidad;mortalidad;SP.DYN.IMRT.IN;Mortalidad infantil;30.8;Banco Mundial - World Development Indicators;2026-07-13;
Venezuela;Venezuela, RB;VE;VEN;Latin America & Caribbean;Not classified;1985;Salud;salud;Mortalidad;mortalidad;SP.DYN.IMRT.IN;Mortalidad infantil;29.7;Banco Mundial - World Development Indicators;2026-07-13;
Venezuela;Venezuela, RB;VE;VEN;Latin America & Caribbean;Not classified;1986;Salud;salud;Mortalidad;mortalidad;SP.DYN.IMRT.IN;Mortalidad infantil;28.7;Banco Mundial - World Development Indicators;2026-07-13;
Venezuela;Venezuela, RB;VE;VEN;Latin America & Caribbean;Not classified;1987;Salud;salud;Mortalidad;mortalidad;SP.DYN.IMRT.IN;Mortalidad infantil;27.6;Banco Mundial - World Development Indicators;2026-07-13;
Venezuela;Venezuela, RB;VE;VEN;Latin America & Caribbean;Not classified;1988;Salud;salud;Mortalidad;mortalidad;SP.DYN.IMRT.IN;Mortalidad infantil;26.5;Banco Mundial - World Development Indicators;2026-07-13;
Venezuela;Venezuela, RB;VE;VEN;Latin America & Caribbean;Not classified;1989;Salud;salud;Mortalidad;mortalidad;SP.DYN.IMRT.IN;Mortalidad infantil;25.3;Banco Mundial - World Development Indicators;2026-07-13;
Venezuela;Venezuela, RB;VE;VEN;Latin America & Caribbean;Not classified;1990;Salud;salud;Mortalidad;mortalidad;SP.DYN.IMRT.IN;Mortalidad infantil;24.3;Banco Mundial - World Development Indicators;2026-07-13;
Venezuela;Venezuela, RB;VE;VEN;Latin America & Caribbean;Not classified;1991;Salud;salud;Mortalidad;mortalidad;SP.DYN.IMRT.IN;Mortalidad infantil;23.5;Banco Mundial - World Development Indicators;2026-07-13;
Venezuela;Venezuela, RB;VE;VEN;Latin America & Caribbean;Not classified;1992;Salud;salud;Mortalidad;mortalidad;SP.DYN.IMRT.IN;Mortalidad infantil;22.8;Banco Mundial - World Development Indicators;2026-07-13;
Venezuela;Venezuela, RB;VE;VEN;Latin America & Caribbean;Not classified;1993;Salud;salud;Mortalidad;mortalidad;SP.DYN.IMRT.IN;Mortalidad infantil;22.4;Banco Mundial - World Development Indicators;2026-07-13;
Venezuela;Venezuela, RB;VE;VEN;Latin America & Caribbean;Not classified;1994;Salud;salud;Mortalidad;mortalidad;SP.DYN.IMRT.IN;Mortalidad infantil;22.0;Banco Mundial - World Development Indicators;2026-07-13;
Venezuela;Venezuela, RB;VE;VEN;Latin America & Caribbean;Not classified;1995;Salud;salud;Mortalidad;mortalidad;SP.DYN.IMRT.IN;Mortalidad infantil;21.5;Banco Mundial - World Development Indicators;2026-07-13;
Venezuela;Venezuela, RB;VE;VEN;Latin America & Caribbean;Not classified;1996;Salud;salud;Mortalidad;mortalidad;SP.DYN.IMRT.IN;Mortalidad infantil;20.8;Banco Mundial - World Development Indicators;2026-07-13;
Venezuela;Venezuela, RB;VE;VEN;Latin America & Caribbean;Not classified;1997;Salud;salud;Mortalidad;mortalidad;SP.DYN.IMRT.IN;Mortalidad infantil;19.9;Banco Mundial - World Development Indicators;2026-07-13;
Venezuela;Venezuela, RB;VE;VEN;Latin America & Caribbean;Not classified;1998;Salud;salud;Mortalidad;mortalidad;SP.DYN.IMRT.IN;Mortalidad infantil;19.1;Banco Mundial - World Development Indicators;2026-07-13;
Venezuela;Venezuela, RB;VE;VEN;Latin America & Caribbean;Not classified;1999;Salud;salud;Mortalidad;mortalidad;SP.DYN.IMRT.IN;Mortalidad infantil;18.2;Banco Mundial - World Development Indicators;2026-07-13;
Venezuela;Venezuela, RB;VE;VEN;Latin America & Caribbean;Not classified;2000;Salud;salud;Mortalidad;mortalidad;SP.DYN.IMRT.IN;Mortalidad infantil;17.5;Banco Mundial - World Development Indicators;2026-07-13;
Venezuela;Venezuela, RB;VE;VEN;Latin America & Caribbean;Not classified;2001;Salud;salud;Mortalidad;mortalidad;SP.DYN.IMRT.IN;Mortalidad infantil;17.0;Banco Mundial - World Development Indicators;2026-07-13;
Venezuela;Venezuela, RB;VE;VEN;Latin America & Caribbean;Not classified;2002;Salud;salud;Mortalidad;mortalidad;SP.DYN.IMRT.IN;Mortalidad infantil;16.6;Banco Mundial - World Development Indicators;2026-07-13;
Venezuela;Venezuela, RB;VE;VEN;Latin America & Caribbean;Not classified;2003;Salud;salud;Mortalidad;mortalidad;SP.DYN.IMRT.IN;Mortalidad infantil;16.2;Banco Mundial - World Development Indicators;2026-07-13;
Venezuela;Venezuela, RB;VE;VEN;Latin America & Caribbean;Not classified;2004;Salud;salud;Mortalidad;mortalidad;SP.DYN.IMRT.IN;Mortalidad infantil;15.7;Banco Mundial - World Development Indicators;2026-07-13;
Venezuela;Venezuela, RB;VE;VEN;Latin America & Caribbean;Not classified;2005;Salud;salud;Mortalidad;mortalidad;SP.DYN.IMRT.IN;Mortalidad infantil;15.3;Banco Mundial - World Development Indicators;2026-07-13;
Venezuela;Venezuela, RB;VE;VEN;Latin America & Caribbean;Not classified;2006;Salud;salud;Mortalidad;mortalidad;SP.DYN.IMRT.IN;Mortalidad infantil;14.8;Banco Mundial - World Development Indicators;2026-07-13;
Venezuela;Venezuela, RB;VE;VEN;Latin America & Caribbean;Not classified;2007;Salud;salud;Mortalidad;mortalidad;SP.DYN.IMRT.IN;Mortalidad infantil;14.5;Banco Mundial - World Development Indicators;2026-07-13;
Venezuela;Venezuela, RB;VE;VEN;Latin America & Caribbean;Not classified;2008;Salud;salud;Mortalidad;mortalidad;SP.DYN.IMRT.IN;Mortalidad infantil;14.4;Banco Mundial - World Development Indicators;2026-07-13;
Venezuela;Venezuela, RB;VE;VEN;Latin America & Caribbean;Not classified;2009;Salud;salud;Mortalidad;mortalidad;SP.DYN.IMRT.IN;Mortalidad infantil;14.4;Banco Mundial - World Development Indicators;2026-07-13;
Venezuela;Venezuela, RB;VE;VEN;Latin America & Caribbean;Not classified;2010;Salud;salud;Mortalidad;mortalidad;SP.DYN.IMRT.IN;Mortalidad infantil;14.5;Banco Mundial - World Development Indicators;2026-07-13;
Venezuela;Venezuela, RB;VE;VEN;Latin America & Caribbean;Not classified;2011;Salud;salud;Mortalidad;mortalidad;SP.DYN.IMRT.IN;Mortalidad infantil;14.8;Banco Mundial - World Development Indicators;2026-07-13;
Venezuela;Venezuela, RB;VE;VEN;Latin America & Caribbean;Not classified;2012;Salud;salud;Mortalidad;mortalidad;SP.DYN.IMRT.IN;Mortalidad infantil;15.1;Banco Mundial - World Development Indicators;2026-07-13;
Venezuela;Venezuela, RB;VE;VEN;Latin America & Caribbean;Not classified;2013;Salud;salud;Mortalidad;mortalidad;SP.DYN.IMRT.IN;Mortalidad infantil;15.4;Banco Mundial - World Development Indicators;2026-07-13;
Venezuela;Venezuela, RB;VE;VEN;Latin America & Caribbean;Not classified;2014;Salud;salud;Mortalidad;mortalidad;SP.DYN.IMRT.IN;Mortalidad infantil;15.8;Banco Mundial - World Development Indicators;2026-07-13;
Venezuela;Venezuela, RB;VE;VEN;Latin America & Caribbean;Not classified;2015;Salud;salud;Mortalidad;mortalidad;SP.DYN.IMRT.IN;Mortalidad infantil;16.5;Banco Mundial - World Development Indicators;2026-07-13;
Venezuela;Venezuela, RB;VE;VEN;Latin America & Caribbean;Not classified;2016;Salud;salud;Mortalidad;mortalidad;SP.DYN.IMRT.IN;Mortalidad infantil;21.2;Banco Mundial - World Development Indicators;2026-07-13;
Venezuela;Venezuela, RB;VE;VEN;Latin America & Caribbean;Not classified;2017;Salud;salud;Mortalidad;mortalidad;SP.DYN.IMRT.IN;Mortalidad infantil;21.2;Banco Mundial - World Development Indicators;2026-07-13;
Venezuela;Venezuela, RB;VE;VEN;Latin America & Caribbean;Not classified;2018;Salud;salud;Mortalidad;mortalidad;SP.DYN.IMRT.IN;Mortalidad infantil;21.2;Banco Mundial - World Development Indicators;2026-07-13;
Venezuela;Venezuela, RB;VE;VEN;Latin America & Caribbean;Not classified;2019;Salud;salud;Mortalidad;mortalidad;SP.DYN.IMRT.IN;Mortalidad infantil;21.2;Banco Mundial - World Development Indicators;2026-07-13;
Venezuela;Venezuela, RB;VE;VEN;Latin America & Caribbean;Not classified;2020;Salud;salud;Mortalidad;mortalidad;SP.DYN.IMRT.IN;Mortalidad infantil;21.2;Banco Mundial - World Development Indicators;2026-07-13;
Venezuela;Venezuela, RB;VE;VEN;Latin America & Caribbean;Not classified;2021;Salud;salud;Mortalidad;mortalidad;SP.DYN.IMRT.IN;Mortalidad infantil;21.2;Banco Mundial - World Development Indicators;2026-07-13;
Venezuela;Venezuela, RB;VE;VEN;Latin America & Caribbean;Not classified;2022;Salud;salud;Mortalidad;mortalidad;SP.DYN.IMRT.IN;Mortalidad infantil;21.2;Banco Mundial - World Development Indicators;2026-07-13;
Venezuela;Venezuela, RB;VE;VEN;Latin America & Caribbean;Not classified;2023;Salud;salud;Mortalidad;mortalidad;SP.DYN.IMRT.IN;Mortalidad infantil;21.2;Banco Mundial - World Development Indicators;2026-07-13;
Venezuela;Venezuela, RB;VE;VEN;Latin America & Caribbean;Not classified;2024;Salud;salud;Mortalidad;mortalidad;SP.DYN.IMRT.IN;Mortalidad infantil;21.2;Banco Mundial - World Development Indicators;2026-07-13;
Venezuela;Venezuela, RB;VE;VEN;Latin America & Caribbean;Not classified;2025;Salud;salud;Mortalidad;mortalidad;SP.DYN.IMRT.IN;Mortalidad infantil;;Banco Mundial - World Development Indicators;2026-07-13;
