STRUCTURE[;],STRUCTURE_ID,ACTION,COUNTRY,INDICATOR,FREQUENCY,TIME_PERIOD,OBS_VALUE,SCALE,PRECISION,DECIMALS_DISPLAYED,FUNCTIONAL_CAT,INT_ACC_ITEM,NA_STO,GFS_STO,COICOP_1999,TRADE_FLOW,COMMODITY,SOC_CONCEPTS,SECTOR,ACCOUNTING_ENTRY,INDEX_TYPE,PRICES,STATISTICAL_MEASURES,EXRATE,TRANSFORMATION,UNIT,REPORTING_PERIOD_TYPE,DERIVATION_TYPE,OVERLAP,COUNTRY_UPDATE_DATE
dataflow,IMF.RES:WEO(9.0.0),R,VEN,BCA,A,1980,5175995000,9,,3,,CAB,,,,,,,,,,,,,,USD,,,OL,9/16/2025
dataflow,IMF.RES:WEO(9.0.0),R,VEN,BCA,A,1981,4435994000,9,,3,,CAB,,,,,,,,,,,,,,USD,,,OL,9/16/2025
dataflow,IMF.RES:WEO(9.0.0),R,VEN,BCA,A,1982,-3878000000,9,,3,,CAB,,,,,,,,,,,,,,USD,,,OL,9/16/2025
dataflow,IMF.RES:WEO(9.0.0),R,VEN,BCA,A,1983,4802989000,9,,3,,CAB,,,,,,,,,,,,,,USD,,,OL,9/16/2025
dataflow,IMF.RES:WEO(9.0.0),R,VEN,BCA,A,1984,5045003000,9,,3,,CAB,,,,,,,,,,,,,,USD,,,OL,9/16/2025
dataflow,IMF.RES:WEO(9.0.0),R,VEN,BCA,A,1985,3716993000,9,,3,,CAB,,,,,,,,,,,,,,USD,,,OL,9/16/2025
dataflow,IMF.RES:WEO(9.0.0),R,VEN,BCA,A,1986,-1987006000,9,,3,,CAB,,,,,,,,,,,,,,USD,,,OL,9/16/2025
dataflow,IMF.RES:WEO(9.0.0),R,VEN,BCA,A,1987,-1390000000,9,,3,,CAB,,,,,,,,,,,,,,USD,,,OL,9/16/2025
dataflow,IMF.RES:WEO(9.0.0),R,VEN,BCA,A,1988,-5539000000,9,,3,,CAB,,,,,,,,,,,,,,USD,,,OL,9/16/2025
dataflow,IMF.RES:WEO(9.0.0),R,VEN,BCA,A,1989,2439000000,9,,3,,CAB,,,,,,,,,,,,,,USD,,,OL,9/16/2025
dataflow,IMF.RES:WEO(9.0.0),R,VEN,BCA,A,1990,8452000000,9,,3,,CAB,,,,,,,,,,,,,,USD,,,OL,9/16/2025
dataflow,IMF.RES:WEO(9.0.0),R,VEN,BCA,A,1991,1924000000,9,,3,,CAB,,,,,,,,,,,,,,USD,,,OL,9/16/2025
dataflow,IMF.RES:WEO(9.0.0),R,VEN,BCA,A,1992,-3753000000,9,,3,,CAB,,,,,,,,,,,,,,USD,,,OL,9/16/2025
dataflow,IMF.RES:WEO(9.0.0),R,VEN,BCA,A,1993,-1992767000,9,,3,,CAB,,,,,,,,,,,,,,USD,,,OL,9/16/2025
dataflow,IMF.RES:WEO(9.0.0),R,VEN,BCA,A,1994,2623000000,9,,3,,CAB,,,,,,,,,,,,,,USD,,,OL,9/16/2025
dataflow,IMF.RES:WEO(9.0.0),R,VEN,BCA,A,1995,2136000000,9,,3,,CAB,,,,,,,,,,,,,,USD,,,OL,9/16/2025
dataflow,IMF.RES:WEO(9.0.0),R,VEN,BCA,A,1996,8989000000,9,,3,,CAB,,,,,,,,,,,,,,USD,,,OL,9/16/2025
dataflow,IMF.RES:WEO(9.0.0),R,VEN,BCA,A,1997,3732000000,9,,3,,CAB,,,,,,,,,,,,,,USD,,,OL,9/16/2025
dataflow,IMF.RES:WEO(9.0.0),R,VEN,BCA,A,1998,-4432000000,9,,3,,CAB,,,,,,,,,,,,,,USD,,,OL,9/16/2025
dataflow,IMF.RES:WEO(9.0.0),R,VEN,BCA,A,1999,2112000000,9,,3,,CAB,,,,,,,,,,,,,,USD,,,OL,9/16/2025
dataflow,IMF.RES:WEO(9.0.0),R,VEN,BCA,A,2000,11853000000,9,,3,,CAB,,,,,,,,,,,,,,USD,,,OL,9/16/2025
dataflow,IMF.RES:WEO(9.0.0),R,VEN,BCA,A,2001,1983000000,9,,3,,CAB,,,,,,,,,,,,,,USD,,,OL,9/16/2025
dataflow,IMF.RES:WEO(9.0.0),R,VEN,BCA,A,2002,7599000000,9,,3,,CAB,,,,,,,,,,,,,,USD,,,OL,9/16/2025
dataflow,IMF.RES:WEO(9.0.0),R,VEN,BCA,A,2003,11796000000,9,,3,,CAB,,,,,,,,,,,,,,USD,,,OL,9/16/2025
dataflow,IMF.RES:WEO(9.0.0),R,VEN,BCA,A,2004,15519000000,9,,3,,CAB,,,,,,,,,,,,,,USD,,,OL,9/16/2025
dataflow,IMF.RES:WEO(9.0.0),R,VEN,BCA,A,2005,25447000000,9,,3,,CAB,,,,,,,,,,,,,,USD,,,OL,9/16/2025
dataflow,IMF.RES:WEO(9.0.0),R,VEN,BCA,A,2006,26462000000,9,,3,,CAB,,,,,,,,,,,,,,USD,,,OL,9/16/2025
dataflow,IMF.RES:WEO(9.0.0),R,VEN,BCA,A,2007,13464000000,9,,3,,CAB,,,,,,,,,,,,,,USD,,,OL,9/16/2025
dataflow,IMF.RES:WEO(9.0.0),R,VEN,BCA,A,2008,31297000000,9,,3,,CAB,,,,,,,,,,,,,,USD,,,OL,9/16/2025
dataflow,IMF.RES:WEO(9.0.0),R,VEN,BCA,A,2009,429000000,9,,3,,CAB,,,,,,,,,,,,,,USD,,,OL,9/16/2025
dataflow,IMF.RES:WEO(9.0.0),R,VEN,BCA,A,2010,5585000000,9,,3,,CAB,,,,,,,,,,,,,,USD,,,OL,9/16/2025
dataflow,IMF.RES:WEO(9.0.0),R,VEN,BCA,A,2011,16342000000,9,,3,,CAB,,,,,,,,,,,,,,USD,,,OL,9/16/2025
dataflow,IMF.RES:WEO(9.0.0),R,VEN,BCA,A,2012,2586000000,9,,3,,CAB,,,,,,,,,,,,,,USD,,,OL,9/16/2025
dataflow,IMF.RES:WEO(9.0.0),R,VEN,BCA,A,2013,4604000000,9,,3,,CAB,,,,,,,,,,,,,,USD,,,OL,9/16/2025
dataflow,IMF.RES:WEO(9.0.0),R,VEN,BCA,A,2014,4919000000,9,,3,,CAB,,,,,,,,,,,,,,USD,,,OL,9/16/2025
dataflow,IMF.RES:WEO(9.0.0),R,VEN,BCA,A,2015,-16051000000,9,,3,,CAB,,,,,,,,,,,,,,USD,,,OL,9/16/2025
dataflow,IMF.RES:WEO(9.0.0),R,VEN,BCA,A,2016,-3870000000,9,,3,,CAB,,,,,,,,,,,,,,USD,,,OL,9/16/2025
dataflow,IMF.RES:WEO(9.0.0),R,VEN,BCA,A,2017,8706000000,9,,3,,CAB,,,,,,,,,,,,,,USD,,,OL,9/16/2025
dataflow,IMF.RES:WEO(9.0.0),R,VEN,BCA,A,2018,8613000000,9,,3,,CAB,,,,,,,,,,,,,,USD,,,OL,9/16/2025
dataflow,IMF.RES:WEO(9.0.0),R,VEN,BCA,A,2019,4295895000,9,,3,,CAB,,,,,,,,,,,,,,USD,,,OL,9/16/2025
dataflow,IMF.RES:WEO(9.0.0),R,VEN,BCA,A,2020,-1382623000,9,,3,,CAB,,,,,,,,,,,,,,USD,,,OL,9/16/2025
dataflow,IMF.RES:WEO(9.0.0),R,VEN,BCA,A,2021,-535260000,9,,3,,CAB,,,,,,,,,,,,,,USD,,,OL,9/16/2025
dataflow,IMF.RES:WEO(9.0.0),R,VEN,BCA,A,2022,3589568000,9,,3,,CAB,,,,,,,,,,,,,,USD,,,OL,9/16/2025
dataflow,IMF.RES:WEO(9.0.0),R,VEN,BCA,A,2023,5964700000,9,,3,,CAB,,,,,,,,,,,,,,USD,,,OL,9/16/2025
dataflow,IMF.RES:WEO(9.0.0),R,VEN,BCA,A,2024,4935104000,9,,3,,CAB,,,,,,,,,,,,,,USD,,,OL,9/16/2025
dataflow,IMF.RES:WEO(9.0.0),R,VEN,BCA,A,2025,2557593000,9,,3,,CAB,,,,,,,,,,,,,,USD,,,OL,9/16/2025
dataflow,IMF.RES:WEO(9.0.0),R,VEN,BCA,A,2026,7875682000,9,,3,,CAB,,,,,,,,,,,,,,USD,,,OL,9/16/2025
dataflow,IMF.RES:WEO(9.0.0),R,VEN,BCA,A,2027,5636468000,9,,3,,CAB,,,,,,,,,,,,,,USD,,,OL,9/16/2025
dataflow,IMF.RES:WEO(9.0.0),R,VEN,BCA_NGDPD,A,1980,7.411139,0,,3,,CAB,,,,,,,,,,,,,,PT,,,OL,9/16/2025
dataflow,IMF.RES:WEO(9.0.0),R,VEN,BCA_NGDPD,A,1981,5.660537,0,,3,,CAB,,,,,,,,,,,,,,PT,,,OL,9/16/2025
dataflow,IMF.RES:WEO(9.0.0),R,VEN,BCA_NGDPD,A,1982,-4.847638,0,,3,,CAB,,,,,,,,,,,,,,PT,,,OL,9/16/2025
dataflow,IMF.RES:WEO(9.0.0),R,VEN,BCA_NGDPD,A,1983,6.028417,0,,3,,CAB,,,,,,,,,,,,,,PT,,,OL,9/16/2025
dataflow,IMF.RES:WEO(9.0.0),R,VEN,BCA_NGDPD,A,1984,8.724524,0,,3,,CAB,,,,,,,,,,,,,,PT,,,OL,9/16/2025
dataflow,IMF.RES:WEO(9.0.0),R,VEN,BCA_NGDPD,A,1985,6.208964,0,,3,,CAB,,,,,,,,,,,,,,PT,,,OL,9/16/2025
dataflow,IMF.RES:WEO(9.0.0),R,VEN,BCA_NGDPD,A,1986,-3.263989,0,,3,,CAB,,,,,,,,,,,,,,PT,,,OL,9/16/2025
dataflow,IMF.RES:WEO(9.0.0),R,VEN,BCA_NGDPD,A,1987,-2.966673,0,,3,,CAB,,,,,,,,,,,,,,PT,,,OL,9/16/2025
dataflow,IMF.RES:WEO(9.0.0),R,VEN,BCA_NGDPD,A,1988,-9.173935,0,,3,,CAB,,,,,,,,,,,,,,PT,,,OL,9/16/2025
dataflow,IMF.RES:WEO(9.0.0),R,VEN,BCA_NGDPD,A,1989,5.459809,0,,3,,CAB,,,,,,,,,,,,,,PT,,,OL,9/16/2025
dataflow,IMF.RES:WEO(9.0.0),R,VEN,BCA_NGDPD,A,1990,17.465915,0,,3,,CAB,,,,,,,,,,,,,,PT,,,OL,9/16/2025
dataflow,IMF.RES:WEO(9.0.0),R,VEN,BCA_NGDPD,A,1991,3.604238,0,,3,,CAB,,,,,,,,,,,,,,PT,,,OL,9/16/2025
dataflow,IMF.RES:WEO(9.0.0),R,VEN,BCA_NGDPD,A,1992,-6.213543,0,,3,,CAB,,,,,,,,,,,,,,PT,,,OL,9/16/2025
dataflow,IMF.RES:WEO(9.0.0),R,VEN,BCA_NGDPD,A,1993,-3.328742,0,,3,,CAB,,,,,,,,,,,,,,PT,,,OL,9/16/2025
dataflow,IMF.RES:WEO(9.0.0),R,VEN,BCA_NGDPD,A,1994,4.494741,0,,3,,CAB,,,,,,,,,,,,,,PT,,,OL,9/16/2025
dataflow,IMF.RES:WEO(9.0.0),R,VEN,BCA_NGDPD,A,1995,2.75871,0,,3,,CAB,,,,,,,,,,,,,,PT,,,OL,9/16/2025
dataflow,IMF.RES:WEO(9.0.0),R,VEN,BCA_NGDPD,A,1996,12.743894,0,,3,,CAB,,,,,,,,,,,,,,PT,,,OL,9/16/2025
dataflow,IMF.RES:WEO(9.0.0),R,VEN,BCA_NGDPD,A,1997,4.355544,0,,3,,CAB,,,,,,,,,,,,,,PT,,,OL,9/16/2025
dataflow,IMF.RES:WEO(9.0.0),R,VEN,BCA_NGDPD,A,1998,-4.825987,0,,3,,CAB,,,,,,,,,,,,,,PT,,,OL,9/16/2025
dataflow,IMF.RES:WEO(9.0.0),R,VEN,BCA_NGDPD,A,1999,2.165777,0,,3,,CAB,,,,,,,,,,,,,,PT,,,OL,9/16/2025
dataflow,IMF.RES:WEO(9.0.0),R,VEN,BCA_NGDPD,A,2000,10.079464,0,,3,,CAB,,,,,,,,,,,,,,PT,,,OL,9/16/2025
dataflow,IMF.RES:WEO(9.0.0),R,VEN,BCA_NGDPD,A,2001,1.610631,0,,3,,CAB,,,,,,,,,,,,,,PT,,,OL,9/16/2025
dataflow,IMF.RES:WEO(9.0.0),R,VEN,BCA_NGDPD,A,2002,7.977295,0,,3,,CAB,,,,,,,,,,,,,,PT,,,OL,9/16/2025
dataflow,IMF.RES:WEO(9.0.0),R,VEN,BCA_NGDPD,A,2003,14.095859,0,,3,,CAB,,,,,,,,,,,,,,PT,,,OL,9/16/2025
dataflow,IMF.RES:WEO(9.0.0),R,VEN,BCA_NGDPD,A,2004,13.824891,0,,3,,CAB,,,,,,,,,,,,,,PT,,,OL,9/16/2025
dataflow,IMF.RES:WEO(9.0.0),R,VEN,BCA_NGDPD,A,2005,17.74853,0,,3,,CAB,,,,,,,,,,,,,,PT,,,OL,9/16/2025
dataflow,IMF.RES:WEO(9.0.0),R,VEN,BCA_NGDPD,A,2006,14.822912,0,,3,,CAB,,,,,,,,,,,,,,PT,,,OL,9/16/2025
dataflow,IMF.RES:WEO(9.0.0),R,VEN,BCA_NGDPD,A,2007,5.782085,0,,3,,CAB,,,,,,,,,,,,,,PT,,,OL,9/16/2025
dataflow,IMF.RES:WEO(9.0.0),R,VEN,BCA_NGDPD,A,2008,10.202295,0,,3,,CAB,,,,,,,,,,,,,,PT,,,OL,9/16/2025
dataflow,IMF.RES:WEO(9.0.0),R,VEN,BCA_NGDPD,A,2009,0.159703,0,,3,,CAB,,,,,,,,,,,,,,PT,,,OL,9/16/2025
dataflow,IMF.RES:WEO(9.0.0),R,VEN,BCA_NGDPD,A,2010,1.754741,0,,3,,CAB,,,,,,,,,,,,,,PT,,,OL,9/16/2025
dataflow,IMF.RES:WEO(9.0.0),R,VEN,BCA_NGDPD,A,2011,5.163636,0,,3,,CAB,,,,,,,,,,,,,,PT,,,OL,9/16/2025
dataflow,IMF.RES:WEO(9.0.0),R,VEN,BCA_NGDPD,A,2012,0.694057,0,,3,,CAB,,,,,,,,,,,,,,PT,,,OL,9/16/2025
dataflow,IMF.RES:WEO(9.0.0),R,VEN,BCA_NGDPD,A,2013,1.778074,0,,3,,CAB,,,,,,,,,,,,,,PT,,,OL,9/16/2025
dataflow,IMF.RES:WEO(9.0.0),R,VEN,BCA_NGDPD,A,2014,2.291215,0,,3,,CAB,,,,,,,,,,,,,,PT,,,OL,9/16/2025
dataflow,IMF.RES:WEO(9.0.0),R,VEN,BCA_NGDPD,A,2015,-12.794793,0,,3,,CAB,,,,,,,,,,,,,,PT,,,OL,9/16/2025
dataflow,IMF.RES:WEO(9.0.0),R,VEN,BCA_NGDPD,A,2016,-3.42736,0,,3,,CAB,,,,,,,,,,,,,,PT,,,OL,9/16/2025
dataflow,IMF.RES:WEO(9.0.0),R,VEN,BCA_NGDPD,A,2017,7.512805,0,,3,,CAB,,,,,,,,,,,,,,PT,,,OL,9/16/2025
dataflow,IMF.RES:WEO(9.0.0),R,VEN,BCA_NGDPD,A,2018,8.442401,0,,3,,CAB,,,,,,,,,,,,,,PT,,,OL,9/16/2025
dataflow,IMF.RES:WEO(9.0.0),R,VEN,BCA_NGDPD,A,2019,5.883676,0,,3,,CAB,,,,,,,,,,,,,,PT,,,OL,9/16/2025
dataflow,IMF.RES:WEO(9.0.0),R,VEN,BCA_NGDPD,A,2020,-3.227562,0,,3,,CAB,,,,,,,,,,,,,,PT,,,OL,9/16/2025
dataflow,IMF.RES:WEO(9.0.0),R,VEN,BCA_NGDPD,A,2021,-0.945438,0,,3,,CAB,,,,,,,,,,,,,,PT,,,OL,9/16/2025
dataflow,IMF.RES:WEO(9.0.0),R,VEN,BCA_NGDPD,A,2022,4.032622,0,,3,,CAB,,,,,,,,,,,,,,PT,,,OL,9/16/2025
dataflow,IMF.RES:WEO(9.0.0),R,VEN,BCA_NGDPD,A,2023,5.826181,0,,3,,CAB,,,,,,,,,,,,,,PT,,,OL,9/16/2025
dataflow,IMF.RES:WEO(9.0.0),R,VEN,BCA_NGDPD,A,2024,4.093277,0,,3,,CAB,,,,,,,,,,,,,,PT,,,OL,9/16/2025
dataflow,IMF.RES:WEO(9.0.0),R,VEN,BCA_NGDPD,A,2025,2.566287,0,,3,,CAB,,,,,,,,,,,,,,PT,,,OL,9/16/2025
dataflow,IMF.RES:WEO(9.0.0),R,VEN,BCA_NGDPD,A,2026,7.075872,0,,3,,CAB,,,,,,,,,,,,,,PT,,,OL,9/16/2025
dataflow,IMF.RES:WEO(9.0.0),R,VEN,BCA_NGDPD,A,2027,4.78039,0,,3,,CAB,,,,,,,,,,,,,,PT,,,OL,9/16/2025
dataflow,IMF.RES:WEO(9.0.0),R,VEN,GGR,A,2018,435000,9,,3,,,,G1,,,,,S13,,,,,,,XDC,,,OL,9/16/2025
dataflow,IMF.RES:WEO(9.0.0),R,VEN,GGR,A,2019,101465000,9,,3,,,,G1,,,,,S13,,,,,,,XDC,,,OL,9/16/2025
dataflow,IMF.RES:WEO(9.0.0),R,VEN,GGR,A,2020,634902000,9,,3,,,,G1,,,,,S13,,,,,,,XDC,,,OL,9/16/2025
dataflow,IMF.RES:WEO(9.0.0),R,VEN,GGR,A,2021,13483124000,9,,3,,,,G1,,,,,S13,,,,,,,XDC,,,OL,9/16/2025
dataflow,IMF.RES:WEO(9.0.0),R,VEN,GGR,A,2022,61242505000,9,,3,,,,G1,,,,,S13,,,,,,,XDC,,,OL,9/16/2025
dataflow,IMF.RES:WEO(9.0.0),R,VEN,GGR,A,2023,359237261000,9,,3,,,,G1,,,,,S13,,,,,,,XDC,,,OL,9/16/2025
dataflow,IMF.RES:WEO(9.0.0),R,VEN,GGR,A,2024,687255944000,9,,3,,,,G1,,,,,S13,,,,,,,XDC,,,OL,9/16/2025
dataflow,IMF.RES:WEO(9.0.0),R,VEN,GGR,A,2025,2383134393000,9,,3,,,,G1,,,,,S13,,,,,,,XDC,,,OL,9/16/2025
dataflow,IMF.RES:WEO(9.0.0),R,VEN,GGR_NGDP,A,1988,23.965049,0,,3,,,,G1,,,,,S13,,,,,,,PT,,,OL,9/16/2025
dataflow,IMF.RES:WEO(9.0.0),R,VEN,GGR_NGDP,A,1989,31.618622,0,,3,,,,G1,,,,,S13,,,,,,,PT,,,OL,9/16/2025
dataflow,IMF.RES:WEO(9.0.0),R,VEN,GGR_NGDP,A,1990,35.770514,0,,3,,,,G1,,,,,S13,,,,,,,PT,,,OL,9/16/2025
dataflow,IMF.RES:WEO(9.0.0),R,VEN,GGR_NGDP,A,1991,31.615621,0,,3,,,,G1,,,,,S13,,,,,,,PT,,,OL,9/16/2025
dataflow,IMF.RES:WEO(9.0.0),R,VEN,GGR_NGDP,A,1992,24.279334,0,,3,,,,G1,,,,,S13,,,,,,,PT,,,OL,9/16/2025
dataflow,IMF.RES:WEO(9.0.0),R,VEN,GGR_NGDP,A,1993,24.746083,0,,3,,,,G1,,,,,S13,,,,,,,PT,,,OL,9/16/2025
dataflow,IMF.RES:WEO(9.0.0),R,VEN,GGR_NGDP,A,1994,31.029648,0,,3,,,,G1,,,,,S13,,,,,,,PT,,,OL,9/16/2025
dataflow,IMF.RES:WEO(9.0.0),R,VEN,GGR_NGDP,A,1995,27.005113,0,,3,,,,G1,,,,,S13,,,,,,,PT,,,OL,9/16/2025
dataflow,IMF.RES:WEO(9.0.0),R,VEN,GGR_NGDP,A,1996,35.66987,0,,3,,,,G1,,,,,S13,,,,,,,PT,,,OL,9/16/2025
dataflow,IMF.RES:WEO(9.0.0),R,VEN,GGR_NGDP,A,1997,33.566008,0,,3,,,,G1,,,,,S13,,,,,,,PT,,,OL,9/16/2025
dataflow,IMF.RES:WEO(9.0.0),R,VEN,GGR_NGDP,A,1998,24.300758,0,,3,,,,G1,,,,,S13,,,,,,,PT,,,OL,9/16/2025
dataflow,IMF.RES:WEO(9.0.0),R,VEN,GGR_NGDP,A,1999,26.847393,0,,3,,,,G1,,,,,S13,,,,,,,PT,,,OL,9/16/2025
dataflow,IMF.RES:WEO(9.0.0),R,VEN,GGR_NGDP,A,2000,32.742656,0,,3,,,,G1,,,,,S13,,,,,,,PT,,,OL,9/16/2025
dataflow,IMF.RES:WEO(9.0.0),R,VEN,GGR_NGDP,A,2001,27.305311,0,,3,,,,G1,,,,,S13,,,,,,,PT,,,OL,9/16/2025
dataflow,IMF.RES:WEO(9.0.0),R,VEN,GGR_NGDP,A,2002,29.507526,0,,3,,,,G1,,,,,S13,,,,,,,PT,,,OL,9/16/2025
dataflow,IMF.RES:WEO(9.0.0),R,VEN,GGR_NGDP,A,2003,32.346844,0,,3,,,,G1,,,,,S13,,,,,,,PT,,,OL,9/16/2025
dataflow,IMF.RES:WEO(9.0.0),R,VEN,GGR_NGDP,A,2004,34.384901,0,,3,,,,G1,,,,,S13,,,,,,,PT,,,OL,9/16/2025
dataflow,IMF.RES:WEO(9.0.0),R,VEN,GGR_NGDP,A,2005,37.625014,0,,3,,,,G1,,,,,S13,,,,,,,PT,,,OL,9/16/2025
dataflow,IMF.RES:WEO(9.0.0),R,VEN,GGR_NGDP,A,2006,37.661982,0,,3,,,,G1,,,,,S13,,,,,,,PT,,,OL,9/16/2025
dataflow,IMF.RES:WEO(9.0.0),R,VEN,GGR_NGDP,A,2007,33.134,0,,3,,,,G1,,,,,S13,,,,,,,PT,,,OL,9/16/2025
dataflow,IMF.RES:WEO(9.0.0),R,VEN,GGR_NGDP,A,2008,31.418394,0,,3,,,,G1,,,,,S13,,,,,,,PT,,,OL,9/16/2025
dataflow,IMF.RES:WEO(9.0.0),R,VEN,GGR_NGDP,A,2009,24.583532,0,,3,,,,G1,,,,,S13,,,,,,,PT,,,OL,9/16/2025
dataflow,IMF.RES:WEO(9.0.0),R,VEN,GGR_NGDP,A,2010,26.359188,0,,3,,,,G1,,,,,S13,,,,,,,PT,,,OL,9/16/2025
dataflow,IMF.RES:WEO(9.0.0),R,VEN,GGR_NGDP,A,2011,31.116672,0,,3,,,,G1,,,,,S13,,,,,,,PT,,,OL,9/16/2025
dataflow,IMF.RES:WEO(9.0.0),R,VEN,GGR_NGDP,A,2012,28.151213,0,,3,,,,G1,,,,,S13,,,,,,,PT,,,OL,9/16/2025
dataflow,IMF.RES:WEO(9.0.0),R,VEN,GGR_NGDP,A,2013,26.099278,0,,3,,,,G1,,,,,S13,,,,,,,PT,,,OL,9/16/2025
dataflow,IMF.RES:WEO(9.0.0),R,VEN,GGR_NGDP,A,2014,21.798195,0,,3,,,,G1,,,,,S13,,,,,,,PT,,,OL,9/16/2025
dataflow,IMF.RES:WEO(9.0.0),R,VEN,GGR_NGDP,A,2015,14.884999,0,,3,,,,G1,,,,,S13,,,,,,,PT,,,OL,9/16/2025
dataflow,IMF.RES:WEO(9.0.0),R,VEN,GGR_NGDP,A,2016,11.223239,0,,3,,,,G1,,,,,S13,,,,,,,PT,,,OL,9/16/2025
dataflow,IMF.RES:WEO(9.0.0),R,VEN,GGR_NGDP,A,2017,8.493169,0,,3,,,,G1,,,,,S13,,,,,,,PT,,,OL,9/16/2025
dataflow,IMF.RES:WEO(9.0.0),R,VEN,GGR_NGDP,A,2018,6.884413,0,,3,,,,G1,,,,,S13,,,,,,,PT,,,OL,9/16/2025
dataflow,IMF.RES:WEO(9.0.0),R,VEN,GGR_NGDP,A,2019,10.089039,0,,3,,,,G1,,,,,S13,,,,,,,PT,,,OL,9/16/2025
dataflow,IMF.RES:WEO(9.0.0),R,VEN,GGR_NGDP,A,2020,4.530981,0,,3,,,,G1,,,,,S13,,,,,,,PT,,,OL,9/16/2025
dataflow,IMF.RES:WEO(9.0.0),R,VEN,GGR_NGDP,A,2021,7.283767,0,,3,,,,G1,,,,,S13,,,,,,,PT,,,OL,9/16/2025
dataflow,IMF.RES:WEO(9.0.0),R,VEN,GGR_NGDP,A,2022,9.849303,0,,3,,,,G1,,,,,S13,,,,,,,PT,,,OL,9/16/2025
dataflow,IMF.RES:WEO(9.0.0),R,VEN,GGR_NGDP,A,2023,11.872608,0,,3,,,,G1,,,,,S13,,,,,,,PT,,,OL,9/16/2025
dataflow,IMF.RES:WEO(9.0.0),R,VEN,GGR_NGDP,A,2024,13.846599,0,,3,,,,G1,,,,,S13,,,,,,,PT,,,OL,9/16/2025
dataflow,IMF.RES:WEO(9.0.0),R,VEN,GGR_NGDP,A,2025,14.452181,0,,3,,,,G1,,,,,S13,,,,,,,PT,,,OL,9/16/2025
dataflow,IMF.RES:WEO(9.0.0),R,VEN,GGX,A,2017,1000,9,,3,,,,G2M,,,,,S13,,,,,,,XDC,,,OL,9/16/2025
dataflow,IMF.RES:WEO(9.0.0),R,VEN,GGX,A,2018,2390000,9,,3,,,,G2M,,,,,S13,,,,,,,XDC,,,OL,9/16/2025
dataflow,IMF.RES:WEO(9.0.0),R,VEN,GGX,A,2019,211417000,9,,3,,,,G2M,,,,,S13,,,,,,,XDC,,,OL,9/16/2025
dataflow,IMF.RES:WEO(9.0.0),R,VEN,GGX,A,2020,1563679000,9,,3,,,,G2M,,,,,S13,,,,,,,XDC,,,OL,9/16/2025
dataflow,IMF.RES:WEO(9.0.0),R,VEN,GGX,A,2021,24305982000,9,,3,,,,G2M,,,,,S13,,,,,,,XDC,,,OL,9/16/2025
dataflow,IMF.RES:WEO(9.0.0),R,VEN,GGX,A,2022,94134421000,9,,3,,,,G2M,,,,,S13,,,,,,,XDC,,,OL,9/16/2025
dataflow,IMF.RES:WEO(9.0.0),R,VEN,GGX,A,2023,397012925000,9,,3,,,,G2M,,,,,S13,,,,,,,XDC,,,OL,9/16/2025
dataflow,IMF.RES:WEO(9.0.0),R,VEN,GGX,A,2024,869378885000,9,,3,,,,G2M,,,,,S13,,,,,,,XDC,,,OL,9/16/2025
dataflow,IMF.RES:WEO(9.0.0),R,VEN,GGX,A,2025,3346413772000,9,,3,,,,G2M,,,,,S13,,,,,,,XDC,,,OL,9/16/2025
dataflow,IMF.RES:WEO(9.0.0),R,VEN,GGXCNL,A,2018,-1955000,9,,3,,,,GNLB,,,,,S13,,,,,,,XDC,,,OL,9/16/2025
dataflow,IMF.RES:WEO(9.0.0),R,VEN,GGXCNL,A,2019,-109952000,9,,3,,,,GNLB,,,,,S13,,,,,,,XDC,,,OL,9/16/2025
dataflow,IMF.RES:WEO(9.0.0),R,VEN,GGXCNL,A,2020,-928777000,9,,3,,,,GNLB,,,,,S13,,,,,,,XDC,,,OL,9/16/2025
dataflow,IMF.RES:WEO(9.0.0),R,VEN,GGXCNL,A,2021,-10822858000,9,,3,,,,GNLB,,,,,S13,,,,,,,XDC,,,OL,9/16/2025
dataflow,IMF.RES:WEO(9.0.0),R,VEN,GGXCNL,A,2022,-32891916000,9,,3,,,,GNLB,,,,,S13,,,,,,,XDC,,,OL,9/16/2025
dataflow,IMF.RES:WEO(9.0.0),R,VEN,GGXCNL,A,2023,-37775663000,9,,3,,,,GNLB,,,,,S13,,,,,,,XDC,,,OL,9/16/2025
dataflow,IMF.RES:WEO(9.0.0),R,VEN,GGXCNL,A,2024,-182122941000,9,,3,,,,GNLB,,,,,S13,,,,,,,XDC,,,OL,9/16/2025
dataflow,IMF.RES:WEO(9.0.0),R,VEN,GGXCNL,A,2025,-963279379000,9,,3,,,,GNLB,,,,,S13,,,,,,,XDC,,,OL,9/16/2025
dataflow,IMF.RES:WEO(9.0.0),R,VEN,GGXCNL_NGDP,A,1988,-9.244696,0,,3,,,,GNLB,,,,,S13,,,,,,,PT,,,OL,9/16/2025
dataflow,IMF.RES:WEO(9.0.0),R,VEN,GGXCNL_NGDP,A,1989,-0.907468,0,,3,,,,GNLB,,,,,S13,,,,,,,PT,,,OL,9/16/2025
dataflow,IMF.RES:WEO(9.0.0),R,VEN,GGXCNL_NGDP,A,1990,3.837692,0,,3,,,,GNLB,,,,,S13,,,,,,,PT,,,OL,9/16/2025
dataflow,IMF.RES:WEO(9.0.0),R,VEN,GGXCNL_NGDP,A,1991,-2.27618,0,,3,,,,GNLB,,,,,S13,,,,,,,PT,,,OL,9/16/2025
dataflow,IMF.RES:WEO(9.0.0),R,VEN,GGXCNL_NGDP,A,1992,-6.367894,0,,3,,,,GNLB,,,,,S13,,,,,,,PT,,,OL,9/16/2025
dataflow,IMF.RES:WEO(9.0.0),R,VEN,GGXCNL_NGDP,A,1993,-2.920911,0,,3,,,,GNLB,,,,,S13,,,,,,,PT,,,OL,9/16/2025
dataflow,IMF.RES:WEO(9.0.0),R,VEN,GGXCNL_NGDP,A,1994,-11.18744,0,,3,,,,GNLB,,,,,S13,,,,,,,PT,,,OL,9/16/2025
dataflow,IMF.RES:WEO(9.0.0),R,VEN,GGXCNL_NGDP,A,1995,-5.864384,0,,3,,,,GNLB,,,,,S13,,,,,,,PT,,,OL,9/16/2025
dataflow,IMF.RES:WEO(9.0.0),R,VEN,GGXCNL_NGDP,A,1996,7.939883,0,,3,,,,GNLB,,,,,S13,,,,,,,PT,,,OL,9/16/2025
dataflow,IMF.RES:WEO(9.0.0),R,VEN,GGXCNL_NGDP,A,1997,2.577188,0,,3,,,,GNLB,,,,,S13,,,,,,,PT,,,OL,9/16/2025
dataflow,IMF.RES:WEO(9.0.0),R,VEN,GGXCNL_NGDP,A,1998,-4.48935,0,,3,,,,GNLB,,,,,S13,,,,,,,PT,,,OL,9/16/2025
dataflow,IMF.RES:WEO(9.0.0),R,VEN,GGXCNL_NGDP,A,1999,0.742751,0,,3,,,,GNLB,,,,,S13,,,,,,,PT,,,OL,9/16/2025
dataflow,IMF.RES:WEO(9.0.0),R,VEN,GGXCNL_NGDP,A,2000,4.449624,0,,3,,,,GNLB,,,,,S13,,,,,,,PT,,,OL,9/16/2025
dataflow,IMF.RES:WEO(9.0.0),R,VEN,GGXCNL_NGDP,A,2001,-4.593408,0,,3,,,,GNLB,,,,,S13,,,,,,,PT,,,OL,9/16/2025
dataflow,IMF.RES:WEO(9.0.0),R,VEN,GGXCNL_NGDP,A,2002,-1.482312,0,,3,,,,GNLB,,,,,S13,,,,,,,PT,,,OL,9/16/2025
dataflow,IMF.RES:WEO(9.0.0),R,VEN,GGXCNL_NGDP,A,2003,0.171416,0,,3,,,,GNLB,,,,,S13,,,,,,,PT,,,OL,9/16/2025
dataflow,IMF.RES:WEO(9.0.0),R,VEN,GGXCNL_NGDP,A,2004,2.470453,0,,3,,,,GNLB,,,,,S13,,,,,,,PT,,,OL,9/16/2025
dataflow,IMF.RES:WEO(9.0.0),R,VEN,GGXCNL_NGDP,A,2005,4.094751,0,,3,,,,GNLB,,,,,S13,,,,,,,PT,,,OL,9/16/2025
dataflow,IMF.RES:WEO(9.0.0),R,VEN,GGXCNL_NGDP,A,2006,-1.60465,0,,3,,,,GNLB,,,,,S13,,,,,,,PT,,,OL,9/16/2025
dataflow,IMF.RES:WEO(9.0.0),R,VEN,GGXCNL_NGDP,A,2007,-2.815426,0,,3,,,,GNLB,,,,,S13,,,,,,,PT,,,OL,9/16/2025
dataflow,IMF.RES:WEO(9.0.0),R,VEN,GGXCNL_NGDP,A,2008,-3.461019,0,,3,,,,GNLB,,,,,S13,,,,,,,PT,,,OL,9/16/2025
dataflow,IMF.RES:WEO(9.0.0),R,VEN,GGXCNL_NGDP,A,2009,-8.685966,0,,3,,,,GNLB,,,,,S13,,,,,,,PT,,,OL,9/16/2025
dataflow,IMF.RES:WEO(9.0.0),R,VEN,GGXCNL_NGDP,A,2010,-4.739491,0,,3,,,,GNLB,,,,,S13,,,,,,,PT,,,OL,9/16/2025
dataflow,IMF.RES:WEO(9.0.0),R,VEN,GGXCNL_NGDP,A,2011,-8.243968,0,,3,,,,GNLB,,,,,S13,,,,,,,PT,,,OL,9/16/2025
dataflow,IMF.RES:WEO(9.0.0),R,VEN,GGXCNL_NGDP,A,2012,-9.855845,0,,3,,,,GNLB,,,,,S13,,,,,,,PT,,,OL,9/16/2025
dataflow,IMF.RES:WEO(9.0.0),R,VEN,GGXCNL_NGDP,A,2013,-10.351439,0,,3,,,,GNLB,,,,,S13,,,,,,,PT,,,OL,9/16/2025
dataflow,IMF.RES:WEO(9.0.0),R,VEN,GGXCNL_NGDP,A,2014,-9.808394,0,,3,,,,GNLB,,,,,S13,,,,,,,PT,,,OL,9/16/2025
dataflow,IMF.RES:WEO(9.0.0),R,VEN,GGXCNL_NGDP,A,2015,-8.063337,0,,3,,,,GNLB,,,,,S13,,,,,,,PT,,,OL,9/16/2025
dataflow,IMF.RES:WEO(9.0.0),R,VEN,GGXCNL_NGDP,A,2016,-8.462666,0,,3,,,,GNLB,,,,,S13,,,,,,,PT,,,OL,9/16/2025
dataflow,IMF.RES:WEO(9.0.0),R,VEN,GGXCNL_NGDP,A,2017,-13.273241,0,,3,,,,GNLB,,,,,S13,,,,,,,PT,,,OL,9/16/2025
dataflow,IMF.RES:WEO(9.0.0),R,VEN,GGXCNL_NGDP,A,2018,-30.976126,0,,3,,,,GNLB,,,,,S13,,,,,,,PT,,,OL,9/16/2025
dataflow,IMF.RES:WEO(9.0.0),R,VEN,GGXCNL_NGDP,A,2019,-10.932896,0,,3,,,,GNLB,,,,,S13,,,,,,,PT,,,OL,9/16/2025
dataflow,IMF.RES:WEO(9.0.0),R,VEN,GGXCNL_NGDP,A,2020,-6.628216,0,,3,,,,GNLB,,,,,S13,,,,,,,PT,,,OL,9/16/2025
dataflow,IMF.RES:WEO(9.0.0),R,VEN,GGXCNL_NGDP,A,2021,-5.846655,0,,3,,,,GNLB,,,,,S13,,,,,,,PT,,,OL,9/16/2025
dataflow,IMF.RES:WEO(9.0.0),R,VEN,GGXCNL_NGDP,A,2022,-5.28983,0,,3,,,,GNLB,,,,,S13,,,,,,,PT,,,OL,9/16/2025
dataflow,IMF.RES:WEO(9.0.0),R,VEN,GGXCNL_NGDP,A,2023,-1.248466,0,,3,,,,GNLB,,,,,S13,,,,,,,PT,,,OL,9/16/2025
dataflow,IMF.RES:WEO(9.0.0),R,VEN,GGXCNL_NGDP,A,2024,-3.669351,0,,3,,,,GNLB,,,,,S13,,,,,,,PT,,,OL,9/16/2025
dataflow,IMF.RES:WEO(9.0.0),R,VEN,GGXCNL_NGDP,A,2025,-5.841671,0,,3,,,,GNLB,,,,,S13,,,,,,,PT,,,OL,9/16/2025
dataflow,IMF.RES:WEO(9.0.0),R,VEN,GGXONLB,A,2018,-1912000,9,,3,,,,GPB,,,,,S13,,,,,,,XDC,,,OL,9/16/2025
dataflow,IMF.RES:WEO(9.0.0),R,VEN,GGXONLB,A,2019,-100075000,9,,3,,,,GPB,,,,,S13,,,,,,,XDC,,,OL,9/16/2025
dataflow,IMF.RES:WEO(9.0.0),R,VEN,GGXONLB,A,2020,-686561000,9,,3,,,,GPB,,,,,S13,,,,,,,XDC,,,OL,9/16/2025
dataflow,IMF.RES:WEO(9.0.0),R,VEN,GGXONLB,A,2021,-8409430000,9,,3,,,,GPB,,,,,S13,,,,,,,XDC,,,OL,9/16/2025
dataflow,IMF.RES:WEO(9.0.0),R,VEN,GGXONLB,A,2022,-26581114000,9,,3,,,,GPB,,,,,S13,,,,,,,XDC,,,OL,9/16/2025
dataflow,IMF.RES:WEO(9.0.0),R,VEN,GGXONLB,A,2023,-14849407000,9,,3,,,,GPB,,,,,S13,,,,,,,XDC,,,OL,9/16/2025
dataflow,IMF.RES:WEO(9.0.0),R,VEN,GGXONLB,A,2024,-149179420000,9,,3,,,,GPB,,,,,S13,,,,,,,XDC,,,OL,9/16/2025
dataflow,IMF.RES:WEO(9.0.0),R,VEN,GGXONLB,A,2025,-834225780000,9,,3,,,,GPB,,,,,S13,,,,,,,XDC,,,OL,9/16/2025
dataflow,IMF.RES:WEO(9.0.0),R,VEN,GGXONLB_NGDP,A,1988,-5.84517,0,,3,,,,GPB,,,,,S13,,,,,,,PT,,,OL,9/16/2025
dataflow,IMF.RES:WEO(9.0.0),R,VEN,GGXONLB_NGDP,A,1989,4.465832,0,,3,,,,GPB,,,,,S13,,,,,,,PT,,,OL,9/16/2025
dataflow,IMF.RES:WEO(9.0.0),R,VEN,GGXONLB_NGDP,A,1990,8.859465,0,,3,,,,GPB,,,,,S13,,,,,,,PT,,,OL,9/16/2025
dataflow,IMF.RES:WEO(9.0.0),R,VEN,GGXONLB_NGDP,A,1991,1.884926,0,,3,,,,GPB,,,,,S13,,,,,,,PT,,,OL,9/16/2025
dataflow,IMF.RES:WEO(9.0.0),R,VEN,GGXONLB_NGDP,A,1992,-2.379252,0,,3,,,,GPB,,,,,S13,,,,,,,PT,,,OL,9/16/2025
dataflow,IMF.RES:WEO(9.0.0),R,VEN,GGXONLB_NGDP,A,1993,1.697751,0,,3,,,,GPB,,,,,S13,,,,,,,PT,,,OL,9/16/2025
dataflow,IMF.RES:WEO(9.0.0),R,VEN,GGXONLB_NGDP,A,1994,-6.058305,0,,3,,,,GPB,,,,,S13,,,,,,,PT,,,OL,9/16/2025
dataflow,IMF.RES:WEO(9.0.0),R,VEN,GGXONLB_NGDP,A,1995,0.342659,0,,3,,,,GPB,,,,,S13,,,,,,,PT,,,OL,9/16/2025
dataflow,IMF.RES:WEO(9.0.0),R,VEN,GGXONLB_NGDP,A,1996,12.831084,0,,3,,,,GPB,,,,,S13,,,,,,,PT,,,OL,9/16/2025
dataflow,IMF.RES:WEO(9.0.0),R,VEN,GGXONLB_NGDP,A,1997,5.584853,0,,3,,,,GPB,,,,,S13,,,,,,,PT,,,OL,9/16/2025
dataflow,IMF.RES:WEO(9.0.0),R,VEN,GGXONLB_NGDP,A,1998,-0.607904,0,,3,,,,GPB,,,,,S13,,,,,,,PT,,,OL,9/16/2025
dataflow,IMF.RES:WEO(9.0.0),R,VEN,GGXONLB_NGDP,A,1999,4.583663,0,,3,,,,GPB,,,,,S13,,,,,,,PT,,,OL,9/16/2025
dataflow,IMF.RES:WEO(9.0.0),R,VEN,GGXONLB_NGDP,A,2000,7.529974,0,,3,,,,GPB,,,,,S13,,,,,,,PT,,,OL,9/16/2025
dataflow,IMF.RES:WEO(9.0.0),R,VEN,GGXONLB_NGDP,A,2001,-1.195414,0,,3,,,,GPB,,,,,S13,,,,,,,PT,,,OL,9/16/2025
dataflow,IMF.RES:WEO(9.0.0),R,VEN,GGXONLB_NGDP,A,2002,3.734672,0,,3,,,,GPB,,,,,S13,,,,,,,PT,,,OL,9/16/2025
dataflow,IMF.RES:WEO(9.0.0),R,VEN,GGXONLB_NGDP,A,2003,5.382862,0,,3,,,,GPB,,,,,S13,,,,,,,PT,,,OL,9/16/2025
dataflow,IMF.RES:WEO(9.0.0),R,VEN,GGXONLB_NGDP,A,2004,6.226779,0,,3,,,,GPB,,,,,S13,,,,,,,PT,,,OL,9/16/2025
dataflow,IMF.RES:WEO(9.0.0),R,VEN,GGXONLB_NGDP,A,2005,7.069583,0,,3,,,,GPB,,,,,S13,,,,,,,PT,,,OL,9/16/2025
dataflow,IMF.RES:WEO(9.0.0),R,VEN,GGXONLB_NGDP,A,2006,0.482797,0,,3,,,,GPB,,,,,S13,,,,,,,PT,,,OL,9/16/2025
dataflow,IMF.RES:WEO(9.0.0),R,VEN,GGXONLB_NGDP,A,2007,-1.190504,0,,3,,,,GPB,,,,,S13,,,,,,,PT,,,OL,9/16/2025
dataflow,IMF.RES:WEO(9.0.0),R,VEN,GGXONLB_NGDP,A,2008,-2.0147,0,,3,,,,GPB,,,,,S13,,,,,,,PT,,,OL,9/16/2025
dataflow,IMF.RES:WEO(9.0.0),R,VEN,GGXONLB_NGDP,A,2009,-7.221732,0,,3,,,,GPB,,,,,S13,,,,,,,PT,,,OL,9/16/2025
dataflow,IMF.RES:WEO(9.0.0),R,VEN,GGXONLB_NGDP,A,2010,-3.172705,0,,3,,,,GPB,,,,,S13,,,,,,,PT,,,OL,9/16/2025
dataflow,IMF.RES:WEO(9.0.0),R,VEN,GGXONLB_NGDP,A,2011,-6.078733,0,,3,,,,GPB,,,,,S13,,,,,,,PT,,,OL,9/16/2025
dataflow,IMF.RES:WEO(9.0.0),R,VEN,GGXONLB_NGDP,A,2012,-6.547362,0,,3,,,,GPB,,,,,S13,,,,,,,PT,,,OL,9/16/2025
dataflow,IMF.RES:WEO(9.0.0),R,VEN,GGXONLB_NGDP,A,2013,-7.486741,0,,3,,,,GPB,,,,,S13,,,,,,,PT,,,OL,9/16/2025
dataflow,IMF.RES:WEO(9.0.0),R,VEN,GGXONLB_NGDP,A,2014,-7.487812,0,,3,,,,GPB,,,,,S13,,,,,,,PT,,,OL,9/16/2025
dataflow,IMF.RES:WEO(9.0.0),R,VEN,GGXONLB_NGDP,A,2015,-6.821426,0,,3,,,,GPB,,,,,S13,,,,,,,PT,,,OL,9/16/2025
dataflow,IMF.RES:WEO(9.0.0),R,VEN,GGXONLB_NGDP,A,2016,-8.060621,0,,3,,,,GPB,,,,,S13,,,,,,,PT,,,OL,9/16/2025
dataflow,IMF.RES:WEO(9.0.0),R,VEN,GGXONLB_NGDP,A,2017,-13.234834,0,,3,,,,GPB,,,,,S13,,,,,,,PT,,,OL,9/16/2025
dataflow,IMF.RES:WEO(9.0.0),R,VEN,GGXONLB_NGDP,A,2018,-30.288937,0,,3,,,,GPB,,,,,S13,,,,,,,PT,,,OL,9/16/2025
dataflow,IMF.RES:WEO(9.0.0),R,VEN,GGXONLB_NGDP,A,2019,-9.950834,0,,3,,,,GPB,,,,,S13,,,,,,,PT,,,OL,9/16/2025
dataflow,IMF.RES:WEO(9.0.0),R,VEN,GGXONLB_NGDP,A,2020,-4.899638,0,,3,,,,GPB,,,,,S13,,,,,,,PT,,,OL,9/16/2025
dataflow,IMF.RES:WEO(9.0.0),R,VEN,GGXONLB_NGDP,A,2021,-4.542888,0,,3,,,,GPB,,,,,S13,,,,,,,PT,,,OL,9/16/2025
dataflow,IMF.RES:WEO(9.0.0),R,VEN,GGXONLB_NGDP,A,2022,-4.274898,0,,3,,,,GPB,,,,,S13,,,,,,,PT,,,OL,9/16/2025
dataflow,IMF.RES:WEO(9.0.0),R,VEN,GGXONLB_NGDP,A,2023,-0.490765,0,,3,,,,GPB,,,,,S13,,,,,,,PT,,,OL,9/16/2025
dataflow,IMF.RES:WEO(9.0.0),R,VEN,GGXONLB_NGDP,A,2024,-3.005616,0,,3,,,,GPB,,,,,S13,,,,,,,PT,,,OL,9/16/2025
dataflow,IMF.RES:WEO(9.0.0),R,VEN,GGXONLB_NGDP,A,2025,-5.059044,0,,3,,,,GPB,,,,,S13,,,,,,,PT,,,OL,9/16/2025
dataflow,IMF.RES:WEO(9.0.0),R,VEN,GGXWDG,A,2017,5000,9,,3,,,,G63G,,,,,S13,,,,,,,XDC,,,OL,9/16/2025
dataflow,IMF.RES:WEO(9.0.0),R,VEN,GGXWDG,A,2018,11067000,9,,3,,,,G63G,,,,,S13,,,,,,,XDC,,,OL,9/16/2025
dataflow,IMF.RES:WEO(9.0.0),R,VEN,GGXWDG,A,2019,2071646000,9,,3,,,,G63G,,,,,S13,,,,,,,XDC,,,OL,9/16/2025
dataflow,IMF.RES:WEO(9.0.0),R,VEN,GGXWDG,A,2020,47158263000,9,,3,,,,G63G,,,,,S13,,,,,,,XDC,,,OL,9/16/2025
dataflow,IMF.RES:WEO(9.0.0),R,VEN,GGXWDG,A,2021,470632597000,9,,3,,,,G63G,,,,,S13,,,,,,,XDC,,,OL,9/16/2025
dataflow,IMF.RES:WEO(9.0.0),R,VEN,GGXWDG,A,2022,1022371519000,9,,3,,,,G63G,,,,,S13,,,,,,,XDC,,,OL,9/16/2025
dataflow,IMF.RES:WEO(9.0.0),R,VEN,GGXWDG,A,2023,4190557139000,9,,3,,,,G63G,,,,,S13,,,,,,,XDC,,,OL,9/16/2025
dataflow,IMF.RES:WEO(9.0.0),R,VEN,GGXWDG,A,2024,8394664063000,9,,3,,,,G63G,,,,,S13,,,,,,,XDC,,,OL,9/16/2025
dataflow,IMF.RES:WEO(9.0.0),R,VEN,GGXWDG,A,2025,50911791035000,9,,3,,,,G63G,,,,,S13,,,,,,,XDC,,,OL,9/16/2025
dataflow,IMF.RES:WEO(9.0.0),R,VEN,GGXWDG_NGDP,A,1998,30.655178,0,,3,,,,G63G,,,,,S13,,,,,,,PT,,,OL,9/16/2025
dataflow,IMF.RES:WEO(9.0.0),R,VEN,GGXWDG_NGDP,A,1999,29.563955,0,,3,,,,G63G,,,,,S13,,,,,,,PT,,,OL,9/16/2025
dataflow,IMF.RES:WEO(9.0.0),R,VEN,GGXWDG_NGDP,A,2000,27.700467,0,,3,,,,G63G,,,,,S13,,,,,,,PT,,,OL,9/16/2025
dataflow,IMF.RES:WEO(9.0.0),R,VEN,GGXWDG_NGDP,A,2001,30.728852,0,,3,,,,G63G,,,,,S13,,,,,,,PT,,,OL,9/16/2025
dataflow,IMF.RES:WEO(9.0.0),R,VEN,GGXWDG_NGDP,A,2002,48.176668,0,,3,,,,G63G,,,,,S13,,,,,,,PT,,,OL,9/16/2025
dataflow,IMF.RES:WEO(9.0.0),R,VEN,GGXWDG_NGDP,A,2003,56.028999,0,,3,,,,G63G,,,,,S13,,,,,,,PT,,,OL,9/16/2025
dataflow,IMF.RES:WEO(9.0.0),R,VEN,GGXWDG_NGDP,A,2004,41.783026,0,,3,,,,G63G,,,,,S13,,,,,,,PT,,,OL,9/16/2025
dataflow,IMF.RES:WEO(9.0.0),R,VEN,GGXWDG_NGDP,A,2005,34.91286,0,,3,,,,G63G,,,,,S13,,,,,,,PT,,,OL,9/16/2025
dataflow,IMF.RES:WEO(9.0.0),R,VEN,GGXWDG_NGDP,A,2006,25.658183,0,,3,,,,G63G,,,,,S13,,,,,,,PT,,,OL,9/16/2025
dataflow,IMF.RES:WEO(9.0.0),R,VEN,GGXWDG_NGDP,A,2007,26.364415,0,,3,,,,G63G,,,,,S13,,,,,,,PT,,,OL,9/16/2025
dataflow,IMF.RES:WEO(9.0.0),R,VEN,GGXWDG_NGDP,A,2008,20.31132,0,,3,,,,G63G,,,,,S13,,,,,,,PT,,,OL,9/16/2025
dataflow,IMF.RES:WEO(9.0.0),R,VEN,GGXWDG_NGDP,A,2009,27.57364,0,,3,,,,G63G,,,,,S13,,,,,,,PT,,,OL,9/16/2025
dataflow,IMF.RES:WEO(9.0.0),R,VEN,GGXWDG_NGDP,A,2010,37.706459,0,,3,,,,G63G,,,,,S13,,,,,,,PT,,,OL,9/16/2025
dataflow,IMF.RES:WEO(9.0.0),R,VEN,GGXWDG_NGDP,A,2011,52.476046,0,,3,,,,G63G,,,,,S13,,,,,,,PT,,,OL,9/16/2025
dataflow,IMF.RES:WEO(9.0.0),R,VEN,GGXWDG_NGDP,A,2012,58.444897,0,,3,,,,G63G,,,,,S13,,,,,,,PT,,,OL,9/16/2025
dataflow,IMF.RES:WEO(9.0.0),R,VEN,GGXWDG_NGDP,A,2013,85.399081,0,,3,,,,G63G,,,,,S13,,,,,,,PT,,,OL,9/16/2025
dataflow,IMF.RES:WEO(9.0.0),R,VEN,GGXWDG_NGDP,A,2014,84.896743,0,,3,,,,G63G,,,,,S13,,,,,,,PT,,,OL,9/16/2025
dataflow,IMF.RES:WEO(9.0.0),R,VEN,GGXWDG_NGDP,A,2015,129.761993,0,,3,,,,G63G,,,,,S13,,,,,,,PT,,,OL,9/16/2025
dataflow,IMF.RES:WEO(9.0.0),R,VEN,GGXWDG_NGDP,A,2016,138.404386,0,,3,,,,G63G,,,,,S13,,,,,,,PT,,,OL,9/16/2025
dataflow,IMF.RES:WEO(9.0.0),R,VEN,GGXWDG_NGDP,A,2017,133.610898,0,,3,,,,G63G,,,,,S13,,,,,,,PT,,,OL,9/16/2025
dataflow,IMF.RES:WEO(9.0.0),R,VEN,GGXWDG_NGDP,A,2018,175.313704,0,,3,,,,G63G,,,,,S13,,,,,,,PT,,,OL,9/16/2025
dataflow,IMF.RES:WEO(9.0.0),R,VEN,GGXWDG_NGDP,A,2019,205.990979,0,,3,,,,G63G,,,,,S13,,,,,,,PT,,,OL,9/16/2025
dataflow,IMF.RES:WEO(9.0.0),R,VEN,GGXWDG_NGDP,A,2020,336.544897,0,,3,,,,G63G,,,,,S13,,,,,,,PT,,,OL,9/16/2025
dataflow,IMF.RES:WEO(9.0.0),R,VEN,GGXWDG_NGDP,A,2021,254.24213,0,,3,,,,G63G,,,,,S13,,,,,,,PT,,,OL,9/16/2025
dataflow,IMF.RES:WEO(9.0.0),R,VEN,GGXWDG_NGDP,A,2022,164.42251,0,,3,,,,G63G,,,,,S13,,,,,,,PT,,,OL,9/16/2025
dataflow,IMF.RES:WEO(9.0.0),R,VEN,GGXWDG_NGDP,A,2023,138.495772,0,,3,,,,G63G,,,,,S13,,,,,,,PT,,,OL,9/16/2025
dataflow,IMF.RES:WEO(9.0.0),R,VEN,GGXWDG_NGDP,A,2024,169.132837,0,,3,,,,G63G,,,,,S13,,,,,,,PT,,,OL,9/16/2025
dataflow,IMF.RES:WEO(9.0.0),R,VEN,GGXWDG_NGDP,A,2025,308.747344,0,,3,,,,G63G,,,,,S13,,,,,,,PT,,,OL,9/16/2025
dataflow,IMF.RES:WEO(9.0.0),R,VEN,GGX_NGDP,A,1988,33.209745,0,,3,,,,G2M,,,,,S13,,,,,,,PT,,,OL,9/16/2025
dataflow,IMF.RES:WEO(9.0.0),R,VEN,GGX_NGDP,A,1989,32.526089,0,,3,,,,G2M,,,,,S13,,,,,,,PT,,,OL,9/16/2025
dataflow,IMF.RES:WEO(9.0.0),R,VEN,GGX_NGDP,A,1990,31.932823,0,,3,,,,G2M,,,,,S13,,,,,,,PT,,,OL,9/16/2025
dataflow,IMF.RES:WEO(9.0.0),R,VEN,GGX_NGDP,A,1991,33.891801,0,,3,,,,G2M,,,,,S13,,,,,,,PT,,,OL,9/16/2025
dataflow,IMF.RES:WEO(9.0.0),R,VEN,GGX_NGDP,A,1992,30.647228,0,,3,,,,G2M,,,,,S13,,,,,,,PT,,,OL,9/16/2025
dataflow,IMF.RES:WEO(9.0.0),R,VEN,GGX_NGDP,A,1993,27.666994,0,,3,,,,G2M,,,,,S13,,,,,,,PT,,,OL,9/16/2025
dataflow,IMF.RES:WEO(9.0.0),R,VEN,GGX_NGDP,A,1994,42.217088,0,,3,,,,G2M,,,,,S13,,,,,,,PT,,,OL,9/16/2025
dataflow,IMF.RES:WEO(9.0.0),R,VEN,GGX_NGDP,A,1995,32.869497,0,,3,,,,G2M,,,,,S13,,,,,,,PT,,,OL,9/16/2025
dataflow,IMF.RES:WEO(9.0.0),R,VEN,GGX_NGDP,A,1996,27.729988,0,,3,,,,G2M,,,,,S13,,,,,,,PT,,,OL,9/16/2025
dataflow,IMF.RES:WEO(9.0.0),R,VEN,GGX_NGDP,A,1997,30.98882,0,,3,,,,G2M,,,,,S13,,,,,,,PT,,,OL,9/16/2025
dataflow,IMF.RES:WEO(9.0.0),R,VEN,GGX_NGDP,A,1998,28.790108,0,,3,,,,G2M,,,,,S13,,,,,,,PT,,,OL,9/16/2025
dataflow,IMF.RES:WEO(9.0.0),R,VEN,GGX_NGDP,A,1999,26.104642,0,,3,,,,G2M,,,,,S13,,,,,,,PT,,,OL,9/16/2025
dataflow,IMF.RES:WEO(9.0.0),R,VEN,GGX_NGDP,A,2000,28.293031,0,,3,,,,G2M,,,,,S13,,,,,,,PT,,,OL,9/16/2025
dataflow,IMF.RES:WEO(9.0.0),R,VEN,GGX_NGDP,A,2001,31.898719,0,,3,,,,G2M,,,,,S13,,,,,,,PT,,,OL,9/16/2025
dataflow,IMF.RES:WEO(9.0.0),R,VEN,GGX_NGDP,A,2002,30.989838,0,,3,,,,G2M,,,,,S13,,,,,,,PT,,,OL,9/16/2025
dataflow,IMF.RES:WEO(9.0.0),R,VEN,GGX_NGDP,A,2003,32.175428,0,,3,,,,G2M,,,,,S13,,,,,,,PT,,,OL,9/16/2025
dataflow,IMF.RES:WEO(9.0.0),R,VEN,GGX_NGDP,A,2004,31.914448,0,,3,,,,G2M,,,,,S13,,,,,,,PT,,,OL,9/16/2025
dataflow,IMF.RES:WEO(9.0.0),R,VEN,GGX_NGDP,A,2005,33.530263,0,,3,,,,G2M,,,,,S13,,,,,,,PT,,,OL,9/16/2025
dataflow,IMF.RES:WEO(9.0.0),R,VEN,GGX_NGDP,A,2006,39.266632,0,,3,,,,G2M,,,,,S13,,,,,,,PT,,,OL,9/16/2025
dataflow,IMF.RES:WEO(9.0.0),R,VEN,GGX_NGDP,A,2007,35.949426,0,,3,,,,G2M,,,,,S13,,,,,,,PT,,,OL,9/16/2025
dataflow,IMF.RES:WEO(9.0.0),R,VEN,GGX_NGDP,A,2008,34.879414,0,,3,,,,G2M,,,,,S13,,,,,,,PT,,,OL,9/16/2025
dataflow,IMF.RES:WEO(9.0.0),R,VEN,GGX_NGDP,A,2009,33.269498,0,,3,,,,G2M,,,,,S13,,,,,,,PT,,,OL,9/16/2025
dataflow,IMF.RES:WEO(9.0.0),R,VEN,GGX_NGDP,A,2010,31.098679,0,,3,,,,G2M,,,,,S13,,,,,,,PT,,,OL,9/16/2025
dataflow,IMF.RES:WEO(9.0.0),R,VEN,GGX_NGDP,A,2011,39.36064,0,,3,,,,G2M,,,,,S13,,,,,,,PT,,,OL,9/16/2025
dataflow,IMF.RES:WEO(9.0.0),R,VEN,GGX_NGDP,A,2012,38.007058,0,,3,,,,G2M,,,,,S13,,,,,,,PT,,,OL,9/16/2025
dataflow,IMF.RES:WEO(9.0.0),R,VEN,GGX_NGDP,A,2013,36.450717,0,,3,,,,G2M,,,,,S13,,,,,,,PT,,,OL,9/16/2025
dataflow,IMF.RES:WEO(9.0.0),R,VEN,GGX_NGDP,A,2014,31.606589,0,,3,,,,G2M,,,,,S13,,,,,,,PT,,,OL,9/16/2025
dataflow,IMF.RES:WEO(9.0.0),R,VEN,GGX_NGDP,A,2015,22.948336,0,,3,,,,G2M,,,,,S13,,,,,,,PT,,,OL,9/16/2025
dataflow,IMF.RES:WEO(9.0.0),R,VEN,GGX_NGDP,A,2016,19.685905,0,,3,,,,G2M,,,,,S13,,,,,,,PT,,,OL,9/16/2025
dataflow,IMF.RES:WEO(9.0.0),R,VEN,GGX_NGDP,A,2017,21.766411,0,,3,,,,G2M,,,,,S13,,,,,,,PT,,,OL,9/16/2025
dataflow,IMF.RES:WEO(9.0.0),R,VEN,GGX_NGDP,A,2018,37.860539,0,,3,,,,G2M,,,,,S13,,,,,,,PT,,,OL,9/16/2025
dataflow,IMF.RES:WEO(9.0.0),R,VEN,GGX_NGDP,A,2019,21.021934,0,,3,,,,G2M,,,,,S13,,,,,,,PT,,,OL,9/16/2025
dataflow,IMF.RES:WEO(9.0.0),R,VEN,GGX_NGDP,A,2020,11.159197,0,,3,,,,G2M,,,,,S13,,,,,,,PT,,,OL,9/16/2025
dataflow,IMF.RES:WEO(9.0.0),R,VEN,GGX_NGDP,A,2021,13.130422,0,,3,,,,G2M,,,,,S13,,,,,,,PT,,,OL,9/16/2025
dataflow,IMF.RES:WEO(9.0.0),R,VEN,GGX_NGDP,A,2022,15.139132,0,,3,,,,G2M,,,,,S13,,,,,,,PT,,,OL,9/16/2025
dataflow,IMF.RES:WEO(9.0.0),R,VEN,GGX_NGDP,A,2023,13.121074,0,,3,,,,G2M,,,,,S13,,,,,,,PT,,,OL,9/16/2025
dataflow,IMF.RES:WEO(9.0.0),R,VEN,GGX_NGDP,A,2024,17.51595,0,,3,,,,G2M,,,,,S13,,,,,,,PT,,,OL,9/16/2025
dataflow,IMF.RES:WEO(9.0.0),R,VEN,GGX_NGDP,A,2025,20.293852,0,,3,,,,G2M,,,,,S13,,,,,,,PT,,,OL,9/16/2025
dataflow,IMF.RES:WEO(9.0.0),R,VEN,LP,A,1980,14951741,6,,3,,,,,,,,POP,,,,,,,,,,,OL,9/16/2025
dataflow,IMF.RES:WEO(9.0.0),R,VEN,LP,A,1981,15409650,6,,3,,,,,,,,POP,,,,,,,,,,,OL,9/16/2025
dataflow,IMF.RES:WEO(9.0.0),R,VEN,LP,A,1982,15867560,6,,3,,,,,,,,POP,,,,,,,,,,,OL,9/16/2025
dataflow,IMF.RES:WEO(9.0.0),R,VEN,LP,A,1983,16315514,6,,3,,,,,,,,POP,,,,,,,,,,,OL,9/16/2025
dataflow,IMF.RES:WEO(9.0.0),R,VEN,LP,A,1984,16773425,6,,3,,,,,,,,POP,,,,,,,,,,,OL,9/16/2025
dataflow,IMF.RES:WEO(9.0.0),R,VEN,LP,A,1985,17241288,6,,3,,,,,,,,POP,,,,,,,,,,,OL,9/16/2025
dataflow,IMF.RES:WEO(9.0.0),R,VEN,LP,A,1986,17450335,6,,3,,,,,,,,POP,,,,,,,,,,,OL,9/16/2025
dataflow,IMF.RES:WEO(9.0.0),R,VEN,LP,A,1987,17888334,6,,3,,,,,,,,POP,,,,,,,,,,,OL,9/16/2025
dataflow,IMF.RES:WEO(9.0.0),R,VEN,LP,A,1988,18336290,6,,3,,,,,,,,POP,,,,,,,,,,,OL,9/16/2025
dataflow,IMF.RES:WEO(9.0.0),R,VEN,LP,A,1989,18784245,6,,3,,,,,,,,POP,,,,,,,,,,,OL,9/16/2025
dataflow,IMF.RES:WEO(9.0.0),R,VEN,LP,A,1990,19411381,6,,3,,,,,,,,POP,,,,,,,,,,,OL,9/16/2025
dataflow,IMF.RES:WEO(9.0.0),R,VEN,LP,A,1991,19879245,6,,3,,,,,,,,POP,,,,,,,,,,,OL,9/16/2025
dataflow,IMF.RES:WEO(9.0.0),R,VEN,LP,A,1992,20347110,6,,3,,,,,,,,POP,,,,,,,,,,,OL,9/16/2025
dataflow,IMF.RES:WEO(9.0.0),R,VEN,LP,A,1993,20814973,6,,3,,,,,,,,POP,,,,,,,,,,,OL,9/16/2025
dataflow,IMF.RES:WEO(9.0.0),R,VEN,LP,A,1994,21282837,6,,3,,,,,,,,POP,,,,,,,,,,,OL,9/16/2025
dataflow,IMF.RES:WEO(9.0.0),R,VEN,LP,A,1995,21750702,6,,3,,,,,,,,POP,,,,,,,,,,,OL,9/16/2025
dataflow,IMF.RES:WEO(9.0.0),R,VEN,LP,A,1996,22218565,6,,3,,,,,,,,POP,,,,,,,,,,,OL,9/16/2025
dataflow,IMF.RES:WEO(9.0.0),R,VEN,LP,A,1997,22676476,6,,3,,,,,,,,POP,,,,,,,,,,,OL,9/16/2025
dataflow,IMF.RES:WEO(9.0.0),R,VEN,LP,A,1998,23130005,6,,3,,,,,,,,POP,,,,,,,,,,,OL,9/16/2025
dataflow,IMF.RES:WEO(9.0.0),R,VEN,LP,A,1999,23592606,6,,3,,,,,,,,POP,,,,,,,,,,,OL,9/16/2025
dataflow,IMF.RES:WEO(9.0.0),R,VEN,LP,A,2000,24394145,6,,3,,,,,,,,POP,,,,,,,,,,,OL,9/16/2025
dataflow,IMF.RES:WEO(9.0.0),R,VEN,LP,A,2001,24802885,6,,3,,,,,,,,POP,,,,,,,,,,,OL,9/16/2025
dataflow,IMF.RES:WEO(9.0.0),R,VEN,LP,A,2002,25212127,6,,3,,,,,,,,POP,,,,,,,,,,,OL,9/16/2025
dataflow,IMF.RES:WEO(9.0.0),R,VEN,LP,A,2003,25622082,6,,3,,,,,,,,POP,,,,,,,,,,,OL,9/16/2025
dataflow,IMF.RES:WEO(9.0.0),R,VEN,LP,A,2004,26032946,6,,3,,,,,,,,POP,,,,,,,,,,,OL,9/16/2025
dataflow,IMF.RES:WEO(9.0.0),R,VEN,LP,A,2005,26444921,6,,3,,,,,,,,POP,,,,,,,,,,,OL,9/16/2025
dataflow,IMF.RES:WEO(9.0.0),R,VEN,LP,A,2006,26858165,6,,3,,,,,,,,POP,,,,,,,,,,,OL,9/16/2025
dataflow,IMF.RES:WEO(9.0.0),R,VEN,LP,A,2007,27272712,6,,3,,,,,,,,POP,,,,,,,,,,,OL,9/16/2025
dataflow,IMF.RES:WEO(9.0.0),R,VEN,LP,A,2008,27688638,6,,3,,,,,,,,POP,,,,,,,,,,,OL,9/16/2025
dataflow,IMF.RES:WEO(9.0.0),R,VEN,LP,A,2009,28105913,6,,3,,,,,,,,POP,,,,,,,,,,,OL,9/16/2025
dataflow,IMF.RES:WEO(9.0.0),R,VEN,LP,A,2010,28524411,6,,3,,,,,,,,POP,,,,,,,,,,,OL,9/16/2025
dataflow,IMF.RES:WEO(9.0.0),R,VEN,LP,A,2011,28944070,6,,3,,,,,,,,POP,,,,,,,,,,,OL,9/16/2025
dataflow,IMF.RES:WEO(9.0.0),R,VEN,LP,A,2012,29365451,6,,3,,,,,,,,POP,,,,,,,,,,,OL,9/16/2025
dataflow,IMF.RES:WEO(9.0.0),R,VEN,LP,A,2013,29786263,6,,3,,,,,,,,POP,,,,,,,,,,,OL,9/16/2025
dataflow,IMF.RES:WEO(9.0.0),R,VEN,LP,A,2014,30206307,6,,3,,,,,,,,POP,,,,,,,,,,,OL,9/16/2025
dataflow,IMF.RES:WEO(9.0.0),R,VEN,LP,A,2015,30620000,6,,3,,,,,,,,POP,,,,,,,,,,,OL,9/16/2025
dataflow,IMF.RES:WEO(9.0.0),R,VEN,LP,A,2016,30713611,6,,3,,,,,,,,POP,,,,,,,,,,,OL,9/16/2025
dataflow,IMF.RES:WEO(9.0.0),R,VEN,LP,A,2017,30442274,6,,3,,,,,,,,POP,,,,,,,,,,,OL,9/16/2025
dataflow,IMF.RES:WEO(9.0.0),R,VEN,LP,A,2018,28903451,6,,3,,,,,,,,POP,,,,,,,,,,,OL,9/16/2025
dataflow,IMF.RES:WEO(9.0.0),R,VEN,LP,A,2019,27817079,6,,3,,,,,,,,POP,,,,,,,,,,,OL,9/16/2025
dataflow,IMF.RES:WEO(9.0.0),R,VEN,LP,A,2020,27950884,6,,3,,,,,,,,POP,,,,,,,,,,,OL,9/16/2025
dataflow,IMF.RES:WEO(9.0.0),R,VEN,LP,A,2021,27586295,6,,3,,,,,,,,POP,,,,,,,,,,,OL,9/16/2025
dataflow,IMF.RES:WEO(9.0.0),R,VEN,LP,A,2022,26917330,6,,3,,,,,,,,POP,,,,,,,,,,,OL,9/16/2025
dataflow,IMF.RES:WEO(9.0.0),R,VEN,LP,A,2023,26740338,6,,3,,,,,,,,POP,,,,,,,,,,,OL,9/16/2025
dataflow,IMF.RES:WEO(9.0.0),R,VEN,LP,A,2024,26561222,6,,3,,,,,,,,POP,,,,,,,,,,,OL,9/16/2025
dataflow,IMF.RES:WEO(9.0.0),R,VEN,LP,A,2025,26673712,6,,3,,,,,,,,POP,,,,,,,,,,,OL,9/16/2025
dataflow,IMF.RES:WEO(9.0.0),R,VEN,LP,A,2026,26887102,6,,3,,,,,,,,POP,,,,,,,,,,,OL,9/16/2025
dataflow,IMF.RES:WEO(9.0.0),R,VEN,LP,A,2027,27102199,6,,3,,,,,,,,POP,,,,,,,,,,,OL,9/16/2025
dataflow,IMF.RES:WEO(9.0.0),R,VEN,LUR,A,1999,14.525,0,,3,,,,,,,,U,,,,,RT,,,,,,OL,9/16/2025
dataflow,IMF.RES:WEO(9.0.0),R,VEN,LUR,A,2000,14.008333,0,,3,,,,,,,,U,,,,,RT,,,,,,OL,9/16/2025
dataflow,IMF.RES:WEO(9.0.0),R,VEN,LUR,A,2001,13.358333,0,,3,,,,,,,,U,,,,,RT,,,,,,OL,9/16/2025
dataflow,IMF.RES:WEO(9.0.0),R,VEN,LUR,A,2002,15.995833,0,,3,,,,,,,,U,,,,,RT,,,,,,OL,9/16/2025
dataflow,IMF.RES:WEO(9.0.0),R,VEN,LUR,A,2003,18.1875,0,,3,,,,,,,,U,,,,,RT,,,,,,OL,9/16/2025
dataflow,IMF.RES:WEO(9.0.0),R,VEN,LUR,A,2004,15.066667,0,,3,,,,,,,,U,,,,,RT,,,,,,OL,9/16/2025
dataflow,IMF.RES:WEO(9.0.0),R,VEN,LUR,A,2005,12.241667,0,,3,,,,,,,,U,,,,,RT,,,,,,OL,9/16/2025
dataflow,IMF.RES:WEO(9.0.0),R,VEN,LUR,A,2006,9.958422,0,,3,,,,,,,,U,,,,,RT,,,,,,OL,9/16/2025
dataflow,IMF.RES:WEO(9.0.0),R,VEN,LUR,A,2007,8.491975,0,,3,,,,,,,,U,,,,,RT,,,,,,OL,9/16/2025
dataflow,IMF.RES:WEO(9.0.0),R,VEN,LUR,A,2008,7.35432,0,,3,,,,,,,,U,,,,,RT,,,,,,OL,9/16/2025
dataflow,IMF.RES:WEO(9.0.0),R,VEN,LUR,A,2009,7.878902,0,,3,,,,,,,,U,,,,,RT,,,,,,OL,9/16/2025
dataflow,IMF.RES:WEO(9.0.0),R,VEN,LUR,A,2010,8.507721,0,,3,,,,,,,,U,,,,,RT,,,,,,OL,9/16/2025
dataflow,IMF.RES:WEO(9.0.0),R,VEN,LUR,A,2011,8.203876,0,,3,,,,,,,,U,,,,,RT,,,,,,OL,9/16/2025
dataflow,IMF.RES:WEO(9.0.0),R,VEN,LUR,A,2012,7.823132,0,,3,,,,,,,,U,,,,,RT,,,,,,OL,9/16/2025
dataflow,IMF.RES:WEO(9.0.0),R,VEN,LUR,A,2013,7.469968,0,,3,,,,,,,,U,,,,,RT,,,,,,OL,9/16/2025
dataflow,IMF.RES:WEO(9.0.0),R,VEN,LUR,A,2014,7.990053,0,,3,,,,,,,,U,,,,,RT,,,,,,OL,9/16/2025
dataflow,IMF.RES:WEO(9.0.0),R,VEN,LUR,A,2015,12.491174,0,,3,,,,,,,,U,,,,,RT,,,,,,OL,9/16/2025
dataflow,IMF.RES:WEO(9.0.0),R,VEN,LUR,A,2016,20.863352,0,,3,,,,,,,,U,,,,,RT,,,,,,OL,9/16/2025
dataflow,IMF.RES:WEO(9.0.0),R,VEN,LUR,A,2017,27.886445,0,,3,,,,,,,,U,,,,,RT,,,,,,OL,9/16/2025
dataflow,IMF.RES:WEO(9.0.0),R,VEN,LUR,A,2018,35.553745,0,,3,,,,,,,,U,,,,,RT,,,,,,OL,9/16/2025
dataflow,IMF.RES:WEO(9.0.0),R,VEN,NGDP,A,2017,3000,9,,3,,,B1GQ,,,,,,,,,V,,,,XDC,,,OL,9/16/2025
dataflow,IMF.RES:WEO(9.0.0),R,VEN,NGDP,A,2018,6313000,9,,3,,,B1GQ,,,,,,,,,V,,,,XDC,,,OL,9/16/2025
dataflow,IMF.RES:WEO(9.0.0),R,VEN,NGDP,A,2019,1005697000,9,,3,,,B1GQ,,,,,,,,,V,,,,XDC,,,OL,9/16/2025
dataflow,IMF.RES:WEO(9.0.0),R,VEN,NGDP,A,2020,14012473000,9,,3,,,B1GQ,,,,,,,,,V,,,,XDC,,,OL,9/16/2025
dataflow,IMF.RES:WEO(9.0.0),R,VEN,NGDP,A,2021,185111963000,9,,3,,,B1GQ,,,,,,,,,V,,,,XDC,,,OL,9/16/2025
dataflow,IMF.RES:WEO(9.0.0),R,VEN,NGDP,A,2022,621795347000,9,,3,,,B1GQ,,,,,,,,,V,,,,XDC,,,OL,9/16/2025
dataflow,IMF.RES:WEO(9.0.0),R,VEN,NGDP,A,2023,3025765385000,9,,3,,,B1GQ,,,,,,,,,V,,,,XDC,,,OL,9/16/2025
dataflow,IMF.RES:WEO(9.0.0),R,VEN,NGDP,A,2024,4963355551000,9,,3,,,B1GQ,,,,,,,,,V,,,,XDC,,,OL,9/16/2025
dataflow,IMF.RES:WEO(9.0.0),R,VEN,NGDP,A,2025,16489790761000,9,,3,,,B1GQ,,,,,,,,,V,,,,XDC,,,OL,9/16/2025
dataflow,IMF.RES:WEO(9.0.0),R,VEN,NGDP,A,2026,89759368949000,9,,3,,,B1GQ,,,,,,,,,V,,,,XDC,,,OL,9/16/2025
dataflow,IMF.RES:WEO(9.0.0),R,VEN,NGDP,A,2027,184820483420000,9,,3,,,B1GQ,,,,,,,,,V,,,,XDC,,,OL,9/16/2025
dataflow,IMF.RES:WEO(9.0.0),R,VEN,NGDPD,A,1980,69840748000,9,,3,,,B1GQ,,,,,,,,,V,,,,USD,,,OL,9/16/2025
dataflow,IMF.RES:WEO(9.0.0),R,VEN,NGDPD,A,1981,78367005000,9,,3,,,B1GQ,,,,,,,,,V,,,,USD,,,OL,9/16/2025
dataflow,IMF.RES:WEO(9.0.0),R,VEN,NGDPD,A,1982,79997709000,9,,3,,,B1GQ,,,,,,,,,V,,,,USD,,,OL,9/16/2025
dataflow,IMF.RES:WEO(9.0.0),R,VEN,NGDPD,A,1983,79672476000,9,,3,,,B1GQ,,,,,,,,,V,,,,USD,,,OL,9/16/2025
dataflow,IMF.RES:WEO(9.0.0),R,VEN,NGDPD,A,1984,57825538000,9,,3,,,B1GQ,,,,,,,,,V,,,,USD,,,OL,9/16/2025
dataflow,IMF.RES:WEO(9.0.0),R,VEN,NGDPD,A,1985,59864954000,9,,3,,,B1GQ,,,,,,,,,V,,,,USD,,,OL,9/16/2025
dataflow,IMF.RES:WEO(9.0.0),R,VEN,NGDPD,A,1986,60876618000,9,,3,,,B1GQ,,,,,,,,,V,,,,USD,,,OL,9/16/2025
dataflow,IMF.RES:WEO(9.0.0),R,VEN,NGDPD,A,1987,46853832000,9,,3,,,B1GQ,,,,,,,,,V,,,,USD,,,OL,9/16/2025
dataflow,IMF.RES:WEO(9.0.0),R,VEN,NGDPD,A,1988,60377583000,9,,3,,,B1GQ,,,,,,,,,V,,,,USD,,,OL,9/16/2025
dataflow,IMF.RES:WEO(9.0.0),R,VEN,NGDPD,A,1989,44671896000,9,,3,,,B1GQ,,,,,,,,,V,,,,USD,,,OL,9/16/2025
dataflow,IMF.RES:WEO(9.0.0),R,VEN,NGDPD,A,1990,48391397000,9,,3,,,B1GQ,,,,,,,,,V,,,,USD,,,OL,9/16/2025
dataflow,IMF.RES:WEO(9.0.0),R,VEN,NGDPD,A,1991,53381601000,9,,3,,,B1GQ,,,,,,,,,V,,,,USD,,,OL,9/16/2025
dataflow,IMF.RES:WEO(9.0.0),R,VEN,NGDPD,A,1992,60400319000,9,,3,,,B1GQ,,,,,,,,,V,,,,USD,,,OL,9/16/2025
dataflow,IMF.RES:WEO(9.0.0),R,VEN,NGDPD,A,1993,59865466000,9,,3,,,B1GQ,,,,,,,,,V,,,,USD,,,OL,9/16/2025
dataflow,IMF.RES:WEO(9.0.0),R,VEN,NGDPD,A,1994,58357091000,9,,3,,,B1GQ,,,,,,,,,V,,,,USD,,,OL,9/16/2025
dataflow,IMF.RES:WEO(9.0.0),R,VEN,NGDPD,A,1995,77427488000,9,,3,,,B1GQ,,,,,,,,,V,,,,USD,,,OL,9/16/2025
dataflow,IMF.RES:WEO(9.0.0),R,VEN,NGDPD,A,1996,70535743000,9,,3,,,B1GQ,,,,,,,,,V,,,,USD,,,OL,9/16/2025
dataflow,IMF.RES:WEO(9.0.0),R,VEN,NGDPD,A,1997,85683894000,9,,3,,,B1GQ,,,,,,,,,V,,,,USD,,,OL,9/16/2025
dataflow,IMF.RES:WEO(9.0.0),R,VEN,NGDPD,A,1998,91836131000,9,,3,,,B1GQ,,,,,,,,,V,,,,USD,,,OL,9/16/2025
dataflow,IMF.RES:WEO(9.0.0),R,VEN,NGDPD,A,1999,97516977000,9,,3,,,B1GQ,,,,,,,,,V,,,,USD,,,OL,9/16/2025
dataflow,IMF.RES:WEO(9.0.0),R,VEN,NGDPD,A,2000,117595540000,9,,3,,,B1GQ,,,,,,,,,V,,,,USD,,,OL,9/16/2025
dataflow,IMF.RES:WEO(9.0.0),R,VEN,NGDPD,A,2001,123119428000,9,,3,,,B1GQ,,,,,,,,,V,,,,USD,,,OL,9/16/2025
dataflow,IMF.RES:WEO(9.0.0),R,VEN,NGDPD,A,2002,95257853000,9,,3,,,B1GQ,,,,,,,,,V,,,,USD,,,OL,9/16/2025
dataflow,IMF.RES:WEO(9.0.0),R,VEN,NGDPD,A,2003,83684149000,9,,3,,,B1GQ,,,,,,,,,V,,,,USD,,,OL,9/16/2025
dataflow,IMF.RES:WEO(9.0.0),R,VEN,NGDPD,A,2004,112254047000,9,,3,,,B1GQ,,,,,,,,,V,,,,USD,,,OL,9/16/2025
dataflow,IMF.RES:WEO(9.0.0),R,VEN,NGDPD,A,2005,143375255000,9,,3,,,B1GQ,,,,,,,,,V,,,,USD,,,OL,9/16/2025
dataflow,IMF.RES:WEO(9.0.0),R,VEN,NGDPD,A,2006,178520926000,9,,3,,,B1GQ,,,,,,,,,V,,,,USD,,,OL,9/16/2025
dataflow,IMF.RES:WEO(9.0.0),R,VEN,NGDPD,A,2007,232857191000,9,,3,,,B1GQ,,,,,,,,,V,,,,USD,,,OL,9/16/2025
dataflow,IMF.RES:WEO(9.0.0),R,VEN,NGDPD,A,2008,306764322000,9,,3,,,B1GQ,,,,,,,,,V,,,,USD,,,OL,9/16/2025
dataflow,IMF.RES:WEO(9.0.0),R,VEN,NGDPD,A,2009,268623668000,9,,3,,,B1GQ,,,,,,,,,V,,,,USD,,,OL,9/16/2025
dataflow,IMF.RES:WEO(9.0.0),R,VEN,NGDPD,A,2010,318280503000,9,,3,,,B1GQ,,,,,,,,,V,,,,USD,,,OL,9/16/2025
dataflow,IMF.RES:WEO(9.0.0),R,VEN,NGDPD,A,2011,316482410000,9,,3,,,B1GQ,,,,,,,,,V,,,,USD,,,OL,9/16/2025
dataflow,IMF.RES:WEO(9.0.0),R,VEN,NGDPD,A,2012,372591992000,9,,3,,,B1GQ,,,,,,,,,V,,,,USD,,,OL,9/16/2025
dataflow,IMF.RES:WEO(9.0.0),R,VEN,NGDPD,A,2013,258931842000,9,,3,,,B1GQ,,,,,,,,,V,,,,USD,,,OL,9/16/2025
dataflow,IMF.RES:WEO(9.0.0),R,VEN,NGDPD,A,2014,214689576000,9,,3,,,B1GQ,,,,,,,,,V,,,,USD,,,OL,9/16/2025
dataflow,IMF.RES:WEO(9.0.0),R,VEN,NGDPD,A,2015,125449472000,9,,3,,,B1GQ,,,,,,,,,V,,,,USD,,,OL,9/16/2025
dataflow,IMF.RES:WEO(9.0.0),R,VEN,NGDPD,A,2016,112914909000,9,,3,,,B1GQ,,,,,,,,,V,,,,USD,,,OL,9/16/2025
dataflow,IMF.RES:WEO(9.0.0),R,VEN,NGDPD,A,2017,115882145000,9,,3,,,B1GQ,,,,,,,,,V,,,,USD,,,OL,9/16/2025
dataflow,IMF.RES:WEO(9.0.0),R,VEN,NGDPD,A,2018,102020739000,9,,3,,,B1GQ,,,,,,,,,V,,,,USD,,,OL,9/16/2025
dataflow,IMF.RES:WEO(9.0.0),R,VEN,NGDPD,A,2019,73013796000,9,,3,,,B1GQ,,,,,,,,,V,,,,USD,,,OL,9/16/2025
dataflow,IMF.RES:WEO(9.0.0),R,VEN,NGDPD,A,2020,42837989000,9,,3,,,B1GQ,,,,,,,,,V,,,,USD,,,OL,9/16/2025
dataflow,IMF.RES:WEO(9.0.0),R,VEN,NGDPD,A,2021,56615017000,9,,3,,,B1GQ,,,,,,,,,V,,,,USD,,,OL,9/16/2025
dataflow,IMF.RES:WEO(9.0.0),R,VEN,NGDPD,A,2022,89013259000,9,,3,,,B1GQ,,,,,,,,,V,,,,USD,,,OL,9/16/2025
dataflow,IMF.RES:WEO(9.0.0),R,VEN,NGDPD,A,2023,102377526000,9,,3,,,B1GQ,,,,,,,,,V,,,,USD,,,OL,9/16/2025
dataflow,IMF.RES:WEO(9.0.0),R,VEN,NGDPD,A,2024,120566093000,9,,3,,,B1GQ,,,,,,,,,V,,,,USD,,,OL,9/16/2025
dataflow,IMF.RES:WEO(9.0.0),R,VEN,NGDPD,A,2025,99661235000,9,,3,,,B1GQ,,,,,,,,,V,,,,USD,,,OL,9/16/2025
dataflow,IMF.RES:WEO(9.0.0),R,VEN,NGDPD,A,2026,111303343000,9,,3,,,B1GQ,,,,,,,,,V,,,,USD,,,OL,9/16/2025
dataflow,IMF.RES:WEO(9.0.0),R,VEN,NGDPD,A,2027,117908128000,9,,3,,,B1GQ,,,,,,,,,V,,,,USD,,,OL,9/16/2025
dataflow,IMF.RES:WEO(9.0.0),R,VEN,NGDPDPC,A,1980,4671.077821,0,,3,,,B1GQ,,,,,,,,,V,,,,USD,,,OL,9/16/2025
dataflow,IMF.RES:WEO(9.0.0),R,VEN,NGDPDPC,A,1981,5085.579803,0,,3,,,B1GQ,,,,,,,,,V,,,,USD,,,OL,9/16/2025
dataflow,IMF.RES:WEO(9.0.0),R,VEN,NGDPDPC,A,1982,5041.588734,0,,3,,,B1GQ,,,,,,,,,V,,,,USD,,,OL,9/16/2025
dataflow,IMF.RES:WEO(9.0.0),R,VEN,NGDPDPC,A,1983,4883.234126,0,,3,,,B1GQ,,,,,,,,,V,,,,USD,,,OL,9/16/2025
dataflow,IMF.RES:WEO(9.0.0),R,VEN,NGDPDPC,A,1984,3447.449662,0,,3,,,B1GQ,,,,,,,,,V,,,,USD,,,OL,9/16/2025
dataflow,IMF.RES:WEO(9.0.0),R,VEN,NGDPDPC,A,1985,3472.185677,0,,3,,,B1GQ,,,,,,,,,V,,,,USD,,,OL,9/16/2025
dataflow,IMF.RES:WEO(9.0.0),R,VEN,NGDPDPC,A,1986,3488.564489,0,,3,,,B1GQ,,,,,,,,,V,,,,USD,,,OL,9/16/2025
dataflow,IMF.RES:WEO(9.0.0),R,VEN,NGDPDPC,A,1987,2619.239571,0,,3,,,B1GQ,,,,,,,,,V,,,,USD,,,OL,9/16/2025
dataflow,IMF.RES:WEO(9.0.0),R,VEN,NGDPDPC,A,1988,3292.791744,0,,3,,,B1GQ,,,,,,,,,V,,,,USD,,,OL,9/16/2025
dataflow,IMF.RES:WEO(9.0.0),R,VEN,NGDPDPC,A,1989,2378.157592,0,,3,,,B1GQ,,,,,,,,,V,,,,USD,,,OL,9/16/2025
dataflow,IMF.RES:WEO(9.0.0),R,VEN,NGDPDPC,A,1990,2492.939366,0,,3,,,B1GQ,,,,,,,,,V,,,,USD,,,OL,9/16/2025
dataflow,IMF.RES:WEO(9.0.0),R,VEN,NGDPDPC,A,1991,2685.293211,0,,3,,,B1GQ,,,,,,,,,V,,,,USD,,,OL,9/16/2025
dataflow,IMF.RES:WEO(9.0.0),R,VEN,NGDPDPC,A,1992,2968.496192,0,,3,,,B1GQ,,,,,,,,,V,,,,USD,,,OL,9/16/2025
dataflow,IMF.RES:WEO(9.0.0),R,VEN,NGDPDPC,A,1993,2876.076991,0,,3,,,B1GQ,,,,,,,,,V,,,,USD,,,OL,9/16/2025
dataflow,IMF.RES:WEO(9.0.0),R,VEN,NGDPDPC,A,1994,2741.978979,0,,3,,,B1GQ,,,,,,,,,V,,,,USD,,,OL,9/16/2025
dataflow,IMF.RES:WEO(9.0.0),R,VEN,NGDPDPC,A,1995,3559.769584,0,,3,,,B1GQ,,,,,,,,,V,,,,USD,,,OL,9/16/2025
dataflow,IMF.RES:WEO(9.0.0),R,VEN,NGDPDPC,A,1996,3174.630815,0,,3,,,B1GQ,,,,,,,,,V,,,,USD,,,OL,9/16/2025
dataflow,IMF.RES:WEO(9.0.0),R,VEN,NGDPDPC,A,1997,3778.536581,0,,3,,,B1GQ,,,,,,,,,V,,,,USD,,,OL,9/16/2025
dataflow,IMF.RES:WEO(9.0.0),R,VEN,NGDPDPC,A,1998,3970.432727,0,,3,,,B1GQ,,,,,,,,,V,,,,USD,,,OL,9/16/2025
dataflow,IMF.RES:WEO(9.0.0),R,VEN,NGDPDPC,A,1999,4133.37038,0,,3,,,B1GQ,,,,,,,,,V,,,,USD,,,OL,9/16/2025
dataflow,IMF.RES:WEO(9.0.0),R,VEN,NGDPDPC,A,2000,4820.646096,0,,3,,,B1GQ,,,,,,,,,V,,,,USD,,,OL,9/16/2025
dataflow,IMF.RES:WEO(9.0.0),R,VEN,NGDPDPC,A,2001,4963.915592,0,,3,,,B1GQ,,,,,,,,,V,,,,USD,,,OL,9/16/2025
dataflow,IMF.RES:WEO(9.0.0),R,VEN,NGDPDPC,A,2002,3778.25532,0,,3,,,B1GQ,,,,,,,,,V,,,,USD,,,OL,9/16/2025
dataflow,IMF.RES:WEO(9.0.0),R,VEN,NGDPDPC,A,2003,3266.094816,0,,3,,,B1GQ,,,,,,,,,V,,,,USD,,,OL,9/16/2025
dataflow,IMF.RES:WEO(9.0.0),R,VEN,NGDPDPC,A,2004,4311.999394,0,,3,,,B1GQ,,,,,,,,,V,,,,USD,,,OL,9/16/2025
dataflow,IMF.RES:WEO(9.0.0),R,VEN,NGDPDPC,A,2005,5421.655635,0,,3,,,B1GQ,,,,,,,,,V,,,,USD,,,OL,9/16/2025
dataflow,IMF.RES:WEO(9.0.0),R,VEN,NGDPDPC,A,2006,6646.802801,0,,3,,,B1GQ,,,,,,,,,V,,,,USD,,,OL,9/16/2025
dataflow,IMF.RES:WEO(9.0.0),R,VEN,NGDPDPC,A,2007,8538.101797,0,,3,,,B1GQ,,,,,,,,,V,,,,USD,,,OL,9/16/2025
dataflow,IMF.RES:WEO(9.0.0),R,VEN,NGDPDPC,A,2008,11079.068687,0,,3,,,B1GQ,,,,,,,,,V,,,,USD,,,OL,9/16/2025
dataflow,IMF.RES:WEO(9.0.0),R,VEN,NGDPDPC,A,2009,9557.549974,0,,3,,,B1GQ,,,,,,,,,V,,,,USD,,,OL,9/16/2025
dataflow,IMF.RES:WEO(9.0.0),R,VEN,NGDPDPC,A,2010,11158.179669,0,,3,,,B1GQ,,,,,,,,,V,,,,USD,,,OL,9/16/2025
dataflow,IMF.RES:WEO(9.0.0),R,VEN,NGDPDPC,A,2011,10934.27461,0,,3,,,B1GQ,,,,,,,,,V,,,,USD,,,OL,9/16/2025
dataflow,IMF.RES:WEO(9.0.0),R,VEN,NGDPDPC,A,2012,12688.107251,0,,3,,,B1GQ,,,,,,,,,V,,,,USD,,,OL,9/16/2025
dataflow,IMF.RES:WEO(9.0.0),R,VEN,NGDPDPC,A,2013,8692.995218,0,,3,,,B1GQ,,,,,,,,,V,,,,USD,,,OL,9/16/2025
dataflow,IMF.RES:WEO(9.0.0),R,VEN,NGDPDPC,A,2014,7107.442027,0,,3,,,B1GQ,,,,,,,,,V,,,,USD,,,OL,9/16/2025
dataflow,IMF.RES:WEO(9.0.0),R,VEN,NGDPDPC,A,2015,4096.978192,0,,3,,,B1GQ,,,,,,,,,V,,,,USD,,,OL,9/16/2025
dataflow,IMF.RES:WEO(9.0.0),R,VEN,NGDPDPC,A,2016,3676.380115,0,,3,,,B1GQ,,,,,,,,,V,,,,USD,,,OL,9/16/2025
dataflow,IMF.RES:WEO(9.0.0),R,VEN,NGDPDPC,A,2017,3806.619246,0,,3,,,B1GQ,,,,,,,,,V,,,,USD,,,OL,9/16/2025
dataflow,IMF.RES:WEO(9.0.0),R,VEN,NGDPDPC,A,2018,3529.707854,0,,3,,,B1GQ,,,,,,,,,V,,,,USD,,,OL,9/16/2025
dataflow,IMF.RES:WEO(9.0.0),R,VEN,NGDPDPC,A,2019,2624.782977,0,,3,,,B1GQ,,,,,,,,,V,,,,USD,,,OL,9/16/2025
dataflow,IMF.RES:WEO(9.0.0),R,VEN,NGDPDPC,A,2020,1532.616577,0,,3,,,B1GQ,,,,,,,,,V,,,,USD,,,OL,9/16/2025
dataflow,IMF.RES:WEO(9.0.0),R,VEN,NGDPDPC,A,2021,2052.287835,0,,3,,,B1GQ,,,,,,,,,V,,,,USD,,,OL,9/16/2025
dataflow,IMF.RES:WEO(9.0.0),R,VEN,NGDPDPC,A,2022,3306.912581,0,,3,,,B1GQ,,,,,,,,,V,,,,USD,,,OL,9/16/2025
dataflow,IMF.RES:WEO(9.0.0),R,VEN,NGDPDPC,A,2023,3828.580045,0,,3,,,B1GQ,,,,,,,,,V,,,,USD,,,OL,9/16/2025
dataflow,IMF.RES:WEO(9.0.0),R,VEN,NGDPDPC,A,2024,4539.177095,0,,3,,,B1GQ,,,,,,,,,V,,,,USD,,,OL,9/16/2025
dataflow,IMF.RES:WEO(9.0.0),R,VEN,NGDPDPC,A,2025,3736.30916,0,,3,,,B1GQ,,,,,,,,,V,,,,USD,,,OL,9/16/2025
dataflow,IMF.RES:WEO(9.0.0),R,VEN,NGDPDPC,A,2026,4139.655632,0,,3,,,B1GQ,,,,,,,,,V,,,,USD,,,OL,9/16/2025
dataflow,IMF.RES:WEO(9.0.0),R,VEN,NGDPDPC,A,2027,4350.500451,0,,3,,,B1GQ,,,,,,,,,V,,,,USD,,,OL,9/16/2025
dataflow,IMF.RES:WEO(9.0.0),R,VEN,NGDPPC,A,2012,0.000001,0,,3,,,B1GQ,,,,,,,,,V,,,,XDC,,,OL,9/16/2025
dataflow,IMF.RES:WEO(9.0.0),R,VEN,NGDPPC,A,2013,0.000001,0,,3,,,B1GQ,,,,,,,,,V,,,,XDC,,,OL,9/16/2025
dataflow,IMF.RES:WEO(9.0.0),R,VEN,NGDPPC,A,2014,0.000002,0,,3,,,B1GQ,,,,,,,,,V,,,,XDC,,,OL,9/16/2025
dataflow,IMF.RES:WEO(9.0.0),R,VEN,NGDPPC,A,2015,0.000003,0,,3,,,B1GQ,,,,,,,,,V,,,,XDC,,,OL,9/16/2025
dataflow,IMF.RES:WEO(9.0.0),R,VEN,NGDPPC,A,2016,0.000012,0,,3,,,B1GQ,,,,,,,,,V,,,,XDC,,,OL,9/16/2025
dataflow,IMF.RES:WEO(9.0.0),R,VEN,NGDPPC,A,2017,0.000114,0,,3,,,B1GQ,,,,,,,,,V,,,,XDC,,,OL,9/16/2025
dataflow,IMF.RES:WEO(9.0.0),R,VEN,NGDPPC,A,2018,0.218401,0,,3,,,B1GQ,,,,,,,,,V,,,,XDC,,,OL,9/16/2025
dataflow,IMF.RES:WEO(9.0.0),R,VEN,NGDPPC,A,2019,36.153957,0,,3,,,B1GQ,,,,,,,,,V,,,,XDC,,,OL,9/16/2025
dataflow,IMF.RES:WEO(9.0.0),R,VEN,NGDPPC,A,2020,501.324853,0,,3,,,B1GQ,,,,,,,,,V,,,,XDC,,,OL,9/16/2025
dataflow,IMF.RES:WEO(9.0.0),R,VEN,NGDPPC,A,2021,6710.287256,0,,3,,,B1GQ,,,,,,,,,V,,,,XDC,,,OL,9/16/2025
dataflow,IMF.RES:WEO(9.0.0),R,VEN,NGDPPC,A,2022,23100.186301,0,,3,,,B1GQ,,,,,,,,,V,,,,XDC,,,OL,9/16/2025
dataflow,IMF.RES:WEO(9.0.0),R,VEN,NGDPPC,A,2023,113153.593713,0,,3,,,B1GQ,,,,,,,,,V,,,,XDC,,,OL,9/16/2025
dataflow,IMF.RES:WEO(9.0.0),R,VEN,NGDPPC,A,2024,186864.725906,0,,3,,,B1GQ,,,,,,,,,V,,,,XDC,,,OL,9/16/2025
dataflow,IMF.RES:WEO(9.0.0),R,VEN,NGDPPC,A,2025,618203.818933,0,,3,,,B1GQ,,,,,,,,,V,,,,XDC,,,OL,9/16/2025
dataflow,IMF.RES:WEO(9.0.0),R,VEN,NGDPPC,A,2026,3338380.209845,0,,3,,,B1GQ,,,,,,,,,V,,,,XDC,,,OL,9/16/2025
dataflow,IMF.RES:WEO(9.0.0),R,VEN,NGDPPC,A,2027,6819390.752229,0,,3,,,B1GQ,,,,,,,,,V,,,,XDC,,,OL,9/16/2025
dataflow,IMF.RES:WEO(9.0.0),R,VEN,NGDPRPC,A,,,0,,3,,,,,,,,,,,,,,,,,,,OL,9/16/2025
dataflow,IMF.RES:WEO(9.0.0),R,VEN,NGDPRPPPPC,A,1980,22242.508951,0,,3,,,B1GQ,,,,,,,,,Q,,,,,,,OL,9/16/2025
dataflow,IMF.RES:WEO(9.0.0),R,VEN,NGDPRPPPPC,A,1981,21303.517312,0,,3,,,B1GQ,,,,,,,,,Q,,,,,,,OL,9/16/2025
dataflow,IMF.RES:WEO(9.0.0),R,VEN,NGDPRPPPPC,A,1982,21235.910605,0,,3,,,B1GQ,,,,,,,,,Q,,,,,,,OL,9/16/2025
dataflow,IMF.RES:WEO(9.0.0),R,VEN,NGDPRPPPPC,A,1983,18617.413523,0,,3,,,B1GQ,,,,,,,,,Q,,,,,,,OL,9/16/2025
dataflow,IMF.RES:WEO(9.0.0),R,VEN,NGDPRPPPPC,A,1984,19054.986539,0,,3,,,B1GQ,,,,,,,,,Q,,,,,,,OL,9/16/2025
dataflow,IMF.RES:WEO(9.0.0),R,VEN,NGDPRPPPPC,A,1985,18698.712484,0,,3,,,B1GQ,,,,,,,,,Q,,,,,,,OL,9/16/2025
dataflow,IMF.RES:WEO(9.0.0),R,VEN,NGDPRPPPPC,A,1986,19597.937871,0,,3,,,B1GQ,,,,,,,,,Q,,,,,,,OL,9/16/2025
dataflow,IMF.RES:WEO(9.0.0),R,VEN,NGDPRPPPPC,A,1987,20035.951978,0,,3,,,B1GQ,,,,,,,,,Q,,,,,,,OL,9/16/2025
dataflow,IMF.RES:WEO(9.0.0),R,VEN,NGDPRPPPPC,A,1988,20819.018462,0,,3,,,B1GQ,,,,,,,,,Q,,,,,,,OL,9/16/2025
dataflow,IMF.RES:WEO(9.0.0),R,VEN,NGDPRPPPPC,A,1989,17493.70087,0,,3,,,B1GQ,,,,,,,,,Q,,,,,,,OL,9/16/2025
dataflow,IMF.RES:WEO(9.0.0),R,VEN,NGDPRPPPPC,A,1990,18023.432218,0,,3,,,B1GQ,,,,,,,,,Q,,,,,,,OL,9/16/2025
dataflow,IMF.RES:WEO(9.0.0),R,VEN,NGDPRPPPPC,A,1991,19311.636606,0,,3,,,B1GQ,,,,,,,,,Q,,,,,,,OL,9/16/2025
dataflow,IMF.RES:WEO(9.0.0),R,VEN,NGDPRPPPPC,A,1992,20011.022536,0,,3,,,B1GQ,,,,,,,,,Q,,,,,,,OL,9/16/2025
dataflow,IMF.RES:WEO(9.0.0),R,VEN,NGDPRPPPPC,A,1993,19615.103425,0,,3,,,B1GQ,,,,,,,,,Q,,,,,,,OL,9/16/2025
dataflow,IMF.RES:WEO(9.0.0),R,VEN,NGDPRPPPPC,A,1994,18733.208472,0,,3,,,B1GQ,,,,,,,,,Q,,,,,,,OL,9/16/2025
dataflow,IMF.RES:WEO(9.0.0),R,VEN,NGDPRPPPPC,A,1995,19054.59043,0,,3,,,B1GQ,,,,,,,,,Q,,,,,,,OL,9/16/2025
dataflow,IMF.RES:WEO(9.0.0),R,VEN,NGDPRPPPPC,A,1996,18616.43156,0,,3,,,B1GQ,,,,,,,,,Q,,,,,,,OL,9/16/2025
dataflow,IMF.RES:WEO(9.0.0),R,VEN,NGDPRPPPPC,A,1997,19402.60991,0,,3,,,B1GQ,,,,,,,,,Q,,,,,,,OL,9/16/2025
dataflow,IMF.RES:WEO(9.0.0),R,VEN,NGDPRPPPPC,A,1998,19078.102241,0,,3,,,B1GQ,,,,,,,,,Q,,,,,,,OL,9/16/2025
dataflow,IMF.RES:WEO(9.0.0),R,VEN,NGDPRPPPPC,A,1999,17587.306011,0,,3,,,B1GQ,,,,,,,,,Q,,,,,,,OL,9/16/2025
dataflow,IMF.RES:WEO(9.0.0),R,VEN,NGDPRPPPPC,A,2000,17636.552755,0,,3,,,B1GQ,,,,,,,,,Q,,,,,,,OL,9/16/2025
dataflow,IMF.RES:WEO(9.0.0),R,VEN,NGDPRPPPPC,A,2001,17934.671735,0,,3,,,B1GQ,,,,,,,,,Q,,,,,,,OL,9/16/2025
dataflow,IMF.RES:WEO(9.0.0),R,VEN,NGDPRPPPPC,A,2002,16081.105838,0,,3,,,B1GQ,,,,,,,,,Q,,,,,,,OL,9/16/2025
dataflow,IMF.RES:WEO(9.0.0),R,VEN,NGDPRPPPPC,A,2003,14596.623367,0,,3,,,B1GQ,,,,,,,,,Q,,,,,,,OL,9/16/2025
dataflow,IMF.RES:WEO(9.0.0),R,VEN,NGDPRPPPPC,A,2004,16993.35283,0,,3,,,B1GQ,,,,,,,,,Q,,,,,,,OL,9/16/2025
dataflow,IMF.RES:WEO(9.0.0),R,VEN,NGDPRPPPPC,A,2005,18454.664686,0,,3,,,B1GQ,,,,,,,,,Q,,,,,,,OL,9/16/2025
dataflow,IMF.RES:WEO(9.0.0),R,VEN,NGDPRPPPPC,A,2006,19964.558681,0,,3,,,B1GQ,,,,,,,,,Q,,,,,,,OL,9/16/2025
dataflow,IMF.RES:WEO(9.0.0),R,VEN,NGDPRPPPPC,A,2007,21382.145629,0,,3,,,B1GQ,,,,,,,,,Q,,,,,,,OL,9/16/2025
dataflow,IMF.RES:WEO(9.0.0),R,VEN,NGDPRPPPPC,A,2008,22172.519229,0,,3,,,B1GQ,,,,,,,,,Q,,,,,,,OL,9/16/2025
dataflow,IMF.RES:WEO(9.0.0),R,VEN,NGDPRPPPPC,A,2009,21143.844798,0,,3,,,B1GQ,,,,,,,,,Q,,,,,,,OL,9/16/2025
dataflow,IMF.RES:WEO(9.0.0),R,VEN,NGDPRPPPPC,A,2010,20523.462039,0,,3,,,B1GQ,,,,,,,,,Q,,,,,,,OL,9/16/2025
dataflow,IMF.RES:WEO(9.0.0),R,VEN,NGDPRPPPPC,A,2011,21070.612452,0,,3,,,B1GQ,,,,,,,,,Q,,,,,,,OL,9/16/2025
dataflow,IMF.RES:WEO(9.0.0),R,VEN,NGDPRPPPPC,A,2012,21936.671946,0,,3,,,B1GQ,,,,,,,,,Q,,,,,,,OL,9/16/2025
dataflow,IMF.RES:WEO(9.0.0),R,VEN,NGDPRPPPPC,A,2013,21917.224456,0,,3,,,B1GQ,,,,,,,,,Q,,,,,,,OL,9/16/2025
dataflow,IMF.RES:WEO(9.0.0),R,VEN,NGDPRPPPPC,A,2014,20770.774875,0,,3,,,B1GQ,,,,,,,,,Q,,,,,,,OL,9/16/2025
dataflow,IMF.RES:WEO(9.0.0),R,VEN,NGDPRPPPPC,A,2015,19215.382036,0,,3,,,B1GQ,,,,,,,,,Q,,,,,,,OL,9/16/2025
dataflow,IMF.RES:WEO(9.0.0),R,VEN,NGDPRPPPPC,A,2016,15892.430544,0,,3,,,B1GQ,,,,,,,,,Q,,,,,,,OL,9/16/2025
dataflow,IMF.RES:WEO(9.0.0),R,VEN,NGDPRPPPPC,A,2017,13521.315861,0,,3,,,B1GQ,,,,,,,,,Q,,,,,,,OL,9/16/2025
dataflow,IMF.RES:WEO(9.0.0),R,VEN,NGDPRPPPPC,A,2018,11442.03712,0,,3,,,B1GQ,,,,,,,,,Q,,,,,,,OL,9/16/2025
dataflow,IMF.RES:WEO(9.0.0),R,VEN,NGDPRPPPPC,A,2019,8600.668925,0,,3,,,B1GQ,,,,,,,,,Q,,,,,,,OL,9/16/2025
dataflow,IMF.RES:WEO(9.0.0),R,VEN,NGDPRPPPPC,A,2020,5991.769798,0,,3,,,B1GQ,,,,,,,,,Q,,,,,,,OL,9/16/2025
dataflow,IMF.RES:WEO(9.0.0),R,VEN,NGDPRPPPPC,A,2021,6128.962935,0,,3,,,B1GQ,,,,,,,,,Q,,,,,,,OL,9/16/2025
dataflow,IMF.RES:WEO(9.0.0),R,VEN,NGDPRPPPPC,A,2022,6783.843351,0,,3,,,B1GQ,,,,,,,,,Q,,,,,,,OL,9/16/2025
dataflow,IMF.RES:WEO(9.0.0),R,VEN,NGDPRPPPPC,A,2023,7102.009963,0,,3,,,B1GQ,,,,,,,,,Q,,,,,,,OL,9/16/2025
dataflow,IMF.RES:WEO(9.0.0),R,VEN,NGDPRPPPPC,A,2024,7528.681322,0,,3,,,B1GQ,,,,,,,,,Q,,,,,,,OL,9/16/2025
dataflow,IMF.RES:WEO(9.0.0),R,VEN,NGDPRPPPPC,A,2025,7611.848537,0,,3,,,B1GQ,,,,,,,,,Q,,,,,,,OL,9/16/2025
dataflow,IMF.RES:WEO(9.0.0),R,VEN,NGDPRPPPPC,A,2026,7856.716043,0,,3,,,B1GQ,,,,,,,,,Q,,,,,,,OL,9/16/2025
dataflow,IMF.RES:WEO(9.0.0),R,VEN,NGDPRPPPPC,A,2027,8261.8046,0,,3,,,B1GQ,,,,,,,,,Q,,,,,,,OL,9/16/2025
dataflow,IMF.RES:WEO(9.0.0),R,VEN,NGDP_D,A,1980,0.945624,0,,3,,,B1GQ,,,,,,,,PD,,,,,IX,,,OL,9/16/2025
dataflow,IMF.RES:WEO(9.0.0),R,VEN,NGDP_D,A,1981,1.074915,0,,3,,,B1GQ,,,,,,,,PD,,,,,IX,,,OL,9/16/2025
dataflow,IMF.RES:WEO(9.0.0),R,VEN,NGDP_D,A,1982,1.069009,0,,3,,,B1GQ,,,,,,,,PD,,,,,IX,,,OL,9/16/2025
dataflow,IMF.RES:WEO(9.0.0),R,VEN,NGDP_D,A,1983,1.182431,0,,3,,,B1GQ,,,,,,,,PD,,,,,IX,,,OL,9/16/2025
dataflow,IMF.RES:WEO(9.0.0),R,VEN,NGDP_D,A,1984,1.331815,0,,3,,,B1GQ,,,,,,,,PD,,,,,IX,,,OL,9/16/2025
dataflow,IMF.RES:WEO(9.0.0),R,VEN,NGDP_D,A,1985,1.460922,0,,3,,,B1GQ,,,,,,,,PD,,,,,IX,,,OL,9/16/2025
dataflow,IMF.RES:WEO(9.0.0),R,VEN,NGDP_D,A,1986,1.50939,0,,3,,,B1GQ,,,,,,,,PD,,,,,IX,,,OL,9/16/2025
dataflow,IMF.RES:WEO(9.0.0),R,VEN,NGDP_D,A,1987,1.988419,0,,3,,,B1GQ,,,,,,,,PD,,,,,IX,,,OL,9/16/2025
dataflow,IMF.RES:WEO(9.0.0),R,VEN,NGDP_D,A,1988,2.405729,0,,3,,,B1GQ,,,,,,,,PD,,,,,IX,,,OL,9/16/2025
dataflow,IMF.RES:WEO(9.0.0),R,VEN,NGDP_D,A,1989,4.821462,0,,3,,,B1GQ,,,,,,,,PD,,,,,IX,,,OL,9/16/2025
dataflow,IMF.RES:WEO(9.0.0),R,VEN,NGDP_D,A,1990,6.833918,0,,3,,,B1GQ,,,,,,,,PD,,,,,IX,,,OL,9/16/2025
dataflow,IMF.RES:WEO(9.0.0),R,VEN,NGDP_D,A,1991,8.299646,0,,3,,,B1GQ,,,,,,,,PD,,,,,IX,,,OL,9/16/2025
dataflow,IMF.RES:WEO(9.0.0),R,VEN,NGDP_D,A,1992,10.643831,0,,3,,,B1GQ,,,,,,,,PD,,,,,IX,,,OL,9/16/2025
dataflow,IMF.RES:WEO(9.0.0),R,VEN,NGDP_D,A,1993,14.012091,0,,3,,,B1GQ,,,,,,,,PD,,,,,IX,,,OL,9/16/2025
dataflow,IMF.RES:WEO(9.0.0),R,VEN,NGDP_D,A,1994,22.824436,0,,3,,,B1GQ,,,,,,,,PD,,,,,IX,,,OL,9/16/2025
dataflow,IMF.RES:WEO(9.0.0),R,VEN,NGDP_D,A,1995,34.638283,0,,3,,,B1GQ,,,,,,,,PD,,,,,IX,,,OL,9/16/2025
dataflow,IMF.RES:WEO(9.0.0),R,VEN,NGDP_D,A,1996,74.654099,0,,3,,,B1GQ,,,,,,,,PD,,,,,IX,,,OL,9/16/2025
dataflow,IMF.RES:WEO(9.0.0),R,VEN,NGDP_D,A,1997,99.997256,0,,3,,,B1GQ,,,,,,,,PD,,,,,IX,,,OL,9/16/2025
dataflow,IMF.RES:WEO(9.0.0),R,VEN,NGDP_D,A,1998,118.892742,0,,3,,,B1GQ,,,,,,,,PD,,,,,IX,,,OL,9/16/2025
dataflow,IMF.RES:WEO(9.0.0),R,VEN,NGDP_D,A,1999,150.029358,0,,3,,,B1GQ,,,,,,,,PD,,,,,IX,,,OL,9/16/2025
dataflow,IMF.RES:WEO(9.0.0),R,VEN,NGDP_D,A,2000,194.219957,0,,3,,,B1GQ,,,,,,,,PD,,,,,IX,,,OL,9/16/2025
dataflow,IMF.RES:WEO(9.0.0),R,VEN,NGDP_D,A,2001,209.751682,0,,3,,,B1GQ,,,,,,,,PD,,,,,IX,,,OL,9/16/2025
dataflow,IMF.RES:WEO(9.0.0),R,VEN,NGDP_D,A,2002,279.013436,0,,3,,,B1GQ,,,,,,,,PD,,,,,IX,,,OL,9/16/2025
dataflow,IMF.RES:WEO(9.0.0),R,VEN,NGDP_D,A,2003,376.487848,0,,3,,,B1GQ,,,,,,,,PD,,,,,IX,,,OL,9/16/2025
dataflow,IMF.RES:WEO(9.0.0),R,VEN,NGDP_D,A,2004,504.321043,0,,3,,,B1GQ,,,,,,,,PD,,,,,IX,,,OL,9/16/2025
dataflow,IMF.RES:WEO(9.0.0),R,VEN,NGDP_D,A,2005,653.61812,0,,3,,,B1GQ,,,,,,,,PD,,,,,IX,,,OL,9/16/2025
dataflow,IMF.RES:WEO(9.0.0),R,VEN,NGDP_D,A,2006,770.643032,0,,3,,,B1GQ,,,,,,,,PD,,,,,IX,,,OL,9/16/2025
dataflow,IMF.RES:WEO(9.0.0),R,VEN,NGDP_D,A,2007,889.69523,0,,3,,,B1GQ,,,,,,,,PD,,,,,IX,,,OL,9/16/2025
dataflow,IMF.RES:WEO(9.0.0),R,VEN,NGDP_D,A,2008,1157.784098,0,,3,,,B1GQ,,,,,,,,PD,,,,,IX,,,OL,9/16/2025
dataflow,IMF.RES:WEO(9.0.0),R,VEN,NGDP_D,A,2009,1248.456248,0,,3,,,B1GQ,,,,,,,,PD,,,,,IX,,,OL,9/16/2025
dataflow,IMF.RES:WEO(9.0.0),R,VEN,NGDP_D,A,2010,1822.039722,0,,3,,,B1GQ,,,,,,,,PD,,,,,IX,,,OL,9/16/2025
dataflow,IMF.RES:WEO(9.0.0),R,VEN,NGDP_D,A,2011,2334.930199,0,,3,,,B1GQ,,,,,,,,PD,,,,,IX,,,OL,9/16/2025
dataflow,IMF.RES:WEO(9.0.0),R,VEN,NGDP_D,A,2012,2822.819045,0,,3,,,B1GQ,,,,,,,,PD,,,,,IX,,,OL,9/16/2025
dataflow,IMF.RES:WEO(9.0.0),R,VEN,NGDP_D,A,2013,3927.055151,0,,3,,,B1GQ,,,,,,,,PD,,,,,IX,,,OL,9/16/2025
dataflow,IMF.RES:WEO(9.0.0),R,VEN,NGDP_D,A,2014,8036.514615,0,,3,,,B1GQ,,,,,,,,PD,,,,,IX,,,OL,9/16/2025
dataflow,IMF.RES:WEO(9.0.0),R,VEN,NGDP_D,A,2015,18928.562056,0,,3,,,B1GQ,,,,,,,,PD,,,,,IX,,,OL,9/16/2025
dataflow,IMF.RES:WEO(9.0.0),R,VEN,NGDP_D,A,2016,77129.499887,0,,3,,,B1GQ,,,,,,,,PD,,,,,IX,,,OL,9/16/2025
dataflow,IMF.RES:WEO(9.0.0),R,VEN,NGDP_D,A,2017,886786.649821,0,,3,,,B1GQ,,,,,,,,PD,,,,,IX,,,OL,9/16/2025
dataflow,IMF.RES:WEO(9.0.0),R,VEN,NGDP_D,A,2018,2002288992.633548,0,,3,,,B1GQ,,,,,,,,PD,,,,,IX,,,OL,9/16/2025
dataflow,IMF.RES:WEO(9.0.0),R,VEN,NGDP_D,A,2019,440959054333.6269,0,,3,,,B1GQ,,,,,,,,PD,,,,,IX,,,OL,9/16/2025
dataflow,IMF.RES:WEO(9.0.0),R,VEN,NGDP_D,A,2020,8776852057549.985,0,,3,,,B1GQ,,,,,,,,PD,,,,,IX,,,OL,9/16/2025
dataflow,IMF.RES:WEO(9.0.0),R,VEN,NGDP_D,A,2021,114849412801672.8,0,,3,,,B1GQ,,,,,,,,PD,,,,,IX,,,OL,9/16/2025
dataflow,IMF.RES:WEO(9.0.0),R,VEN,NGDP_D,A,2022,357202371638937.1,0,,3,,,B1GQ,,,,,,,,PD,,,,,IX,,,OL,9/16/2025
dataflow,IMF.RES:WEO(9.0.0),R,VEN,NGDP_D,A,2023,1671328182254563,0,,3,,,B1GQ,,,,,,,,PD,,,,,IX,,,OL,9/16/2025
dataflow,IMF.RES:WEO(9.0.0),R,VEN,NGDP_D,A,2024,2603652834244790,0,,3,,,B1GQ,,,,,,,,PD,,,,,IX,,,OL,9/16/2025
dataflow,IMF.RES:WEO(9.0.0),R,VEN,NGDP_D,A,2025,8519541204340905,0,,3,,,B1GQ,,,,,,,,PD,,,,,IX,,,OL,9/16/2025
dataflow,IMF.RES:WEO(9.0.0),R,VEN,NGDP_D,A,2026,44572747187600400,0,,3,,,B1GQ,,,,,,,,PD,,,,,IX,,,OL,9/16/2025
dataflow,IMF.RES:WEO(9.0.0),R,VEN,NGDP_D,A,2027,86585529898441670,0,,3,,,B1GQ,,,,,,,,PD,,,,,IX,,,OL,9/16/2025
dataflow,IMF.RES:WEO(9.0.0),R,VEN,NGDP_FY,A,2017,3000,9,,3,,,B1GQ,,,,,,,,,V,,,,XDC,,,OL,9/16/2025
dataflow,IMF.RES:WEO(9.0.0),R,VEN,NGDP_FY,A,2018,6313000,9,,3,,,B1GQ,,,,,,,,,V,,,,XDC,,,OL,9/16/2025
dataflow,IMF.RES:WEO(9.0.0),R,VEN,NGDP_FY,A,2019,1005697000,9,,3,,,B1GQ,,,,,,,,,V,,,,XDC,,,OL,9/16/2025
dataflow,IMF.RES:WEO(9.0.0),R,VEN,NGDP_FY,A,2020,14012473000,9,,3,,,B1GQ,,,,,,,,,V,,,,XDC,,,OL,9/16/2025
dataflow,IMF.RES:WEO(9.0.0),R,VEN,NGDP_FY,A,2021,185111963000,9,,3,,,B1GQ,,,,,,,,,V,,,,XDC,,,OL,9/16/2025
dataflow,IMF.RES:WEO(9.0.0),R,VEN,NGDP_FY,A,2022,621795347000,9,,3,,,B1GQ,,,,,,,,,V,,,,XDC,,,OL,9/16/2025
dataflow,IMF.RES:WEO(9.0.0),R,VEN,NGDP_FY,A,2023,3025765385000,9,,3,,,B1GQ,,,,,,,,,V,,,,XDC,,,OL,9/16/2025
dataflow,IMF.RES:WEO(9.0.0),R,VEN,NGDP_FY,A,2024,4963355551000,9,,3,,,B1GQ,,,,,,,,,V,,,,XDC,,,OL,9/16/2025
dataflow,IMF.RES:WEO(9.0.0),R,VEN,NGDP_FY,A,2025,16489790761000,9,,3,,,B1GQ,,,,,,,,,V,,,,XDC,,,OL,9/16/2025
dataflow,IMF.RES:WEO(9.0.0),R,VEN,NGDP_FY,A,2026,89759368949000,9,,3,,,B1GQ,,,,,,,,,V,,,,XDC,,,OL,9/16/2025
dataflow,IMF.RES:WEO(9.0.0),R,VEN,NGDP_FY,A,2027,184820483420000,9,,3,,,B1GQ,,,,,,,,,V,,,,XDC,,,OL,9/16/2025
dataflow,IMF.RES:WEO(9.0.0),R,VEN,NGDP_R,A,,,9,,3,,,,,,,,,,,,,,,,,,,OL,9/16/2025
dataflow,IMF.RES:WEO(9.0.0),R,VEN,NGDP_RPCH,A,1980,-4.946911,0,,3,,,B1GQ,,,,,,,,,Q,,,,PT,,,OL,9/16/2025
dataflow,IMF.RES:WEO(9.0.0),R,VEN,NGDP_RPCH,A,1981,-1.288321,0,,3,,,B1GQ,,,,,,,,,Q,,,,PT,,,OL,9/16/2025
dataflow,IMF.RES:WEO(9.0.0),R,VEN,NGDP_RPCH,A,1982,2.644796,0,,3,,,B1GQ,,,,,,,,,Q,,,,PT,,,OL,9/16/2025
dataflow,IMF.RES:WEO(9.0.0),R,VEN,NGDP_RPCH,A,1983,-9.85553,0,,3,,,B1GQ,,,,,,,,,Q,,,,PT,,,OL,9/16/2025
dataflow,IMF.RES:WEO(9.0.0),R,VEN,NGDP_RPCH,A,1984,5.222903,0,,3,,,B1GQ,,,,,,,,,Q,,,,PT,,,OL,9/16/2025
dataflow,IMF.RES:WEO(9.0.0),R,VEN,NGDP_RPCH,A,1985,0.867446,0,,3,,,B1GQ,,,,,,,,,Q,,,,PT,,,OL,9/16/2025
dataflow,IMF.RES:WEO(9.0.0),R,VEN,NGDP_RPCH,A,1986,6.079808,0,,3,,,B1GQ,,,,,,,,,Q,,,,PT,,,OL,9/16/2025
dataflow,IMF.RES:WEO(9.0.0),R,VEN,NGDP_RPCH,A,1987,4.801074,0,,3,,,B1GQ,,,,,,,,,Q,,,,PT,,,OL,9/16/2025
dataflow,IMF.RES:WEO(9.0.0),R,VEN,NGDP_RPCH,A,1988,6.510356,0,,3,,,B1GQ,,,,,,,,,Q,,,,PT,,,OL,9/16/2025
dataflow,IMF.RES:WEO(9.0.0),R,VEN,NGDP_RPCH,A,1989,-13.919707,0,,3,,,B1GQ,,,,,,,,,Q,,,,PT,,,OL,9/16/2025
dataflow,IMF.RES:WEO(9.0.0),R,VEN,NGDP_RPCH,A,1990,6.467852,0,,3,,,B1GQ,,,,,,,,,Q,,,,PT,,,OL,9/16/2025
dataflow,IMF.RES:WEO(9.0.0),R,VEN,NGDP_RPCH,A,1991,9.72991,0,,3,,,B1GQ,,,,,,,,,Q,,,,PT,,,OL,9/16/2025
dataflow,IMF.RES:WEO(9.0.0),R,VEN,NGDP_RPCH,A,1992,6.060349,0,,3,,,B1GQ,,,,,,,,,Q,,,,PT,,,OL,9/16/2025
dataflow,IMF.RES:WEO(9.0.0),R,VEN,NGDP_RPCH,A,1993,0.27541,0,,3,,,B1GQ,,,,,,,,,Q,,,,PT,,,OL,9/16/2025
dataflow,IMF.RES:WEO(9.0.0),R,VEN,NGDP_RPCH,A,1994,-2.349332,0,,3,,,B1GQ,,,,,,,,,Q,,,,PT,,,OL,9/16/2025
dataflow,IMF.RES:WEO(9.0.0),R,VEN,NGDP_RPCH,A,1995,3.951609,0,,3,,,B1GQ,,,,,,,,,Q,,,,PT,,,OL,9/16/2025
dataflow,IMF.RES:WEO(9.0.0),R,VEN,NGDP_RPCH,A,1996,-0.197929,0,,3,,,B1GQ,,,,,,,,,Q,,,,PT,,,OL,9/16/2025
dataflow,IMF.RES:WEO(9.0.0),R,VEN,NGDP_RPCH,A,1997,6.371005,0,,3,,,B1GQ,,,,,,,,,Q,,,,PT,,,OL,9/16/2025
dataflow,IMF.RES:WEO(9.0.0),R,VEN,NGDP_RPCH,A,1998,0.294055,0,,3,,,B1GQ,,,,,,,,,Q,,,,PT,,,OL,9/16/2025
dataflow,IMF.RES:WEO(9.0.0),R,VEN,NGDP_RPCH,A,1999,-5.970458,0,,3,,,B1GQ,,,,,,,,,Q,,,,PT,,,OL,9/16/2025
dataflow,IMF.RES:WEO(9.0.0),R,VEN,NGDP_RPCH,A,2000,3.686944,0,,3,,,B1GQ,,,,,,,,,Q,,,,PT,,,OL,9/16/2025
dataflow,IMF.RES:WEO(9.0.0),R,VEN,NGDP_RPCH,A,2001,3.394236,0,,3,,,B1GQ,,,,,,,,,Q,,,,PT,,,OL,9/16/2025
dataflow,IMF.RES:WEO(9.0.0),R,VEN,NGDP_RPCH,A,2002,-8.855647,0,,3,,,B1GQ,,,,,,,,,Q,,,,PT,,,OL,9/16/2025
dataflow,IMF.RES:WEO(9.0.0),R,VEN,NGDP_RPCH,A,2003,-7.7553,0,,3,,,B1GQ,,,,,,,,,Q,,,,PT,,,OL,9/16/2025
dataflow,IMF.RES:WEO(9.0.0),R,VEN,NGDP_RPCH,A,2004,18.286607,0,,3,,,B1GQ,,,,,,,,,Q,,,,PT,,,OL,9/16/2025
dataflow,IMF.RES:WEO(9.0.0),R,VEN,NGDP_RPCH,A,2005,10.317914,0,,3,,,B1GQ,,,,,,,,,Q,,,,PT,,,OL,9/16/2025
dataflow,IMF.RES:WEO(9.0.0),R,VEN,NGDP_RPCH,A,2006,9.872149,0,,3,,,B1GQ,,,,,,,,,Q,,,,PT,,,OL,9/16/2025
dataflow,IMF.RES:WEO(9.0.0),R,VEN,NGDP_RPCH,A,2007,8.753579,0,,3,,,B1GQ,,,,,,,,,Q,,,,PT,,,OL,9/16/2025
dataflow,IMF.RES:WEO(9.0.0),R,VEN,NGDP_RPCH,A,2008,5.277854,0,,3,,,B1GQ,,,,,,,,,Q,,,,PT,,,OL,9/16/2025
dataflow,IMF.RES:WEO(9.0.0),R,VEN,NGDP_RPCH,A,2009,-3.202303,0,,3,,,B1GQ,,,,,,,,,Q,,,,PT,,,OL,9/16/2025
dataflow,IMF.RES:WEO(9.0.0),R,VEN,NGDP_RPCH,A,2010,-1.488791,0,,3,,,B1GQ,,,,,,,,,Q,,,,PT,,,OL,9/16/2025
dataflow,IMF.RES:WEO(9.0.0),R,VEN,NGDP_RPCH,A,2011,4.176425,0,,3,,,B1GQ,,,,,,,,,Q,,,,PT,,,OL,9/16/2025
dataflow,IMF.RES:WEO(9.0.0),R,VEN,NGDP_RPCH,A,2012,5.625957,0,,3,,,B1GQ,,,,,,,,,Q,,,,PT,,,OL,9/16/2025
dataflow,IMF.RES:WEO(9.0.0),R,VEN,NGDP_RPCH,A,2013,1.343094,0,,3,,,B1GQ,,,,,,,,,Q,,,,PT,,,OL,9/16/2025
dataflow,IMF.RES:WEO(9.0.0),R,VEN,NGDP_RPCH,A,2014,-3.894386,0,,3,,,B1GQ,,,,,,,,,Q,,,,PT,,,OL,9/16/2025
dataflow,IMF.RES:WEO(9.0.0),R,VEN,NGDP_RPCH,A,2015,-6.221371,0,,3,,,B1GQ,,,,,,,,,Q,,,,PT,,,OL,9/16/2025
dataflow,IMF.RES:WEO(9.0.0),R,VEN,NGDP_RPCH,A,2016,-17.040335,0,,3,,,B1GQ,,,,,,,,,Q,,,,PT,,,OL,9/16/2025
dataflow,IMF.RES:WEO(9.0.0),R,VEN,NGDP_RPCH,A,2017,-15.671409,0,,3,,,B1GQ,,,,,,,,,Q,,,,PT,,,OL,9/16/2025
dataflow,IMF.RES:WEO(9.0.0),R,VEN,NGDP_RPCH,A,2018,-19.655342,0,,3,,,B1GQ,,,,,,,,,Q,,,,PT,,,OL,9/16/2025
dataflow,IMF.RES:WEO(9.0.0),R,VEN,NGDP_RPCH,A,2019,-27.657968,0,,3,,,B1GQ,,,,,,,,,Q,,,,PT,,,OL,9/16/2025
dataflow,IMF.RES:WEO(9.0.0),R,VEN,NGDP_RPCH,A,2020,-29.99857,0,,3,,,B1GQ,,,,,,,,,Q,,,,PT,,,OL,9/16/2025
dataflow,IMF.RES:WEO(9.0.0),R,VEN,NGDP_RPCH,A,2021,0.955433,0,,3,,,B1GQ,,,,,,,,,Q,,,,PT,,,OL,9/16/2025
dataflow,IMF.RES:WEO(9.0.0),R,VEN,NGDP_RPCH,A,2022,8.000913,0,,3,,,B1GQ,,,,,,,,,Q,,,,PT,,,OL,9/16/2025
dataflow,IMF.RES:WEO(9.0.0),R,VEN,NGDP_RPCH,A,2023,4.001686,0,,3,,,B1GQ,,,,,,,,,Q,,,,PT,,,OL,9/16/2025
dataflow,IMF.RES:WEO(9.0.0),R,VEN,NGDP_RPCH,A,2024,5.297679,0,,3,,,B1GQ,,,,,,,,,Q,,,,PT,,,OL,9/16/2025
dataflow,IMF.RES:WEO(9.0.0),R,VEN,NGDP_RPCH,A,2025,1.532861,0,,3,,,B1GQ,,,,,,,,,Q,,,,PT,,,OL,9/16/2025
dataflow,IMF.RES:WEO(9.0.0),R,VEN,NGDP_RPCH,A,2026,4.042661,0,,3,,,B1GQ,,,,,,,,,Q,,,,PT,,,OL,9/16/2025
dataflow,IMF.RES:WEO(9.0.0),R,VEN,NGDP_RPCH,A,2027,5.9972,0,,3,,,B1GQ,,,,,,,,,Q,,,,PT,,,OL,9/16/2025
dataflow,IMF.RES:WEO(9.0.0),R,VEN,NGSD_NGDP,A,1980,32.35254,0,,3,,,B8GNAT,,,,,,,,,,,,,PT,,,OL,9/16/2025
dataflow,IMF.RES:WEO(9.0.0),R,VEN,NGSD_NGDP,A,1981,28.779018,0,,3,,,B8GNAT,,,,,,,,,,,,,PT,,,OL,9/16/2025
dataflow,IMF.RES:WEO(9.0.0),R,VEN,NGSD_NGDP,A,1982,21.054286,0,,3,,,B8GNAT,,,,,,,,,,,,,PT,,,OL,9/16/2025
dataflow,IMF.RES:WEO(9.0.0),R,VEN,NGSD_NGDP,A,1983,17.829061,0,,3,,,B8GNAT,,,,,,,,,,,,,PT,,,OL,9/16/2025
dataflow,IMF.RES:WEO(9.0.0),R,VEN,NGSD_NGDP,A,1984,27.582849,0,,3,,,B8GNAT,,,,,,,,,,,,,PT,,,OL,9/16/2025
dataflow,IMF.RES:WEO(9.0.0),R,VEN,NGSD_NGDP,A,1985,25.859983,0,,3,,,B8GNAT,,,,,,,,,,,,,PT,,,OL,9/16/2025
dataflow,IMF.RES:WEO(9.0.0),R,VEN,NGSD_NGDP,A,1986,18.65345,0,,3,,,B8GNAT,,,,,,,,,,,,,PT,,,OL,9/16/2025
dataflow,IMF.RES:WEO(9.0.0),R,VEN,NGSD_NGDP,A,1987,25.496608,0,,3,,,B8GNAT,,,,,,,,,,,,,PT,,,OL,9/16/2025
dataflow,IMF.RES:WEO(9.0.0),R,VEN,NGSD_NGDP,A,1988,20.13924,0,,3,,,B8GNAT,,,,,,,,,,,,,PT,,,OL,9/16/2025
dataflow,IMF.RES:WEO(9.0.0),R,VEN,NGSD_NGDP,A,1989,21.124015,0,,3,,,B8GNAT,,,,,,,,,,,,,PT,,,OL,9/16/2025
dataflow,IMF.RES:WEO(9.0.0),R,VEN,NGSD_NGDP,A,1990,25.935371,0,,3,,,B8GNAT,,,,,,,,,,,,,PT,,,OL,9/16/2025
dataflow,IMF.RES:WEO(9.0.0),R,VEN,NGSD_NGDP,A,1991,21.264213,0,,3,,,B8GNAT,,,,,,,,,,,,,PT,,,OL,9/16/2025
dataflow,IMF.RES:WEO(9.0.0),R,VEN,NGSD_NGDP,A,1992,17.543477,0,,3,,,B8GNAT,,,,,,,,,,,,,PT,,,OL,9/16/2025
dataflow,IMF.RES:WEO(9.0.0),R,VEN,NGSD_NGDP,A,1993,15.001273,0,,3,,,B8GNAT,,,,,,,,,,,,,PT,,,OL,9/16/2025
dataflow,IMF.RES:WEO(9.0.0),R,VEN,NGSD_NGDP,A,1994,18.510928,0,,3,,,B8GNAT,,,,,,,,,,,,,PT,,,OL,9/16/2025
dataflow,IMF.RES:WEO(9.0.0),R,VEN,NGSD_NGDP,A,1995,20.720698,0,,3,,,B8GNAT,,,,,,,,,,,,,PT,,,OL,9/16/2025
dataflow,IMF.RES:WEO(9.0.0),R,VEN,NGSD_NGDP,A,1996,29.252842,0,,3,,,B8GNAT,,,,,,,,,,,,,PT,,,OL,9/16/2025
dataflow,IMF.RES:WEO(9.0.0),R,VEN,NGSD_NGDP,A,1997,32.028829,0,,3,,,B8GNAT,,,,,,,,,,,,,PT,,,OL,9/16/2025
dataflow,IMF.RES:WEO(9.0.0),R,VEN,NGSD_NGDP,A,1998,25.833782,0,,3,,,B8GNAT,,,,,,,,,,,,,PT,,,OL,9/16/2025
dataflow,IMF.RES:WEO(9.0.0),R,VEN,NGSD_NGDP,A,1999,28.682823,0,,3,,,B8GNAT,,,,,,,,,,,,,PT,,,OL,9/16/2025
dataflow,IMF.RES:WEO(9.0.0),R,VEN,NGSD_NGDP,A,2000,34.249762,0,,3,,,B8GNAT,,,,,,,,,,,,,PT,,,OL,9/16/2025
dataflow,IMF.RES:WEO(9.0.0),R,VEN,NGSD_NGDP,A,2001,29.134674,0,,3,,,B8GNAT,,,,,,,,,,,,,PT,,,OL,9/16/2025
dataflow,IMF.RES:WEO(9.0.0),R,VEN,NGSD_NGDP,A,2002,29.136412,0,,3,,,B8GNAT,,,,,,,,,,,,,PT,,,OL,9/16/2025
dataflow,IMF.RES:WEO(9.0.0),R,VEN,NGSD_NGDP,A,2003,29.313283,0,,3,,,B8GNAT,,,,,,,,,,,,,PT,,,OL,9/16/2025
dataflow,IMF.RES:WEO(9.0.0),R,VEN,NGSD_NGDP,A,2004,35.623262,0,,3,,,B8GNAT,,,,,,,,,,,,,PT,,,OL,9/16/2025
dataflow,IMF.RES:WEO(9.0.0),R,VEN,NGSD_NGDP,A,2005,40.752549,0,,3,,,B8GNAT,,,,,,,,,,,,,PT,,,OL,9/16/2025
dataflow,IMF.RES:WEO(9.0.0),R,VEN,NGSD_NGDP,A,2006,41.744841,0,,3,,,B8GNAT,,,,,,,,,,,,,PT,,,OL,9/16/2025
dataflow,IMF.RES:WEO(9.0.0),R,VEN,NGSD_NGDP,A,2007,36.122156,0,,3,,,B8GNAT,,,,,,,,,,,,,PT,,,OL,9/16/2025
dataflow,IMF.RES:WEO(9.0.0),R,VEN,NGSD_NGDP,A,2008,37.028406,0,,3,,,B8GNAT,,,,,,,,,,,,,PT,,,OL,9/16/2025
dataflow,IMF.RES:WEO(9.0.0),R,VEN,NGSD_NGDP,A,2009,25.956669,0,,3,,,B8GNAT,,,,,,,,,,,,,PT,,,OL,9/16/2025
dataflow,IMF.RES:WEO(9.0.0),R,VEN,NGSD_NGDP,A,2010,23.726394,0,,3,,,B8GNAT,,,,,,,,,,,,,PT,,,OL,9/16/2025
dataflow,IMF.RES:WEO(9.0.0),R,VEN,NGSD_NGDP,A,2011,28.236017,0,,3,,,B8GNAT,,,,,,,,,,,,,PT,,,OL,9/16/2025
dataflow,IMF.RES:WEO(9.0.0),R,VEN,NGSD_NGDP,A,2012,24.497128,0,,3,,,B8GNAT,,,,,,,,,,,,,PT,,,OL,9/16/2025
dataflow,IMF.RES:WEO(9.0.0),R,VEN,NGSD_NGDP,A,2013,33.473899,0,,3,,,B8GNAT,,,,,,,,,,,,,PT,,,OL,9/16/2025
dataflow,IMF.RES:WEO(9.0.0),R,VEN,NGSD_NGDP,A,2014,22.026615,0,,3,,,B8GNAT,,,,,,,,,,,,,PT,,,OL,9/16/2025
dataflow,IMF.RES:WEO(9.0.0),R,VEN,NGSD_NGDP,A,2015,6.635269,0,,3,,,B8GNAT,,,,,,,,,,,,,PT,,,OL,9/16/2025
dataflow,IMF.RES:WEO(9.0.0),R,VEN,NGSD_NGDP,A,2016,6.817945,0,,3,,,B8GNAT,,,,,,,,,,,,,PT,,,OL,9/16/2025
dataflow,IMF.RES:WEO(9.0.0),R,VEN,NGSD_NGDP,A,2017,12.624055,0,,3,,,B8GNAT,,,,,,,,,,,,,PT,,,OL,9/16/2025
dataflow,IMF.RES:WEO(9.0.0),R,VEN,NID_NGDP,A,1980,24.250289,0,,3,,,P5,,,,,,,,,,,,,PT,,,OL,9/16/2025
dataflow,IMF.RES:WEO(9.0.0),R,VEN,NID_NGDP,A,1981,22.503708,0,,3,,,P5,,,,,,,,,,,,,PT,,,OL,9/16/2025
dataflow,IMF.RES:WEO(9.0.0),R,VEN,NID_NGDP,A,1982,25.452191,0,,3,,,P5,,,,,,,,,,,,,PT,,,OL,9/16/2025
dataflow,IMF.RES:WEO(9.0.0),R,VEN,NID_NGDP,A,1983,11.419793,0,,3,,,P5,,,,,,,,,,,,,PT,,,OL,9/16/2025
dataflow,IMF.RES:WEO(9.0.0),R,VEN,NID_NGDP,A,1984,18.112952,0,,3,,,P5,,,,,,,,,,,,,PT,,,OL,9/16/2025
dataflow,IMF.RES:WEO(9.0.0),R,VEN,NID_NGDP,A,1985,19.154292,0,,3,,,P5,,,,,,,,,,,,,PT,,,OL,9/16/2025
dataflow,IMF.RES:WEO(9.0.0),R,VEN,NID_NGDP,A,1986,20.809452,0,,3,,,P5,,,,,,,,,,,,,PT,,,OL,9/16/2025
dataflow,IMF.RES:WEO(9.0.0),R,VEN,NID_NGDP,A,1987,25.18479,0,,3,,,P5,,,,,,,,,,,,,PT,,,OL,9/16/2025
dataflow,IMF.RES:WEO(9.0.0),R,VEN,NID_NGDP,A,1988,27.882096,0,,3,,,P5,,,,,,,,,,,,,PT,,,OL,9/16/2025
dataflow,IMF.RES:WEO(9.0.0),R,VEN,NID_NGDP,A,1989,12.699051,0,,3,,,P5,,,,,,,,,,,,,PT,,,OL,9/16/2025
dataflow,IMF.RES:WEO(9.0.0),R,VEN,NID_NGDP,A,1990,10.218396,0,,3,,,P5,,,,,,,,,,,,,PT,,,OL,9/16/2025
dataflow,IMF.RES:WEO(9.0.0),R,VEN,NID_NGDP,A,1991,18.68044,0,,3,,,P5,,,,,,,,,,,,,PT,,,OL,9/16/2025
dataflow,IMF.RES:WEO(9.0.0),R,VEN,NID_NGDP,A,1992,23.720959,0,,3,,,P5,,,,,,,,,,,,,PT,,,OL,9/16/2025
dataflow,IMF.RES:WEO(9.0.0),R,VEN,NID_NGDP,A,1993,18.750499,0,,3,,,P5,,,,,,,,,,,,,PT,,,OL,9/16/2025
dataflow,IMF.RES:WEO(9.0.0),R,VEN,NID_NGDP,A,1994,14.155766,0,,3,,,P5,,,,,,,,,,,,,PT,,,OL,9/16/2025
dataflow,IMF.RES:WEO(9.0.0),R,VEN,NID_NGDP,A,1995,18.114379,0,,3,,,P5,,,,,,,,,,,,,PT,,,OL,9/16/2025
dataflow,IMF.RES:WEO(9.0.0),R,VEN,NID_NGDP,A,1996,16.555496,0,,3,,,P5,,,,,,,,,,,,,PT,,,OL,9/16/2025
dataflow,IMF.RES:WEO(9.0.0),R,VEN,NID_NGDP,A,1997,27.673285,0,,3,,,P5,,,,,,,,,,,,,PT,,,OL,9/16/2025
dataflow,IMF.RES:WEO(9.0.0),R,VEN,NID_NGDP,A,1998,30.659769,0,,3,,,P5,,,,,,,,,,,,,PT,,,OL,9/16/2025
dataflow,IMF.RES:WEO(9.0.0),R,VEN,NID_NGDP,A,1999,26.517046,0,,3,,,P5,,,,,,,,,,,,,PT,,,OL,9/16/2025
dataflow,IMF.RES:WEO(9.0.0),R,VEN,NID_NGDP,A,2000,24.170299,0,,3,,,P5,,,,,,,,,,,,,PT,,,OL,9/16/2025
dataflow,IMF.RES:WEO(9.0.0),R,VEN,NID_NGDP,A,2001,27.524043,0,,3,,,P5,,,,,,,,,,,,,PT,,,OL,9/16/2025
dataflow,IMF.RES:WEO(9.0.0),R,VEN,NID_NGDP,A,2002,21.159117,0,,3,,,P5,,,,,,,,,,,,,PT,,,OL,9/16/2025
dataflow,IMF.RES:WEO(9.0.0),R,VEN,NID_NGDP,A,2003,15.217423,0,,3,,,P5,,,,,,,,,,,,,PT,,,OL,9/16/2025
dataflow,IMF.RES:WEO(9.0.0),R,VEN,NID_NGDP,A,2004,21.79837,0,,3,,,P5,,,,,,,,,,,,,PT,,,OL,9/16/2025
dataflow,IMF.RES:WEO(9.0.0),R,VEN,NID_NGDP,A,2005,23.00402,0,,3,,,P5,,,,,,,,,,,,,PT,,,OL,9/16/2025
dataflow,IMF.RES:WEO(9.0.0),R,VEN,NID_NGDP,A,2006,26.921929,0,,3,,,P5,,,,,,,,,,,,,PT,,,OL,9/16/2025
dataflow,IMF.RES:WEO(9.0.0),R,VEN,NID_NGDP,A,2007,30.340071,0,,3,,,P5,,,,,,,,,,,,,PT,,,OL,9/16/2025
dataflow,IMF.RES:WEO(9.0.0),R,VEN,NID_NGDP,A,2008,26.826112,0,,3,,,P5,,,,,,,,,,,,,PT,,,OL,9/16/2025
dataflow,IMF.RES:WEO(9.0.0),R,VEN,NID_NGDP,A,2009,25.796966,0,,3,,,P5,,,,,,,,,,,,,PT,,,OL,9/16/2025
dataflow,IMF.RES:WEO(9.0.0),R,VEN,NID_NGDP,A,2010,21.971653,0,,3,,,P5,,,,,,,,,,,,,PT,,,OL,9/16/2025
dataflow,IMF.RES:WEO(9.0.0),R,VEN,NID_NGDP,A,2011,23.072381,0,,3,,,P5,,,,,,,,,,,,,PT,,,OL,9/16/2025
dataflow,IMF.RES:WEO(9.0.0),R,VEN,NID_NGDP,A,2012,23.803071,0,,3,,,P5,,,,,,,,,,,,,PT,,,OL,9/16/2025
dataflow,IMF.RES:WEO(9.0.0),R,VEN,NID_NGDP,A,2013,31.695825,0,,3,,,P5,,,,,,,,,,,,,PT,,,OL,9/16/2025
dataflow,IMF.RES:WEO(9.0.0),R,VEN,NID_NGDP,A,2014,19.7354,0,,3,,,P5,,,,,,,,,,,,,PT,,,OL,9/16/2025
dataflow,IMF.RES:WEO(9.0.0),R,VEN,NID_NGDP,A,2015,19.430062,0,,3,,,P5,,,,,,,,,,,,,PT,,,OL,9/16/2025
dataflow,IMF.RES:WEO(9.0.0),R,VEN,NID_NGDP,A,2016,10.245305,0,,3,,,P5,,,,,,,,,,,,,PT,,,OL,9/16/2025
dataflow,IMF.RES:WEO(9.0.0),R,VEN,NID_NGDP,A,2017,5.111249,0,,3,,,P5,,,,,,,,,,,,,PT,,,OL,9/16/2025
dataflow,IMF.RES:WEO(9.0.0),R,VEN,PCPI,A,1980,0.000838,0,,3,,,,,,,,,,,CPI,,,,,IX,,,OL,9/16/2025
dataflow,IMF.RES:WEO(9.0.0),R,VEN,PCPI,A,1981,0.000974,0,,3,,,,,,,,,,,CPI,,,,,IX,,,OL,9/16/2025
dataflow,IMF.RES:WEO(9.0.0),R,VEN,PCPI,A,1982,0.001068,0,,3,,,,,,,,,,,CPI,,,,,IX,,,OL,9/16/2025
dataflow,IMF.RES:WEO(9.0.0),R,VEN,PCPI,A,1983,0.001135,0,,3,,,,,,,,,,,CPI,,,,,IX,,,OL,9/16/2025
dataflow,IMF.RES:WEO(9.0.0),R,VEN,PCPI,A,1984,0.001274,0,,3,,,,,,,,,,,CPI,,,,,IX,,,OL,9/16/2025
dataflow,IMF.RES:WEO(9.0.0),R,VEN,PCPI,A,1985,0.001419,0,,3,,,,,,,,,,,CPI,,,,,IX,,,OL,9/16/2025
dataflow,IMF.RES:WEO(9.0.0),R,VEN,PCPI,A,1986,0.001582,0,,3,,,,,,,,,,,CPI,,,,,IX,,,OL,9/16/2025
dataflow,IMF.RES:WEO(9.0.0),R,VEN,PCPI,A,1987,0.002028,0,,3,,,,,,,,,,,CPI,,,,,IX,,,OL,9/16/2025
dataflow,IMF.RES:WEO(9.0.0),R,VEN,PCPI,A,1988,0.002625,0,,3,,,,,,,,,,,CPI,,,,,IX,,,OL,9/16/2025
dataflow,IMF.RES:WEO(9.0.0),R,VEN,PCPI,A,1989,0.004843,0,,3,,,,,,,,,,,CPI,,,,,IX,,,OL,9/16/2025
dataflow,IMF.RES:WEO(9.0.0),R,VEN,PCPI,A,1990,0.006811,0,,3,,,,,,,,,,,CPI,,,,,IX,,,OL,9/16/2025
dataflow,IMF.RES:WEO(9.0.0),R,VEN,PCPI,A,1991,0.009141,0,,3,,,,,,,,,,,CPI,,,,,IX,,,OL,9/16/2025
dataflow,IMF.RES:WEO(9.0.0),R,VEN,PCPI,A,1992,0.012014,0,,3,,,,,,,,,,,CPI,,,,,IX,,,OL,9/16/2025
dataflow,IMF.RES:WEO(9.0.0),R,VEN,PCPI,A,1993,0.016593,0,,3,,,,,,,,,,,CPI,,,,,IX,,,OL,9/16/2025
dataflow,IMF.RES:WEO(9.0.0),R,VEN,PCPI,A,1994,0.026685,0,,3,,,,,,,,,,,CPI,,,,,IX,,,OL,9/16/2025
dataflow,IMF.RES:WEO(9.0.0),R,VEN,PCPI,A,1995,0.042675,0,,3,,,,,,,,,,,CPI,,,,,IX,,,OL,9/16/2025
dataflow,IMF.RES:WEO(9.0.0),R,VEN,PCPI,A,1996,0.085297,0,,3,,,,,,,,,,,CPI,,,,,IX,,,OL,9/16/2025
dataflow,IMF.RES:WEO(9.0.0),R,VEN,PCPI,A,1997,0.12798,0,,3,,,,,,,,,,,CPI,,,,,IX,,,OL,9/16/2025
dataflow,IMF.RES:WEO(9.0.0),R,VEN,PCPI,A,1998,0.173774,0,,3,,,,,,,,,,,CPI,,,,,IX,,,OL,9/16/2025
dataflow,IMF.RES:WEO(9.0.0),R,VEN,PCPI,A,1999,0.214733,0,,3,,,,,,,,,,,CPI,,,,,IX,,,OL,9/16/2025
dataflow,IMF.RES:WEO(9.0.0),R,VEN,PCPI,A,2000,0.249531,0,,3,,,,,,,,,,,CPI,,,,,IX,,,OL,9/16/2025
dataflow,IMF.RES:WEO(9.0.0),R,VEN,PCPI,A,2001,0.2808,0,,3,,,,,,,,,,,CPI,,,,,IX,,,OL,9/16/2025
dataflow,IMF.RES:WEO(9.0.0),R,VEN,PCPI,A,2002,0.343793,0,,3,,,,,,,,,,,CPI,,,,,IX,,,OL,9/16/2025
dataflow,IMF.RES:WEO(9.0.0),R,VEN,PCPI,A,2003,0.45068,0,,3,,,,,,,,,,,CPI,,,,,IX,,,OL,9/16/2025
dataflow,IMF.RES:WEO(9.0.0),R,VEN,PCPI,A,2004,0.54869,0,,3,,,,,,,,,,,CPI,,,,,IX,,,OL,9/16/2025
dataflow,IMF.RES:WEO(9.0.0),R,VEN,PCPI,A,2005,0.636231,0,,3,,,,,,,,,,,CPI,,,,,IX,,,OL,9/16/2025
dataflow,IMF.RES:WEO(9.0.0),R,VEN,PCPI,A,2006,0.723157,0,,3,,,,,,,,,,,CPI,,,,,IX,,,OL,9/16/2025
dataflow,IMF.RES:WEO(9.0.0),R,VEN,PCPI,A,2007,0.858378,0,,3,,,,,,,,,,,CPI,,,,,IX,,,OL,9/16/2025
dataflow,IMF.RES:WEO(9.0.0),R,VEN,PCPI,A,2008,1.128257,0,,3,,,,,,,,,,,CPI,,,,,IX,,,OL,9/16/2025
dataflow,IMF.RES:WEO(9.0.0),R,VEN,PCPI,A,2009,1.422065,0,,3,,,,,,,,,,,CPI,,,,,IX,,,OL,9/16/2025
dataflow,IMF.RES:WEO(9.0.0),R,VEN,PCPI,A,2010,1.822909,0,,3,,,,,,,,,,,CPI,,,,,IX,,,OL,9/16/2025
dataflow,IMF.RES:WEO(9.0.0),R,VEN,PCPI,A,2011,2.29851,0,,3,,,,,,,,,,,CPI,,,,,IX,,,OL,9/16/2025
dataflow,IMF.RES:WEO(9.0.0),R,VEN,PCPI,A,2012,2.782783,0,,3,,,,,,,,,,,CPI,,,,,IX,,,OL,9/16/2025
dataflow,IMF.RES:WEO(9.0.0),R,VEN,PCPI,A,2013,3.91369,0,,3,,,,,,,,,,,CPI,,,,,IX,,,OL,9/16/2025
dataflow,IMF.RES:WEO(9.0.0),R,VEN,PCPI,A,2014,6.346778,0,,3,,,,,,,,,,,CPI,,,,,IX,,,OL,9/16/2025
dataflow,IMF.RES:WEO(9.0.0),R,VEN,PCPI,A,2015,14.073225,0,,3,,,,,,,,,,,CPI,,,,,IX,,,OL,9/16/2025
dataflow,IMF.RES:WEO(9.0.0),R,VEN,PCPI,A,2016,49.952705,0,,3,,,,,,,,,,,CPI,,,,,IX,,,OL,9/16/2025
dataflow,IMF.RES:WEO(9.0.0),R,VEN,PCPI,A,2017,268.8041,0,,3,,,,,,,,,,,CPI,,,,,IX,,,OL,9/16/2025
dataflow,IMF.RES:WEO(9.0.0),R,VEN,PCPI,A,2018,175997.017277,0,,3,,,,,,,,,,,CPI,,,,,IX,,,OL,9/16/2025
dataflow,IMF.RES:WEO(9.0.0),R,VEN,PCPI,A,2019,35210006.070234,0,,3,,,,,,,,,,,CPI,,,,,IX,,,OL,9/16/2025
dataflow,IMF.RES:WEO(9.0.0),R,VEN,PCPI,A,2020,864457493.193198,0,,3,,,,,,,,,,,CPI,,,,,IX,,,OL,9/16/2025
dataflow,IMF.RES:WEO(9.0.0),R,VEN,PCPI,A,2021,14596478386.4204,0,,3,,,,,,,,,,,CPI,,,,,IX,,,OL,9/16/2025
dataflow,IMF.RES:WEO(9.0.0),R,VEN,PCPI,A,2022,41825067385.2173,0,,3,,,,,,,,,,,CPI,,,,,IX,,,OL,9/16/2025
dataflow,IMF.RES:WEO(9.0.0),R,VEN,PCPI,A,2023,182966931848.496,0,,3,,,,,,,,,,,CPI,,,,,IX,,,OL,9/16/2025
dataflow,IMF.RES:WEO(9.0.0),R,VEN,PCPI,A,2024,273271902383.185,0,,3,,,,,,,,,,,CPI,,,,,IX,,,OL,9/16/2025
dataflow,IMF.RES:WEO(9.0.0),R,VEN,PCPI,A,2025,961791349564.674,0,,3,,,,,,,,,,,CPI,,,,,IX,,,OL,9/16/2025
dataflow,IMF.RES:WEO(9.0.0),R,VEN,PCPI,A,2026,4687740584313.04,0,,3,,,,,,,,,,,CPI,,,,,IX,,,OL,9/16/2025
dataflow,IMF.RES:WEO(9.0.0),R,VEN,PCPI,A,2027,9111677627913.15,0,,3,,,,,,,,,,,CPI,,,,,IX,,,OL,9/16/2025
dataflow,IMF.RES:WEO(9.0.0),R,VEN,PCPIE,A,1984,0.001368,0,,3,,,,,,,,,,,CPI,,,,,IX,,,OL,9/16/2025
dataflow,IMF.RES:WEO(9.0.0),R,VEN,PCPIE,A,1985,0.001493,0,,3,,,,,,,,,,,CPI,,,,,IX,,,OL,9/16/2025
dataflow,IMF.RES:WEO(9.0.0),R,VEN,PCPIE,A,1986,0.001682,0,,3,,,,,,,,,,,CPI,,,,,IX,,,OL,9/16/2025
dataflow,IMF.RES:WEO(9.0.0),R,VEN,PCPIE,A,1987,0.00236,0,,3,,,,,,,,,,,CPI,,,,,IX,,,OL,9/16/2025
dataflow,IMF.RES:WEO(9.0.0),R,VEN,PCPIE,A,1988,0.003198,0,,3,,,,,,,,,,,CPI,,,,,IX,,,OL,9/16/2025
dataflow,IMF.RES:WEO(9.0.0),R,VEN,PCPIE,A,1989,0.005789,0,,3,,,,,,,,,,,CPI,,,,,IX,,,OL,9/16/2025
dataflow,IMF.RES:WEO(9.0.0),R,VEN,PCPIE,A,1990,0.0079,0,,3,,,,,,,,,,,CPI,,,,,IX,,,OL,9/16/2025
dataflow,IMF.RES:WEO(9.0.0),R,VEN,PCPIE,A,1991,0.010351,0,,3,,,,,,,,,,,CPI,,,,,IX,,,OL,9/16/2025
dataflow,IMF.RES:WEO(9.0.0),R,VEN,PCPIE,A,1992,0.013648,0,,3,,,,,,,,,,,CPI,,,,,IX,,,OL,9/16/2025
dataflow,IMF.RES:WEO(9.0.0),R,VEN,PCPIE,A,1993,0.019918,0,,3,,,,,,,,,,,CPI,,,,,IX,,,OL,9/16/2025
dataflow,IMF.RES:WEO(9.0.0),R,VEN,PCPIE,A,1994,0.034027,0,,3,,,,,,,,,,,CPI,,,,,IX,,,OL,9/16/2025
dataflow,IMF.RES:WEO(9.0.0),R,VEN,PCPIE,A,1995,0.053291,0,,3,,,,,,,,,,,CPI,,,,,IX,,,OL,9/16/2025
dataflow,IMF.RES:WEO(9.0.0),R,VEN,PCPIE,A,1996,0.108311,0,,3,,,,,,,,,,,CPI,,,,,IX,,,OL,9/16/2025
dataflow,IMF.RES:WEO(9.0.0),R,VEN,PCPIE,A,1997,0.149045,0,,3,,,,,,,,,,,CPI,,,,,IX,,,OL,9/16/2025
dataflow,IMF.RES:WEO(9.0.0),R,VEN,PCPIE,A,1998,0.193619,0,,3,,,,,,,,,,,CPI,,,,,IX,,,OL,9/16/2025
dataflow,IMF.RES:WEO(9.0.0),R,VEN,PCPIE,A,1999,0.232397,0,,3,,,,,,,,,,,CPI,,,,,IX,,,OL,9/16/2025
dataflow,IMF.RES:WEO(9.0.0),R,VEN,PCPIE,A,2000,0.263611,0,,3,,,,,,,,,,,CPI,,,,,IX,,,OL,9/16/2025
dataflow,IMF.RES:WEO(9.0.0),R,VEN,PCPIE,A,2001,0.295987,0,,3,,,,,,,,,,,CPI,,,,,IX,,,OL,9/16/2025
dataflow,IMF.RES:WEO(9.0.0),R,VEN,PCPIE,A,2002,0.38838,0,,3,,,,,,,,,,,CPI,,,,,IX,,,OL,9/16/2025
dataflow,IMF.RES:WEO(9.0.0),R,VEN,PCPIE,A,2003,0.49357,0,,3,,,,,,,,,,,CPI,,,,,IX,,,OL,9/16/2025
dataflow,IMF.RES:WEO(9.0.0),R,VEN,PCPIE,A,2004,0.588261,0,,3,,,,,,,,,,,CPI,,,,,IX,,,OL,9/16/2025
dataflow,IMF.RES:WEO(9.0.0),R,VEN,PCPIE,A,2005,0.672726,0,,3,,,,,,,,,,,CPI,,,,,IX,,,OL,9/16/2025
dataflow,IMF.RES:WEO(9.0.0),R,VEN,PCPIE,A,2006,0.786862,0,,3,,,,,,,,,,,CPI,,,,,IX,,,OL,9/16/2025
dataflow,IMF.RES:WEO(9.0.0),R,VEN,PCPIE,A,2007,0.963568,0,,3,,,,,,,,,,,CPI,,,,,IX,,,OL,9/16/2025
dataflow,IMF.RES:WEO(9.0.0),R,VEN,PCPIE,A,2008,1.26131,0,,3,,,,,,,,,,,CPI,,,,,IX,,,OL,9/16/2025
dataflow,IMF.RES:WEO(9.0.0),R,VEN,PCPIE,A,2009,1.57736,0,,3,,,,,,,,,,,CPI,,,,,IX,,,OL,9/16/2025
dataflow,IMF.RES:WEO(9.0.0),R,VEN,PCPIE,A,2010,2.006148,0,,3,,,,,,,,,,,CPI,,,,,IX,,,OL,9/16/2025
dataflow,IMF.RES:WEO(9.0.0),R,VEN,PCPIE,A,2011,2.559235,0,,3,,,,,,,,,,,CPI,,,,,IX,,,OL,9/16/2025
dataflow,IMF.RES:WEO(9.0.0),R,VEN,PCPIE,A,2012,3.072817,0,,3,,,,,,,,,,,CPI,,,,,IX,,,OL,9/16/2025
dataflow,IMF.RES:WEO(9.0.0),R,VEN,PCPIE,A,2013,4.79953,0,,3,,,,,,,,,,,CPI,,,,,IX,,,OL,9/16/2025
dataflow,IMF.RES:WEO(9.0.0),R,VEN,PCPIE,A,2014,8.089149,0,,3,,,,,,,,,,,CPI,,,,,IX,,,OL,9/16/2025
dataflow,IMF.RES:WEO(9.0.0),R,VEN,PCPIE,A,2015,22.719958,0,,3,,,,,,,,,,,CPI,,,,,IX,,,OL,9/16/2025
dataflow,IMF.RES:WEO(9.0.0),R,VEN,PCPIE,A,2016,85.053141,0,,3,,,,,,,,,,,CPI,,,,,IX,,,OL,9/16/2025
dataflow,IMF.RES:WEO(9.0.0),R,VEN,PCPIE,A,2017,818.746206,0,,3,,,,,,,,,,,CPI,,,,,IX,,,OL,9/16/2025
dataflow,IMF.RES:WEO(9.0.0),R,VEN,PCPIE,A,2018,1065682.063191,0,,3,,,,,,,,,,,CPI,,,,,IX,,,OL,9/16/2025
dataflow,IMF.RES:WEO(9.0.0),R,VEN,PCPIE,A,2019,103216574.078106,0,,3,,,,,,,,,,,CPI,,,,,IX,,,OL,9/16/2025
dataflow,IMF.RES:WEO(9.0.0),R,VEN,PCPIE,A,2020,3158261234.42633,0,,3,,,,,,,,,,,CPI,,,,,IX,,,OL,9/16/2025
dataflow,IMF.RES:WEO(9.0.0),R,VEN,PCPIE,A,2021,24836032114.6067,0,,3,,,,,,,,,,,CPI,,,,,IX,,,OL,9/16/2025
dataflow,IMF.RES:WEO(9.0.0),R,VEN,PCPIE,A,2022,82948824336.6958,0,,3,,,,,,,,,,,CPI,,,,,IX,,,OL,9/16/2025
dataflow,IMF.RES:WEO(9.0.0),R,VEN,PCPIE,A,2023,240535585125.489,0,,3,,,,,,,,,,,CPI,,,,,IX,,,OL,9/16/2025
dataflow,IMF.RES:WEO(9.0.0),R,VEN,PCPIE,A,2024,355732389627.879,0,,3,,,,,,,,,,,CPI,,,,,IX,,,OL,9/16/2025
dataflow,IMF.RES:WEO(9.0.0),R,VEN,PCPIE,A,2025,2046461309832.13,0,,3,,,,,,,,,,,CPI,,,,,IX,,,OL,9/16/2025
dataflow,IMF.RES:WEO(9.0.0),R,VEN,PCPIE,A,2026,6542227233727.24,0,,3,,,,,,,,,,,CPI,,,,,IX,,,OL,9/16/2025
dataflow,IMF.RES:WEO(9.0.0),R,VEN,PCPIE,A,2027,11748900163963.3,0,,3,,,,,,,,,,,CPI,,,,,IX,,,OL,9/16/2025
dataflow,IMF.RES:WEO(9.0.0),R,VEN,PCPIEPCH,A,1985,9.122288,0,,3,,,,,,,,,,,CPI,,,,,PT,,,OL,9/16/2025
dataflow,IMF.RES:WEO(9.0.0),R,VEN,PCPIEPCH,A,1986,12.710606,0,,3,,,,,,,,,,,CPI,,,,,PT,,,OL,9/16/2025
dataflow,IMF.RES:WEO(9.0.0),R,VEN,PCPIEPCH,A,1987,40.274914,0,,3,,,,,,,,,,,CPI,,,,,PT,,,OL,9/16/2025
dataflow,IMF.RES:WEO(9.0.0),R,VEN,PCPIEPCH,A,1988,35.509554,0,,3,,,,,,,,,,,CPI,,,,,PT,,,OL,9/16/2025
dataflow,IMF.RES:WEO(9.0.0),R,VEN,PCPIEPCH,A,1989,81.005755,0,,3,,,,,,,,,,,CPI,,,,,PT,,,OL,9/16/2025
dataflow,IMF.RES:WEO(9.0.0),R,VEN,PCPIEPCH,A,1990,36.478343,0,,3,,,,,,,,,,,CPI,,,,,PT,,,OL,9/16/2025
dataflow,IMF.RES:WEO(9.0.0),R,VEN,PCPIEPCH,A,1991,31.017954,0,,3,,,,,,,,,,,CPI,,,,,PT,,,OL,9/16/2025
dataflow,IMF.RES:WEO(9.0.0),R,VEN,PCPIEPCH,A,1992,31.856562,0,,3,,,,,,,,,,,CPI,,,,,PT,,,OL,9/16/2025
dataflow,IMF.RES:WEO(9.0.0),R,VEN,PCPIEPCH,A,1993,45.940737,0,,3,,,,,,,,,,,CPI,,,,,PT,,,OL,9/16/2025
dataflow,IMF.RES:WEO(9.0.0),R,VEN,PCPIEPCH,A,1994,70.835813,0,,3,,,,,,,,,,,CPI,,,,,PT,,,OL,9/16/2025
dataflow,IMF.RES:WEO(9.0.0),R,VEN,PCPIEPCH,A,1995,56.615496,0,,3,,,,,,,,,,,CPI,,,,,PT,,,OL,9/16/2025
dataflow,IMF.RES:WEO(9.0.0),R,VEN,PCPIEPCH,A,1996,103.243042,0,,3,,,,,,,,,,,CPI,,,,,PT,,,OL,9/16/2025
dataflow,IMF.RES:WEO(9.0.0),R,VEN,PCPIEPCH,A,1997,37.609269,0,,3,,,,,,,,,,,CPI,,,,,PT,,,OL,9/16/2025
dataflow,IMF.RES:WEO(9.0.0),R,VEN,PCPIEPCH,A,1998,29.905909,0,,3,,,,,,,,,,,CPI,,,,,PT,,,OL,9/16/2025
dataflow,IMF.RES:WEO(9.0.0),R,VEN,PCPIEPCH,A,1999,20.028267,0,,3,,,,,,,,,,,CPI,,,,,PT,,,OL,9/16/2025
dataflow,IMF.RES:WEO(9.0.0),R,VEN,PCPIEPCH,A,2000,13.431062,0,,3,,,,,,,,,,,CPI,,,,,PT,,,OL,9/16/2025
dataflow,IMF.RES:WEO(9.0.0),R,VEN,PCPIEPCH,A,2001,12.281735,0,,3,,,,,,,,,,,CPI,,,,,PT,,,OL,9/16/2025
dataflow,IMF.RES:WEO(9.0.0),R,VEN,PCPIEPCH,A,2002,31.215494,0,,3,,,,,,,,,,,CPI,,,,,PT,,,OL,9/16/2025
dataflow,IMF.RES:WEO(9.0.0),R,VEN,PCPIEPCH,A,2003,27.084192,0,,3,,,,,,,,,,,CPI,,,,,PT,,,OL,9/16/2025
dataflow,IMF.RES:WEO(9.0.0),R,VEN,PCPIEPCH,A,2004,19.184943,0,,3,,,,,,,,,,,CPI,,,,,PT,,,OL,9/16/2025
dataflow,IMF.RES:WEO(9.0.0),R,VEN,PCPIEPCH,A,2005,14.35835,0,,3,,,,,,,,,,,CPI,,,,,PT,,,OL,9/16/2025
dataflow,IMF.RES:WEO(9.0.0),R,VEN,PCPIEPCH,A,2006,16.966232,0,,3,,,,,,,,,,,CPI,,,,,PT,,,OL,9/16/2025
dataflow,IMF.RES:WEO(9.0.0),R,VEN,PCPIEPCH,A,2007,22.456997,0,,3,,,,,,,,,,,CPI,,,,,PT,,,OL,9/16/2025
dataflow,IMF.RES:WEO(9.0.0),R,VEN,PCPIEPCH,A,2008,30.9,0,,3,,,,,,,,,,,CPI,,,,,PT,,,OL,9/16/2025
dataflow,IMF.RES:WEO(9.0.0),R,VEN,PCPIEPCH,A,2009,25.057296,0,,3,,,,,,,,,,,CPI,,,,,PT,,,OL,9/16/2025
dataflow,IMF.RES:WEO(9.0.0),R,VEN,PCPIEPCH,A,2010,27.183873,0,,3,,,,,,,,,,,CPI,,,,,PT,,,OL,9/16/2025
dataflow,IMF.RES:WEO(9.0.0),R,VEN,PCPIEPCH,A,2011,27.569645,0,,3,,,,,,,,,,,CPI,,,,,PT,,,OL,9/16/2025
dataflow,IMF.RES:WEO(9.0.0),R,VEN,PCPIEPCH,A,2012,20.067771,0,,3,,,,,,,,,,,CPI,,,,,PT,,,OL,9/16/2025
dataflow,IMF.RES:WEO(9.0.0),R,VEN,PCPIEPCH,A,2013,56.193164,0,,3,,,,,,,,,,,CPI,,,,,PT,,,OL,9/16/2025
dataflow,IMF.RES:WEO(9.0.0),R,VEN,PCPIEPCH,A,2014,68.540454,0,,3,,,,,,,,,,,CPI,,,,,PT,,,OL,9/16/2025
dataflow,IMF.RES:WEO(9.0.0),R,VEN,PCPIEPCH,A,2015,180.869565,0,,3,,,,,,,,,,,CPI,,,,,PT,,,OL,9/16/2025
dataflow,IMF.RES:WEO(9.0.0),R,VEN,PCPIEPCH,A,2016,274.354298,0,,3,,,,,,,,,,,CPI,,,,,PT,,,OL,9/16/2025
dataflow,IMF.RES:WEO(9.0.0),R,VEN,PCPIEPCH,A,2017,862.629009,0,,3,,,,,,,,,,,CPI,,,,,PT,,,OL,9/16/2025
dataflow,IMF.RES:WEO(9.0.0),R,VEN,PCPIEPCH,A,2018,130060.244462,0,,3,,,,,,,,,,,CPI,,,,,PT,,,OL,9/16/2025
dataflow,IMF.RES:WEO(9.0.0),R,VEN,PCPIEPCH,A,2019,9585.494168,0,,3,,,,,,,,,,,CPI,,,,,PT,,,OL,9/16/2025
dataflow,IMF.RES:WEO(9.0.0),R,VEN,PCPIEPCH,A,2020,2959.839239,0,,3,,,,,,,,,,,CPI,,,,,PT,,,OL,9/16/2025
dataflow,IMF.RES:WEO(9.0.0),R,VEN,PCPIEPCH,A,2021,686.383085,0,,3,,,,,,,,,,,CPI,,,,,PT,,,OL,9/16/2025
dataflow,IMF.RES:WEO(9.0.0),R,VEN,PCPIEPCH,A,2022,233.985815,0,,3,,,,,,,,,,,CPI,,,,,PT,,,OL,9/16/2025
dataflow,IMF.RES:WEO(9.0.0),R,VEN,PCPIEPCH,A,2023,189.980704,0,,3,,,,,,,,,,,CPI,,,,,PT,,,OL,9/16/2025
dataflow,IMF.RES:WEO(9.0.0),R,VEN,PCPIEPCH,A,2024,47.891793,0,,3,,,,,,,,,,,CPI,,,,,PT,,,OL,9/16/2025
dataflow,IMF.RES:WEO(9.0.0),R,VEN,PCPIEPCH,A,2025,475.28113,0,,3,,,,,,,,,,,CPI,,,,,PT,,,OL,9/16/2025
dataflow,IMF.RES:WEO(9.0.0),R,VEN,PCPIEPCH,A,2026,219.684873,0,,3,,,,,,,,,,,CPI,,,,,PT,,,OL,9/16/2025
dataflow,IMF.RES:WEO(9.0.0),R,VEN,PCPIEPCH,A,2027,79.585633,0,,3,,,,,,,,,,,CPI,,,,,PT,,,OL,9/16/2025
dataflow,IMF.RES:WEO(9.0.0),R,VEN,PCPIPCH,A,1980,21.355257,0,,3,,,,,,,,,,,CPI,,,,,PT,,,OL,9/16/2025
dataflow,IMF.RES:WEO(9.0.0),R,VEN,PCPIPCH,A,1981,16.243674,0,,3,,,,,,,,,,,CPI,,,,,PT,,,OL,9/16/2025
dataflow,IMF.RES:WEO(9.0.0),R,VEN,PCPIPCH,A,1982,9.60699,0,,3,,,,,,,,,,,CPI,,,,,PT,,,OL,9/16/2025
dataflow,IMF.RES:WEO(9.0.0),R,VEN,PCPIPCH,A,1983,6.241711,0,,3,,,,,,,,,,,CPI,,,,,PT,,,OL,9/16/2025
dataflow,IMF.RES:WEO(9.0.0),R,VEN,PCPIPCH,A,1984,12.249951,0,,3,,,,,,,,,,,CPI,,,,,PT,,,OL,9/16/2025
dataflow,IMF.RES:WEO(9.0.0),R,VEN,PCPIPCH,A,1985,11.381704,0,,3,,,,,,,,,,,CPI,,,,,PT,,,OL,9/16/2025
dataflow,IMF.RES:WEO(9.0.0),R,VEN,PCPIPCH,A,1986,11.543664,0,,3,,,,,,,,,,,CPI,,,,,PT,,,OL,9/16/2025
dataflow,IMF.RES:WEO(9.0.0),R,VEN,PCPIPCH,A,1987,28.136925,0,,3,,,,,,,,,,,CPI,,,,,PT,,,OL,9/16/2025
dataflow,IMF.RES:WEO(9.0.0),R,VEN,PCPIPCH,A,1988,29.468324,0,,3,,,,,,,,,,,CPI,,,,,PT,,,OL,9/16/2025
dataflow,IMF.RES:WEO(9.0.0),R,VEN,PCPIPCH,A,1989,84.46332,0,,3,,,,,,,,,,,CPI,,,,,PT,,,OL,9/16/2025
dataflow,IMF.RES:WEO(9.0.0),R,VEN,PCPIPCH,A,1990,40.655671,0,,3,,,,,,,,,,,CPI,,,,,PT,,,OL,9/16/2025
dataflow,IMF.RES:WEO(9.0.0),R,VEN,PCPIPCH,A,1991,34.205234,0,,3,,,,,,,,,,,CPI,,,,,PT,,,OL,9/16/2025
dataflow,IMF.RES:WEO(9.0.0),R,VEN,PCPIPCH,A,1992,31.422543,0,,3,,,,,,,,,,,CPI,,,,,PT,,,OL,9/16/2025
dataflow,IMF.RES:WEO(9.0.0),R,VEN,PCPIPCH,A,1993,38.121754,0,,3,,,,,,,,,,,CPI,,,,,PT,,,OL,9/16/2025
dataflow,IMF.RES:WEO(9.0.0),R,VEN,PCPIPCH,A,1994,60.817157,0,,3,,,,,,,,,,,CPI,,,,,PT,,,OL,9/16/2025
dataflow,IMF.RES:WEO(9.0.0),R,VEN,PCPIPCH,A,1995,59.922949,0,,3,,,,,,,,,,,CPI,,,,,PT,,,OL,9/16/2025
dataflow,IMF.RES:WEO(9.0.0),R,VEN,PCPIPCH,A,1996,99.875646,0,,3,,,,,,,,,,,CPI,,,,,PT,,,OL,9/16/2025
dataflow,IMF.RES:WEO(9.0.0),R,VEN,PCPIPCH,A,1997,50.040173,0,,3,,,,,,,,,,,CPI,,,,,PT,,,OL,9/16/2025
dataflow,IMF.RES:WEO(9.0.0),R,VEN,PCPIPCH,A,1998,35.782026,0,,3,,,,,,,,,,,CPI,,,,,PT,,,OL,9/16/2025
dataflow,IMF.RES:WEO(9.0.0),R,VEN,PCPIPCH,A,1999,23.569881,0,,3,,,,,,,,,,,CPI,,,,,PT,,,OL,9/16/2025
dataflow,IMF.RES:WEO(9.0.0),R,VEN,PCPIPCH,A,2000,16.205518,0,,3,,,,,,,,,,,CPI,,,,,PT,,,OL,9/16/2025
dataflow,IMF.RES:WEO(9.0.0),R,VEN,PCPIPCH,A,2001,12.530988,0,,3,,,,,,,,,,,CPI,,,,,PT,,,OL,9/16/2025
dataflow,IMF.RES:WEO(9.0.0),R,VEN,PCPIPCH,A,2002,22.433599,0,,3,,,,,,,,,,,CPI,,,,,PT,,,OL,9/16/2025
dataflow,IMF.RES:WEO(9.0.0),R,VEN,PCPIPCH,A,2003,31.090513,0,,3,,,,,,,,,,,CPI,,,,,PT,,,OL,9/16/2025
dataflow,IMF.RES:WEO(9.0.0),R,VEN,PCPIPCH,A,2004,21.747036,0,,3,,,,,,,,,,,CPI,,,,,PT,,,OL,9/16/2025
dataflow,IMF.RES:WEO(9.0.0),R,VEN,PCPIPCH,A,2005,15.954628,0,,3,,,,,,,,,,,CPI,,,,,PT,,,OL,9/16/2025
dataflow,IMF.RES:WEO(9.0.0),R,VEN,PCPIPCH,A,2006,13.662646,0,,3,,,,,,,,,,,CPI,,,,,PT,,,OL,9/16/2025
dataflow,IMF.RES:WEO(9.0.0),R,VEN,PCPIPCH,A,2007,18.698645,0,,3,,,,,,,,,,,CPI,,,,,PT,,,OL,9/16/2025
dataflow,IMF.RES:WEO(9.0.0),R,VEN,PCPIPCH,A,2008,31.440599,0,,3,,,,,,,,,,,CPI,,,,,PT,,,OL,9/16/2025
dataflow,IMF.RES:WEO(9.0.0),R,VEN,PCPIPCH,A,2009,26.040851,0,,3,,,,,,,,,,,CPI,,,,,PT,,,OL,9/16/2025
dataflow,IMF.RES:WEO(9.0.0),R,VEN,PCPIPCH,A,2010,28.187465,0,,3,,,,,,,,,,,CPI,,,,,PT,,,OL,9/16/2025
dataflow,IMF.RES:WEO(9.0.0),R,VEN,PCPIPCH,A,2011,26.090212,0,,3,,,,,,,,,,,CPI,,,,,PT,,,OL,9/16/2025
dataflow,IMF.RES:WEO(9.0.0),R,VEN,PCPIPCH,A,2012,21.068996,0,,3,,,,,,,,,,,CPI,,,,,PT,,,OL,9/16/2025
dataflow,IMF.RES:WEO(9.0.0),R,VEN,PCPIPCH,A,2013,40.639428,0,,3,,,,,,,,,,,CPI,,,,,PT,,,OL,9/16/2025
dataflow,IMF.RES:WEO(9.0.0),R,VEN,PCPIPCH,A,2014,62.16865,0,,3,,,,,,,,,,,CPI,,,,,PT,,,OL,9/16/2025
dataflow,IMF.RES:WEO(9.0.0),R,VEN,PCPIPCH,A,2015,121.738085,0,,3,,,,,,,,,,,CPI,,,,,PT,,,OL,9/16/2025
dataflow,IMF.RES:WEO(9.0.0),R,VEN,PCPIPCH,A,2016,254.948535,0,,3,,,,,,,,,,,CPI,,,,,PT,,,OL,9/16/2025
dataflow,IMF.RES:WEO(9.0.0),R,VEN,PCPIPCH,A,2017,438.117207,0,,3,,,,,,,,,,,CPI,,,,,PT,,,OL,9/16/2025
dataflow,IMF.RES:WEO(9.0.0),R,VEN,PCPIPCH,A,2018,65374.082084,0,,3,,,,,,,,,,,CPI,,,,,PT,,,OL,9/16/2025
dataflow,IMF.RES:WEO(9.0.0),R,VEN,PCPIPCH,A,2019,19906.024315,0,,3,,,,,,,,,,,CPI,,,,,PT,,,OL,9/16/2025
dataflow,IMF.RES:WEO(9.0.0),R,VEN,PCPIPCH,A,2020,2355.147243,0,,3,,,,,,,,,,,CPI,,,,,PT,,,OL,9/16/2025
dataflow,IMF.RES:WEO(9.0.0),R,VEN,PCPIPCH,A,2021,1588.513143,0,,3,,,,,,,,,,,CPI,,,,,PT,,,OL,9/16/2025
dataflow,IMF.RES:WEO(9.0.0),R,VEN,PCPIPCH,A,2022,186.54218,0,,3,,,,,,,,,,,CPI,,,,,PT,,,OL,9/16/2025
dataflow,IMF.RES:WEO(9.0.0),R,VEN,PCPIPCH,A,2023,337.45759,0,,3,,,,,,,,,,,CPI,,,,,PT,,,OL,9/16/2025
dataflow,IMF.RES:WEO(9.0.0),R,VEN,PCPIPCH,A,2024,49.355897,0,,3,,,,,,,,,,,CPI,,,,,PT,,,OL,9/16/2025
dataflow,IMF.RES:WEO(9.0.0),R,VEN,PCPIPCH,A,2025,251.953985,0,,3,,,,,,,,,,,CPI,,,,,PT,,,OL,9/16/2025
dataflow,IMF.RES:WEO(9.0.0),R,VEN,PCPIPCH,A,2026,387.396834,0,,3,,,,,,,,,,,CPI,,,,,PT,,,OL,9/16/2025
dataflow,IMF.RES:WEO(9.0.0),R,VEN,PCPIPCH,A,2027,94.37248,0,,3,,,,,,,,,,,CPI,,,,,PT,,,OL,9/16/2025
dataflow,IMF.RES:WEO(9.0.0),R,VEN,PPPEX,A,2018,0.000021,0,,3,,,,,,,,,,,,,RT,XDC_PU,,,,,OL,9/16/2025
dataflow,IMF.RES:WEO(9.0.0),R,VEN,PPPEX,A,2019,0.004455,0,,3,,,,,,,,,,,,,RT,XDC_PU,,,,,OL,9/16/2025
dataflow,IMF.RES:WEO(9.0.0),R,VEN,PPPEX,A,2020,0.087487,0,,3,,,,,,,,,,,,,RT,XDC_PU,,,,,OL,9/16/2025
dataflow,IMF.RES:WEO(9.0.0),R,VEN,PPPEX,A,2021,1.094849,0,,3,,,,,,,,,,,,,RT,XDC_PU,,,,,OL,9/16/2025
dataflow,IMF.RES:WEO(9.0.0),R,VEN,PPPEX,A,2022,3.179068,0,,3,,,,,,,,,,,,,RT,XDC_PU,,,,,OL,9/16/2025
dataflow,IMF.RES:WEO(9.0.0),R,VEN,PPPEX,A,2023,14.343937,0,,3,,,,,,,,,,,,,RT,XDC_PU,,,,,OL,9/16/2025
dataflow,IMF.RES:WEO(9.0.0),R,VEN,PPPEX,A,2024,21.804183,0,,3,,,,,,,,,,,,,RT,XDC_PU,,,,,OL,9/16/2025
dataflow,IMF.RES:WEO(9.0.0),R,VEN,PPPEX,A,2025,69.37844,0,,3,,,,,,,,,,,,,RT,XDC_PU,,,,,OL,9/16/2025
dataflow,IMF.RES:WEO(9.0.0),R,VEN,PPPEX,A,2026,352.866737,0,,3,,,,,,,,,,,,,RT,XDC_PU,,,,,OL,9/16/2025
dataflow,IMF.RES:WEO(9.0.0),R,VEN,PPPEX,A,2027,670.73838,0,,3,,,,,,,,,,,,,RT,XDC_PU,,,,,OL,9/16/2025
dataflow,IMF.RES:WEO(9.0.0),R,VEN,PPPGDP,A,1980,118831734000,9,,3,,,B1GQ,,,,,,,,,V,,,,,,,OL,9/16/2025
dataflow,IMF.RES:WEO(9.0.0),R,VEN,PPPGDP,A,1981,128398876000,9,,3,,,B1GQ,,,,,,,,,V,,,,,,,OL,9/16/2025
dataflow,IMF.RES:WEO(9.0.0),R,VEN,PPPGDP,A,1982,139938816000,9,,3,,,B1GQ,,,,,,,,,V,,,,,,,OL,9/16/2025
dataflow,IMF.RES:WEO(9.0.0),R,VEN,PPPGDP,A,1983,131086865000,9,,3,,,B1GQ,,,,,,,,,V,,,,,,,OL,9/16/2025
dataflow,IMF.RES:WEO(9.0.0),R,VEN,PPPGDP,A,1984,142911778000,9,,3,,,B1GQ,,,,,,,,,V,,,,,,,OL,9/16/2025
dataflow,IMF.RES:WEO(9.0.0),R,VEN,PPPGDP,A,1985,148709803000,9,,3,,,B1GQ,,,,,,,,,V,,,,,,,OL,9/16/2025
dataflow,IMF.RES:WEO(9.0.0),R,VEN,PPPGDP,A,1986,160927146000,9,,3,,,B1GQ,,,,,,,,,V,,,,,,,OL,9/16/2025
dataflow,IMF.RES:WEO(9.0.0),R,VEN,PPPGDP,A,1987,172832739000,9,,3,,,B1GQ,,,,,,,,,V,,,,,,,OL,9/16/2025
dataflow,IMF.RES:WEO(9.0.0),R,VEN,PPPGDP,A,1988,190576653000,9,,3,,,B1GQ,,,,,,,,,V,,,,,,,OL,9/16/2025
dataflow,IMF.RES:WEO(9.0.0),R,VEN,PPPGDP,A,1989,170481950000,9,,3,,,B1GQ,,,,,,,,,V,,,,,,,OL,9/16/2025
dataflow,IMF.RES:WEO(9.0.0),R,VEN,PPPGDP,A,1990,188301212000,9,,3,,,B1GQ,,,,,,,,,V,,,,,,,OL,9/16/2025
dataflow,IMF.RES:WEO(9.0.0),R,VEN,PPPGDP,A,1991,213611605000,9,,3,,,B1GQ,,,,,,,,,V,,,,,,,OL,9/16/2025
dataflow,IMF.RES:WEO(9.0.0),R,VEN,PPPGDP,A,1992,231720372000,9,,3,,,B1GQ,,,,,,,,,V,,,,,,,OL,9/16/2025
dataflow,IMF.RES:WEO(9.0.0),R,VEN,PPPGDP,A,1993,237865576000,9,,3,,,B1GQ,,,,,,,,,V,,,,,,,OL,9/16/2025
dataflow,IMF.RES:WEO(9.0.0),R,VEN,PPPGDP,A,1994,237237519000,9,,3,,,B1GQ,,,,,,,,,V,,,,,,,OL,9/16/2025
dataflow,IMF.RES:WEO(9.0.0),R,VEN,PPPGDP,A,1995,251782239000,9,,3,,,B1GQ,,,,,,,,,V,,,,,,,OL,9/16/2025
dataflow,IMF.RES:WEO(9.0.0),R,VEN,PPPGDP,A,1996,255884638000,9,,3,,,B1GQ,,,,,,,,,V,,,,,,,OL,9/16/2025
dataflow,IMF.RES:WEO(9.0.0),R,VEN,PPPGDP,A,1997,276880619000,9,,3,,,B1GQ,,,,,,,,,V,,,,,,,OL,9/16/2025
dataflow,IMF.RES:WEO(9.0.0),R,VEN,PPPGDP,A,1998,280816075000,9,,3,,,B1GQ,,,,,,,,,V,,,,,,,OL,9/16/2025
dataflow,IMF.RES:WEO(9.0.0),R,VEN,PPPGDP,A,1999,267786443000,9,,3,,,B1GQ,,,,,,,,,V,,,,,,,OL,9/16/2025
dataflow,IMF.RES:WEO(9.0.0),R,VEN,PPPGDP,A,2000,283949149000,9,,3,,,B1GQ,,,,,,,,,V,,,,,,,OL,9/16/2025
dataflow,IMF.RES:WEO(9.0.0),R,VEN,PPPGDP,A,2001,300197520000,9,,3,,,B1GQ,,,,,,,,,V,,,,,,,OL,9/16/2025
dataflow,IMF.RES:WEO(9.0.0),R,VEN,PPPGDP,A,2002,277865131000,9,,3,,,B1GQ,,,,,,,,,V,,,,,,,OL,9/16/2025
dataflow,IMF.RES:WEO(9.0.0),R,VEN,PPPGDP,A,2003,261376085000,9,,3,,,B1GQ,,,,,,,,,V,,,,,,,OL,9/16/2025
dataflow,IMF.RES:WEO(9.0.0),R,VEN,PPPGDP,A,2004,317486193000,9,,3,,,B1GQ,,,,,,,,,V,,,,,,,OL,9/16/2025
dataflow,IMF.RES:WEO(9.0.0),R,VEN,PPPGDP,A,2005,361227174000,9,,3,,,B1GQ,,,,,,,,,V,,,,,,,OL,9/16/2025
dataflow,IMF.RES:WEO(9.0.0),R,VEN,PPPGDP,A,2006,409127619000,9,,3,,,B1GQ,,,,,,,,,V,,,,,,,OL,9/16/2025
dataflow,IMF.RES:WEO(9.0.0),R,VEN,PPPGDP,A,2007,456995579000,9,,3,,,B1GQ,,,,,,,,,V,,,,,,,OL,9/16/2025
dataflow,IMF.RES:WEO(9.0.0),R,VEN,PPPGDP,A,2008,490383395000,9,,3,,,B1GQ,,,,,,,,,V,,,,,,,OL,9/16/2025
dataflow,IMF.RES:WEO(9.0.0),R,VEN,PPPGDP,A,2009,477607385000,9,,3,,,B1GQ,,,,,,,,,V,,,,,,,OL,9/16/2025
dataflow,IMF.RES:WEO(9.0.0),R,VEN,PPPGDP,A,2010,476215106000,9,,3,,,B1GQ,,,,,,,,,V,,,,,,,OL,9/16/2025
dataflow,IMF.RES:WEO(9.0.0),R,VEN,PPPGDP,A,2011,506339730000,9,,3,,,B1GQ,,,,,,,,,V,,,,,,,OL,9/16/2025
dataflow,IMF.RES:WEO(9.0.0),R,VEN,PPPGDP,A,2012,544784286000,9,,3,,,B1GQ,,,,,,,,,V,,,,,,,OL,9/16/2025
dataflow,IMF.RES:WEO(9.0.0),R,VEN,PPPGDP,A,2013,561498041000,9,,3,,,B1GQ,,,,,,,,,V,,,,,,,OL,9/16/2025
dataflow,IMF.RES:WEO(9.0.0),R,VEN,PPPGDP,A,2014,549029973000,9,,3,,,B1GQ,,,,,,,,,V,,,,,,,OL,9/16/2025
dataflow,IMF.RES:WEO(9.0.0),R,VEN,PPPGDP,A,2015,519651075000,9,,3,,,B1GQ,,,,,,,,,V,,,,,,,OL,9/16/2025
dataflow,IMF.RES:WEO(9.0.0),R,VEN,PPPGDP,A,2016,435197214000,9,,3,,,B1GQ,,,,,,,,,V,,,,,,,OL,9/16/2025
dataflow,IMF.RES:WEO(9.0.0),R,VEN,PPPGDP,A,2017,373568167000,9,,3,,,B1GQ,,,,,,,,,V,,,,,,,OL,9/16/2025
dataflow,IMF.RES:WEO(9.0.0),R,VEN,PPPGDP,A,2018,307017686000,9,,3,,,B1GQ,,,,,,,,,V,,,,,,,OL,9/16/2025
dataflow,IMF.RES:WEO(9.0.0),R,VEN,PPPGDP,A,2019,225768945000,9,,3,,,B1GQ,,,,,,,,,V,,,,,,,OL,9/16/2025
dataflow,IMF.RES:WEO(9.0.0),R,VEN,PPPGDP,A,2020,160166576000,9,,3,,,B1GQ,,,,,,,,,V,,,,,,,OL,9/16/2025
dataflow,IMF.RES:WEO(9.0.0),R,VEN,PPPGDP,A,2021,169075379000,9,,3,,,B1GQ,,,,,,,,,V,,,,,,,OL,9/16/2025
dataflow,IMF.RES:WEO(9.0.0),R,VEN,PPPGDP,A,2022,195590431000,9,,3,,,B1GQ,,,,,,,,,V,,,,,,,OL,9/16/2025
dataflow,IMF.RES:WEO(9.0.0),R,VEN,PPPGDP,A,2023,210943855000,9,,3,,,B1GQ,,,,,,,,,V,,,,,,,OL,9/16/2025
dataflow,IMF.RES:WEO(9.0.0),R,VEN,PPPGDP,A,2024,227633187000,9,,3,,,B1GQ,,,,,,,,,V,,,,,,,OL,9/16/2025
dataflow,IMF.RES:WEO(9.0.0),R,VEN,PPPGDP,A,2025,237678893000,9,,3,,,B1GQ,,,,,,,,,V,,,,,,,OL,9/16/2025
dataflow,IMF.RES:WEO(9.0.0),R,VEN,PPPGDP,A,2026,254371862000,9,,3,,,B1GQ,,,,,,,,,V,,,,,,,OL,9/16/2025
dataflow,IMF.RES:WEO(9.0.0),R,VEN,PPPGDP,A,2027,275547798000,9,,3,,,B1GQ,,,,,,,,,V,,,,,,,OL,9/16/2025
dataflow,IMF.RES:WEO(9.0.0),R,VEN,PPPPC,A,1980,7947.685224,0,,3,,,B1GQ,,,,,,,,,,,,,,,,OL,9/16/2025
dataflow,IMF.RES:WEO(9.0.0),R,VEN,PPPPC,A,1981,8332.368092,0,,3,,,B1GQ,,,,,,,,,,,,,,,,OL,9/16/2025
dataflow,IMF.RES:WEO(9.0.0),R,VEN,PPPPC,A,1982,8819.177014,0,,3,,,B1GQ,,,,,,,,,,,,,,,,OL,9/16/2025
dataflow,IMF.RES:WEO(9.0.0),R,VEN,PPPPC,A,1983,8034.491765,0,,3,,,B1GQ,,,,,,,,,,,,,,,,OL,9/16/2025
dataflow,IMF.RES:WEO(9.0.0),R,VEN,PPPPC,A,1984,8520.13106,0,,3,,,B1GQ,,,,,,,,,,,,,,,,OL,9/16/2025
dataflow,IMF.RES:WEO(9.0.0),R,VEN,PPPPC,A,1985,8625.214173,0,,3,,,B1GQ,,,,,,,,,,,,,,,,OL,9/16/2025
dataflow,IMF.RES:WEO(9.0.0),R,VEN,PPPPC,A,1986,9222.009096,0,,3,,,B1GQ,,,,,,,,,,,,,,,,OL,9/16/2025
dataflow,IMF.RES:WEO(9.0.0),R,VEN,PPPPC,A,1987,9661.757264,0,,3,,,B1GQ,,,,,,,,,,,,,,,,OL,9/16/2025
dataflow,IMF.RES:WEO(9.0.0),R,VEN,PPPPC,A,1988,10393.414235,0,,3,,,B1GQ,,,,,,,,,,,,,,,,OL,9/16/2025
dataflow,IMF.RES:WEO(9.0.0),R,VEN,PPPPC,A,1989,9075.794486,0,,3,,,B1GQ,,,,,,,,,,,,,,,,OL,9/16/2025
dataflow,IMF.RES:WEO(9.0.0),R,VEN,PPPPC,A,1990,9700.557012,0,,3,,,B1GQ,,,,,,,,,,,,,,,,OL,9/16/2025
dataflow,IMF.RES:WEO(9.0.0),R,VEN,PPPPC,A,1991,10745.458797,0,,3,,,B1GQ,,,,,,,,,,,,,,,,OL,9/16/2025
dataflow,IMF.RES:WEO(9.0.0),R,VEN,PPPPC,A,1992,11388.367739,0,,3,,,B1GQ,,,,,,,,,,,,,,,,OL,9/16/2025
dataflow,IMF.RES:WEO(9.0.0),R,VEN,PPPPC,A,1993,11427.618511,0,,3,,,B1GQ,,,,,,,,,,,,,,,,OL,9/16/2025
dataflow,IMF.RES:WEO(9.0.0),R,VEN,PPPPC,A,1994,11146.893687,0,,3,,,B1GQ,,,,,,,,,,,,,,,,OL,9/16/2025
dataflow,IMF.RES:WEO(9.0.0),R,VEN,PPPPC,A,1995,11575.821255,0,,3,,,B1GQ,,,,,,,,,,,,,,,,OL,9/16/2025
dataflow,IMF.RES:WEO(9.0.0),R,VEN,PPPPC,A,1996,11516.703845,0,,3,,,B1GQ,,,,,,,,,,,,,,,,OL,9/16/2025
dataflow,IMF.RES:WEO(9.0.0),R,VEN,PPPPC,A,1997,12210.037388,0,,3,,,B1GQ,,,,,,,,,,,,,,,,OL,9/16/2025
dataflow,IMF.RES:WEO(9.0.0),R,VEN,PPPPC,A,1998,12140.76994,0,,3,,,B1GQ,,,,,,,,,,,,,,,,OL,9/16/2025
dataflow,IMF.RES:WEO(9.0.0),R,VEN,PPPPC,A,1999,11350.43953,0,,3,,,B1GQ,,,,,,,,,,,,,,,,OL,9/16/2025
dataflow,IMF.RES:WEO(9.0.0),R,VEN,PPPPC,A,2000,11640.053355,0,,3,,,B1GQ,,,,,,,,,,,,,,,,OL,9/16/2025
dataflow,IMF.RES:WEO(9.0.0),R,VEN,PPPPC,A,2001,12103.330714,0,,3,,,B1GQ,,,,,,,,,,,,,,,,OL,9/16/2025
dataflow,IMF.RES:WEO(9.0.0),R,VEN,PPPPC,A,2002,11021.090419,0,,3,,,B1GQ,,,,,,,,,,,,,,,,OL,9/16/2025
dataflow,IMF.RES:WEO(9.0.0),R,VEN,PPPPC,A,2003,10201.203967,0,,3,,,B1GQ,,,,,,,,,,,,,,,,OL,9/16/2025
dataflow,IMF.RES:WEO(9.0.0),R,VEN,PPPPC,A,2004,12195.553782,0,,3,,,B1GQ,,,,,,,,,,,,,,,,OL,9/16/2025
dataflow,IMF.RES:WEO(9.0.0),R,VEN,PPPPC,A,2005,13659.604951,0,,3,,,B1GQ,,,,,,,,,,,,,,,,OL,9/16/2025
dataflow,IMF.RES:WEO(9.0.0),R,VEN,PPPPC,A,2006,15232.895441,0,,3,,,B1GQ,,,,,,,,,,,,,,,,OL,9/16/2025
dataflow,IMF.RES:WEO(9.0.0),R,VEN,PPPPC,A,2007,16756.513953,0,,3,,,B1GQ,,,,,,,,,,,,,,,,OL,9/16/2025
dataflow,IMF.RES:WEO(9.0.0),R,VEN,PPPPC,A,2008,17710.636233,0,,3,,,B1GQ,,,,,,,,,,,,,,,,OL,9/16/2025
dataflow,IMF.RES:WEO(9.0.0),R,VEN,PPPPC,A,2009,16993.128262,0,,3,,,B1GQ,,,,,,,,,,,,,,,,OL,9/16/2025
dataflow,IMF.RES:WEO(9.0.0),R,VEN,PPPPC,A,2010,16695.002263,0,,3,,,B1GQ,,,,,,,,,,,,,,,,OL,9/16/2025
dataflow,IMF.RES:WEO(9.0.0),R,VEN,PPPPC,A,2011,17493.72945,0,,3,,,B1GQ,,,,,,,,,,,,,,,,OL,9/16/2025
dataflow,IMF.RES:WEO(9.0.0),R,VEN,PPPPC,A,2012,18551.878726,0,,3,,,B1GQ,,,,,,,,,,,,,,,,OL,9/16/2025
dataflow,IMF.RES:WEO(9.0.0),R,VEN,PPPPC,A,2013,18850.905915,0,,3,,,B1GQ,,,,,,,,,,,,,,,,OL,9/16/2025
dataflow,IMF.RES:WEO(9.0.0),R,VEN,PPPPC,A,2014,18176.004543,0,,3,,,B1GQ,,,,,,,,,,,,,,,,OL,9/16/2025
dataflow,IMF.RES:WEO(9.0.0),R,VEN,PPPPC,A,2015,16970.969139,0,,3,,,B1GQ,,,,,,,,,,,,,,,,OL,9/16/2025
dataflow,IMF.RES:WEO(9.0.0),R,VEN,PPPPC,A,2016,14169.522901,0,,3,,,B1GQ,,,,,,,,,,,,,,,,OL,9/16/2025
dataflow,IMF.RES:WEO(9.0.0),R,VEN,PPPPC,A,2017,12271.362159,0,,3,,,B1GQ,,,,,,,,,,,,,,,,OL,9/16/2025
dataflow,IMF.RES:WEO(9.0.0),R,VEN,PPPPC,A,2018,10622.180859,0,,3,,,B1GQ,,,,,,,,,,,,,,,,OL,9/16/2025
dataflow,IMF.RES:WEO(9.0.0),R,VEN,PPPPC,A,2019,8116.198789,0,,3,,,B1GQ,,,,,,,,,,,,,,,,OL,9/16/2025
dataflow,IMF.RES:WEO(9.0.0),R,VEN,PPPPC,A,2020,5730.286531,0,,3,,,B1GQ,,,,,,,,,,,,,,,,OL,9/16/2025
dataflow,IMF.RES:WEO(9.0.0),R,VEN,PPPPC,A,2021,6128.962935,0,,3,,,B1GQ,,,,,,,,,,,,,,,,OL,9/16/2025
dataflow,IMF.RES:WEO(9.0.0),R,VEN,PPPPC,A,2022,7266.338377,0,,3,,,B1GQ,,,,,,,,,,,,,,,,OL,9/16/2025
dataflow,IMF.RES:WEO(9.0.0),R,VEN,PPPPC,A,2023,7888.600825,0,,3,,,B1GQ,,,,,,,,,,,,,,,,OL,9/16/2025
dataflow,IMF.RES:WEO(9.0.0),R,VEN,PPPPC,A,2024,8570.132155,0,,3,,,B1GQ,,,,,,,,,,,,,,,,OL,9/16/2025
dataflow,IMF.RES:WEO(9.0.0),R,VEN,PPPPC,A,2025,8910.604244,0,,3,,,B1GQ,,,,,,,,,,,,,,,,OL,9/16/2025
dataflow,IMF.RES:WEO(9.0.0),R,VEN,PPPPC,A,2026,9460.739297,0,,3,,,B1GQ,,,,,,,,,,,,,,,,OL,9/16/2025
dataflow,IMF.RES:WEO(9.0.0),R,VEN,PPPPC,A,2027,10166.990517,0,,3,,,B1GQ,,,,,,,,,,,,,,,,OL,9/16/2025
dataflow,IMF.RES:WEO(9.0.0),R,VEN,PPPSH,A,1980,0.898147,0,,3,,,B1GQ,,,,,,,,,,,,,PT,,,OL,9/16/2025
dataflow,IMF.RES:WEO(9.0.0),R,VEN,PPPSH,A,1981,0.866222,0,,3,,,B1GQ,,,,,,,,,,,,,PT,,,OL,9/16/2025
dataflow,IMF.RES:WEO(9.0.0),R,VEN,PPPSH,A,1982,0.884605,0,,3,,,B1GQ,,,,,,,,,,,,,PT,,,OL,9/16/2025
dataflow,IMF.RES:WEO(9.0.0),R,VEN,PPPSH,A,1983,0.777699,0,,3,,,B1GQ,,,,,,,,,,,,,PT,,,OL,9/16/2025
dataflow,IMF.RES:WEO(9.0.0),R,VEN,PPPSH,A,1984,0.783296,0,,3,,,B1GQ,,,,,,,,,,,,,PT,,,OL,9/16/2025
dataflow,IMF.RES:WEO(9.0.0),R,VEN,PPPSH,A,1985,0.762671,0,,3,,,B1GQ,,,,,,,,,,,,,PT,,,OL,9/16/2025
dataflow,IMF.RES:WEO(9.0.0),R,VEN,PPPSH,A,1986,0.783534,0,,3,,,B1GQ,,,,,,,,,,,,,PT,,,OL,9/16/2025
dataflow,IMF.RES:WEO(9.0.0),R,VEN,PPPSH,A,1987,0.790485,0,,3,,,B1GQ,,,,,,,,,,,,,PT,,,OL,9/16/2025
dataflow,IMF.RES:WEO(9.0.0),R,VEN,PPPSH,A,1988,0.806455,0,,3,,,B1GQ,,,,,,,,,,,,,PT,,,OL,9/16/2025
dataflow,IMF.RES:WEO(9.0.0),R,VEN,PPPSH,A,1989,0.67009,0,,3,,,B1GQ,,,,,,,,,,,,,PT,,,OL,9/16/2025
dataflow,IMF.RES:WEO(9.0.0),R,VEN,PPPSH,A,1990,0.685999,0,,3,,,B1GQ,,,,,,,,,,,,,PT,,,OL,9/16/2025
dataflow,IMF.RES:WEO(9.0.0),R,VEN,PPPSH,A,1991,0.735987,0,,3,,,B1GQ,,,,,,,,,,,,,PT,,,OL,9/16/2025
dataflow,IMF.RES:WEO(9.0.0),R,VEN,PPPSH,A,1992,0.700744,0,,3,,,B1GQ,,,,,,,,,,,,,PT,,,OL,9/16/2025
dataflow,IMF.RES:WEO(9.0.0),R,VEN,PPPSH,A,1993,0.689899,0,,3,,,B1GQ,,,,,,,,,,,,,PT,,,OL,9/16/2025
dataflow,IMF.RES:WEO(9.0.0),R,VEN,PPPSH,A,1994,0.655084,0,,3,,,B1GQ,,,,,,,,,,,,,PT,,,OL,9/16/2025
dataflow,IMF.RES:WEO(9.0.0),R,VEN,PPPSH,A,1995,0.657168,0,,3,,,B1GQ,,,,,,,,,,,,,PT,,,OL,9/16/2025
dataflow,IMF.RES:WEO(9.0.0),R,VEN,PPPSH,A,1996,0.631958,0,,3,,,B1GQ,,,,,,,,,,,,,PT,,,OL,9/16/2025
dataflow,IMF.RES:WEO(9.0.0),R,VEN,PPPSH,A,1997,0.645803,0,,3,,,B1GQ,,,,,,,,,,,,,PT,,,OL,9/16/2025
dataflow,IMF.RES:WEO(9.0.0),R,VEN,PPPSH,A,1998,0.631144,0,,3,,,B1GQ,,,,,,,,,,,,,PT,,,OL,9/16/2025
dataflow,IMF.RES:WEO(9.0.0),R,VEN,PPPSH,A,1999,0.573551,0,,3,,,B1GQ,,,,,,,,,,,,,PT,,,OL,9/16/2025
dataflow,IMF.RES:WEO(9.0.0),R,VEN,PPPSH,A,2000,0.565667,0,,3,,,B1GQ,,,,,,,,,,,,,PT,,,OL,9/16/2025
dataflow,IMF.RES:WEO(9.0.0),R,VEN,PPPSH,A,2001,0.570955,0,,3,,,B1GQ,,,,,,,,,,,,,PT,,,OL,9/16/2025
dataflow,IMF.RES:WEO(9.0.0),R,VEN,PPPSH,A,2002,0.506416,0,,3,,,B1GQ,,,,,,,,,,,,,PT,,,OL,9/16/2025
dataflow,IMF.RES:WEO(9.0.0),R,VEN,PPPSH,A,2003,0.450719,0,,3,,,B1GQ,,,,,,,,,,,,,PT,,,OL,9/16/2025
dataflow,IMF.RES:WEO(9.0.0),R,VEN,PPPSH,A,2004,0.507095,0,,3,,,B1GQ,,,,,,,,,,,,,PT,,,OL,9/16/2025
dataflow,IMF.RES:WEO(9.0.0),R,VEN,PPPSH,A,2005,0.534711,0,,3,,,B1GQ,,,,,,,,,,,,,PT,,,OL,9/16/2025
dataflow,IMF.RES:WEO(9.0.0),R,VEN,PPPSH,A,2006,0.558585,0,,3,,,B1GQ,,,,,,,,,,,,,PT,,,OL,9/16/2025
dataflow,IMF.RES:WEO(9.0.0),R,VEN,PPPSH,A,2007,0.577339,0,,3,,,B1GQ,,,,,,,,,,,,,PT,,,OL,9/16/2025
dataflow,IMF.RES:WEO(9.0.0),R,VEN,PPPSH,A,2008,0.591196,0,,3,,,B1GQ,,,,,,,,,,,,,PT,,,OL,9/16/2025
dataflow,IMF.RES:WEO(9.0.0),R,VEN,PPPSH,A,2009,0.576051,0,,3,,,B1GQ,,,,,,,,,,,,,PT,,,OL,9/16/2025
dataflow,IMF.RES:WEO(9.0.0),R,VEN,PPPSH,A,2010,0.539735,0,,3,,,B1GQ,,,,,,,,,,,,,PT,,,OL,9/16/2025
dataflow,IMF.RES:WEO(9.0.0),R,VEN,PPPSH,A,2011,0.541582,0,,3,,,B1GQ,,,,,,,,,,,,,PT,,,OL,9/16/2025
dataflow,IMF.RES:WEO(9.0.0),R,VEN,PPPSH,A,2012,0.554171,0,,3,,,B1GQ,,,,,,,,,,,,,PT,,,OL,9/16/2025
dataflow,IMF.RES:WEO(9.0.0),R,VEN,PPPSH,A,2013,0.543535,0,,3,,,B1GQ,,,,,,,,,,,,,PT,,,OL,9/16/2025
dataflow,IMF.RES:WEO(9.0.0),R,VEN,PPPSH,A,2014,0.504824,0,,3,,,B1GQ,,,,,,,,,,,,,PT,,,OL,9/16/2025
dataflow,IMF.RES:WEO(9.0.0),R,VEN,PPPSH,A,2015,0.45812,0,,3,,,B1GQ,,,,,,,,,,,,,PT,,,OL,9/16/2025
dataflow,IMF.RES:WEO(9.0.0),R,VEN,PPPSH,A,2016,0.368539,0,,3,,,B1GQ,,,,,,,,,,,,,PT,,,OL,9/16/2025
dataflow,IMF.RES:WEO(9.0.0),R,VEN,PPPSH,A,2017,0.299491,0,,3,,,B1GQ,,,,,,,,,,,,,PT,,,OL,9/16/2025
dataflow,IMF.RES:WEO(9.0.0),R,VEN,PPPSH,A,2018,0.231389,0,,3,,,B1GQ,,,,,,,,,,,,,PT,,,OL,9/16/2025
dataflow,IMF.RES:WEO(9.0.0),R,VEN,PPPSH,A,2019,0.160606,0,,3,,,B1GQ,,,,,,,,,,,,,PT,,,OL,9/16/2025
dataflow,IMF.RES:WEO(9.0.0),R,VEN,PPPSH,A,2020,0.11421,0,,3,,,B1GQ,,,,,,,,,,,,,PT,,,OL,9/16/2025
dataflow,IMF.RES:WEO(9.0.0),R,VEN,PPPSH,A,2021,0.107633,0,,3,,,B1GQ,,,,,,,,,,,,,PT,,,OL,9/16/2025
dataflow,IMF.RES:WEO(9.0.0),R,VEN,PPPSH,A,2022,0.112141,0,,3,,,B1GQ,,,,,,,,,,,,,PT,,,OL,9/16/2025
dataflow,IMF.RES:WEO(9.0.0),R,VEN,PPPSH,A,2023,0.112951,0,,3,,,B1GQ,,,,,,,,,,,,,PT,,,OL,9/16/2025
dataflow,IMF.RES:WEO(9.0.0),R,VEN,PPPSH,A,2024,0.115067,0,,3,,,B1GQ,,,,,,,,,,,,,PT,,,OL,9/16/2025
dataflow,IMF.RES:WEO(9.0.0),R,VEN,PPPSH,A,2025,0.113005,0,,3,,,B1GQ,,,,,,,,,,,,,PT,,,OL,9/16/2025
dataflow,IMF.RES:WEO(9.0.0),R,VEN,PPPSH,A,2026,0.114191,0,,3,,,B1GQ,,,,,,,,,,,,,PT,,,OL,9/16/2025
dataflow,IMF.RES:WEO(9.0.0),R,VEN,PPPSH,A,2027,0.117296,0,,3,,,B1GQ,,,,,,,,,,,,,PT,,,OL,9/16/2025
dataflow,IMF.RES:WEO(9.0.0),R,VEN,TMG_RPCH,A,1985,3.239729,0,,3,,,,,,MG,,,,,,VL,,,,PT,,,OL,9/16/2025
dataflow,IMF.RES:WEO(9.0.0),R,VEN,TMG_RPCH,A,1986,-7.584958,0,,3,,,,,,MG,,,,,,VL,,,,PT,,,OL,9/16/2025
dataflow,IMF.RES:WEO(9.0.0),R,VEN,TMG_RPCH,A,1987,7.2,0,,3,,,,,,MG,,,,,,VL,,,,PT,,,OL,9/16/2025
dataflow,IMF.RES:WEO(9.0.0),R,VEN,TMG_RPCH,A,1988,24.118044,0,,3,,,,,,MG,,,,,,VL,,,,PT,,,OL,9/16/2025
dataflow,IMF.RES:WEO(9.0.0),R,VEN,TMG_RPCH,A,1989,-31.737273,0,,3,,,,,,MG,,,,,,VL,,,,PT,,,OL,9/16/2025
dataflow,IMF.RES:WEO(9.0.0),R,VEN,TMG_RPCH,A,1990,2.446842,0,,3,,,,,,MG,,,,,,VL,,,,PT,,,OL,9/16/2025
dataflow,IMF.RES:WEO(9.0.0),R,VEN,TMG_RPCH,A,1991,25.240201,0,,3,,,,,,MG,,,,,,VL,,,,PT,,,OL,9/16/2025
dataflow,IMF.RES:WEO(9.0.0),R,VEN,TMG_RPCH,A,1992,4.752247,0,,3,,,,,,MG,,,,,,VL,,,,PT,,,OL,9/16/2025
dataflow,IMF.RES:WEO(9.0.0),R,VEN,TMG_RPCH,A,1993,-11.737652,0,,3,,,,,,MG,,,,,,VL,,,,PT,,,OL,9/16/2025
dataflow,IMF.RES:WEO(9.0.0),R,VEN,TMG_RPCH,A,1994,-28.4,0,,3,,,,,,MG,,,,,,VL,,,,PT,,,OL,9/16/2025
dataflow,IMF.RES:WEO(9.0.0),R,VEN,TMG_RPCH,A,1995,31.010884,0,,3,,,,,,MG,,,,,,VL,,,,PT,,,OL,9/16/2025
dataflow,IMF.RES:WEO(9.0.0),R,VEN,TMG_RPCH,A,1996,-15.485185,0,,3,,,,,,MG,,,,,,VL,,,,PT,,,OL,9/16/2025
dataflow,IMF.RES:WEO(9.0.0),R,VEN,TMG_RPCH,A,1997,62.420849,0,,3,,,,,,MG,,,,,,VL,,,,PT,,,OL,9/16/2025
dataflow,IMF.RES:WEO(9.0.0),R,VEN,TMG_RPCH,A,1998,14.096158,0,,3,,,,,,MG,,,,,,VL,,,,PT,,,OL,9/16/2025
dataflow,IMF.RES:WEO(9.0.0),R,VEN,TMG_RPCH,A,1999,-11.448617,0,,3,,,,,,MG,,,,,,VL,,,,PT,,,OL,9/16/2025
dataflow,IMF.RES:WEO(9.0.0),R,VEN,TMG_RPCH,A,2000,14.985037,0,,3,,,,,,MG,,,,,,VL,,,,PT,,,OL,9/16/2025
dataflow,IMF.RES:WEO(9.0.0),R,VEN,TMG_RPCH,A,2001,15.789295,0,,3,,,,,,MG,,,,,,VL,,,,PT,,,OL,9/16/2025
dataflow,IMF.RES:WEO(9.0.0),R,VEN,TMG_RPCH,A,2002,-28.214635,0,,3,,,,,,MG,,,,,,VL,,,,PT,,,OL,9/16/2025
dataflow,IMF.RES:WEO(9.0.0),R,VEN,TMG_RPCH,A,2003,-23.45708,0,,3,,,,,,MG,,,,,,VL,,,,PT,,,OL,9/16/2025
dataflow,IMF.RES:WEO(9.0.0),R,VEN,TMG_RPCH,A,2004,66.581557,0,,3,,,,,,MG,,,,,,VL,,,,PT,,,OL,9/16/2025
dataflow,IMF.RES:WEO(9.0.0),R,VEN,TMG_RPCH,A,2005,38.777286,0,,3,,,,,,MG,,,,,,VL,,,,PT,,,OL,9/16/2025
dataflow,IMF.RES:WEO(9.0.0),R,VEN,TMG_RPCH,A,2006,40.168696,0,,3,,,,,,MG,,,,,,VL,,,,PT,,,OL,9/16/2025
dataflow,IMF.RES:WEO(9.0.0),R,VEN,TMG_RPCH,A,2007,31.575095,0,,3,,,,,,MG,,,,,,VL,,,,PT,,,OL,9/16/2025
dataflow,IMF.RES:WEO(9.0.0),R,VEN,TMG_RPCH,A,2008,3.187426,0,,3,,,,,,MG,,,,,,VL,,,,PT,,,OL,9/16/2025
dataflow,IMF.RES:WEO(9.0.0),R,VEN,TMG_RPCH,A,2009,-21.527865,0,,3,,,,,,MG,,,,,,VL,,,,PT,,,OL,9/16/2025
dataflow,IMF.RES:WEO(9.0.0),R,VEN,TMG_RPCH,A,2010,-6.101018,0,,3,,,,,,MG,,,,,,VL,,,,PT,,,OL,9/16/2025
dataflow,IMF.RES:WEO(9.0.0),R,VEN,TMG_RPCH,A,2011,13.803316,0,,3,,,,,,MG,,,,,,VL,,,,PT,,,OL,9/16/2025
dataflow,IMF.RES:WEO(9.0.0),R,VEN,TMG_RPCH,A,2012,24.947787,0,,3,,,,,,MG,,,,,,VL,,,,PT,,,OL,9/16/2025
dataflow,IMF.RES:WEO(9.0.0),R,VEN,TMG_RPCH,A,2013,-13.643246,0,,3,,,,,,MG,,,,,,VL,,,,PT,,,OL,9/16/2025
dataflow,IMF.RES:WEO(9.0.0),R,VEN,TMG_RPCH,A,2014,-21.664592,0,,3,,,,,,MG,,,,,,VL,,,,PT,,,OL,9/16/2025
dataflow,IMF.RES:WEO(9.0.0),R,VEN,TMG_RPCH,A,2015,-23.102129,0,,3,,,,,,MG,,,,,,VL,,,,PT,,,OL,9/16/2025
dataflow,IMF.RES:WEO(9.0.0),R,VEN,TMG_RPCH,A,2016,-50.061213,0,,3,,,,,,MG,,,,,,VL,,,,PT,,,OL,9/16/2025
dataflow,IMF.RES:WEO(9.0.0),R,VEN,TMG_RPCH,A,2017,-34.650943,0,,3,,,,,,MG,,,,,,VL,,,,PT,,,OL,9/16/2025
dataflow,IMF.RES:WEO(9.0.0),R,VEN,TMG_RPCH,A,2018,0.3,0,,3,,,,,,MG,,,,,,VL,,,,PT,,,OL,9/16/2025
dataflow,IMF.RES:WEO(9.0.0),R,VEN,TMG_RPCH,A,2019,-22.2,0,,3,,,,,,MG,,,,,,VL,,,,PT,,,OL,9/16/2025
dataflow,IMF.RES:WEO(9.0.0),R,VEN,TMG_RPCH,A,2020,-26.091374,0,,3,,,,,,MG,,,,,,VL,,,,PT,,,OL,9/16/2025
dataflow,IMF.RES:WEO(9.0.0),R,VEN,TMG_RPCH,A,2021,-10.484963,0,,3,,,,,,MG,,,,,,VL,,,,PT,,,OL,9/16/2025
dataflow,IMF.RES:WEO(9.0.0),R,VEN,TMG_RPCH,A,2022,8.244826,0,,3,,,,,,MG,,,,,,VL,,,,PT,,,OL,9/16/2025
dataflow,IMF.RES:WEO(9.0.0),R,VEN,TMG_RPCH,A,2023,12.187531,0,,3,,,,,,MG,,,,,,VL,,,,PT,,,OL,9/16/2025
dataflow,IMF.RES:WEO(9.0.0),R,VEN,TMG_RPCH,A,2024,21.970831,0,,3,,,,,,MG,,,,,,VL,,,,PT,,,OL,9/16/2025
dataflow,IMF.RES:WEO(9.0.0),R,VEN,TMG_RPCH,A,2025,-20.083298,0,,3,,,,,,MG,,,,,,VL,,,,PT,,,OL,9/16/2025
dataflow,IMF.RES:WEO(9.0.0),R,VEN,TMG_RPCH,A,2026,16.516165,0,,3,,,,,,MG,,,,,,VL,,,,PT,,,OL,9/16/2025
dataflow,IMF.RES:WEO(9.0.0),R,VEN,TMG_RPCH,A,2027,10.051507,0,,3,,,,,,MG,,,,,,VL,,,,PT,,,OL,9/16/2025
dataflow,IMF.RES:WEO(9.0.0),R,VEN,TM_RPCH,A,1985,-3.672056,0,,3,,,,,,MGS,,,,,,VL,,,,PT,,,OL,9/16/2025
dataflow,IMF.RES:WEO(9.0.0),R,VEN,TM_RPCH,A,1986,-0.601506,0,,3,,,,,,MGS,,,,,,VL,,,,PT,,,OL,9/16/2025
dataflow,IMF.RES:WEO(9.0.0),R,VEN,TM_RPCH,A,1987,8.623305,0,,3,,,,,,MGS,,,,,,VL,,,,PT,,,OL,9/16/2025
dataflow,IMF.RES:WEO(9.0.0),R,VEN,TM_RPCH,A,1988,31.519995,0,,3,,,,,,MGS,,,,,,VL,,,,PT,,,OL,9/16/2025
dataflow,IMF.RES:WEO(9.0.0),R,VEN,TM_RPCH,A,1989,-39.015849,0,,3,,,,,,MGS,,,,,,VL,,,,PT,,,OL,9/16/2025
dataflow,IMF.RES:WEO(9.0.0),R,VEN,TM_RPCH,A,1990,-0.96329,0,,3,,,,,,MGS,,,,,,VL,,,,PT,,,OL,9/16/2025
dataflow,IMF.RES:WEO(9.0.0),R,VEN,TM_RPCH,A,1991,42.565577,0,,3,,,,,,MGS,,,,,,VL,,,,PT,,,OL,9/16/2025
dataflow,IMF.RES:WEO(9.0.0),R,VEN,TM_RPCH,A,1992,22.435297,0,,3,,,,,,MGS,,,,,,VL,,,,PT,,,OL,9/16/2025
dataflow,IMF.RES:WEO(9.0.0),R,VEN,TM_RPCH,A,1993,-9.427214,0,,3,,,,,,MGS,,,,,,VL,,,,PT,,,OL,9/16/2025
dataflow,IMF.RES:WEO(9.0.0),R,VEN,TM_RPCH,A,1994,-22.3,0,,3,,,,,,MGS,,,,,,VL,,,,PT,,,OL,9/16/2025
dataflow,IMF.RES:WEO(9.0.0),R,VEN,TM_RPCH,A,1995,25.268551,0,,3,,,,,,MGS,,,,,,VL,,,,PT,,,OL,9/16/2025
dataflow,IMF.RES:WEO(9.0.0),R,VEN,TM_RPCH,A,1996,-14.666657,0,,3,,,,,,MGS,,,,,,VL,,,,PT,,,OL,9/16/2025
dataflow,IMF.RES:WEO(9.0.0),R,VEN,TM_RPCH,A,1997,24.848595,0,,3,,,,,,MGS,,,,,,VL,,,,PT,,,OL,9/16/2025
dataflow,IMF.RES:WEO(9.0.0),R,VEN,TM_RPCH,A,1998,11.272018,0,,3,,,,,,MGS,,,,,,VL,,,,PT,,,OL,9/16/2025
dataflow,IMF.RES:WEO(9.0.0),R,VEN,TM_RPCH,A,1999,-9.330904,0,,3,,,,,,MGS,,,,,,VL,,,,PT,,,OL,9/16/2025
dataflow,IMF.RES:WEO(9.0.0),R,VEN,TM_RPCH,A,2000,12.399347,0,,3,,,,,,MGS,,,,,,VL,,,,PT,,,OL,9/16/2025
dataflow,IMF.RES:WEO(9.0.0),R,VEN,TM_RPCH,A,2001,14.10765,0,,3,,,,,,MGS,,,,,,VL,,,,PT,,,OL,9/16/2025
dataflow,IMF.RES:WEO(9.0.0),R,VEN,TM_RPCH,A,2002,-25.21656,0,,3,,,,,,MGS,,,,,,VL,,,,PT,,,OL,9/16/2025
dataflow,IMF.RES:WEO(9.0.0),R,VEN,TM_RPCH,A,2003,-20.883916,0,,3,,,,,,MGS,,,,,,VL,,,,PT,,,OL,9/16/2025
dataflow,IMF.RES:WEO(9.0.0),R,VEN,TM_RPCH,A,2004,57.666914,0,,3,,,,,,MGS,,,,,,VL,,,,PT,,,OL,9/16/2025
dataflow,IMF.RES:WEO(9.0.0),R,VEN,TM_RPCH,A,2005,35.159529,0,,3,,,,,,MGS,,,,,,VL,,,,PT,,,OL,9/16/2025
dataflow,IMF.RES:WEO(9.0.0),R,VEN,TM_RPCH,A,2006,34.752196,0,,3,,,,,,MGS,,,,,,VL,,,,PT,,,OL,9/16/2025
dataflow,IMF.RES:WEO(9.0.0),R,VEN,TM_RPCH,A,2007,33.00626,0,,3,,,,,,MGS,,,,,,VL,,,,PT,,,OL,9/16/2025
dataflow,IMF.RES:WEO(9.0.0),R,VEN,TM_RPCH,A,2008,1.361806,0,,3,,,,,,MGS,,,,,,VL,,,,PT,,,OL,9/16/2025
dataflow,IMF.RES:WEO(9.0.0),R,VEN,TM_RPCH,A,2009,-19.557347,0,,3,,,,,,MGS,,,,,,VL,,,,PT,,,OL,9/16/2025
dataflow,IMF.RES:WEO(9.0.0),R,VEN,TM_RPCH,A,2010,-2.890822,0,,3,,,,,,MGS,,,,,,VL,,,,PT,,,OL,9/16/2025
dataflow,IMF.RES:WEO(9.0.0),R,VEN,TM_RPCH,A,2011,15.393358,0,,3,,,,,,MGS,,,,,,VL,,,,PT,,,OL,9/16/2025
dataflow,IMF.RES:WEO(9.0.0),R,VEN,TM_RPCH,A,2012,24.395552,0,,3,,,,,,MGS,,,,,,VL,,,,PT,,,OL,9/16/2025
dataflow,IMF.RES:WEO(9.0.0),R,VEN,TM_RPCH,A,2013,-9.687313,0,,3,,,,,,MGS,,,,,,VL,,,,PT,,,OL,9/16/2025
dataflow,IMF.RES:WEO(9.0.0),R,VEN,TM_RPCH,A,2014,-18.532112,0,,3,,,,,,MGS,,,,,,VL,,,,PT,,,OL,9/16/2025
dataflow,IMF.RES:WEO(9.0.0),R,VEN,TM_RPCH,A,2015,-23.102129,0,,3,,,,,,MGS,,,,,,VL,,,,PT,,,OL,9/16/2025
dataflow,IMF.RES:WEO(9.0.0),R,VEN,TM_RPCH,A,2016,-50.061213,0,,3,,,,,,MGS,,,,,,VL,,,,PT,,,OL,9/16/2025
dataflow,IMF.RES:WEO(9.0.0),R,VEN,TM_RPCH,A,2017,-34.650943,0,,3,,,,,,MGS,,,,,,VL,,,,PT,,,OL,9/16/2025
dataflow,IMF.RES:WEO(9.0.0),R,VEN,TM_RPCH,A,2018,0.3,0,,3,,,,,,MGS,,,,,,VL,,,,PT,,,OL,9/16/2025
dataflow,IMF.RES:WEO(9.0.0),R,VEN,TM_RPCH,A,2019,-22.2,0,,3,,,,,,MGS,,,,,,VL,,,,PT,,,OL,9/16/2025
dataflow,IMF.RES:WEO(9.0.0),R,VEN,TM_RPCH,A,2020,-27.270953,0,,3,,,,,,MGS,,,,,,VL,,,,PT,,,OL,9/16/2025
dataflow,IMF.RES:WEO(9.0.0),R,VEN,TM_RPCH,A,2021,-2.213767,0,,3,,,,,,MGS,,,,,,VL,,,,PT,,,OL,9/16/2025
dataflow,IMF.RES:WEO(9.0.0),R,VEN,TM_RPCH,A,2022,10.740002,0,,3,,,,,,MGS,,,,,,VL,,,,PT,,,OL,9/16/2025
dataflow,IMF.RES:WEO(9.0.0),R,VEN,TM_RPCH,A,2023,20.79982,0,,3,,,,,,MGS,,,,,,VL,,,,PT,,,OL,9/16/2025
dataflow,IMF.RES:WEO(9.0.0),R,VEN,TM_RPCH,A,2024,17.869127,0,,3,,,,,,MGS,,,,,,VL,,,,PT,,,OL,9/16/2025
dataflow,IMF.RES:WEO(9.0.0),R,VEN,TM_RPCH,A,2025,-16.655855,0,,3,,,,,,MGS,,,,,,VL,,,,PT,,,OL,9/16/2025
dataflow,IMF.RES:WEO(9.0.0),R,VEN,TM_RPCH,A,2026,19.817545,0,,3,,,,,,MGS,,,,,,VL,,,,PT,,,OL,9/16/2025
dataflow,IMF.RES:WEO(9.0.0),R,VEN,TM_RPCH,A,2027,6.681715,0,,3,,,,,,MGS,,,,,,VL,,,,PT,,,OL,9/16/2025
dataflow,IMF.RES:WEO(9.0.0),R,VEN,TXG_RPCH,A,1983,-1.84259,0,,3,,,,,,XG,,,,,,VL,,,,PT,,,OL,9/16/2025
dataflow,IMF.RES:WEO(9.0.0),R,VEN,TXG_RPCH,A,1984,4.933596,0,,3,,,,,,XG,,,,,,VL,,,,PT,,,OL,9/16/2025
dataflow,IMF.RES:WEO(9.0.0),R,VEN,TXG_RPCH,A,1985,-7.40626,0,,3,,,,,,XG,,,,,,VL,,,,PT,,,OL,9/16/2025
dataflow,IMF.RES:WEO(9.0.0),R,VEN,TXG_RPCH,A,1986,12.158171,0,,3,,,,,,XG,,,,,,VL,,,,PT,,,OL,9/16/2025
dataflow,IMF.RES:WEO(9.0.0),R,VEN,TXG_RPCH,A,1987,-6.4,0,,3,,,,,,XG,,,,,,VL,,,,PT,,,OL,9/16/2025
dataflow,IMF.RES:WEO(9.0.0),R,VEN,TXG_RPCH,A,1988,9.633176,0,,3,,,,,,XG,,,,,,VL,,,,PT,,,OL,9/16/2025
dataflow,IMF.RES:WEO(9.0.0),R,VEN,TXG_RPCH,A,1989,7.099843,0,,3,,,,,,XG,,,,,,VL,,,,PT,,,OL,9/16/2025
dataflow,IMF.RES:WEO(9.0.0),R,VEN,TXG_RPCH,A,1990,16.660858,0,,3,,,,,,XG,,,,,,VL,,,,PT,,,OL,9/16/2025
dataflow,IMF.RES:WEO(9.0.0),R,VEN,TXG_RPCH,A,1991,7.536819,0,,3,,,,,,XG,,,,,,VL,,,,PT,,,OL,9/16/2025
dataflow,IMF.RES:WEO(9.0.0),R,VEN,TXG_RPCH,A,1992,-3.318126,0,,3,,,,,,XG,,,,,,VL,,,,PT,,,OL,9/16/2025
dataflow,IMF.RES:WEO(9.0.0),R,VEN,TXG_RPCH,A,1993,10.847061,0,,3,,,,,,XG,,,,,,VL,,,,PT,,,OL,9/16/2025
dataflow,IMF.RES:WEO(9.0.0),R,VEN,TXG_RPCH,A,1994,6.4,0,,3,,,,,,XG,,,,,,VL,,,,PT,,,OL,9/16/2025
dataflow,IMF.RES:WEO(9.0.0),R,VEN,TXG_RPCH,A,1995,9.087887,0,,3,,,,,,XG,,,,,,VL,,,,PT,,,OL,9/16/2025
dataflow,IMF.RES:WEO(9.0.0),R,VEN,TXG_RPCH,A,1996,5.657934,0,,3,,,,,,XG,,,,,,VL,,,,PT,,,OL,9/16/2025
dataflow,IMF.RES:WEO(9.0.0),R,VEN,TXG_RPCH,A,1997,10.715641,0,,3,,,,,,XG,,,,,,VL,,,,PT,,,OL,9/16/2025
dataflow,IMF.RES:WEO(9.0.0),R,VEN,TXG_RPCH,A,1998,3.7683,0,,3,,,,,,XG,,,,,,VL,,,,PT,,,OL,9/16/2025
dataflow,IMF.RES:WEO(9.0.0),R,VEN,TXG_RPCH,A,1999,-10.908069,0,,3,,,,,,XG,,,,,,VL,,,,PT,,,OL,9/16/2025
dataflow,IMF.RES:WEO(9.0.0),R,VEN,TXG_RPCH,A,2000,6.60699,0,,3,,,,,,XG,,,,,,VL,,,,PT,,,OL,9/16/2025
dataflow,IMF.RES:WEO(9.0.0),R,VEN,TXG_RPCH,A,2001,-4.128114,0,,3,,,,,,XG,,,,,,VL,,,,PT,,,OL,9/16/2025
dataflow,IMF.RES:WEO(9.0.0),R,VEN,TXG_RPCH,A,2002,-3.811743,0,,3,,,,,,XG,,,,,,VL,,,,PT,,,OL,9/16/2025
dataflow,IMF.RES:WEO(9.0.0),R,VEN,TXG_RPCH,A,2003,-10.215986,0,,3,,,,,,XG,,,,,,VL,,,,PT,,,OL,9/16/2025
dataflow,IMF.RES:WEO(9.0.0),R,VEN,TXG_RPCH,A,2004,13.285791,0,,3,,,,,,XG,,,,,,VL,,,,PT,,,OL,9/16/2025
dataflow,IMF.RES:WEO(9.0.0),R,VEN,TXG_RPCH,A,2005,3.100337,0,,3,,,,,,XG,,,,,,VL,,,,PT,,,OL,9/16/2025
dataflow,IMF.RES:WEO(9.0.0),R,VEN,TXG_RPCH,A,2006,-3.290054,0,,3,,,,,,XG,,,,,,VL,,,,PT,,,OL,9/16/2025
dataflow,IMF.RES:WEO(9.0.0),R,VEN,TXG_RPCH,A,2007,-8.333871,0,,3,,,,,,XG,,,,,,VL,,,,PT,,,OL,9/16/2025
dataflow,IMF.RES:WEO(9.0.0),R,VEN,TXG_RPCH,A,2008,-1.096667,0,,3,,,,,,XG,,,,,,VL,,,,PT,,,OL,9/16/2025
dataflow,IMF.RES:WEO(9.0.0),R,VEN,TXG_RPCH,A,2009,-14.180019,0,,3,,,,,,XG,,,,,,VL,,,,PT,,,OL,9/16/2025
dataflow,IMF.RES:WEO(9.0.0),R,VEN,TXG_RPCH,A,2010,-12.890854,0,,3,,,,,,XG,,,,,,VL,,,,PT,,,OL,9/16/2025
dataflow,IMF.RES:WEO(9.0.0),R,VEN,TXG_RPCH,A,2011,4.59743,0,,3,,,,,,XG,,,,,,VL,,,,PT,,,OL,9/16/2025
dataflow,IMF.RES:WEO(9.0.0),R,VEN,TXG_RPCH,A,2012,0.657558,0,,3,,,,,,XG,,,,,,VL,,,,PT,,,OL,9/16/2025
dataflow,IMF.RES:WEO(9.0.0),R,VEN,TXG_RPCH,A,2013,-6.712592,0,,3,,,,,,XG,,,,,,VL,,,,PT,,,OL,9/16/2025
dataflow,IMF.RES:WEO(9.0.0),R,VEN,TXG_RPCH,A,2014,-4.523992,0,,3,,,,,,XG,,,,,,VL,,,,PT,,,OL,9/16/2025
dataflow,IMF.RES:WEO(9.0.0),R,VEN,TXG_RPCH,A,2015,-0.862522,0,,3,,,,,,XG,,,,,,VL,,,,PT,,,OL,9/16/2025
dataflow,IMF.RES:WEO(9.0.0),R,VEN,TXG_RPCH,A,2016,-11.72885,0,,3,,,,,,XG,,,,,,VL,,,,PT,,,OL,9/16/2025
dataflow,IMF.RES:WEO(9.0.0),R,VEN,TXG_RPCH,A,2017,-0.043979,0,,3,,,,,,XG,,,,,,VL,,,,PT,,,OL,9/16/2025
dataflow,IMF.RES:WEO(9.0.0),R,VEN,TXG_RPCH,A,2018,-10.8,0,,3,,,,,,XG,,,,,,VL,,,,PT,,,OL,9/16/2025
dataflow,IMF.RES:WEO(9.0.0),R,VEN,TXG_RPCH,A,2019,-11.5,0,,3,,,,,,XG,,,,,,VL,,,,PT,,,OL,9/16/2025
dataflow,IMF.RES:WEO(9.0.0),R,VEN,TXG_RPCH,A,2020,-65.59254,0,,3,,,,,,XG,,,,,,VL,,,,PT,,,OL,9/16/2025
dataflow,IMF.RES:WEO(9.0.0),R,VEN,TXG_RPCH,A,2021,-33.714063,0,,3,,,,,,XG,,,,,,VL,,,,PT,,,OL,9/16/2025
dataflow,IMF.RES:WEO(9.0.0),R,VEN,TXG_RPCH,A,2022,25.409142,0,,3,,,,,,XG,,,,,,VL,,,,PT,,,OL,9/16/2025
dataflow,IMF.RES:WEO(9.0.0),R,VEN,TXG_RPCH,A,2023,24.764831,0,,3,,,,,,XG,,,,,,VL,,,,PT,,,OL,9/16/2025
dataflow,IMF.RES:WEO(9.0.0),R,VEN,TXG_RPCH,A,2024,13.39669,0,,3,,,,,,XG,,,,,,VL,,,,PT,,,OL,9/16/2025
dataflow,IMF.RES:WEO(9.0.0),R,VEN,TXG_RPCH,A,2025,5.20728,0,,3,,,,,,XG,,,,,,VL,,,,PT,,,OL,9/16/2025
dataflow,IMF.RES:WEO(9.0.0),R,VEN,TXG_RPCH,A,2026,28.880494,0,,3,,,,,,XG,,,,,,VL,,,,PT,,,OL,9/16/2025
dataflow,IMF.RES:WEO(9.0.0),R,VEN,TXG_RPCH,A,2027,-0.907603,0,,3,,,,,,XG,,,,,,VL,,,,PT,,,OL,9/16/2025
dataflow,IMF.RES:WEO(9.0.0),R,VEN,TX_RPCH,A,1983,7.111978,0,,3,,,,,,XGS,,,,,,VL,,,,PT,,,OL,9/16/2025
dataflow,IMF.RES:WEO(9.0.0),R,VEN,TX_RPCH,A,1984,-3.530846,0,,3,,,,,,XGS,,,,,,VL,,,,PT,,,OL,9/16/2025
dataflow,IMF.RES:WEO(9.0.0),R,VEN,TX_RPCH,A,1985,-4.093287,0,,3,,,,,,XGS,,,,,,VL,,,,PT,,,OL,9/16/2025
dataflow,IMF.RES:WEO(9.0.0),R,VEN,TX_RPCH,A,1986,12.230222,0,,3,,,,,,XGS,,,,,,VL,,,,PT,,,OL,9/16/2025
dataflow,IMF.RES:WEO(9.0.0),R,VEN,TX_RPCH,A,1987,-1.362183,0,,3,,,,,,XGS,,,,,,VL,,,,PT,,,OL,9/16/2025
dataflow,IMF.RES:WEO(9.0.0),R,VEN,TX_RPCH,A,1988,7.867038,0,,3,,,,,,XGS,,,,,,VL,,,,PT,,,OL,9/16/2025
dataflow,IMF.RES:WEO(9.0.0),R,VEN,TX_RPCH,A,1989,7.378881,0,,3,,,,,,XGS,,,,,,VL,,,,PT,,,OL,9/16/2025
dataflow,IMF.RES:WEO(9.0.0),R,VEN,TX_RPCH,A,1990,15.771534,0,,3,,,,,,XGS,,,,,,VL,,,,PT,,,OL,9/16/2025
dataflow,IMF.RES:WEO(9.0.0),R,VEN,TX_RPCH,A,1991,6.728843,0,,3,,,,,,XGS,,,,,,VL,,,,PT,,,OL,9/16/2025
dataflow,IMF.RES:WEO(9.0.0),R,VEN,TX_RPCH,A,1992,-2.011121,0,,3,,,,,,XGS,,,,,,VL,,,,PT,,,OL,9/16/2025
dataflow,IMF.RES:WEO(9.0.0),R,VEN,TX_RPCH,A,1993,5.804887,0,,3,,,,,,XGS,,,,,,VL,,,,PT,,,OL,9/16/2025
dataflow,IMF.RES:WEO(9.0.0),R,VEN,TX_RPCH,A,1994,8.4,0,,3,,,,,,XGS,,,,,,VL,,,,PT,,,OL,9/16/2025
dataflow,IMF.RES:WEO(9.0.0),R,VEN,TX_RPCH,A,1995,8.600326,0,,3,,,,,,XGS,,,,,,VL,,,,PT,,,OL,9/16/2025
dataflow,IMF.RES:WEO(9.0.0),R,VEN,TX_RPCH,A,1996,4.680571,0,,3,,,,,,XGS,,,,,,VL,,,,PT,,,OL,9/16/2025
dataflow,IMF.RES:WEO(9.0.0),R,VEN,TX_RPCH,A,1997,8.712145,0,,3,,,,,,XGS,,,,,,VL,,,,PT,,,OL,9/16/2025
dataflow,IMF.RES:WEO(9.0.0),R,VEN,TX_RPCH,A,1998,3.07115,0,,3,,,,,,XGS,,,,,,VL,,,,PT,,,OL,9/16/2025
dataflow,IMF.RES:WEO(9.0.0),R,VEN,TX_RPCH,A,1999,-10.988802,0,,3,,,,,,XGS,,,,,,VL,,,,PT,,,OL,9/16/2025
dataflow,IMF.RES:WEO(9.0.0),R,VEN,TX_RPCH,A,2000,5.82742,0,,3,,,,,,XGS,,,,,,VL,,,,PT,,,OL,9/16/2025
dataflow,IMF.RES:WEO(9.0.0),R,VEN,TX_RPCH,A,2001,-3.549397,0,,3,,,,,,XGS,,,,,,VL,,,,PT,,,OL,9/16/2025
dataflow,IMF.RES:WEO(9.0.0),R,VEN,TX_RPCH,A,2002,-3.960468,0,,3,,,,,,XGS,,,,,,VL,,,,PT,,,OL,9/16/2025
dataflow,IMF.RES:WEO(9.0.0),R,VEN,TX_RPCH,A,2003,-10.383747,0,,3,,,,,,XGS,,,,,,VL,,,,PT,,,OL,9/16/2025
dataflow,IMF.RES:WEO(9.0.0),R,VEN,TX_RPCH,A,2004,13.685674,0,,3,,,,,,XGS,,,,,,VL,,,,PT,,,OL,9/16/2025
dataflow,IMF.RES:WEO(9.0.0),R,VEN,TX_RPCH,A,2005,3.769504,0,,3,,,,,,XGS,,,,,,VL,,,,PT,,,OL,9/16/2025
dataflow,IMF.RES:WEO(9.0.0),R,VEN,TX_RPCH,A,2006,-3.017192,0,,3,,,,,,XGS,,,,,,VL,,,,PT,,,OL,9/16/2025
dataflow,IMF.RES:WEO(9.0.0),R,VEN,TX_RPCH,A,2007,-7.551578,0,,3,,,,,,XGS,,,,,,VL,,,,PT,,,OL,9/16/2025
dataflow,IMF.RES:WEO(9.0.0),R,VEN,TX_RPCH,A,2008,-0.983393,0,,3,,,,,,XGS,,,,,,VL,,,,PT,,,OL,9/16/2025
dataflow,IMF.RES:WEO(9.0.0),R,VEN,TX_RPCH,A,2009,-13.68155,0,,3,,,,,,XGS,,,,,,VL,,,,PT,,,OL,9/16/2025
dataflow,IMF.RES:WEO(9.0.0),R,VEN,TX_RPCH,A,2010,-12.876992,0,,3,,,,,,XGS,,,,,,VL,,,,PT,,,OL,9/16/2025
dataflow,IMF.RES:WEO(9.0.0),R,VEN,TX_RPCH,A,2011,4.664976,0,,3,,,,,,XGS,,,,,,VL,,,,PT,,,OL,9/16/2025
dataflow,IMF.RES:WEO(9.0.0),R,VEN,TX_RPCH,A,2012,1.59429,0,,3,,,,,,XGS,,,,,,VL,,,,PT,,,OL,9/16/2025
dataflow,IMF.RES:WEO(9.0.0),R,VEN,TX_RPCH,A,2013,-6.1697,0,,3,,,,,,XGS,,,,,,VL,,,,PT,,,OL,9/16/2025
dataflow,IMF.RES:WEO(9.0.0),R,VEN,TX_RPCH,A,2014,-4.657997,0,,3,,,,,,XGS,,,,,,VL,,,,PT,,,OL,9/16/2025
dataflow,IMF.RES:WEO(9.0.0),R,VEN,TX_RPCH,A,2015,-0.862522,0,,3,,,,,,XGS,,,,,,VL,,,,PT,,,OL,9/16/2025
dataflow,IMF.RES:WEO(9.0.0),R,VEN,TX_RPCH,A,2016,-11.72885,0,,3,,,,,,XGS,,,,,,VL,,,,PT,,,OL,9/16/2025
dataflow,IMF.RES:WEO(9.0.0),R,VEN,TX_RPCH,A,2017,-0.043979,0,,3,,,,,,XGS,,,,,,VL,,,,PT,,,OL,9/16/2025
dataflow,IMF.RES:WEO(9.0.0),R,VEN,TX_RPCH,A,2018,-10.8,0,,3,,,,,,XGS,,,,,,VL,,,,PT,,,OL,9/16/2025
dataflow,IMF.RES:WEO(9.0.0),R,VEN,TX_RPCH,A,2019,-11.5,0,,3,,,,,,XGS,,,,,,VL,,,,PT,,,OL,9/16/2025
dataflow,IMF.RES:WEO(9.0.0),R,VEN,TX_RPCH,A,2020,-65.246375,0,,3,,,,,,XGS,,,,,,VL,,,,PT,,,OL,9/16/2025
dataflow,IMF.RES:WEO(9.0.0),R,VEN,TX_RPCH,A,2021,-27.163408,0,,3,,,,,,XGS,,,,,,VL,,,,PT,,,OL,9/16/2025
dataflow,IMF.RES:WEO(9.0.0),R,VEN,TX_RPCH,A,2022,31.492343,0,,3,,,,,,XGS,,,,,,VL,,,,PT,,,OL,9/16/2025
dataflow,IMF.RES:WEO(9.0.0),R,VEN,TX_RPCH,A,2023,16.465941,0,,3,,,,,,XGS,,,,,,VL,,,,PT,,,OL,9/16/2025
dataflow,IMF.RES:WEO(9.0.0),R,VEN,TX_RPCH,A,2024,11.902624,0,,3,,,,,,XGS,,,,,,VL,,,,PT,,,OL,9/16/2025
dataflow,IMF.RES:WEO(9.0.0),R,VEN,TX_RPCH,A,2025,5.402796,0,,3,,,,,,XGS,,,,,,VL,,,,PT,,,OL,9/16/2025
dataflow,IMF.RES:WEO(9.0.0),R,VEN,TX_RPCH,A,2026,30.131654,0,,3,,,,,,XGS,,,,,,VL,,,,PT,,,OL,9/16/2025
dataflow,IMF.RES:WEO(9.0.0),R,VEN,TX_RPCH,A,2027,-1.160338,0,,3,,,,,,XGS,,,,,,VL,,,,PT,,,OL,9/16/2025
dataflow,IMF.RES:WEO(9.0.0),R,,PSMEA,,,,,,,,,,,,,PSMEA,,,,,UP,,,,USDPMT,,,,
dataflow,IMF.RES:WEO(9.0.0),R,,BM,,,,,,,,MGS,,,,,,,,,,,,,,USD,,,,
dataflow,IMF.RES:WEO(9.0.0),R,,PNGASW,,,,,,,,,,,,,PNGAS,,,,CPIX,,,,,IX,,,,
dataflow,IMF.RES:WEO(9.0.0),R,,PSAWMAL,,,,,,,,,,,,,PSAWMAL,,,,,UP,,,,USD_PCM,,,,
dataflow,IMF.RES:WEO(9.0.0),R,,PSOIL,,,,,,,,,,,,,PSOIL,,,,,UP,,,,USDPMT,,,,
dataflow,IMF.RES:WEO(9.0.0),R,,PMETAW,,,,,,,,,,,,,PMETA,,,,CPIX,,,,,IX,,,,
dataflow,IMF.RES:WEO(9.0.0),R,,GGSB_NPGDP,,,,,,,,,,SB,,,,,S13,,,,,,,PT,,,,
dataflow,IMF.RES:WEO(9.0.0),R,,PRAWMW,,,,,,,,,,,,,PRAWM,,,,CPIX,,,,,IX,,,,
dataflow,IMF.RES:WEO(9.0.0),R,,PPORK,,,,,,,,,,,,,PPORK,,,,,UP,,,,USCPP,,,,
dataflow,IMF.RES:WEO(9.0.0),R,,D,,,,,,,,FGED,,,,,,,,,,,,,,USD,,,,
dataflow,IMF.RES:WEO(9.0.0),R,,BF,,,,,,,,FAB,,,,,,,,,,,,,,USD,,,,
dataflow,IMF.RES:WEO(9.0.0),R,,PIORECR,,,,,,,,,,,,,PIORECR,,,,,UP,,,,USDPMT,,,,
dataflow,IMF.RES:WEO(9.0.0),R,,POLVOIL,,,,,,,,,,,,,POLVOIL,,,,,UP,,,,USDPMT,,,,
dataflow,IMF.RES:WEO(9.0.0),R,,PBEVEW,,,,,,,,,,,,,PBEVE,,,,CPIX,,,,,IX,,,,
dataflow,IMF.RES:WEO(9.0.0),R,,PURAN,,,,,,,,,,,,,PURAN,,,,,UP,,,,USDPP,,,,
dataflow,IMF.RES:WEO(9.0.0),R,,BX,,,,,,,,XGS,,,,,,,,,,,,,,USD,,,,
dataflow,IMF.RES:WEO(9.0.0),R,,DSP_NGDPD,,,,,,,,FGEDDSA,,,,,,,,,,,,,,PT,,,,
dataflow,IMF.RES:WEO(9.0.0),R,,BFRA,,,,,,,,,,,,,,,,N,,,,,,USD,,,,
dataflow,IMF.RES:WEO(9.0.0),R,,PGNUTS,,,,,,,,,,,,,PGNUTS,,,,,UP,,,,USDPMT,,,,
dataflow,IMF.RES:WEO(9.0.0),R,,PCOFFOTM,,,,,,,,,,,,,PCOFFOTM,,,,,UP,,,,USCPP,,,,
dataflow,IMF.RES:WEO(9.0.0),R,,POILAPSP,,,,,,,,,,,,,POILAPSP,,,,,UP,,,,USD_BBL,,,,
dataflow,IMF.RES:WEO(9.0.0),R,,PRICENPQ,,,,,,,,,,,,,PRICENPQ,,,,,UP,,,,USDPMT,,,,
dataflow,IMF.RES:WEO(9.0.0),R,,LE,,,,,,,,,,,,,,E,,,,,,,,,,,,
dataflow,IMF.RES:WEO(9.0.0),R,,PSUNO,,,,,,,,,,,,,PSUNO,,,,,XP,,,,USDPMT,,,,
dataflow,IMF.RES:WEO(9.0.0),R,,PMEATW,,,,,,,,,,,,,PMEAT,,,,CPIX,,,,,IX,,,,
dataflow,IMF.RES:WEO(9.0.0),R,,TTTPCH,,,,,,,,,,,,,,,,,,,,,,PT,,,,
dataflow,IMF.RES:WEO(9.0.0),R,,PMAIZMT,,,,,,,,,,,,,PMAIZMT,,,,,UP,,,,USDPMT,,,,
dataflow,IMF.RES:WEO(9.0.0),R,,PLOGORE,,,,,,,,,,,,,PLOGORE,,,,,XP,,,,USD_PCM,,,,
dataflow,IMF.RES:WEO(9.0.0),R,,DSP_BX,,,,,,,,FGEDDSA,,,,,,,,,,,,,,PT,,,,
dataflow,IMF.RES:WEO(9.0.0),R,,PFANDBW,,,,,,,,,,,,,PFANDB,,,,CPIX,,,,,IX,,,,
dataflow,IMF.RES:WEO(9.0.0),R,,PCOALW,,,,,,,,,,,,,PCOAL,,,,CPIX,,,,,IX,,,,
dataflow,IMF.RES:WEO(9.0.0),R,,PTIN,,,,,,,,,,,,,PTIN,,,,,UP,,,,USDPMT,,,,
dataflow,IMF.RES:WEO(9.0.0),R,,GGSB,,,,,,,,,,SB,,,,,S13,,,,,,,XDC,,,,
dataflow,IMF.RES:WEO(9.0.0),R,,PCOFFW,,,,,,,,,,,,,PCOFF,,,,CPIX,,,,,IX,,,,
dataflow,IMF.RES:WEO(9.0.0),R,,NGDP_RPCHMK,,,,,,,,,B1GQ,,,,,,,,,Q,,,,PT,,,,
dataflow,IMF.RES:WEO(9.0.0),R,,POILAPSPW,,,,,,,,,,,,,POILAPSP,,,,CPIX,,,,,IX,,,,
dataflow,IMF.RES:WEO(9.0.0),R,,PHIDE,,,,,,,,,,,,,PHIDE,,,,,UP,,,,USCPP,,,,
dataflow,IMF.RES:WEO(9.0.0),R,,PSALM,,,,,,,,,,,,,PSALM,,,,,XP,,,,USDPK,,,,
dataflow,IMF.RES:WEO(9.0.0),R,,D_BX,,,,,,,,FGED,,,,,,,,,,,,,,PT,,,,
dataflow,IMF.RES:WEO(9.0.0),R,,PSHRI,,,,,,,,,,,,,PSHRI,,,,,UP,,,,USDPK,,,,
dataflow,IMF.RES:WEO(9.0.0),R,,PNFUELW,,,,,,,,,,,,,PNFUEL,,,,CPIX,,,,,IX,,,,
dataflow,IMF.RES:WEO(9.0.0),R,,PFISH,,,,,,,,,,,,,PFSHMEAL,,,,,UP,,,,USDPMT,,,,
dataflow,IMF.RES:WEO(9.0.0),R,,PLEAD,,,,,,,,,,,,,PLEAD,,,,,UP,,,,USDPMT,,,,
dataflow,IMF.RES:WEO(9.0.0),R,,PSOFTW,,,,,,,,,,,,,PSOFT,,,,CPIX,,,,,IX,,,,
dataflow,IMF.RES:WEO(9.0.0),R,,PTIMBW,,,,,,,,,,,,,PTIMB,,,,CPIX,,,,,IX,,,,
dataflow,IMF.RES:WEO(9.0.0),R,,PNICK,,,,,,,,,,,,,PNICK,,,,,UP,,,,USDPMT,,,,
dataflow,IMF.RES:WEO(9.0.0),R,,PCOPP,,,,,,,,,,,,,PCOPP,,,,,UP,,,,USDPMT,,,,
dataflow,IMF.RES:WEO(9.0.0),R,,PSOYB,,,,,,,,,,,,,PSOYB,,,,,UP,,,,USDPMT,,,,
dataflow,IMF.RES:WEO(9.0.0),R,,PPOIL,,,,,,,,,,,,,PPOIL,,,,,UP,,,,USDPMT,,,,
dataflow,IMF.RES:WEO(9.0.0),R,,PBANSOP,,,,,,,,,,,,,PBANSOP,,,,,UP,,,,USDPMT,,,,
dataflow,IMF.RES:WEO(9.0.0),R,,PCOTTIND,,,,,,,,,,,,,PCOTTIND,,,,,UP,,,,USCPP,,,,
dataflow,IMF.RES:WEO(9.0.0),R,,PNGASUS,,,,,,,,,,,,,PNGASUS,,,,,UP,,,,USDPMT,,,,
dataflow,IMF.RES:WEO(9.0.0),R,,PCOALSA,,,,,,,,,,,,,PCOALSA,,,,,XP,,,,USDPMT,,,,
dataflow,IMF.RES:WEO(9.0.0),R,,PCOFFROB,,,,,,,,,,,,,PCOFFROB,,,,,UP,,,,USCPP,,,,
dataflow,IMF.RES:WEO(9.0.0),R,,PSUGAUSA,,,,,,,,,,,,,PSUGAUSA,,,,,MP,,,,USCPP,,,,
dataflow,IMF.RES:WEO(9.0.0),R,,PSEAFW,,,,,,,,,,,,,PSEAF,,,,CPIX,,,,,IX,,,,
dataflow,IMF.RES:WEO(9.0.0),R,,POILDUB,,,,,,,,,,,,,POILDUB,,,,,UP,,,,USD_BBL,,,,
dataflow,IMF.RES:WEO(9.0.0),R,,PCEREW,,,,,,,,,,,,,PCERE,,,,CPIX,,,,,IX,,,,
dataflow,IMF.RES:WEO(9.0.0),R,,PSUGAISA,,,,,,,,,,,,,PSUGAISA,,,,,UP,,,,USCPP,,,,
dataflow,IMF.RES:WEO(9.0.0),R,,TXGM_DPCH,,,,,,,,,,,,X11,,,,,PD,,,,,PT,,,,
dataflow,IMF.RES:WEO(9.0.0),R,,DS_NGDPD,,,,,,,,FGEDDS,,,,,,,,,,,,,,PT,,,,
dataflow,IMF.RES:WEO(9.0.0),R,,PALUM,,,,,,,,,,,,,PALUM,,,,,UP,,,,USDPMT,,,,
dataflow,IMF.RES:WEO(9.0.0),R,,PFOODW,,,,,,,,,,,,,PFOOD,,,,CPIX,,,,,IX,,,,
dataflow,IMF.RES:WEO(9.0.0),R,,DS_BX,,,,,,,,FGEDDS,,,,,,,,,,,,,,PT,,,,
dataflow,IMF.RES:WEO(9.0.0),R,,PCOALAU,,,,,,,,,,,,,PCOALAU,,,,,UP,,,,USDPMT,,,,
dataflow,IMF.RES:WEO(9.0.0),R,,PZINC,,,,,,,,,,,,,PZINC,,,,,UP,,,,USDPMT,,,,
dataflow,IMF.RES:WEO(9.0.0),R,,PHARDW,,,,,,,,,,,,,PHARD,,,,CPIX,,,,,IX,,,,
dataflow,IMF.RES:WEO(9.0.0),R,,PSAWORE,,,,,,,,,,,,,PSAWORE,,,,,XP,,,,USD_PCM,,,,
dataflow,IMF.RES:WEO(9.0.0),R,,PNGASEU,,,,,,,,,,,,,PNGASEU,,,,,UP,,,,USDBTU,,,,
dataflow,IMF.RES:WEO(9.0.0),R,,PLOGSK,,,,,,,,,,,,,PLOGSK,,,,,MP,,,,USD_PCM,,,,
dataflow,IMF.RES:WEO(9.0.0),R,,PROIL,,,,,,,,,,,,,PROIL,,,,,UP,,,,USDPMT,,,,
dataflow,IMF.RES:WEO(9.0.0),R,,PINDUW,,,,,,,,,,,,,PINDU,,,,CPIX,,,,,IX,,,,
dataflow,IMF.RES:WEO(9.0.0),R,,PPOULT,,,,,,,,,,,,,PPOULT,,,,,UP,,,,USCPP,,,,
dataflow,IMF.RES:WEO(9.0.0),R,,TXGM_D,,,,,,,,,,,,X11,,,,,PD,,,,,IX,,,,
dataflow,IMF.RES:WEO(9.0.0),R,,TTPCH,,,,,,,,,,,,,,,,,,,,,,PT,,,,
dataflow,IMF.RES:WEO(9.0.0),R,,PBEEF,,,,,,,,,,,,,PBEEF,,,,,MP,,,,USCPP,,,,
dataflow,IMF.RES:WEO(9.0.0),R,,PSUGAW,,,,,,,,,,,,,PSUGA,,,,CPIX,,,,,IX,,,,
dataflow,IMF.RES:WEO(9.0.0),R,,PNRGW,,,,,,,,,,,,,PNRG,,,,CPIX,,,,,IX,,,,
dataflow,IMF.RES:WEO(9.0.0),R,,BFO,,,,,,,,,,,,,,,,N,,,,,,USD,,,,
dataflow,IMF.RES:WEO(9.0.0),R,,BFP,,,,,,,,,,,,,,,,N,,,,,,USD,,,,
dataflow,IMF.RES:WEO(9.0.0),R,,PVOILW,,,,,,,,,,,,,PVOIL,,,,CPIX,,,,,IX,,,,
dataflow,IMF.RES:WEO(9.0.0),R,,PBARL,,,,,,,,,,,,,PBARL,,,,,UP,,,,USDPMT,,,,
dataflow,IMF.RES:WEO(9.0.0),R,,DS,,,,,,,,FGEDDS,,,,,,,,,,,,,,USD,,,,
dataflow,IMF.RES:WEO(9.0.0),R,,PWOOLW,,,,,,,,,,,,,PWOOL,,,,CPIX,,,,,IX,,,,
dataflow,IMF.RES:WEO(9.0.0),R,,BFD,,,,,,,,,,,,,,,,N,,,,,,USD,,,,
dataflow,IMF.RES:WEO(9.0.0),R,,POILWTI,,,,,,,,,,,,,POILWTI,,,,,UP,,,,USD_BBL,,,,
dataflow,IMF.RES:WEO(9.0.0),R,,BFF,,,,,,,,,,,,,,,,N,,,,,,USD,,,,
dataflow,IMF.RES:WEO(9.0.0),R,,PTEA,,,,,,,,,,,,,PTEA,,,,,UP,,,,USCPL,,,,
dataflow,IMF.RES:WEO(9.0.0),R,,PALLFNFW,,,,,,,,,,,,,PALLFNF,,,,CPIX,,,,,IX,,,,
dataflow,IMF.RES:WEO(9.0.0),R,,TRADEPCH,,,,,,,,TGS,,,,,,,,,,VL,,,,PT,,,,
dataflow,IMF.RES:WEO(9.0.0),R,,PWHEAMT,,,,,,,,,,,,,PWHEAMT,,,,,UP,,,,USDPMT,,,,
dataflow,IMF.RES:WEO(9.0.0),R,,DSI,,,,,,,,FGEDDSI,,,,,,,,,,,,,,USD,,,,
dataflow,IMF.RES:WEO(9.0.0),R,,PRUBB,,,,,,,,,,,,,PRUBB,,,,,UP,,,,USCPP,,,,
dataflow,IMF.RES:WEO(9.0.0),R,,PLAMB,,,,,,,,,,,,,PLAMB,,,,,UP,,,,USCPP,,,,
dataflow,IMF.RES:WEO(9.0.0),R,,GGXWDN,,,,,,,,,,G63N,,,,,S13,,,,,,,XDC,,,,
dataflow,IMF.RES:WEO(9.0.0),R,,NGDPRPC,,,,,,,,,B1GQ,,,,,,,,,Q,,,,XDC,,,,
dataflow,IMF.RES:WEO(9.0.0),R,,PNGASJP,,,,,,,,,,,,,PNGASJP,,,,,UP,,,,USDBTU,,,,
dataflow,IMF.RES:WEO(9.0.0),R,,PWOOLF,,,,,,,,,,,,,PWOOLF,,,,,UP,,,,USCPL,,,,
dataflow,IMF.RES:WEO(9.0.0),R,,D_NGDPD,,,,,,,,FGED,,,,,,,,,,,,,,PT,,,,
dataflow,IMF.RES:WEO(9.0.0),R,,PWOOLC,,,,,,,,,,,,,PWOOLC,,,,,UP,,,,USCPL,,,,
dataflow,IMF.RES:WEO(9.0.0),R,,PCOCO,,,,,,,,,,,,,PCOCO,,,,,UP,,,,USDPMT,,,,
dataflow,IMF.RES:WEO(9.0.0),R,,DSP,,,,,,,,FGEDDSA,,,,,,,,,,,,,,USD,,,,
dataflow,IMF.RES:WEO(9.0.0),R,,GGXWDN_NGDP,,,,,,,,,,G63N,,,,,S13,,,,,,,PT,,,,
dataflow,IMF.RES:WEO(9.0.0),R,,PORANG,,,,,,,,,,,,,PORANG,,,,,MP,,,,USDPMT,,,,
dataflow,IMF.RES:WEO(9.0.0),R,,DSI_NGDPD,,,,,,,,FGEDDSI,,,,,,,,,,,,,,PT,,,,
dataflow,IMF.RES:WEO(9.0.0),R,,DSI_BX,,,,,,,,FGEDDSI,,,,,,,,,,,,,,PT,,,,
dataflow,IMF.RES:WEO(9.0.0),R,,POILBRE,,,,,,,,,,,,,POILBRE,,,,,UP,,,,USD_BBL,,,,
dataflow,IMF.RES:WEO(9.0.0),R,,NGDP_R,,,,,,,,,B1GQ,,,,,,,,,Q,,,,XDC,,,,
dataflow,IMF.RES:WEO(9.0.0),R,,NGAP_NPGDP,,,,,,,,,P1GAP,,,,,,,,,,,,,PT,,,,
