Fuente;País;ID serie FRED;Título;Unidades;Frecuencia;Ajuste estacional;Estado descarga;Error descarga;Número de registros;Primer periodo;Último periodo;Último valor disponible;URL serie;Archivo CSV;Archivo JSON;Archivo Excel
FRED - Federal Reserve Bank of St. Louis;Venezuela;AKVENA052SCEN;Value of Exports to Bolivarian Republic of Venezuela from Alaska;Dollars;Annual;Not Seasonally Adjusted;No descargada;HTTP Error 403: Forbidden;0;;;;https://fred.stlouisfed.org/series/AKVENA052SCEN;assets/data/fred/csv/ove_fred_venezuela.csv;assets/data/fred/json/ove_fred_venezuela.json;assets/data/fred/excel/ove_fred_venezuela.xlsx
FRED - Federal Reserve Bank of St. Louis;Venezuela;AKVENA475SCEN;Number of Identified Exporters to Bolivarian Republic of Venezuela from Alaska;Number of Firms;Annual;Not Seasonally Adjusted;No descargada;HTTP Error 403: Forbidden;0;;;;https://fred.stlouisfed.org/series/AKVENA475SCEN;assets/data/fred/csv/ove_fred_venezuela.csv;assets/data/fred/json/ove_fred_venezuela.json;assets/data/fred/excel/ove_fred_venezuela.xlsx
FRED - Federal Reserve Bank of St. Louis;Venezuela;ALVENA052SCEN;Value of Exports to Bolivarian Republic of Venezuela from Alabama;Dollars;Annual;Not Seasonally Adjusted;No descargada;HTTP Error 403: Forbidden;0;;;;https://fred.stlouisfed.org/series/ALVENA052SCEN;assets/data/fred/csv/ove_fred_venezuela.csv;assets/data/fred/json/ove_fred_venezuela.json;assets/data/fred/excel/ove_fred_venezuela.xlsx
FRED - Federal Reserve Bank of St. Louis;Venezuela;ALVENA475SCEN;Number of Identified Exporters to Bolivarian Republic of Venezuela from Alabama;Number of Firms;Annual;Not Seasonally Adjusted;No descargada;HTTP Error 403: Forbidden;0;;;;https://fred.stlouisfed.org/series/ALVENA475SCEN;assets/data/fred/csv/ove_fred_venezuela.csv;assets/data/fred/json/ove_fred_venezuela.json;assets/data/fred/excel/ove_fred_venezuela.xlsx
FRED - Federal Reserve Bank of St. Louis;Venezuela;ARVENA052SCEN;Value of Exports to Bolivarian Republic of Venezuela from Arkansas;Dollars;Annual;Not Seasonally Adjusted;No descargada;HTTP Error 403: Forbidden;0;;;;https://fred.stlouisfed.org/series/ARVENA052SCEN;assets/data/fred/csv/ove_fred_venezuela.csv;assets/data/fred/json/ove_fred_venezuela.json;assets/data/fred/excel/ove_fred_venezuela.xlsx
FRED - Federal Reserve Bank of St. Louis;Venezuela;ARVENA475SCEN;Number of Identified Exporters to Bolivarian Republic of Venezuela from Arkansas;Number of Firms;Annual;Not Seasonally Adjusted;No descargada;HTTP Error 403: Forbidden;0;;;;https://fred.stlouisfed.org/series/ARVENA475SCEN;assets/data/fred/csv/ove_fred_venezuela.csv;assets/data/fred/json/ove_fred_venezuela.json;assets/data/fred/excel/ove_fred_venezuela.xlsx
FRED - Federal Reserve Bank of St. Louis;Venezuela;AVHWPEVEA065NRUG;Average Annual Hours Worked by Persons Engaged for Bolivarian Republic of Venezuela;Hours;Annual;Not Seasonally Adjusted;Con datos;;74;1950-01-01;2023-01-01;1776.7;https://fred.stlouisfed.org/series/AVHWPEVEA065NRUG;assets/data/fred/csv/ove_fred_venezuela.csv;assets/data/fred/json/ove_fred_venezuela.json;assets/data/fred/excel/ove_fred_venezuela.xlsx
FRED - Federal Reserve Bank of St. Louis;Venezuela;AZVENA052SCEN;Value of Exports to Bolivarian Republic of Venezuela from Arizona;Dollars;Annual;Not Seasonally Adjusted;No descargada;HTTP Error 403: Forbidden;0;;;;https://fred.stlouisfed.org/series/AZVENA052SCEN;assets/data/fred/csv/ove_fred_venezuela.csv;assets/data/fred/json/ove_fred_venezuela.json;assets/data/fred/excel/ove_fred_venezuela.xlsx
FRED - Federal Reserve Bank of St. Louis;Venezuela;AZVENA475SCEN;Number of Identified Exporters to Bolivarian Republic of Venezuela from Arizona;Number of Firms;Annual;Not Seasonally Adjusted;No descargada;HTTP Error 403: Forbidden;0;;;;https://fred.stlouisfed.org/series/AZVENA475SCEN;assets/data/fred/csv/ove_fred_venezuela.csv;assets/data/fred/json/ove_fred_venezuela.json;assets/data/fred/excel/ove_fred_venezuela.xlsx
FRED - Federal Reserve Bank of St. Louis;Venezuela;BARTERICMP25UPZSVEN;Barro-Lee: Population age 25+ with tertiary schooling. Total (Incomplete and Completed Tertiary) for the Bolivarian Republic of Venezuela;Percent;5 Year;Not Seasonally Adjusted;Con datos;;11;1960-01-01;2010-01-01;15.92;https://fred.stlouisfed.org/series/BARTERICMP25UPZSVEN;assets/data/fred/csv/ove_fred_venezuela.csv;assets/data/fred/json/ove_fred_venezuela.json;assets/data/fred/excel/ove_fred_venezuela.xlsx
FRED - Federal Reserve Bank of St. Louis;Venezuela;CASHBLVEA188A;Cash surplus/deficit (% of GDP) for Venezuela;Percent of GDP;Annual;Not Seasonally Adjusted;Con datos;;16;1990-01-01;2005-01-01;95.9703157644156;https://fred.stlouisfed.org/series/CASHBLVEA188A;assets/data/fred/csv/ove_fred_venezuela.csv;assets/data/fred/json/ove_fred_venezuela.json;assets/data/fred/excel/ove_fred_venezuela.xlsx
FRED - Federal Reserve Bank of St. Louis;Venezuela;CAVENA052SCEN;Value of Exports to Bolivarian Republic of Venezuela from California;Dollars;Annual;Not Seasonally Adjusted;No descargada;HTTP Error 403: Forbidden;0;;;;https://fred.stlouisfed.org/series/CAVENA052SCEN;assets/data/fred/csv/ove_fred_venezuela.csv;assets/data/fred/json/ove_fred_venezuela.json;assets/data/fred/excel/ove_fred_venezuela.xlsx
FRED - Federal Reserve Bank of St. Louis;Venezuela;CAVENA475SCEN;Number of Identified Exporters to Bolivarian Republic of Venezuela from California;Number of Firms;Annual;Not Seasonally Adjusted;No descargada;HTTP Error 403: Forbidden;0;;;;https://fred.stlouisfed.org/series/CAVENA475SCEN;assets/data/fred/csv/ove_fred_venezuela.csv;assets/data/fred/json/ove_fred_venezuela.json;assets/data/fred/excel/ove_fred_venezuela.xlsx
FRED - Federal Reserve Bank of St. Louis;Venezuela;CGDPESVEA666NRUG;Expenditure-side Real GDP at Current Purchasing Power Parities for Bolivarian Republic of Venezuela;Millions of 2021 U.S. Dollars;Annual;Not Seasonally Adjusted;Con datos;;74;1950-01-01;2023-01-01;2523.1025390625;https://fred.stlouisfed.org/series/CGDPESVEA666NRUG;assets/data/fred/csv/ove_fred_venezuela.csv;assets/data/fred/json/ove_fred_venezuela.json;assets/data/fred/excel/ove_fred_venezuela.xlsx
FRED - Federal Reserve Bank of St. Louis;Venezuela;CGDPOSVEA666NRUG;Output-side Real GDP at Current Purchasing Power Parities for Bolivarian Republic of Venezuela;Millions of 2021 U.S. Dollars;Annual;Not Seasonally Adjusted;Con datos;;74;1950-01-01;2023-01-01;4408.41650390625;https://fred.stlouisfed.org/series/CGDPOSVEA666NRUG;assets/data/fred/csv/ove_fred_venezuela.csv;assets/data/fred/json/ove_fred_venezuela.json;assets/data/fred/excel/ove_fred_venezuela.xlsx
FRED - Federal Reserve Bank of St. Louis;Venezuela;CGPPPGVEA156NUPN;Government Consumption Share of Purchasing Power Parity Converted GDP Per Capita at current prices for Venezuela;Percent;Annual;Not Seasonally Adjusted;Con datos;;61;1950-01-01;2010-01-01;4.853227332;https://fred.stlouisfed.org/series/CGPPPGVEA156NUPN;assets/data/fred/csv/ove_fred_venezuela.csv;assets/data/fred/json/ove_fred_venezuela.json;assets/data/fred/excel/ove_fred_venezuela.xlsx
FRED - Federal Reserve Bank of St. Louis;Venezuela;CIPPPGVEA156NUPN;Investment Share of Purchasing Power Parity Converted GDP Per Capita at current prices for Venezuela;Percent;Annual;Not Seasonally Adjusted;Con datos;;61;1950-01-01;2010-01-01;21.34434813;https://fred.stlouisfed.org/series/CIPPPGVEA156NUPN;assets/data/fred/csv/ove_fred_venezuela.csv;assets/data/fred/json/ove_fred_venezuela.json;assets/data/fred/excel/ove_fred_venezuela.xlsx
FRED - Federal Reserve Bank of St. Louis;Venezuela;CKSPPPVEA666NRUG;Capital stock at Current Purchasing Power Parities for Bolivarian Republic of Venezuela;Millions of 2021 U.S. Dollars;Annual;Not Seasonally Adjusted;Con datos;;74;1950-01-01;2023-01-01;120241.203125;https://fred.stlouisfed.org/series/CKSPPPVEA666NRUG;assets/data/fred/csv/ove_fred_venezuela.csv;assets/data/fred/json/ove_fred_venezuela.json;assets/data/fred/excel/ove_fred_venezuela.xlsx
FRED - Federal Reserve Bank of St. Louis;Venezuela;COVENA052SCEN;Value of Exports to Bolivarian Republic of Venezuela from Colorado;Dollars;Annual;Not Seasonally Adjusted;No descargada;HTTP Error 403: Forbidden;0;;;;https://fred.stlouisfed.org/series/COVENA052SCEN;assets/data/fred/csv/ove_fred_venezuela.csv;assets/data/fred/json/ove_fred_venezuela.json;assets/data/fred/excel/ove_fred_venezuela.xlsx
FRED - Federal Reserve Bank of St. Louis;Venezuela;COVENA475SCEN;Number of Identified Exporters to Bolivarian Republic of Venezuela from Colorado;Number of Firms;Annual;Not Seasonally Adjusted;No descargada;HTTP Error 403: Forbidden;0;;;;https://fred.stlouisfed.org/series/COVENA475SCEN;assets/data/fred/csv/ove_fred_venezuela.csv;assets/data/fred/json/ove_fred_venezuela.json;assets/data/fred/excel/ove_fred_venezuela.xlsx
FRED - Federal Reserve Bank of St. Louis;Venezuela;CSHCCPVEA156NRUG;Share of Household Consumption at Current Purchasing Power Parities for Bolivarian Republic of Venezuela;Percent;Annual;Not Seasonally Adjusted;Con datos;;74;1950-01-01;2023-01-01;0.449208825826645;https://fred.stlouisfed.org/series/CSHCCPVEA156NRUG;assets/data/fred/csv/ove_fred_venezuela.csv;assets/data/fred/json/ove_fred_venezuela.json;assets/data/fred/excel/ove_fred_venezuela.xlsx
FRED - Federal Reserve Bank of St. Louis;Venezuela;CSHGCPVEA156NRUG;Share of Government Consumption at Current Purchasing Power Parities for Bolivarian Republic of Venezuela;Percent;Annual;Not Seasonally Adjusted;No descargada;HTTP Error 403: Forbidden;0;;;;https://fred.stlouisfed.org/series/CSHGCPVEA156NRUG;assets/data/fred/csv/ove_fred_venezuela.csv;assets/data/fred/json/ove_fred_venezuela.json;assets/data/fred/excel/ove_fred_venezuela.xlsx
FRED - Federal Reserve Bank of St. Louis;Venezuela;CSHICPVEA156NRUG;Share of Gross Capital Formation at Current Purchasing Power Parities for Bolivarian Republic of Venezuela;Percent;Annual;Not Seasonally Adjusted;Con datos;;74;1950-01-01;2023-01-01;0.0565520189702511;https://fred.stlouisfed.org/series/CSHICPVEA156NRUG;assets/data/fred/csv/ove_fred_venezuela.csv;assets/data/fred/json/ove_fred_venezuela.json;assets/data/fred/excel/ove_fred_venezuela.xlsx
FRED - Federal Reserve Bank of St. Louis;Venezuela;CSHMCPVEA156NRUG;Share of Merchandise Imports at Current Purchasing Power Parities for Bolivarian Republic of Venezuela;Percent;Annual;Not Seasonally Adjusted;Con datos;;74;1950-01-01;2023-01-01;-0.301709741353989;https://fred.stlouisfed.org/series/CSHMCPVEA156NRUG;assets/data/fred/csv/ove_fred_venezuela.csv;assets/data/fred/json/ove_fred_venezuela.json;assets/data/fred/excel/ove_fred_venezuela.xlsx
FRED - Federal Reserve Bank of St. Louis;Venezuela;CSHRCPVEA156NRUG;Share of Residual Trade and GDP Statistical Discrepancy at Current Purchasing Power Parities for Bolivarian Republic of Venezuela;Percent;Annual;Not Seasonally Adjusted;Con datos;;74;1950-01-01;2023-01-01;-0.0894852876663208;https://fred.stlouisfed.org/series/CSHRCPVEA156NRUG;assets/data/fred/csv/ove_fred_venezuela.csv;assets/data/fred/json/ove_fred_venezuela.json;assets/data/fred/excel/ove_fred_venezuela.xlsx
FRED - Federal Reserve Bank of St. Louis;Venezuela;CSHXCPVEA156NRUG;Share of Merchandise Exports at Current Purchasing Power Parities for Bolivarian Republic of Venezuela;Percent;Annual;Not Seasonally Adjusted;No descargada;HTTP Error 403: Forbidden;0;;;;https://fred.stlouisfed.org/series/CSHXCPVEA156NRUG;assets/data/fred/csv/ove_fred_venezuela.csv;assets/data/fred/json/ove_fred_venezuela.json;assets/data/fred/excel/ove_fred_venezuela.xlsx
FRED - Federal Reserve Bank of St. Louis;Venezuela;CSPPPGVEA156NUPN;Consumption Share of Purchasing Power Parity Converted GDP Per Capita at current prices for Venezuela;Percent;Annual;Not Seasonally Adjusted;Con datos;;61;1950-01-01;2010-01-01;62.2520714;https://fred.stlouisfed.org/series/CSPPPGVEA156NUPN;assets/data/fred/csv/ove_fred_venezuela.csv;assets/data/fred/json/ove_fred_venezuela.json;assets/data/fred/excel/ove_fred_venezuela.xlsx
FRED - Federal Reserve Bank of St. Louis;Venezuela;CTFPPPVEA669NRUG;Total Factor Productivity Level at Current Purchasing Power Parities for Bolivarian Republic of Venezuela;Index USA = 1;Annual;Not Seasonally Adjusted;Con datos;;70;1954-01-01;2023-01-01;0.0518108420073986;https://fred.stlouisfed.org/series/CTFPPPVEA669NRUG;assets/data/fred/csv/ove_fred_venezuela.csv;assets/data/fred/json/ove_fred_venezuela.json;assets/data/fred/excel/ove_fred_venezuela.xlsx
FRED - Federal Reserve Bank of St. Louis;Venezuela;CTVENA052SCEN;Value of Exports to Bolivarian Republic of Venezuela from Connecticut;Dollars;Annual;Not Seasonally Adjusted;No descargada;HTTP Error 403: Forbidden;0;;;;https://fred.stlouisfed.org/series/CTVENA052SCEN;assets/data/fred/csv/ove_fred_venezuela.csv;assets/data/fred/json/ove_fred_venezuela.json;assets/data/fred/excel/ove_fred_venezuela.xlsx
FRED - Federal Reserve Bank of St. Louis;Venezuela;CTVENA475SCEN;Number of Identified Exporters to Bolivarian Republic of Venezuela from Connecticut;Number of Firms;Annual;Not Seasonally Adjusted;No descargada;HTTP Error 403: Forbidden;0;;;;https://fred.stlouisfed.org/series/CTVENA475SCEN;assets/data/fred/csv/ove_fred_venezuela.csv;assets/data/fred/json/ove_fred_venezuela.json;assets/data/fred/excel/ove_fred_venezuela.xlsx
FRED - Federal Reserve Bank of St. Louis;Venezuela;DCVENA052SCEN;Value of Exports to Bolivarian Republic of Venezuela from District of Columbia;Dollars;Annual;Not Seasonally Adjusted;No descargada;HTTP Error 403: Forbidden;0;;;;https://fred.stlouisfed.org/series/DCVENA052SCEN;assets/data/fred/csv/ove_fred_venezuela.csv;assets/data/fred/json/ove_fred_venezuela.json;assets/data/fred/excel/ove_fred_venezuela.xlsx
FRED - Federal Reserve Bank of St. Louis;Venezuela;DCVENA475SCEN;Number of Identified Exporters to Bolivarian Republic of Venezuela from District of Columbia;Number of Firms;Annual;Not Seasonally Adjusted;No descargada;HTTP Error 403: Forbidden;0;;;;https://fred.stlouisfed.org/series/DCVENA475SCEN;assets/data/fred/csv/ove_fred_venezuela.csv;assets/data/fred/json/ove_fred_venezuela.json;assets/data/fred/excel/ove_fred_venezuela.xlsx
FRED - Federal Reserve Bank of St. Louis;Venezuela;DDAI02VEA643NWDB;Number of Bank Branches for Bolivarian Republic of Venezuela;Number per 100, 000 adults;Annual;Not Seasonally Adjusted;Con datos;;11;2005-01-01;2015-01-01;16.533233;https://fred.stlouisfed.org/series/DDAI02VEA643NWDB;assets/data/fred/csv/ove_fred_venezuela.csv;assets/data/fred/json/ove_fred_venezuela.json;assets/data/fred/excel/ove_fred_venezuela.xlsx
FRED - Federal Reserve Bank of St. Louis;Venezuela;DDAI03VEA156NWDB;Firms with a Bank Loan or Line of Credit to Total Firms for Bolivarian Republic of Venezuela;Percent;Annual;Not Seasonally Adjusted;No descargada;HTTP Error 403: Forbidden;0;;;;https://fred.stlouisfed.org/series/DDAI03VEA156NWDB;assets/data/fred/csv/ove_fred_venezuela.csv;assets/data/fred/json/ove_fred_venezuela.json;assets/data/fred/excel/ove_fred_venezuela.xlsx
FRED - Federal Reserve Bank of St. Louis;Venezuela;DDAI04VEA156NWDB;Small Firms with a Bank Loan or Line of Credit to Total Small Firms for Bolivarian Republic of Venezuela;Percent;Annual;Not Seasonally Adjusted;No descargada;HTTP Error 403: Forbidden;0;;;;https://fred.stlouisfed.org/series/DDAI04VEA156NWDB;assets/data/fred/csv/ove_fred_venezuela.csv;assets/data/fred/json/ove_fred_venezuela.json;assets/data/fred/excel/ove_fred_venezuela.xlsx
FRED - Federal Reserve Bank of St. Louis;Venezuela;DDAI05VEA156NWDB;People 15 Years and Over with Account at a Formal Financial Institution for Bolivarian Republic of Venezuela;Percent;Annual;Not Seasonally Adjusted;No descargada;HTTP Error 403: Forbidden;0;;;;https://fred.stlouisfed.org/series/DDAI05VEA156NWDB;assets/data/fred/csv/ove_fred_venezuela.csv;assets/data/fred/json/ove_fred_venezuela.json;assets/data/fred/excel/ove_fred_venezuela.xlsx
FRED - Federal Reserve Bank of St. Louis;Venezuela;DDAI06VEA156NWDB;People 15 Years and Over Saving at a Financial Institution in the Past Year for Bolivarian Republic of Venezuela;Percent;Annual;Not Seasonally Adjusted;No descargada;HTTP Error 403: Forbidden;0;;;;https://fred.stlouisfed.org/series/DDAI06VEA156NWDB;assets/data/fred/csv/ove_fred_venezuela.csv;assets/data/fred/json/ove_fred_venezuela.json;assets/data/fred/excel/ove_fred_venezuela.xlsx
FRED - Federal Reserve Bank of St. Louis;Venezuela;DDAI07VEA156NWDB;People 15 Years and Over Borrowing from a Financial Institution in the Past Year for Bolivarian Republic of Venezuela;Percent;Annual;Not Seasonally Adjusted;No descargada;HTTP Error 403: Forbidden;0;;;;https://fred.stlouisfed.org/series/DDAI07VEA156NWDB;assets/data/fred/csv/ove_fred_venezuela.csv;assets/data/fred/json/ove_fred_venezuela.json;assets/data/fred/excel/ove_fred_venezuela.xlsx
FRED - Federal Reserve Bank of St. Louis;Venezuela;DDAM03VEA156NWDB;Nonfinancial Corporate Bonds to Total Bonds and Notes Outstanding for Bolivarian Republic of Venezuela (DISCONTINUED);Percent;Annual;Not Seasonally Adjusted;No descargada;HTTP Error 403: Forbidden;0;;;;https://fred.stlouisfed.org/series/DDAM03VEA156NWDB;assets/data/fred/csv/ove_fred_venezuela.csv;assets/data/fred/json/ove_fred_venezuela.json;assets/data/fred/excel/ove_fred_venezuela.xlsx
FRED - Federal Reserve Bank of St. Louis;Venezuela;DDDI01VEA156NWDB;Private Credit by Deposit Money Banks to GDP for Bolivarian Republic of Venezuela;Percent;Annual;Not Seasonally Adjusted;No descargada;HTTP Error 403: Forbidden;0;;;;https://fred.stlouisfed.org/series/DDDI01VEA156NWDB;assets/data/fred/csv/ove_fred_venezuela.csv;assets/data/fred/json/ove_fred_venezuela.json;assets/data/fred/excel/ove_fred_venezuela.xlsx
FRED - Federal Reserve Bank of St. Louis;Venezuela;DDDI02VEA156NWDB;Deposit Money Bank Assets to GDP for Bolivarian Republic of Venezuela;Percent;Annual;Not Seasonally Adjusted;Con datos;;55;1960-01-01;2014-01-01;54.222190000000005;https://fred.stlouisfed.org/series/DDDI02VEA156NWDB;assets/data/fred/csv/ove_fred_venezuela.csv;assets/data/fred/json/ove_fred_venezuela.json;assets/data/fred/excel/ove_fred_venezuela.xlsx
FRED - Federal Reserve Bank of St. Louis;Venezuela;DDDI03VEA156NWDB;Non-Bank Financial Institutions' Assets to GDP for Bolivarian Republic of Venezuela;Percent;Annual;Not Seasonally Adjusted;Con datos;;48;1963-01-01;2010-01-01;0.193082;https://fred.stlouisfed.org/series/DDDI03VEA156NWDB;assets/data/fred/csv/ove_fred_venezuela.csv;assets/data/fred/json/ove_fred_venezuela.json;assets/data/fred/excel/ove_fred_venezuela.xlsx
FRED - Federal Reserve Bank of St. Louis;Venezuela;DDDI04VEA156NWDB;Deposit Money Bank Assets to Deposit Money Bank Assets and Central Bank Assets for Bolivarian Republic of Venezuela;Percent;Annual;Not Seasonally Adjusted;Con datos;;54;1960-01-01;2013-01-01;69.07484000000001;https://fred.stlouisfed.org/series/DDDI04VEA156NWDB;assets/data/fred/csv/ove_fred_venezuela.csv;assets/data/fred/json/ove_fred_venezuela.json;assets/data/fred/excel/ove_fred_venezuela.xlsx
FRED - Federal Reserve Bank of St. Louis;Venezuela;DDDI05VEA156NWDB;Liquid Liabilities to GDP for Bolivarian Republic of Venezuela;Percent;Annual;Not Seasonally Adjusted;No descargada;HTTP Error 403: Forbidden;0;;;;https://fred.stlouisfed.org/series/DDDI05VEA156NWDB;assets/data/fred/csv/ove_fred_venezuela.csv;assets/data/fred/json/ove_fred_venezuela.json;assets/data/fred/excel/ove_fred_venezuela.xlsx
FRED - Federal Reserve Bank of St. Louis;Venezuela;DDDI06VEA156NWDB;Central Bank Assets to GDP for Bolivarian Republic of Venezuela;Percent;Annual;Not Seasonally Adjusted;Con datos;;54;1960-01-01;2013-01-01;20.13813;https://fred.stlouisfed.org/series/DDDI06VEA156NWDB;assets/data/fred/csv/ove_fred_venezuela.csv;assets/data/fred/json/ove_fred_venezuela.json;assets/data/fred/excel/ove_fred_venezuela.xlsx
FRED - Federal Reserve Bank of St. Louis;Venezuela;DDDI08VEA156NWDB;Financial System Deposits to GDP for Bolivarian Republic of Venezuela;Percent;Annual;Not Seasonally Adjusted;No descargada;HTTP Error 403: Forbidden;0;;;;https://fred.stlouisfed.org/series/DDDI08VEA156NWDB;assets/data/fred/csv/ove_fred_venezuela.csv;assets/data/fred/json/ove_fred_venezuela.json;assets/data/fred/excel/ove_fred_venezuela.xlsx
FRED - Federal Reserve Bank of St. Louis;Venezuela;DDDI09VEA156NWDB;Life Insurance Premium Volume to GDP for Bolivarian Republic of Venezuela;Percent;Annual;Not Seasonally Adjusted;Con datos;;30;1990-01-01;2019-01-01;0.0001330999999999;https://fred.stlouisfed.org/series/DDDI09VEA156NWDB;assets/data/fred/csv/ove_fred_venezuela.csv;assets/data/fred/json/ove_fred_venezuela.json;assets/data/fred/excel/ove_fred_venezuela.xlsx
FRED - Federal Reserve Bank of St. Louis;Venezuela;DDDI10VEA156NWDB;Non-Life Insurance Premium Volume to GDP for Bolivarian Republic of Venezuela;Percent;Annual;Not Seasonally Adjusted;No descargada;HTTP Error 403: Forbidden;0;;;;https://fred.stlouisfed.org/series/DDDI10VEA156NWDB;assets/data/fred/csv/ove_fred_venezuela.csv;assets/data/fred/json/ove_fred_venezuela.json;assets/data/fred/excel/ove_fred_venezuela.xlsx
FRED - Federal Reserve Bank of St. Louis;Venezuela;DDDI11VEA156NWDB;Insurance Company Assets to GDP for Bolivarian Republic of Venezuela;Percent;Annual;Not Seasonally Adjusted;Con datos;;18;1999-01-01;2016-01-01;6.290333400000001;https://fred.stlouisfed.org/series/DDDI11VEA156NWDB;assets/data/fred/csv/ove_fred_venezuela.csv;assets/data/fred/json/ove_fred_venezuela.json;assets/data/fred/excel/ove_fred_venezuela.xlsx
FRED - Federal Reserve Bank of St. Louis;Venezuela;DDDI12VEA156NWDB;Private Credit by Deposit Money Banks and Other Financial Institutions to GDP for Bolivarian Republic of Venezuela;Percent;Annual;Not Seasonally Adjusted;Con datos;;55;1960-01-01;2014-01-01;39.51449;https://fred.stlouisfed.org/series/DDDI12VEA156NWDB;assets/data/fred/csv/ove_fred_venezuela.csv;assets/data/fred/json/ove_fred_venezuela.json;assets/data/fred/excel/ove_fred_venezuela.xlsx
FRED - Federal Reserve Bank of St. Louis;Venezuela;DDDM01VEA156NWDB;Stock Market Capitalization to GDP for Bolivarian Republic of Venezuela;Percent;Annual;Not Seasonally Adjusted;Con datos;;10;1993-01-01;2002-01-01;4.28404;https://fred.stlouisfed.org/series/DDDM01VEA156NWDB;assets/data/fred/csv/ove_fred_venezuela.csv;assets/data/fred/json/ove_fred_venezuela.json;assets/data/fred/excel/ove_fred_venezuela.xlsx
FRED - Federal Reserve Bank of St. Louis;Venezuela;DDDM02VEA156NWDB;Stock Market Total Value Traded to GDP for Bolivarian Republic of Venezuela;Percent;Annual;Not Seasonally Adjusted;Con datos;;10;1993-01-01;2002-01-01;0.095593;https://fred.stlouisfed.org/series/DDDM02VEA156NWDB;assets/data/fred/csv/ove_fred_venezuela.csv;assets/data/fred/json/ove_fred_venezuela.json;assets/data/fred/excel/ove_fred_venezuela.xlsx
FRED - Federal Reserve Bank of St. Louis;Venezuela;DDDM03VEA156NWDB;Outstanding Domestic Private Debt Securities to GDP for Bolivarian Republic of Venezuela (DISCONTINUED);Percent;Annual;Not Seasonally Adjusted;Con datos;;15;1996-01-01;2010-01-01;1.253404;https://fred.stlouisfed.org/series/DDDM03VEA156NWDB;assets/data/fred/csv/ove_fred_venezuela.csv;assets/data/fred/json/ove_fred_venezuela.json;assets/data/fred/excel/ove_fred_venezuela.xlsx
FRED - Federal Reserve Bank of St. Louis;Venezuela;DDDM04VEA156NWDB;Outstanding Domestic Public Debt Securities to GDP for Bolivarian Republic of Venezuela (DISCONTINUED);Percent;Annual;Not Seasonally Adjusted;Con datos;;15;1996-01-01;2010-01-01;20.26552;https://fred.stlouisfed.org/series/DDDM04VEA156NWDB;assets/data/fred/csv/ove_fred_venezuela.csv;assets/data/fred/json/ove_fred_venezuela.json;assets/data/fred/excel/ove_fred_venezuela.xlsx
FRED - Federal Reserve Bank of St. Louis;Venezuela;DDDM05VEA156NWDB;Outstanding International Private Debt Securities to GDP for Bolivarian Republic of Venezuela;Percent;Annual;Not Seasonally Adjusted;Con datos;;41;1980-01-01;2020-01-01;9.759254;https://fred.stlouisfed.org/series/DDDM05VEA156NWDB;assets/data/fred/csv/ove_fred_venezuela.csv;assets/data/fred/json/ove_fred_venezuela.json;assets/data/fred/excel/ove_fred_venezuela.xlsx
FRED - Federal Reserve Bank of St. Louis;Venezuela;DDDM06VEA156NWDB;Outstanding International Public Debt Securities to GDP for Bolivarian Republic of Venezuela;Percent;Annual;Not Seasonally Adjusted;Con datos;;41;1980-01-01;2020-01-01;22.39961;https://fred.stlouisfed.org/series/DDDM06VEA156NWDB;assets/data/fred/csv/ove_fred_venezuela.csv;assets/data/fred/json/ove_fred_venezuela.json;assets/data/fred/excel/ove_fred_venezuela.xlsx
FRED - Federal Reserve Bank of St. Louis;Venezuela;DDDM07VEA156NWDB;Outstanding Total International Debt Securities to GDP for Bolivarian Republic of Venezuela;Percent;Annual;Not Seasonally Adjusted;Con datos;;41;1980-01-01;2020-01-01;32.15886;https://fred.stlouisfed.org/series/DDDM07VEA156NWDB;assets/data/fred/csv/ove_fred_venezuela.csv;assets/data/fred/json/ove_fred_venezuela.json;assets/data/fred/excel/ove_fred_venezuela.xlsx
FRED - Federal Reserve Bank of St. Louis;Venezuela;DDDM08VEA156NWDB;Gross Portfolio Equity Liabilities to GDP for Bolivarian Republic of Venezuela;Percent;Annual;Not Seasonally Adjusted;Con datos;;18;1999-01-01;2016-01-01;0.0069774;https://fred.stlouisfed.org/series/DDDM08VEA156NWDB;assets/data/fred/csv/ove_fred_venezuela.csv;assets/data/fred/json/ove_fred_venezuela.json;assets/data/fred/excel/ove_fred_venezuela.xlsx
FRED - Federal Reserve Bank of St. Louis;Venezuela;DDDM09VEA156NWDB;Gross Portfolio Equity Assets to GDP for Bolivarian Republic of Venezuela;Percent;Annual;Not Seasonally Adjusted;No descargada;HTTP Error 403: Forbidden;0;;;;https://fred.stlouisfed.org/series/DDDM09VEA156NWDB;assets/data/fred/csv/ove_fred_venezuela.csv;assets/data/fred/json/ove_fred_venezuela.json;assets/data/fred/excel/ove_fred_venezuela.xlsx
FRED - Federal Reserve Bank of St. Louis;Venezuela;DDDM10VEA156NWDB;Gross Portfolio Debt Liabilities to GDP for Bolivarian Republic of Venezuela;Percent;Annual;Not Seasonally Adjusted;Con datos;;18;1999-01-01;2016-01-01;0.8002833;https://fred.stlouisfed.org/series/DDDM10VEA156NWDB;assets/data/fred/csv/ove_fred_venezuela.csv;assets/data/fred/json/ove_fred_venezuela.json;assets/data/fred/excel/ove_fred_venezuela.xlsx
FRED - Federal Reserve Bank of St. Louis;Venezuela;DDEI01VEA156NWDB;Bank's Net Interest Margin for Bolivarian Republic of Venezuela;Percent;Annual;Not Seasonally Adjusted;Con datos;;22;2000-01-01;2021-01-01;2.437905;https://fred.stlouisfed.org/series/DDEI01VEA156NWDB;assets/data/fred/csv/ove_fred_venezuela.csv;assets/data/fred/json/ove_fred_venezuela.json;assets/data/fred/excel/ove_fred_venezuela.xlsx
FRED - Federal Reserve Bank of St. Louis;Venezuela;DDEI02VEA156NWDB;Bank Lending Deposit Spread for Bolivarian Republic of Venezuela;Percent;Annual;Not Seasonally Adjusted;Con datos;;28;1990-01-01;2017-01-01;6.326667;https://fred.stlouisfed.org/series/DDEI02VEA156NWDB;assets/data/fred/csv/ove_fred_venezuela.csv;assets/data/fred/json/ove_fred_venezuela.json;assets/data/fred/excel/ove_fred_venezuela.xlsx
FRED - Federal Reserve Bank of St. Louis;Venezuela;DDEI03VEA156NWDB;Bank's Non-Interest Income to Total Income for Bolivarian Republic of Venezuela;Percent;Annual;Not Seasonally Adjusted;No descargada;HTTP Error 403: Forbidden;0;;;;https://fred.stlouisfed.org/series/DDEI03VEA156NWDB;assets/data/fred/csv/ove_fred_venezuela.csv;assets/data/fred/json/ove_fred_venezuela.json;assets/data/fred/excel/ove_fred_venezuela.xlsx
FRED - Federal Reserve Bank of St. Louis;Venezuela;DDEI04VEA156NWDB;Bank's Overhead Costs to Total Assets for Bolivarian Republic of Venezuela;Percent;Annual;Not Seasonally Adjusted;Con datos;;22;2000-01-01;2021-01-01;6.681727;https://fred.stlouisfed.org/series/DDEI04VEA156NWDB;assets/data/fred/csv/ove_fred_venezuela.csv;assets/data/fred/json/ove_fred_venezuela.json;assets/data/fred/excel/ove_fred_venezuela.xlsx
FRED - Federal Reserve Bank of St. Louis;Venezuela;DDEI05VEA156NWDB;Bank's Return on Assets for Bolivarian Republic of Venezuela;Percent;Annual;Not Seasonally Adjusted;Con datos;;22;2000-01-01;2021-01-01;1.153893;https://fred.stlouisfed.org/series/DDEI05VEA156NWDB;assets/data/fred/csv/ove_fred_venezuela.csv;assets/data/fred/json/ove_fred_venezuela.json;assets/data/fred/excel/ove_fred_venezuela.xlsx
FRED - Federal Reserve Bank of St. Louis;Venezuela;DDEI06VEA156NWDB;Bank's Return on Equity for Bolivarian Republic of Venezuela;Percent;Annual;Not Seasonally Adjusted;No descargada;HTTP Error 403: Forbidden;0;;;;https://fred.stlouisfed.org/series/DDEI06VEA156NWDB;assets/data/fred/csv/ove_fred_venezuela.csv;assets/data/fred/json/ove_fred_venezuela.json;assets/data/fred/excel/ove_fred_venezuela.xlsx
FRED - Federal Reserve Bank of St. Louis;Venezuela;DDEI07VEA156NWDB;Bank's Cost to Income Ratio for Bolivarian Republic of Venezuela;Percent;Annual;Not Seasonally Adjusted;No descargada;HTTP Error 403: Forbidden;0;;;;https://fred.stlouisfed.org/series/DDEI07VEA156NWDB;assets/data/fred/csv/ove_fred_venezuela.csv;assets/data/fred/json/ove_fred_venezuela.json;assets/data/fred/excel/ove_fred_venezuela.xlsx
FRED - Federal Reserve Bank of St. Louis;Venezuela;DDEI08VEA156NWDB;Credit to Government and State-Owned Enterprises to GDP for Bolivarian Republic of Venezuela;Percent;Annual;Not Seasonally Adjusted;Con datos;;36;1980-01-01;2015-01-01;7.325303999999998;https://fred.stlouisfed.org/series/DDEI08VEA156NWDB;assets/data/fred/csv/ove_fred_venezuela.csv;assets/data/fred/json/ove_fred_venezuela.json;assets/data/fred/excel/ove_fred_venezuela.xlsx
FRED - Federal Reserve Bank of St. Louis;Venezuela;DDEM01VEA156NWDB;Stock Market Turnover Ratio (Value Traded/Capitalization) for Bolivarian Republic of Venezuela;Percent;Annual;Not Seasonally Adjusted;No descargada;HTTP Error 403: Forbidden;0;;;;https://fred.stlouisfed.org/series/DDEM01VEA156NWDB;assets/data/fred/csv/ove_fred_venezuela.csv;assets/data/fred/json/ove_fred_venezuela.json;assets/data/fred/excel/ove_fred_venezuela.xlsx
FRED - Federal Reserve Bank of St. Louis;Venezuela;DDOE01VEA086NWDB;Consumer Price Index for Bolivarian Republic of Venezuela;;;;Con datos;;57;1960-01-01;2016-01-01;4665.79;https://fred.stlouisfed.org/series/DDOE01VEA086NWDB;assets/data/fred/csv/ove_fred_venezuela.csv;assets/data/fred/json/ove_fred_venezuela.json;assets/data/fred/excel/ove_fred_venezuela.xlsx
FRED - Federal Reserve Bank of St. Louis;Venezuela;DDOI01VEA156NWDB;Bank Concentration for Bolivarian Republic of Venezuela;Percent;Annual;Not Seasonally Adjusted;Con datos;;22;2000-01-01;2021-01-01;84.4594;https://fred.stlouisfed.org/series/DDOI01VEA156NWDB;assets/data/fred/csv/ove_fred_venezuela.csv;assets/data/fred/json/ove_fred_venezuela.json;assets/data/fred/excel/ove_fred_venezuela.xlsx
FRED - Federal Reserve Bank of St. Louis;Venezuela;DDOI02VEA156NWDB;Bank Deposits to GDP for Bolivarian Republic of Venezuela;Percent;Annual;Not Seasonally Adjusted;Con datos;;55;1960-01-01;2014-01-01;62.48232;https://fred.stlouisfed.org/series/DDOI02VEA156NWDB;assets/data/fred/csv/ove_fred_venezuela.csv;assets/data/fred/json/ove_fred_venezuela.json;assets/data/fred/excel/ove_fred_venezuela.xlsx
FRED - Federal Reserve Bank of St. Louis;Venezuela;DDOI03VEA066NWDB;H-Statistic in Banking Market for Bolivarian Republic of Venezuela;Index;Annual;Not Seasonally Adjusted;No descargada;HTTP Error 403: Forbidden;0;;;;https://fred.stlouisfed.org/series/DDOI03VEA066NWDB;assets/data/fred/csv/ove_fred_venezuela.csv;assets/data/fred/json/ove_fred_venezuela.json;assets/data/fred/excel/ove_fred_venezuela.xlsx
FRED - Federal Reserve Bank of St. Louis;Venezuela;DDOI04VEA066NWDB;Lerner Index in Banking Market for Bolivarian Republic of Venezuela;Index;Annual;Not Seasonally Adjusted;No descargada;HTTP Error 403: Forbidden;0;;;;https://fred.stlouisfed.org/series/DDOI04VEA066NWDB;assets/data/fred/csv/ove_fred_venezuela.csv;assets/data/fred/json/ove_fred_venezuela.json;assets/data/fred/excel/ove_fred_venezuela.xlsx
FRED - Federal Reserve Bank of St. Louis;Venezuela;DDOI05VEA156NWDB;Boone Indicator in Banking Market for Bolivarian Republic of Venezuela;Index;Annual;Not Seasonally Adjusted;No descargada;HTTP Error 403: Forbidden;0;;;;https://fred.stlouisfed.org/series/DDOI05VEA156NWDB;assets/data/fred/csv/ove_fred_venezuela.csv;assets/data/fred/json/ove_fred_venezuela.json;assets/data/fred/excel/ove_fred_venezuela.xlsx
FRED - Federal Reserve Bank of St. Louis;Venezuela;DDOI06VEA156NWDB;5-Bank Asset Concentration for Bolivarian Republic of Venezuela;Percent;Annual;Not Seasonally Adjusted;No descargada;HTTP Error 403: Forbidden;0;;;;https://fred.stlouisfed.org/series/DDOI06VEA156NWDB;assets/data/fred/csv/ove_fred_venezuela.csv;assets/data/fred/json/ove_fred_venezuela.json;assets/data/fred/excel/ove_fred_venezuela.xlsx
FRED - Federal Reserve Bank of St. Louis;Venezuela;DDOI07VEA648NWDB;Liquid Liabilities (Broad Money) for Bolivarian Republic of Venezuela;Millions of 2000 Dollars;Annual;Not Seasonally Adjusted;Con datos;;54;1960-01-01;2013-01-01;184310.5;https://fred.stlouisfed.org/series/DDOI07VEA648NWDB;assets/data/fred/csv/ove_fred_venezuela.csv;assets/data/fred/json/ove_fred_venezuela.json;assets/data/fred/excel/ove_fred_venezuela.xlsx
FRED - Federal Reserve Bank of St. Louis;Venezuela;DDOI08VEA156NWDB;Loans from Non-Resident Banks, Net, to GDP for Bolivarian Republic of Venezuela;Percent;Annual;Not Seasonally Adjusted;Con datos;;43;1972-01-01;2014-01-01;-0.5978945;https://fred.stlouisfed.org/series/DDOI08VEA156NWDB;assets/data/fred/csv/ove_fred_venezuela.csv;assets/data/fred/json/ove_fred_venezuela.json;assets/data/fred/excel/ove_fred_venezuela.xlsx
FRED - Federal Reserve Bank of St. Louis;Venezuela;DDOI09VEA156NWDB;Loans from Non-Resident Banks, Amounts Outstanding, to GDP for Bolivarian Republic of Venezuela;Percent;Annual;Not Seasonally Adjusted;Con datos;;43;1972-01-01;2014-01-01;10.83362;https://fred.stlouisfed.org/series/DDOI09VEA156NWDB;assets/data/fred/csv/ove_fred_venezuela.csv;assets/data/fred/json/ove_fred_venezuela.json;assets/data/fred/excel/ove_fred_venezuela.xlsx
FRED - Federal Reserve Bank of St. Louis;Venezuela;DDOI10VEA156NWDB;External Loans and Deposits of Reporting Banks in Relation to the Banking Sector for Bolivarian Republic of Venezuela;Percent;Annual;Not Seasonally Adjusted;No descargada;HTTP Error 403: Forbidden;0;;;;https://fred.stlouisfed.org/series/DDOI10VEA156NWDB;assets/data/fred/csv/ove_fred_venezuela.csv;assets/data/fred/json/ove_fred_venezuela.json;assets/data/fred/excel/ove_fred_venezuela.xlsx
FRED - Federal Reserve Bank of St. Louis;Venezuela;DDOI11VEA156NWDB;Remittance Inflows to GDP for Bolivarian Republic of Venezuela;Percent;Annual;Not Seasonally Adjusted;Con datos;;30;1985-01-01;2014-01-01;0.026536;https://fred.stlouisfed.org/series/DDOI11VEA156NWDB;assets/data/fred/csv/ove_fred_venezuela.csv;assets/data/fred/json/ove_fred_venezuela.json;assets/data/fred/excel/ove_fred_venezuela.xlsx
FRED - Federal Reserve Bank of St. Louis;Venezuela;DDOI12VEA156NWDB;Consolidated Foreign Claims of BIS-Reporting Banks to GDP for Bolivarian Republic of Venezuela;Percent;Annual;Not Seasonally Adjusted;Con datos;;38;1983-01-01;2020-01-01;5.584377;https://fred.stlouisfed.org/series/DDOI12VEA156NWDB;assets/data/fred/csv/ove_fred_venezuela.csv;assets/data/fred/json/ove_fred_venezuela.json;assets/data/fred/excel/ove_fred_venezuela.xlsx
FRED - Federal Reserve Bank of St. Louis;Venezuela;DDOI13VEA156NWDB;Percentage of Foreign Banks Among Total Banks for Bolivarian Republic of Venezuela;Percent;Annual;Not Seasonally Adjusted;No descargada;HTTP Error 403: Forbidden;0;;;;https://fred.stlouisfed.org/series/DDOI13VEA156NWDB;assets/data/fred/csv/ove_fred_venezuela.csv;assets/data/fred/json/ove_fred_venezuela.json;assets/data/fred/excel/ove_fred_venezuela.xlsx
FRED - Federal Reserve Bank of St. Louis;Venezuela;DDOI14VEA156NWDB;Percentage of Foreign Bank Assets Among Total Bank Assets for Bolivarian Republic of Venezuela;Percent;Annual;Not Seasonally Adjusted;No descargada;HTTP Error 403: Forbidden;0;;;;https://fred.stlouisfed.org/series/DDOI14VEA156NWDB;assets/data/fred/csv/ove_fred_venezuela.csv;assets/data/fred/json/ove_fred_venezuela.json;assets/data/fred/excel/ove_fred_venezuela.xlsx
FRED - Federal Reserve Bank of St. Louis;Venezuela;DDOM01VEA644NWDB;Number of Listed Companies for Bolivarian Republic of Venezuela;Number of Listed Companies per Million People;Annual;Not Seasonally Adjusted;Con datos;;25;1990-01-01;2014-01-01;1.231569;https://fred.stlouisfed.org/series/DDOM01VEA644NWDB;assets/data/fred/csv/ove_fred_venezuela.csv;assets/data/fred/json/ove_fred_venezuela.json;assets/data/fred/excel/ove_fred_venezuela.xlsx
FRED - Federal Reserve Bank of St. Louis;Venezuela;DDSI01VEA645NWDB;Bank Z-Score for Bolivarian Republic of Venezuela;Z-score;Annual;Not Seasonally Adjusted;Con datos;;22;2000-01-01;2021-01-01;12.70259;https://fred.stlouisfed.org/series/DDSI01VEA645NWDB;assets/data/fred/csv/ove_fred_venezuela.csv;assets/data/fred/json/ove_fred_venezuela.json;assets/data/fred/excel/ove_fred_venezuela.xlsx
FRED - Federal Reserve Bank of St. Louis;Venezuela;DDSI02VEA156NWDB;Bank Non-Performing Loans to Gross Loans for Bolivarian Republic of Venezuela;Percent;Annual;Not Seasonally Adjusted;Con datos;;17;1998-01-01;2014-01-01;0.83999997;https://fred.stlouisfed.org/series/DDSI02VEA156NWDB;assets/data/fred/csv/ove_fred_venezuela.csv;assets/data/fred/json/ove_fred_venezuela.json;assets/data/fred/excel/ove_fred_venezuela.xlsx
FRED - Federal Reserve Bank of St. Louis;Venezuela;DDSI03VEA156NWDB;Bank Capital to Total Assets for Bolivarian Republic of Venezuela;Percent;Annual;Not Seasonally Adjusted;Con datos;;17;1998-01-01;2014-01-01;10.5;https://fred.stlouisfed.org/series/DDSI03VEA156NWDB;assets/data/fred/csv/ove_fred_venezuela.csv;assets/data/fred/json/ove_fred_venezuela.json;assets/data/fred/excel/ove_fred_venezuela.xlsx
FRED - Federal Reserve Bank of St. Louis;Venezuela;DDSI04VEA156NWDB;Bank Credit to Bank Deposits for Bolivarian Republic of Venezuela;Percent;Annual;Not Seasonally Adjusted;Con datos;;55;1960-01-01;2014-01-01;63.24106999999999;https://fred.stlouisfed.org/series/DDSI04VEA156NWDB;assets/data/fred/csv/ove_fred_venezuela.csv;assets/data/fred/json/ove_fred_venezuela.json;assets/data/fred/excel/ove_fred_venezuela.xlsx
FRED - Federal Reserve Bank of St. Louis;Venezuela;DDSI05VEA156NWDB;Bank Regulatory Capital to Risk-Weighted Assets for Bolivarian Republic of Venezuela;Percent;Annual;Not Seasonally Adjusted;No descargada;HTTP Error 403: Forbidden;0;;;;https://fred.stlouisfed.org/series/DDSI05VEA156NWDB;assets/data/fred/csv/ove_fred_venezuela.csv;assets/data/fred/json/ove_fred_venezuela.json;assets/data/fred/excel/ove_fred_venezuela.xlsx
FRED - Federal Reserve Bank of St. Louis;Venezuela;DDSI06VEA156NWDB;Liquid Assets to Deposits and Short Term Funding for Bolivarian Republic of Venezuela;Percent;Annual;Not Seasonally Adjusted;No descargada;HTTP Error 403: Forbidden;0;;;;https://fred.stlouisfed.org/series/DDSI06VEA156NWDB;assets/data/fred/csv/ove_fred_venezuela.csv;assets/data/fred/json/ove_fred_venezuela.json;assets/data/fred/excel/ove_fred_venezuela.xlsx
FRED - Federal Reserve Bank of St. Louis;Venezuela;DDSI07VEA156NWDB;Provisions to Non-Performing Loans for Bolivarian Republic of Venezuela;Percent;Annual;Not Seasonally Adjusted;No descargada;HTTP Error 403: Forbidden;0;;;;https://fred.stlouisfed.org/series/DDSI07VEA156NWDB;assets/data/fred/csv/ove_fred_venezuela.csv;assets/data/fred/json/ove_fred_venezuela.json;assets/data/fred/excel/ove_fred_venezuela.xlsx
FRED - Federal Reserve Bank of St. Louis;Venezuela;DDSM01VEA066NWDB;Volatility of Stock Price Index for Bolivarian Republic of Venezuela;Index;Annual;Not Seasonally Adjusted;Con datos;;4;2018-01-01;2021-01-01;60.53188000000001;https://fred.stlouisfed.org/series/DDSM01VEA066NWDB;assets/data/fred/csv/ove_fred_venezuela.csv;assets/data/fred/json/ove_fred_venezuela.json;assets/data/fred/excel/ove_fred_venezuela.xlsx
FRED - Federal Reserve Bank of St. Louis;Venezuela;DEVENA052SCEN;Value of Exports to Bolivarian Republic of Venezuela from Delaware;Dollars;Annual;Not Seasonally Adjusted;No descargada;HTTP Error 403: Forbidden;0;;;;https://fred.stlouisfed.org/series/DEVENA052SCEN;assets/data/fred/csv/ove_fred_venezuela.csv;assets/data/fred/json/ove_fred_venezuela.json;assets/data/fred/excel/ove_fred_venezuela.xlsx
FRED - Federal Reserve Bank of St. Louis;Venezuela;DEVENA475SCEN;Number of Identified Exporters to Bolivarian Republic of Venezuela from Delaware;Number of Firms;Annual;Not Seasonally Adjusted;No descargada;HTTP Error 403: Forbidden;0;;;;https://fred.stlouisfed.org/series/DEVENA475SCEN;assets/data/fred/csv/ove_fred_venezuela.csv;assets/data/fred/json/ove_fred_venezuela.json;assets/data/fred/excel/ove_fred_venezuela.xlsx
FRED - Federal Reserve Bank of St. Louis;Venezuela;DEXVZUS;Venezuelan Bolivares to U.S. Dollar Spot Exchange Rate;Venezuelan Bolivares to One U.S. Dollar;Not Seasonally Adjusted;;Con datos;;6678;2000-01-03;2026-08-28;789.6875;https://fred.stlouisfed.org/series/DEXVZUS;assets/data/fred/csv/ove_fred_venezuela.csv;assets/data/fred/json/ove_fred_venezuela.json;assets/data/fred/excel/ove_fred_venezuela.xlsx
FRED - Federal Reserve Bank of St. Louis;Venezuela;EMPENGVEA148NRUG;Number of Persons Engaged for Bolivarian Republic of Venezuela;Millions of Persons;Annual;Not Seasonally Adjusted;Con datos;;74;1950-01-01;2023-01-01;15.3156814575195;https://fred.stlouisfed.org/series/EMPENGVEA148NRUG;assets/data/fred/csv/ove_fred_venezuela.csv;assets/data/fred/json/ove_fred_venezuela.json;assets/data/fred/excel/ove_fred_venezuela.xlsx
FRED - Federal Reserve Bank of St. Louis;Venezuela;EXP3070;U.S. Exports of Goods by F.A.S. Basis to Venezuela;Millions of Dollars;Monthly;Not Seasonally Adjusted;Con datos;;498;1985-01-01;2026-06-01;567.761282;https://fred.stlouisfed.org/series/EXP3070;assets/data/fred/csv/ove_fred_venezuela.csv;assets/data/fred/json/ove_fred_venezuela.json;assets/data/fred/excel/ove_fred_venezuela.xlsx
FRED - Federal Reserve Bank of St. Louis;Venezuela;FLVENA052SCEN;Value of Exports to Bolivarian Republic of Venezuela from Florida;Dollars;Annual;Not Seasonally Adjusted;No descargada;HTTP Error 403: Forbidden;0;;;;https://fred.stlouisfed.org/series/FLVENA052SCEN;assets/data/fred/csv/ove_fred_venezuela.csv;assets/data/fred/json/ove_fred_venezuela.json;assets/data/fred/excel/ove_fred_venezuela.xlsx
FRED - Federal Reserve Bank of St. Louis;Venezuela;FLVENA475SCEN;Number of Identified Exporters to Bolivarian Republic of Venezuela from Florida;Number of Firms;Annual;Not Seasonally Adjusted;No descargada;HTTP Error 403: Forbidden;0;;;;https://fred.stlouisfed.org/series/FLVENA475SCEN;assets/data/fred/csv/ove_fred_venezuela.csv;assets/data/fred/json/ove_fred_venezuela.json;assets/data/fred/excel/ove_fred_venezuela.xlsx
FRED - Federal Reserve Bank of St. Louis;Venezuela;FORLTAGCYNET32719;Foreign Net Transactions of U.S. Long-Term Agency Bonds: Venezuela;Millions of Dollars;Monthly;Not Seasonally Adjusted;No descargada;HTTP Error 403: Forbidden;0;;;;https://fred.stlouisfed.org/series/FORLTAGCYNET32719;assets/data/fred/csv/ove_fred_venezuela.csv;assets/data/fred/json/ove_fred_venezuela.json;assets/data/fred/excel/ove_fred_venezuela.xlsx
FRED - Federal Reserve Bank of St. Louis;Venezuela;FORLTAGCYPOS32719;Foreign Portfolio Holdings of U.S. Long-Term Agency Bonds: Venezuela;Millions of Dollars;Monthly;Not Seasonally Adjusted;No descargada;HTTP Error 403: Forbidden;0;;;;https://fred.stlouisfed.org/series/FORLTAGCYPOS32719;assets/data/fred/csv/ove_fred_venezuela.csv;assets/data/fred/json/ove_fred_venezuela.json;assets/data/fred/excel/ove_fred_venezuela.xlsx
FRED - Federal Reserve Bank of St. Louis;Venezuela;FORLTAGCYVALCHG32719;Valuation Change on Foreign Portfolio Holdings of U.S. Long-Term Agency Bonds: Venezuela;Millions of Dollars;Monthly;Not Seasonally Adjusted;Con datos;;498;1985-01-01;2026-06-01;1.0;https://fred.stlouisfed.org/series/FORLTAGCYVALCHG32719;assets/data/fred/csv/ove_fred_venezuela.csv;assets/data/fred/json/ove_fred_venezuela.json;assets/data/fred/excel/ove_fred_venezuela.xlsx
FRED - Federal Reserve Bank of St. Louis;Venezuela;FORLTCORPNET32719;Foreign Net Transactions of U.S. Long-Term Corporate Bonds: Venezuela;Millions of Dollars;Monthly;Not Seasonally Adjusted;No descargada;HTTP Error 403: Forbidden;0;;;;https://fred.stlouisfed.org/series/FORLTCORPNET32719;assets/data/fred/csv/ove_fred_venezuela.csv;assets/data/fred/json/ove_fred_venezuela.json;assets/data/fred/excel/ove_fred_venezuela.xlsx
FRED - Federal Reserve Bank of St. Louis;Venezuela;FORLTCORPPOS32719;Foreign Portfolio Holdings of U.S. Long-Term Corporate Bonds: Venezuela;Millions of Dollars;Monthly;Not Seasonally Adjusted;No descargada;HTTP Error 403: Forbidden;0;;;;https://fred.stlouisfed.org/series/FORLTCORPPOS32719;assets/data/fred/csv/ove_fred_venezuela.csv;assets/data/fred/json/ove_fred_venezuela.json;assets/data/fred/excel/ove_fred_venezuela.xlsx
FRED - Federal Reserve Bank of St. Louis;Venezuela;FORLTCORPVALCHG32719;Valuation Change on Foreign Portfolio Holdings of U.S. Long-Term Corporate Bonds: Venezuela;Millions of Dollars;Monthly;Not Seasonally Adjusted;No descargada;HTTP Error 403: Forbidden;0;;;;https://fred.stlouisfed.org/series/FORLTCORPVALCHG32719;assets/data/fred/csv/ove_fred_venezuela.csv;assets/data/fred/json/ove_fred_venezuela.json;assets/data/fred/excel/ove_fred_venezuela.xlsx
FRED - Federal Reserve Bank of St. Louis;Venezuela;FORLTEQTYNET32719;Foreign Net Transactions of U.S. Equity Securities: Venezuela;Millions of Dollars;Monthly;Not Seasonally Adjusted;No descargada;HTTP Error 403: Forbidden;0;;;;https://fred.stlouisfed.org/series/FORLTEQTYNET32719;assets/data/fred/csv/ove_fred_venezuela.csv;assets/data/fred/json/ove_fred_venezuela.json;assets/data/fred/excel/ove_fred_venezuela.xlsx
FRED - Federal Reserve Bank of St. Louis;Venezuela;FORLTEQTYPOS32719;Foreign Portfolio Holdings of U.S. Equity Securities: Venezuela;Millions of Dollars;Monthly;Not Seasonally Adjusted;Con datos;;499;1984-12-01;2026-06-01;3974.0;https://fred.stlouisfed.org/series/FORLTEQTYPOS32719;assets/data/fred/csv/ove_fred_venezuela.csv;assets/data/fred/json/ove_fred_venezuela.json;assets/data/fred/excel/ove_fred_venezuela.xlsx
FRED - Federal Reserve Bank of St. Louis;Venezuela;FORLTEQTYVALCHG32719;Valuation Change on Foreign Portfolio Holdings of U.S. Equity Securities: Venezuela;Millions of Dollars;Monthly;Not Seasonally Adjusted;No descargada;HTTP Error 403: Forbidden;0;;;;https://fred.stlouisfed.org/series/FORLTEQTYVALCHG32719;assets/data/fred/csv/ove_fred_venezuela.csv;assets/data/fred/json/ove_fred_venezuela.json;assets/data/fred/excel/ove_fred_venezuela.xlsx
FRED - Federal Reserve Bank of St. Louis;Venezuela;FORLTTOTALNET32719;Foreign Net Transactions of All U.S. Long-Term Securities: Venezuela;Millions of Dollars;Monthly;Not Seasonally Adjusted;No descargada;HTTP Error 403: Forbidden;0;;;;https://fred.stlouisfed.org/series/FORLTTOTALNET32719;assets/data/fred/csv/ove_fred_venezuela.csv;assets/data/fred/json/ove_fred_venezuela.json;assets/data/fred/excel/ove_fred_venezuela.xlsx
FRED - Federal Reserve Bank of St. Louis;Venezuela;FORLTTOTALPOS32719;Foreign Portfolio Holdings of All U.S. Long-Term Securities: Venezuela;Millions of Dollars;Monthly;Not Seasonally Adjusted;No descargada;HTTP Error 403: Forbidden;0;;;;https://fred.stlouisfed.org/series/FORLTTOTALPOS32719;assets/data/fred/csv/ove_fred_venezuela.csv;assets/data/fred/json/ove_fred_venezuela.json;assets/data/fred/excel/ove_fred_venezuela.xlsx
FRED - Federal Reserve Bank of St. Louis;Venezuela;FORLTTOTALVALCHG32719;Valuation Change on Foreign Portfolio Holdings of All U.S. Long-Term Securities: Venezuela;Millions of Dollars;Monthly;Not Seasonally Adjusted;No descargada;HTTP Error 403: Forbidden;0;;;;https://fred.stlouisfed.org/series/FORLTTOTALVALCHG32719;assets/data/fred/csv/ove_fred_venezuela.csv;assets/data/fred/json/ove_fred_venezuela.json;assets/data/fred/excel/ove_fred_venezuela.xlsx
FRED - Federal Reserve Bank of St. Louis;Venezuela;FORLTTREASNET32719;Foreign Net Transactions of U.S. Long-Term Treasury Securities: Venezuela;Millions of Dollars;Monthly;Not Seasonally Adjusted;No descargada;HTTP Error 403: Forbidden;0;;;;https://fred.stlouisfed.org/series/FORLTTREASNET32719;assets/data/fred/csv/ove_fred_venezuela.csv;assets/data/fred/json/ove_fred_venezuela.json;assets/data/fred/excel/ove_fred_venezuela.xlsx
FRED - Federal Reserve Bank of St. Louis;Venezuela;FORLTTREASPOS32719;Foreign Portfolio Holdings of U.S. Long-Term Treasury Securities: Venezuela;Millions of Dollars;Monthly;Not Seasonally Adjusted;No descargada;HTTP Error 403: Forbidden;0;;;;https://fred.stlouisfed.org/series/FORLTTREASPOS32719;assets/data/fred/csv/ove_fred_venezuela.csv;assets/data/fred/json/ove_fred_venezuela.json;assets/data/fred/excel/ove_fred_venezuela.xlsx
FRED - Federal Reserve Bank of St. Louis;Venezuela;FORLTTREASVALCHG32719;Valuation Change on Foreign Portfolio Holdings of U.S. Long-Term Treasury Securities: Venezuela;Millions of Dollars;Monthly;Not Seasonally Adjusted;No descargada;HTTP Error 403: Forbidden;0;;;;https://fred.stlouisfed.org/series/FORLTTREASVALCHG32719;assets/data/fred/csv/ove_fred_venezuela.csv;assets/data/fred/json/ove_fred_venezuela.json;assets/data/fred/excel/ove_fred_venezuela.xlsx
FRED - Federal Reserve Bank of St. Louis;Venezuela;FORSTTREASNET32719;Foreign Net Transactions of U.S. Short-Term Treasury Securities: Venezuela;Millions of Dollars;Monthly;Not Seasonally Adjusted;Con datos;;280;2003-03-01;2026-06-01;11.0;https://fred.stlouisfed.org/series/FORSTTREASNET32719;assets/data/fred/csv/ove_fred_venezuela.csv;assets/data/fred/json/ove_fred_venezuela.json;assets/data/fred/excel/ove_fred_venezuela.xlsx
FRED - Federal Reserve Bank of St. Louis;Venezuela;FORSTTREASPOS32719;Foreign Portfolio Holdings of U.S. Short-Term Treasury Securities: Venezuela;Millions of Dollars;Monthly;Not Seasonally Adjusted;Con datos;;281;2003-02-01;2026-06-01;297.0;https://fred.stlouisfed.org/series/FORSTTREASPOS32719;assets/data/fred/csv/ove_fred_venezuela.csv;assets/data/fred/json/ove_fred_venezuela.json;assets/data/fred/excel/ove_fred_venezuela.xlsx
FRED - Federal Reserve Bank of St. Louis;Venezuela;FORTREASNET32719;Foreign Net Transactions of U.S. Long-Term and Short-Term Treasury Securities: Venezuela;Millions of Dollars;Monthly;Not Seasonally Adjusted;Con datos;;280;2003-03-01;2026-06-01;31.0;https://fred.stlouisfed.org/series/FORTREASNET32719;assets/data/fred/csv/ove_fred_venezuela.csv;assets/data/fred/json/ove_fred_venezuela.json;assets/data/fred/excel/ove_fred_venezuela.xlsx
FRED - Federal Reserve Bank of St. Louis;Venezuela;FORTREASPOS32719;Foreign Portfolio Holdings of U.S. Long-Term and Short-Term Treasury Securities: Venezuela;Millions of Dollars;Monthly;Not Seasonally Adjusted;Con datos;;281;2003-02-01;2026-06-01;679.0;https://fred.stlouisfed.org/series/FORTREASPOS32719;assets/data/fred/csv/ove_fred_venezuela.csv;assets/data/fred/json/ove_fred_venezuela.json;assets/data/fred/excel/ove_fred_venezuela.xlsx
FRED - Federal Reserve Bank of St. Louis;Venezuela;FPCPITOTLZGVEN;Inflation, consumer prices for the Bolivarian Republic of Venezuela;Percent;Annual;Not Seasonally Adjusted;Con datos;;8;2009-01-01;2016-01-01;254.948534781816;https://fred.stlouisfed.org/series/FPCPITOTLZGVEN;assets/data/fred/csv/ove_fred_venezuela.csv;assets/data/fred/json/ove_fred_venezuela.json;assets/data/fred/excel/ove_fred_venezuela.xlsx
FRED - Federal Reserve Bank of St. Louis;Venezuela;FXRATEVEA618NUPN;Exchange Rate to U.S. Dollar for Venezuela;National Currency Units per US Dollar;Annual;Not Seasonally Adjusted;Con datos;;61;1950-01-01;2010-01-01;2.585625;https://fred.stlouisfed.org/series/FXRATEVEA618NUPN;assets/data/fred/csv/ove_fred_venezuela.csv;assets/data/fred/json/ove_fred_venezuela.json;assets/data/fred/excel/ove_fred_venezuela.xlsx
FRED - Federal Reserve Bank of St. Louis;Venezuela;GAVENA052SCEN;Value of Exports to Bolivarian Republic of Venezuela from Georgia;Dollars;Annual;Not Seasonally Adjusted;No descargada;HTTP Error 403: Forbidden;0;;;;https://fred.stlouisfed.org/series/GAVENA052SCEN;assets/data/fred/csv/ove_fred_venezuela.csv;assets/data/fred/json/ove_fred_venezuela.json;assets/data/fred/excel/ove_fred_venezuela.xlsx
FRED - Federal Reserve Bank of St. Louis;Venezuela;GAVENA475SCEN;Number of Identified Exporters to Bolivarian Republic of Venezuela from Georgia;Number of Firms;Annual;Not Seasonally Adjusted;No descargada;HTTP Error 403: Forbidden;0;;;;https://fred.stlouisfed.org/series/GAVENA475SCEN;assets/data/fred/csv/ove_fred_venezuela.csv;assets/data/fred/json/ove_fred_venezuela.json;assets/data/fred/excel/ove_fred_venezuela.xlsx
FRED - Federal Reserve Bank of St. Louis;Venezuela;GNPGDPVEA156NUPN;Ratio of GNP to GDP for Venezuela;Percent;Annual;Not Seasonally Adjusted;Con datos;;51;1960-01-01;2010-01-01;98.88050698;https://fred.stlouisfed.org/series/GNPGDPVEA156NUPN;assets/data/fred/csv/ove_fred_venezuela.csv;assets/data/fred/json/ove_fred_venezuela.json;assets/data/fred/excel/ove_fred_venezuela.xlsx
FRED - Federal Reserve Bank of St. Louis;Venezuela;HCIYISVEA066NRUG;Index of Human Capital per Person for Bolivarian Republic of Venezuela;Index;Annual;Not Seasonally Adjusted;Con datos;;74;1950-01-01;2023-01-01;3.09922003746033;https://fred.stlouisfed.org/series/HCIYISVEA066NRUG;assets/data/fred/csv/ove_fred_venezuela.csv;assets/data/fred/json/ove_fred_venezuela.json;assets/data/fred/excel/ove_fred_venezuela.xlsx
FRED - Federal Reserve Bank of St. Louis;Venezuela;HIVENA052SCEN;Value of Exports to Bolivarian Republic of Venezuela from Hawaii;Dollars;Annual;Not Seasonally Adjusted;No descargada;HTTP Error 403: Forbidden;0;;;;https://fred.stlouisfed.org/series/HIVENA052SCEN;assets/data/fred/csv/ove_fred_venezuela.csv;assets/data/fred/json/ove_fred_venezuela.json;assets/data/fred/excel/ove_fred_venezuela.xlsx
FRED - Federal Reserve Bank of St. Louis;Venezuela;HIVENA475SCEN;Number of Identified Exporters to Bolivarian Republic of Venezuela from Hawaii;Number of Firms;Annual;Not Seasonally Adjusted;No descargada;HTTP Error 403: Forbidden;0;;;;https://fred.stlouisfed.org/series/HIVENA475SCEN;assets/data/fred/csv/ove_fred_venezuela.csv;assets/data/fred/json/ove_fred_venezuela.json;assets/data/fred/excel/ove_fred_venezuela.xlsx
FRED - Federal Reserve Bank of St. Louis;Venezuela;IAVENA052SCEN;Value of Exports to Bolivarian Republic of Venezuela from Iowa;Dollars;Annual;Not Seasonally Adjusted;No descargada;HTTP Error 403: Forbidden;0;;;;https://fred.stlouisfed.org/series/IAVENA052SCEN;assets/data/fred/csv/ove_fred_venezuela.csv;assets/data/fred/json/ove_fred_venezuela.json;assets/data/fred/excel/ove_fred_venezuela.xlsx
FRED - Federal Reserve Bank of St. Louis;Venezuela;IAVENA475SCEN;Number of Identified Exporters to Bolivarian Republic of Venezuela from Iowa;Number of Firms;Annual;Not Seasonally Adjusted;No descargada;HTTP Error 403: Forbidden;0;;;;https://fred.stlouisfed.org/series/IAVENA475SCEN;assets/data/fred/csv/ove_fred_venezuela.csv;assets/data/fred/json/ove_fred_venezuela.json;assets/data/fred/excel/ove_fred_venezuela.xlsx
FRED - Federal Reserve Bank of St. Louis;Venezuela;IBANAINIAIVE;Announced Issues of International Bonds and Notes for All Issuers, Nationality of Issuer in Venezuela (DISCONTINUED);Billions of US Dollars;Quarterly;Not Seasonally Adjusted;No descargada;HTTP Error 403: Forbidden;0;;;;https://fred.stlouisfed.org/series/IBANAINIAIVE;assets/data/fred/csv/ove_fred_venezuela.csv;assets/data/fred/json/ove_fred_venezuela.json;assets/data/fred/excel/ove_fred_venezuela.xlsx
FRED - Federal Reserve Bank of St. Louis;Venezuela;IBANAINIAOVE;Amount Outstanding of International Bonds and Notes for All Issuers, Nationality of Issuer in Venezuela (DISCONTINUED);Billions of US Dollars;Quarterly;Not Seasonally Adjusted;No descargada;HTTP Error 403: Forbidden;0;;;;https://fred.stlouisfed.org/series/IBANAINIAOVE;assets/data/fred/csv/ove_fred_venezuela.csv;assets/data/fred/json/ove_fred_venezuela.json;assets/data/fred/excel/ove_fred_venezuela.xlsx
FRED - Federal Reserve Bank of St. Louis;Venezuela;IBANAININIVE;Net Issues of International Bonds and Notes for All Issuers, Nationality of Issuer in Venezuela (DISCONTINUED);Billions of US Dollars;Quarterly;Not Seasonally Adjusted;No descargada;HTTP Error 403: Forbidden;0;;;;https://fred.stlouisfed.org/series/IBANAININIVE;assets/data/fred/csv/ove_fred_venezuela.csv;assets/data/fred/json/ove_fred_venezuela.json;assets/data/fred/excel/ove_fred_venezuela.xlsx
FRED - Federal Reserve Bank of St. Louis;Venezuela;IBANRIAIVE;Announced Issues of International Bonds and Notes for All Issuers, Residence of Issuer in Venezuela (DISCONTINUED);Billions of US Dollars;Quarterly;Not Seasonally Adjusted;No descargada;HTTP Error 403: Forbidden;0;;;;https://fred.stlouisfed.org/series/IBANRIAIVE;assets/data/fred/csv/ove_fred_venezuela.csv;assets/data/fred/json/ove_fred_venezuela.json;assets/data/fred/excel/ove_fred_venezuela.xlsx
FRED - Federal Reserve Bank of St. Louis;Venezuela;IBANRIAOVE;Amount Outstanding of International Bonds and Notes for All Issuers, Residence of Issuer in Venezuela (DISCONTINUED);Billions of US Dollars;Quarterly;Not Seasonally Adjusted;No descargada;HTTP Error 403: Forbidden;0;;;;https://fred.stlouisfed.org/series/IBANRIAOVE;assets/data/fred/csv/ove_fred_venezuela.csv;assets/data/fred/json/ove_fred_venezuela.json;assets/data/fred/excel/ove_fred_venezuela.xlsx
FRED - Federal Reserve Bank of St. Louis;Venezuela;IBANRINIVE;Net Issues of International Bonds and Notes for All Issuers, Residence of Issuer in Venezuela (DISCONTINUED);Billions of US Dollars;Quarterly;Not Seasonally Adjusted;No descargada;HTTP Error 403: Forbidden;0;;;;https://fred.stlouisfed.org/series/IBANRINIVE;assets/data/fred/csv/ove_fred_venezuela.csv;assets/data/fred/json/ove_fred_venezuela.json;assets/data/fred/excel/ove_fred_venezuela.xlsx
FRED - Federal Reserve Bank of St. Louis;Venezuela;ICBUSEASEXQVEN;Ease of doing business index for the Bolivarian Republic of Venezuela;1=Most Business-friendly Regulations;Annual;Not Seasonally Adjusted;Con datos;;1;2019-01-01;2019-01-01;188.0;https://fred.stlouisfed.org/series/ICBUSEASEXQVEN;assets/data/fred/csv/ove_fred_venezuela.csv;assets/data/fred/json/ove_fred_venezuela.json;assets/data/fred/excel/ove_fred_venezuela.xlsx
FRED - Federal Reserve Bank of St. Louis;Venezuela;IDS1MNIAOAIVE;Amount Outstanding Due within One Year of International Debt Securities for All Issuers, Nationality of Issuer in Venezuela;Millions of US Dollars;Quarterly;Not Seasonally Adjusted;Con datos;;214;1972-10-01;2026-01-01;3000.0;https://fred.stlouisfed.org/series/IDS1MNIAOAIVE;assets/data/fred/csv/ove_fred_venezuela.csv;assets/data/fred/json/ove_fred_venezuela.json;assets/data/fred/excel/ove_fred_venezuela.xlsx
FRED - Federal Reserve Bank of St. Louis;Venezuela;IDS1MNIAOFCVE;Amount Outstanding Due within One Year of International Debt Securities for Financial Corporations Sector, Nationality of Issuer in Venezuela (DISCONTINUED);Billions of US Dollars;Quarterly;Not Seasonally Adjusted;No descargada;HTTP Error 403: Forbidden;0;;;;https://fred.stlouisfed.org/series/IDS1MNIAOFCVE;assets/data/fred/csv/ove_fred_venezuela.csv;assets/data/fred/json/ove_fred_venezuela.json;assets/data/fred/excel/ove_fred_venezuela.xlsx
FRED - Federal Reserve Bank of St. Louis;Venezuela;IDS1MNIAOGGVE;Amount Outstanding Due within One Year of International Debt Securities for General Government Sector, Nationality of Issuer in Venezuela (DISCONTINUED);Billions of US Dollars;Quarterly;Not Seasonally Adjusted;No descargada;HTTP Error 403: Forbidden;0;;;;https://fred.stlouisfed.org/series/IDS1MNIAOGGVE;assets/data/fred/csv/ove_fred_venezuela.csv;assets/data/fred/json/ove_fred_venezuela.json;assets/data/fred/excel/ove_fred_venezuela.xlsx
FRED - Federal Reserve Bank of St. Louis;Venezuela;IDS1MNIAONCVE;Amount Outstanding Due within One Year of International Debt Securities for Non-financial Corporations Sector, Nationality of Issuer in Venezuela (DISCONTINUED);Billions of US Dollars;Quarterly;Not Seasonally Adjusted;No descargada;HTTP Error 403: Forbidden;0;;;;https://fred.stlouisfed.org/series/IDS1MNIAONCVE;assets/data/fred/csv/ove_fred_venezuela.csv;assets/data/fred/json/ove_fred_venezuela.json;assets/data/fred/excel/ove_fred_venezuela.xlsx
FRED - Federal Reserve Bank of St. Louis;Venezuela;IDS1YMAORIAIVE;Amount Outstanding Due within One Year of International Debt Securities for All Issuers, Residence of Issuer in Venezuela;Millions of US Dollars;Quarterly;Not Seasonally Adjusted;No descargada;HTTP Error 403: Forbidden;0;;;;https://fred.stlouisfed.org/series/IDS1YMAORIAIVE;assets/data/fred/csv/ove_fred_venezuela.csv;assets/data/fred/json/ove_fred_venezuela.json;assets/data/fred/excel/ove_fred_venezuela.xlsx
FRED - Federal Reserve Bank of St. Louis;Venezuela;IDS1YMAORIFCVE;Amount Outstanding Due within One Year of International Debt Securities for Financial Corporations Sector, Residence of Issuer in Venezuela (DISCONTINUED);Billions of US Dollars;Quarterly;Not Seasonally Adjusted;No descargada;HTTP Error 403: Forbidden;0;;;;https://fred.stlouisfed.org/series/IDS1YMAORIFCVE;assets/data/fred/csv/ove_fred_venezuela.csv;assets/data/fred/json/ove_fred_venezuela.json;assets/data/fred/excel/ove_fred_venezuela.xlsx
FRED - Federal Reserve Bank of St. Louis;Venezuela;IDS1YMAORIGGVE;Amount Outstanding Due within One Year of International Debt Securities for General Government Sector, Residence of Issuer in Venezuela;Millions of US Dollars;Quarterly;Not Seasonally Adjusted;Con datos;;214;1972-10-01;2026-01-01;3000.0;https://fred.stlouisfed.org/series/IDS1YMAORIGGVE;assets/data/fred/csv/ove_fred_venezuela.csv;assets/data/fred/json/ove_fred_venezuela.json;assets/data/fred/excel/ove_fred_venezuela.xlsx
FRED - Federal Reserve Bank of St. Louis;Venezuela;IDS1YMAORINCVE;Amount Outstanding Due within One Year of International Debt Securities for Non-financial Corporations Sector, Residence of Issuer in Venezuela;Millions of US Dollars;Quarterly;Not Seasonally Adjusted;No descargada;HTTP Error 403: Forbidden;0;;;;https://fred.stlouisfed.org/series/IDS1YMAORINCVE;assets/data/fred/csv/ove_fred_venezuela.csv;assets/data/fred/json/ove_fred_venezuela.json;assets/data/fred/excel/ove_fred_venezuela.xlsx
FRED - Federal Reserve Bank of St. Louis;Venezuela;IDSAMRIAOVE;Amount Outstanding of International Debt Securities for All Issuers, All Maturities, Residence of Issuer in Venezuela;Millions of US Dollars;Quarterly;Not Seasonally Adjusted;No descargada;HTTP Error 403: Forbidden;0;;;;https://fred.stlouisfed.org/series/IDSAMRIAOVE;assets/data/fred/csv/ove_fred_venezuela.csv;assets/data/fred/json/ove_fred_venezuela.json;assets/data/fred/excel/ove_fred_venezuela.xlsx
FRED - Federal Reserve Bank of St. Louis;Venezuela;IDSAMRINIVE;Net Issues of International Debt Securities for All Issuers, All Maturities, Residence of Issuer in Venezuela;Millions of US Dollars;Quarterly;Not Seasonally Adjusted;Con datos;;146;1972-10-01;2026-01-01;2397.0;https://fred.stlouisfed.org/series/IDSAMRINIVE;assets/data/fred/csv/ove_fred_venezuela.csv;assets/data/fred/json/ove_fred_venezuela.json;assets/data/fred/excel/ove_fred_venezuela.xlsx
FRED - Federal Reserve Bank of St. Louis;Venezuela;IDSBMRIAOVE;Amount Outstanding of International Debt Securities for Issuers in Financial Institutions Sector (Banks), All Maturities, Residence of Issuer in Venezuela (DISCONTINUED);Billions of US Dollars;Quarterly;Not Seasonally Adjusted;No descargada;HTTP Error 403: Forbidden;0;;;;https://fred.stlouisfed.org/series/IDSBMRIAOVE;assets/data/fred/csv/ove_fred_venezuela.csv;assets/data/fred/json/ove_fred_venezuela.json;assets/data/fred/excel/ove_fred_venezuela.xlsx
FRED - Federal Reserve Bank of St. Louis;Venezuela;IDSBMRINIVE;Net Issues of International Debt Securities for Issuers in Financial Institutions Sector (Banks), All Maturities, Residence of Issuer in Venezuela (DISCONTINUED);Billions of US Dollars;Quarterly;Not Seasonally Adjusted;No descargada;HTTP Error 403: Forbidden;0;;;;https://fred.stlouisfed.org/series/IDSBMRINIVE;assets/data/fred/csv/ove_fred_venezuela.csv;assets/data/fred/json/ove_fred_venezuela.json;assets/data/fred/excel/ove_fred_venezuela.xlsx
FRED - Federal Reserve Bank of St. Louis;Venezuela;IDSGAMNIAOVE;Amounts Outstanding of International Debt Securities for All Issuers, All Maturities, Nationality of Issuer in Venezuela;Millions of US Dollars;Quarterly;Not Seasonally Adjusted;Con datos;;214;1972-10-01;2026-01-01;23802.0;https://fred.stlouisfed.org/series/IDSGAMNIAOVE;assets/data/fred/csv/ove_fred_venezuela.csv;assets/data/fred/json/ove_fred_venezuela.json;assets/data/fred/excel/ove_fred_venezuela.xlsx
FRED - Federal Reserve Bank of St. Louis;Venezuela;IDSGAMNINIVE;Net Issues of International Debt Securities for All Issuers, All Maturities, Nationality of Issuer in Venezuela;Millions of US Dollars;Quarterly;Not Seasonally Adjusted;No descargada;HTTP Error 403: Forbidden;0;;;;https://fred.stlouisfed.org/series/IDSGAMNINIVE;assets/data/fred/csv/ove_fred_venezuela.csv;assets/data/fred/json/ove_fred_venezuela.json;assets/data/fred/excel/ove_fred_venezuela.xlsx
FRED - Federal Reserve Bank of St. Louis;Venezuela;IDSGAMRIAOVE;Amount Outstanding of International Debt Securities for Issuers in General Government Sector, All Maturities, Residence of Issuer in Venezuela;Millions of US Dollars;Quarterly;Not Seasonally Adjusted;Con datos;;214;1972-10-01;2026-01-01;15950.0;https://fred.stlouisfed.org/series/IDSGAMRIAOVE;assets/data/fred/csv/ove_fred_venezuela.csv;assets/data/fred/json/ove_fred_venezuela.json;assets/data/fred/excel/ove_fred_venezuela.xlsx
FRED - Federal Reserve Bank of St. Louis;Venezuela;IDSGAMRINIVE;Net Issues of International Debt Securities for Issuers in General Government Sector, All Maturities, Residence of Issuer in Venezuela;Millions of US Dollars;Quarterly;Not Seasonally Adjusted;Con datos;;109;1972-10-01;2025-04-01;-1600.0;https://fred.stlouisfed.org/series/IDSGAMRINIVE;assets/data/fred/csv/ove_fred_venezuela.csv;assets/data/fred/json/ove_fred_venezuela.json;assets/data/fred/excel/ove_fred_venezuela.xlsx
FRED - Federal Reserve Bank of St. Louis;Venezuela;IDSGBAMNIAOVE;Amount Outstanding of International Debt Securities for Issuers in Financial Institutions Sector (Banks), All Maturities, Nationality of Issuer in Venezuela (DISCONTINUED);Billions of US Dollars;Quarterly;Not Seasonally Adjusted;No descargada;HTTP Error 403: Forbidden;0;;;;https://fred.stlouisfed.org/series/IDSGBAMNIAOVE;assets/data/fred/csv/ove_fred_venezuela.csv;assets/data/fred/json/ove_fred_venezuela.json;assets/data/fred/excel/ove_fred_venezuela.xlsx
FRED - Federal Reserve Bank of St. Louis;Venezuela;IDSGBAMNINIVE;Net Issues of International Debt Securities for Issuers in Financial Institutions Sector (Banks), All Maturities, Nationality of Issuer in Venezuela (DISCONTINUED);Billions of US Dollars;Quarterly;Not Seasonally Adjusted;No descargada;HTTP Error 403: Forbidden;0;;;;https://fred.stlouisfed.org/series/IDSGBAMNINIVE;assets/data/fred/csv/ove_fred_venezuela.csv;assets/data/fred/json/ove_fred_venezuela.json;assets/data/fred/excel/ove_fred_venezuela.xlsx
FRED - Federal Reserve Bank of St. Louis;Venezuela;IDSGFCAMNIAOVE;Amount Outstanding of International Debt Securities for Issuers in Other Financial Corporations, All Maturities, Nationality of Issuer in Venezuela (DISCONTINUED);Billions of US Dollars;Quarterly;Not Seasonally Adjusted;No descargada;HTTP Error 403: Forbidden;0;;;;https://fred.stlouisfed.org/series/IDSGFCAMNIAOVE;assets/data/fred/csv/ove_fred_venezuela.csv;assets/data/fred/json/ove_fred_venezuela.json;assets/data/fred/excel/ove_fred_venezuela.xlsx
FRED - Federal Reserve Bank of St. Louis;Venezuela;IDSGFCAMNINIVE;Net Issues of International Debt Securities for Issuers in Other Financial Corporations, All Maturities, Nationality of Issuer in Venezuela (DISCONTINUED);Billions of US Dollars;Quarterly;Not Seasonally Adjusted;No descargada;HTTP Error 403: Forbidden;0;;;;https://fred.stlouisfed.org/series/IDSGFCAMNINIVE;assets/data/fred/csv/ove_fred_venezuela.csv;assets/data/fred/json/ove_fred_venezuela.json;assets/data/fred/excel/ove_fred_venezuela.xlsx
FRED - Federal Reserve Bank of St. Louis;Venezuela;IDSGGGAMNIAOVE;Amount Outstanding of International Debt Securities for Issuers in General Government Sector, All Maturities, Nationality of Issuer in Venezuela (DISCONTINUED);Billions of US Dollars;Quarterly;Not Seasonally Adjusted;No descargada;HTTP Error 403: Forbidden;0;;;;https://fred.stlouisfed.org/series/IDSGGGAMNIAOVE;assets/data/fred/csv/ove_fred_venezuela.csv;assets/data/fred/json/ove_fred_venezuela.json;assets/data/fred/excel/ove_fred_venezuela.xlsx
FRED - Federal Reserve Bank of St. Louis;Venezuela;IDSGGGAMNINIVE;Net Issues of International Debt Securities for Issuers in General Government Sector, All Maturities, Nationality of Issuer in Venezuela (DISCONTINUED);Billions of US Dollars;Quarterly;Not Seasonally Adjusted;Con datos;;63;1993-07-01;2015-01-01;-1.12602;https://fred.stlouisfed.org/series/IDSGGGAMNINIVE;assets/data/fred/csv/ove_fred_venezuela.csv;assets/data/fred/json/ove_fred_venezuela.json;assets/data/fred/excel/ove_fred_venezuela.xlsx
FRED - Federal Reserve Bank of St. Louis;Venezuela;IDSGNFAMNIAOVE;Amount Outstanding of International Debt Securities for Issuers in Non-Financial Corporations (Corporate Issuers), All Maturities, Nationality of Issuer in Venezuela (DISCONTINUED);Billions of US Dollars;Quarterly;Not Seasonally Adjusted;No descargada;HTTP Error 403: Forbidden;0;;;;https://fred.stlouisfed.org/series/IDSGNFAMNIAOVE;assets/data/fred/csv/ove_fred_venezuela.csv;assets/data/fred/json/ove_fred_venezuela.json;assets/data/fred/excel/ove_fred_venezuela.xlsx
FRED - Federal Reserve Bank of St. Louis;Venezuela;IDSGNFAMNINIVE;Net Issues of International Debt Securities for Issuers in Non-Financial Corporations (Corporate Issuers), All Maturities, Nationality of Issuer in Venezuela (DISCONTINUED);Billions of US Dollars;Quarterly;Not Seasonally Adjusted;Con datos;;37;1993-07-01;2014-10-01;-1.3;https://fred.stlouisfed.org/series/IDSGNFAMNINIVE;assets/data/fred/csv/ove_fred_venezuela.csv;assets/data/fred/json/ove_fred_venezuela.json;assets/data/fred/excel/ove_fred_venezuela.xlsx
FRED - Federal Reserve Bank of St. Louis;Venezuela;IDSNFAMRIAOVE;Amount Outstanding of International Debt Securities for Issuers in Non-Financial Corporations (Corporate Issuers), All Maturities, Residence of Issuer in Venezuela;Millions of US Dollars;Quarterly;Not Seasonally Adjusted;No descargada;HTTP Error 403: Forbidden;0;;;;https://fred.stlouisfed.org/series/IDSNFAMRIAOVE;assets/data/fred/csv/ove_fred_venezuela.csv;assets/data/fred/json/ove_fred_venezuela.json;assets/data/fred/excel/ove_fred_venezuela.xlsx
FRED - Federal Reserve Bank of St. Louis;Venezuela;IDSNFAMRINIVE;Net Issues of International Debt Securities for Issuers in Non-Financial Corporations (Corporate Issuers), All Maturities, Residence of Issuer in Venezuela;Millions of US Dollars;Quarterly;Not Seasonally Adjusted;No descargada;HTTP Error 403: Forbidden;0;;;;https://fred.stlouisfed.org/series/IDSNFAMRINIVE;assets/data/fred/csv/ove_fred_venezuela.csv;assets/data/fred/json/ove_fred_venezuela.json;assets/data/fred/excel/ove_fred_venezuela.xlsx
FRED - Federal Reserve Bank of St. Louis;Venezuela;IDSOFAMRIAOVE;Amount Outstanding of International Debt Securities for Issuers in Other Financial Corporations, All Maturities, Residence of Issuer in Venezuela (DISCONTINUED);Billions of US Dollars;Quarterly;Not Seasonally Adjusted;No descargada;HTTP Error 403: Forbidden;0;;;;https://fred.stlouisfed.org/series/IDSOFAMRIAOVE;assets/data/fred/csv/ove_fred_venezuela.csv;assets/data/fred/json/ove_fred_venezuela.json;assets/data/fred/excel/ove_fred_venezuela.xlsx
FRED - Federal Reserve Bank of St. Louis;Venezuela;IDSOFAMRINIVE;Net Issues of International Debt Securities for Issuers in Other Financial Corporations, All Maturities, Residence of Issuer in Venezuela (DISCONTINUED);Billions of US Dollars;Quarterly;Not Seasonally Adjusted;No descargada;HTTP Error 403: Forbidden;0;;;;https://fred.stlouisfed.org/series/IDSOFAMRINIVE;assets/data/fred/csv/ove_fred_venezuela.csv;assets/data/fred/json/ove_fred_venezuela.json;assets/data/fred/excel/ove_fred_venezuela.xlsx
FRED - Federal Reserve Bank of St. Louis;Venezuela;IDVENA052SCEN;Value of Exports to Bolivarian Republic of Venezuela from Idaho;Dollars;Annual;Not Seasonally Adjusted;No descargada;HTTP Error 403: Forbidden;0;;;;https://fred.stlouisfed.org/series/IDVENA052SCEN;assets/data/fred/csv/ove_fred_venezuela.csv;assets/data/fred/json/ove_fred_venezuela.json;assets/data/fred/excel/ove_fred_venezuela.xlsx
FRED - Federal Reserve Bank of St. Louis;Venezuela;IDVENA475SCEN;Number of Identified Exporters to Bolivarian Republic of Venezuela from Idaho;Number of Firms;Annual;Not Seasonally Adjusted;No descargada;HTTP Error 403: Forbidden;0;;;;https://fred.stlouisfed.org/series/IDVENA475SCEN;assets/data/fred/csv/ove_fred_venezuela.csv;assets/data/fred/json/ove_fred_venezuela.json;assets/data/fred/excel/ove_fred_venezuela.xlsx
FRED - Federal Reserve Bank of St. Louis;Venezuela;ILVENA052SCEN;Value of Exports to Bolivarian Republic of Venezuela from Illinois;Dollars;Annual;Not Seasonally Adjusted;No descargada;HTTP Error 403: Forbidden;0;;;;https://fred.stlouisfed.org/series/ILVENA052SCEN;assets/data/fred/csv/ove_fred_venezuela.csv;assets/data/fred/json/ove_fred_venezuela.json;assets/data/fred/excel/ove_fred_venezuela.xlsx
FRED - Federal Reserve Bank of St. Louis;Venezuela;ILVENA475SCEN;Number of Identified Exporters to Bolivarian Republic of Venezuela from Illinois;Number of Firms;Annual;Not Seasonally Adjusted;No descargada;HTTP Error 403: Forbidden;0;;;;https://fred.stlouisfed.org/series/ILVENA475SCEN;assets/data/fred/csv/ove_fred_venezuela.csv;assets/data/fred/json/ove_fred_venezuela.json;assets/data/fred/excel/ove_fred_venezuela.xlsx
FRED - Federal Reserve Bank of St. Louis;Venezuela;IMMINIAIAOVE;Amount Outstanding of International Money Market instruments for All Issuers, Nationality of Issuer in Venezuela (DISCONTINUED);Billions of US Dollars;Quarterly;Not Seasonally Adjusted;Con datos;;16;1990-10-01;1997-04-01;0.015;https://fred.stlouisfed.org/series/IMMINIAIAOVE;assets/data/fred/csv/ove_fred_venezuela.csv;assets/data/fred/json/ove_fred_venezuela.json;assets/data/fred/excel/ove_fred_venezuela.xlsx
FRED - Federal Reserve Bank of St. Louis;Venezuela;IMMINIAIGIVE;Gross Issuance of International Money Market instruments for All Issuers, Nationality of Issuer in Venezuela (DISCONTINUED);Billions of US Dollars;Quarterly;Not Seasonally Adjusted;Con datos;;11;1993-10-01;1997-01-01;0.015;https://fred.stlouisfed.org/series/IMMINIAIGIVE;assets/data/fred/csv/ove_fred_venezuela.csv;assets/data/fred/json/ove_fred_venezuela.json;assets/data/fred/excel/ove_fred_venezuela.xlsx
FRED - Federal Reserve Bank of St. Louis;Venezuela;IMMINIAINIVE;Net Issues of International Money Market instruments for All Issuers, Nationality of Issuer in Venezuela (DISCONTINUED);Billions of US Dollars;Quarterly;Not Seasonally Adjusted;Con datos;;13;1993-10-01;1997-07-01;-0.015;https://fred.stlouisfed.org/series/IMMINIAINIVE;assets/data/fred/csv/ove_fred_venezuela.csv;assets/data/fred/json/ove_fred_venezuela.json;assets/data/fred/excel/ove_fred_venezuela.xlsx
FRED - Federal Reserve Bank of St. Louis;Venezuela;IMMIRIAOVE;Amount Outstanding of International Money Market instruments for All Issuers, Residence of Issuer in Venezuela (DISCONTINUED);Billions of US Dollars;Quarterly;Not Seasonally Adjusted;Con datos;;15;1990-10-01;1997-04-01;0.015;https://fred.stlouisfed.org/series/IMMIRIAOVE;assets/data/fred/csv/ove_fred_venezuela.csv;assets/data/fred/json/ove_fred_venezuela.json;assets/data/fred/excel/ove_fred_venezuela.xlsx
FRED - Federal Reserve Bank of St. Louis;Venezuela;IMMIRIGIVE;Gross Issuance of International Money Market instruments for All Issuers, Residence of Issuer in Venezuela (DISCONTINUED);Billions of US Dollars;Quarterly;Not Seasonally Adjusted;No descargada;HTTP Error 403: Forbidden;0;;;;https://fred.stlouisfed.org/series/IMMIRIGIVE;assets/data/fred/csv/ove_fred_venezuela.csv;assets/data/fred/json/ove_fred_venezuela.json;assets/data/fred/excel/ove_fred_venezuela.xlsx
FRED - Federal Reserve Bank of St. Louis;Venezuela;IMMIRINIVE;Net Issues of International Money Market instruments for All Issuers, Residence of Issuer in Venezuela (DISCONTINUED);Billions of US Dollars;Quarterly;Not Seasonally Adjusted;No descargada;HTTP Error 403: Forbidden;0;;;;https://fred.stlouisfed.org/series/IMMIRINIVE;assets/data/fred/csv/ove_fred_venezuela.csv;assets/data/fred/json/ove_fred_venezuela.json;assets/data/fred/excel/ove_fred_venezuela.xlsx
FRED - Federal Reserve Bank of St. Louis;Venezuela;IMP3070;U.S. Imports of Goods by Customs Basis from Venezuela;Millions of Dollars;Monthly;Not Seasonally Adjusted;Con datos;;498;1985-01-01;2026-06-01;1815.327851;https://fred.stlouisfed.org/series/IMP3070;assets/data/fred/csv/ove_fred_venezuela.csv;assets/data/fred/json/ove_fred_venezuela.json;assets/data/fred/excel/ove_fred_venezuela.xlsx
FRED - Federal Reserve Bank of St. Louis;Venezuela;INVENA052SCEN;Value of Exports to Bolivarian Republic of Venezuela from Indiana;Dollars;Annual;Not Seasonally Adjusted;No descargada;HTTP Error 403: Forbidden;0;;;;https://fred.stlouisfed.org/series/INVENA052SCEN;assets/data/fred/csv/ove_fred_venezuela.csv;assets/data/fred/json/ove_fred_venezuela.json;assets/data/fred/excel/ove_fred_venezuela.xlsx
FRED - Federal Reserve Bank of St. Louis;Venezuela;INVENA475SCEN;Number of Identified Exporters to Bolivarian Republic of Venezuela from Indiana;Number of Firms;Annual;Not Seasonally Adjusted;No descargada;HTTP Error 403: Forbidden;0;;;;https://fred.stlouisfed.org/series/INVENA475SCEN;assets/data/fred/csv/ove_fred_venezuela.csv;assets/data/fred/json/ove_fred_venezuela.json;assets/data/fred/excel/ove_fred_venezuela.xlsx
FRED - Federal Reserve Bank of St. Louis;Venezuela;ITCELSETSP2VEN;Mobile Cellular Subscriptions in the Bolivarian Republic of Venezuela;Number per 100 People;Annual;Not Seasonally Adjusted;Con datos;;53;1960-01-01;2024-01-01;71.0075917225029;https://fred.stlouisfed.org/series/ITCELSETSP2VEN;assets/data/fred/csv/ove_fred_venezuela.csv;assets/data/fred/json/ove_fred_venezuela.json;assets/data/fred/excel/ove_fred_venezuela.xlsx
FRED - Federal Reserve Bank of St. Louis;Venezuela;ITNETSECRP6VEN;Secure Internet Servers for the Bolivarian Republic of Venezuela;Number per 1 Million People;Annual;Not Seasonally Adjusted;No descargada;HTTP Error 403: Forbidden;0;;;;https://fred.stlouisfed.org/series/ITNETSECRP6VEN;assets/data/fred/csv/ove_fred_venezuela.csv;assets/data/fred/json/ove_fred_venezuela.json;assets/data/fred/excel/ove_fred_venezuela.xlsx
FRED - Federal Reserve Bank of St. Louis;Venezuela;ITNETUSERP2VEN;Internet users for the Bolivarian Republic of Venezuela;Per 100 People;Annual;Not Seasonally Adjusted;Con datos;;32;1990-01-01;2024-01-01;76.67890167;https://fred.stlouisfed.org/series/ITNETUSERP2VEN;assets/data/fred/csv/ove_fred_venezuela.csv;assets/data/fred/json/ove_fred_venezuela.json;assets/data/fred/excel/ove_fred_venezuela.xlsx
FRED - Federal Reserve Bank of St. Louis;Venezuela;KCPPPGVEA156NUPN;Consumption Share of Purchasing Power Parity Converted GDP Per Capita at constant prices for Venezuela;Percent;Annual;Not Seasonally Adjusted;Con datos;;61;1950-01-01;2010-01-01;71.87844938;https://fred.stlouisfed.org/series/KCPPPGVEA156NUPN;assets/data/fred/csv/ove_fred_venezuela.csv;assets/data/fred/json/ove_fred_venezuela.json;assets/data/fred/excel/ove_fred_venezuela.xlsx
FRED - Federal Reserve Bank of St. Louis;Venezuela;KGPPPGVEA156NUPN;Government Consumption Share of Purchasing Power Parity Converted GDP Per Capita at constant prices for Venezuela;Percent;Annual;Not Seasonally Adjusted;Con datos;;61;1950-01-01;2010-01-01;5.389651742;https://fred.stlouisfed.org/series/KGPPPGVEA156NUPN;assets/data/fred/csv/ove_fred_venezuela.csv;assets/data/fred/json/ove_fred_venezuela.json;assets/data/fred/excel/ove_fred_venezuela.xlsx
FRED - Federal Reserve Bank of St. Louis;Venezuela;KIPPPGVEA156NUPN;Investment Share of Purchasing Power Parity Converted GDP Per Capita at constant prices for Venezuela;Percent;Annual;Not Seasonally Adjusted;Con datos;;61;1950-01-01;2010-01-01;24.52833168;https://fred.stlouisfed.org/series/KIPPPGVEA156NUPN;assets/data/fred/csv/ove_fred_venezuela.csv;assets/data/fred/json/ove_fred_venezuela.json;assets/data/fred/excel/ove_fred_venezuela.xlsx
FRED - Federal Reserve Bank of St. Louis;Venezuela;KSVENA052SCEN;Value of Exports to Bolivarian Republic of Venezuela from Kansas;Dollars;Annual;Not Seasonally Adjusted;No descargada;HTTP Error 403: Forbidden;0;;;;https://fred.stlouisfed.org/series/KSVENA052SCEN;assets/data/fred/csv/ove_fred_venezuela.csv;assets/data/fred/json/ove_fred_venezuela.json;assets/data/fred/excel/ove_fred_venezuela.xlsx
FRED - Federal Reserve Bank of St. Louis;Venezuela;KSVENA475SCEN;Number of Identified Exporters to Bolivarian Republic of Venezuela from Kansas;Number of Firms;Annual;Not Seasonally Adjusted;No descargada;HTTP Error 403: Forbidden;0;;;;https://fred.stlouisfed.org/series/KSVENA475SCEN;assets/data/fred/csv/ove_fred_venezuela.csv;assets/data/fred/json/ove_fred_venezuela.json;assets/data/fred/excel/ove_fred_venezuela.xlsx
FRED - Federal Reserve Bank of St. Louis;Venezuela;KYVENA052SCEN;Value of Exports to Bolivarian Republic of Venezuela from Kentucky;Dollars;Annual;Not Seasonally Adjusted;No descargada;HTTP Error 403: Forbidden;0;;;;https://fred.stlouisfed.org/series/KYVENA052SCEN;assets/data/fred/csv/ove_fred_venezuela.csv;assets/data/fred/json/ove_fred_venezuela.json;assets/data/fred/excel/ove_fred_venezuela.xlsx
FRED - Federal Reserve Bank of St. Louis;Venezuela;KYVENA475SCEN;Number of Identified Exporters to Bolivarian Republic of Venezuela from Kentucky;Number of Firms;Annual;Not Seasonally Adjusted;No descargada;HTTP Error 403: Forbidden;0;;;;https://fred.stlouisfed.org/series/KYVENA475SCEN;assets/data/fred/csv/ove_fred_venezuela.csv;assets/data/fred/json/ove_fred_venezuela.json;assets/data/fred/excel/ove_fred_venezuela.xlsx
FRED - Federal Reserve Bank of St. Louis;Venezuela;LABSHPVEA156NRUG;Share of Labour Compensation in GDP at Current National Prices for Bolivarian Republic of Venezuela;Ratio;Annual;Not Seasonally Adjusted;Con datos;;74;1950-01-01;2023-01-01;0.0843637511134148;https://fred.stlouisfed.org/series/LABSHPVEA156NRUG;assets/data/fred/csv/ove_fred_venezuela.csv;assets/data/fred/json/ove_fred_venezuela.json;assets/data/fred/excel/ove_fred_venezuela.xlsx
FRED - Federal Reserve Bank of St. Louis;Venezuela;LAVENA052SCEN;Value of Exports to Bolivarian Republic of Venezuela from Louisiana;Dollars;Annual;Not Seasonally Adjusted;No descargada;HTTP Error 403: Forbidden;0;;;;https://fred.stlouisfed.org/series/LAVENA052SCEN;assets/data/fred/csv/ove_fred_venezuela.csv;assets/data/fred/json/ove_fred_venezuela.json;assets/data/fred/excel/ove_fred_venezuela.xlsx
FRED - Federal Reserve Bank of St. Louis;Venezuela;LAVENA475SCEN;Number of Identified Exporters to Bolivarian Republic of Venezuela from Louisiana;Number of Firms;Annual;Not Seasonally Adjusted;No descargada;HTTP Error 403: Forbidden;0;;;;https://fred.stlouisfed.org/series/LAVENA475SCEN;assets/data/fred/csv/ove_fred_venezuela.csv;assets/data/fred/json/ove_fred_venezuela.json;assets/data/fred/excel/ove_fred_venezuela.xlsx
FRED - Federal Reserve Bank of St. Louis;Venezuela;MAVENA052SCEN;Value of Exports to Bolivarian Republic of Venezuela from Massachusetts;Dollars;Annual;Not Seasonally Adjusted;Con datos;;22;1992-01-01;2022-01-01;1854340.0;https://fred.stlouisfed.org/series/MAVENA052SCEN;assets/data/fred/csv/ove_fred_venezuela.csv;assets/data/fred/json/ove_fred_venezuela.json;assets/data/fred/excel/ove_fred_venezuela.xlsx
FRED - Federal Reserve Bank of St. Louis;Venezuela;MAVENA475SCEN;Number of Identified Exporters to Bolivarian Republic of Venezuela from Massachusetts;Number of Firms;Annual;Not Seasonally Adjusted;No descargada;HTTP Error 403: Forbidden;0;;;;https://fred.stlouisfed.org/series/MAVENA475SCEN;assets/data/fred/csv/ove_fred_venezuela.csv;assets/data/fred/json/ove_fred_venezuela.json;assets/data/fred/excel/ove_fred_venezuela.xlsx
FRED - Federal Reserve Bank of St. Louis;Venezuela;MDVENA052SCEN;Value of Exports to Bolivarian Republic of Venezuela from Maryland;Dollars;Annual;Not Seasonally Adjusted;No descargada;HTTP Error 403: Forbidden;0;;;;https://fred.stlouisfed.org/series/MDVENA052SCEN;assets/data/fred/csv/ove_fred_venezuela.csv;assets/data/fred/json/ove_fred_venezuela.json;assets/data/fred/excel/ove_fred_venezuela.xlsx
FRED - Federal Reserve Bank of St. Louis;Venezuela;MDVENA475SCEN;Number of Identified Exporters to Bolivarian Republic of Venezuela from Maryland;Number of Firms;Annual;Not Seasonally Adjusted;No descargada;HTTP Error 403: Forbidden;0;;;;https://fred.stlouisfed.org/series/MDVENA475SCEN;assets/data/fred/csv/ove_fred_venezuela.csv;assets/data/fred/json/ove_fred_venezuela.json;assets/data/fred/excel/ove_fred_venezuela.xlsx
FRED - Federal Reserve Bank of St. Louis;Venezuela;MEVENA052SCEN;Value of Exports to Bolivarian Republic of Venezuela from Maine;Dollars;Annual;Not Seasonally Adjusted;No descargada;HTTP Error 403: Forbidden;0;;;;https://fred.stlouisfed.org/series/MEVENA052SCEN;assets/data/fred/csv/ove_fred_venezuela.csv;assets/data/fred/json/ove_fred_venezuela.json;assets/data/fred/excel/ove_fred_venezuela.xlsx
FRED - Federal Reserve Bank of St. Louis;Venezuela;MEVENA475SCEN;Number of Identified Exporters to Bolivarian Republic of Venezuela from Maine;Number of Firms;Annual;Not Seasonally Adjusted;No descargada;HTTP Error 403: Forbidden;0;;;;https://fred.stlouisfed.org/series/MEVENA475SCEN;assets/data/fred/csv/ove_fred_venezuela.csv;assets/data/fred/json/ove_fred_venezuela.json;assets/data/fred/excel/ove_fred_venezuela.xlsx
FRED - Federal Reserve Bank of St. Louis;Venezuela;MIVENA052SCEN;Value of Exports to Bolivarian Republic of Venezuela from Michigan;Dollars;Annual;Not Seasonally Adjusted;No descargada;HTTP Error 403: Forbidden;0;;;;https://fred.stlouisfed.org/series/MIVENA052SCEN;assets/data/fred/csv/ove_fred_venezuela.csv;assets/data/fred/json/ove_fred_venezuela.json;assets/data/fred/excel/ove_fred_venezuela.xlsx
FRED - Federal Reserve Bank of St. Louis;Venezuela;MIVENA475SCEN;Number of Identified Exporters to Bolivarian Republic of Venezuela from Michigan;Number of Firms;Annual;Not Seasonally Adjusted;No descargada;HTTP Error 403: Forbidden;0;;;;https://fred.stlouisfed.org/series/MIVENA475SCEN;assets/data/fred/csv/ove_fred_venezuela.csv;assets/data/fred/json/ove_fred_venezuela.json;assets/data/fred/excel/ove_fred_venezuela.xlsx
FRED - Federal Reserve Bank of St. Louis;Venezuela;MKTGDPVEA646NWDB;Gross Domestic Product for Bolivarian Republic of Venezuela;Current U.S. Dollars;Annual;Not Seasonally Adjusted;Con datos;;66;1960-01-01;2025-01-01;99661244155.6306;https://fred.stlouisfed.org/series/MKTGDPVEA646NWDB;assets/data/fred/csv/ove_fred_venezuela.csv;assets/data/fred/json/ove_fred_venezuela.json;assets/data/fred/excel/ove_fred_venezuela.xlsx
FRED - Federal Reserve Bank of St. Louis;Venezuela;MKTGNIVEA646NWDB;Gross National Income for Bolivarian Republic of Venezuela;Current U.S. Dollars;Annual;Not Seasonally Adjusted;Con datos;;66;1960-01-01;2025-01-01;98061244155.6306;https://fred.stlouisfed.org/series/MKTGNIVEA646NWDB;assets/data/fred/csv/ove_fred_venezuela.csv;assets/data/fred/json/ove_fred_venezuela.json;assets/data/fred/excel/ove_fred_venezuela.xlsx
FRED - Federal Reserve Bank of St. Louis;Venezuela;MNVENA052SCEN;Value of Exports to Bolivarian Republic of Venezuela from Minnesota;Dollars;Annual;Not Seasonally Adjusted;No descargada;HTTP Error 403: Forbidden;0;;;;https://fred.stlouisfed.org/series/MNVENA052SCEN;assets/data/fred/csv/ove_fred_venezuela.csv;assets/data/fred/json/ove_fred_venezuela.json;assets/data/fred/excel/ove_fred_venezuela.xlsx
FRED - Federal Reserve Bank of St. Louis;Venezuela;MNVENA475SCEN;Number of Identified Exporters to Bolivarian Republic of Venezuela from Minnesota;Number of Firms;Annual;Not Seasonally Adjusted;No descargada;HTTP Error 403: Forbidden;0;;;;https://fred.stlouisfed.org/series/MNVENA475SCEN;assets/data/fred/csv/ove_fred_venezuela.csv;assets/data/fred/json/ove_fred_venezuela.json;assets/data/fred/excel/ove_fred_venezuela.xlsx
FRED - Federal Reserve Bank of St. Louis;Venezuela;MOVENA052SCEN;Value of Exports to Bolivarian Republic of Venezuela from Missouri;Dollars;Annual;Not Seasonally Adjusted;No descargada;HTTP Error 403: Forbidden;0;;;;https://fred.stlouisfed.org/series/MOVENA052SCEN;assets/data/fred/csv/ove_fred_venezuela.csv;assets/data/fred/json/ove_fred_venezuela.json;assets/data/fred/excel/ove_fred_venezuela.xlsx
FRED - Federal Reserve Bank of St. Louis;Venezuela;MOVENA475SCEN;Number of Identified Exporters to Bolivarian Republic of Venezuela from Missouri;Number of Firms;Annual;Not Seasonally Adjusted;No descargada;HTTP Error 403: Forbidden;0;;;;https://fred.stlouisfed.org/series/MOVENA475SCEN;assets/data/fred/csv/ove_fred_venezuela.csv;assets/data/fred/json/ove_fred_venezuela.json;assets/data/fred/excel/ove_fred_venezuela.xlsx
FRED - Federal Reserve Bank of St. Louis;Venezuela;MSVENA052SCEN;Value of Exports to Bolivarian Republic of Venezuela from Mississippi;Dollars;Annual;Not Seasonally Adjusted;No descargada;HTTP Error 403: Forbidden;0;;;;https://fred.stlouisfed.org/series/MSVENA052SCEN;assets/data/fred/csv/ove_fred_venezuela.csv;assets/data/fred/json/ove_fred_venezuela.json;assets/data/fred/excel/ove_fred_venezuela.xlsx
FRED - Federal Reserve Bank of St. Louis;Venezuela;MSVENA475SCEN;Number of Identified Exporters to Bolivarian Republic of Venezuela from Mississippi;Number of Firms;Annual;Not Seasonally Adjusted;No descargada;HTTP Error 403: Forbidden;0;;;;https://fred.stlouisfed.org/series/MSVENA475SCEN;assets/data/fred/csv/ove_fred_venezuela.csv;assets/data/fred/json/ove_fred_venezuela.json;assets/data/fred/excel/ove_fred_venezuela.xlsx
FRED - Federal Reserve Bank of St. Louis;Venezuela;MTVENA052SCEN;Value of Exports to Bolivarian Republic of Venezuela from Montana;Dollars;Annual;Not Seasonally Adjusted;Con datos;;10;1992-01-01;2014-01-01;206865.0;https://fred.stlouisfed.org/series/MTVENA052SCEN;assets/data/fred/csv/ove_fred_venezuela.csv;assets/data/fred/json/ove_fred_venezuela.json;assets/data/fred/excel/ove_fred_venezuela.xlsx
FRED - Federal Reserve Bank of St. Louis;Venezuela;MTVENA475SCEN;Number of Identified Exporters to Bolivarian Republic of Venezuela from Montana;Number of Firms;Annual;Not Seasonally Adjusted;Con datos;;15;1992-01-01;2014-01-01;3.0;https://fred.stlouisfed.org/series/MTVENA475SCEN;assets/data/fred/csv/ove_fred_venezuela.csv;assets/data/fred/json/ove_fred_venezuela.json;assets/data/fred/excel/ove_fred_venezuela.xlsx
FRED - Federal Reserve Bank of St. Louis;Venezuela;NBVEBIS;Broad Effective Exchange Rate for Venezuela (DISCONTINUED);Index 2020=100;Monthly;Not Seasonally Adjusted;Con datos;;302;1994-01-01;2019-02-01;0.0;https://fred.stlouisfed.org/series/NBVEBIS;assets/data/fred/csv/ove_fred_venezuela.csv;assets/data/fred/json/ove_fred_venezuela.json;assets/data/fred/excel/ove_fred_venezuela.xlsx
FRED - Federal Reserve Bank of St. Louis;Venezuela;NCVENA052SCEN;Value of Exports to Bolivarian Republic of Venezuela from North Carolina;Dollars;Annual;Not Seasonally Adjusted;No descargada;HTTP Error 403: Forbidden;0;;;;https://fred.stlouisfed.org/series/NCVENA052SCEN;assets/data/fred/csv/ove_fred_venezuela.csv;assets/data/fred/json/ove_fred_venezuela.json;assets/data/fred/excel/ove_fred_venezuela.xlsx
FRED - Federal Reserve Bank of St. Louis;Venezuela;NCVENA475SCEN;Number of Identified Exporters to Bolivarian Republic of Venezuela from North Carolina;Number of Firms;Annual;Not Seasonally Adjusted;Con datos;;22;1992-01-01;2022-01-01;41.0;https://fred.stlouisfed.org/series/NCVENA475SCEN;assets/data/fred/csv/ove_fred_venezuela.csv;assets/data/fred/json/ove_fred_venezuela.json;assets/data/fred/excel/ove_fred_venezuela.xlsx
FRED - Federal Reserve Bank of St. Louis;Venezuela;NDVENA052SCEN;Value of Exports to Bolivarian Republic of Venezuela from North Dakota;Dollars;Annual;Not Seasonally Adjusted;No descargada;HTTP Error 403: Forbidden;0;;;;https://fred.stlouisfed.org/series/NDVENA052SCEN;assets/data/fred/csv/ove_fred_venezuela.csv;assets/data/fred/json/ove_fred_venezuela.json;assets/data/fred/excel/ove_fred_venezuela.xlsx
FRED - Federal Reserve Bank of St. Louis;Venezuela;NDVENA475SCEN;Number of Identified Exporters to Bolivarian Republic of Venezuela from North Dakota;Number of Firms;Annual;Not Seasonally Adjusted;No descargada;HTTP Error 403: Forbidden;0;;;;https://fred.stlouisfed.org/series/NDVENA475SCEN;assets/data/fred/csv/ove_fred_venezuela.csv;assets/data/fred/json/ove_fred_venezuela.json;assets/data/fred/excel/ove_fred_venezuela.xlsx
FRED - Federal Reserve Bank of St. Louis;Venezuela;NEVENA052SCEN;Value of Exports to Bolivarian Republic of Venezuela from Nebraska;Dollars;Annual;Not Seasonally Adjusted;No descargada;HTTP Error 403: Forbidden;0;;;;https://fred.stlouisfed.org/series/NEVENA052SCEN;assets/data/fred/csv/ove_fred_venezuela.csv;assets/data/fred/json/ove_fred_venezuela.json;assets/data/fred/excel/ove_fred_venezuela.xlsx
FRED - Federal Reserve Bank of St. Louis;Venezuela;NEVENA475SCEN;Number of Identified Exporters to Bolivarian Republic of Venezuela from Nebraska;Number of Firms;Annual;Not Seasonally Adjusted;No descargada;HTTP Error 403: Forbidden;0;;;;https://fred.stlouisfed.org/series/NEVENA475SCEN;assets/data/fred/csv/ove_fred_venezuela.csv;assets/data/fred/json/ove_fred_venezuela.json;assets/data/fred/excel/ove_fred_venezuela.xlsx
FRED - Federal Reserve Bank of St. Louis;Venezuela;NHVENA052SCEN;Value of Exports to Bolivarian Republic of Venezuela from New Hampshire;Dollars;Annual;Not Seasonally Adjusted;No descargada;HTTP Error 403: Forbidden;0;;;;https://fred.stlouisfed.org/series/NHVENA052SCEN;assets/data/fred/csv/ove_fred_venezuela.csv;assets/data/fred/json/ove_fred_venezuela.json;assets/data/fred/excel/ove_fred_venezuela.xlsx
FRED - Federal Reserve Bank of St. Louis;Venezuela;NHVENA475SCEN;Number of Identified Exporters to Bolivarian Republic of Venezuela from New Hampshire;Number of Firms;Annual;Not Seasonally Adjusted;No descargada;HTTP Error 403: Forbidden;0;;;;https://fred.stlouisfed.org/series/NHVENA475SCEN;assets/data/fred/csv/ove_fred_venezuela.csv;assets/data/fred/json/ove_fred_venezuela.json;assets/data/fred/excel/ove_fred_venezuela.xlsx
FRED - Federal Reserve Bank of St. Louis;Venezuela;NJVENA052SCEN;Value of Exports to Bolivarian Republic of Venezuela from New Jersey;Dollars;Annual;Not Seasonally Adjusted;Con datos;;22;1992-01-01;2022-01-01;3888969.0;https://fred.stlouisfed.org/series/NJVENA052SCEN;assets/data/fred/csv/ove_fred_venezuela.csv;assets/data/fred/json/ove_fred_venezuela.json;assets/data/fred/excel/ove_fred_venezuela.xlsx
FRED - Federal Reserve Bank of St. Louis;Venezuela;NJVENA475SCEN;Number of Identified Exporters to Bolivarian Republic of Venezuela from New Jersey;Number of Firms;Annual;Not Seasonally Adjusted;No descargada;HTTP Error 403: Forbidden;0;;;;https://fred.stlouisfed.org/series/NJVENA475SCEN;assets/data/fred/csv/ove_fred_venezuela.csv;assets/data/fred/json/ove_fred_venezuela.json;assets/data/fred/excel/ove_fred_venezuela.xlsx
FRED - Federal Reserve Bank of St. Louis;Venezuela;NMVENA052SCEN;Value of Exports to Bolivarian Republic of Venezuela from New Mexico;Dollars;Annual;Not Seasonally Adjusted;Con datos;;13;1992-01-01;2022-01-01;743939.0;https://fred.stlouisfed.org/series/NMVENA052SCEN;assets/data/fred/csv/ove_fred_venezuela.csv;assets/data/fred/json/ove_fred_venezuela.json;assets/data/fred/excel/ove_fred_venezuela.xlsx
FRED - Federal Reserve Bank of St. Louis;Venezuela;NMVENA475SCEN;Number of Identified Exporters to Bolivarian Republic of Venezuela from New Mexico;Number of Firms;Annual;Not Seasonally Adjusted;No descargada;HTTP Error 403: Forbidden;0;;;;https://fred.stlouisfed.org/series/NMVENA475SCEN;assets/data/fred/csv/ove_fred_venezuela.csv;assets/data/fred/json/ove_fred_venezuela.json;assets/data/fred/excel/ove_fred_venezuela.xlsx
FRED - Federal Reserve Bank of St. Louis;Venezuela;NVVENA052SCEN;Value of Exports to Bolivarian Republic of Venezuela from Nevada;Dollars;Annual;Not Seasonally Adjusted;Con datos;;19;1992-01-01;2021-01-01;144707.0;https://fred.stlouisfed.org/series/NVVENA052SCEN;assets/data/fred/csv/ove_fred_venezuela.csv;assets/data/fred/json/ove_fred_venezuela.json;assets/data/fred/excel/ove_fred_venezuela.xlsx
FRED - Federal Reserve Bank of St. Louis;Venezuela;NVVENA475SCEN;Number of Identified Exporters to Bolivarian Republic of Venezuela from Nevada;Number of Firms;Annual;Not Seasonally Adjusted;No descargada;HTTP Error 403: Forbidden;0;;;;https://fred.stlouisfed.org/series/NVVENA475SCEN;assets/data/fred/csv/ove_fred_venezuela.csv;assets/data/fred/json/ove_fred_venezuela.json;assets/data/fred/excel/ove_fred_venezuela.xlsx
FRED - Federal Reserve Bank of St. Louis;Venezuela;NYGDPPCAPKDVEN;Constant GDP per capita for the Bolivarian Republic of Venezuela;2010 U.S. Dollars;Annual;Not Seasonally Adjusted;Con datos;;55;1960-01-01;2014-01-01;14026.3664129191;https://fred.stlouisfed.org/series/NYGDPPCAPKDVEN;assets/data/fred/csv/ove_fred_venezuela.csv;assets/data/fred/json/ove_fred_venezuela.json;assets/data/fred/excel/ove_fred_venezuela.xlsx
FRED - Federal Reserve Bank of St. Louis;Venezuela;NYVENA052SCEN;Value of Exports to Bolivarian Republic of Venezuela from New York;Dollars;Annual;Not Seasonally Adjusted;No descargada;HTTP Error 403: Forbidden;0;;;;https://fred.stlouisfed.org/series/NYVENA052SCEN;assets/data/fred/csv/ove_fred_venezuela.csv;assets/data/fred/json/ove_fred_venezuela.json;assets/data/fred/excel/ove_fred_venezuela.xlsx
FRED - Federal Reserve Bank of St. Louis;Venezuela;NYVENA475SCEN;Number of Identified Exporters to Bolivarian Republic of Venezuela from New York;Number of Firms;Annual;Not Seasonally Adjusted;No descargada;HTTP Error 403: Forbidden;0;;;;https://fred.stlouisfed.org/series/NYVENA475SCEN;assets/data/fred/csv/ove_fred_venezuela.csv;assets/data/fred/json/ove_fred_venezuela.json;assets/data/fred/excel/ove_fred_venezuela.xlsx
FRED - Federal Reserve Bank of St. Louis;Venezuela;OHVENA052SCEN;Value of Exports to Bolivarian Republic of Venezuela from Ohio;Dollars;Annual;Not Seasonally Adjusted;No descargada;HTTP Error 403: Forbidden;0;;;;https://fred.stlouisfed.org/series/OHVENA052SCEN;assets/data/fred/csv/ove_fred_venezuela.csv;assets/data/fred/json/ove_fred_venezuela.json;assets/data/fred/excel/ove_fred_venezuela.xlsx
FRED - Federal Reserve Bank of St. Louis;Venezuela;OHVENA475SCEN;Number of Identified Exporters to Bolivarian Republic of Venezuela from Ohio;Number of Firms;Annual;Not Seasonally Adjusted;Con datos;;22;1992-01-01;2022-01-01;43.0;https://fred.stlouisfed.org/series/OHVENA475SCEN;assets/data/fred/csv/ove_fred_venezuela.csv;assets/data/fred/json/ove_fred_venezuela.json;assets/data/fred/excel/ove_fred_venezuela.xlsx
FRED - Federal Reserve Bank of St. Louis;Venezuela;OKVENA052SCEN;Value of Exports to Bolivarian Republic of Venezuela from Oklahoma;Dollars;Annual;Not Seasonally Adjusted;No descargada;HTTP Error 403: Forbidden;0;;;;https://fred.stlouisfed.org/series/OKVENA052SCEN;assets/data/fred/csv/ove_fred_venezuela.csv;assets/data/fred/json/ove_fred_venezuela.json;assets/data/fred/excel/ove_fred_venezuela.xlsx
FRED - Federal Reserve Bank of St. Louis;Venezuela;OKVENA475SCEN;Number of Identified Exporters to Bolivarian Republic of Venezuela from Oklahoma;Number of Firms;Annual;Not Seasonally Adjusted;No descargada;HTTP Error 403: Forbidden;0;;;;https://fred.stlouisfed.org/series/OKVENA475SCEN;assets/data/fred/csv/ove_fred_venezuela.csv;assets/data/fred/json/ove_fred_venezuela.json;assets/data/fred/excel/ove_fred_venezuela.xlsx
FRED - Federal Reserve Bank of St. Louis;Venezuela;OPENCPVEA156NUPN;Openness at Current Prices for Venezuela;Percent;Annual;Not Seasonally Adjusted;Con datos;;61;1950-01-01;2010-01-01;45.86565346;https://fred.stlouisfed.org/series/OPENCPVEA156NUPN;assets/data/fred/csv/ove_fred_venezuela.csv;assets/data/fred/json/ove_fred_venezuela.json;assets/data/fred/excel/ove_fred_venezuela.xlsx
FRED - Federal Reserve Bank of St. Louis;Venezuela;OPENRPVEA156NUPN;Openness at constant prices for Venezuela;Percent;Annual;Not Seasonally Adjusted;No descargada;HTTP Error 403: Forbidden;0;;;;https://fred.stlouisfed.org/series/OPENRPVEA156NUPN;assets/data/fred/csv/ove_fred_venezuela.csv;assets/data/fred/json/ove_fred_venezuela.json;assets/data/fred/excel/ove_fred_venezuela.xlsx
FRED - Federal Reserve Bank of St. Louis;Venezuela;ORVENA052SCEN;Value of Exports to Bolivarian Republic of Venezuela from Oregon;Dollars;Annual;Not Seasonally Adjusted;Con datos;;18;1992-01-01;2019-01-01;197417.0;https://fred.stlouisfed.org/series/ORVENA052SCEN;assets/data/fred/csv/ove_fred_venezuela.csv;assets/data/fred/json/ove_fred_venezuela.json;assets/data/fred/excel/ove_fred_venezuela.xlsx
FRED - Federal Reserve Bank of St. Louis;Venezuela;ORVENA475SCEN;Number of Identified Exporters to Bolivarian Republic of Venezuela from Oregon;Number of Firms;Annual;Not Seasonally Adjusted;No descargada;HTTP Error 403: Forbidden;0;;;;https://fred.stlouisfed.org/series/ORVENA475SCEN;assets/data/fred/csv/ove_fred_venezuela.csv;assets/data/fred/json/ove_fred_venezuela.json;assets/data/fred/excel/ove_fred_venezuela.xlsx
FRED - Federal Reserve Bank of St. Louis;Venezuela;PATENT4NVEDESIGN;U.S. Granted Patents: Design Patents Originating in Venezuela;Number;Annual;Not Seasonally Adjusted;No descargada;HTTP Error 403: Forbidden;0;;;;https://fred.stlouisfed.org/series/PATENT4NVEDESIGN;assets/data/fred/csv/ove_fred_venezuela.csv;assets/data/fred/json/ove_fred_venezuela.json;assets/data/fred/excel/ove_fred_venezuela.xlsx
FRED - Federal Reserve Bank of St. Louis;Venezuela;PATENT4NVEPLANT;U.S. Granted Patents: Plant Patents Originating in Venezuela;Number;Annual;Not Seasonally Adjusted;Con datos;;29;1992-01-01;2020-01-01;0.0;https://fred.stlouisfed.org/series/PATENT4NVEPLANT;assets/data/fred/csv/ove_fred_venezuela.csv;assets/data/fred/json/ove_fred_venezuela.json;assets/data/fred/excel/ove_fred_venezuela.xlsx
FRED - Federal Reserve Bank of St. Louis;Venezuela;PATENT4NVEREISSUE;U.S. Granted Patents: Reissue Patents Originating in Venezuela;Number;Annual;Not Seasonally Adjusted;No descargada;HTTP Error 403: Forbidden;0;;;;https://fred.stlouisfed.org/series/PATENT4NVEREISSUE;assets/data/fred/csv/ove_fred_venezuela.csv;assets/data/fred/json/ove_fred_venezuela.json;assets/data/fred/excel/ove_fred_venezuela.xlsx
FRED - Federal Reserve Bank of St. Louis;Venezuela;PATENT4NVETOTAL;U.S. Granted Patents: Total Patents Originating in Venezuela;Number;Annual;Not Seasonally Adjusted;Con datos;;29;1992-01-01;2020-01-01;3.0;https://fred.stlouisfed.org/series/PATENT4NVETOTAL;assets/data/fred/csv/ove_fred_venezuela.csv;assets/data/fred/json/ove_fred_venezuela.json;assets/data/fred/excel/ove_fred_venezuela.xlsx
FRED - Federal Reserve Bank of St. Louis;Venezuela;PATENT4NVEUTILITY;U.S. Granted Patents: Utility Patents Originating in Venezuela;Number;Annual;Not Seasonally Adjusted;Con datos;;29;1992-01-01;2020-01-01;3.0;https://fred.stlouisfed.org/series/PATENT4NVEUTILITY;assets/data/fred/csv/ove_fred_venezuela.csv;assets/data/fred/json/ove_fred_venezuela.json;assets/data/fred/excel/ove_fred_venezuela.xlsx
FRED - Federal Reserve Bank of St. Louis;Venezuela;PAVENA052SCEN;Value of Exports to Bolivarian Republic of Venezuela from Pennsylvania;Dollars;Annual;Not Seasonally Adjusted;No descargada;HTTP Error 403: Forbidden;0;;;;https://fred.stlouisfed.org/series/PAVENA052SCEN;assets/data/fred/csv/ove_fred_venezuela.csv;assets/data/fred/json/ove_fred_venezuela.json;assets/data/fred/excel/ove_fred_venezuela.xlsx
FRED - Federal Reserve Bank of St. Louis;Venezuela;PAVENA475SCEN;Number of Identified Exporters to Bolivarian Republic of Venezuela from Pennsylvania;Number of Firms;Annual;Not Seasonally Adjusted;No descargada;HTTP Error 403: Forbidden;0;;;;https://fred.stlouisfed.org/series/PAVENA475SCEN;assets/data/fred/csv/ove_fred_venezuela.csv;assets/data/fred/json/ove_fred_venezuela.json;assets/data/fred/excel/ove_fred_venezuela.xlsx
FRED - Federal Reserve Bank of St. Louis;Venezuela;PC2GDPVEA620NUPN;Purchasing Power Parity Converted GDP Per Capita, average GEKS-CPDW, at current prices for Venezuela;International Dollars;Annual;Not Seasonally Adjusted;Con datos;;61;1950-01-01;2010-01-01;11809.94057;https://fred.stlouisfed.org/series/PC2GDPVEA620NUPN;assets/data/fred/csv/ove_fred_venezuela.csv;assets/data/fred/json/ove_fred_venezuela.json;assets/data/fred/excel/ove_fred_venezuela.xlsx
FRED - Federal Reserve Bank of St. Louis;Venezuela;PCAGDPVEA646NWDB;Gross Domestic Product Per Capita for Bolivarian Republic of Venezuela;Current U.S. Dollars;Annual;Not Seasonally Adjusted;Con datos;;66;1960-01-01;2025-01-01;3494.8138870244;https://fred.stlouisfed.org/series/PCAGDPVEA646NWDB;assets/data/fred/csv/ove_fred_venezuela.csv;assets/data/fred/json/ove_fred_venezuela.json;assets/data/fred/excel/ove_fred_venezuela.xlsx
FRED - Federal Reserve Bank of St. Louis;Venezuela;PCDGDPVEA620NUPN;Purchasing Power Parity Converted Domestic Absorption Per Capita, average GEKS-CPDW, at current prices for Venezuela;International Dollars;Annual;Not Seasonally Adjusted;Con datos;;61;1950-01-01;2010-01-01;10445.85073;https://fred.stlouisfed.org/series/PCDGDPVEA620NUPN;assets/data/fred/csv/ove_fred_venezuela.csv;assets/data/fred/json/ove_fred_venezuela.json;assets/data/fred/excel/ove_fred_venezuela.xlsx
FRED - Federal Reserve Bank of St. Louis;Venezuela;PGD2USVEA621NUPN;Purchasing Power Parity Converted GDP Per Capita Relative to the United States, average GEKS-CPDW, at current prices for Venezuela;U.S.=100;Annual;Not Seasonally Adjusted;Con datos;;61;1950-01-01;2010-01-01;25.36032612;https://fred.stlouisfed.org/series/PGD2USVEA621NUPN;assets/data/fred/csv/ove_fred_venezuela.csv;assets/data/fred/json/ove_fred_venezuela.json;assets/data/fred/excel/ove_fred_venezuela.xlsx
FRED - Federal Reserve Bank of St. Louis;Venezuela;PGDPUSVEA621NUPN;Purchasing Power Parity Converted GDP Per Capita Relative to the United States, G-K method, at current prices for Venezuela;U.S.=100;Annual;Not Seasonally Adjusted;Con datos;;61;1950-01-01;2010-01-01;25.29171848;https://fred.stlouisfed.org/series/PGDPUSVEA621NUPN;assets/data/fred/csv/ove_fred_venezuela.csv;assets/data/fred/json/ove_fred_venezuela.json;assets/data/fred/excel/ove_fred_venezuela.xlsx
FRED - Federal Reserve Bank of St. Louis;Venezuela;PL2GDPVEA621NUPN;Price Level of GDP, average of GEKS-CPDW for Venezuela;U.S.=100;Annual;Not Seasonally Adjusted;Con datos;;61;1950-01-01;2010-01-01;121.3461635;https://fred.stlouisfed.org/series/PL2GDPVEA621NUPN;assets/data/fred/csv/ove_fred_venezuela.csv;assets/data/fred/json/ove_fred_venezuela.json;assets/data/fred/excel/ove_fred_venezuela.xlsx
FRED - Federal Reserve Bank of St. Louis;Venezuela;PLCCPPVEA670NRUG;Price Level of Household Consumption for Bolivarian Republic of Venezuela;Price Level of USA Output-side GDP in 2021=1;Annual;Not Seasonally Adjusted;Con datos;;74;1950-01-01;2023-01-01;65.5449341102796;https://fred.stlouisfed.org/series/PLCCPPVEA670NRUG;assets/data/fred/csv/ove_fred_venezuela.csv;assets/data/fred/json/ove_fred_venezuela.json;assets/data/fred/excel/ove_fred_venezuela.xlsx
FRED - Federal Reserve Bank of St. Louis;Venezuela;PLGCPPVEA670NRUG;Price Level of Government Consumption for Bolivarian Republic of Venezuela;Price Level of USA Output-side GDP in 2021=1;Annual;Not Seasonally Adjusted;Con datos;;74;1950-01-01;2023-01-01;23.2163643183614;https://fred.stlouisfed.org/series/PLGCPPVEA670NRUG;assets/data/fred/csv/ove_fred_venezuela.csv;assets/data/fred/json/ove_fred_venezuela.json;assets/data/fred/excel/ove_fred_venezuela.xlsx
FRED - Federal Reserve Bank of St. Louis;Venezuela;PLGDPEVEA670NRUG;Price level of Expenditure-side Real GDP at Current Purchasing Power Parities (Purchasing Power Parity/Exchange Rate) for Bolivarian Republic of Venezuela (DISCONTINUED);Price Level of USA Output-side GDP in 2005=1;Annual;Not Seasonally Adjusted;Con datos;;62;1950-01-01;2011-01-01;1.0502430201;https://fred.stlouisfed.org/series/PLGDPEVEA670NRUG;assets/data/fred/csv/ove_fred_venezuela.csv;assets/data/fred/json/ove_fred_venezuela.json;assets/data/fred/excel/ove_fred_venezuela.xlsx
FRED - Federal Reserve Bank of St. Louis;Venezuela;PLGDPOVEA670NRUG;Price level of Output-side Real GDP at Current Purchasing Power Parities (Purchasing Power Parity/Exchange Rate) for Bolivarian Republic of Venezuela;Price Level of USA Output-side GDP in 2021=1;Annual;Not Seasonally Adjusted;No descargada;HTTP Error 403: Forbidden;0;;;;https://fred.stlouisfed.org/series/PLGDPOVEA670NRUG;assets/data/fred/csv/ove_fred_venezuela.csv;assets/data/fred/json/ove_fred_venezuela.json;assets/data/fred/excel/ove_fred_venezuela.xlsx
FRED - Federal Reserve Bank of St. Louis;Venezuela;PLICPPVEA670NRUG;Price Level of Capital Formation for Bolivarian Republic of Venezuela;Price Level of USA Output-side GDP in 2021=1;Annual;Not Seasonally Adjusted;Con datos;;74;1950-01-01;2023-01-01;40.4344416781944;https://fred.stlouisfed.org/series/PLICPPVEA670NRUG;assets/data/fred/csv/ove_fred_venezuela.csv;assets/data/fred/json/ove_fred_venezuela.json;assets/data/fred/excel/ove_fred_venezuela.xlsx
FRED - Federal Reserve Bank of St. Louis;Venezuela;PLKCPPVEA670NRUG;Price Level of the Capital Stock for Bolivarian Republic of Venezuela;Price Level of USA Output-side GDP in 2021=1;Annual;Not Seasonally Adjusted;Con datos;;70;1954-01-01;2023-01-01;15.1081390380859;https://fred.stlouisfed.org/series/PLKCPPVEA670NRUG;assets/data/fred/csv/ove_fred_venezuela.csv;assets/data/fred/json/ove_fred_venezuela.json;assets/data/fred/excel/ove_fred_venezuela.xlsx
FRED - Federal Reserve Bank of St. Louis;Venezuela;PLMCPPVEA670NRUG;Price Level of Imports for Bolivarian Republic of Venezuela;Price Level of USA Output-side GDP in 2021=1;Annual;Not Seasonally Adjusted;Con datos;;74;1950-01-01;2023-01-01;0.610256195068359;https://fred.stlouisfed.org/series/PLMCPPVEA670NRUG;assets/data/fred/csv/ove_fred_venezuela.csv;assets/data/fred/json/ove_fred_venezuela.json;assets/data/fred/excel/ove_fred_venezuela.xlsx
FRED - Federal Reserve Bank of St. Louis;Venezuela;PLOCONVEA622NUPN;Price Level of Consumption for Venezuela;PPP of Consumption over Exchange Rate;Annual;Not Seasonally Adjusted;Con datos;;61;1950-01-01;2010-01-01;121.4234463;https://fred.stlouisfed.org/series/PLOCONVEA622NUPN;assets/data/fred/csv/ove_fred_venezuela.csv;assets/data/fred/json/ove_fred_venezuela.json;assets/data/fred/excel/ove_fred_venezuela.xlsx
FRED - Federal Reserve Bank of St. Louis;Venezuela;PLOGDPVEA621NUPN;Price Level of GDP, G-K method for Venezuela;U.S.=100;Annual;Not Seasonally Adjusted;Con datos;;61;1950-01-01;2010-01-01;122.0413712;https://fred.stlouisfed.org/series/PLOGDPVEA621NUPN;assets/data/fred/csv/ove_fred_venezuela.csv;assets/data/fred/json/ove_fred_venezuela.json;assets/data/fred/excel/ove_fred_venezuela.xlsx
FRED - Federal Reserve Bank of St. Louis;Venezuela;PLOGINVEA623NUPN;Price Level of Government Consumption for Venezuela;PPP of Government Consumption over Exchange Rate;Annual;Not Seasonally Adjusted;Con datos;;61;1950-01-01;2010-01-01;144.0149859;https://fred.stlouisfed.org/series/PLOGINVEA623NUPN;assets/data/fred/csv/ove_fred_venezuela.csv;assets/data/fred/json/ove_fred_venezuela.json;assets/data/fred/excel/ove_fred_venezuela.xlsx
FRED - Federal Reserve Bank of St. Louis;Venezuela;PLOINVVEA624NUPN;Price Level of Investment for Venezuela;PPP of Investment over Exchange Rate;Annual;Not Seasonally Adjusted;Con datos;;61;1950-01-01;2010-01-01;119.0453568;https://fred.stlouisfed.org/series/PLOINVVEA624NUPN;assets/data/fred/csv/ove_fred_venezuela.csv;assets/data/fred/json/ove_fred_venezuela.json;assets/data/fred/excel/ove_fred_venezuela.xlsx
FRED - Federal Reserve Bank of St. Louis;Venezuela;PLXCPPVEA670NRUG;Price Level of Exports for Bolivarian Republic of Venezuela;Price Level of USA Output-side GDP in 2021=1;Annual;Not Seasonally Adjusted;Con datos;;74;1950-01-01;2023-01-01;0.206251129508019;https://fred.stlouisfed.org/series/PLXCPPVEA670NRUG;assets/data/fred/csv/ove_fred_venezuela.csv;assets/data/fred/json/ove_fred_venezuela.json;assets/data/fred/excel/ove_fred_venezuela.xlsx
FRED - Federal Reserve Bank of St. Louis;Venezuela;POPTOTVEA647NWDB;Population, Total for Bolivarian Republic of Venezuela;Persons;Not Seasonally Adjusted;;Con datos;;66;1960-01-01;2025-01-01;28516896.0;https://fred.stlouisfed.org/series/POPTOTVEA647NWDB;assets/data/fred/csv/ove_fred_venezuela.csv;assets/data/fred/json/ove_fred_venezuela.json;assets/data/fred/excel/ove_fred_venezuela.xlsx
FRED - Federal Reserve Bank of St. Louis;Venezuela;POPTTLVEA148NRUG;Population for Bolivarian Republic of Venezuela;Millions of Persons;Annual;Not Seasonally Adjusted;Con datos;;74;1950-01-01;2023-01-01;28.300854;https://fred.stlouisfed.org/series/POPTTLVEA148NRUG;assets/data/fred/csv/ove_fred_venezuela.csv;assets/data/fred/json/ove_fred_venezuela.json;assets/data/fred/excel/ove_fred_venezuela.xlsx
FRED - Federal Reserve Bank of St. Louis;Venezuela;POPTTLVEA173NUPN;Population for Venezuela;Thousands;Annual;Not Seasonally Adjusted;Con datos;;61;1950-01-01;2010-01-01;27223.228;https://fred.stlouisfed.org/series/POPTTLVEA173NUPN;assets/data/fred/csv/ove_fred_venezuela.csv;assets/data/fred/json/ove_fred_venezuela.json;assets/data/fred/excel/ove_fred_venezuela.xlsx
FRED - Federal Reserve Bank of St. Louis;Venezuela;PPCGDPVEA620NUPN;Purchasing Power Parity Converted GDP Per Capita, G-K method, at current prices for Venezuela;International Dollars;Annual;Not Seasonally Adjusted;Con datos;;61;1950-01-01;2010-01-01;11777.99098;https://fred.stlouisfed.org/series/PPCGDPVEA620NUPN;assets/data/fred/csv/ove_fred_venezuela.csv;assets/data/fred/json/ove_fred_venezuela.json;assets/data/fred/excel/ove_fred_venezuela.xlsx
FRED - Federal Reserve Bank of St. Louis;Venezuela;PPPGDPVEA619NUPN;Total Purchasing Power Parity Converted GDP, G-K method, at current prices for Venezuela;Millions of International Dollars;Annual;Not Seasonally Adjusted;Con datos;;61;1950-01-01;2010-01-01;320634.9337;https://fred.stlouisfed.org/series/PPPGDPVEA619NUPN;assets/data/fred/csv/ove_fred_venezuela.csv;assets/data/fred/json/ove_fred_venezuela.json;assets/data/fred/excel/ove_fred_venezuela.xlsx
FRED - Federal Reserve Bank of St. Louis;Venezuela;PPPTTLVEA618NUPN;Purchasing Power Parity over GDP for Venezuela;National Currency Units per US Dollar;Annual;Not Seasonally Adjusted;Con datos;;61;1950-01-01;2010-01-01;3.155532204;https://fred.stlouisfed.org/series/PPPTTLVEA618NUPN;assets/data/fred/csv/ove_fred_venezuela.csv;assets/data/fred/json/ove_fred_venezuela.json;assets/data/fred/excel/ove_fred_venezuela.xlsx
FRED - Federal Reserve Bank of St. Louis;Venezuela;PRVENA052SCEN;Value of Exports to Bolivarian Republic of Venezuela from Puerto Rico;Dollars;Annual;Not Seasonally Adjusted;Con datos;;21;1992-01-01;2022-01-01;4890168.0;https://fred.stlouisfed.org/series/PRVENA052SCEN;assets/data/fred/csv/ove_fred_venezuela.csv;assets/data/fred/json/ove_fred_venezuela.json;assets/data/fred/excel/ove_fred_venezuela.xlsx
FRED - Federal Reserve Bank of St. Louis;Venezuela;PRVENA475SCEN;Number of Identified Exporters to Bolivarian Republic of Venezuela from Puerto Rico;Number of Firms;Annual;Not Seasonally Adjusted;No descargada;HTTP Error 403: Forbidden;0;;;;https://fred.stlouisfed.org/series/PRVENA475SCEN;assets/data/fred/csv/ove_fred_venezuela.csv;assets/data/fred/json/ove_fred_venezuela.json;assets/data/fred/excel/ove_fred_venezuela.xlsx
FRED - Federal Reserve Bank of St. Louis;Venezuela;RBVEBIS;Real Broad Effective Exchange Rate for Venezuela (DISCONTINUED);Index 2020=100;Monthly;Not Seasonally Adjusted;Con datos;;302;1994-01-01;2019-02-01;0.68;https://fred.stlouisfed.org/series/RBVEBIS;assets/data/fred/csv/ove_fred_venezuela.csv;assets/data/fred/json/ove_fred_venezuela.json;assets/data/fred/excel/ove_fred_venezuela.xlsx
FRED - Federal Reserve Bank of St. Louis;Venezuela;RGDPCHVEA625NUPN;Purchasing Power Parity Converted GDP Per Capita (Chain Series) for Venezuela;2005 International Dollars per Person;Annual;Not Seasonally Adjusted;Con datos;;61;1950-01-01;2010-01-01;9070.606092;https://fred.stlouisfed.org/series/RGDPCHVEA625NUPN;assets/data/fred/csv/ove_fred_venezuela.csv;assets/data/fred/json/ove_fred_venezuela.json;assets/data/fred/excel/ove_fred_venezuela.xlsx
FRED - Federal Reserve Bank of St. Louis;Venezuela;RGDPEQVEA626NUPN;Purchasing Power Parity Converted GDP Chain per equivalent adult for Venezuela;2005 International Dollars per Equivalent Adult;Annual;Not Seasonally Adjusted;Con datos;;61;1950-01-01;2010-01-01;10670.87232;https://fred.stlouisfed.org/series/RGDPEQVEA626NUPN;assets/data/fred/csv/ove_fred_venezuela.csv;assets/data/fred/json/ove_fred_venezuela.json;assets/data/fred/excel/ove_fred_venezuela.xlsx
FRED - Federal Reserve Bank of St. Louis;Venezuela;RGDPESVEA666NRUG;Expenditure-side Real GDP at Chained Purchasing Power Parities for Bolivarian Republic of Venezuela;Millions of 2021 U.S. Dollars;Annual;Not Seasonally Adjusted;Con datos;;74;1950-01-01;2023-01-01;2528.005859375;https://fred.stlouisfed.org/series/RGDPESVEA666NRUG;assets/data/fred/csv/ove_fred_venezuela.csv;assets/data/fred/json/ove_fred_venezuela.json;assets/data/fred/excel/ove_fred_venezuela.xlsx
FRED - Federal Reserve Bank of St. Louis;Venezuela;RGDPL2VEA625NUPN;Purchasing Power Parity Converted GDP Per Capita (Laspeyres), derived from growth rates of domestic absorption for Venezuela;2005 International Dollars per Person;Annual;Not Seasonally Adjusted;Con datos;;61;1950-01-01;2010-01-01;9061.718438;https://fred.stlouisfed.org/series/RGDPL2VEA625NUPN;assets/data/fred/csv/ove_fred_venezuela.csv;assets/data/fred/json/ove_fred_venezuela.json;assets/data/fred/excel/ove_fred_venezuela.xlsx
FRED - Federal Reserve Bank of St. Louis;Venezuela;RGDPLPVEA625NUPN;Purchasing Power Parity Converted GDP Per Capita (Laspeyres), derived from growth rates of Consumption, Government Consumption, Investment for Venezuela;2005 International Dollars per Person;Annual;Not Seasonally Adjusted;Con datos;;61;1950-01-01;2010-01-01;9070.929923;https://fred.stlouisfed.org/series/RGDPLPVEA625NUPN;assets/data/fred/csv/ove_fred_venezuela.csv;assets/data/fred/json/ove_fred_venezuela.json;assets/data/fred/excel/ove_fred_venezuela.xlsx
FRED - Federal Reserve Bank of St. Louis;Venezuela;RGDPLWVEA627NUPN;Purchasing Power Parity Converted GDP Laspeyres per worker for Venezuela;2005 International Dollars per Worker;Annual;Not Seasonally Adjusted;Con datos;;61;1950-01-01;2010-01-01;19492.28703;https://fred.stlouisfed.org/series/RGDPLWVEA627NUPN;assets/data/fred/csv/ove_fred_venezuela.csv;assets/data/fred/json/ove_fred_venezuela.json;assets/data/fred/excel/ove_fred_venezuela.xlsx
FRED - Federal Reserve Bank of St. Louis;Venezuela;RGDPNAVEA666NRUG;Real GDP at Constant National Prices for Bolivarian Republic of Venezuela;Millions of 2021 U.S. Dollars;Annual;Not Seasonally Adjusted;Con datos;;74;1950-01-01;2023-01-01;5304.27978515625;https://fred.stlouisfed.org/series/RGDPNAVEA666NRUG;assets/data/fred/csv/ove_fred_venezuela.csv;assets/data/fred/json/ove_fred_venezuela.json;assets/data/fred/excel/ove_fred_venezuela.xlsx
FRED - Federal Reserve Bank of St. Louis;Venezuela;RGDPOSVEA666NRUG;Output-side Real GDP at chained Purchasing Power Parities for Bolivarian Republic of Venezuela;Millions of 2021 U.S. Dollars;Annual;Not Seasonally Adjusted;Con datos;;74;1950-01-01;2023-01-01;4501.99462890625;https://fred.stlouisfed.org/series/RGDPOSVEA666NRUG;assets/data/fred/csv/ove_fred_venezuela.csv;assets/data/fred/json/ove_fred_venezuela.json;assets/data/fred/excel/ove_fred_venezuela.xlsx
FRED - Federal Reserve Bank of St. Louis;Venezuela;RGDPTEVEA629NUPN;Purchasing Power Parity Converted GDP Laspeyres per person counted in total employment for Venezuela;2005 International Dollars per Person Counted in Total Employment;Annual;Not Seasonally Adjusted;Con datos;;61;1950-01-01;2010-01-01;25811.10218;https://fred.stlouisfed.org/series/RGDPTEVEA629NUPN;assets/data/fred/csv/ove_fred_venezuela.csv;assets/data/fred/json/ove_fred_venezuela.json;assets/data/fred/excel/ove_fred_venezuela.xlsx
FRED - Federal Reserve Bank of St. Louis;Venezuela;RGDPTHVEA630NUPN;Purchasing Power Parity Converted GDP Laspeyres per hour worked by employees for Venezuela;2005 International Dollars per Hour;Annual;Not Seasonally Adjusted;Con datos;;61;1950-01-01;2010-01-01;13.36670232;https://fred.stlouisfed.org/series/RGDPTHVEA630NUPN;assets/data/fred/csv/ove_fred_venezuela.csv;assets/data/fred/json/ove_fred_venezuela.json;assets/data/fred/excel/ove_fred_venezuela.xlsx
FRED - Federal Reserve Bank of St. Louis;Venezuela;RGDPTTVEA625NUPN;Purchasing Power Parity Converted Gross Domestic Income (adjusted for Terms of Trade changes) for Venezuela;2005 International Dollars per Person;Annual;Not Seasonally Adjusted;No descargada;HTTP Error 403: Forbidden;0;;;;https://fred.stlouisfed.org/series/RGDPTTVEA625NUPN;assets/data/fred/csv/ove_fred_venezuela.csv;assets/data/fred/json/ove_fred_venezuela.json;assets/data/fred/excel/ove_fred_venezuela.xlsx
FRED - Federal Reserve Bank of St. Louis;Venezuela;RGDPWOVEA627NUPN;Purchasing Power Parity Converted GDP Chain per worker for Venezuela;2005 International Dollars per Worker;Annual;Not Seasonally Adjusted;Con datos;;61;1950-01-01;2010-01-01;19511.40489;https://fred.stlouisfed.org/series/RGDPWOVEA627NUPN;assets/data/fred/csv/ove_fred_venezuela.csv;assets/data/fred/json/ove_fred_venezuela.json;assets/data/fred/excel/ove_fred_venezuela.xlsx
FRED - Federal Reserve Bank of St. Louis;Venezuela;RIVENA052SCEN;Value of Exports to Bolivarian Republic of Venezuela from Rhode Island;Dollars;Annual;Not Seasonally Adjusted;No descargada;HTTP Error 403: Forbidden;0;;;;https://fred.stlouisfed.org/series/RIVENA052SCEN;assets/data/fred/csv/ove_fred_venezuela.csv;assets/data/fred/json/ove_fred_venezuela.json;assets/data/fred/excel/ove_fred_venezuela.xlsx
FRED - Federal Reserve Bank of St. Louis;Venezuela;RIVENA475SCEN;Number of Identified Exporters to Bolivarian Republic of Venezuela from Rhode Island;Number of Firms;Annual;Not Seasonally Adjusted;No descargada;HTTP Error 403: Forbidden;0;;;;https://fred.stlouisfed.org/series/RIVENA475SCEN;assets/data/fred/csv/ove_fred_venezuela.csv;assets/data/fred/json/ove_fred_venezuela.json;assets/data/fred/excel/ove_fred_venezuela.xlsx
FRED - Federal Reserve Bank of St. Louis;Venezuela;RKNANPVEA666NRUG;Capital Stock at Constant National Prices for Bolivarian Republic of Venezuela;Millions of 2021 U.S. Dollars;Annual;Not Seasonally Adjusted;Con datos;;74;1950-01-01;2023-01-01;119927.1796875;https://fred.stlouisfed.org/series/RKNANPVEA666NRUG;assets/data/fred/csv/ove_fred_venezuela.csv;assets/data/fred/json/ove_fred_venezuela.json;assets/data/fred/excel/ove_fred_venezuela.xlsx
FRED - Federal Reserve Bank of St. Louis;Venezuela;RTFPNAVEA632NRUG;Total Factor Productivity at Constant National Prices for Bolivarian Republic of Venezuela;Index 2021=1;Annual;Not Seasonally Adjusted;Con datos;;70;1954-01-01;2023-01-01;1.22892010211945;https://fred.stlouisfed.org/series/RTFPNAVEA632NRUG;assets/data/fred/csv/ove_fred_venezuela.csv;assets/data/fred/json/ove_fred_venezuela.json;assets/data/fred/excel/ove_fred_venezuela.xlsx
FRED - Federal Reserve Bank of St. Louis;Venezuela;SCVENA052SCEN;Value of Exports to Bolivarian Republic of Venezuela from South Carolina;Dollars;Annual;Not Seasonally Adjusted;No descargada;HTTP Error 403: Forbidden;0;;;;https://fred.stlouisfed.org/series/SCVENA052SCEN;assets/data/fred/csv/ove_fred_venezuela.csv;assets/data/fred/json/ove_fred_venezuela.json;assets/data/fred/excel/ove_fred_venezuela.xlsx
FRED - Federal Reserve Bank of St. Louis;Venezuela;SCVENA475SCEN;Number of Identified Exporters to Bolivarian Republic of Venezuela from South Carolina;Number of Firms;Annual;Not Seasonally Adjusted;No descargada;HTTP Error 403: Forbidden;0;;;;https://fred.stlouisfed.org/series/SCVENA475SCEN;assets/data/fred/csv/ove_fred_venezuela.csv;assets/data/fred/json/ove_fred_venezuela.json;assets/data/fred/excel/ove_fred_venezuela.xlsx
FRED - Federal Reserve Bank of St. Louis;Venezuela;SDVENA052SCEN;Value of Exports to Bolivarian Republic of Venezuela from South Dakota;Dollars;Annual;Not Seasonally Adjusted;No descargada;HTTP Error 403: Forbidden;0;;;;https://fred.stlouisfed.org/series/SDVENA052SCEN;assets/data/fred/csv/ove_fred_venezuela.csv;assets/data/fred/json/ove_fred_venezuela.json;assets/data/fred/excel/ove_fred_venezuela.xlsx
FRED - Federal Reserve Bank of St. Louis;Venezuela;SDVENA475SCEN;Number of Identified Exporters to Bolivarian Republic of Venezuela from South Dakota;Number of Firms;Annual;Not Seasonally Adjusted;Con datos;;17;1992-01-01;2016-01-01;2.0;https://fred.stlouisfed.org/series/SDVENA475SCEN;assets/data/fred/csv/ove_fred_venezuela.csv;assets/data/fred/json/ove_fred_venezuela.json;assets/data/fred/excel/ove_fred_venezuela.xlsx
FRED - Federal Reserve Bank of St. Louis;Venezuela;SEADTLITRZSVEN;Literacy Rate, Adult Total for the Bolivarian Republic of Venezuela;Percent of People Ages 15 and Above;Annual;Not Seasonally Adjusted;Con datos;;9;1981-01-01;2022-01-01;97.5999984741211;https://fred.stlouisfed.org/series/SEADTLITRZSVEN;assets/data/fred/csv/ove_fred_venezuela.csv;assets/data/fred/json/ove_fred_venezuela.json;assets/data/fred/excel/ove_fred_venezuela.xlsx
FRED - Federal Reserve Bank of St. Louis;Venezuela;SEENRPRIMFMZSVEN;Ratio of Female to Male Primary School Enrollment for the Bolivarian Republic of Venezuela;Ratio;Annual;Not Seasonally Adjusted;No descargada;HTTP Error 403: Forbidden;0;;;;https://fred.stlouisfed.org/series/SEENRPRIMFMZSVEN;assets/data/fred/csv/ove_fred_venezuela.csv;assets/data/fred/json/ove_fred_venezuela.json;assets/data/fred/excel/ove_fred_venezuela.xlsx
FRED - Federal Reserve Bank of St. Louis;Venezuela;SEENRSECOFMZSVEN;Ratio of Female to Male Secondary School Enrollment for the Bolivarian Republic of Venezuela;Ratio;Annual;Not Seasonally Adjusted;Con datos;;33;1971-01-01;2017-01-01;1.0806200504303;https://fred.stlouisfed.org/series/SEENRSECOFMZSVEN;assets/data/fred/csv/ove_fred_venezuela.csv;assets/data/fred/json/ove_fred_venezuela.json;assets/data/fred/excel/ove_fred_venezuela.xlsx
FRED - Federal Reserve Bank of St. Louis;Venezuela;SEENRTERTFMZSVEN;Ratio of Female to Male Tertiary School Enrollment for the Bolivarian Republic of Venezuela;Ratio;Annual;Not Seasonally Adjusted;Con datos;;8;1986-01-01;2008-01-01;1.40991997718811;https://fred.stlouisfed.org/series/SEENRTERTFMZSVEN;assets/data/fred/csv/ove_fred_venezuela.csv;assets/data/fred/json/ove_fred_venezuela.json;assets/data/fred/excel/ove_fred_venezuela.xlsx
FRED - Federal Reserve Bank of St. Louis;Venezuela;SIPOVGINIVEN;GINI Index for the Bolivarian Republic of Venezuela;Index;Annual;Not Seasonally Adjusted;Con datos;;13;1981-01-01;2006-01-01;44.7;https://fred.stlouisfed.org/series/SIPOVGINIVEN;assets/data/fred/csv/ove_fred_venezuela.csv;assets/data/fred/json/ove_fred_venezuela.json;assets/data/fred/excel/ove_fred_venezuela.xlsx
FRED - Federal Reserve Bank of St. Louis;Venezuela;SLEMPTOTLSPZSVEN;Employment to Population Ratio for the Bolivarian Republic of Venezuela;Percent;Annual;Not Seasonally Adjusted;Con datos;;35;1991-01-01;2025-01-01;49.171;https://fred.stlouisfed.org/series/SLEMPTOTLSPZSVEN;assets/data/fred/csv/ove_fred_venezuela.csv;assets/data/fred/json/ove_fred_venezuela.json;assets/data/fred/excel/ove_fred_venezuela.xlsx
FRED - Federal Reserve Bank of St. Louis;Venezuela;SLUEM1524ZSVEN;Youth Unemployment Rate for the Bolivarian Republic of Venezuela;Percent;Annual;Not Seasonally Adjusted;Con datos;;35;1991-01-01;2025-01-01;10.444;https://fred.stlouisfed.org/series/SLUEM1524ZSVEN;assets/data/fred/csv/ove_fred_venezuela.csv;assets/data/fred/json/ove_fred_venezuela.json;assets/data/fred/excel/ove_fred_venezuela.xlsx
FRED - Federal Reserve Bank of St. Louis;Venezuela;SMPOPNETMVEN;Net migration for the Bolivarian Republic of Venezuela;People;5 Year;Not Seasonally Adjusted;Con datos;;12;1962-01-01;2017-01-01;-3266243.0;https://fred.stlouisfed.org/series/SMPOPNETMVEN;assets/data/fred/csv/ove_fred_venezuela.csv;assets/data/fred/json/ove_fred_venezuela.json;assets/data/fred/excel/ove_fred_venezuela.xlsx
FRED - Federal Reserve Bank of St. Louis;Venezuela;SMPOPREFGVEN;Refugee Population by Country or Territory of Asylum for the Bolivarian Republic of Venezuela;Persons;Annual;Not Seasonally Adjusted;Con datos;;53;1969-01-01;2023-01-01;29336.0;https://fred.stlouisfed.org/series/SMPOPREFGVEN;assets/data/fred/csv/ove_fred_venezuela.csv;assets/data/fred/json/ove_fred_venezuela.json;assets/data/fred/excel/ove_fred_venezuela.xlsx
FRED - Federal Reserve Bank of St. Louis;Venezuela;SMPOPTOTLVEN;International Migrant Stock, Total for the Bolivarian Republic of Venezuela;Persons;5 Year;Not Seasonally Adjusted;No descargada;HTTP Error 403: Forbidden;0;;;;https://fred.stlouisfed.org/series/SMPOPTOTLVEN;assets/data/fred/csv/ove_fred_venezuela.csv;assets/data/fred/json/ove_fred_venezuela.json;assets/data/fred/excel/ove_fred_venezuela.xlsx
FRED - Federal Reserve Bank of St. Louis;Venezuela;SPADOTFRTVEN;Adolescent Fertility Rate for the Bolivarian Republic of Venezuela;Births per 1, 000 Women Ages 15-19;Annual;Not Seasonally Adjusted;Con datos;;65;1960-01-01;2024-01-01;73.189;https://fred.stlouisfed.org/series/SPADOTFRTVEN;assets/data/fred/csv/ove_fred_venezuela.csv;assets/data/fred/json/ove_fred_venezuela.json;assets/data/fred/excel/ove_fred_venezuela.xlsx
FRED - Federal Reserve Bank of St. Louis;Venezuela;SPDYNCBRTINVEN;Crude Birth Rate for the Bolivarian Republic of Venezuela;Births per 1, 000 People;Annual;Not Seasonally Adjusted;Con datos;;65;1960-01-01;2024-01-01;15.231;https://fred.stlouisfed.org/series/SPDYNCBRTINVEN;assets/data/fred/csv/ove_fred_venezuela.csv;assets/data/fred/json/ove_fred_venezuela.json;assets/data/fred/excel/ove_fred_venezuela.xlsx
FRED - Federal Reserve Bank of St. Louis;Venezuela;SPDYNIMRTINVEN;Infant Mortality Rate for the Bolivarian Republic of Venezuela;Number per 1, 000 Live Births;Annual;Not Seasonally Adjusted;Con datos;;65;1960-01-01;2024-01-01;21.2;https://fred.stlouisfed.org/series/SPDYNIMRTINVEN;assets/data/fred/csv/ove_fred_venezuela.csv;assets/data/fred/json/ove_fred_venezuela.json;assets/data/fred/excel/ove_fred_venezuela.xlsx
FRED - Federal Reserve Bank of St. Louis;Venezuela;SPDYNLE00INVEN;Life Expectancy at Birth, Total for the Bolivarian Republic of Venezuela;Number of Years;Annual;Not Seasonally Adjusted;Con datos;;65;1960-01-01;2024-01-01;72.673;https://fred.stlouisfed.org/series/SPDYNLE00INVEN;assets/data/fred/csv/ove_fred_venezuela.csv;assets/data/fred/json/ove_fred_venezuela.json;assets/data/fred/excel/ove_fred_venezuela.xlsx
FRED - Federal Reserve Bank of St. Louis;Venezuela;SPDYNTFRTINVEN;Fertility Rate, Total for the Bolivarian Republic of Venezuela;Births per Woman;Annual;Not Seasonally Adjusted;Con datos;;65;1960-01-01;2024-01-01;2.077;https://fred.stlouisfed.org/series/SPDYNTFRTINVEN;assets/data/fred/csv/ove_fred_venezuela.csv;assets/data/fred/json/ove_fred_venezuela.json;assets/data/fred/excel/ove_fred_venezuela.xlsx
FRED - Federal Reserve Bank of St. Louis;Venezuela;SPPOP0014TOZSVEN;Population Ages 0 to 14 for the Bolivarian Republic of Venezuela;Percent of Total;Annual;Not Seasonally Adjusted;Con datos;;66;1960-01-01;2025-01-01;24.9159954154898;https://fred.stlouisfed.org/series/SPPOP0014TOZSVEN;assets/data/fred/csv/ove_fred_venezuela.csv;assets/data/fred/json/ove_fred_venezuela.json;assets/data/fred/excel/ove_fred_venezuela.xlsx
FRED - Federal Reserve Bank of St. Louis;Venezuela;SPPOP1564TOZSVEN;Population Ages 15 to 64 for the Bolivarian Republic of Venezuela;Percent of Total;Annual;Not Seasonally Adjusted;No descargada;HTTP Error 403: Forbidden;0;;;;https://fred.stlouisfed.org/series/SPPOP1564TOZSVEN;assets/data/fred/csv/ove_fred_venezuela.csv;assets/data/fred/json/ove_fred_venezuela.json;assets/data/fred/excel/ove_fred_venezuela.xlsx
FRED - Federal Reserve Bank of St. Louis;Venezuela;SPPOP65UPTOZSVEN;Population ages 65 and above for the Bolivarian Republic of Venezuela;Percent of Total;Annual;Not Seasonally Adjusted;Con datos;;66;1960-01-01;2025-01-01;10.0182554931645;https://fred.stlouisfed.org/series/SPPOP65UPTOZSVEN;assets/data/fred/csv/ove_fred_venezuela.csv;assets/data/fred/json/ove_fred_venezuela.json;assets/data/fred/excel/ove_fred_venezuela.xlsx
FRED - Federal Reserve Bank of St. Louis;Venezuela;SPPOPDPNDOLVEN;Age Dependency Ratio: Older Dependents to Working-Age Population for the Bolivarian Republic of Venezuela;Percent of Working-Age Population;Annual;Not Seasonally Adjusted;Con datos;;66;1960-01-01;2025-01-01;15.397128883349;https://fred.stlouisfed.org/series/SPPOPDPNDOLVEN;assets/data/fred/csv/ove_fred_venezuela.csv;assets/data/fred/json/ove_fred_venezuela.json;assets/data/fred/excel/ove_fred_venezuela.xlsx
FRED - Federal Reserve Bank of St. Louis;Venezuela;SPPOPGROWVEN;Population Growth for the Bolivarian Republic of Venezuela;Percent Change at Annual Rate;Annual;Not Seasonally Adjusted;Con datos;;65;1961-01-01;2025-01-01;0.39124515392802;https://fred.stlouisfed.org/series/SPPOPGROWVEN;assets/data/fred/csv/ove_fred_venezuela.csv;assets/data/fred/json/ove_fred_venezuela.json;assets/data/fred/excel/ove_fred_venezuela.xlsx
FRED - Federal Reserve Bank of St. Louis;Venezuela;TNVENA052SCEN;Value of Exports to Bolivarian Republic of Venezuela from Tennessee;Dollars;Annual;Not Seasonally Adjusted;No descargada;HTTP Error 403: Forbidden;0;;;;https://fred.stlouisfed.org/series/TNVENA052SCEN;assets/data/fred/csv/ove_fred_venezuela.csv;assets/data/fred/json/ove_fred_venezuela.json;assets/data/fred/excel/ove_fred_venezuela.xlsx
FRED - Federal Reserve Bank of St. Louis;Venezuela;TNVENA475SCEN;Number of Identified Exporters to Bolivarian Republic of Venezuela from Tennessee;Number of Firms;Annual;Not Seasonally Adjusted;No descargada;HTTP Error 403: Forbidden;0;;;;https://fred.stlouisfed.org/series/TNVENA475SCEN;assets/data/fred/csv/ove_fred_venezuela.csv;assets/data/fred/json/ove_fred_venezuela.json;assets/data/fred/excel/ove_fred_venezuela.xlsx
FRED - Federal Reserve Bank of St. Louis;Venezuela;TXVENA052SCEN;Value of Exports to Bolivarian Republic of Venezuela from Texas;Dollars;Annual;Not Seasonally Adjusted;Con datos;;22;1992-01-01;2022-01-01;297118823.0;https://fred.stlouisfed.org/series/TXVENA052SCEN;assets/data/fred/csv/ove_fred_venezuela.csv;assets/data/fred/json/ove_fred_venezuela.json;assets/data/fred/excel/ove_fred_venezuela.xlsx
FRED - Federal Reserve Bank of St. Louis;Venezuela;TXVENA475SCEN;Number of Identified Exporters to Bolivarian Republic of Venezuela from Texas;Number of Firms;Annual;Not Seasonally Adjusted;No descargada;HTTP Error 403: Forbidden;0;;;;https://fred.stlouisfed.org/series/TXVENA475SCEN;assets/data/fred/csv/ove_fred_venezuela.csv;assets/data/fred/json/ove_fred_venezuela.json;assets/data/fred/excel/ove_fred_venezuela.xlsx
FRED - Federal Reserve Bank of St. Louis;Venezuela;USLTBONDNET32719;U.S. Net Transactions of Foreign Long-Term Corporate and Government Bonds: Venezuela;Millions of Dollars;Monthly;Not Seasonally Adjusted;No descargada;HTTP Error 403: Forbidden;0;;;;https://fred.stlouisfed.org/series/USLTBONDNET32719;assets/data/fred/csv/ove_fred_venezuela.csv;assets/data/fred/json/ove_fred_venezuela.json;assets/data/fred/excel/ove_fred_venezuela.xlsx
FRED - Federal Reserve Bank of St. Louis;Venezuela;USLTBONDPOS32719;U.S. Portfolio Holdings of Foreign Long-Term Corporate and Government Bonds: Venezuela;Millions of Dollars;Monthly;Not Seasonally Adjusted;No descargada;HTTP Error 403: Forbidden;0;;;;https://fred.stlouisfed.org/series/USLTBONDPOS32719;assets/data/fred/csv/ove_fred_venezuela.csv;assets/data/fred/json/ove_fred_venezuela.json;assets/data/fred/excel/ove_fred_venezuela.xlsx
FRED - Federal Reserve Bank of St. Louis;Venezuela;USLTBONDVALCHG32719;Valuation Change on U.S. Portfolio Holdings of Foreign Long-Term Corporate and Government Bonds: Venezuela;Millions of Dollars;Monthly;Not Seasonally Adjusted;No descargada;HTTP Error 403: Forbidden;0;;;;https://fred.stlouisfed.org/series/USLTBONDVALCHG32719;assets/data/fred/csv/ove_fred_venezuela.csv;assets/data/fred/json/ove_fred_venezuela.json;assets/data/fred/excel/ove_fred_venezuela.xlsx
FRED - Federal Reserve Bank of St. Louis;Venezuela;USLTCORPBONDNET32719;U.S. Net Transactions of Foreign Long-Term Corporate Bonds: Venezuela;Millions of Dollars;Monthly;Not Seasonally Adjusted;No descargada;HTTP Error 403: Forbidden;0;;;;https://fred.stlouisfed.org/series/USLTCORPBONDNET32719;assets/data/fred/csv/ove_fred_venezuela.csv;assets/data/fred/json/ove_fred_venezuela.json;assets/data/fred/excel/ove_fred_venezuela.xlsx
FRED - Federal Reserve Bank of St. Louis;Venezuela;USLTCORPBONDPOS32719;U.S. Portfolio Holdings of Foreign Long-Term Corporate Bonds: Venezuela;Millions of Dollars;Monthly;Not Seasonally Adjusted;No descargada;HTTP Error 403: Forbidden;0;;;;https://fred.stlouisfed.org/series/USLTCORPBONDPOS32719;assets/data/fred/csv/ove_fred_venezuela.csv;assets/data/fred/json/ove_fred_venezuela.json;assets/data/fred/excel/ove_fred_venezuela.xlsx
FRED - Federal Reserve Bank of St. Louis;Venezuela;USLTCORPBONDVALCHG32719;Valuation Change on U.S. Portfolio Holdings of Foreign Long-Term Corporate Bonds: Venezuela;Millions of Dollars;Monthly;Not Seasonally Adjusted;No descargada;HTTP Error 403: Forbidden;0;;;;https://fred.stlouisfed.org/series/USLTCORPBONDVALCHG32719;assets/data/fred/csv/ove_fred_venezuela.csv;assets/data/fred/json/ove_fred_venezuela.json;assets/data/fred/excel/ove_fred_venezuela.xlsx
FRED - Federal Reserve Bank of St. Louis;Venezuela;USLTEQTYNET32719;U.S. Net Transactions of Foreign Equity Securities: Venezuela;Millions of Dollars;Monthly;Not Seasonally Adjusted;No descargada;HTTP Error 403: Forbidden;0;;;;https://fred.stlouisfed.org/series/USLTEQTYNET32719;assets/data/fred/csv/ove_fred_venezuela.csv;assets/data/fred/json/ove_fred_venezuela.json;assets/data/fred/excel/ove_fred_venezuela.xlsx
FRED - Federal Reserve Bank of St. Louis;Venezuela;USLTEQTYPOS32719;U.S. Portfolio Holdings of Foreign Equity Securities: Venezuela;Millions of Dollars;Monthly;Not Seasonally Adjusted;No descargada;HTTP Error 403: Forbidden;0;;;;https://fred.stlouisfed.org/series/USLTEQTYPOS32719;assets/data/fred/csv/ove_fred_venezuela.csv;assets/data/fred/json/ove_fred_venezuela.json;assets/data/fred/excel/ove_fred_venezuela.xlsx
FRED - Federal Reserve Bank of St. Louis;Venezuela;USLTEQTYVALCHG32719;Valuation Change on U.S. Portfolio Holdings of Foreign Equity Securities: Venezuela;Millions of Dollars;Monthly;Not Seasonally Adjusted;No descargada;HTTP Error 403: Forbidden;0;;;;https://fred.stlouisfed.org/series/USLTEQTYVALCHG32719;assets/data/fred/csv/ove_fred_venezuela.csv;assets/data/fred/json/ove_fred_venezuela.json;assets/data/fred/excel/ove_fred_venezuela.xlsx
FRED - Federal Reserve Bank of St. Louis;Venezuela;USLTGOVTBONDNET32719;U.S. Net Transactions of Foreign Long-Term Government Bonds: Venezuela;Millions of Dollars;Monthly;Not Seasonally Adjusted;No descargada;HTTP Error 403: Forbidden;0;;;;https://fred.stlouisfed.org/series/USLTGOVTBONDNET32719;assets/data/fred/csv/ove_fred_venezuela.csv;assets/data/fred/json/ove_fred_venezuela.json;assets/data/fred/excel/ove_fred_venezuela.xlsx
FRED - Federal Reserve Bank of St. Louis;Venezuela;USLTGOVTBONDPOS32719;U.S. Portfolio Holdings of Foreign Long-Term Government Bonds: Venezuela;Millions of Dollars;Monthly;Not Seasonally Adjusted;No descargada;HTTP Error 403: Forbidden;0;;;;https://fred.stlouisfed.org/series/USLTGOVTBONDPOS32719;assets/data/fred/csv/ove_fred_venezuela.csv;assets/data/fred/json/ove_fred_venezuela.json;assets/data/fred/excel/ove_fred_venezuela.xlsx
FRED - Federal Reserve Bank of St. Louis;Venezuela;USLTGOVTBONDVALCHG32719;Valuation Change on U.S. Portfolio Holdings of Foreign Long-Term Government Bonds: Venezuela;Millions of Dollars;Monthly;Not Seasonally Adjusted;No descargada;HTTP Error 403: Forbidden;0;;;;https://fred.stlouisfed.org/series/USLTGOVTBONDVALCHG32719;assets/data/fred/csv/ove_fred_venezuela.csv;assets/data/fred/json/ove_fred_venezuela.json;assets/data/fred/excel/ove_fred_venezuela.xlsx
FRED - Federal Reserve Bank of St. Louis;Venezuela;USLTTOTALNET32719;U.S. Net Transactions of All Foreign Long-Term Securities: Venezuela;Millions of Dollars;Monthly;Not Seasonally Adjusted;Con datos;;387;1994-04-01;2026-06-01;14.0;https://fred.stlouisfed.org/series/USLTTOTALNET32719;assets/data/fred/csv/ove_fred_venezuela.csv;assets/data/fred/json/ove_fred_venezuela.json;assets/data/fred/excel/ove_fred_venezuela.xlsx
FRED - Federal Reserve Bank of St. Louis;Venezuela;USLTTOTALPOS32719;U.S. Portfolio Holdings of All Foreign Long-Term Securities: Venezuela;Millions of Dollars;Monthly;Not Seasonally Adjusted;No descargada;HTTP Error 403: Forbidden;0;;;;https://fred.stlouisfed.org/series/USLTTOTALPOS32719;assets/data/fred/csv/ove_fred_venezuela.csv;assets/data/fred/json/ove_fred_venezuela.json;assets/data/fred/excel/ove_fred_venezuela.xlsx
FRED - Federal Reserve Bank of St. Louis;Venezuela;USLTTOTALVALCHG32719;Valuation Change on U.S. Portfolio Holdings of All Foreign Long-Term Securities: Venezuela;Millions of Dollars;Monthly;Not Seasonally Adjusted;Con datos;;387;1994-04-01;2026-06-01;-238.0;https://fred.stlouisfed.org/series/USLTTOTALVALCHG32719;assets/data/fred/csv/ove_fred_venezuela.csv;assets/data/fred/json/ove_fred_venezuela.json;assets/data/fred/excel/ove_fred_venezuela.xlsx
FRED - Federal Reserve Bank of St. Louis;Venezuela;UTVENA052SCEN;Value of Exports to Bolivarian Republic of Venezuela from Utah;Dollars;Annual;Not Seasonally Adjusted;No descargada;HTTP Error 403: Forbidden;0;;;;https://fred.stlouisfed.org/series/UTVENA052SCEN;assets/data/fred/csv/ove_fred_venezuela.csv;assets/data/fred/json/ove_fred_venezuela.json;assets/data/fred/excel/ove_fred_venezuela.xlsx
FRED - Federal Reserve Bank of St. Louis;Venezuela;UTVENA475SCEN;Number of Identified Exporters to Bolivarian Republic of Venezuela from Utah;Number of Firms;Annual;Not Seasonally Adjusted;Con datos;;22;1992-01-01;2022-01-01;6.0;https://fred.stlouisfed.org/series/UTVENA475SCEN;assets/data/fred/csv/ove_fred_venezuela.csv;assets/data/fred/json/ove_fred_venezuela.json;assets/data/fred/excel/ove_fred_venezuela.xlsx
FRED - Federal Reserve Bank of St. Louis;Venezuela;VAVENA052SCEN;Value of Exports to Bolivarian Republic of Venezuela from Virginia;Dollars;Annual;Not Seasonally Adjusted;No descargada;HTTP Error 403: Forbidden;0;;;;https://fred.stlouisfed.org/series/VAVENA052SCEN;assets/data/fred/csv/ove_fred_venezuela.csv;assets/data/fred/json/ove_fred_venezuela.json;assets/data/fred/excel/ove_fred_venezuela.xlsx
FRED - Federal Reserve Bank of St. Louis;Venezuela;VAVENA475SCEN;Number of Identified Exporters to Bolivarian Republic of Venezuela from Virginia;Number of Firms;Annual;Not Seasonally Adjusted;Con datos;;22;1992-01-01;2022-01-01;19.0;https://fred.stlouisfed.org/series/VAVENA475SCEN;assets/data/fred/csv/ove_fred_venezuela.csv;assets/data/fred/json/ove_fred_venezuela.json;assets/data/fred/excel/ove_fred_venezuela.xlsx
FRED - Federal Reserve Bank of St. Louis;Venezuela;VENFCAANUM;Geographical Outreach: Key Indicators ATMs Per 100,000 Adults for Venezuela;Number;Annual;Not Seasonally Adjusted;No descargada;HTTP Error 403: Forbidden;0;;;;https://fred.stlouisfed.org/series/VENFCAANUM;assets/data/fred/csv/ove_fred_venezuela.csv;assets/data/fred/json/ove_fred_venezuela.json;assets/data/fred/excel/ove_fred_venezuela.xlsx
FRED - Federal Reserve Bank of St. Louis;Venezuela;VENFCACLNUM;Geographical Outreach: Number of Automated Teller Machines (ATMs) in 3 Largest Cities for Venezuela;Number;Annual;Not Seasonally Adjusted;No descargada;HTTP Error 403: Forbidden;0;;;;https://fred.stlouisfed.org/series/VENFCACLNUM;assets/data/fred/csv/ove_fred_venezuela.csv;assets/data/fred/json/ove_fred_venezuela.json;assets/data/fred/excel/ove_fred_venezuela.xlsx
FRED - Federal Reserve Bank of St. Louis;Venezuela;VENFCACNUM;Geographical Outreach: Number of Automated Teller Machines (ATMs), Country Wide for Venezuela;Number;Annual;Not Seasonally Adjusted;Con datos;;11;2005-01-01;2015-01-01;10429.0;https://fred.stlouisfed.org/series/VENFCACNUM;assets/data/fred/csv/ove_fred_venezuela.csv;assets/data/fred/json/ove_fred_venezuela.json;assets/data/fred/excel/ove_fred_venezuela.xlsx
FRED - Federal Reserve Bank of St. Louis;Venezuela;VENFCAKNUM;Geographical Outreach: Key Indicators ATMs Per 1000 Km2 for Venezuela;Number;Annual;Not Seasonally Adjusted;No descargada;HTTP Error 403: Forbidden;0;;;;https://fred.stlouisfed.org/series/VENFCAKNUM;assets/data/fred/csv/ove_fred_venezuela.csv;assets/data/fred/json/ove_fred_venezuela.json;assets/data/fred/excel/ove_fred_venezuela.xlsx
FRED - Federal Reserve Bank of St. Louis;Venezuela;VENFCAODCANUM;Use of Financial Services: Key Indicators, Deposit Accounts with Commercial Banks Per 1000 Adults for Venezuela;Number;Annual;Not Seasonally Adjusted;No descargada;HTTP Error 403: Forbidden;0;;;;https://fred.stlouisfed.org/series/VENFCAODCANUM;assets/data/fred/csv/ove_fred_venezuela.csv;assets/data/fred/json/ove_fred_venezuela.json;assets/data/fred/excel/ove_fred_venezuela.xlsx
FRED - Federal Reserve Bank of St. Louis;Venezuela;VENFCAODCNUM;Use of Financial Services Deposit Accounts: Accounts at Commercial Banks for Venezuela;Number;Annual;Not Seasonally Adjusted;Con datos;;11;2004-01-01;2014-01-01;31695711.0;https://fred.stlouisfed.org/series/VENFCAODCNUM;assets/data/fred/csv/ove_fred_venezuela.csv;assets/data/fred/json/ove_fred_venezuela.json;assets/data/fred/excel/ove_fred_venezuela.xlsx
FRED - Federal Reserve Bank of St. Louis;Venezuela;VENFCAODDNUM;Use of Financial Services Deposit Accounts: Accounts at Other Deposit Takers for Venezuela;Number;Annual;Not Seasonally Adjusted;No descargada;HTTP Error 403: Forbidden;0;;;;https://fred.stlouisfed.org/series/VENFCAODDNUM;assets/data/fred/csv/ove_fred_venezuela.csv;assets/data/fred/json/ove_fred_venezuela.json;assets/data/fred/excel/ove_fred_venezuela.xlsx
FRED - Federal Reserve Bank of St. Louis;Venezuela;VENFCAODMFNUM;Use of Financial Services: Number of Deposit Accounts at Deposit Taking Microfinance Institutions (MFIs) for Venezuela;Number;Annual;Not Seasonally Adjusted;Con datos;;11;2004-01-01;2014-01-01;270382.0;https://fred.stlouisfed.org/series/VENFCAODMFNUM;assets/data/fred/csv/ove_fred_venezuela.csv;assets/data/fred/json/ove_fred_venezuela.json;assets/data/fred/excel/ove_fred_venezuela.xlsx
FRED - Federal Reserve Bank of St. Louis;Venezuela;VENFCAOFILNNUM;Use of Financial Services Deposit Accounts: Non-life Insurance Accounts at Insurance Corporations for Venezuela;Number;Annual;Not Seasonally Adjusted;Con datos;;11;2004-01-01;2014-01-01;1769451.0;https://fred.stlouisfed.org/series/VENFCAOFILNNUM;assets/data/fred/csv/ove_fred_venezuela.csv;assets/data/fred/json/ove_fred_venezuela.json;assets/data/fred/excel/ove_fred_venezuela.xlsx
FRED - Federal Reserve Bank of St. Louis;Venezuela;VENFCAOFILPNUM;Use of Financial Services Deposit Accounts: Life Insurance Accounts at Insurance Corporations for Venezuela;Number;Annual;Not Seasonally Adjusted;No descargada;HTTP Error 403: Forbidden;0;;;;https://fred.stlouisfed.org/series/VENFCAOFILPNUM;assets/data/fred/csv/ove_fred_venezuela.csv;assets/data/fred/json/ove_fred_venezuela.json;assets/data/fred/excel/ove_fred_venezuela.xlsx
FRED - Federal Reserve Bank of St. Louis;Venezuela;VENFCBODCANUM;Geographical Outreach: Key Indicators Commercial Bank Branches Per 100,000 Adults for Venezuela;Number;Annual;Not Seasonally Adjusted;No descargada;HTTP Error 403: Forbidden;0;;;;https://fred.stlouisfed.org/series/VENFCBODCANUM;assets/data/fred/csv/ove_fred_venezuela.csv;assets/data/fred/json/ove_fred_venezuela.json;assets/data/fred/excel/ove_fred_venezuela.xlsx
FRED - Federal Reserve Bank of St. Louis;Venezuela;VENFCBODCKNUM;Geographical Outreach: Key Indicators Commercial Bank Branches Per 1000 Km2 for Venezuela;Number;Annual;Not Seasonally Adjusted;No descargada;HTTP Error 403: Forbidden;0;;;;https://fred.stlouisfed.org/series/VENFCBODCKNUM;assets/data/fred/csv/ove_fred_venezuela.csv;assets/data/fred/json/ove_fred_venezuela.json;assets/data/fred/excel/ove_fred_venezuela.xlsx
FRED - Federal Reserve Bank of St. Louis;Venezuela;VENFCBODCLNUM;Geographical Outreach: Number of Branches in 3 Largest Cities, Excluding Headquarters, for Commercial Banks for Venezuela;Number;Annual;Not Seasonally Adjusted;No descargada;HTTP Error 403: Forbidden;0;;;;https://fred.stlouisfed.org/series/VENFCBODCLNUM;assets/data/fred/csv/ove_fred_venezuela.csv;assets/data/fred/json/ove_fred_venezuela.json;assets/data/fred/excel/ove_fred_venezuela.xlsx
FRED - Federal Reserve Bank of St. Louis;Venezuela;VENFCBODCNUM;Geographical Outreach: Number of Branches, Excluding Headquarters, for Commercial Banks for Venezuela;Number;Annual;Not Seasonally Adjusted;No descargada;HTTP Error 403: Forbidden;0;;;;https://fred.stlouisfed.org/series/VENFCBODCNUM;assets/data/fred/csv/ove_fred_venezuela.csv;assets/data/fred/json/ove_fred_venezuela.json;assets/data/fred/excel/ove_fred_venezuela.xlsx
FRED - Federal Reserve Bank of St. Louis;Venezuela;VENFCBODDLNUM;Geographical Outreach: Number of Branches in 3 Largest Cities, Excluding Headquarters, for Other Deposit Takers for Venezuela;Number;Annual;Not Seasonally Adjusted;No descargada;HTTP Error 403: Forbidden;0;;;;https://fred.stlouisfed.org/series/VENFCBODDLNUM;assets/data/fred/csv/ove_fred_venezuela.csv;assets/data/fred/json/ove_fred_venezuela.json;assets/data/fred/excel/ove_fred_venezuela.xlsx
FRED - Federal Reserve Bank of St. Louis;Venezuela;VENFCBODDNUM;Geographical Outreach: Number of Branches, Excluding Headquarters, for Other Deposit Takers for Venezuela;Number;Annual;Not Seasonally Adjusted;No descargada;HTTP Error 403: Forbidden;0;;;;https://fred.stlouisfed.org/series/VENFCBODDNUM;assets/data/fred/csv/ove_fred_venezuela.csv;assets/data/fred/json/ove_fred_venezuela.json;assets/data/fred/excel/ove_fred_venezuela.xlsx
FRED - Federal Reserve Bank of St. Louis;Venezuela;VENFCBODMFKNUM;Geographical Outreach: Key Indicators, All MFI Branches Per 1000 Km2 for Venezuela;Number;Annual;Not Seasonally Adjusted;Con datos;;11;2004-01-01;2014-01-01;0.130378096;https://fred.stlouisfed.org/series/VENFCBODMFKNUM;assets/data/fred/csv/ove_fred_venezuela.csv;assets/data/fred/json/ove_fred_venezuela.json;assets/data/fred/excel/ove_fred_venezuela.xlsx
FRED - Federal Reserve Bank of St. Louis;Venezuela;VENFCBODMFLNUM;Geographical Outreach: Number of Branches in 3 Largest Cities, Excluding Headquarters, for Deposit Taking Microfinance Institutions (MFIs) for Venezuela;Number;Annual;Not Seasonally Adjusted;No descargada;HTTP Error 403: Forbidden;0;;;;https://fred.stlouisfed.org/series/VENFCBODMFLNUM;assets/data/fred/csv/ove_fred_venezuela.csv;assets/data/fred/json/ove_fred_venezuela.json;assets/data/fred/excel/ove_fred_venezuela.xlsx
FRED - Federal Reserve Bank of St. Louis;Venezuela;VENFCBODMFNUM;Geographical Outreach: Number of Branches, Excluding Headquarters, for Deposit Taking Microfinance Institutions (MFIs) for Venezuela;Number;Annual;Not Seasonally Adjusted;No descargada;HTTP Error 403: Forbidden;0;;;;https://fred.stlouisfed.org/series/VENFCBODMFNUM;assets/data/fred/csv/ove_fred_venezuela.csv;assets/data/fred/json/ove_fred_venezuela.json;assets/data/fred/excel/ove_fred_venezuela.xlsx
FRED - Federal Reserve Bank of St. Louis;Venezuela;VENFCDODCANUM;Use of Financial Services: Key Indicators, Depositors with Commercial Banks Per 1000 Adults for Venezuela;Number;Annual;Not Seasonally Adjusted;No descargada;HTTP Error 403: Forbidden;0;;;;https://fred.stlouisfed.org/series/VENFCDODCANUM;assets/data/fred/csv/ove_fred_venezuela.csv;assets/data/fred/json/ove_fred_venezuela.json;assets/data/fred/excel/ove_fred_venezuela.xlsx
FRED - Federal Reserve Bank of St. Louis;Venezuela;VENFCDODCHANUM;Use of Financial Services: Key Indicators, Household Depositors with Commercial Banks Per 1000 Adults for Venezuela;Number;Annual;Not Seasonally Adjusted;No descargada;HTTP Error 403: Forbidden;0;;;;https://fred.stlouisfed.org/series/VENFCDODCHANUM;assets/data/fred/csv/ove_fred_venezuela.csv;assets/data/fred/json/ove_fred_venezuela.json;assets/data/fred/excel/ove_fred_venezuela.xlsx
FRED - Federal Reserve Bank of St. Louis;Venezuela;VENFCDODCHPENUM;Use of Financial Services: Number of Depositors which are Households at Commercial Banks for Venezuela;Number;Annual;Not Seasonally Adjusted;Con datos;;11;2004-01-01;2014-01-01;24601704.6666667;https://fred.stlouisfed.org/series/VENFCDODCHPENUM;assets/data/fred/csv/ove_fred_venezuela.csv;assets/data/fred/json/ove_fred_venezuela.json;assets/data/fred/excel/ove_fred_venezuela.xlsx
FRED - Federal Reserve Bank of St. Louis;Venezuela;VENFCDODCPENUM;Use of Financial Services: Number of Depositors at Commercial Banks for Venezuela;Number;Annual;Not Seasonally Adjusted;No descargada;HTTP Error 403: Forbidden;0;;;;https://fred.stlouisfed.org/series/VENFCDODCPENUM;assets/data/fred/csv/ove_fred_venezuela.csv;assets/data/fred/json/ove_fred_venezuela.json;assets/data/fred/excel/ove_fred_venezuela.xlsx
FRED - Federal Reserve Bank of St. Louis;Venezuela;VENFCDODCSPENUM;Use of Financial Services: Number of Depositors which are Small and Medium Enterprises at Commercial Banks for Venezuela;Number;Annual;Not Seasonally Adjusted;Con datos;;11;2004-01-01;2014-01-01;481500.416666667;https://fred.stlouisfed.org/series/VENFCDODCSPENUM;assets/data/fred/csv/ove_fred_venezuela.csv;assets/data/fred/json/ove_fred_venezuela.json;assets/data/fred/excel/ove_fred_venezuela.xlsx
FRED - Federal Reserve Bank of St. Louis;Venezuela;VENFCDODCSPNUM;Use of Financial Services: Key Indicators, Small and Medium Enterprises (SME) Depositors with Commercial Banks (% of Non-financial Corporation Depositors with Commercial Banks) for Venezuela;Number;Annual;Not Seasonally Adjusted;Con datos;;11;2004-01-01;2014-01-01;66.83665774;https://fred.stlouisfed.org/series/VENFCDODCSPNUM;assets/data/fred/csv/ove_fred_venezuela.csv;assets/data/fred/json/ove_fred_venezuela.json;assets/data/fred/excel/ove_fred_venezuela.xlsx
FRED - Federal Reserve Bank of St. Louis;Venezuela;VENFCDOFIHPENUM;Use of Financial Services: Number of Depositors which are Households at Insurance Corporations for Venezuela;Number;Annual;Not Seasonally Adjusted;No descargada;HTTP Error 403: Forbidden;0;;;;https://fred.stlouisfed.org/series/VENFCDOFIHPENUM;assets/data/fred/csv/ove_fred_venezuela.csv;assets/data/fred/json/ove_fred_venezuela.json;assets/data/fred/excel/ove_fred_venezuela.xlsx
FRED - Federal Reserve Bank of St. Louis;Venezuela;VENFCDOFINPPENUM;Use of Financial Services: Number of Non-life Insurance Depositors at Insurance Corporations for Venezuela;Number;Annual;Not Seasonally Adjusted;No descargada;HTTP Error 403: Forbidden;0;;;;https://fred.stlouisfed.org/series/VENFCDOFINPPENUM;assets/data/fred/csv/ove_fred_venezuela.csv;assets/data/fred/json/ove_fred_venezuela.json;assets/data/fred/excel/ove_fred_venezuela.xlsx
FRED - Federal Reserve Bank of St. Louis;Venezuela;VENFCIODCNUM;Geographical Outreach: Number of Commercial Banks for Venezuela;Number;Annual;Not Seasonally Adjusted;Con datos;;11;2005-01-01;2015-01-01;26.0;https://fred.stlouisfed.org/series/VENFCIODCNUM;assets/data/fred/csv/ove_fred_venezuela.csv;assets/data/fred/json/ove_fred_venezuela.json;assets/data/fred/excel/ove_fred_venezuela.xlsx
FRED - Federal Reserve Bank of St. Louis;Venezuela;VENFCIODDNUM;Geographical Outreach: Number of Institutions, Other Depository Corporations, Other Deposit Takers for Venezuela;Number;Annual;Not Seasonally Adjusted;Con datos;;11;2005-01-01;2015-01-01;5.0;https://fred.stlouisfed.org/series/VENFCIODDNUM;assets/data/fred/csv/ove_fred_venezuela.csv;assets/data/fred/json/ove_fred_venezuela.json;assets/data/fred/excel/ove_fred_venezuela.xlsx
FRED - Federal Reserve Bank of St. Louis;Venezuela;VENFCIODMFNUM;Geographical Outreach: Number of Institutions, Other Depository Corporations, Deposit Taking Microfinance Institutions (MFIs) for Venezuela;Number;Annual;Not Seasonally Adjusted;No descargada;HTTP Error 403: Forbidden;0;;;;https://fred.stlouisfed.org/series/VENFCIODMFNUM;assets/data/fred/csv/ove_fred_venezuela.csv;assets/data/fred/json/ove_fred_venezuela.json;assets/data/fred/excel/ove_fred_venezuela.xlsx
FRED - Federal Reserve Bank of St. Louis;Venezuela;VENFCIOFINUM;Geographical Outreach: Number of Institutions, Other Financial Corporations, Insurance Corporations for Venezuela;Number;Annual;Not Seasonally Adjusted;No descargada;HTTP Error 403: Forbidden;0;;;;https://fred.stlouisfed.org/series/VENFCIOFINUM;assets/data/fred/csv/ove_fred_venezuela.csv;assets/data/fred/json/ove_fred_venezuela.json;assets/data/fred/excel/ove_fred_venezuela.xlsx
FRED - Federal Reserve Bank of St. Louis;Venezuela;VENFCLODCGGDPPT;Use of Financial Services: Key Indicators, Outstanding Deposits with Commercial Banks for Venezuela;Percent of GDP;Annual;Not Seasonally Adjusted;Con datos;;10;2005-01-01;2014-01-01;68.5058216813;https://fred.stlouisfed.org/series/VENFCLODCGGDPPT;assets/data/fred/csv/ove_fred_venezuela.csv;assets/data/fred/json/ove_fred_venezuela.json;assets/data/fred/excel/ove_fred_venezuela.xlsx
FRED - Federal Reserve Bank of St. Louis;Venezuela;VENFCLODCHGGDPPT;Use of Financial Services: Key Indicators, Outstanding Deposits of Households with Commercial Banks for Venezuela;Percent of GDP;Annual;Not Seasonally Adjusted;No descargada;HTTP Error 403: Forbidden;0;;;;https://fred.stlouisfed.org/series/VENFCLODCHGGDPPT;assets/data/fred/csv/ove_fred_venezuela.csv;assets/data/fred/json/ove_fred_venezuela.json;assets/data/fred/excel/ove_fred_venezuela.xlsx
FRED - Federal Reserve Bank of St. Louis;Venezuela;VENFCLODCHXDC;Use of Financial Services, Liabilities: Outstanding Deposits by Households at Commercial Banks for Venezuela;National Currency;Annual;Not Seasonally Adjusted;No descargada;HTTP Error 403: Forbidden;0;;;;https://fred.stlouisfed.org/series/VENFCLODCHXDC;assets/data/fred/csv/ove_fred_venezuela.csv;assets/data/fred/json/ove_fred_venezuela.json;assets/data/fred/excel/ove_fred_venezuela.xlsx
FRED - Federal Reserve Bank of St. Louis;Venezuela;VENFCLODCSGGDPPT;Use of Financial Services: Key Indicators, Outstanding Small and Medium Enterprises (SME) Deposits with Commercial Banks for Venezuela;Percent of GDP;Annual;Not Seasonally Adjusted;Con datos;;11;2004-01-01;2014-01-01;21.4396202031903;https://fred.stlouisfed.org/series/VENFCLODCSGGDPPT;assets/data/fred/csv/ove_fred_venezuela.csv;assets/data/fred/json/ove_fred_venezuela.json;assets/data/fred/excel/ove_fred_venezuela.xlsx
FRED - Federal Reserve Bank of St. Louis;Venezuela;VENFCLODCSXDC;Use of Financial Services, Liabilities: Outstanding Deposits by Small and Medium Enterprises at Commercial Banks for Venezuela;National Currency;Annual;Not Seasonally Adjusted;No descargada;HTTP Error 403: Forbidden;0;;;;https://fred.stlouisfed.org/series/VENFCLODCSXDC;assets/data/fred/csv/ove_fred_venezuela.csv;assets/data/fred/json/ove_fred_venezuela.json;assets/data/fred/excel/ove_fred_venezuela.xlsx
FRED - Federal Reserve Bank of St. Louis;Venezuela;VENFCLODCXDC;Use of Financial Services, Liabilities: Outstanding Deposits at Commercial Banks for Venezuela;National Currency;Annual;Not Seasonally Adjusted;No descargada;HTTP Error 403: Forbidden;0;;;;https://fred.stlouisfed.org/series/VENFCLODCXDC;assets/data/fred/csv/ove_fred_venezuela.csv;assets/data/fred/json/ove_fred_venezuela.json;assets/data/fred/excel/ove_fred_venezuela.xlsx
FRED - Federal Reserve Bank of St. Louis;Venezuela;VENFCLODDXDC;Use of Financial Services, Liabilities: Outstanding Deposits at Other Deposit Takers for Venezuela;National Currency;Annual;Not Seasonally Adjusted;No descargada;HTTP Error 403: Forbidden;0;;;;https://fred.stlouisfed.org/series/VENFCLODDXDC;assets/data/fred/csv/ove_fred_venezuela.csv;assets/data/fred/json/ove_fred_venezuela.json;assets/data/fred/excel/ove_fred_venezuela.xlsx
FRED - Federal Reserve Bank of St. Louis;Venezuela;VENFCLODMFXDC;Use of Financial Services, Liabilities: Outstanding Deposits at Deposit Taking Microfinance Institutions (MFIs) for Venezuela;National Currency;Annual;Not Seasonally Adjusted;Con datos;;11;2005-01-01;2015-01-01;37322701822.99;https://fred.stlouisfed.org/series/VENFCLODMFXDC;assets/data/fred/csv/ove_fred_venezuela.csv;assets/data/fred/json/ove_fred_venezuela.json;assets/data/fred/excel/ove_fred_venezuela.xlsx
FRED - Federal Reserve Bank of St. Louis;Venezuela;VENFCLOFILPXDC;Use of Financial Services, Liabilities: Outstanding Deposits for Life Insurance at Insurance Corporations for Venezuela;National Currency;Annual;Not Seasonally Adjusted;No descargada;HTTP Error 403: Forbidden;0;;;;https://fred.stlouisfed.org/series/VENFCLOFILPXDC;assets/data/fred/csv/ove_fred_venezuela.csv;assets/data/fred/json/ove_fred_venezuela.json;assets/data/fred/excel/ove_fred_venezuela.xlsx
FRED - Federal Reserve Bank of St. Louis;Venezuela;VENFCLOFINPXDC;Use of Financial Services, Liabilities: Outstanding Deposits for Non-life Insurance at Insurance Corporations for Venezuela;National Currency;Annual;Not Seasonally Adjusted;No descargada;HTTP Error 403: Forbidden;0;;;;https://fred.stlouisfed.org/series/VENFCLOFINPXDC;assets/data/fred/csv/ove_fred_venezuela.csv;assets/data/fred/json/ove_fred_venezuela.json;assets/data/fred/excel/ove_fred_venezuela.xlsx
FRED - Federal Reserve Bank of St. Louis;Venezuela;VENFCLOFIXDC;Use of Financial Services, Liabilities: Outstanding Deposits at Insurance Corporations for Venezuela;National Currency;Annual;Not Seasonally Adjusted;No descargada;HTTP Error 403: Forbidden;0;;;;https://fred.stlouisfed.org/series/VENFCLOFIXDC;assets/data/fred/csv/ove_fred_venezuela.csv;assets/data/fred/json/ove_fred_venezuela.json;assets/data/fred/excel/ove_fred_venezuela.xlsx
FRED - Federal Reserve Bank of St. Louis;Venezuela;VENFCNODCANUM;Use of Financial Services: Key Indicators, Loan Accounts with Commercial Banks Per 1,000 Adults for Venezuela;Number;Annual;Not Seasonally Adjusted;Con datos;;11;2005-01-01;2015-01-01;1078.0378178439;https://fred.stlouisfed.org/series/VENFCNODCANUM;assets/data/fred/csv/ove_fred_venezuela.csv;assets/data/fred/json/ove_fred_venezuela.json;assets/data/fred/excel/ove_fred_venezuela.xlsx
FRED - Federal Reserve Bank of St. Louis;Venezuela;VENFCNODCNUM;Use of Financial Services: Number of Loan Accounts at Commercial Banks for Venezuela;Number;Annual;Not Seasonally Adjusted;Con datos;;11;2005-01-01;2015-01-01;23665733.0;https://fred.stlouisfed.org/series/VENFCNODCNUM;assets/data/fred/csv/ove_fred_venezuela.csv;assets/data/fred/json/ove_fred_venezuela.json;assets/data/fred/excel/ove_fred_venezuela.xlsx
FRED - Federal Reserve Bank of St. Louis;Venezuela;VENFCNODDNUM;Use of Financial Services: Number of Loan Accounts at Other Deposit Takers for Venezuela;Number;Annual;Not Seasonally Adjusted;No descargada;HTTP Error 403: Forbidden;0;;;;https://fred.stlouisfed.org/series/VENFCNODDNUM;assets/data/fred/csv/ove_fred_venezuela.csv;assets/data/fred/json/ove_fred_venezuela.json;assets/data/fred/excel/ove_fred_venezuela.xlsx
FRED - Federal Reserve Bank of St. Louis;Venezuela;VENFCNODMFNUM;Use of Financial Services: Number of Loan Accounts at Deposit Taking Microfinance Institutions (MFIs) for Venezuela;Number;Annual;Not Seasonally Adjusted;Con datos;;11;2005-01-01;2015-01-01;42341.0;https://fred.stlouisfed.org/series/VENFCNODMFNUM;assets/data/fred/csv/ove_fred_venezuela.csv;assets/data/fred/json/ove_fred_venezuela.json;assets/data/fred/excel/ove_fred_venezuela.xlsx
FRED - Federal Reserve Bank of St. Louis;Venezuela;VENFCRODCANUM;Use of Financial Services: Key Indicators, Borrowers from Commercial Banks Per 1000 Adults for Venezuela;Number;Annual;Not Seasonally Adjusted;No descargada;HTTP Error 403: Forbidden;0;;;;https://fred.stlouisfed.org/series/VENFCRODCANUM;assets/data/fred/csv/ove_fred_venezuela.csv;assets/data/fred/json/ove_fred_venezuela.json;assets/data/fred/excel/ove_fred_venezuela.xlsx
FRED - Federal Reserve Bank of St. Louis;Venezuela;VENFCRODCHANUM;Use of Financial Services: Key Indicators, Household Borrowers from Commercial Banks Per 1000 Adults for Venezuela;Number;Annual;Not Seasonally Adjusted;Con datos;;11;2004-01-01;2014-01-01;336.987464420657;https://fred.stlouisfed.org/series/VENFCRODCHANUM;assets/data/fred/csv/ove_fred_venezuela.csv;assets/data/fred/json/ove_fred_venezuela.json;assets/data/fred/excel/ove_fred_venezuela.xlsx
FRED - Federal Reserve Bank of St. Louis;Venezuela;VENFCRODCHPENUM;Use of Financial Services Borrowers: Households Borrowing from Commercial Banks for Venezuela;Number;Annual;Not Seasonally Adjusted;Con datos;;11;2004-01-01;2014-01-01;7404689.58333333;https://fred.stlouisfed.org/series/VENFCRODCHPENUM;assets/data/fred/csv/ove_fred_venezuela.csv;assets/data/fred/json/ove_fred_venezuela.json;assets/data/fred/excel/ove_fred_venezuela.xlsx
FRED - Federal Reserve Bank of St. Louis;Venezuela;VENFCRODCPENUM;Use of Financial Services Borrowers: Persons Borrowing from Commercial Banks for Venezuela;Number;Annual;Not Seasonally Adjusted;No descargada;HTTP Error 403: Forbidden;0;;;;https://fred.stlouisfed.org/series/VENFCRODCPENUM;assets/data/fred/csv/ove_fred_venezuela.csv;assets/data/fred/json/ove_fred_venezuela.json;assets/data/fred/excel/ove_fred_venezuela.xlsx
FRED - Federal Reserve Bank of St. Louis;Venezuela;VENFCRODCSPENUM;Use of Financial Services Borrowers: Small and Medium Enterprises Borrowing from Commercial Banks for Venezuela;Number;Annual;Not Seasonally Adjusted;No descargada;HTTP Error 403: Forbidden;0;;;;https://fred.stlouisfed.org/series/VENFCRODCSPENUM;assets/data/fred/csv/ove_fred_venezuela.csv;assets/data/fred/json/ove_fred_venezuela.json;assets/data/fred/excel/ove_fred_venezuela.xlsx
FRED - Federal Reserve Bank of St. Louis;Venezuela;VENFCRODCSPNUM;Use of Financial Services: Key Indicators, Small and Medium Enterprises (SME) Borrowers from Commercial Banks (% of Non-financial Corporation Depositors with Commercial Banks) for Venezuela;Number;Annual;Not Seasonally Adjusted;No descargada;HTTP Error 403: Forbidden;0;;;;https://fred.stlouisfed.org/series/VENFCRODCSPNUM;assets/data/fred/csv/ove_fred_venezuela.csv;assets/data/fred/json/ove_fred_venezuela.json;assets/data/fred/excel/ove_fred_venezuela.xlsx
FRED - Federal Reserve Bank of St. Louis;Venezuela;VENFCSODCGGDPPT;Use of Financial Services: Key Indicators, Outstanding Loans from Commercial Banks for Venezuela;Percent of GDP;Annual;Not Seasonally Adjusted;Con datos;;10;2005-01-01;2014-01-01;37.8908354029;https://fred.stlouisfed.org/series/VENFCSODCGGDPPT;assets/data/fred/csv/ove_fred_venezuela.csv;assets/data/fred/json/ove_fred_venezuela.json;assets/data/fred/excel/ove_fred_venezuela.xlsx
FRED - Federal Reserve Bank of St. Louis;Venezuela;VENFCSODCSGGDPPT;Use of Financial Services: Key Indicators, Outstanding Small and Medium Enterprises Loans from Commercial Banks for Venezuela;Percent of GDP;Annual;Not Seasonally Adjusted;Con datos;;10;2005-01-01;2014-01-01;0.8716582127;https://fred.stlouisfed.org/series/VENFCSODCSGGDPPT;assets/data/fred/csv/ove_fred_venezuela.csv;assets/data/fred/json/ove_fred_venezuela.json;assets/data/fred/excel/ove_fred_venezuela.xlsx
FRED - Federal Reserve Bank of St. Louis;Venezuela;VENFCSODCSXDC;Use of Financial Services, Assets: Outstanding Loans to Small and Medium Enterprises at Commercial Banks for Venezuela;National Currency;Annual;Not Seasonally Adjusted;No descargada;HTTP Error 403: Forbidden;0;;;;https://fred.stlouisfed.org/series/VENFCSODCSXDC;assets/data/fred/csv/ove_fred_venezuela.csv;assets/data/fred/json/ove_fred_venezuela.json;assets/data/fred/excel/ove_fred_venezuela.xlsx
FRED - Federal Reserve Bank of St. Louis;Venezuela;VENFCSODCXDC;Use of Financial Services, Assets: Outstanding Loans at Commercial Banks for Venezuela;National Currency;Annual;Not Seasonally Adjusted;Con datos;;11;2005-01-01;2015-01-01;2437538671645.28;https://fred.stlouisfed.org/series/VENFCSODCXDC;assets/data/fred/csv/ove_fred_venezuela.csv;assets/data/fred/json/ove_fred_venezuela.json;assets/data/fred/excel/ove_fred_venezuela.xlsx
FRED - Federal Reserve Bank of St. Louis;Venezuela;VENFCSODDSXDC;Use of Financial Services, Assets: Outstanding Loans to Small and Medium Enterprisesat Other Deposit Takers for Venezuela;National Currency;Annual;Not Seasonally Adjusted;No descargada;HTTP Error 403: Forbidden;0;;;;https://fred.stlouisfed.org/series/VENFCSODDSXDC;assets/data/fred/csv/ove_fred_venezuela.csv;assets/data/fred/json/ove_fred_venezuela.json;assets/data/fred/excel/ove_fred_venezuela.xlsx
FRED - Federal Reserve Bank of St. Louis;Venezuela;VENFCSODDXDC;Use of Financial Services, Assets: Outstanding Loans at Other Deposit Takers for Venezuela;National Currency;Annual;Not Seasonally Adjusted;No descargada;HTTP Error 403: Forbidden;0;;;;https://fred.stlouisfed.org/series/VENFCSODDXDC;assets/data/fred/csv/ove_fred_venezuela.csv;assets/data/fred/json/ove_fred_venezuela.json;assets/data/fred/excel/ove_fred_venezuela.xlsx
FRED - Federal Reserve Bank of St. Louis;Venezuela;VENFCSODMFSXDC;Use of Financial Services, Assets: Outstanding Loans to Small and Medium Enterprises at Deposit Taking Microfinance Institutions (MFIs) for Venezuela;National Currency;Annual;Not Seasonally Adjusted;Con datos;;7;2008-01-01;2014-01-01;10753000000.0;https://fred.stlouisfed.org/series/VENFCSODMFSXDC;assets/data/fred/csv/ove_fred_venezuela.csv;assets/data/fred/json/ove_fred_venezuela.json;assets/data/fred/excel/ove_fred_venezuela.xlsx
FRED - Federal Reserve Bank of St. Louis;Venezuela;VENFCSODMFXDC;Use of Financial Services, Assets: Outstanding Loans at Deposit Taking Microfinance Institutions (MFIs) for Venezuela;National Currency;Annual;Not Seasonally Adjusted;No descargada;HTTP Error 403: Forbidden;0;;;;https://fred.stlouisfed.org/series/VENFCSODMFXDC;assets/data/fred/csv/ove_fred_venezuela.csv;assets/data/fred/json/ove_fred_venezuela.json;assets/data/fred/excel/ove_fred_venezuela.xlsx
FRED - Federal Reserve Bank of St. Louis;Venezuela;VIVENA475SCEN;Number of Identified Exporters to Bolivarian Republic of Venezuela from U.S. Virgin Islands;Number of Firms;Annual;Not Seasonally Adjusted;Con datos;;15;1992-01-01;2016-01-01;1.0;https://fred.stlouisfed.org/series/VIVENA475SCEN;assets/data/fred/csv/ove_fred_venezuela.csv;assets/data/fred/json/ove_fred_venezuela.json;assets/data/fred/excel/ove_fred_venezuela.xlsx
FRED - Federal Reserve Bank of St. Louis;Venezuela;VTVENA052SCEN;Value of Exports to Bolivarian Republic of Venezuela from Vermont;Dollars;Annual;Not Seasonally Adjusted;No descargada;HTTP Error 403: Forbidden;0;;;;https://fred.stlouisfed.org/series/VTVENA052SCEN;assets/data/fred/csv/ove_fred_venezuela.csv;assets/data/fred/json/ove_fred_venezuela.json;assets/data/fred/excel/ove_fred_venezuela.xlsx
FRED - Federal Reserve Bank of St. Louis;Venezuela;VTVENA475SCEN;Number of Identified Exporters to Bolivarian Republic of Venezuela from Vermont;Number of Firms;Annual;Not Seasonally Adjusted;No descargada;HTTP Error 403: Forbidden;0;;;;https://fred.stlouisfed.org/series/VTVENA475SCEN;assets/data/fred/csv/ove_fred_venezuela.csv;assets/data/fred/json/ove_fred_venezuela.json;assets/data/fred/excel/ove_fred_venezuela.xlsx
FRED - Federal Reserve Bank of St. Louis;Venezuela;WAVENA052SCEN;Value of Exports to Bolivarian Republic of Venezuela from Washington;Dollars;Annual;Not Seasonally Adjusted;No descargada;HTTP Error 403: Forbidden;0;;;;https://fred.stlouisfed.org/series/WAVENA052SCEN;assets/data/fred/csv/ove_fred_venezuela.csv;assets/data/fred/json/ove_fred_venezuela.json;assets/data/fred/excel/ove_fred_venezuela.xlsx
FRED - Federal Reserve Bank of St. Louis;Venezuela;WAVENA475SCEN;Number of Identified Exporters to Bolivarian Republic of Venezuela from Washington;Number of Firms;Annual;Not Seasonally Adjusted;No descargada;HTTP Error 403: Forbidden;0;;;;https://fred.stlouisfed.org/series/WAVENA475SCEN;assets/data/fred/csv/ove_fred_venezuela.csv;assets/data/fred/json/ove_fred_venezuela.json;assets/data/fred/excel/ove_fred_venezuela.xlsx
FRED - Federal Reserve Bank of St. Louis;Venezuela;WIVENA052SCEN;Value of Exports to Bolivarian Republic of Venezuela from Wisconsin;Dollars;Annual;Not Seasonally Adjusted;No descargada;HTTP Error 403: Forbidden;0;;;;https://fred.stlouisfed.org/series/WIVENA052SCEN;assets/data/fred/csv/ove_fred_venezuela.csv;assets/data/fred/json/ove_fred_venezuela.json;assets/data/fred/excel/ove_fred_venezuela.xlsx
FRED - Federal Reserve Bank of St. Louis;Venezuela;WIVENA475SCEN;Number of Identified Exporters to Bolivarian Republic of Venezuela from Wisconsin;Number of Firms;Annual;Not Seasonally Adjusted;No descargada;HTTP Error 403: Forbidden;0;;;;https://fred.stlouisfed.org/series/WIVENA475SCEN;assets/data/fred/csv/ove_fred_venezuela.csv;assets/data/fred/json/ove_fred_venezuela.json;assets/data/fred/excel/ove_fred_venezuela.xlsx
FRED - Federal Reserve Bank of St. Louis;Venezuela;WPDIVEN;Discussion About Pandemics Index for Venezuela;Index;Quarterly;Not Seasonally Adjusted;No descargada;HTTP Error 403: Forbidden;0;;;;https://fred.stlouisfed.org/series/WPDIVEN;assets/data/fred/csv/ove_fred_venezuela.csv;assets/data/fred/json/ove_fred_venezuela.json;assets/data/fred/excel/ove_fred_venezuela.xlsx
FRED - Federal Reserve Bank of St. Louis;Venezuela;WUIMAVEN;Smoothed World Uncertainty Index for Venezuela;Index;Quarterly;Not Seasonally Adjusted;No descargada;HTTP Error 403: Forbidden;0;;;;https://fred.stlouisfed.org/series/WUIMAVEN;assets/data/fred/csv/ove_fred_venezuela.csv;assets/data/fred/json/ove_fred_venezuela.json;assets/data/fred/excel/ove_fred_venezuela.xlsx
FRED - Federal Reserve Bank of St. Louis;Venezuela;WUIVEN;World Uncertainty Index for Venezuela;Index;Quarterly;Not Seasonally Adjusted;Con datos;;292;1953-07-01;2026-04-01;0.6480882;https://fred.stlouisfed.org/series/WUIVEN;assets/data/fred/csv/ove_fred_venezuela.csv;assets/data/fred/json/ove_fred_venezuela.json;assets/data/fred/excel/ove_fred_venezuela.xlsx
FRED - Federal Reserve Bank of St. Louis;Venezuela;WUPIVEN;World Pandemic Uncertainty Index for Venezuela;Index;Quarterly;Not Seasonally Adjusted;Con datos;;122;1996-01-01;2026-04-01;0.0;https://fred.stlouisfed.org/series/WUPIVEN;assets/data/fred/csv/ove_fred_venezuela.csv;assets/data/fred/json/ove_fred_venezuela.json;assets/data/fred/excel/ove_fred_venezuela.xlsx
FRED - Federal Reserve Bank of St. Louis;Venezuela;WVVENA052SCEN;Value of Exports to Bolivarian Republic of Venezuela from West Virginia;Dollars;Annual;Not Seasonally Adjusted;No descargada;HTTP Error 403: Forbidden;0;;;;https://fred.stlouisfed.org/series/WVVENA052SCEN;assets/data/fred/csv/ove_fred_venezuela.csv;assets/data/fred/json/ove_fred_venezuela.json;assets/data/fred/excel/ove_fred_venezuela.xlsx
FRED - Federal Reserve Bank of St. Louis;Venezuela;WVVENA475SCEN;Number of Identified Exporters to Bolivarian Republic of Venezuela from West Virginia;Number of Firms;Annual;Not Seasonally Adjusted;Con datos;;19;1992-01-01;2020-01-01;3.0;https://fred.stlouisfed.org/series/WVVENA475SCEN;assets/data/fred/csv/ove_fred_venezuela.csv;assets/data/fred/json/ove_fred_venezuela.json;assets/data/fred/excel/ove_fred_venezuela.xlsx
FRED - Federal Reserve Bank of St. Louis;Venezuela;WYVENA052SCEN;Value of Exports to Bolivarian Republic of Venezuela from Wyoming;Dollars;Annual;Not Seasonally Adjusted;No descargada;HTTP Error 403: Forbidden;0;;;;https://fred.stlouisfed.org/series/WYVENA052SCEN;assets/data/fred/csv/ove_fred_venezuela.csv;assets/data/fred/json/ove_fred_venezuela.json;assets/data/fred/excel/ove_fred_venezuela.xlsx
FRED - Federal Reserve Bank of St. Louis;Venezuela;WYVENA475SCEN;Number of Identified Exporters to Bolivarian Republic of Venezuela from Wyoming;Number of Firms;Annual;Not Seasonally Adjusted;No descargada;HTTP Error 403: Forbidden;0;;;;https://fred.stlouisfed.org/series/WYVENA475SCEN;assets/data/fred/csv/ove_fred_venezuela.csv;assets/data/fred/json/ove_fred_venezuela.json;assets/data/fred/excel/ove_fred_venezuela.xlsx
FRED - Federal Reserve Bank of St. Louis;Venezuela;XRNCUSVEA618NRUG;Exchange Rate (market+estimated) for Bolivarian Republic of Venezuela;National Currency Units per US Dollar;Annual;Not Seasonally Adjusted;Con datos;;74;1950-01-01;2023-01-01;8.67714612014831;https://fred.stlouisfed.org/series/XRNCUSVEA618NRUG;assets/data/fred/csv/ove_fred_venezuela.csv;assets/data/fred/json/ove_fred_venezuela.json;assets/data/fred/excel/ove_fred_venezuela.xlsx
