dataset_id,title,table,source_file,base,price_type,measure,frequency,period,year,quarter,classification,component,value,unit,status,source,source_url,fetched_at
bcv_pib_demanda_anual,Producto interno bruto por componentes de demanda,Componentes del PIB,7_1_7_anual.xls,Escala monetaria vigente desde 2018,Precios corrientes,Nivel,Anual,1997,1997,,Enfoque del ingreso,"Excedente de explotación, bruto",187096.65,Bolívares,,Banco Central de Venezuela,https://www.bcv.org.ve/sites/default/files/cuentas_macroeconomicas/7_1_7_anual.xls,2026-08-01T21:23:57Z
bcv_pib_demanda_anual,Producto interno bruto por componentes de demanda,Componentes del PIB,7_1_7_anual.xls,Escala monetaria vigente desde 2018,Precios corrientes,Nivel,Anual,1998,1998,,Enfoque del ingreso,"Excedente de explotación, bruto",193243.93,Bolívares,,Banco Central de Venezuela,https://www.bcv.org.ve/sites/default/files/cuentas_macroeconomicas/7_1_7_anual.xls,2026-08-01T21:23:57Z
bcv_pib_demanda_anual,Producto interno bruto por componentes de demanda,Componentes del PIB,7_1_7_anual.xls,Escala monetaria vigente desde 2018,Precios corrientes,Nivel,Anual,1999,1999,,Enfoque del ingreso,"Excedente de explotación, bruto",237080.21,Bolívares,,Banco Central de Venezuela,https://www.bcv.org.ve/sites/default/files/cuentas_macroeconomicas/7_1_7_anual.xls,2026-08-01T21:23:57Z
bcv_pib_demanda_anual,Producto interno bruto por componentes de demanda,Componentes del PIB,7_1_7_anual.xls,Escala monetaria vigente desde 2018,Precios corrientes,Nivel,Anual,2000,2000,,Enfoque del ingreso,"Excedente de explotación, bruto",365773.77,Bolívares,,Banco Central de Venezuela,https://www.bcv.org.ve/sites/default/files/cuentas_macroeconomicas/7_1_7_anual.xls,2026-08-01T21:23:57Z
bcv_pib_demanda_anual,Producto interno bruto por componentes de demanda,Componentes del PIB,7_1_7_anual.xls,Escala monetaria vigente desde 2018,Precios corrientes,Nivel,Anual,2001,2001,,Enfoque del ingreso,"Excedente de explotación, bruto",379431.86,Bolívares,,Banco Central de Venezuela,https://www.bcv.org.ve/sites/default/files/cuentas_macroeconomicas/7_1_7_anual.xls,2026-08-01T21:23:57Z
bcv_pib_demanda_anual,Producto interno bruto por componentes de demanda,Componentes del PIB,7_1_7_anual.xls,Escala monetaria vigente desde 2018,Precios corrientes,Nivel,Anual,2002,2002,,Enfoque del ingreso,"Excedente de explotación, bruto",480073.28,Bolívares,,Banco Central de Venezuela,https://www.bcv.org.ve/sites/default/files/cuentas_macroeconomicas/7_1_7_anual.xls,2026-08-01T21:23:57Z
bcv_pib_demanda_anual,Producto interno bruto por componentes de demanda,Componentes del PIB,7_1_7_anual.xls,Escala monetaria vigente desde 2018,Precios corrientes,Nivel,Anual,2003,2003,,Enfoque del ingreso,"Excedente de explotación, bruto",646778.36,Bolívares,,Banco Central de Venezuela,https://www.bcv.org.ve/sites/default/files/cuentas_macroeconomicas/7_1_7_anual.xls,2026-08-01T21:23:57Z
bcv_pib_demanda_anual,Producto interno bruto por componentes de demanda,Componentes del PIB,7_1_7_anual.xls,Escala monetaria vigente desde 2018,Precios corrientes,Nivel,Anual,2004,2004,,Enfoque del ingreso,"Excedente de explotación, bruto",1021490.56,Bolívares,,Banco Central de Venezuela,https://www.bcv.org.ve/sites/default/files/cuentas_macroeconomicas/7_1_7_anual.xls,2026-08-01T21:23:57Z
bcv_pib_demanda_anual,Producto interno bruto por componentes de demanda,Componentes del PIB,7_1_7_anual.xls,Escala monetaria vigente desde 2018,Precios corrientes,Nivel,Anual,2005,2005,,Enfoque del ingreso,"Excedente de explotación, bruto",1527656.04,Bolívares,,Banco Central de Venezuela,https://www.bcv.org.ve/sites/default/files/cuentas_macroeconomicas/7_1_7_anual.xls,2026-08-01T21:23:57Z
bcv_pib_demanda_anual,Producto interno bruto por componentes de demanda,Componentes del PIB,7_1_7_anual.xls,Escala monetaria vigente desde 2018,Precios corrientes,Nivel,Anual,2006,2006,,Enfoque del ingreso,"Excedente de explotación, bruto",1934687.49,Bolívares,,Banco Central de Venezuela,https://www.bcv.org.ve/sites/default/files/cuentas_macroeconomicas/7_1_7_anual.xls,2026-08-01T21:23:57Z
bcv_pib_demanda_anual,Producto interno bruto por componentes de demanda,Componentes del PIB,7_1_7_anual.xls,Escala monetaria vigente desde 2018,Precios corrientes,Nivel,Anual,2007,2007,,Enfoque del ingreso,"Excedente de explotación, bruto",2298155.09,Bolívares,,Banco Central de Venezuela,https://www.bcv.org.ve/sites/default/files/cuentas_macroeconomicas/7_1_7_anual.xls,2026-08-01T21:23:57Z
bcv_pib_demanda_anual,Producto interno bruto por componentes de demanda,Componentes del PIB,7_1_7_anual.xls,Escala monetaria vigente desde 2018,Precios corrientes,Nivel,Anual,2008,2008,,Enfoque del ingreso,"Excedente de explotación, bruto",3298962.75,Bolívares,Preliminar,Banco Central de Venezuela,https://www.bcv.org.ve/sites/default/files/cuentas_macroeconomicas/7_1_7_anual.xls,2026-08-01T21:23:57Z
bcv_pib_demanda_anual,Producto interno bruto por componentes de demanda,Componentes del PIB,7_1_7_anual.xls,Escala monetaria vigente desde 2018,Precios corrientes,Nivel,Anual,2009,2009,,Enfoque del ingreso,"Excedente de explotación, bruto",2993224.31,Bolívares,Preliminar,Banco Central de Venezuela,https://www.bcv.org.ve/sites/default/files/cuentas_macroeconomicas/7_1_7_anual.xls,2026-08-01T21:23:57Z
bcv_pib_demanda_anual,Producto interno bruto por componentes de demanda,Componentes del PIB,7_1_7_anual.xls,Escala monetaria vigente desde 2018,Precios corrientes,Nivel,Anual,2010,2010,,Enfoque del ingreso,"Excedente de explotación, bruto",4990702.4,Bolívares,Preliminar,Banco Central de Venezuela,https://www.bcv.org.ve/sites/default/files/cuentas_macroeconomicas/7_1_7_anual.xls,2026-08-01T21:23:57Z
bcv_pib_demanda_anual,Producto interno bruto por componentes de demanda,Componentes del PIB,7_1_7_anual.xls,Escala monetaria vigente desde 2018,Precios corrientes,Nivel,Anual,2011,2011,,Enfoque del ingreso,"Excedente de explotación, bruto",6755441.6,Bolívares,Preliminar,Banco Central de Venezuela,https://www.bcv.org.ve/sites/default/files/cuentas_macroeconomicas/7_1_7_anual.xls,2026-08-01T21:23:57Z
bcv_pib_demanda_anual,Producto interno bruto por componentes de demanda,Componentes del PIB,7_1_7_anual.xls,Escala monetaria vigente desde 2018,Precios corrientes,Nivel,Anual,2012,2012,,Enfoque del ingreso,"Excedente de explotación, bruto",7531883.28,Bolívares,Preliminar,Banco Central de Venezuela,https://www.bcv.org.ve/sites/default/files/cuentas_macroeconomicas/7_1_7_anual.xls,2026-08-01T21:23:57Z
bcv_pib_demanda_anual,Producto interno bruto por componentes de demanda,Componentes del PIB,7_1_7_anual.xls,Escala monetaria vigente desde 2018,Precios corrientes,Nivel,Anual,2013,2013,,Enfoque del ingreso,"Excedente de explotación, bruto",10385377.07,Bolívares,Preliminar,Banco Central de Venezuela,https://www.bcv.org.ve/sites/default/files/cuentas_macroeconomicas/7_1_7_anual.xls,2026-08-01T21:23:57Z
bcv_pib_demanda_anual,Producto interno bruto por componentes de demanda,Componentes del PIB,7_1_7_anual.xls,Escala monetaria vigente desde 2018,Precios corrientes,Nivel,Anual,2014,2014,,Enfoque del ingreso,"Excedente de explotación, bruto",11187689.88,Bolívares,Preliminar,Banco Central de Venezuela,https://www.bcv.org.ve/sites/default/files/cuentas_macroeconomicas/7_1_7_anual.xls,2026-08-01T21:23:57Z
bcv_pib_demanda_anual,Producto interno bruto por componentes de demanda,Componentes del PIB,7_1_7_anual.xls,Escala monetaria vigente desde 2018,Precios corrientes,Nivel,Anual,2015,2015,,Enfoque del ingreso,"Excedente de explotación, bruto",44724273.97,Bolívares,Preliminar,Banco Central de Venezuela,https://www.bcv.org.ve/sites/default/files/cuentas_macroeconomicas/7_1_7_anual.xls,2026-08-01T21:23:57Z
bcv_pib_demanda_anual,Producto interno bruto por componentes de demanda,Componentes del PIB,7_1_7_anual.xls,Escala monetaria vigente desde 2018,Precios corrientes,Nivel,Anual,2016,2016,,Enfoque del ingreso,"Excedente de explotación, bruto",150554250.04,Bolívares,Preliminar,Banco Central de Venezuela,https://www.bcv.org.ve/sites/default/files/cuentas_macroeconomicas/7_1_7_anual.xls,2026-08-01T21:23:57Z
bcv_pib_demanda_anual,Producto interno bruto por componentes de demanda,Componentes del PIB,7_1_7_anual.xls,Escala monetaria vigente desde 2018,Precios corrientes,Nivel,Anual,2017,2017,,Enfoque del ingreso,"Excedente de explotación, bruto",1094922967.5,Bolívares,Preliminar,Banco Central de Venezuela,https://www.bcv.org.ve/sites/default/files/cuentas_macroeconomicas/7_1_7_anual.xls,2026-08-01T21:23:57Z
bcv_pib_demanda_anual,Producto interno bruto por componentes de demanda,Componentes del PIB,7_1_7_anual.xls,1997,Precios constantes,Nivel,Anual,1997,1997,,Enfoque de la demanda,Exportaciones de bienes y servicios,122721.51,Bolívares,,Banco Central de Venezuela,https://www.bcv.org.ve/sites/default/files/cuentas_macroeconomicas/7_1_7_anual.xls,2026-08-01T21:23:57Z
bcv_pib_demanda_anual,Producto interno bruto por componentes de demanda,Componentes del PIB,7_1_7_anual.xls,Escala monetaria vigente desde 2018,Precios corrientes,Nivel,Anual,1997,1997,,Enfoque de la demanda,Exportaciones de bienes y servicios,122721.51,Bolívares,,Banco Central de Venezuela,https://www.bcv.org.ve/sites/default/files/cuentas_macroeconomicas/7_1_7_anual.xls,2026-08-01T21:23:57Z
bcv_pib_demanda_anual,Producto interno bruto por componentes de demanda,Componentes del PIB,7_1_7_anual.xls,1997,Precios constantes,Nivel,Anual,1998,1998,,Enfoque de la demanda,Exportaciones de bienes y servicios,127065.9,Bolívares,,Banco Central de Venezuela,https://www.bcv.org.ve/sites/default/files/cuentas_macroeconomicas/7_1_7_anual.xls,2026-08-01T21:23:57Z
bcv_pib_demanda_anual,Producto interno bruto por componentes de demanda,Componentes del PIB,7_1_7_anual.xls,Escala monetaria vigente desde 2018,Precios corrientes,Nivel,Anual,1998,1998,,Enfoque de la demanda,Exportaciones de bienes y servicios,104629.56,Bolívares,,Banco Central de Venezuela,https://www.bcv.org.ve/sites/default/files/cuentas_macroeconomicas/7_1_7_anual.xls,2026-08-01T21:23:57Z
bcv_pib_demanda_anual,Producto interno bruto por componentes de demanda,Componentes del PIB,7_1_7_anual.xls,1997,Precios constantes,Nivel,Anual,1999,1999,,Enfoque de la demanda,Exportaciones de bienes y servicios,113102.88,Bolívares,,Banco Central de Venezuela,https://www.bcv.org.ve/sites/default/files/cuentas_macroeconomicas/7_1_7_anual.xls,2026-08-01T21:23:57Z
bcv_pib_demanda_anual,Producto interno bruto por componentes de demanda,Componentes del PIB,7_1_7_anual.xls,Escala monetaria vigente desde 2018,Precios corrientes,Nivel,Anual,1999,1999,,Enfoque de la demanda,Exportaciones de bienes y servicios,135968.62,Bolívares,,Banco Central de Venezuela,https://www.bcv.org.ve/sites/default/files/cuentas_macroeconomicas/7_1_7_anual.xls,2026-08-01T21:23:57Z
bcv_pib_demanda_anual,Producto interno bruto por componentes de demanda,Componentes del PIB,7_1_7_anual.xls,1997,Precios constantes,Nivel,Anual,2000,2000,,Enfoque de la demanda,Exportaciones de bienes y servicios,119693.86,Bolívares,,Banco Central de Venezuela,https://www.bcv.org.ve/sites/default/files/cuentas_macroeconomicas/7_1_7_anual.xls,2026-08-01T21:23:57Z
bcv_pib_demanda_anual,Producto interno bruto por componentes de demanda,Componentes del PIB,7_1_7_anual.xls,Escala monetaria vigente desde 2018,Precios corrientes,Nivel,Anual,2000,2000,,Enfoque de la demanda,Exportaciones de bienes y servicios,236929.64,Bolívares,,Banco Central de Venezuela,https://www.bcv.org.ve/sites/default/files/cuentas_macroeconomicas/7_1_7_anual.xls,2026-08-01T21:23:57Z
bcv_pib_demanda_anual,Producto interno bruto por componentes de demanda,Componentes del PIB,7_1_7_anual.xls,1997,Precios constantes,Nivel,Anual,2001,2001,,Enfoque de la demanda,Exportaciones de bienes y servicios,115445.45,Bolívares,,Banco Central de Venezuela,https://www.bcv.org.ve/sites/default/files/cuentas_macroeconomicas/7_1_7_anual.xls,2026-08-01T21:23:57Z
bcv_pib_demanda_anual,Producto interno bruto por componentes de demanda,Componentes del PIB,7_1_7_anual.xls,Escala monetaria vigente desde 2018,Precios corrientes,Nivel,Anual,2001,2001,,Enfoque de la demanda,Exportaciones de bienes y servicios,202223.43,Bolívares,,Banco Central de Venezuela,https://www.bcv.org.ve/sites/default/files/cuentas_macroeconomicas/7_1_7_anual.xls,2026-08-01T21:23:57Z
bcv_pib_demanda_anual,Producto interno bruto por componentes de demanda,Componentes del PIB,7_1_7_anual.xls,1997,Precios constantes,Nivel,Anual,2002,2002,,Enfoque de la demanda,Exportaciones de bienes y servicios,110873.27,Bolívares,,Banco Central de Venezuela,https://www.bcv.org.ve/sites/default/files/cuentas_macroeconomicas/7_1_7_anual.xls,2026-08-01T21:23:57Z
bcv_pib_demanda_anual,Producto interno bruto por componentes de demanda,Componentes del PIB,7_1_7_anual.xls,Escala monetaria vigente desde 2018,Precios corrientes,Nivel,Anual,2002,2002,,Enfoque de la demanda,Exportaciones de bienes y servicios,328196.13,Bolívares,,Banco Central de Venezuela,https://www.bcv.org.ve/sites/default/files/cuentas_macroeconomicas/7_1_7_anual.xls,2026-08-01T21:23:57Z
bcv_pib_demanda_anual,Producto interno bruto por componentes de demanda,Componentes del PIB,7_1_7_anual.xls,1997,Precios constantes,Nivel,Anual,2003,2003,,Enfoque de la demanda,Exportaciones de bienes y servicios,99360.47,Bolívares,,Banco Central de Venezuela,https://www.bcv.org.ve/sites/default/files/cuentas_macroeconomicas/7_1_7_anual.xls,2026-08-01T21:23:57Z
bcv_pib_demanda_anual,Producto interno bruto por componentes de demanda,Componentes del PIB,7_1_7_anual.xls,Escala monetaria vigente desde 2018,Precios corrientes,Nivel,Anual,2003,2003,,Enfoque de la demanda,Exportaciones de bienes y servicios,454406.71,Bolívares,,Banco Central de Venezuela,https://www.bcv.org.ve/sites/default/files/cuentas_macroeconomicas/7_1_7_anual.xls,2026-08-01T21:23:57Z
bcv_pib_demanda_anual,Producto interno bruto por componentes de demanda,Componentes del PIB,7_1_7_anual.xls,1997,Precios constantes,Nivel,Anual,2004,2004,,Enfoque de la demanda,Exportaciones de bienes y servicios,112958.62,Bolívares,,Banco Central de Venezuela,https://www.bcv.org.ve/sites/default/files/cuentas_macroeconomicas/7_1_7_anual.xls,2026-08-01T21:23:57Z
bcv_pib_demanda_anual,Producto interno bruto por componentes de demanda,Componentes del PIB,7_1_7_anual.xls,Escala monetaria vigente desde 2018,Precios corrientes,Nivel,Anual,2004,2004,,Enfoque de la demanda,Exportaciones de bienes y servicios,769877.74,Bolívares,,Banco Central de Venezuela,https://www.bcv.org.ve/sites/default/files/cuentas_macroeconomicas/7_1_7_anual.xls,2026-08-01T21:23:57Z
bcv_pib_demanda_anual,Producto interno bruto por componentes de demanda,Componentes del PIB,7_1_7_anual.xls,1997,Precios constantes,Nivel,Anual,2005,2005,,Enfoque de la demanda,Exportaciones de bienes y servicios,117216.6,Bolívares,,Banco Central de Venezuela,https://www.bcv.org.ve/sites/default/files/cuentas_macroeconomicas/7_1_7_anual.xls,2026-08-01T21:23:57Z
bcv_pib_demanda_anual,Producto interno bruto por componentes de demanda,Componentes del PIB,7_1_7_anual.xls,Escala monetaria vigente desde 2018,Precios corrientes,Nivel,Anual,2005,2005,,Enfoque de la demanda,Exportaciones de bienes y servicios,1205967.34,Bolívares,,Banco Central de Venezuela,https://www.bcv.org.ve/sites/default/files/cuentas_macroeconomicas/7_1_7_anual.xls,2026-08-01T21:23:57Z
bcv_pib_demanda_anual,Producto interno bruto por componentes de demanda,Componentes del PIB,7_1_7_anual.xls,1997,Precios constantes,Nivel,Anual,2006,2006,,Enfoque de la demanda,Exportaciones de bienes y servicios,113679.95,Bolívares,,Banco Central de Venezuela,https://www.bcv.org.ve/sites/default/files/cuentas_macroeconomicas/7_1_7_anual.xls,2026-08-01T21:23:57Z
bcv_pib_demanda_anual,Producto interno bruto por componentes de demanda,Componentes del PIB,7_1_7_anual.xls,Escala monetaria vigente desde 2018,Precios corrientes,Nivel,Anual,2006,2006,,Enfoque de la demanda,Exportaciones de bienes y servicios,1438564.33,Bolívares,,Banco Central de Venezuela,https://www.bcv.org.ve/sites/default/files/cuentas_macroeconomicas/7_1_7_anual.xls,2026-08-01T21:23:57Z
bcv_pib_demanda_anual,Producto interno bruto por componentes de demanda,Componentes del PIB,7_1_7_anual.xls,1997,Precios constantes,Nivel,Anual,2007,2007,,Enfoque de la demanda,Exportaciones de bienes y servicios,105095.32,Bolívares,,Banco Central de Venezuela,https://www.bcv.org.ve/sites/default/files/cuentas_macroeconomicas/7_1_7_anual.xls,2026-08-01T21:23:57Z
bcv_pib_demanda_anual,Producto interno bruto por componentes de demanda,Componentes del PIB,7_1_7_anual.xls,Escala monetaria vigente desde 2018,Precios corrientes,Nivel,Anual,2007,2007,,Enfoque de la demanda,Exportaciones de bienes y servicios,1539690.1,Bolívares,,Banco Central de Venezuela,https://www.bcv.org.ve/sites/default/files/cuentas_macroeconomicas/7_1_7_anual.xls,2026-08-01T21:23:57Z
bcv_pib_demanda_anual,Producto interno bruto por componentes de demanda,Componentes del PIB,7_1_7_anual.xls,1997,Precios constantes,Nivel,Anual,2008,2008,,Enfoque de la demanda,Exportaciones de bienes y servicios,104061.82,Bolívares,Preliminar,Banco Central de Venezuela,https://www.bcv.org.ve/sites/default/files/cuentas_macroeconomicas/7_1_7_anual.xls,2026-08-01T21:23:57Z
bcv_pib_demanda_anual,Producto interno bruto por componentes de demanda,Componentes del PIB,7_1_7_anual.xls,Escala monetaria vigente desde 2018,Precios corrientes,Nivel,Anual,2008,2008,,Enfoque de la demanda,Exportaciones de bienes y servicios,2088456.68,Bolívares,Preliminar,Banco Central de Venezuela,https://www.bcv.org.ve/sites/default/files/cuentas_macroeconomicas/7_1_7_anual.xls,2026-08-01T21:23:57Z
bcv_pib_demanda_anual,Producto interno bruto por componentes de demanda,Componentes del PIB,7_1_7_anual.xls,1997,Precios constantes,Nivel,Anual,2009,2009,,Enfoque de la demanda,Exportaciones de bienes y servicios,89824.55,Bolívares,Preliminar,Banco Central de Venezuela,https://www.bcv.org.ve/sites/default/files/cuentas_macroeconomicas/7_1_7_anual.xls,2026-08-01T21:23:57Z
bcv_pib_demanda_anual,Producto interno bruto por componentes de demanda,Componentes del PIB,7_1_7_anual.xls,Escala monetaria vigente desde 2018,Precios corrientes,Nivel,Anual,2009,2009,,Enfoque de la demanda,Exportaciones de bienes y servicios,1278130.85,Bolívares,Preliminar,Banco Central de Venezuela,https://www.bcv.org.ve/sites/default/files/cuentas_macroeconomicas/7_1_7_anual.xls,2026-08-01T21:23:57Z
bcv_pib_demanda_anual,Producto interno bruto por componentes de demanda,Componentes del PIB,7_1_7_anual.xls,1997,Precios constantes,Nivel,Anual,2010,2010,,Enfoque de la demanda,Exportaciones de bienes y servicios,78257.85,Bolívares,Preliminar,Banco Central de Venezuela,https://www.bcv.org.ve/sites/default/files/cuentas_macroeconomicas/7_1_7_anual.xls,2026-08-01T21:23:57Z
bcv_pib_demanda_anual,Producto interno bruto por componentes de demanda,Componentes del PIB,7_1_7_anual.xls,Escala monetaria vigente desde 2018,Precios corrientes,Nivel,Anual,2010,2010,,Enfoque de la demanda,Exportaciones de bienes y servicios,2901070.92,Bolívares,Preliminar,Banco Central de Venezuela,https://www.bcv.org.ve/sites/default/files/cuentas_macroeconomicas/7_1_7_anual.xls,2026-08-01T21:23:57Z
bcv_pib_demanda_anual,Producto interno bruto por componentes de demanda,Componentes del PIB,7_1_7_anual.xls,1997,Precios constantes,Nivel,Anual,2011,2011,,Enfoque de la demanda,Exportaciones de bienes y servicios,81908.56,Bolívares,Preliminar,Banco Central de Venezuela,https://www.bcv.org.ve/sites/default/files/cuentas_macroeconomicas/7_1_7_anual.xls,2026-08-01T21:23:57Z
bcv_pib_demanda_anual,Producto interno bruto por componentes de demanda,Componentes del PIB,7_1_7_anual.xls,Escala monetaria vigente desde 2018,Precios corrientes,Nivel,Anual,2011,2011,,Enfoque de la demanda,Exportaciones de bienes y servicios,4064725.49,Bolívares,Preliminar,Banco Central de Venezuela,https://www.bcv.org.ve/sites/default/files/cuentas_macroeconomicas/7_1_7_anual.xls,2026-08-01T21:23:57Z
bcv_pib_demanda_anual,Producto interno bruto por componentes de demanda,Componentes del PIB,7_1_7_anual.xls,1997,Precios constantes,Nivel,Anual,2012,2012,,Enfoque de la demanda,Exportaciones de bienes y servicios,83214.42,Bolívares,Preliminar,Banco Central de Venezuela,https://www.bcv.org.ve/sites/default/files/cuentas_macroeconomicas/7_1_7_anual.xls,2026-08-01T21:23:57Z
bcv_pib_demanda_anual,Producto interno bruto por componentes de demanda,Componentes del PIB,7_1_7_anual.xls,Escala monetaria vigente desde 2018,Precios corrientes,Nivel,Anual,2012,2012,,Enfoque de la demanda,Exportaciones de bienes y servicios,4280141.3,Bolívares,Preliminar,Banco Central de Venezuela,https://www.bcv.org.ve/sites/default/files/cuentas_macroeconomicas/7_1_7_anual.xls,2026-08-01T21:23:57Z
bcv_pib_demanda_anual,Producto interno bruto por componentes de demanda,Componentes del PIB,7_1_7_anual.xls,1997,Precios constantes,Nivel,Anual,2013,2013,,Enfoque de la demanda,Exportaciones de bienes y servicios,78080.34,Bolívares,Preliminar,Banco Central de Venezuela,https://www.bcv.org.ve/sites/default/files/cuentas_macroeconomicas/7_1_7_anual.xls,2026-08-01T21:23:57Z
bcv_pib_demanda_anual,Producto interno bruto por componentes de demanda,Componentes del PIB,7_1_7_anual.xls,Escala monetaria vigente desde 2018,Precios corrientes,Nivel,Anual,2013,2013,,Enfoque de la demanda,Exportaciones de bienes y servicios,5561827.71,Bolívares,Preliminar,Banco Central de Venezuela,https://www.bcv.org.ve/sites/default/files/cuentas_macroeconomicas/7_1_7_anual.xls,2026-08-01T21:23:57Z
bcv_pib_demanda_anual,Producto interno bruto por componentes de demanda,Componentes del PIB,7_1_7_anual.xls,1997,Precios constantes,Nivel,Anual,2014,2014,,Enfoque de la demanda,Exportaciones de bienes y servicios,74443.36,Bolívares,Preliminar,Banco Central de Venezuela,https://www.bcv.org.ve/sites/default/files/cuentas_macroeconomicas/7_1_7_anual.xls,2026-08-01T21:23:57Z
bcv_pib_demanda_anual,Producto interno bruto por componentes de demanda,Componentes del PIB,7_1_7_anual.xls,Escala monetaria vigente desde 2018,Precios corrientes,Nivel,Anual,2014,2014,,Enfoque de la demanda,Exportaciones de bienes y servicios,5060303.78,Bolívares,Preliminar,Banco Central de Venezuela,https://www.bcv.org.ve/sites/default/files/cuentas_macroeconomicas/7_1_7_anual.xls,2026-08-01T21:23:57Z
bcv_pib_demanda_anual,Producto interno bruto por componentes de demanda,Componentes del PIB,7_1_7_anual.xls,1997,Precios constantes,Nivel,Anual,2015,2015,,Enfoque de la demanda,Exportaciones de bienes y servicios,73801.27,Bolívares,Preliminar,Banco Central de Venezuela,https://www.bcv.org.ve/sites/default/files/cuentas_macroeconomicas/7_1_7_anual.xls,2026-08-01T21:23:57Z
bcv_pib_demanda_anual,Producto interno bruto por componentes de demanda,Componentes del PIB,7_1_7_anual.xls,Escala monetaria vigente desde 2018,Precios corrientes,Nivel,Anual,2015,2015,,Enfoque de la demanda,Exportaciones de bienes y servicios,29526113.15,Bolívares,Preliminar,Banco Central de Venezuela,https://www.bcv.org.ve/sites/default/files/cuentas_macroeconomicas/7_1_7_anual.xls,2026-08-01T21:23:57Z
bcv_pib_demanda_anual,Producto interno bruto por componentes de demanda,Componentes del PIB,7_1_7_anual.xls,1997,Precios constantes,Nivel,Anual,2016,2016,,Enfoque de la demanda,Exportaciones de bienes y servicios,65145.23,Bolívares,Preliminar,Banco Central de Venezuela,https://www.bcv.org.ve/sites/default/files/cuentas_macroeconomicas/7_1_7_anual.xls,2026-08-01T21:23:57Z
bcv_pib_demanda_anual,Producto interno bruto por componentes de demanda,Componentes del PIB,7_1_7_anual.xls,Escala monetaria vigente desde 2018,Precios corrientes,Nivel,Anual,2016,2016,,Enfoque de la demanda,Exportaciones de bienes y servicios,90221919.49,Bolívares,Preliminar,Banco Central de Venezuela,https://www.bcv.org.ve/sites/default/files/cuentas_macroeconomicas/7_1_7_anual.xls,2026-08-01T21:23:57Z
bcv_pib_demanda_anual,Producto interno bruto por componentes de demanda,Componentes del PIB,7_1_7_anual.xls,1997,Precios constantes,Nivel,Anual,2017,2017,,Enfoque de la demanda,Exportaciones de bienes y servicios,65116.58,Bolívares,Preliminar,Banco Central de Venezuela,https://www.bcv.org.ve/sites/default/files/cuentas_macroeconomicas/7_1_7_anual.xls,2026-08-01T21:23:57Z
bcv_pib_demanda_anual,Producto interno bruto por componentes de demanda,Componentes del PIB,7_1_7_anual.xls,Escala monetaria vigente desde 2018,Precios corrientes,Nivel,Anual,2017,2017,,Enfoque de la demanda,Exportaciones de bienes y servicios,617089261.79,Bolívares,Preliminar,Banco Central de Venezuela,https://www.bcv.org.ve/sites/default/files/cuentas_macroeconomicas/7_1_7_anual.xls,2026-08-01T21:23:57Z
bcv_pib_demanda_anual,Producto interno bruto por componentes de demanda,Componentes del PIB,7_1_7_anual.xls,1997,Precios constantes,Nivel,Anual,1997,1997,,Enfoque de la demanda,Formación bruta de capital,116067.29000000001,Bolívares,,Banco Central de Venezuela,https://www.bcv.org.ve/sites/default/files/cuentas_macroeconomicas/7_1_7_anual.xls,2026-08-01T21:23:57Z
bcv_pib_demanda_anual,Producto interno bruto por componentes de demanda,Componentes del PIB,7_1_7_anual.xls,Escala monetaria vigente desde 2018,Precios corrientes,Nivel,Anual,1997,1997,,Enfoque de la demanda,Formación bruta de capital,116067.29000000001,Bolívares,,Banco Central de Venezuela,https://www.bcv.org.ve/sites/default/files/cuentas_macroeconomicas/7_1_7_anual.xls,2026-08-01T21:23:57Z
bcv_pib_demanda_anual,Producto interno bruto por componentes de demanda,Componentes del PIB,7_1_7_anual.xls,1997,Precios constantes,Nivel,Anual,1998,1998,,Enfoque de la demanda,Formación bruta de capital,121116.51999999999,Bolívares,,Banco Central de Venezuela,https://www.bcv.org.ve/sites/default/files/cuentas_macroeconomicas/7_1_7_anual.xls,2026-08-01T21:23:57Z
bcv_pib_demanda_anual,Producto interno bruto por componentes de demanda,Componentes del PIB,7_1_7_anual.xls,Escala monetaria vigente desde 2018,Precios corrientes,Nivel,Anual,1998,1998,,Enfoque de la demanda,Formación bruta de capital,153341.77000000002,Bolívares,,Banco Central de Venezuela,https://www.bcv.org.ve/sites/default/files/cuentas_macroeconomicas/7_1_7_anual.xls,2026-08-01T21:23:57Z
bcv_pib_demanda_anual,Producto interno bruto por componentes de demanda,Componentes del PIB,7_1_7_anual.xls,1997,Precios constantes,Nivel,Anual,1999,1999,,Enfoque de la demanda,Formación bruta de capital,108267.13,Bolívares,,Banco Central de Venezuela,https://www.bcv.org.ve/sites/default/files/cuentas_macroeconomicas/7_1_7_anual.xls,2026-08-01T21:23:57Z
bcv_pib_demanda_anual,Producto interno bruto por componentes de demanda,Componentes del PIB,7_1_7_anual.xls,Escala monetaria vigente desde 2018,Precios corrientes,Nivel,Anual,1999,1999,,Enfoque de la demanda,Formación bruta de capital,157362.76,Bolívares,,Banco Central de Venezuela,https://www.bcv.org.ve/sites/default/files/cuentas_macroeconomicas/7_1_7_anual.xls,2026-08-01T21:23:57Z
bcv_pib_demanda_anual,Producto interno bruto por componentes de demanda,Componentes del PIB,7_1_7_anual.xls,1997,Precios constantes,Nivel,Anual,2000,2000,,Enfoque de la demanda,Formación bruta de capital,115531.95,Bolívares,,Banco Central de Venezuela,https://www.bcv.org.ve/sites/default/files/cuentas_macroeconomicas/7_1_7_anual.xls,2026-08-01T21:23:57Z
bcv_pib_demanda_anual,Producto interno bruto por componentes de demanda,Componentes del PIB,7_1_7_anual.xls,Escala monetaria vigente desde 2018,Precios corrientes,Nivel,Anual,2000,2000,,Enfoque de la demanda,Formación bruta de capital,192530.93,Bolívares,,Banco Central de Venezuela,https://www.bcv.org.ve/sites/default/files/cuentas_macroeconomicas/7_1_7_anual.xls,2026-08-01T21:23:57Z
bcv_pib_demanda_anual,Producto interno bruto por componentes de demanda,Componentes del PIB,7_1_7_anual.xls,1997,Precios constantes,Nivel,Anual,2001,2001,,Enfoque de la demanda,Formación bruta de capital,131213.17,Bolívares,,Banco Central de Venezuela,https://www.bcv.org.ve/sites/default/files/cuentas_macroeconomicas/7_1_7_anual.xls,2026-08-01T21:23:57Z
bcv_pib_demanda_anual,Producto interno bruto por componentes de demanda,Componentes del PIB,7_1_7_anual.xls,Escala monetaria vigente desde 2018,Precios corrientes,Nivel,Anual,2001,2001,,Enfoque de la demanda,Formación bruta de capital,244815.35,Bolívares,,Banco Central de Venezuela,https://www.bcv.org.ve/sites/default/files/cuentas_macroeconomicas/7_1_7_anual.xls,2026-08-01T21:23:57Z
bcv_pib_demanda_anual,Producto interno bruto por componentes de demanda,Componentes del PIB,7_1_7_anual.xls,1997,Precios constantes,Nivel,Anual,2002,2002,,Enfoque de la demanda,Formación bruta de capital,86613.05,Bolívares,,Banco Central de Venezuela,https://www.bcv.org.ve/sites/default/files/cuentas_macroeconomicas/7_1_7_anual.xls,2026-08-01T21:23:57Z
bcv_pib_demanda_anual,Producto interno bruto por componentes de demanda,Componentes del PIB,7_1_7_anual.xls,Escala monetaria vigente desde 2018,Precios corrientes,Nivel,Anual,2002,2002,,Enfoque de la demanda,Formación bruta de capital,228177.80000000002,Bolívares,,Banco Central de Venezuela,https://www.bcv.org.ve/sites/default/files/cuentas_macroeconomicas/7_1_7_anual.xls,2026-08-01T21:23:57Z
bcv_pib_demanda_anual,Producto interno bruto por componentes de demanda,Componentes del PIB,7_1_7_anual.xls,1997,Precios constantes,Nivel,Anual,2003,2003,,Enfoque de la demanda,Formación bruta de capital,55866.060000000005,Bolívares,,Banco Central de Venezuela,https://www.bcv.org.ve/sites/default/files/cuentas_macroeconomicas/7_1_7_anual.xls,2026-08-01T21:23:57Z
bcv_pib_demanda_anual,Producto interno bruto por componentes de demanda,Componentes del PIB,7_1_7_anual.xls,Escala monetaria vigente desde 2018,Precios corrientes,Nivel,Anual,2003,2003,,Enfoque de la demanda,Formación bruta de capital,204260.43,Bolívares,,Banco Central de Venezuela,https://www.bcv.org.ve/sites/default/files/cuentas_macroeconomicas/7_1_7_anual.xls,2026-08-01T21:23:57Z
bcv_pib_demanda_anual,Producto interno bruto por componentes de demanda,Componentes del PIB,7_1_7_anual.xls,1997,Precios constantes,Nivel,Anual,2004,2004,,Enfoque de la demanda,Formación bruta de capital,106889.98000000001,Bolívares,,Banco Central de Venezuela,https://www.bcv.org.ve/sites/default/files/cuentas_macroeconomicas/7_1_7_anual.xls,2026-08-01T21:23:57Z
bcv_pib_demanda_anual,Producto interno bruto por componentes de demanda,Componentes del PIB,7_1_7_anual.xls,Escala monetaria vigente desde 2018,Precios corrientes,Nivel,Anual,2004,2004,,Enfoque de la demanda,Formación bruta de capital,463616.45999999996,Bolívares,,Banco Central de Venezuela,https://www.bcv.org.ve/sites/default/files/cuentas_macroeconomicas/7_1_7_anual.xls,2026-08-01T21:23:57Z
bcv_pib_demanda_anual,Producto interno bruto por componentes de demanda,Componentes del PIB,7_1_7_anual.xls,1997,Precios constantes,Nivel,Anual,2005,2005,,Enfoque de la demanda,Formación bruta de capital,139451.54,Bolívares,,Banco Central de Venezuela,https://www.bcv.org.ve/sites/default/files/cuentas_macroeconomicas/7_1_7_anual.xls,2026-08-01T21:23:57Z
bcv_pib_demanda_anual,Producto interno bruto por componentes de demanda,Componentes del PIB,7_1_7_anual.xls,Escala monetaria vigente desde 2018,Precios corrientes,Nivel,Anual,2005,2005,,Enfoque de la demanda,Formación bruta de capital,699522.33,Bolívares,,Banco Central de Venezuela,https://www.bcv.org.ve/sites/default/files/cuentas_macroeconomicas/7_1_7_anual.xls,2026-08-01T21:23:57Z
bcv_pib_demanda_anual,Producto interno bruto por componentes de demanda,Componentes del PIB,7_1_7_anual.xls,1997,Precios constantes,Nivel,Anual,2006,2006,,Enfoque de la demanda,Formación bruta de capital,190016.54,Bolívares,,Banco Central de Venezuela,https://www.bcv.org.ve/sites/default/files/cuentas_macroeconomicas/7_1_7_anual.xls,2026-08-01T21:23:57Z
bcv_pib_demanda_anual,Producto interno bruto por componentes de demanda,Componentes del PIB,7_1_7_anual.xls,Escala monetaria vigente desde 2018,Precios corrientes,Nivel,Anual,2006,2006,,Enfoque de la demanda,Formación bruta de capital,1060524.79,Bolívares,,Banco Central de Venezuela,https://www.bcv.org.ve/sites/default/files/cuentas_macroeconomicas/7_1_7_anual.xls,2026-08-01T21:23:57Z
bcv_pib_demanda_anual,Producto interno bruto por componentes de demanda,Componentes del PIB,7_1_7_anual.xls,1997,Precios constantes,Nivel,Anual,2007,2007,,Enfoque de la demanda,Formación bruta de capital,243533.16999999998,Bolívares,,Banco Central de Venezuela,https://www.bcv.org.ve/sites/default/files/cuentas_macroeconomicas/7_1_7_anual.xls,2026-08-01T21:23:57Z
bcv_pib_demanda_anual,Producto interno bruto por componentes de demanda,Componentes del PIB,7_1_7_anual.xls,Escala monetaria vigente desde 2018,Precios corrientes,Nivel,Anual,2007,2007,,Enfoque de la demanda,Formación bruta de capital,1500592.6099999999,Bolívares,,Banco Central de Venezuela,https://www.bcv.org.ve/sites/default/files/cuentas_macroeconomicas/7_1_7_anual.xls,2026-08-01T21:23:57Z
bcv_pib_demanda_anual,Producto interno bruto por componentes de demanda,Componentes del PIB,7_1_7_anual.xls,1997,Precios constantes,Nivel,Anual,2008,2008,,Enfoque de la demanda,Formación bruta de capital,248869.9,Bolívares,Preliminar,Banco Central de Venezuela,https://www.bcv.org.ve/sites/default/files/cuentas_macroeconomicas/7_1_7_anual.xls,2026-08-01T21:23:57Z
bcv_pib_demanda_anual,Producto interno bruto por componentes de demanda,Componentes del PIB,7_1_7_anual.xls,Escala monetaria vigente desde 2018,Precios corrientes,Nivel,Anual,2008,2008,,Enfoque de la demanda,Formación bruta de capital,1817721.22,Bolívares,Preliminar,Banco Central de Venezuela,https://www.bcv.org.ve/sites/default/files/cuentas_macroeconomicas/7_1_7_anual.xls,2026-08-01T21:23:57Z
bcv_pib_demanda_anual,Producto interno bruto por componentes de demanda,Componentes del PIB,7_1_7_anual.xls,1997,Precios constantes,Nivel,Anual,2009,2009,,Enfoque de la demanda,Formación bruta de capital,201386.72999999998,Bolívares,Preliminar,Banco Central de Venezuela,https://www.bcv.org.ve/sites/default/files/cuentas_macroeconomicas/7_1_7_anual.xls,2026-08-01T21:23:57Z
bcv_pib_demanda_anual,Producto interno bruto por componentes de demanda,Componentes del PIB,7_1_7_anual.xls,Escala monetaria vigente desde 2018,Precios corrientes,Nivel,Anual,2009,2009,,Enfoque de la demanda,Formación bruta de capital,1824521.38,Bolívares,Preliminar,Banco Central de Venezuela,https://www.bcv.org.ve/sites/default/files/cuentas_macroeconomicas/7_1_7_anual.xls,2026-08-01T21:23:57Z
bcv_pib_demanda_anual,Producto interno bruto por componentes de demanda,Componentes del PIB,7_1_7_anual.xls,1997,Precios constantes,Nivel,Anual,2010,2010,,Enfoque de la demanda,Formación bruta de capital,203481.39,Bolívares,Preliminar,Banco Central de Venezuela,https://www.bcv.org.ve/sites/default/files/cuentas_macroeconomicas/7_1_7_anual.xls,2026-08-01T21:23:57Z
bcv_pib_demanda_anual,Producto interno bruto por componentes de demanda,Componentes del PIB,7_1_7_anual.xls,Escala monetaria vigente desde 2018,Precios corrientes,Nivel,Anual,2010,2010,,Enfoque de la demanda,Formación bruta de capital,2234154.5300000003,Bolívares,Preliminar,Banco Central de Venezuela,https://www.bcv.org.ve/sites/default/files/cuentas_macroeconomicas/7_1_7_anual.xls,2026-08-01T21:23:57Z
bcv_pib_demanda_anual,Producto interno bruto por componentes de demanda,Componentes del PIB,7_1_7_anual.xls,1997,Precios constantes,Nivel,Anual,2011,2011,,Enfoque de la demanda,Formación bruta de capital,234395.54,Bolívares,Preliminar,Banco Central de Venezuela,https://www.bcv.org.ve/sites/default/files/cuentas_macroeconomicas/7_1_7_anual.xls,2026-08-01T21:23:57Z
bcv_pib_demanda_anual,Producto interno bruto por componentes de demanda,Componentes del PIB,7_1_7_anual.xls,Escala monetaria vigente desde 2018,Precios corrientes,Nivel,Anual,2011,2011,,Enfoque de la demanda,Formación bruta de capital,3132048.05,Bolívares,Preliminar,Banco Central de Venezuela,https://www.bcv.org.ve/sites/default/files/cuentas_macroeconomicas/7_1_7_anual.xls,2026-08-01T21:23:57Z
bcv_pib_demanda_anual,Producto interno bruto por componentes de demanda,Componentes del PIB,7_1_7_anual.xls,1997,Precios constantes,Nivel,Anual,2012,2012,,Enfoque de la demanda,Formación bruta de capital,290791.79000000004,Bolívares,Preliminar,Banco Central de Venezuela,https://www.bcv.org.ve/sites/default/files/cuentas_macroeconomicas/7_1_7_anual.xls,2026-08-01T21:23:57Z
bcv_pib_demanda_anual,Producto interno bruto por componentes de demanda,Componentes del PIB,7_1_7_anual.xls,Escala monetaria vigente desde 2018,Precios corrientes,Nivel,Anual,2012,2012,,Enfoque de la demanda,Formación bruta de capital,4349767.390000001,Bolívares,Preliminar,Banco Central de Venezuela,https://www.bcv.org.ve/sites/default/files/cuentas_macroeconomicas/7_1_7_anual.xls,2026-08-01T21:23:57Z
bcv_pib_demanda_anual,Producto interno bruto por componentes de demanda,Componentes del PIB,7_1_7_anual.xls,1997,Precios constantes,Nivel,Anual,2013,2013,,Enfoque de la demanda,Formación bruta de capital,250225.46000000002,Bolívares,Preliminar,Banco Central de Venezuela,https://www.bcv.org.ve/sites/default/files/cuentas_macroeconomicas/7_1_7_anual.xls,2026-08-01T21:23:57Z
bcv_pib_demanda_anual,Producto interno bruto por componentes de demanda,Componentes del PIB,7_1_7_anual.xls,Escala monetaria vigente desde 2018,Precios corrientes,Nivel,Anual,2013,2013,,Enfoque de la demanda,Formación bruta de capital,6124181.42,Bolívares,Preliminar,Banco Central de Venezuela,https://www.bcv.org.ve/sites/default/files/cuentas_macroeconomicas/7_1_7_anual.xls,2026-08-01T21:23:57Z
bcv_pib_demanda_anual,Producto interno bruto por componentes de demanda,Componentes del PIB,7_1_7_anual.xls,1997,Precios constantes,Nivel,Anual,2014,2014,,Enfoque de la demanda,Formación bruta de capital,192862.97,Bolívares,Preliminar,Banco Central de Venezuela,https://www.bcv.org.ve/sites/default/files/cuentas_macroeconomicas/7_1_7_anual.xls,2026-08-01T21:23:57Z
bcv_pib_demanda_anual,Producto interno bruto por componentes de demanda,Componentes del PIB,7_1_7_anual.xls,Escala monetaria vigente desde 2018,Precios corrientes,Nivel,Anual,2014,2014,,Enfoque de la demanda,Formación bruta de capital,7520573.95,Bolívares,Preliminar,Banco Central de Venezuela,https://www.bcv.org.ve/sites/default/files/cuentas_macroeconomicas/7_1_7_anual.xls,2026-08-01T21:23:57Z
bcv_pib_demanda_anual,Producto interno bruto por componentes de demanda,Componentes del PIB,7_1_7_anual.xls,1997,Precios constantes,Nivel,Anual,2015,2015,,Enfoque de la demanda,Formación bruta de capital,147098.43,Bolívares,Preliminar,Banco Central de Venezuela,https://www.bcv.org.ve/sites/default/files/cuentas_macroeconomicas/7_1_7_anual.xls,2026-08-01T21:23:57Z
bcv_pib_demanda_anual,Producto interno bruto por componentes de demanda,Componentes del PIB,7_1_7_anual.xls,Escala monetaria vigente desde 2018,Precios corrientes,Nivel,Anual,2015,2015,,Enfoque de la demanda,Formación bruta de capital,24809235.490000002,Bolívares,Preliminar,Banco Central de Venezuela,https://www.bcv.org.ve/sites/default/files/cuentas_macroeconomicas/7_1_7_anual.xls,2026-08-01T21:23:57Z
bcv_pib_demanda_anual,Producto interno bruto por componentes de demanda,Componentes del PIB,7_1_7_anual.xls,1997,Precios constantes,Nivel,Anual,2016,2016,,Enfoque de la demanda,Formación bruta de capital,67485.06,Bolívares,Preliminar,Banco Central de Venezuela,https://www.bcv.org.ve/sites/default/files/cuentas_macroeconomicas/7_1_7_anual.xls,2026-08-01T21:23:57Z
bcv_pib_demanda_anual,Producto interno bruto por componentes de demanda,Componentes del PIB,7_1_7_anual.xls,Escala monetaria vigente desde 2018,Precios corrientes,Nivel,Anual,2016,2016,,Enfoque de la demanda,Formación bruta de capital,287538.5899999961,Bolívares,Preliminar,Banco Central de Venezuela,https://www.bcv.org.ve/sites/default/files/cuentas_macroeconomicas/7_1_7_anual.xls,2026-08-01T21:23:57Z
bcv_pib_demanda_anual,Producto interno bruto por componentes de demanda,Componentes del PIB,7_1_7_anual.xls,1997,Precios constantes,Nivel,Anual,2017,2017,,Enfoque de la demanda,Formación bruta de capital,23721.200000000004,Bolívares,Preliminar,Banco Central de Venezuela,https://www.bcv.org.ve/sites/default/files/cuentas_macroeconomicas/7_1_7_anual.xls,2026-08-01T21:23:57Z
bcv_pib_demanda_anual,Producto interno bruto por componentes de demanda,Componentes del PIB,7_1_7_anual.xls,Escala monetaria vigente desde 2018,Precios corrientes,Nivel,Anual,2017,2017,,Enfoque de la demanda,Formación bruta de capital,-75207483.90000004,Bolívares,Preliminar,Banco Central de Venezuela,https://www.bcv.org.ve/sites/default/files/cuentas_macroeconomicas/7_1_7_anual.xls,2026-08-01T21:23:57Z
bcv_pib_demanda_anual,Producto interno bruto por componentes de demanda,Componentes del PIB,7_1_7_anual.xls,1997,Precios constantes,Nivel,Anual,1997,1997,,Enfoque de la demanda,Formación bruta de capital fijo 1/,106862.41,Bolívares,,Banco Central de Venezuela,https://www.bcv.org.ve/sites/default/files/cuentas_macroeconomicas/7_1_7_anual.xls,2026-08-01T21:23:57Z
bcv_pib_demanda_anual,Producto interno bruto por componentes de demanda,Componentes del PIB,7_1_7_anual.xls,Escala monetaria vigente desde 2018,Precios corrientes,Nivel,Anual,1997,1997,,Enfoque de la demanda,Formación bruta de capital fijo 1/,106862.41,Bolívares,,Banco Central de Venezuela,https://www.bcv.org.ve/sites/default/files/cuentas_macroeconomicas/7_1_7_anual.xls,2026-08-01T21:23:57Z
bcv_pib_demanda_anual,Producto interno bruto por componentes de demanda,Componentes del PIB,7_1_7_anual.xls,1997,Precios constantes,Nivel,Anual,1998,1998,,Enfoque de la demanda,Formación bruta de capital fijo 1/,112748.18,Bolívares,,Banco Central de Venezuela,https://www.bcv.org.ve/sites/default/files/cuentas_macroeconomicas/7_1_7_anual.xls,2026-08-01T21:23:57Z
bcv_pib_demanda_anual,Producto interno bruto por componentes de demanda,Componentes del PIB,7_1_7_anual.xls,Escala monetaria vigente desde 2018,Precios corrientes,Nivel,Anual,1998,1998,,Enfoque de la demanda,Formación bruta de capital fijo 1/,142895.41,Bolívares,,Banco Central de Venezuela,https://www.bcv.org.ve/sites/default/files/cuentas_macroeconomicas/7_1_7_anual.xls,2026-08-01T21:23:57Z
bcv_pib_demanda_anual,Producto interno bruto por componentes de demanda,Componentes del PIB,7_1_7_anual.xls,1997,Precios constantes,Nivel,Anual,1999,1999,,Enfoque de la demanda,Formación bruta de capital fijo 1/,95214.78,Bolívares,,Banco Central de Venezuela,https://www.bcv.org.ve/sites/default/files/cuentas_macroeconomicas/7_1_7_anual.xls,2026-08-01T21:23:57Z
bcv_pib_demanda_anual,Producto interno bruto por componentes de demanda,Componentes del PIB,7_1_7_anual.xls,Escala monetaria vigente desde 2018,Precios corrientes,Nivel,Anual,1999,1999,,Enfoque de la demanda,Formación bruta de capital fijo 1/,140672.73,Bolívares,,Banco Central de Venezuela,https://www.bcv.org.ve/sites/default/files/cuentas_macroeconomicas/7_1_7_anual.xls,2026-08-01T21:23:57Z
bcv_pib_demanda_anual,Producto interno bruto por componentes de demanda,Componentes del PIB,7_1_7_anual.xls,1997,Precios constantes,Nivel,Anual,2000,2000,,Enfoque de la demanda,Formación bruta de capital fijo 1/,97714.72,Bolívares,,Banco Central de Venezuela,https://www.bcv.org.ve/sites/default/files/cuentas_macroeconomicas/7_1_7_anual.xls,2026-08-01T21:23:57Z
bcv_pib_demanda_anual,Producto interno bruto por componentes de demanda,Componentes del PIB,7_1_7_anual.xls,Escala monetaria vigente desde 2018,Precios corrientes,Nivel,Anual,2000,2000,,Enfoque de la demanda,Formación bruta de capital fijo 1/,167408.79,Bolívares,,Banco Central de Venezuela,https://www.bcv.org.ve/sites/default/files/cuentas_macroeconomicas/7_1_7_anual.xls,2026-08-01T21:23:57Z
bcv_pib_demanda_anual,Producto interno bruto por componentes de demanda,Componentes del PIB,7_1_7_anual.xls,1997,Precios constantes,Nivel,Anual,2001,2001,,Enfoque de la demanda,Formación bruta de capital fijo 1/,111177.24,Bolívares,,Banco Central de Venezuela,https://www.bcv.org.ve/sites/default/files/cuentas_macroeconomicas/7_1_7_anual.xls,2026-08-01T21:23:57Z
bcv_pib_demanda_anual,Producto interno bruto por componentes de demanda,Componentes del PIB,7_1_7_anual.xls,Escala monetaria vigente desde 2018,Precios corrientes,Nivel,Anual,2001,2001,,Enfoque de la demanda,Formación bruta de capital fijo 1/,213915.9,Bolívares,,Banco Central de Venezuela,https://www.bcv.org.ve/sites/default/files/cuentas_macroeconomicas/7_1_7_anual.xls,2026-08-01T21:23:57Z
bcv_pib_demanda_anual,Producto interno bruto por componentes de demanda,Componentes del PIB,7_1_7_anual.xls,1997,Precios constantes,Nivel,Anual,2002,2002,,Enfoque de la demanda,Formación bruta de capital fijo 1/,90766.27,Bolívares,,Banco Central de Venezuela,https://www.bcv.org.ve/sites/default/files/cuentas_macroeconomicas/7_1_7_anual.xls,2026-08-01T21:23:57Z
bcv_pib_demanda_anual,Producto interno bruto por componentes de demanda,Componentes del PIB,7_1_7_anual.xls,Escala monetaria vigente desde 2018,Precios corrientes,Nivel,Anual,2002,2002,,Enfoque de la demanda,Formación bruta de capital fijo 1/,236443.45,Bolívares,,Banco Central de Venezuela,https://www.bcv.org.ve/sites/default/files/cuentas_macroeconomicas/7_1_7_anual.xls,2026-08-01T21:23:57Z
bcv_pib_demanda_anual,Producto interno bruto por componentes de demanda,Componentes del PIB,7_1_7_anual.xls,1997,Precios constantes,Nivel,Anual,2003,2003,,Enfoque de la demanda,Formación bruta de capital fijo 1/,57158.58,Bolívares,,Banco Central de Venezuela,https://www.bcv.org.ve/sites/default/files/cuentas_macroeconomicas/7_1_7_anual.xls,2026-08-01T21:23:57Z
bcv_pib_demanda_anual,Producto interno bruto por componentes de demanda,Componentes del PIB,7_1_7_anual.xls,Escala monetaria vigente desde 2018,Precios corrientes,Nivel,Anual,2003,2003,,Enfoque de la demanda,Formación bruta de capital fijo 1/,207650.11,Bolívares,,Banco Central de Venezuela,https://www.bcv.org.ve/sites/default/files/cuentas_macroeconomicas/7_1_7_anual.xls,2026-08-01T21:23:57Z
bcv_pib_demanda_anual,Producto interno bruto por componentes de demanda,Componentes del PIB,7_1_7_anual.xls,1997,Precios constantes,Nivel,Anual,2004,2004,,Enfoque de la demanda,Formación bruta de capital fijo 1/,85594.05,Bolívares,,Banco Central de Venezuela,https://www.bcv.org.ve/sites/default/files/cuentas_macroeconomicas/7_1_7_anual.xls,2026-08-01T21:23:57Z
bcv_pib_demanda_anual,Producto interno bruto por componentes de demanda,Componentes del PIB,7_1_7_anual.xls,Escala monetaria vigente desde 2018,Precios corrientes,Nivel,Anual,2004,2004,,Enfoque de la demanda,Formación bruta de capital fijo 1/,390010.81,Bolívares,,Banco Central de Venezuela,https://www.bcv.org.ve/sites/default/files/cuentas_macroeconomicas/7_1_7_anual.xls,2026-08-01T21:23:57Z
bcv_pib_demanda_anual,Producto interno bruto por componentes de demanda,Componentes del PIB,7_1_7_anual.xls,1997,Precios constantes,Nivel,Anual,2005,2005,,Enfoque de la demanda,Formación bruta de capital fijo 1/,118470.88,Bolívares,,Banco Central de Venezuela,https://www.bcv.org.ve/sites/default/files/cuentas_macroeconomicas/7_1_7_anual.xls,2026-08-01T21:23:57Z
bcv_pib_demanda_anual,Producto interno bruto por componentes de demanda,Componentes del PIB,7_1_7_anual.xls,Escala monetaria vigente desde 2018,Precios corrientes,Nivel,Anual,2005,2005,,Enfoque de la demanda,Formación bruta de capital fijo 1/,617288.46,Bolívares,,Banco Central de Venezuela,https://www.bcv.org.ve/sites/default/files/cuentas_macroeconomicas/7_1_7_anual.xls,2026-08-01T21:23:57Z
bcv_pib_demanda_anual,Producto interno bruto por componentes de demanda,Componentes del PIB,7_1_7_anual.xls,1997,Precios constantes,Nivel,Anual,2006,2006,,Enfoque de la demanda,Formación bruta de capital fijo 1/,153159.41,Bolívares,,Banco Central de Venezuela,https://www.bcv.org.ve/sites/default/files/cuentas_macroeconomicas/7_1_7_anual.xls,2026-08-01T21:23:57Z
bcv_pib_demanda_anual,Producto interno bruto por componentes de demanda,Componentes del PIB,7_1_7_anual.xls,Escala monetaria vigente desde 2018,Precios corrientes,Nivel,Anual,2006,2006,,Enfoque de la demanda,Formación bruta de capital fijo 1/,879815.5,Bolívares,,Banco Central de Venezuela,https://www.bcv.org.ve/sites/default/files/cuentas_macroeconomicas/7_1_7_anual.xls,2026-08-01T21:23:57Z
bcv_pib_demanda_anual,Producto interno bruto por componentes de demanda,Componentes del PIB,7_1_7_anual.xls,1997,Precios constantes,Nivel,Anual,2007,2007,,Enfoque de la demanda,Formación bruta de capital fijo 1/,192399.4,Bolívares,,Banco Central de Venezuela,https://www.bcv.org.ve/sites/default/files/cuentas_macroeconomicas/7_1_7_anual.xls,2026-08-01T21:23:57Z
bcv_pib_demanda_anual,Producto interno bruto por componentes de demanda,Componentes del PIB,7_1_7_anual.xls,Escala monetaria vigente desde 2018,Precios corrientes,Nivel,Anual,2007,2007,,Enfoque de la demanda,Formación bruta de capital fijo 1/,1237629.9,Bolívares,,Banco Central de Venezuela,https://www.bcv.org.ve/sites/default/files/cuentas_macroeconomicas/7_1_7_anual.xls,2026-08-01T21:23:57Z
bcv_pib_demanda_anual,Producto interno bruto por componentes de demanda,Componentes del PIB,7_1_7_anual.xls,1997,Precios constantes,Nivel,Anual,2008,2008,,Enfoque de la demanda,Formación bruta de capital fijo 1/,197074.99,Bolívares,Preliminar,Banco Central de Venezuela,https://www.bcv.org.ve/sites/default/files/cuentas_macroeconomicas/7_1_7_anual.xls,2026-08-01T21:23:57Z
bcv_pib_demanda_anual,Producto interno bruto por componentes de demanda,Componentes del PIB,7_1_7_anual.xls,Escala monetaria vigente desde 2018,Precios corrientes,Nivel,Anual,2008,2008,,Enfoque de la demanda,Formación bruta de capital fijo 1/,1497576.79,Bolívares,Preliminar,Banco Central de Venezuela,https://www.bcv.org.ve/sites/default/files/cuentas_macroeconomicas/7_1_7_anual.xls,2026-08-01T21:23:57Z
bcv_pib_demanda_anual,Producto interno bruto por componentes de demanda,Componentes del PIB,7_1_7_anual.xls,1997,Precios constantes,Nivel,Anual,2009,2009,,Enfoque de la demanda,Formación bruta de capital fijo 1/,180628.56,Bolívares,Preliminar,Banco Central de Venezuela,https://www.bcv.org.ve/sites/default/files/cuentas_macroeconomicas/7_1_7_anual.xls,2026-08-01T21:23:57Z
bcv_pib_demanda_anual,Producto interno bruto por componentes de demanda,Componentes del PIB,7_1_7_anual.xls,Escala monetaria vigente desde 2018,Precios corrientes,Nivel,Anual,2009,2009,,Enfoque de la demanda,Formación bruta de capital fijo 1/,1664163.39,Bolívares,Preliminar,Banco Central de Venezuela,https://www.bcv.org.ve/sites/default/files/cuentas_macroeconomicas/7_1_7_anual.xls,2026-08-01T21:23:57Z
bcv_pib_demanda_anual,Producto interno bruto por componentes de demanda,Componentes del PIB,7_1_7_anual.xls,1997,Precios constantes,Nivel,Anual,2010,2010,,Enfoque de la demanda,Formación bruta de capital fijo 1/,169259.29,Bolívares,Preliminar,Banco Central de Venezuela,https://www.bcv.org.ve/sites/default/files/cuentas_macroeconomicas/7_1_7_anual.xls,2026-08-01T21:23:57Z
bcv_pib_demanda_anual,Producto interno bruto por componentes de demanda,Componentes del PIB,7_1_7_anual.xls,Escala monetaria vigente desde 2018,Precios corrientes,Nivel,Anual,2010,2010,,Enfoque de la demanda,Formación bruta de capital fijo 1/,1899728.77,Bolívares,Preliminar,Banco Central de Venezuela,https://www.bcv.org.ve/sites/default/files/cuentas_macroeconomicas/7_1_7_anual.xls,2026-08-01T21:23:57Z
bcv_pib_demanda_anual,Producto interno bruto por componentes de demanda,Componentes del PIB,7_1_7_anual.xls,1997,Precios constantes,Nivel,Anual,2011,2011,,Enfoque de la demanda,Formación bruta de capital fijo 1/,176654.97,Bolívares,Preliminar,Banco Central de Venezuela,https://www.bcv.org.ve/sites/default/files/cuentas_macroeconomicas/7_1_7_anual.xls,2026-08-01T21:23:57Z
bcv_pib_demanda_anual,Producto interno bruto por componentes de demanda,Componentes del PIB,7_1_7_anual.xls,Escala monetaria vigente desde 2018,Precios corrientes,Nivel,Anual,2011,2011,,Enfoque de la demanda,Formación bruta de capital fijo 1/,2407015.76,Bolívares,Preliminar,Banco Central de Venezuela,https://www.bcv.org.ve/sites/default/files/cuentas_macroeconomicas/7_1_7_anual.xls,2026-08-01T21:23:57Z
bcv_pib_demanda_anual,Producto interno bruto por componentes de demanda,Componentes del PIB,7_1_7_anual.xls,1997,Precios constantes,Nivel,Anual,2012,2012,,Enfoque de la demanda,Formación bruta de capital fijo 1/,217829.89,Bolívares,Preliminar,Banco Central de Venezuela,https://www.bcv.org.ve/sites/default/files/cuentas_macroeconomicas/7_1_7_anual.xls,2026-08-01T21:23:57Z
bcv_pib_demanda_anual,Producto interno bruto por componentes de demanda,Componentes del PIB,7_1_7_anual.xls,Escala monetaria vigente desde 2018,Precios corrientes,Nivel,Anual,2012,2012,,Enfoque de la demanda,Formación bruta de capital fijo 1/,3321642.68,Bolívares,Preliminar,Banco Central de Venezuela,https://www.bcv.org.ve/sites/default/files/cuentas_macroeconomicas/7_1_7_anual.xls,2026-08-01T21:23:57Z
bcv_pib_demanda_anual,Producto interno bruto por componentes de demanda,Componentes del PIB,7_1_7_anual.xls,1997,Precios constantes,Nivel,Anual,2013,2013,,Enfoque de la demanda,Formación bruta de capital fijo 1/,198152.45,Bolívares,Preliminar,Banco Central de Venezuela,https://www.bcv.org.ve/sites/default/files/cuentas_macroeconomicas/7_1_7_anual.xls,2026-08-01T21:23:57Z
bcv_pib_demanda_anual,Producto interno bruto por componentes de demanda,Componentes del PIB,7_1_7_anual.xls,Escala monetaria vigente desde 2018,Precios corrientes,Nivel,Anual,2013,2013,,Enfoque de la demanda,Formación bruta de capital fijo 1/,4989925.13,Bolívares,Preliminar,Banco Central de Venezuela,https://www.bcv.org.ve/sites/default/files/cuentas_macroeconomicas/7_1_7_anual.xls,2026-08-01T21:23:57Z
bcv_pib_demanda_anual,Producto interno bruto por componentes de demanda,Componentes del PIB,7_1_7_anual.xls,1997,Precios constantes,Nivel,Anual,2014,2014,,Enfoque de la demanda,Formación bruta de capital fijo 1/,164638.44,Bolívares,Preliminar,Banco Central de Venezuela,https://www.bcv.org.ve/sites/default/files/cuentas_macroeconomicas/7_1_7_anual.xls,2026-08-01T21:23:57Z
bcv_pib_demanda_anual,Producto interno bruto por componentes de demanda,Componentes del PIB,7_1_7_anual.xls,Escala monetaria vigente desde 2018,Precios corrientes,Nivel,Anual,2014,2014,,Enfoque de la demanda,Formación bruta de capital fijo 1/,6554596.25,Bolívares,Preliminar,Banco Central de Venezuela,https://www.bcv.org.ve/sites/default/files/cuentas_macroeconomicas/7_1_7_anual.xls,2026-08-01T21:23:57Z
bcv_pib_demanda_anual,Producto interno bruto por componentes de demanda,Componentes del PIB,7_1_7_anual.xls,1997,Precios constantes,Nivel,Anual,2015,2015,,Enfoque de la demanda,Formación bruta de capital fijo 1/,131073.87,Bolívares,Preliminar,Banco Central de Venezuela,https://www.bcv.org.ve/sites/default/files/cuentas_macroeconomicas/7_1_7_anual.xls,2026-08-01T21:23:57Z
bcv_pib_demanda_anual,Producto interno bruto por componentes de demanda,Componentes del PIB,7_1_7_anual.xls,Escala monetaria vigente desde 2018,Precios corrientes,Nivel,Anual,2015,2015,,Enfoque de la demanda,Formación bruta de capital fijo 1/,18802969.46,Bolívares,Preliminar,Banco Central de Venezuela,https://www.bcv.org.ve/sites/default/files/cuentas_macroeconomicas/7_1_7_anual.xls,2026-08-01T21:23:57Z
bcv_pib_demanda_anual,Producto interno bruto por componentes de demanda,Componentes del PIB,7_1_7_anual.xls,1997,Precios constantes,Nivel,Anual,2016,2016,,Enfoque de la demanda,Formación bruta de capital fijo 1/,71899.51,Bolívares,Preliminar,Banco Central de Venezuela,https://www.bcv.org.ve/sites/default/files/cuentas_macroeconomicas/7_1_7_anual.xls,2026-08-01T21:23:57Z
bcv_pib_demanda_anual,Producto interno bruto por componentes de demanda,Componentes del PIB,7_1_7_anual.xls,Escala monetaria vigente desde 2018,Precios corrientes,Nivel,Anual,2016,2016,,Enfoque de la demanda,Formación bruta de capital fijo 1/,37873093.26,Bolívares,Preliminar,Banco Central de Venezuela,https://www.bcv.org.ve/sites/default/files/cuentas_macroeconomicas/7_1_7_anual.xls,2026-08-01T21:23:57Z
bcv_pib_demanda_anual,Producto interno bruto por componentes de demanda,Componentes del PIB,7_1_7_anual.xls,1997,Precios constantes,Nivel,Anual,2017,2017,,Enfoque de la demanda,Formación bruta de capital fijo 1/,39354.37,Bolívares,Preliminar,Banco Central de Venezuela,https://www.bcv.org.ve/sites/default/files/cuentas_macroeconomicas/7_1_7_anual.xls,2026-08-01T21:23:57Z
bcv_pib_demanda_anual,Producto interno bruto por componentes de demanda,Componentes del PIB,7_1_7_anual.xls,Escala monetaria vigente desde 2018,Precios corrientes,Nivel,Anual,2017,2017,,Enfoque de la demanda,Formación bruta de capital fijo 1/,330710689.01,Bolívares,Preliminar,Banco Central de Venezuela,https://www.bcv.org.ve/sites/default/files/cuentas_macroeconomicas/7_1_7_anual.xls,2026-08-01T21:23:57Z
bcv_pib_demanda_anual,Producto interno bruto por componentes de demanda,Componentes del PIB,7_1_7_anual.xls,1997,Precios constantes,Nivel,Anual,1997,1997,,Enfoque de la demanda,Gasto de consumo final,272859.03,Bolívares,,Banco Central de Venezuela,https://www.bcv.org.ve/sites/default/files/cuentas_macroeconomicas/7_1_7_anual.xls,2026-08-01T21:23:57Z
bcv_pib_demanda_anual,Producto interno bruto por componentes de demanda,Componentes del PIB,7_1_7_anual.xls,Escala monetaria vigente desde 2018,Precios corrientes,Nivel,Anual,1997,1997,,Enfoque de la demanda,Gasto de consumo final,272859.03,Bolívares,,Banco Central de Venezuela,https://www.bcv.org.ve/sites/default/files/cuentas_macroeconomicas/7_1_7_anual.xls,2026-08-01T21:23:57Z
bcv_pib_demanda_anual,Producto interno bruto por componentes de demanda,Componentes del PIB,7_1_7_anual.xls,1997,Precios constantes,Nivel,Anual,1998,1998,,Enfoque de la demanda,Gasto de consumo final,275093.41,Bolívares,,Banco Central de Venezuela,https://www.bcv.org.ve/sites/default/files/cuentas_macroeconomicas/7_1_7_anual.xls,2026-08-01T21:23:57Z
bcv_pib_demanda_anual,Producto interno bruto por componentes de demanda,Componentes del PIB,7_1_7_anual.xls,Escala monetaria vigente desde 2018,Precios corrientes,Nivel,Anual,1998,1998,,Enfoque de la demanda,Gasto de consumo final,355582.27999999997,Bolívares,,Banco Central de Venezuela,https://www.bcv.org.ve/sites/default/files/cuentas_macroeconomicas/7_1_7_anual.xls,2026-08-01T21:23:57Z
bcv_pib_demanda_anual,Producto interno bruto por componentes de demanda,Componentes del PIB,7_1_7_anual.xls,1997,Precios constantes,Nivel,Anual,1999,1999,,Enfoque de la demanda,Gasto de consumo final,267215.67,Bolívares,,Banco Central de Venezuela,https://www.bcv.org.ve/sites/default/files/cuentas_macroeconomicas/7_1_7_anual.xls,2026-08-01T21:23:57Z
bcv_pib_demanda_anual,Producto interno bruto por componentes de demanda,Componentes del PIB,7_1_7_anual.xls,Escala monetaria vigente desde 2018,Precios corrientes,Nivel,Anual,1999,1999,,Enfoque de la demanda,Gasto de consumo final,413810.10000000003,Bolívares,,Banco Central de Venezuela,https://www.bcv.org.ve/sites/default/files/cuentas_macroeconomicas/7_1_7_anual.xls,2026-08-01T21:23:57Z
bcv_pib_demanda_anual,Producto interno bruto por componentes de demanda,Componentes del PIB,7_1_7_anual.xls,1997,Precios constantes,Nivel,Anual,2000,2000,,Enfoque de la demanda,Gasto de consumo final,279479.45999999996,Bolívares,,Banco Central de Venezuela,https://www.bcv.org.ve/sites/default/files/cuentas_macroeconomicas/7_1_7_anual.xls,2026-08-01T21:23:57Z
bcv_pib_demanda_anual,Producto interno bruto por componentes de demanda,Componentes del PIB,7_1_7_anual.xls,Escala monetaria vigente desde 2018,Precios corrientes,Nivel,Anual,2000,2000,,Enfoque de la demanda,Gasto de consumo final,511376.72,Bolívares,,Banco Central de Venezuela,https://www.bcv.org.ve/sites/default/files/cuentas_macroeconomicas/7_1_7_anual.xls,2026-08-01T21:23:57Z
bcv_pib_demanda_anual,Producto interno bruto por componentes de demanda,Componentes del PIB,7_1_7_anual.xls,1997,Precios constantes,Nivel,Anual,2001,2001,,Enfoque de la demanda,Gasto de consumo final,296720.23,Bolívares,,Banco Central de Venezuela,https://www.bcv.org.ve/sites/default/files/cuentas_macroeconomicas/7_1_7_anual.xls,2026-08-01T21:23:57Z
bcv_pib_demanda_anual,Producto interno bruto por componentes de demanda,Componentes del PIB,7_1_7_anual.xls,Escala monetaria vigente desde 2018,Precios corrientes,Nivel,Anual,2001,2001,,Enfoque de la demanda,Gasto de consumo final,615021.77,Bolívares,,Banco Central de Venezuela,https://www.bcv.org.ve/sites/default/files/cuentas_macroeconomicas/7_1_7_anual.xls,2026-08-01T21:23:57Z
bcv_pib_demanda_anual,Producto interno bruto por componentes de demanda,Componentes del PIB,7_1_7_anual.xls,1997,Precios constantes,Nivel,Anual,2002,2002,,Enfoque de la demanda,Gasto de consumo final,278250.15,Bolívares,,Banco Central de Venezuela,https://www.bcv.org.ve/sites/default/files/cuentas_macroeconomicas/7_1_7_anual.xls,2026-08-01T21:23:57Z
bcv_pib_demanda_anual,Producto interno bruto por componentes de demanda,Componentes del PIB,7_1_7_anual.xls,Escala monetaria vigente desde 2018,Precios corrientes,Nivel,Anual,2002,2002,,Enfoque de la demanda,Gasto de consumo final,717672.87,Bolívares,,Banco Central de Venezuela,https://www.bcv.org.ve/sites/default/files/cuentas_macroeconomicas/7_1_7_anual.xls,2026-08-01T21:23:57Z
bcv_pib_demanda_anual,Producto interno bruto por componentes de demanda,Componentes del PIB,7_1_7_anual.xls,1997,Precios constantes,Nivel,Anual,2003,2003,,Enfoque de la demanda,Gasto de consumo final,271899.77999999997,Bolívares,,Banco Central de Venezuela,https://www.bcv.org.ve/sites/default/files/cuentas_macroeconomicas/7_1_7_anual.xls,2026-08-01T21:23:57Z
bcv_pib_demanda_anual,Producto interno bruto por componentes de demanda,Componentes del PIB,7_1_7_anual.xls,Escala monetaria vigente desde 2018,Precios corrientes,Nivel,Anual,2003,2003,,Enfoque de la demanda,Gasto de consumo final,908088.6900000001,Bolívares,,Banco Central de Venezuela,https://www.bcv.org.ve/sites/default/files/cuentas_macroeconomicas/7_1_7_anual.xls,2026-08-01T21:23:57Z
bcv_pib_demanda_anual,Producto interno bruto por componentes de demanda,Componentes del PIB,7_1_7_anual.xls,1997,Precios constantes,Nivel,Anual,2004,2004,,Enfoque de la demanda,Gasto de consumo final,313186.93,Bolívares,,Banco Central de Venezuela,https://www.bcv.org.ve/sites/default/files/cuentas_macroeconomicas/7_1_7_anual.xls,2026-08-01T21:23:57Z
bcv_pib_demanda_anual,Producto interno bruto por componentes de demanda,Componentes del PIB,7_1_7_anual.xls,Escala monetaria vigente desde 2018,Precios corrientes,Nivel,Anual,2004,2004,,Enfoque de la demanda,Gasto de consumo final,1301030.99,Bolívares,,Banco Central de Venezuela,https://www.bcv.org.ve/sites/default/files/cuentas_macroeconomicas/7_1_7_anual.xls,2026-08-01T21:23:57Z
bcv_pib_demanda_anual,Producto interno bruto por componentes de demanda,Componentes del PIB,7_1_7_anual.xls,1997,Precios constantes,Nivel,Anual,2005,2005,,Enfoque de la demanda,Gasto de consumo final,359017.26,Bolívares,,Banco Central de Venezuela,https://www.bcv.org.ve/sites/default/files/cuentas_macroeconomicas/7_1_7_anual.xls,2026-08-01T21:23:57Z
bcv_pib_demanda_anual,Producto interno bruto por componentes de demanda,Componentes del PIB,7_1_7_anual.xls,Escala monetaria vigente desde 2018,Precios corrientes,Nivel,Anual,2005,2005,,Enfoque de la demanda,Gasto de consumo final,1757803.96,Bolívares,,Banco Central de Venezuela,https://www.bcv.org.ve/sites/default/files/cuentas_macroeconomicas/7_1_7_anual.xls,2026-08-01T21:23:57Z
bcv_pib_demanda_anual,Producto interno bruto por componentes de demanda,Componentes del PIB,7_1_7_anual.xls,1997,Precios constantes,Nivel,Anual,2006,2006,,Enfoque de la demanda,Gasto de consumo final,410202.05,Bolívares,,Banco Central de Venezuela,https://www.bcv.org.ve/sites/default/files/cuentas_macroeconomicas/7_1_7_anual.xls,2026-08-01T21:23:57Z
bcv_pib_demanda_anual,Producto interno bruto por componentes de demanda,Componentes del PIB,7_1_7_anual.xls,Escala monetaria vigente desde 2018,Precios corrientes,Nivel,Anual,2006,2006,,Enfoque de la demanda,Gasto de consumo final,2312600.54,Bolívares,,Banco Central de Venezuela,https://www.bcv.org.ve/sites/default/files/cuentas_macroeconomicas/7_1_7_anual.xls,2026-08-01T21:23:57Z
bcv_pib_demanda_anual,Producto interno bruto por componentes de demanda,Componentes del PIB,7_1_7_anual.xls,1997,Precios constantes,Nivel,Anual,2007,2007,,Enfoque de la demanda,Gasto de consumo final,476929.96,Bolívares,,Banco Central de Venezuela,https://www.bcv.org.ve/sites/default/files/cuentas_macroeconomicas/7_1_7_anual.xls,2026-08-01T21:23:57Z
bcv_pib_demanda_anual,Producto interno bruto por componentes de demanda,Componentes del PIB,7_1_7_anual.xls,Escala monetaria vigente desde 2018,Precios corrientes,Nivel,Anual,2007,2007,,Enfoque de la demanda,Gasto de consumo final,3145502.23,Bolívares,,Banco Central de Venezuela,https://www.bcv.org.ve/sites/default/files/cuentas_macroeconomicas/7_1_7_anual.xls,2026-08-01T21:23:57Z
bcv_pib_demanda_anual,Producto interno bruto por componentes de demanda,Componentes del PIB,7_1_7_anual.xls,1997,Precios constantes,Nivel,Anual,2008,2008,,Enfoque de la demanda,Gasto de consumo final,505638.95999999996,Bolívares,Preliminar,Banco Central de Venezuela,https://www.bcv.org.ve/sites/default/files/cuentas_macroeconomicas/7_1_7_anual.xls,2026-08-01T21:23:57Z
bcv_pib_demanda_anual,Producto interno bruto por componentes de demanda,Componentes del PIB,7_1_7_anual.xls,Escala monetaria vigente desde 2018,Precios corrientes,Nivel,Anual,2008,2008,,Enfoque de la demanda,Gasto de consumo final,4293202.6899999995,Bolívares,Preliminar,Banco Central de Venezuela,https://www.bcv.org.ve/sites/default/files/cuentas_macroeconomicas/7_1_7_anual.xls,2026-08-01T21:23:57Z
bcv_pib_demanda_anual,Producto interno bruto por componentes de demanda,Componentes del PIB,7_1_7_anual.xls,1997,Precios constantes,Nivel,Anual,2009,2009,,Enfoque de la demanda,Gasto de consumo final,495163.77,Bolívares,Preliminar,Banco Central de Venezuela,https://www.bcv.org.ve/sites/default/files/cuentas_macroeconomicas/7_1_7_anual.xls,2026-08-01T21:23:57Z
bcv_pib_demanda_anual,Producto interno bruto por componentes de demanda,Componentes del PIB,7_1_7_anual.xls,Escala monetaria vigente desde 2018,Precios corrientes,Nivel,Anual,2009,2009,,Enfoque de la demanda,Gasto de consumo final,5416283.5,Bolívares,Preliminar,Banco Central de Venezuela,https://www.bcv.org.ve/sites/default/files/cuentas_macroeconomicas/7_1_7_anual.xls,2026-08-01T21:23:57Z
bcv_pib_demanda_anual,Producto interno bruto por componentes de demanda,Componentes del PIB,7_1_7_anual.xls,1997,Precios constantes,Nivel,Anual,2010,2010,,Enfoque de la demanda,Gasto de consumo final,489845.74,Bolívares,Preliminar,Banco Central de Venezuela,https://www.bcv.org.ve/sites/default/files/cuentas_macroeconomicas/7_1_7_anual.xls,2026-08-01T21:23:57Z
bcv_pib_demanda_anual,Producto interno bruto por componentes de demanda,Componentes del PIB,7_1_7_anual.xls,Escala monetaria vigente desde 2018,Precios corrientes,Nivel,Anual,2010,2010,,Enfoque de la demanda,Gasto de consumo final,6823410.760000001,Bolívares,Preliminar,Banco Central de Venezuela,https://www.bcv.org.ve/sites/default/files/cuentas_macroeconomicas/7_1_7_anual.xls,2026-08-01T21:23:57Z
bcv_pib_demanda_anual,Producto interno bruto por componentes de demanda,Componentes del PIB,7_1_7_anual.xls,1997,Precios constantes,Nivel,Anual,2011,2011,,Enfoque de la demanda,Gasto de consumo final,511454.81,Bolívares,Preliminar,Banco Central de Venezuela,https://www.bcv.org.ve/sites/default/files/cuentas_macroeconomicas/7_1_7_anual.xls,2026-08-01T21:23:57Z
bcv_pib_demanda_anual,Producto interno bruto por componentes de demanda,Componentes del PIB,7_1_7_anual.xls,Escala monetaria vigente desde 2018,Precios corrientes,Nivel,Anual,2011,2011,,Enfoque de la demanda,Gasto de consumo final,9051682.36,Bolívares,Preliminar,Banco Central de Venezuela,https://www.bcv.org.ve/sites/default/files/cuentas_macroeconomicas/7_1_7_anual.xls,2026-08-01T21:23:57Z
bcv_pib_demanda_anual,Producto interno bruto por componentes de demanda,Componentes del PIB,7_1_7_anual.xls,1997,Precios constantes,Nivel,Anual,2012,2012,,Enfoque de la demanda,Gasto de consumo final,546565.88,Bolívares,Preliminar,Banco Central de Venezuela,https://www.bcv.org.ve/sites/default/files/cuentas_macroeconomicas/7_1_7_anual.xls,2026-08-01T21:23:57Z
bcv_pib_demanda_anual,Producto interno bruto por componentes de demanda,Componentes del PIB,7_1_7_anual.xls,Escala monetaria vigente desde 2018,Precios corrientes,Nivel,Anual,2012,2012,,Enfoque de la demanda,Gasto de consumo final,11687717.379999999,Bolívares,Preliminar,Banco Central de Venezuela,https://www.bcv.org.ve/sites/default/files/cuentas_macroeconomicas/7_1_7_anual.xls,2026-08-01T21:23:57Z
bcv_pib_demanda_anual,Producto interno bruto por componentes de demanda,Componentes del PIB,7_1_7_anual.xls,1997,Precios constantes,Nivel,Anual,2013,2013,,Enfoque de la demanda,Gasto de consumo final,570824.33,Bolívares,Preliminar,Banco Central de Venezuela,https://www.bcv.org.ve/sites/default/files/cuentas_macroeconomicas/7_1_7_anual.xls,2026-08-01T21:23:57Z
bcv_pib_demanda_anual,Producto interno bruto por componentes de demanda,Componentes del PIB,7_1_7_anual.xls,Escala monetaria vigente desde 2018,Precios corrientes,Nivel,Anual,2013,2013,,Enfoque de la demanda,Gasto de consumo final,17400541.08,Bolívares,Preliminar,Banco Central de Venezuela,https://www.bcv.org.ve/sites/default/files/cuentas_macroeconomicas/7_1_7_anual.xls,2026-08-01T21:23:57Z
bcv_pib_demanda_anual,Producto interno bruto por componentes de demanda,Componentes del PIB,7_1_7_anual.xls,1997,Precios constantes,Nivel,Anual,2014,2014,,Enfoque de la demanda,Gasto de consumo final,556292.25,Bolívares,Preliminar,Banco Central de Venezuela,https://www.bcv.org.ve/sites/default/files/cuentas_macroeconomicas/7_1_7_anual.xls,2026-08-01T21:23:57Z
bcv_pib_demanda_anual,Producto interno bruto por componentes de demanda,Componentes del PIB,7_1_7_anual.xls,Escala monetaria vigente desde 2018,Precios corrientes,Nivel,Anual,2014,2014,,Enfoque de la demanda,Gasto de consumo final,27248734.25,Bolívares,Preliminar,Banco Central de Venezuela,https://www.bcv.org.ve/sites/default/files/cuentas_macroeconomicas/7_1_7_anual.xls,2026-08-01T21:23:57Z
bcv_pib_demanda_anual,Producto interno bruto por componentes de demanda,Componentes del PIB,7_1_7_anual.xls,1997,Precios constantes,Nivel,Anual,2015,2015,,Enfoque de la demanda,Gasto de consumo final,513394.31999999995,Bolívares,Preliminar,Banco Central de Venezuela,https://www.bcv.org.ve/sites/default/files/cuentas_macroeconomicas/7_1_7_anual.xls,2026-08-01T21:23:57Z
bcv_pib_demanda_anual,Producto interno bruto por componentes de demanda,Componentes del PIB,7_1_7_anual.xls,Escala monetaria vigente desde 2018,Precios corrientes,Nivel,Anual,2015,2015,,Enfoque de la demanda,Gasto de consumo final,76670400.13000001,Bolívares,Preliminar,Banco Central de Venezuela,https://www.bcv.org.ve/sites/default/files/cuentas_macroeconomicas/7_1_7_anual.xls,2026-08-01T21:23:57Z
bcv_pib_demanda_anual,Producto interno bruto por componentes de demanda,Componentes del PIB,7_1_7_anual.xls,1997,Precios constantes,Nivel,Anual,2016,2016,,Enfoque de la demanda,Gasto de consumo final,419278.83,Bolívares,Preliminar,Banco Central de Venezuela,https://www.bcv.org.ve/sites/default/files/cuentas_macroeconomicas/7_1_7_anual.xls,2026-08-01T21:23:57Z
bcv_pib_demanda_anual,Producto interno bruto por componentes de demanda,Componentes del PIB,7_1_7_anual.xls,Escala monetaria vigente desde 2018,Precios corrientes,Nivel,Anual,2016,2016,,Enfoque de la demanda,Gasto de consumo final,267057515,Bolívares,Preliminar,Banco Central de Venezuela,https://www.bcv.org.ve/sites/default/files/cuentas_macroeconomicas/7_1_7_anual.xls,2026-08-01T21:23:57Z
bcv_pib_demanda_anual,Producto interno bruto por componentes de demanda,Componentes del PIB,7_1_7_anual.xls,1997,Precios constantes,Nivel,Anual,2017,2017,,Enfoque de la demanda,Gasto de consumo final,360144.14,Bolívares,Preliminar,Banco Central de Venezuela,https://www.bcv.org.ve/sites/default/files/cuentas_macroeconomicas/7_1_7_anual.xls,2026-08-01T21:23:57Z
bcv_pib_demanda_anual,Producto interno bruto por componentes de demanda,Componentes del PIB,7_1_7_anual.xls,Escala monetaria vigente desde 2018,Precios corrientes,Nivel,Anual,2017,2017,,Enfoque de la demanda,Gasto de consumo final,2198942388.16,Bolívares,Preliminar,Banco Central de Venezuela,https://www.bcv.org.ve/sites/default/files/cuentas_macroeconomicas/7_1_7_anual.xls,2026-08-01T21:23:57Z
bcv_pib_demanda_anual,Producto interno bruto por componentes de demanda,Componentes del PIB,7_1_7_anual.xls,Escala monetaria vigente desde 2018,Precios corrientes,Nivel,Anual,1997,1997,,Enfoque del ingreso,Impuestos sobre la producción y las importaciones,43700.16,Bolívares,,Banco Central de Venezuela,https://www.bcv.org.ve/sites/default/files/cuentas_macroeconomicas/7_1_7_anual.xls,2026-08-01T21:23:57Z
bcv_pib_demanda_anual,Producto interno bruto por componentes de demanda,Componentes del PIB,7_1_7_anual.xls,Escala monetaria vigente desde 2018,Precios corrientes,Nivel,Anual,1998,1998,,Enfoque del ingreso,Impuestos sobre la producción y las importaciones,53039.13,Bolívares,,Banco Central de Venezuela,https://www.bcv.org.ve/sites/default/files/cuentas_macroeconomicas/7_1_7_anual.xls,2026-08-01T21:23:57Z
bcv_pib_demanda_anual,Producto interno bruto por componentes de demanda,Componentes del PIB,7_1_7_anual.xls,Escala monetaria vigente desde 2018,Precios corrientes,Nivel,Anual,1999,1999,,Enfoque del ingreso,Impuestos sobre la producción y las importaciones,59178.97,Bolívares,,Banco Central de Venezuela,https://www.bcv.org.ve/sites/default/files/cuentas_macroeconomicas/7_1_7_anual.xls,2026-08-01T21:23:57Z
bcv_pib_demanda_anual,Producto interno bruto por componentes de demanda,Componentes del PIB,7_1_7_anual.xls,Escala monetaria vigente desde 2018,Precios corrientes,Nivel,Anual,2000,2000,,Enfoque del ingreso,Impuestos sobre la producción y las importaciones,64835.31,Bolívares,,Banco Central de Venezuela,https://www.bcv.org.ve/sites/default/files/cuentas_macroeconomicas/7_1_7_anual.xls,2026-08-01T21:23:57Z
bcv_pib_demanda_anual,Producto interno bruto por componentes de demanda,Componentes del PIB,7_1_7_anual.xls,Escala monetaria vigente desde 2018,Precios corrientes,Nivel,Anual,2001,2001,,Enfoque del ingreso,Impuestos sobre la producción y las importaciones,73860.42,Bolívares,,Banco Central de Venezuela,https://www.bcv.org.ve/sites/default/files/cuentas_macroeconomicas/7_1_7_anual.xls,2026-08-01T21:23:57Z
bcv_pib_demanda_anual,Producto interno bruto por componentes de demanda,Componentes del PIB,7_1_7_anual.xls,Escala monetaria vigente desde 2018,Precios corrientes,Nivel,Anual,2002,2002,,Enfoque del ingreso,Impuestos sobre la producción y las importaciones,96691.72,Bolívares,,Banco Central de Venezuela,https://www.bcv.org.ve/sites/default/files/cuentas_macroeconomicas/7_1_7_anual.xls,2026-08-01T21:23:57Z
bcv_pib_demanda_anual,Producto interno bruto por componentes de demanda,Componentes del PIB,7_1_7_anual.xls,Escala monetaria vigente desde 2018,Precios corrientes,Nivel,Anual,2003,2003,,Enfoque del ingreso,Impuestos sobre la producción y las importaciones,124640.18,Bolívares,,Banco Central de Venezuela,https://www.bcv.org.ve/sites/default/files/cuentas_macroeconomicas/7_1_7_anual.xls,2026-08-01T21:23:57Z
bcv_pib_demanda_anual,Producto interno bruto por componentes de demanda,Componentes del PIB,7_1_7_anual.xls,Escala monetaria vigente desde 2018,Precios corrientes,Nivel,Anual,2004,2004,,Enfoque del ingreso,Impuestos sobre la producción y las importaciones,212984.6,Bolívares,,Banco Central de Venezuela,https://www.bcv.org.ve/sites/default/files/cuentas_macroeconomicas/7_1_7_anual.xls,2026-08-01T21:23:57Z
bcv_pib_demanda_anual,Producto interno bruto por componentes de demanda,Componentes del PIB,7_1_7_anual.xls,Escala monetaria vigente desde 2018,Precios corrientes,Nivel,Anual,2005,2005,,Enfoque del ingreso,Impuestos sobre la producción y las importaciones,315644.64,Bolívares,,Banco Central de Venezuela,https://www.bcv.org.ve/sites/default/files/cuentas_macroeconomicas/7_1_7_anual.xls,2026-08-01T21:23:57Z
bcv_pib_demanda_anual,Producto interno bruto por componentes de demanda,Componentes del PIB,7_1_7_anual.xls,Escala monetaria vigente desde 2018,Precios corrientes,Nivel,Anual,2006,2006,,Enfoque del ingreso,Impuestos sobre la producción y las importaciones,384419.71,Bolívares,,Banco Central de Venezuela,https://www.bcv.org.ve/sites/default/files/cuentas_macroeconomicas/7_1_7_anual.xls,2026-08-01T21:23:57Z
bcv_pib_demanda_anual,Producto interno bruto por componentes de demanda,Componentes del PIB,7_1_7_anual.xls,Escala monetaria vigente desde 2018,Precios corrientes,Nivel,Anual,2007,2007,,Enfoque del ingreso,Impuestos sobre la producción y las importaciones,485542.19,Bolívares,,Banco Central de Venezuela,https://www.bcv.org.ve/sites/default/files/cuentas_macroeconomicas/7_1_7_anual.xls,2026-08-01T21:23:57Z
bcv_pib_demanda_anual,Producto interno bruto por componentes de demanda,Componentes del PIB,7_1_7_anual.xls,Escala monetaria vigente desde 2018,Precios corrientes,Nivel,Anual,2008,2008,,Enfoque del ingreso,Impuestos sobre la producción y las importaciones,686360.2,Bolívares,Preliminar,Banco Central de Venezuela,https://www.bcv.org.ve/sites/default/files/cuentas_macroeconomicas/7_1_7_anual.xls,2026-08-01T21:23:57Z
bcv_pib_demanda_anual,Producto interno bruto por componentes de demanda,Componentes del PIB,7_1_7_anual.xls,Escala monetaria vigente desde 2018,Precios corrientes,Nivel,Anual,2009,2009,,Enfoque del ingreso,Impuestos sobre la producción y las importaciones,701980.39,Bolívares,Preliminar,Banco Central de Venezuela,https://www.bcv.org.ve/sites/default/files/cuentas_macroeconomicas/7_1_7_anual.xls,2026-08-01T21:23:57Z
bcv_pib_demanda_anual,Producto interno bruto por componentes de demanda,Componentes del PIB,7_1_7_anual.xls,Escala monetaria vigente desde 2018,Precios corrientes,Nivel,Anual,2010,2010,,Enfoque del ingreso,Impuestos sobre la producción y las importaciones,959209.05,Bolívares,Preliminar,Banco Central de Venezuela,https://www.bcv.org.ve/sites/default/files/cuentas_macroeconomicas/7_1_7_anual.xls,2026-08-01T21:23:57Z
bcv_pib_demanda_anual,Producto interno bruto por componentes de demanda,Componentes del PIB,7_1_7_anual.xls,Escala monetaria vigente desde 2018,Precios corrientes,Nivel,Anual,2011,2011,,Enfoque del ingreso,Impuestos sobre la producción y las importaciones,1336601.1500000001,Bolívares,Preliminar,Banco Central de Venezuela,https://www.bcv.org.ve/sites/default/files/cuentas_macroeconomicas/7_1_7_anual.xls,2026-08-01T21:23:57Z
bcv_pib_demanda_anual,Producto interno bruto por componentes de demanda,Componentes del PIB,7_1_7_anual.xls,Escala monetaria vigente desde 2018,Precios corrientes,Nivel,Anual,2012,2012,,Enfoque del ingreso,Impuestos sobre la producción y las importaciones,1712590.55,Bolívares,Preliminar,Banco Central de Venezuela,https://www.bcv.org.ve/sites/default/files/cuentas_macroeconomicas/7_1_7_anual.xls,2026-08-01T21:23:57Z
bcv_pib_demanda_anual,Producto interno bruto por componentes de demanda,Componentes del PIB,7_1_7_anual.xls,Escala monetaria vigente desde 2018,Precios corrientes,Nivel,Anual,2013,2013,,Enfoque del ingreso,Impuestos sobre la producción y las importaciones,2391202.76,Bolívares,Preliminar,Banco Central de Venezuela,https://www.bcv.org.ve/sites/default/files/cuentas_macroeconomicas/7_1_7_anual.xls,2026-08-01T21:23:57Z
bcv_pib_demanda_anual,Producto interno bruto por componentes de demanda,Componentes del PIB,7_1_7_anual.xls,Escala monetaria vigente desde 2018,Precios corrientes,Nivel,Anual,2014,2014,,Enfoque del ingreso,Impuestos sobre la producción y las importaciones,3883941.75,Bolívares,Preliminar,Banco Central de Venezuela,https://www.bcv.org.ve/sites/default/files/cuentas_macroeconomicas/7_1_7_anual.xls,2026-08-01T21:23:57Z
bcv_pib_demanda_anual,Producto interno bruto por componentes de demanda,Componentes del PIB,7_1_7_anual.xls,Escala monetaria vigente desde 2018,Precios corrientes,Nivel,Anual,2015,2015,,Enfoque del ingreso,Impuestos sobre la producción y las importaciones,9318242.78,Bolívares,Preliminar,Banco Central de Venezuela,https://www.bcv.org.ve/sites/default/files/cuentas_macroeconomicas/7_1_7_anual.xls,2026-08-01T21:23:57Z
bcv_pib_demanda_anual,Producto interno bruto por componentes de demanda,Componentes del PIB,7_1_7_anual.xls,Escala monetaria vigente desde 2018,Precios corrientes,Nivel,Anual,2016,2016,,Enfoque del ingreso,Impuestos sobre la producción y las importaciones,29141447.94,Bolívares,Preliminar,Banco Central de Venezuela,https://www.bcv.org.ve/sites/default/files/cuentas_macroeconomicas/7_1_7_anual.xls,2026-08-01T21:23:57Z
bcv_pib_demanda_anual,Producto interno bruto por componentes de demanda,Componentes del PIB,7_1_7_anual.xls,Escala monetaria vigente desde 2018,Precios corrientes,Nivel,Anual,2017,2017,,Enfoque del ingreso,Impuestos sobre la producción y las importaciones,207665458.06,Bolívares,Preliminar,Banco Central de Venezuela,https://www.bcv.org.ve/sites/default/files/cuentas_macroeconomicas/7_1_7_anual.xls,2026-08-01T21:23:57Z
bcv_pib_demanda_anual,Producto interno bruto por componentes de demanda,Componentes del PIB,7_1_7_anual.xls,1997,Precios constantes,Nivel,Anual,1997,1997,,Enfoque de la producción,Impuestos sobre los productos,39324.08,Bolívares,,Banco Central de Venezuela,https://www.bcv.org.ve/sites/default/files/cuentas_macroeconomicas/7_1_7_anual.xls,2026-08-01T21:23:57Z
bcv_pib_demanda_anual,Producto interno bruto por componentes de demanda,Componentes del PIB,7_1_7_anual.xls,Escala monetaria vigente desde 2018,Precios corrientes,Nivel,Anual,1997,1997,,Enfoque de la producción,Impuestos sobre los productos,39324.08,Bolívares,,Banco Central de Venezuela,https://www.bcv.org.ve/sites/default/files/cuentas_macroeconomicas/7_1_7_anual.xls,2026-08-01T21:23:57Z
bcv_pib_demanda_anual,Producto interno bruto por componentes de demanda,Componentes del PIB,7_1_7_anual.xls,Escala monetaria vigente desde 2018,Precios corrientes,Nivel,Anual,1997,1997,,Enfoque del ingreso,Impuestos sobre los productos,39324.08,Bolívares,,Banco Central de Venezuela,https://www.bcv.org.ve/sites/default/files/cuentas_macroeconomicas/7_1_7_anual.xls,2026-08-01T21:23:57Z
bcv_pib_demanda_anual,Producto interno bruto por componentes de demanda,Componentes del PIB,7_1_7_anual.xls,1997,Precios constantes,Nivel,Anual,1998,1998,,Enfoque de la producción,Impuestos sobre los productos,40002.76,Bolívares,,Banco Central de Venezuela,https://www.bcv.org.ve/sites/default/files/cuentas_macroeconomicas/7_1_7_anual.xls,2026-08-01T21:23:57Z
bcv_pib_demanda_anual,Producto interno bruto por componentes de demanda,Componentes del PIB,7_1_7_anual.xls,Escala monetaria vigente desde 2018,Precios corrientes,Nivel,Anual,1998,1998,,Enfoque de la producción,Impuestos sobre los productos,45259.2,Bolívares,,Banco Central de Venezuela,https://www.bcv.org.ve/sites/default/files/cuentas_macroeconomicas/7_1_7_anual.xls,2026-08-01T21:23:57Z
bcv_pib_demanda_anual,Producto interno bruto por componentes de demanda,Componentes del PIB,7_1_7_anual.xls,Escala monetaria vigente desde 2018,Precios corrientes,Nivel,Anual,1998,1998,,Enfoque del ingreso,Impuestos sobre los productos,45259.2,Bolívares,,Banco Central de Venezuela,https://www.bcv.org.ve/sites/default/files/cuentas_macroeconomicas/7_1_7_anual.xls,2026-08-01T21:23:57Z
bcv_pib_demanda_anual,Producto interno bruto por componentes de demanda,Componentes del PIB,7_1_7_anual.xls,1997,Precios constantes,Nivel,Anual,1999,1999,,Enfoque de la producción,Impuestos sobre los productos,38490.649999999994,Bolívares,,Banco Central de Venezuela,https://www.bcv.org.ve/sites/default/files/cuentas_macroeconomicas/7_1_7_anual.xls,2026-08-01T21:23:57Z
bcv_pib_demanda_anual,Producto interno bruto por componentes de demanda,Componentes del PIB,7_1_7_anual.xls,Escala monetaria vigente desde 2018,Precios corrientes,Nivel,Anual,1999,1999,,Enfoque de la producción,Impuestos sobre los productos,48800,Bolívares,,Banco Central de Venezuela,https://www.bcv.org.ve/sites/default/files/cuentas_macroeconomicas/7_1_7_anual.xls,2026-08-01T21:23:57Z
bcv_pib_demanda_anual,Producto interno bruto por componentes de demanda,Componentes del PIB,7_1_7_anual.xls,Escala monetaria vigente desde 2018,Precios corrientes,Nivel,Anual,1999,1999,,Enfoque del ingreso,Impuestos sobre los productos,48800,Bolívares,,Banco Central de Venezuela,https://www.bcv.org.ve/sites/default/files/cuentas_macroeconomicas/7_1_7_anual.xls,2026-08-01T21:23:57Z
bcv_pib_demanda_anual,Producto interno bruto por componentes de demanda,Componentes del PIB,7_1_7_anual.xls,1997,Precios constantes,Nivel,Anual,2000,2000,,Enfoque de la producción,Impuestos sobre los productos,39576.56,Bolívares,,Banco Central de Venezuela,https://www.bcv.org.ve/sites/default/files/cuentas_macroeconomicas/7_1_7_anual.xls,2026-08-01T21:23:57Z
bcv_pib_demanda_anual,Producto interno bruto por componentes de demanda,Componentes del PIB,7_1_7_anual.xls,Escala monetaria vigente desde 2018,Precios corrientes,Nivel,Anual,2000,2000,,Enfoque de la producción,Impuestos sobre los productos,54869.29,Bolívares,,Banco Central de Venezuela,https://www.bcv.org.ve/sites/default/files/cuentas_macroeconomicas/7_1_7_anual.xls,2026-08-01T21:23:57Z
bcv_pib_demanda_anual,Producto interno bruto por componentes de demanda,Componentes del PIB,7_1_7_anual.xls,Escala monetaria vigente desde 2018,Precios corrientes,Nivel,Anual,2000,2000,,Enfoque del ingreso,Impuestos sobre los productos,54869.29,Bolívares,,Banco Central de Venezuela,https://www.bcv.org.ve/sites/default/files/cuentas_macroeconomicas/7_1_7_anual.xls,2026-08-01T21:23:57Z
bcv_pib_demanda_anual,Producto interno bruto por componentes de demanda,Componentes del PIB,7_1_7_anual.xls,1997,Precios constantes,Nivel,Anual,2001,2001,,Enfoque de la producción,Impuestos sobre los productos,42416.29,Bolívares,,Banco Central de Venezuela,https://www.bcv.org.ve/sites/default/files/cuentas_macroeconomicas/7_1_7_anual.xls,2026-08-01T21:23:57Z
bcv_pib_demanda_anual,Producto interno bruto por componentes de demanda,Componentes del PIB,7_1_7_anual.xls,Escala monetaria vigente desde 2018,Precios corrientes,Nivel,Anual,2001,2001,,Enfoque de la producción,Impuestos sobre los productos,64023.020000000004,Bolívares,,Banco Central de Venezuela,https://www.bcv.org.ve/sites/default/files/cuentas_macroeconomicas/7_1_7_anual.xls,2026-08-01T21:23:57Z
bcv_pib_demanda_anual,Producto interno bruto por componentes de demanda,Componentes del PIB,7_1_7_anual.xls,Escala monetaria vigente desde 2018,Precios corrientes,Nivel,Anual,2001,2001,,Enfoque del ingreso,Impuestos sobre los productos,64023.02,Bolívares,,Banco Central de Venezuela,https://www.bcv.org.ve/sites/default/files/cuentas_macroeconomicas/7_1_7_anual.xls,2026-08-01T21:23:57Z
bcv_pib_demanda_anual,Producto interno bruto por componentes de demanda,Componentes del PIB,7_1_7_anual.xls,1997,Precios constantes,Nivel,Anual,2002,2002,,Enfoque de la producción,Impuestos sobre los productos,34001.97,Bolívares,,Banco Central de Venezuela,https://www.bcv.org.ve/sites/default/files/cuentas_macroeconomicas/7_1_7_anual.xls,2026-08-01T21:23:57Z
bcv_pib_demanda_anual,Producto interno bruto por componentes de demanda,Componentes del PIB,7_1_7_anual.xls,Escala monetaria vigente desde 2018,Precios corrientes,Nivel,Anual,2002,2002,,Enfoque de la producción,Impuestos sobre los productos,70784.54,Bolívares,,Banco Central de Venezuela,https://www.bcv.org.ve/sites/default/files/cuentas_macroeconomicas/7_1_7_anual.xls,2026-08-01T21:23:57Z
bcv_pib_demanda_anual,Producto interno bruto por componentes de demanda,Componentes del PIB,7_1_7_anual.xls,Escala monetaria vigente desde 2018,Precios corrientes,Nivel,Anual,2002,2002,,Enfoque del ingreso,Impuestos sobre los productos,70784.54,Bolívares,,Banco Central de Venezuela,https://www.bcv.org.ve/sites/default/files/cuentas_macroeconomicas/7_1_7_anual.xls,2026-08-01T21:23:57Z
bcv_pib_demanda_anual,Producto interno bruto por componentes de demanda,Componentes del PIB,7_1_7_anual.xls,1997,Precios constantes,Nivel,Anual,2003,2003,,Enfoque de la producción,Impuestos sobre los productos,30620.83,Bolívares,,Banco Central de Venezuela,https://www.bcv.org.ve/sites/default/files/cuentas_macroeconomicas/7_1_7_anual.xls,2026-08-01T21:23:57Z
bcv_pib_demanda_anual,Producto interno bruto por componentes de demanda,Componentes del PIB,7_1_7_anual.xls,Escala monetaria vigente desde 2018,Precios corrientes,Nivel,Anual,2003,2003,,Enfoque de la producción,Impuestos sobre los productos,90469.23000000001,Bolívares,,Banco Central de Venezuela,https://www.bcv.org.ve/sites/default/files/cuentas_macroeconomicas/7_1_7_anual.xls,2026-08-01T21:23:57Z
bcv_pib_demanda_anual,Producto interno bruto por componentes de demanda,Componentes del PIB,7_1_7_anual.xls,Escala monetaria vigente desde 2018,Precios corrientes,Nivel,Anual,2003,2003,,Enfoque del ingreso,Impuestos sobre los productos,90469.23,Bolívares,,Banco Central de Venezuela,https://www.bcv.org.ve/sites/default/files/cuentas_macroeconomicas/7_1_7_anual.xls,2026-08-01T21:23:57Z
bcv_pib_demanda_anual,Producto interno bruto por componentes de demanda,Componentes del PIB,7_1_7_anual.xls,1997,Precios constantes,Nivel,Anual,2004,2004,,Enfoque de la producción,Impuestos sobre los productos,40848.68,Bolívares,,Banco Central de Venezuela,https://www.bcv.org.ve/sites/default/files/cuentas_macroeconomicas/7_1_7_anual.xls,2026-08-01T21:23:57Z
bcv_pib_demanda_anual,Producto interno bruto por componentes de demanda,Componentes del PIB,7_1_7_anual.xls,Escala monetaria vigente desde 2018,Precios corrientes,Nivel,Anual,2004,2004,,Enfoque de la producción,Impuestos sobre los productos,176721.85,Bolívares,,Banco Central de Venezuela,https://www.bcv.org.ve/sites/default/files/cuentas_macroeconomicas/7_1_7_anual.xls,2026-08-01T21:23:57Z
bcv_pib_demanda_anual,Producto interno bruto por componentes de demanda,Componentes del PIB,7_1_7_anual.xls,Escala monetaria vigente desde 2018,Precios corrientes,Nivel,Anual,2004,2004,,Enfoque del ingreso,Impuestos sobre los productos,176721.85,Bolívares,,Banco Central de Venezuela,https://www.bcv.org.ve/sites/default/files/cuentas_macroeconomicas/7_1_7_anual.xls,2026-08-01T21:23:57Z
bcv_pib_demanda_anual,Producto interno bruto por componentes de demanda,Componentes del PIB,7_1_7_anual.xls,1997,Precios constantes,Nivel,Anual,2005,2005,,Enfoque de la producción,Impuestos sobre los productos,48641.35,Bolívares,,Banco Central de Venezuela,https://www.bcv.org.ve/sites/default/files/cuentas_macroeconomicas/7_1_7_anual.xls,2026-08-01T21:23:57Z
bcv_pib_demanda_anual,Producto interno bruto por componentes de demanda,Componentes del PIB,7_1_7_anual.xls,Escala monetaria vigente desde 2018,Precios corrientes,Nivel,Anual,2005,2005,,Enfoque de la producción,Impuestos sobre los productos,262481.89,Bolívares,,Banco Central de Venezuela,https://www.bcv.org.ve/sites/default/files/cuentas_macroeconomicas/7_1_7_anual.xls,2026-08-01T21:23:57Z
bcv_pib_demanda_anual,Producto interno bruto por componentes de demanda,Componentes del PIB,7_1_7_anual.xls,Escala monetaria vigente desde 2018,Precios corrientes,Nivel,Anual,2005,2005,,Enfoque del ingreso,Impuestos sobre los productos,262481.89,Bolívares,,Banco Central de Venezuela,https://www.bcv.org.ve/sites/default/files/cuentas_macroeconomicas/7_1_7_anual.xls,2026-08-01T21:23:57Z
bcv_pib_demanda_anual,Producto interno bruto por componentes de demanda,Componentes del PIB,7_1_7_anual.xls,1997,Precios constantes,Nivel,Anual,2006,2006,,Enfoque de la producción,Impuestos sobre los productos,59310.490000000005,Bolívares,,Banco Central de Venezuela,https://www.bcv.org.ve/sites/default/files/cuentas_macroeconomicas/7_1_7_anual.xls,2026-08-01T21:23:57Z
bcv_pib_demanda_anual,Producto interno bruto por componentes de demanda,Componentes del PIB,7_1_7_anual.xls,Escala monetaria vigente desde 2018,Precios corrientes,Nivel,Anual,2006,2006,,Enfoque de la producción,Impuestos sobre los productos,342091.45,Bolívares,,Banco Central de Venezuela,https://www.bcv.org.ve/sites/default/files/cuentas_macroeconomicas/7_1_7_anual.xls,2026-08-01T21:23:57Z
bcv_pib_demanda_anual,Producto interno bruto por componentes de demanda,Componentes del PIB,7_1_7_anual.xls,Escala monetaria vigente desde 2018,Precios corrientes,Nivel,Anual,2006,2006,,Enfoque del ingreso,Impuestos sobre los productos,342091.45,Bolívares,,Banco Central de Venezuela,https://www.bcv.org.ve/sites/default/files/cuentas_macroeconomicas/7_1_7_anual.xls,2026-08-01T21:23:57Z
bcv_pib_demanda_anual,Producto interno bruto por componentes de demanda,Componentes del PIB,7_1_7_anual.xls,1997,Precios constantes,Nivel,Anual,2007,2007,,Enfoque de la producción,Impuestos sobre los productos,70363.68,Bolívares,,Banco Central de Venezuela,https://www.bcv.org.ve/sites/default/files/cuentas_macroeconomicas/7_1_7_anual.xls,2026-08-01T21:23:57Z
bcv_pib_demanda_anual,Producto interno bruto por componentes de demanda,Componentes del PIB,7_1_7_anual.xls,Escala monetaria vigente desde 2018,Precios corrientes,Nivel,Anual,2007,2007,,Enfoque de la producción,Impuestos sobre los productos,406777.07,Bolívares,,Banco Central de Venezuela,https://www.bcv.org.ve/sites/default/files/cuentas_macroeconomicas/7_1_7_anual.xls,2026-08-01T21:23:57Z
bcv_pib_demanda_anual,Producto interno bruto por componentes de demanda,Componentes del PIB,7_1_7_anual.xls,Escala monetaria vigente desde 2018,Precios corrientes,Nivel,Anual,2007,2007,,Enfoque del ingreso,Impuestos sobre los productos,406777.07,Bolívares,,Banco Central de Venezuela,https://www.bcv.org.ve/sites/default/files/cuentas_macroeconomicas/7_1_7_anual.xls,2026-08-01T21:23:57Z
bcv_pib_demanda_anual,Producto interno bruto por componentes de demanda,Componentes del PIB,7_1_7_anual.xls,1997,Precios constantes,Nivel,Anual,2008,2008,,Enfoque de la producción,Impuestos sobre los productos,73936.24,Bolívares,Preliminar,Banco Central de Venezuela,https://www.bcv.org.ve/sites/default/files/cuentas_macroeconomicas/7_1_7_anual.xls,2026-08-01T21:23:57Z
bcv_pib_demanda_anual,Producto interno bruto por componentes de demanda,Componentes del PIB,7_1_7_anual.xls,Escala monetaria vigente desde 2018,Precios corrientes,Nivel,Anual,2008,2008,,Enfoque de la producción,Impuestos sobre los productos,476442.45,Bolívares,Preliminar,Banco Central de Venezuela,https://www.bcv.org.ve/sites/default/files/cuentas_macroeconomicas/7_1_7_anual.xls,2026-08-01T21:23:57Z
bcv_pib_demanda_anual,Producto interno bruto por componentes de demanda,Componentes del PIB,7_1_7_anual.xls,Escala monetaria vigente desde 2018,Precios corrientes,Nivel,Anual,2008,2008,,Enfoque del ingreso,Impuestos sobre los productos,476442.45,Bolívares,Preliminar,Banco Central de Venezuela,https://www.bcv.org.ve/sites/default/files/cuentas_macroeconomicas/7_1_7_anual.xls,2026-08-01T21:23:57Z
bcv_pib_demanda_anual,Producto interno bruto por componentes de demanda,Componentes del PIB,7_1_7_anual.xls,1997,Precios constantes,Nivel,Anual,2009,2009,,Enfoque de la producción,Impuestos sobre los productos,68163.16,Bolívares,Preliminar,Banco Central de Venezuela,https://www.bcv.org.ve/sites/default/files/cuentas_macroeconomicas/7_1_7_anual.xls,2026-08-01T21:23:57Z
bcv_pib_demanda_anual,Producto interno bruto por componentes de demanda,Componentes del PIB,7_1_7_anual.xls,Escala monetaria vigente desde 2018,Precios corrientes,Nivel,Anual,2009,2009,,Enfoque de la producción,Impuestos sobre los productos,587619.26,Bolívares,Preliminar,Banco Central de Venezuela,https://www.bcv.org.ve/sites/default/files/cuentas_macroeconomicas/7_1_7_anual.xls,2026-08-01T21:23:57Z
bcv_pib_demanda_anual,Producto interno bruto por componentes de demanda,Componentes del PIB,7_1_7_anual.xls,Escala monetaria vigente desde 2018,Precios corrientes,Nivel,Anual,2009,2009,,Enfoque del ingreso,Impuestos sobre los productos,587619.26,Bolívares,Preliminar,Banco Central de Venezuela,https://www.bcv.org.ve/sites/default/files/cuentas_macroeconomicas/7_1_7_anual.xls,2026-08-01T21:23:57Z
bcv_pib_demanda_anual,Producto interno bruto por componentes de demanda,Componentes del PIB,7_1_7_anual.xls,1997,Precios constantes,Nivel,Anual,2010,2010,,Enfoque de la producción,Impuestos sobre los productos,66712.34,Bolívares,Preliminar,Banco Central de Venezuela,https://www.bcv.org.ve/sites/default/files/cuentas_macroeconomicas/7_1_7_anual.xls,2026-08-01T21:23:57Z
bcv_pib_demanda_anual,Producto interno bruto por componentes de demanda,Componentes del PIB,7_1_7_anual.xls,Escala monetaria vigente desde 2018,Precios corrientes,Nivel,Anual,2010,2010,,Enfoque de la producción,Impuestos sobre los productos,791687.77,Bolívares,Preliminar,Banco Central de Venezuela,https://www.bcv.org.ve/sites/default/files/cuentas_macroeconomicas/7_1_7_anual.xls,2026-08-01T21:23:57Z
bcv_pib_demanda_anual,Producto interno bruto por componentes de demanda,Componentes del PIB,7_1_7_anual.xls,Escala monetaria vigente desde 2018,Precios corrientes,Nivel,Anual,2010,2010,,Enfoque del ingreso,Impuestos sobre los productos,791687.77,Bolívares,Preliminar,Banco Central de Venezuela,https://www.bcv.org.ve/sites/default/files/cuentas_macroeconomicas/7_1_7_anual.xls,2026-08-01T21:23:57Z
bcv_pib_demanda_anual,Producto interno bruto por componentes de demanda,Componentes del PIB,7_1_7_anual.xls,1997,Precios constantes,Nivel,Anual,2011,2011,,Enfoque de la producción,Impuestos sobre los productos,70704.5,Bolívares,Preliminar,Banco Central de Venezuela,https://www.bcv.org.ve/sites/default/files/cuentas_macroeconomicas/7_1_7_anual.xls,2026-08-01T21:23:57Z
bcv_pib_demanda_anual,Producto interno bruto por componentes de demanda,Componentes del PIB,7_1_7_anual.xls,Escala monetaria vigente desde 2018,Precios corrientes,Nivel,Anual,2011,2011,,Enfoque de la producción,Impuestos sobre los productos,1126183.3,Bolívares,Preliminar,Banco Central de Venezuela,https://www.bcv.org.ve/sites/default/files/cuentas_macroeconomicas/7_1_7_anual.xls,2026-08-01T21:23:57Z
bcv_pib_demanda_anual,Producto interno bruto por componentes de demanda,Componentes del PIB,7_1_7_anual.xls,Escala monetaria vigente desde 2018,Precios corrientes,Nivel,Anual,2011,2011,,Enfoque del ingreso,Impuestos sobre los productos,1126183.3,Bolívares,Preliminar,Banco Central de Venezuela,https://www.bcv.org.ve/sites/default/files/cuentas_macroeconomicas/7_1_7_anual.xls,2026-08-01T21:23:57Z
bcv_pib_demanda_anual,Producto interno bruto por componentes de demanda,Componentes del PIB,7_1_7_anual.xls,1997,Precios constantes,Nivel,Anual,2012,2012,,Enfoque de la producción,Impuestos sobre los productos,76866.17,Bolívares,Preliminar,Banco Central de Venezuela,https://www.bcv.org.ve/sites/default/files/cuentas_macroeconomicas/7_1_7_anual.xls,2026-08-01T21:23:57Z
bcv_pib_demanda_anual,Producto interno bruto por componentes de demanda,Componentes del PIB,7_1_7_anual.xls,Escala monetaria vigente desde 2018,Precios corrientes,Nivel,Anual,2012,2012,,Enfoque de la producción,Impuestos sobre los productos,1457496.9500000002,Bolívares,Preliminar,Banco Central de Venezuela,https://www.bcv.org.ve/sites/default/files/cuentas_macroeconomicas/7_1_7_anual.xls,2026-08-01T21:23:57Z
bcv_pib_demanda_anual,Producto interno bruto por componentes de demanda,Componentes del PIB,7_1_7_anual.xls,Escala monetaria vigente desde 2018,Precios corrientes,Nivel,Anual,2012,2012,,Enfoque del ingreso,Impuestos sobre los productos,1457496.95,Bolívares,Preliminar,Banco Central de Venezuela,https://www.bcv.org.ve/sites/default/files/cuentas_macroeconomicas/7_1_7_anual.xls,2026-08-01T21:23:57Z
bcv_pib_demanda_anual,Producto interno bruto por componentes de demanda,Componentes del PIB,7_1_7_anual.xls,1997,Precios constantes,Nivel,Anual,2013,2013,,Enfoque de la producción,Impuestos sobre los productos,75931.52,Bolívares,Preliminar,Banco Central de Venezuela,https://www.bcv.org.ve/sites/default/files/cuentas_macroeconomicas/7_1_7_anual.xls,2026-08-01T21:23:57Z
bcv_pib_demanda_anual,Producto interno bruto por componentes de demanda,Componentes del PIB,7_1_7_anual.xls,Escala monetaria vigente desde 2018,Precios corrientes,Nivel,Anual,2013,2013,,Enfoque de la producción,Impuestos sobre los productos,2075079.1700000002,Bolívares,Preliminar,Banco Central de Venezuela,https://www.bcv.org.ve/sites/default/files/cuentas_macroeconomicas/7_1_7_anual.xls,2026-08-01T21:23:57Z
bcv_pib_demanda_anual,Producto interno bruto por componentes de demanda,Componentes del PIB,7_1_7_anual.xls,Escala monetaria vigente desde 2018,Precios corrientes,Nivel,Anual,2013,2013,,Enfoque del ingreso,Impuestos sobre los productos,2075079.17,Bolívares,Preliminar,Banco Central de Venezuela,https://www.bcv.org.ve/sites/default/files/cuentas_macroeconomicas/7_1_7_anual.xls,2026-08-01T21:23:57Z
bcv_pib_demanda_anual,Producto interno bruto por componentes de demanda,Componentes del PIB,7_1_7_anual.xls,1997,Precios constantes,Nivel,Anual,2014,2014,,Enfoque de la producción,Impuestos sobre los productos,69665.42000000001,Bolívares,Preliminar,Banco Central de Venezuela,https://www.bcv.org.ve/sites/default/files/cuentas_macroeconomicas/7_1_7_anual.xls,2026-08-01T21:23:57Z
bcv_pib_demanda_anual,Producto interno bruto por componentes de demanda,Componentes del PIB,7_1_7_anual.xls,Escala monetaria vigente desde 2018,Precios corrientes,Nivel,Anual,2014,2014,,Enfoque de la producción,Impuestos sobre los productos,3496364.76,Bolívares,Preliminar,Banco Central de Venezuela,https://www.bcv.org.ve/sites/default/files/cuentas_macroeconomicas/7_1_7_anual.xls,2026-08-01T21:23:57Z
bcv_pib_demanda_anual,Producto interno bruto por componentes de demanda,Componentes del PIB,7_1_7_anual.xls,Escala monetaria vigente desde 2018,Precios corrientes,Nivel,Anual,2014,2014,,Enfoque del ingreso,Impuestos sobre los productos,3496364.76,Bolívares,Preliminar,Banco Central de Venezuela,https://www.bcv.org.ve/sites/default/files/cuentas_macroeconomicas/7_1_7_anual.xls,2026-08-01T21:23:57Z
bcv_pib_demanda_anual,Producto interno bruto por componentes de demanda,Componentes del PIB,7_1_7_anual.xls,1997,Precios constantes,Nivel,Anual,2015,2015,,Enfoque de la producción,Impuestos sobre los productos,61781.55,Bolívares,Preliminar,Banco Central de Venezuela,https://www.bcv.org.ve/sites/default/files/cuentas_macroeconomicas/7_1_7_anual.xls,2026-08-01T21:23:57Z
bcv_pib_demanda_anual,Producto interno bruto por componentes de demanda,Componentes del PIB,7_1_7_anual.xls,Escala monetaria vigente desde 2018,Precios corrientes,Nivel,Anual,2015,2015,,Enfoque de la producción,Impuestos sobre los productos,8786586.04,Bolívares,Preliminar,Banco Central de Venezuela,https://www.bcv.org.ve/sites/default/files/cuentas_macroeconomicas/7_1_7_anual.xls,2026-08-01T21:23:57Z
bcv_pib_demanda_anual,Producto interno bruto por componentes de demanda,Componentes del PIB,7_1_7_anual.xls,Escala monetaria vigente desde 2018,Precios corrientes,Nivel,Anual,2015,2015,,Enfoque del ingreso,Impuestos sobre los productos,8786586.04,Bolívares,Preliminar,Banco Central de Venezuela,https://www.bcv.org.ve/sites/default/files/cuentas_macroeconomicas/7_1_7_anual.xls,2026-08-01T21:23:57Z
bcv_pib_demanda_anual,Producto interno bruto por componentes de demanda,Componentes del PIB,7_1_7_anual.xls,1997,Precios constantes,Nivel,Anual,2016,2016,,Enfoque de la producción,Impuestos sobre los productos,46320.63,Bolívares,Preliminar,Banco Central de Venezuela,https://www.bcv.org.ve/sites/default/files/cuentas_macroeconomicas/7_1_7_anual.xls,2026-08-01T21:23:57Z
bcv_pib_demanda_anual,Producto interno bruto por componentes de demanda,Componentes del PIB,7_1_7_anual.xls,Escala monetaria vigente desde 2018,Precios corrientes,Nivel,Anual,2016,2016,,Enfoque de la producción,Impuestos sobre los productos,27036133.82,Bolívares,Preliminar,Banco Central de Venezuela,https://www.bcv.org.ve/sites/default/files/cuentas_macroeconomicas/7_1_7_anual.xls,2026-08-01T21:23:57Z
bcv_pib_demanda_anual,Producto interno bruto por componentes de demanda,Componentes del PIB,7_1_7_anual.xls,Escala monetaria vigente desde 2018,Precios corrientes,Nivel,Anual,2016,2016,,Enfoque del ingreso,Impuestos sobre los productos,27036133.82,Bolívares,Preliminar,Banco Central de Venezuela,https://www.bcv.org.ve/sites/default/files/cuentas_macroeconomicas/7_1_7_anual.xls,2026-08-01T21:23:57Z
bcv_pib_demanda_anual,Producto interno bruto por componentes de demanda,Componentes del PIB,7_1_7_anual.xls,1997,Precios constantes,Nivel,Anual,2017,2017,,Enfoque de la producción,Impuestos sobre los productos,37088.78,Bolívares,Preliminar,Banco Central de Venezuela,https://www.bcv.org.ve/sites/default/files/cuentas_macroeconomicas/7_1_7_anual.xls,2026-08-01T21:23:57Z
bcv_pib_demanda_anual,Producto interno bruto por componentes de demanda,Componentes del PIB,7_1_7_anual.xls,Escala monetaria vigente desde 2018,Precios corrientes,Nivel,Anual,2017,2017,,Enfoque de la producción,Impuestos sobre los productos,194652175.52,Bolívares,Preliminar,Banco Central de Venezuela,https://www.bcv.org.ve/sites/default/files/cuentas_macroeconomicas/7_1_7_anual.xls,2026-08-01T21:23:57Z
bcv_pib_demanda_anual,Producto interno bruto por componentes de demanda,Componentes del PIB,7_1_7_anual.xls,Escala monetaria vigente desde 2018,Precios corrientes,Nivel,Anual,2017,2017,,Enfoque del ingreso,Impuestos sobre los productos,194652175.52,Bolívares,Preliminar,Banco Central de Venezuela,https://www.bcv.org.ve/sites/default/files/cuentas_macroeconomicas/7_1_7_anual.xls,2026-08-01T21:23:57Z
bcv_pib_demanda_anual,Producto interno bruto por componentes de demanda,Componentes del PIB,7_1_7_anual.xls,1997,Precios constantes,Nivel,Anual,1997,1997,,Enfoque de la producción,Impuestos sobre los productos exc. IVA e imp. importación,7423.39,Bolívares,,Banco Central de Venezuela,https://www.bcv.org.ve/sites/default/files/cuentas_macroeconomicas/7_1_7_anual.xls,2026-08-01T21:23:57Z
bcv_pib_demanda_anual,Producto interno bruto por componentes de demanda,Componentes del PIB,7_1_7_anual.xls,Escala monetaria vigente desde 2018,Precios corrientes,Nivel,Anual,1997,1997,,Enfoque de la producción,Impuestos sobre los productos exc. IVA e imp. importación,7423.39,Bolívares,,Banco Central de Venezuela,https://www.bcv.org.ve/sites/default/files/cuentas_macroeconomicas/7_1_7_anual.xls,2026-08-01T21:23:57Z
bcv_pib_demanda_anual,Producto interno bruto por componentes de demanda,Componentes del PIB,7_1_7_anual.xls,1997,Precios constantes,Nivel,Anual,1998,1998,,Enfoque de la producción,Impuestos sobre los productos exc. IVA e imp. importación,7073.74,Bolívares,,Banco Central de Venezuela,https://www.bcv.org.ve/sites/default/files/cuentas_macroeconomicas/7_1_7_anual.xls,2026-08-01T21:23:57Z
bcv_pib_demanda_anual,Producto interno bruto por componentes de demanda,Componentes del PIB,7_1_7_anual.xls,Escala monetaria vigente desde 2018,Precios corrientes,Nivel,Anual,1998,1998,,Enfoque de la producción,Impuestos sobre los productos exc. IVA e imp. importación,7858.55,Bolívares,,Banco Central de Venezuela,https://www.bcv.org.ve/sites/default/files/cuentas_macroeconomicas/7_1_7_anual.xls,2026-08-01T21:23:57Z
bcv_pib_demanda_anual,Producto interno bruto por componentes de demanda,Componentes del PIB,7_1_7_anual.xls,1997,Precios constantes,Nivel,Anual,1999,1999,,Enfoque de la producción,Impuestos sobre los productos exc. IVA e imp. importación,8266.91,Bolívares,,Banco Central de Venezuela,https://www.bcv.org.ve/sites/default/files/cuentas_macroeconomicas/7_1_7_anual.xls,2026-08-01T21:23:57Z
bcv_pib_demanda_anual,Producto interno bruto por componentes de demanda,Componentes del PIB,7_1_7_anual.xls,Escala monetaria vigente desde 2018,Precios corrientes,Nivel,Anual,1999,1999,,Enfoque de la producción,Impuestos sobre los productos exc. IVA e imp. importación,9415.55,Bolívares,,Banco Central de Venezuela,https://www.bcv.org.ve/sites/default/files/cuentas_macroeconomicas/7_1_7_anual.xls,2026-08-01T21:23:57Z
bcv_pib_demanda_anual,Producto interno bruto por componentes de demanda,Componentes del PIB,7_1_7_anual.xls,1997,Precios constantes,Nivel,Anual,2000,2000,,Enfoque de la producción,Impuestos sobre los productos exc. IVA e imp. importación,8081.19,Bolívares,,Banco Central de Venezuela,https://www.bcv.org.ve/sites/default/files/cuentas_macroeconomicas/7_1_7_anual.xls,2026-08-01T21:23:57Z
bcv_pib_demanda_anual,Producto interno bruto por componentes de demanda,Componentes del PIB,7_1_7_anual.xls,Escala monetaria vigente desde 2018,Precios corrientes,Nivel,Anual,2000,2000,,Enfoque de la producción,Impuestos sobre los productos exc. IVA e imp. importación,10711.26,Bolívares,,Banco Central de Venezuela,https://www.bcv.org.ve/sites/default/files/cuentas_macroeconomicas/7_1_7_anual.xls,2026-08-01T21:23:57Z
bcv_pib_demanda_anual,Producto interno bruto por componentes de demanda,Componentes del PIB,7_1_7_anual.xls,1997,Precios constantes,Nivel,Anual,2001,2001,,Enfoque de la producción,Impuestos sobre los productos exc. IVA e imp. importación,7994.71,Bolívares,,Banco Central de Venezuela,https://www.bcv.org.ve/sites/default/files/cuentas_macroeconomicas/7_1_7_anual.xls,2026-08-01T21:23:57Z
bcv_pib_demanda_anual,Producto interno bruto por componentes de demanda,Componentes del PIB,7_1_7_anual.xls,Escala monetaria vigente desde 2018,Precios corrientes,Nivel,Anual,2001,2001,,Enfoque de la producción,Impuestos sobre los productos exc. IVA e imp. importación,12111,Bolívares,,Banco Central de Venezuela,https://www.bcv.org.ve/sites/default/files/cuentas_macroeconomicas/7_1_7_anual.xls,2026-08-01T21:23:57Z
bcv_pib_demanda_anual,Producto interno bruto por componentes de demanda,Componentes del PIB,7_1_7_anual.xls,1997,Precios constantes,Nivel,Anual,2002,2002,,Enfoque de la producción,Impuestos sobre los productos exc. IVA e imp. importación,6186.44,Bolívares,,Banco Central de Venezuela,https://www.bcv.org.ve/sites/default/files/cuentas_macroeconomicas/7_1_7_anual.xls,2026-08-01T21:23:57Z
bcv_pib_demanda_anual,Producto interno bruto por componentes de demanda,Componentes del PIB,7_1_7_anual.xls,Escala monetaria vigente desde 2018,Precios corrientes,Nivel,Anual,2002,2002,,Enfoque de la producción,Impuestos sobre los productos exc. IVA e imp. importación,11169.2,Bolívares,,Banco Central de Venezuela,https://www.bcv.org.ve/sites/default/files/cuentas_macroeconomicas/7_1_7_anual.xls,2026-08-01T21:23:57Z
bcv_pib_demanda_anual,Producto interno bruto por componentes de demanda,Componentes del PIB,7_1_7_anual.xls,1997,Precios constantes,Nivel,Anual,2003,2003,,Enfoque de la producción,Impuestos sobre los productos exc. IVA e imp. importación,6035.49,Bolívares,,Banco Central de Venezuela,https://www.bcv.org.ve/sites/default/files/cuentas_macroeconomicas/7_1_7_anual.xls,2026-08-01T21:23:57Z
bcv_pib_demanda_anual,Producto interno bruto por componentes de demanda,Componentes del PIB,7_1_7_anual.xls,Escala monetaria vigente desde 2018,Precios corrientes,Nivel,Anual,2003,2003,,Enfoque de la producción,Impuestos sobre los productos exc. IVA e imp. importación,14497.52,Bolívares,,Banco Central de Venezuela,https://www.bcv.org.ve/sites/default/files/cuentas_macroeconomicas/7_1_7_anual.xls,2026-08-01T21:23:57Z
bcv_pib_demanda_anual,Producto interno bruto por componentes de demanda,Componentes del PIB,7_1_7_anual.xls,1997,Precios constantes,Nivel,Anual,2004,2004,,Enfoque de la producción,Impuestos sobre los productos exc. IVA e imp. importación,7291,Bolívares,,Banco Central de Venezuela,https://www.bcv.org.ve/sites/default/files/cuentas_macroeconomicas/7_1_7_anual.xls,2026-08-01T21:23:57Z
bcv_pib_demanda_anual,Producto interno bruto por componentes de demanda,Componentes del PIB,7_1_7_anual.xls,Escala monetaria vigente desde 2018,Precios corrientes,Nivel,Anual,2004,2004,,Enfoque de la producción,Impuestos sobre los productos exc. IVA e imp. importación,21074.48,Bolívares,,Banco Central de Venezuela,https://www.bcv.org.ve/sites/default/files/cuentas_macroeconomicas/7_1_7_anual.xls,2026-08-01T21:23:57Z
bcv_pib_demanda_anual,Producto interno bruto por componentes de demanda,Componentes del PIB,7_1_7_anual.xls,1997,Precios constantes,Nivel,Anual,2005,2005,,Enfoque de la producción,Impuestos sobre los productos exc. IVA e imp. importación,7571.06,Bolívares,,Banco Central de Venezuela,https://www.bcv.org.ve/sites/default/files/cuentas_macroeconomicas/7_1_7_anual.xls,2026-08-01T21:23:57Z
bcv_pib_demanda_anual,Producto interno bruto por componentes de demanda,Componentes del PIB,7_1_7_anual.xls,Escala monetaria vigente desde 2018,Precios corrientes,Nivel,Anual,2005,2005,,Enfoque de la producción,Impuestos sobre los productos exc. IVA e imp. importación,26457.75,Bolívares,,Banco Central de Venezuela,https://www.bcv.org.ve/sites/default/files/cuentas_macroeconomicas/7_1_7_anual.xls,2026-08-01T21:23:57Z
bcv_pib_demanda_anual,Producto interno bruto por componentes de demanda,Componentes del PIB,7_1_7_anual.xls,1997,Precios constantes,Nivel,Anual,2006,2006,,Enfoque de la producción,Impuestos sobre los productos exc. IVA e imp. importación,7753.97,Bolívares,,Banco Central de Venezuela,https://www.bcv.org.ve/sites/default/files/cuentas_macroeconomicas/7_1_7_anual.xls,2026-08-01T21:23:57Z
bcv_pib_demanda_anual,Producto interno bruto por componentes de demanda,Componentes del PIB,7_1_7_anual.xls,Escala monetaria vigente desde 2018,Precios corrientes,Nivel,Anual,2006,2006,,Enfoque de la producción,Impuestos sobre los productos exc. IVA e imp. importación,31026.07,Bolívares,,Banco Central de Venezuela,https://www.bcv.org.ve/sites/default/files/cuentas_macroeconomicas/7_1_7_anual.xls,2026-08-01T21:23:57Z
bcv_pib_demanda_anual,Producto interno bruto por componentes de demanda,Componentes del PIB,7_1_7_anual.xls,1997,Precios constantes,Nivel,Anual,2007,2007,,Enfoque de la producción,Impuestos sobre los productos exc. IVA e imp. importación,8308.09,Bolívares,,Banco Central de Venezuela,https://www.bcv.org.ve/sites/default/files/cuentas_macroeconomicas/7_1_7_anual.xls,2026-08-01T21:23:57Z
bcv_pib_demanda_anual,Producto interno bruto por componentes de demanda,Componentes del PIB,7_1_7_anual.xls,Escala monetaria vigente desde 2018,Precios corrientes,Nivel,Anual,2007,2007,,Enfoque de la producción,Impuestos sobre los productos exc. IVA e imp. importación,43896.7,Bolívares,,Banco Central de Venezuela,https://www.bcv.org.ve/sites/default/files/cuentas_macroeconomicas/7_1_7_anual.xls,2026-08-01T21:23:57Z
bcv_pib_demanda_anual,Producto interno bruto por componentes de demanda,Componentes del PIB,7_1_7_anual.xls,1997,Precios constantes,Nivel,Anual,2008,2008,,Enfoque de la producción,Impuestos sobre los productos exc. IVA e imp. importación,8829.44,Bolívares,Preliminar,Banco Central de Venezuela,https://www.bcv.org.ve/sites/default/files/cuentas_macroeconomicas/7_1_7_anual.xls,2026-08-01T21:23:57Z
bcv_pib_demanda_anual,Producto interno bruto por componentes de demanda,Componentes del PIB,7_1_7_anual.xls,Escala monetaria vigente desde 2018,Precios corrientes,Nivel,Anual,2008,2008,,Enfoque de la producción,Impuestos sobre los productos exc. IVA e imp. importación,88727.83,Bolívares,Preliminar,Banco Central de Venezuela,https://www.bcv.org.ve/sites/default/files/cuentas_macroeconomicas/7_1_7_anual.xls,2026-08-01T21:23:57Z
bcv_pib_demanda_anual,Producto interno bruto por componentes de demanda,Componentes del PIB,7_1_7_anual.xls,1997,Precios constantes,Nivel,Anual,2009,2009,,Enfoque de la producción,Impuestos sobre los productos exc. IVA e imp. importación,8788.51,Bolívares,Preliminar,Banco Central de Venezuela,https://www.bcv.org.ve/sites/default/files/cuentas_macroeconomicas/7_1_7_anual.xls,2026-08-01T21:23:57Z
bcv_pib_demanda_anual,Producto interno bruto por componentes de demanda,Componentes del PIB,7_1_7_anual.xls,Escala monetaria vigente desde 2018,Precios corrientes,Nivel,Anual,2009,2009,,Enfoque de la producción,Impuestos sobre los productos exc. IVA e imp. importación,113685.72,Bolívares,Preliminar,Banco Central de Venezuela,https://www.bcv.org.ve/sites/default/files/cuentas_macroeconomicas/7_1_7_anual.xls,2026-08-01T21:23:57Z
bcv_pib_demanda_anual,Producto interno bruto por componentes de demanda,Componentes del PIB,7_1_7_anual.xls,1997,Precios constantes,Nivel,Anual,2010,2010,,Enfoque de la producción,Impuestos sobre los productos exc. IVA e imp. importación,9164.37,Bolívares,Preliminar,Banco Central de Venezuela,https://www.bcv.org.ve/sites/default/files/cuentas_macroeconomicas/7_1_7_anual.xls,2026-08-01T21:23:57Z
bcv_pib_demanda_anual,Producto interno bruto por componentes de demanda,Componentes del PIB,7_1_7_anual.xls,Escala monetaria vigente desde 2018,Precios corrientes,Nivel,Anual,2010,2010,,Enfoque de la producción,Impuestos sobre los productos exc. IVA e imp. importación,145904.62,Bolívares,Preliminar,Banco Central de Venezuela,https://www.bcv.org.ve/sites/default/files/cuentas_macroeconomicas/7_1_7_anual.xls,2026-08-01T21:23:57Z
bcv_pib_demanda_anual,Producto interno bruto por componentes de demanda,Componentes del PIB,7_1_7_anual.xls,1997,Precios constantes,Nivel,Anual,2011,2011,,Enfoque de la producción,Impuestos sobre los productos exc. IVA e imp. importación,9431.28,Bolívares,Preliminar,Banco Central de Venezuela,https://www.bcv.org.ve/sites/default/files/cuentas_macroeconomicas/7_1_7_anual.xls,2026-08-01T21:23:57Z
bcv_pib_demanda_anual,Producto interno bruto por componentes de demanda,Componentes del PIB,7_1_7_anual.xls,Escala monetaria vigente desde 2018,Precios corrientes,Nivel,Anual,2011,2011,,Enfoque de la producción,Impuestos sobre los productos exc. IVA e imp. importación,187866.22,Bolívares,Preliminar,Banco Central de Venezuela,https://www.bcv.org.ve/sites/default/files/cuentas_macroeconomicas/7_1_7_anual.xls,2026-08-01T21:23:57Z
bcv_pib_demanda_anual,Producto interno bruto por componentes de demanda,Componentes del PIB,7_1_7_anual.xls,1997,Precios constantes,Nivel,Anual,2012,2012,,Enfoque de la producción,Impuestos sobre los productos exc. IVA e imp. importación,9534.86,Bolívares,Preliminar,Banco Central de Venezuela,https://www.bcv.org.ve/sites/default/files/cuentas_macroeconomicas/7_1_7_anual.xls,2026-08-01T21:23:57Z
bcv_pib_demanda_anual,Producto interno bruto por componentes de demanda,Componentes del PIB,7_1_7_anual.xls,Escala monetaria vigente desde 2018,Precios corrientes,Nivel,Anual,2012,2012,,Enfoque de la producción,Impuestos sobre los productos exc. IVA e imp. importación,237789.33,Bolívares,Preliminar,Banco Central de Venezuela,https://www.bcv.org.ve/sites/default/files/cuentas_macroeconomicas/7_1_7_anual.xls,2026-08-01T21:23:57Z
bcv_pib_demanda_anual,Producto interno bruto por componentes de demanda,Componentes del PIB,7_1_7_anual.xls,1997,Precios constantes,Nivel,Anual,2013,2013,,Enfoque de la producción,Impuestos sobre los productos exc. IVA e imp. importación,9934.58,Bolívares,Preliminar,Banco Central de Venezuela,https://www.bcv.org.ve/sites/default/files/cuentas_macroeconomicas/7_1_7_anual.xls,2026-08-01T21:23:57Z
bcv_pib_demanda_anual,Producto interno bruto por componentes de demanda,Componentes del PIB,7_1_7_anual.xls,Escala monetaria vigente desde 2018,Precios corrientes,Nivel,Anual,2013,2013,,Enfoque de la producción,Impuestos sobre los productos exc. IVA e imp. importación,346836.73,Bolívares,Preliminar,Banco Central de Venezuela,https://www.bcv.org.ve/sites/default/files/cuentas_macroeconomicas/7_1_7_anual.xls,2026-08-01T21:23:57Z
bcv_pib_demanda_anual,Producto interno bruto por componentes de demanda,Componentes del PIB,7_1_7_anual.xls,1997,Precios constantes,Nivel,Anual,2014,2014,,Enfoque de la producción,Impuestos sobre los productos exc. IVA e imp. importación,9940.79,Bolívares,Preliminar,Banco Central de Venezuela,https://www.bcv.org.ve/sites/default/files/cuentas_macroeconomicas/7_1_7_anual.xls,2026-08-01T21:23:57Z
bcv_pib_demanda_anual,Producto interno bruto por componentes de demanda,Componentes del PIB,7_1_7_anual.xls,Escala monetaria vigente desde 2018,Precios corrientes,Nivel,Anual,2014,2014,,Enfoque de la producción,Impuestos sobre los productos exc. IVA e imp. importación,570944.07,Bolívares,Preliminar,Banco Central de Venezuela,https://www.bcv.org.ve/sites/default/files/cuentas_macroeconomicas/7_1_7_anual.xls,2026-08-01T21:23:57Z
bcv_pib_demanda_anual,Producto interno bruto por componentes de demanda,Componentes del PIB,7_1_7_anual.xls,1997,Precios constantes,Nivel,Anual,2015,2015,,Enfoque de la producción,Impuestos sobre los productos exc. IVA e imp. importación,9535.63,Bolívares,Preliminar,Banco Central de Venezuela,https://www.bcv.org.ve/sites/default/files/cuentas_macroeconomicas/7_1_7_anual.xls,2026-08-01T21:23:57Z
bcv_pib_demanda_anual,Producto interno bruto por componentes de demanda,Componentes del PIB,7_1_7_anual.xls,Escala monetaria vigente desde 2018,Precios corrientes,Nivel,Anual,2015,2015,,Enfoque de la producción,Impuestos sobre los productos exc. IVA e imp. importación,1662333.67,Bolívares,Preliminar,Banco Central de Venezuela,https://www.bcv.org.ve/sites/default/files/cuentas_macroeconomicas/7_1_7_anual.xls,2026-08-01T21:23:57Z
bcv_pib_demanda_anual,Producto interno bruto por componentes de demanda,Componentes del PIB,7_1_7_anual.xls,1997,Precios constantes,Nivel,Anual,2016,2016,,Enfoque de la producción,Impuestos sobre los productos exc. IVA e imp. importación,8929.79,Bolívares,Preliminar,Banco Central de Venezuela,https://www.bcv.org.ve/sites/default/files/cuentas_macroeconomicas/7_1_7_anual.xls,2026-08-01T21:23:57Z
bcv_pib_demanda_anual,Producto interno bruto por componentes de demanda,Componentes del PIB,7_1_7_anual.xls,Escala monetaria vigente desde 2018,Precios corrientes,Nivel,Anual,2016,2016,,Enfoque de la producción,Impuestos sobre los productos exc. IVA e imp. importación,8155973.04,Bolívares,Preliminar,Banco Central de Venezuela,https://www.bcv.org.ve/sites/default/files/cuentas_macroeconomicas/7_1_7_anual.xls,2026-08-01T21:23:57Z
bcv_pib_demanda_anual,Producto interno bruto por componentes de demanda,Componentes del PIB,7_1_7_anual.xls,1997,Precios constantes,Nivel,Anual,2017,2017,,Enfoque de la producción,Impuestos sobre los productos exc. IVA e imp. importación,8297.68,Bolívares,Preliminar,Banco Central de Venezuela,https://www.bcv.org.ve/sites/default/files/cuentas_macroeconomicas/7_1_7_anual.xls,2026-08-01T21:23:57Z
bcv_pib_demanda_anual,Producto interno bruto por componentes de demanda,Componentes del PIB,7_1_7_anual.xls,Escala monetaria vigente desde 2018,Precios corrientes,Nivel,Anual,2017,2017,,Enfoque de la producción,Impuestos sobre los productos exc. IVA e imp. importación,73072790.15,Bolívares,Preliminar,Banco Central de Venezuela,https://www.bcv.org.ve/sites/default/files/cuentas_macroeconomicas/7_1_7_anual.xls,2026-08-01T21:23:57Z
bcv_pib_demanda_anual,Producto interno bruto por componentes de demanda,Componentes del PIB,7_1_7_anual.xls,1997,Precios constantes,Nivel,Anual,1997,1997,,Enfoque de la producción,Impuestos tipo valor agregado (IVA),25577.39,Bolívares,,Banco Central de Venezuela,https://www.bcv.org.ve/sites/default/files/cuentas_macroeconomicas/7_1_7_anual.xls,2026-08-01T21:23:57Z
bcv_pib_demanda_anual,Producto interno bruto por componentes de demanda,Componentes del PIB,7_1_7_anual.xls,Escala monetaria vigente desde 2018,Precios corrientes,Nivel,Anual,1997,1997,,Enfoque de la producción,Impuestos tipo valor agregado (IVA),25577.39,Bolívares,,Banco Central de Venezuela,https://www.bcv.org.ve/sites/default/files/cuentas_macroeconomicas/7_1_7_anual.xls,2026-08-01T21:23:57Z
bcv_pib_demanda_anual,Producto interno bruto por componentes de demanda,Componentes del PIB,7_1_7_anual.xls,1997,Precios constantes,Nivel,Anual,1998,1998,,Enfoque de la producción,Impuestos tipo valor agregado (IVA),25279.2,Bolívares,,Banco Central de Venezuela,https://www.bcv.org.ve/sites/default/files/cuentas_macroeconomicas/7_1_7_anual.xls,2026-08-01T21:23:57Z
bcv_pib_demanda_anual,Producto interno bruto por componentes de demanda,Componentes del PIB,7_1_7_anual.xls,Escala monetaria vigente desde 2018,Precios corrientes,Nivel,Anual,1998,1998,,Enfoque de la producción,Impuestos tipo valor agregado (IVA),28941.76,Bolívares,,Banco Central de Venezuela,https://www.bcv.org.ve/sites/default/files/cuentas_macroeconomicas/7_1_7_anual.xls,2026-08-01T21:23:57Z
bcv_pib_demanda_anual,Producto interno bruto por componentes de demanda,Componentes del PIB,7_1_7_anual.xls,1997,Precios constantes,Nivel,Anual,1999,1999,,Enfoque de la producción,Impuestos tipo valor agregado (IVA),22868.6,Bolívares,,Banco Central de Venezuela,https://www.bcv.org.ve/sites/default/files/cuentas_macroeconomicas/7_1_7_anual.xls,2026-08-01T21:23:57Z
bcv_pib_demanda_anual,Producto interno bruto por componentes de demanda,Componentes del PIB,7_1_7_anual.xls,Escala monetaria vigente desde 2018,Precios corrientes,Nivel,Anual,1999,1999,,Enfoque de la producción,Impuestos tipo valor agregado (IVA),30820.03,Bolívares,,Banco Central de Venezuela,https://www.bcv.org.ve/sites/default/files/cuentas_macroeconomicas/7_1_7_anual.xls,2026-08-01T21:23:57Z
bcv_pib_demanda_anual,Producto interno bruto por componentes de demanda,Componentes del PIB,7_1_7_anual.xls,1997,Precios constantes,Nivel,Anual,2000,2000,,Enfoque de la producción,Impuestos tipo valor agregado (IVA),23906.59,Bolívares,,Banco Central de Venezuela,https://www.bcv.org.ve/sites/default/files/cuentas_macroeconomicas/7_1_7_anual.xls,2026-08-01T21:23:57Z
bcv_pib_demanda_anual,Producto interno bruto por componentes de demanda,Componentes del PIB,7_1_7_anual.xls,Escala monetaria vigente desde 2018,Precios corrientes,Nivel,Anual,2000,2000,,Enfoque de la producción,Impuestos tipo valor agregado (IVA),34234.09,Bolívares,,Banco Central de Venezuela,https://www.bcv.org.ve/sites/default/files/cuentas_macroeconomicas/7_1_7_anual.xls,2026-08-01T21:23:57Z
bcv_pib_demanda_anual,Producto interno bruto por componentes de demanda,Componentes del PIB,7_1_7_anual.xls,1997,Precios constantes,Nivel,Anual,2001,2001,,Enfoque de la producción,Impuestos tipo valor agregado (IVA),25789.91,Bolívares,,Banco Central de Venezuela,https://www.bcv.org.ve/sites/default/files/cuentas_macroeconomicas/7_1_7_anual.xls,2026-08-01T21:23:57Z
bcv_pib_demanda_anual,Producto interno bruto por componentes de demanda,Componentes del PIB,7_1_7_anual.xls,Escala monetaria vigente desde 2018,Precios corrientes,Nivel,Anual,2001,2001,,Enfoque de la producción,Impuestos tipo valor agregado (IVA),40187.23,Bolívares,,Banco Central de Venezuela,https://www.bcv.org.ve/sites/default/files/cuentas_macroeconomicas/7_1_7_anual.xls,2026-08-01T21:23:57Z
bcv_pib_demanda_anual,Producto interno bruto por componentes de demanda,Componentes del PIB,7_1_7_anual.xls,1997,Precios constantes,Nivel,Anual,2002,2002,,Enfoque de la producción,Impuestos tipo valor agregado (IVA),22802.6,Bolívares,,Banco Central de Venezuela,https://www.bcv.org.ve/sites/default/files/cuentas_macroeconomicas/7_1_7_anual.xls,2026-08-01T21:23:57Z
bcv_pib_demanda_anual,Producto interno bruto por componentes de demanda,Componentes del PIB,7_1_7_anual.xls,Escala monetaria vigente desde 2018,Precios corrientes,Nivel,Anual,2002,2002,,Enfoque de la producción,Impuestos tipo valor agregado (IVA),47792.5,Bolívares,,Banco Central de Venezuela,https://www.bcv.org.ve/sites/default/files/cuentas_macroeconomicas/7_1_7_anual.xls,2026-08-01T21:23:57Z
bcv_pib_demanda_anual,Producto interno bruto por componentes de demanda,Componentes del PIB,7_1_7_anual.xls,1997,Precios constantes,Nivel,Anual,2003,2003,,Enfoque de la producción,Impuestos tipo valor agregado (IVA),20856.06,Bolívares,,Banco Central de Venezuela,https://www.bcv.org.ve/sites/default/files/cuentas_macroeconomicas/7_1_7_anual.xls,2026-08-01T21:23:57Z
bcv_pib_demanda_anual,Producto interno bruto por componentes de demanda,Componentes del PIB,7_1_7_anual.xls,Escala monetaria vigente desde 2018,Precios corrientes,Nivel,Anual,2003,2003,,Enfoque de la producción,Impuestos tipo valor agregado (IVA),66076.97,Bolívares,,Banco Central de Venezuela,https://www.bcv.org.ve/sites/default/files/cuentas_macroeconomicas/7_1_7_anual.xls,2026-08-01T21:23:57Z
bcv_pib_demanda_anual,Producto interno bruto por componentes de demanda,Componentes del PIB,7_1_7_anual.xls,1997,Precios constantes,Nivel,Anual,2004,2004,,Enfoque de la producción,Impuestos tipo valor agregado (IVA),27387.91,Bolívares,,Banco Central de Venezuela,https://www.bcv.org.ve/sites/default/files/cuentas_macroeconomicas/7_1_7_anual.xls,2026-08-01T21:23:57Z
bcv_pib_demanda_anual,Producto interno bruto por componentes de demanda,Componentes del PIB,7_1_7_anual.xls,Escala monetaria vigente desde 2018,Precios corrientes,Nivel,Anual,2004,2004,,Enfoque de la producción,Impuestos tipo valor agregado (IVA),134426.15,Bolívares,,Banco Central de Venezuela,https://www.bcv.org.ve/sites/default/files/cuentas_macroeconomicas/7_1_7_anual.xls,2026-08-01T21:23:57Z
bcv_pib_demanda_anual,Producto interno bruto por componentes de demanda,Componentes del PIB,7_1_7_anual.xls,1997,Precios constantes,Nivel,Anual,2005,2005,,Enfoque de la producción,Impuestos tipo valor agregado (IVA),32083.01,Bolívares,,Banco Central de Venezuela,https://www.bcv.org.ve/sites/default/files/cuentas_macroeconomicas/7_1_7_anual.xls,2026-08-01T21:23:57Z
bcv_pib_demanda_anual,Producto interno bruto por componentes de demanda,Componentes del PIB,7_1_7_anual.xls,Escala monetaria vigente desde 2018,Precios corrientes,Nivel,Anual,2005,2005,,Enfoque de la producción,Impuestos tipo valor agregado (IVA),198635.56,Bolívares,,Banco Central de Venezuela,https://www.bcv.org.ve/sites/default/files/cuentas_macroeconomicas/7_1_7_anual.xls,2026-08-01T21:23:57Z
bcv_pib_demanda_anual,Producto interno bruto por componentes de demanda,Componentes del PIB,7_1_7_anual.xls,1997,Precios constantes,Nivel,Anual,2006,2006,,Enfoque de la producción,Impuestos tipo valor agregado (IVA),38359.69,Bolívares,,Banco Central de Venezuela,https://www.bcv.org.ve/sites/default/files/cuentas_macroeconomicas/7_1_7_anual.xls,2026-08-01T21:23:57Z
bcv_pib_demanda_anual,Producto interno bruto por componentes de demanda,Componentes del PIB,7_1_7_anual.xls,Escala monetaria vigente desde 2018,Precios corrientes,Nivel,Anual,2006,2006,,Enfoque de la producción,Impuestos tipo valor agregado (IVA),254901.02,Bolívares,,Banco Central de Venezuela,https://www.bcv.org.ve/sites/default/files/cuentas_macroeconomicas/7_1_7_anual.xls,2026-08-01T21:23:57Z
bcv_pib_demanda_anual,Producto interno bruto por componentes de demanda,Componentes del PIB,7_1_7_anual.xls,1997,Precios constantes,Nivel,Anual,2007,2007,,Enfoque de la producción,Impuestos tipo valor agregado (IVA),44059.4,Bolívares,,Banco Central de Venezuela,https://www.bcv.org.ve/sites/default/files/cuentas_macroeconomicas/7_1_7_anual.xls,2026-08-01T21:23:57Z
bcv_pib_demanda_anual,Producto interno bruto por componentes de demanda,Componentes del PIB,7_1_7_anual.xls,Escala monetaria vigente desde 2018,Precios corrientes,Nivel,Anual,2007,2007,,Enfoque de la producción,Impuestos tipo valor agregado (IVA),277958.4,Bolívares,,Banco Central de Venezuela,https://www.bcv.org.ve/sites/default/files/cuentas_macroeconomicas/7_1_7_anual.xls,2026-08-01T21:23:57Z
bcv_pib_demanda_anual,Producto interno bruto por componentes de demanda,Componentes del PIB,7_1_7_anual.xls,1997,Precios constantes,Nivel,Anual,2008,2008,,Enfoque de la producción,Impuestos tipo valor agregado (IVA),47034.26,Bolívares,Preliminar,Banco Central de Venezuela,https://www.bcv.org.ve/sites/default/files/cuentas_macroeconomicas/7_1_7_anual.xls,2026-08-01T21:23:57Z
bcv_pib_demanda_anual,Producto interno bruto por componentes de demanda,Componentes del PIB,7_1_7_anual.xls,Escala monetaria vigente desde 2018,Precios corrientes,Nivel,Anual,2008,2008,,Enfoque de la producción,Impuestos tipo valor agregado (IVA),303676.71,Bolívares,Preliminar,Banco Central de Venezuela,https://www.bcv.org.ve/sites/default/files/cuentas_macroeconomicas/7_1_7_anual.xls,2026-08-01T21:23:57Z
bcv_pib_demanda_anual,Producto interno bruto por componentes de demanda,Componentes del PIB,7_1_7_anual.xls,1997,Precios constantes,Nivel,Anual,2009,2009,,Enfoque de la producción,Impuestos tipo valor agregado (IVA),44618.78,Bolívares,Preliminar,Banco Central de Venezuela,https://www.bcv.org.ve/sites/default/files/cuentas_macroeconomicas/7_1_7_anual.xls,2026-08-01T21:23:57Z
bcv_pib_demanda_anual,Producto interno bruto por componentes de demanda,Componentes del PIB,7_1_7_anual.xls,Escala monetaria vigente desde 2018,Precios corrientes,Nivel,Anual,2009,2009,,Enfoque de la producción,Impuestos tipo valor agregado (IVA),407323.9,Bolívares,Preliminar,Banco Central de Venezuela,https://www.bcv.org.ve/sites/default/files/cuentas_macroeconomicas/7_1_7_anual.xls,2026-08-01T21:23:57Z
bcv_pib_demanda_anual,Producto interno bruto por componentes de demanda,Componentes del PIB,7_1_7_anual.xls,1997,Precios constantes,Nivel,Anual,2010,2010,,Enfoque de la producción,Impuestos tipo valor agregado (IVA),43257.72,Bolívares,Preliminar,Banco Central de Venezuela,https://www.bcv.org.ve/sites/default/files/cuentas_macroeconomicas/7_1_7_anual.xls,2026-08-01T21:23:57Z
bcv_pib_demanda_anual,Producto interno bruto por componentes de demanda,Componentes del PIB,7_1_7_anual.xls,Escala monetaria vigente desde 2018,Precios corrientes,Nivel,Anual,2010,2010,,Enfoque de la producción,Impuestos tipo valor agregado (IVA),553926.15,Bolívares,Preliminar,Banco Central de Venezuela,https://www.bcv.org.ve/sites/default/files/cuentas_macroeconomicas/7_1_7_anual.xls,2026-08-01T21:23:57Z
bcv_pib_demanda_anual,Producto interno bruto por componentes de demanda,Componentes del PIB,7_1_7_anual.xls,1997,Precios constantes,Nivel,Anual,2011,2011,,Enfoque de la producción,Impuestos tipo valor agregado (IVA),44801.65,Bolívares,Preliminar,Banco Central de Venezuela,https://www.bcv.org.ve/sites/default/files/cuentas_macroeconomicas/7_1_7_anual.xls,2026-08-01T21:23:57Z
bcv_pib_demanda_anual,Producto interno bruto por componentes de demanda,Componentes del PIB,7_1_7_anual.xls,Escala monetaria vigente desde 2018,Precios corrientes,Nivel,Anual,2011,2011,,Enfoque de la producción,Impuestos tipo valor agregado (IVA),782142.2,Bolívares,Preliminar,Banco Central de Venezuela,https://www.bcv.org.ve/sites/default/files/cuentas_macroeconomicas/7_1_7_anual.xls,2026-08-01T21:23:57Z
bcv_pib_demanda_anual,Producto interno bruto por componentes de demanda,Componentes del PIB,7_1_7_anual.xls,1997,Precios constantes,Nivel,Anual,2012,2012,,Enfoque de la producción,Impuestos tipo valor agregado (IVA),47239.81,Bolívares,Preliminar,Banco Central de Venezuela,https://www.bcv.org.ve/sites/default/files/cuentas_macroeconomicas/7_1_7_anual.xls,2026-08-01T21:23:57Z
bcv_pib_demanda_anual,Producto interno bruto por componentes de demanda,Componentes del PIB,7_1_7_anual.xls,Escala monetaria vigente desde 2018,Precios corrientes,Nivel,Anual,2012,2012,,Enfoque de la producción,Impuestos tipo valor agregado (IVA),1018008.88,Bolívares,Preliminar,Banco Central de Venezuela,https://www.bcv.org.ve/sites/default/files/cuentas_macroeconomicas/7_1_7_anual.xls,2026-08-01T21:23:57Z
bcv_pib_demanda_anual,Producto interno bruto por componentes de demanda,Componentes del PIB,7_1_7_anual.xls,1997,Precios constantes,Nivel,Anual,2013,2013,,Enfoque de la producción,Impuestos tipo valor agregado (IVA),48964.83,Bolívares,Preliminar,Banco Central de Venezuela,https://www.bcv.org.ve/sites/default/files/cuentas_macroeconomicas/7_1_7_anual.xls,2026-08-01T21:23:57Z
bcv_pib_demanda_anual,Producto interno bruto por componentes de demanda,Componentes del PIB,7_1_7_anual.xls,Escala monetaria vigente desde 2018,Precios corrientes,Nivel,Anual,2013,2013,,Enfoque de la producción,Impuestos tipo valor agregado (IVA),1473187.6,Bolívares,Preliminar,Banco Central de Venezuela,https://www.bcv.org.ve/sites/default/files/cuentas_macroeconomicas/7_1_7_anual.xls,2026-08-01T21:23:57Z
bcv_pib_demanda_anual,Producto interno bruto por componentes de demanda,Componentes del PIB,7_1_7_anual.xls,1997,Precios constantes,Nivel,Anual,2014,2014,,Enfoque de la producción,Impuestos tipo valor agregado (IVA),46628.87,Bolívares,Preliminar,Banco Central de Venezuela,https://www.bcv.org.ve/sites/default/files/cuentas_macroeconomicas/7_1_7_anual.xls,2026-08-01T21:23:57Z
bcv_pib_demanda_anual,Producto interno bruto por componentes de demanda,Componentes del PIB,7_1_7_anual.xls,Escala monetaria vigente desde 2018,Precios corrientes,Nivel,Anual,2014,2014,,Enfoque de la producción,Impuestos tipo valor agregado (IVA),2440302.56,Bolívares,Preliminar,Banco Central de Venezuela,https://www.bcv.org.ve/sites/default/files/cuentas_macroeconomicas/7_1_7_anual.xls,2026-08-01T21:23:57Z
bcv_pib_demanda_anual,Producto interno bruto por componentes de demanda,Componentes del PIB,7_1_7_anual.xls,1997,Precios constantes,Nivel,Anual,2015,2015,,Enfoque de la producción,Impuestos tipo valor agregado (IVA),42209.16,Bolívares,Preliminar,Banco Central de Venezuela,https://www.bcv.org.ve/sites/default/files/cuentas_macroeconomicas/7_1_7_anual.xls,2026-08-01T21:23:57Z
bcv_pib_demanda_anual,Producto interno bruto por componentes de demanda,Componentes del PIB,7_1_7_anual.xls,Escala monetaria vigente desde 2018,Precios corrientes,Nivel,Anual,2015,2015,,Enfoque de la producción,Impuestos tipo valor agregado (IVA),6107887.71,Bolívares,Preliminar,Banco Central de Venezuela,https://www.bcv.org.ve/sites/default/files/cuentas_macroeconomicas/7_1_7_anual.xls,2026-08-01T21:23:57Z
bcv_pib_demanda_anual,Producto interno bruto por componentes de demanda,Componentes del PIB,7_1_7_anual.xls,1997,Precios constantes,Nivel,Anual,2016,2016,,Enfoque de la producción,Impuestos tipo valor agregado (IVA),33188.63,Bolívares,Preliminar,Banco Central de Venezuela,https://www.bcv.org.ve/sites/default/files/cuentas_macroeconomicas/7_1_7_anual.xls,2026-08-01T21:23:57Z
bcv_pib_demanda_anual,Producto interno bruto por componentes de demanda,Componentes del PIB,7_1_7_anual.xls,Escala monetaria vigente desde 2018,Precios corrientes,Nivel,Anual,2016,2016,,Enfoque de la producción,Impuestos tipo valor agregado (IVA),16559786.11,Bolívares,Preliminar,Banco Central de Venezuela,https://www.bcv.org.ve/sites/default/files/cuentas_macroeconomicas/7_1_7_anual.xls,2026-08-01T21:23:57Z
bcv_pib_demanda_anual,Producto interno bruto por componentes de demanda,Componentes del PIB,7_1_7_anual.xls,1997,Precios constantes,Nivel,Anual,2017,2017,,Enfoque de la producción,Impuestos tipo valor agregado (IVA),26381.49,Bolívares,Preliminar,Banco Central de Venezuela,https://www.bcv.org.ve/sites/default/files/cuentas_macroeconomicas/7_1_7_anual.xls,2026-08-01T21:23:57Z
bcv_pib_demanda_anual,Producto interno bruto por componentes de demanda,Componentes del PIB,7_1_7_anual.xls,Escala monetaria vigente desde 2018,Precios corrientes,Nivel,Anual,2017,2017,,Enfoque de la producción,Impuestos tipo valor agregado (IVA),115369959.11,Bolívares,Preliminar,Banco Central de Venezuela,https://www.bcv.org.ve/sites/default/files/cuentas_macroeconomicas/7_1_7_anual.xls,2026-08-01T21:23:57Z
bcv_pib_demanda_anual,Producto interno bruto por componentes de demanda,Componentes del PIB,7_1_7_anual.xls,1997,Precios constantes,Nivel,Anual,1997,1997,,Enfoque de la producción,Impuestos y derechos sobre las importaciones exc. IVA,6323.3,Bolívares,,Banco Central de Venezuela,https://www.bcv.org.ve/sites/default/files/cuentas_macroeconomicas/7_1_7_anual.xls,2026-08-01T21:23:57Z
bcv_pib_demanda_anual,Producto interno bruto por componentes de demanda,Componentes del PIB,7_1_7_anual.xls,Escala monetaria vigente desde 2018,Precios corrientes,Nivel,Anual,1997,1997,,Enfoque de la producción,Impuestos y derechos sobre las importaciones exc. IVA,6323.3,Bolívares,,Banco Central de Venezuela,https://www.bcv.org.ve/sites/default/files/cuentas_macroeconomicas/7_1_7_anual.xls,2026-08-01T21:23:57Z
bcv_pib_demanda_anual,Producto interno bruto por componentes de demanda,Componentes del PIB,7_1_7_anual.xls,1997,Precios constantes,Nivel,Anual,1998,1998,,Enfoque de la producción,Impuestos y derechos sobre las importaciones exc. IVA,7649.82,Bolívares,,Banco Central de Venezuela,https://www.bcv.org.ve/sites/default/files/cuentas_macroeconomicas/7_1_7_anual.xls,2026-08-01T21:23:57Z
bcv_pib_demanda_anual,Producto interno bruto por componentes de demanda,Componentes del PIB,7_1_7_anual.xls,Escala monetaria vigente desde 2018,Precios corrientes,Nivel,Anual,1998,1998,,Enfoque de la producción,Impuestos y derechos sobre las importaciones exc. IVA,8458.89,Bolívares,,Banco Central de Venezuela,https://www.bcv.org.ve/sites/default/files/cuentas_macroeconomicas/7_1_7_anual.xls,2026-08-01T21:23:57Z
bcv_pib_demanda_anual,Producto interno bruto por componentes de demanda,Componentes del PIB,7_1_7_anual.xls,1997,Precios constantes,Nivel,Anual,1999,1999,,Enfoque de la producción,Impuestos y derechos sobre las importaciones exc. IVA,7355.14,Bolívares,,Banco Central de Venezuela,https://www.bcv.org.ve/sites/default/files/cuentas_macroeconomicas/7_1_7_anual.xls,2026-08-01T21:23:57Z
bcv_pib_demanda_anual,Producto interno bruto por componentes de demanda,Componentes del PIB,7_1_7_anual.xls,Escala monetaria vigente desde 2018,Precios corrientes,Nivel,Anual,1999,1999,,Enfoque de la producción,Impuestos y derechos sobre las importaciones exc. IVA,8564.42,Bolívares,,Banco Central de Venezuela,https://www.bcv.org.ve/sites/default/files/cuentas_macroeconomicas/7_1_7_anual.xls,2026-08-01T21:23:57Z
bcv_pib_demanda_anual,Producto interno bruto por componentes de demanda,Componentes del PIB,7_1_7_anual.xls,1997,Precios constantes,Nivel,Anual,2000,2000,,Enfoque de la producción,Impuestos y derechos sobre las importaciones exc. IVA,7588.78,Bolívares,,Banco Central de Venezuela,https://www.bcv.org.ve/sites/default/files/cuentas_macroeconomicas/7_1_7_anual.xls,2026-08-01T21:23:57Z
bcv_pib_demanda_anual,Producto interno bruto por componentes de demanda,Componentes del PIB,7_1_7_anual.xls,Escala monetaria vigente desde 2018,Precios corrientes,Nivel,Anual,2000,2000,,Enfoque de la producción,Impuestos y derechos sobre las importaciones exc. IVA,9923.94,Bolívares,,Banco Central de Venezuela,https://www.bcv.org.ve/sites/default/files/cuentas_macroeconomicas/7_1_7_anual.xls,2026-08-01T21:23:57Z
bcv_pib_demanda_anual,Producto interno bruto por componentes de demanda,Componentes del PIB,7_1_7_anual.xls,1997,Precios constantes,Nivel,Anual,2001,2001,,Enfoque de la producción,Impuestos y derechos sobre las importaciones exc. IVA,8631.67,Bolívares,,Banco Central de Venezuela,https://www.bcv.org.ve/sites/default/files/cuentas_macroeconomicas/7_1_7_anual.xls,2026-08-01T21:23:57Z
bcv_pib_demanda_anual,Producto interno bruto por componentes de demanda,Componentes del PIB,7_1_7_anual.xls,Escala monetaria vigente desde 2018,Precios corrientes,Nivel,Anual,2001,2001,,Enfoque de la producción,Impuestos y derechos sobre las importaciones exc. IVA,11724.79,Bolívares,,Banco Central de Venezuela,https://www.bcv.org.ve/sites/default/files/cuentas_macroeconomicas/7_1_7_anual.xls,2026-08-01T21:23:57Z
bcv_pib_demanda_anual,Producto interno bruto por componentes de demanda,Componentes del PIB,7_1_7_anual.xls,1997,Precios constantes,Nivel,Anual,2002,2002,,Enfoque de la producción,Impuestos y derechos sobre las importaciones exc. IVA,5012.93,Bolívares,,Banco Central de Venezuela,https://www.bcv.org.ve/sites/default/files/cuentas_macroeconomicas/7_1_7_anual.xls,2026-08-01T21:23:57Z
bcv_pib_demanda_anual,Producto interno bruto por componentes de demanda,Componentes del PIB,7_1_7_anual.xls,Escala monetaria vigente desde 2018,Precios corrientes,Nivel,Anual,2002,2002,,Enfoque de la producción,Impuestos y derechos sobre las importaciones exc. IVA,11822.84,Bolívares,,Banco Central de Venezuela,https://www.bcv.org.ve/sites/default/files/cuentas_macroeconomicas/7_1_7_anual.xls,2026-08-01T21:23:57Z
bcv_pib_demanda_anual,Producto interno bruto por componentes de demanda,Componentes del PIB,7_1_7_anual.xls,1997,Precios constantes,Nivel,Anual,2003,2003,,Enfoque de la producción,Impuestos y derechos sobre las importaciones exc. IVA,3729.28,Bolívares,,Banco Central de Venezuela,https://www.bcv.org.ve/sites/default/files/cuentas_macroeconomicas/7_1_7_anual.xls,2026-08-01T21:23:57Z
bcv_pib_demanda_anual,Producto interno bruto por componentes de demanda,Componentes del PIB,7_1_7_anual.xls,Escala monetaria vigente desde 2018,Precios corrientes,Nivel,Anual,2003,2003,,Enfoque de la producción,Impuestos y derechos sobre las importaciones exc. IVA,9894.74,Bolívares,,Banco Central de Venezuela,https://www.bcv.org.ve/sites/default/files/cuentas_macroeconomicas/7_1_7_anual.xls,2026-08-01T21:23:57Z
bcv_pib_demanda_anual,Producto interno bruto por componentes de demanda,Componentes del PIB,7_1_7_anual.xls,1997,Precios constantes,Nivel,Anual,2004,2004,,Enfoque de la producción,Impuestos y derechos sobre las importaciones exc. IVA,6169.77,Bolívares,,Banco Central de Venezuela,https://www.bcv.org.ve/sites/default/files/cuentas_macroeconomicas/7_1_7_anual.xls,2026-08-01T21:23:57Z
bcv_pib_demanda_anual,Producto interno bruto por componentes de demanda,Componentes del PIB,7_1_7_anual.xls,Escala monetaria vigente desde 2018,Precios corrientes,Nivel,Anual,2004,2004,,Enfoque de la producción,Impuestos y derechos sobre las importaciones exc. IVA,21221.22,Bolívares,,Banco Central de Venezuela,https://www.bcv.org.ve/sites/default/files/cuentas_macroeconomicas/7_1_7_anual.xls,2026-08-01T21:23:57Z
bcv_pib_demanda_anual,Producto interno bruto por componentes de demanda,Componentes del PIB,7_1_7_anual.xls,1997,Precios constantes,Nivel,Anual,2005,2005,,Enfoque de la producción,Impuestos y derechos sobre las importaciones exc. IVA,8987.28,Bolívares,,Banco Central de Venezuela,https://www.bcv.org.ve/sites/default/files/cuentas_macroeconomicas/7_1_7_anual.xls,2026-08-01T21:23:57Z
bcv_pib_demanda_anual,Producto interno bruto por componentes de demanda,Componentes del PIB,7_1_7_anual.xls,Escala monetaria vigente desde 2018,Precios corrientes,Nivel,Anual,2005,2005,,Enfoque de la producción,Impuestos y derechos sobre las importaciones exc. IVA,37388.58,Bolívares,,Banco Central de Venezuela,https://www.bcv.org.ve/sites/default/files/cuentas_macroeconomicas/7_1_7_anual.xls,2026-08-01T21:23:57Z
bcv_pib_demanda_anual,Producto interno bruto por componentes de demanda,Componentes del PIB,7_1_7_anual.xls,1997,Precios constantes,Nivel,Anual,2006,2006,,Enfoque de la producción,Impuestos y derechos sobre las importaciones exc. IVA,13196.83,Bolívares,,Banco Central de Venezuela,https://www.bcv.org.ve/sites/default/files/cuentas_macroeconomicas/7_1_7_anual.xls,2026-08-01T21:23:57Z
bcv_pib_demanda_anual,Producto interno bruto por componentes de demanda,Componentes del PIB,7_1_7_anual.xls,Escala monetaria vigente desde 2018,Precios corrientes,Nivel,Anual,2006,2006,,Enfoque de la producción,Impuestos y derechos sobre las importaciones exc. IVA,56164.36,Bolívares,,Banco Central de Venezuela,https://www.bcv.org.ve/sites/default/files/cuentas_macroeconomicas/7_1_7_anual.xls,2026-08-01T21:23:57Z
bcv_pib_demanda_anual,Producto interno bruto por componentes de demanda,Componentes del PIB,7_1_7_anual.xls,1997,Precios constantes,Nivel,Anual,2007,2007,,Enfoque de la producción,Impuestos y derechos sobre las importaciones exc. IVA,17996.19,Bolívares,,Banco Central de Venezuela,https://www.bcv.org.ve/sites/default/files/cuentas_macroeconomicas/7_1_7_anual.xls,2026-08-01T21:23:57Z
bcv_pib_demanda_anual,Producto interno bruto por componentes de demanda,Componentes del PIB,7_1_7_anual.xls,Escala monetaria vigente desde 2018,Precios corrientes,Nivel,Anual,2007,2007,,Enfoque de la producción,Impuestos y derechos sobre las importaciones exc. IVA,84921.97,Bolívares,,Banco Central de Venezuela,https://www.bcv.org.ve/sites/default/files/cuentas_macroeconomicas/7_1_7_anual.xls,2026-08-01T21:23:57Z
bcv_pib_demanda_anual,Producto interno bruto por componentes de demanda,Componentes del PIB,7_1_7_anual.xls,1997,Precios constantes,Nivel,Anual,2008,2008,,Enfoque de la producción,Impuestos y derechos sobre las importaciones exc. IVA,18072.54,Bolívares,Preliminar,Banco Central de Venezuela,https://www.bcv.org.ve/sites/default/files/cuentas_macroeconomicas/7_1_7_anual.xls,2026-08-01T21:23:57Z
bcv_pib_demanda_anual,Producto interno bruto por componentes de demanda,Componentes del PIB,7_1_7_anual.xls,Escala monetaria vigente desde 2018,Precios corrientes,Nivel,Anual,2008,2008,,Enfoque de la producción,Impuestos y derechos sobre las importaciones exc. IVA,84037.91,Bolívares,Preliminar,Banco Central de Venezuela,https://www.bcv.org.ve/sites/default/files/cuentas_macroeconomicas/7_1_7_anual.xls,2026-08-01T21:23:57Z
bcv_pib_demanda_anual,Producto interno bruto por componentes de demanda,Componentes del PIB,7_1_7_anual.xls,1997,Precios constantes,Nivel,Anual,2009,2009,,Enfoque de la producción,Impuestos y derechos sobre las importaciones exc. IVA,14755.87,Bolívares,Preliminar,Banco Central de Venezuela,https://www.bcv.org.ve/sites/default/files/cuentas_macroeconomicas/7_1_7_anual.xls,2026-08-01T21:23:57Z
bcv_pib_demanda_anual,Producto interno bruto por componentes de demanda,Componentes del PIB,7_1_7_anual.xls,Escala monetaria vigente desde 2018,Precios corrientes,Nivel,Anual,2009,2009,,Enfoque de la producción,Impuestos y derechos sobre las importaciones exc. IVA,66609.64,Bolívares,Preliminar,Banco Central de Venezuela,https://www.bcv.org.ve/sites/default/files/cuentas_macroeconomicas/7_1_7_anual.xls,2026-08-01T21:23:57Z
bcv_pib_demanda_anual,Producto interno bruto por componentes de demanda,Componentes del PIB,7_1_7_anual.xls,1997,Precios constantes,Nivel,Anual,2010,2010,,Enfoque de la producción,Impuestos y derechos sobre las importaciones exc. IVA,14290.25,Bolívares,Preliminar,Banco Central de Venezuela,https://www.bcv.org.ve/sites/default/files/cuentas_macroeconomicas/7_1_7_anual.xls,2026-08-01T21:23:57Z
bcv_pib_demanda_anual,Producto interno bruto por componentes de demanda,Componentes del PIB,7_1_7_anual.xls,Escala monetaria vigente desde 2018,Precios corrientes,Nivel,Anual,2010,2010,,Enfoque de la producción,Impuestos y derechos sobre las importaciones exc. IVA,91857,Bolívares,Preliminar,Banco Central de Venezuela,https://www.bcv.org.ve/sites/default/files/cuentas_macroeconomicas/7_1_7_anual.xls,2026-08-01T21:23:57Z
bcv_pib_demanda_anual,Producto interno bruto por componentes de demanda,Componentes del PIB,7_1_7_anual.xls,1997,Precios constantes,Nivel,Anual,2011,2011,,Enfoque de la producción,Impuestos y derechos sobre las importaciones exc. IVA,16471.57,Bolívares,Preliminar,Banco Central de Venezuela,https://www.bcv.org.ve/sites/default/files/cuentas_macroeconomicas/7_1_7_anual.xls,2026-08-01T21:23:57Z
bcv_pib_demanda_anual,Producto interno bruto por componentes de demanda,Componentes del PIB,7_1_7_anual.xls,Escala monetaria vigente desde 2018,Precios corrientes,Nivel,Anual,2011,2011,,Enfoque de la producción,Impuestos y derechos sobre las importaciones exc. IVA,156174.88,Bolívares,Preliminar,Banco Central de Venezuela,https://www.bcv.org.ve/sites/default/files/cuentas_macroeconomicas/7_1_7_anual.xls,2026-08-01T21:23:57Z
bcv_pib_demanda_anual,Producto interno bruto por componentes de demanda,Componentes del PIB,7_1_7_anual.xls,1997,Precios constantes,Nivel,Anual,2012,2012,,Enfoque de la producción,Impuestos y derechos sobre las importaciones exc. IVA,20091.5,Bolívares,Preliminar,Banco Central de Venezuela,https://www.bcv.org.ve/sites/default/files/cuentas_macroeconomicas/7_1_7_anual.xls,2026-08-01T21:23:57Z
bcv_pib_demanda_anual,Producto interno bruto por componentes de demanda,Componentes del PIB,7_1_7_anual.xls,Escala monetaria vigente desde 2018,Precios corrientes,Nivel,Anual,2012,2012,,Enfoque de la producción,Impuestos y derechos sobre las importaciones exc. IVA,201698.74,Bolívares,Preliminar,Banco Central de Venezuela,https://www.bcv.org.ve/sites/default/files/cuentas_macroeconomicas/7_1_7_anual.xls,2026-08-01T21:23:57Z
bcv_pib_demanda_anual,Producto interno bruto por componentes de demanda,Componentes del PIB,7_1_7_anual.xls,1997,Precios constantes,Nivel,Anual,2013,2013,,Enfoque de la producción,Impuestos y derechos sobre las importaciones exc. IVA,17032.11,Bolívares,Preliminar,Banco Central de Venezuela,https://www.bcv.org.ve/sites/default/files/cuentas_macroeconomicas/7_1_7_anual.xls,2026-08-01T21:23:57Z
bcv_pib_demanda_anual,Producto interno bruto por componentes de demanda,Componentes del PIB,7_1_7_anual.xls,Escala monetaria vigente desde 2018,Precios corrientes,Nivel,Anual,2013,2013,,Enfoque de la producción,Impuestos y derechos sobre las importaciones exc. IVA,255054.84,Bolívares,Preliminar,Banco Central de Venezuela,https://www.bcv.org.ve/sites/default/files/cuentas_macroeconomicas/7_1_7_anual.xls,2026-08-01T21:23:57Z
bcv_pib_demanda_anual,Producto interno bruto por componentes de demanda,Componentes del PIB,7_1_7_anual.xls,1997,Precios constantes,Nivel,Anual,2014,2014,,Enfoque de la producción,Impuestos y derechos sobre las importaciones exc. IVA,13095.76,Bolívares,Preliminar,Banco Central de Venezuela,https://www.bcv.org.ve/sites/default/files/cuentas_macroeconomicas/7_1_7_anual.xls,2026-08-01T21:23:57Z
bcv_pib_demanda_anual,Producto interno bruto por componentes de demanda,Componentes del PIB,7_1_7_anual.xls,Escala monetaria vigente desde 2018,Precios corrientes,Nivel,Anual,2014,2014,,Enfoque de la producción,Impuestos y derechos sobre las importaciones exc. IVA,485118.13,Bolívares,Preliminar,Banco Central de Venezuela,https://www.bcv.org.ve/sites/default/files/cuentas_macroeconomicas/7_1_7_anual.xls,2026-08-01T21:23:57Z
bcv_pib_demanda_anual,Producto interno bruto por componentes de demanda,Componentes del PIB,7_1_7_anual.xls,1997,Precios constantes,Nivel,Anual,2015,2015,,Enfoque de la producción,Impuestos y derechos sobre las importaciones exc. IVA,10036.76,Bolívares,Preliminar,Banco Central de Venezuela,https://www.bcv.org.ve/sites/default/files/cuentas_macroeconomicas/7_1_7_anual.xls,2026-08-01T21:23:57Z
bcv_pib_demanda_anual,Producto interno bruto por componentes de demanda,Componentes del PIB,7_1_7_anual.xls,Escala monetaria vigente desde 2018,Precios corrientes,Nivel,Anual,2015,2015,,Enfoque de la producción,Impuestos y derechos sobre las importaciones exc. IVA,1016364.66,Bolívares,Preliminar,Banco Central de Venezuela,https://www.bcv.org.ve/sites/default/files/cuentas_macroeconomicas/7_1_7_anual.xls,2026-08-01T21:23:57Z
bcv_pib_demanda_anual,Producto interno bruto por componentes de demanda,Componentes del PIB,7_1_7_anual.xls,1997,Precios constantes,Nivel,Anual,2016,2016,,Enfoque de la producción,Impuestos y derechos sobre las importaciones exc. IVA,4202.21,Bolívares,Preliminar,Banco Central de Venezuela,https://www.bcv.org.ve/sites/default/files/cuentas_macroeconomicas/7_1_7_anual.xls,2026-08-01T21:23:57Z
bcv_pib_demanda_anual,Producto interno bruto por componentes de demanda,Componentes del PIB,7_1_7_anual.xls,Escala monetaria vigente desde 2018,Precios corrientes,Nivel,Anual,2016,2016,,Enfoque de la producción,Impuestos y derechos sobre las importaciones exc. IVA,2320374.67,Bolívares,Preliminar,Banco Central de Venezuela,https://www.bcv.org.ve/sites/default/files/cuentas_macroeconomicas/7_1_7_anual.xls,2026-08-01T21:23:57Z
bcv_pib_demanda_anual,Producto interno bruto por componentes de demanda,Componentes del PIB,7_1_7_anual.xls,1997,Precios constantes,Nivel,Anual,2017,2017,,Enfoque de la producción,Impuestos y derechos sobre las importaciones exc. IVA,2409.61,Bolívares,Preliminar,Banco Central de Venezuela,https://www.bcv.org.ve/sites/default/files/cuentas_macroeconomicas/7_1_7_anual.xls,2026-08-01T21:23:57Z
bcv_pib_demanda_anual,Producto interno bruto por componentes de demanda,Componentes del PIB,7_1_7_anual.xls,Escala monetaria vigente desde 2018,Precios corrientes,Nivel,Anual,2017,2017,,Enfoque de la producción,Impuestos y derechos sobre las importaciones exc. IVA,6209426.26,Bolívares,Preliminar,Banco Central de Venezuela,https://www.bcv.org.ve/sites/default/files/cuentas_macroeconomicas/7_1_7_anual.xls,2026-08-01T21:23:57Z
bcv_pib_demanda_anual,Producto interno bruto por componentes de demanda,Componentes del PIB,7_1_7_anual.xls,Escala monetaria vigente desde 2018,Precios corrientes,Nivel,Anual,1997,1997,,Enfoque del ingreso,"Ingreso mixto, bruto",51158.66,Bolívares,,Banco Central de Venezuela,https://www.bcv.org.ve/sites/default/files/cuentas_macroeconomicas/7_1_7_anual.xls,2026-08-01T21:23:57Z
bcv_pib_demanda_anual,Producto interno bruto por componentes de demanda,Componentes del PIB,7_1_7_anual.xls,Escala monetaria vigente desde 2018,Precios corrientes,Nivel,Anual,1998,1998,,Enfoque del ingreso,"Ingreso mixto, bruto",74663.16,Bolívares,,Banco Central de Venezuela,https://www.bcv.org.ve/sites/default/files/cuentas_macroeconomicas/7_1_7_anual.xls,2026-08-01T21:23:57Z
bcv_pib_demanda_anual,Producto interno bruto por componentes de demanda,Componentes del PIB,7_1_7_anual.xls,Escala monetaria vigente desde 2018,Precios corrientes,Nivel,Anual,1999,1999,,Enfoque del ingreso,"Ingreso mixto, bruto",86390.1,Bolívares,,Banco Central de Venezuela,https://www.bcv.org.ve/sites/default/files/cuentas_macroeconomicas/7_1_7_anual.xls,2026-08-01T21:23:57Z
bcv_pib_demanda_anual,Producto interno bruto por componentes de demanda,Componentes del PIB,7_1_7_anual.xls,Escala monetaria vigente desde 2018,Precios corrientes,Nivel,Anual,2000,2000,,Enfoque del ingreso,"Ingreso mixto, bruto",106828.01,Bolívares,,Banco Central de Venezuela,https://www.bcv.org.ve/sites/default/files/cuentas_macroeconomicas/7_1_7_anual.xls,2026-08-01T21:23:57Z
bcv_pib_demanda_anual,Producto interno bruto por componentes de demanda,Componentes del PIB,7_1_7_anual.xls,Escala monetaria vigente desde 2018,Precios corrientes,Nivel,Anual,2001,2001,,Enfoque del ingreso,"Ingreso mixto, bruto",126446.62,Bolívares,,Banco Central de Venezuela,https://www.bcv.org.ve/sites/default/files/cuentas_macroeconomicas/7_1_7_anual.xls,2026-08-01T21:23:57Z
bcv_pib_demanda_anual,Producto interno bruto por componentes de demanda,Componentes del PIB,7_1_7_anual.xls,Escala monetaria vigente desde 2018,Precios corrientes,Nivel,Anual,2002,2002,,Enfoque del ingreso,"Ingreso mixto, bruto",149488.56,Bolívares,,Banco Central de Venezuela,https://www.bcv.org.ve/sites/default/files/cuentas_macroeconomicas/7_1_7_anual.xls,2026-08-01T21:23:57Z
bcv_pib_demanda_anual,Producto interno bruto por componentes de demanda,Componentes del PIB,7_1_7_anual.xls,Escala monetaria vigente desde 2018,Precios corrientes,Nivel,Anual,2003,2003,,Enfoque del ingreso,"Ingreso mixto, bruto",178438.91,Bolívares,,Banco Central de Venezuela,https://www.bcv.org.ve/sites/default/files/cuentas_macroeconomicas/7_1_7_anual.xls,2026-08-01T21:23:57Z
bcv_pib_demanda_anual,Producto interno bruto por componentes de demanda,Componentes del PIB,7_1_7_anual.xls,Escala monetaria vigente desde 2018,Precios corrientes,Nivel,Anual,2004,2004,,Enfoque del ingreso,"Ingreso mixto, bruto",262942.66,Bolívares,,Banco Central de Venezuela,https://www.bcv.org.ve/sites/default/files/cuentas_macroeconomicas/7_1_7_anual.xls,2026-08-01T21:23:57Z
bcv_pib_demanda_anual,Producto interno bruto por componentes de demanda,Componentes del PIB,7_1_7_anual.xls,Escala monetaria vigente desde 2018,Precios corrientes,Nivel,Anual,2005,2005,,Enfoque del ingreso,"Ingreso mixto, bruto",346773.57,Bolívares,,Banco Central de Venezuela,https://www.bcv.org.ve/sites/default/files/cuentas_macroeconomicas/7_1_7_anual.xls,2026-08-01T21:23:57Z
bcv_pib_demanda_anual,Producto interno bruto por componentes de demanda,Componentes del PIB,7_1_7_anual.xls,Escala monetaria vigente desde 2018,Precios corrientes,Nivel,Anual,2006,2006,,Enfoque del ingreso,"Ingreso mixto, bruto",441580.39,Bolívares,,Banco Central de Venezuela,https://www.bcv.org.ve/sites/default/files/cuentas_macroeconomicas/7_1_7_anual.xls,2026-08-01T21:23:57Z
bcv_pib_demanda_anual,Producto interno bruto por componentes de demanda,Componentes del PIB,7_1_7_anual.xls,Escala monetaria vigente desde 2018,Precios corrientes,Nivel,Anual,2007,2007,,Enfoque del ingreso,"Ingreso mixto, bruto",601346.18,Bolívares,,Banco Central de Venezuela,https://www.bcv.org.ve/sites/default/files/cuentas_macroeconomicas/7_1_7_anual.xls,2026-08-01T21:23:57Z
bcv_pib_demanda_anual,Producto interno bruto por componentes de demanda,Componentes del PIB,7_1_7_anual.xls,Escala monetaria vigente desde 2018,Precios corrientes,Nivel,Anual,2008,2008,,Enfoque del ingreso,"Ingreso mixto, bruto",781392.4,Bolívares,Preliminar,Banco Central de Venezuela,https://www.bcv.org.ve/sites/default/files/cuentas_macroeconomicas/7_1_7_anual.xls,2026-08-01T21:23:57Z
bcv_pib_demanda_anual,Producto interno bruto por componentes de demanda,Componentes del PIB,7_1_7_anual.xls,Escala monetaria vigente desde 2018,Precios corrientes,Nivel,Anual,2009,2009,,Enfoque del ingreso,"Ingreso mixto, bruto",963731.14,Bolívares,Preliminar,Banco Central de Venezuela,https://www.bcv.org.ve/sites/default/files/cuentas_macroeconomicas/7_1_7_anual.xls,2026-08-01T21:23:57Z
bcv_pib_demanda_anual,Producto interno bruto por componentes de demanda,Componentes del PIB,7_1_7_anual.xls,Escala monetaria vigente desde 2018,Precios corrientes,Nivel,Anual,2010,2010,,Enfoque del ingreso,"Ingreso mixto, bruto",1277112.1,Bolívares,Preliminar,Banco Central de Venezuela,https://www.bcv.org.ve/sites/default/files/cuentas_macroeconomicas/7_1_7_anual.xls,2026-08-01T21:23:57Z
bcv_pib_demanda_anual,Producto interno bruto por componentes de demanda,Componentes del PIB,7_1_7_anual.xls,Escala monetaria vigente desde 2018,Precios corrientes,Nivel,Anual,2011,2011,,Enfoque del ingreso,"Ingreso mixto, bruto",1535435.45,Bolívares,Preliminar,Banco Central de Venezuela,https://www.bcv.org.ve/sites/default/files/cuentas_macroeconomicas/7_1_7_anual.xls,2026-08-01T21:23:57Z
bcv_pib_demanda_anual,Producto interno bruto por componentes de demanda,Componentes del PIB,7_1_7_anual.xls,Escala monetaria vigente desde 2018,Precios corrientes,Nivel,Anual,2012,2012,,Enfoque del ingreso,"Ingreso mixto, bruto",1938481.57,Bolívares,Preliminar,Banco Central de Venezuela,https://www.bcv.org.ve/sites/default/files/cuentas_macroeconomicas/7_1_7_anual.xls,2026-08-01T21:23:57Z
bcv_pib_demanda_anual,Producto interno bruto por componentes de demanda,Componentes del PIB,7_1_7_anual.xls,Escala monetaria vigente desde 2018,Precios corrientes,Nivel,Anual,2013,2013,,Enfoque del ingreso,"Ingreso mixto, bruto",2614212.24,Bolívares,Preliminar,Banco Central de Venezuela,https://www.bcv.org.ve/sites/default/files/cuentas_macroeconomicas/7_1_7_anual.xls,2026-08-01T21:23:57Z
bcv_pib_demanda_anual,Producto interno bruto por componentes de demanda,Componentes del PIB,7_1_7_anual.xls,Escala monetaria vigente desde 2018,Precios corrientes,Nivel,Anual,2014,2014,,Enfoque del ingreso,"Ingreso mixto, bruto",4405776.07,Bolívares,Preliminar,Banco Central de Venezuela,https://www.bcv.org.ve/sites/default/files/cuentas_macroeconomicas/7_1_7_anual.xls,2026-08-01T21:23:57Z
bcv_pib_demanda_anual,Producto interno bruto por componentes de demanda,Componentes del PIB,7_1_7_anual.xls,Escala monetaria vigente desde 2018,Precios corrientes,Nivel,Anual,2015,2015,,Enfoque del ingreso,"Ingreso mixto, bruto",7880078.43,Bolívares,Preliminar,Banco Central de Venezuela,https://www.bcv.org.ve/sites/default/files/cuentas_macroeconomicas/7_1_7_anual.xls,2026-08-01T21:23:57Z
bcv_pib_demanda_anual,Producto interno bruto por componentes de demanda,Componentes del PIB,7_1_7_anual.xls,Escala monetaria vigente desde 2018,Precios corrientes,Nivel,Anual,2016,2016,,Enfoque del ingreso,"Ingreso mixto, bruto",40974469.68,Bolívares,Preliminar,Banco Central de Venezuela,https://www.bcv.org.ve/sites/default/files/cuentas_macroeconomicas/7_1_7_anual.xls,2026-08-01T21:23:57Z
bcv_pib_demanda_anual,Producto interno bruto por componentes de demanda,Componentes del PIB,7_1_7_anual.xls,Escala monetaria vigente desde 2018,Precios corrientes,Nivel,Anual,2017,2017,,Enfoque del ingreso,"Ingreso mixto, bruto",351423663.82,Bolívares,Preliminar,Banco Central de Venezuela,https://www.bcv.org.ve/sites/default/files/cuentas_macroeconomicas/7_1_7_anual.xls,2026-08-01T21:23:57Z
bcv_pib_demanda_anual,Producto interno bruto por componentes de demanda,Componentes del PIB,7_1_7_anual.xls,1997,Precios constantes,Nivel,Anual,1997,1997,,Enfoque de la demanda,Menos: Importaciones de bienes y servicios,92216.32,Bolívares,,Banco Central de Venezuela,https://www.bcv.org.ve/sites/default/files/cuentas_macroeconomicas/7_1_7_anual.xls,2026-08-01T21:23:57Z
bcv_pib_demanda_anual,Producto interno bruto por componentes de demanda,Componentes del PIB,7_1_7_anual.xls,Escala monetaria vigente desde 2018,Precios corrientes,Nivel,Anual,1997,1997,,Enfoque de la demanda,Menos: Importaciones de bienes y servicios,92216.32,Bolívares,,Banco Central de Venezuela,https://www.bcv.org.ve/sites/default/files/cuentas_macroeconomicas/7_1_7_anual.xls,2026-08-01T21:23:57Z
bcv_pib_demanda_anual,Producto interno bruto por componentes de demanda,Componentes del PIB,7_1_7_anual.xls,1997,Precios constantes,Nivel,Anual,1998,1998,,Enfoque de la demanda,Menos: Importaciones de bienes y servicios,102610.96,Bolívares,,Banco Central de Venezuela,https://www.bcv.org.ve/sites/default/files/cuentas_macroeconomicas/7_1_7_anual.xls,2026-08-01T21:23:57Z
bcv_pib_demanda_anual,Producto interno bruto por componentes de demanda,Componentes del PIB,7_1_7_anual.xls,Escala monetaria vigente desde 2018,Precios corrientes,Nivel,Anual,1998,1998,,Enfoque de la demanda,Menos: Importaciones de bienes y servicios,113423.94,Bolívares,,Banco Central de Venezuela,https://www.bcv.org.ve/sites/default/files/cuentas_macroeconomicas/7_1_7_anual.xls,2026-08-01T21:23:57Z
bcv_pib_demanda_anual,Producto interno bruto por componentes de demanda,Componentes del PIB,7_1_7_anual.xls,1997,Precios constantes,Nivel,Anual,1999,1999,,Enfoque de la demanda,Menos: Importaciones de bienes y servicios,93036.43,Bolívares,,Banco Central de Venezuela,https://www.bcv.org.ve/sites/default/files/cuentas_macroeconomicas/7_1_7_anual.xls,2026-08-01T21:23:57Z
bcv_pib_demanda_anual,Producto interno bruto por componentes de demanda,Componentes del PIB,7_1_7_anual.xls,Escala monetaria vigente desde 2018,Precios corrientes,Nivel,Anual,1999,1999,,Enfoque de la demanda,Menos: Importaciones de bienes y servicios,113695.48,Bolívares,,Banco Central de Venezuela,https://www.bcv.org.ve/sites/default/files/cuentas_macroeconomicas/7_1_7_anual.xls,2026-08-01T21:23:57Z
bcv_pib_demanda_anual,Producto interno bruto por componentes de demanda,Componentes del PIB,7_1_7_anual.xls,1997,Precios constantes,Nivel,Anual,2000,2000,,Enfoque de la demanda,Menos: Importaciones de bienes y servicios,104572.34,Bolívares,,Banco Central de Venezuela,https://www.bcv.org.ve/sites/default/files/cuentas_macroeconomicas/7_1_7_anual.xls,2026-08-01T21:23:57Z
bcv_pib_demanda_anual,Producto interno bruto por componentes de demanda,Componentes del PIB,7_1_7_anual.xls,Escala monetaria vigente desde 2018,Precios corrientes,Nivel,Anual,2000,2000,,Enfoque de la demanda,Menos: Importaciones de bienes y servicios,144280.37,Bolívares,,Banco Central de Venezuela,https://www.bcv.org.ve/sites/default/files/cuentas_macroeconomicas/7_1_7_anual.xls,2026-08-01T21:23:57Z
bcv_pib_demanda_anual,Producto interno bruto por componentes de demanda,Componentes del PIB,7_1_7_anual.xls,1997,Precios constantes,Nivel,Anual,2001,2001,,Enfoque de la demanda,Menos: Importaciones de bienes y servicios,119325.04,Bolívares,,Banco Central de Venezuela,https://www.bcv.org.ve/sites/default/files/cuentas_macroeconomicas/7_1_7_anual.xls,2026-08-01T21:23:57Z
bcv_pib_demanda_anual,Producto interno bruto por componentes de demanda,Componentes del PIB,7_1_7_anual.xls,Escala monetaria vigente desde 2018,Precios corrientes,Nivel,Anual,2001,2001,,Enfoque de la demanda,Menos: Importaciones de bienes y servicios,172604.59,Bolívares,,Banco Central de Venezuela,https://www.bcv.org.ve/sites/default/files/cuentas_macroeconomicas/7_1_7_anual.xls,2026-08-01T21:23:57Z
bcv_pib_demanda_anual,Producto interno bruto por componentes de demanda,Componentes del PIB,7_1_7_anual.xls,1997,Precios constantes,Nivel,Anual,2002,2002,,Enfoque de la demanda,Menos: Importaciones de bienes y servicios,89235.37,Bolívares,,Banco Central de Venezuela,https://www.bcv.org.ve/sites/default/files/cuentas_macroeconomicas/7_1_7_anual.xls,2026-08-01T21:23:57Z
bcv_pib_demanda_anual,Producto interno bruto por componentes de demanda,Componentes del PIB,7_1_7_anual.xls,Escala monetaria vigente desde 2018,Precios corrientes,Nivel,Anual,2002,2002,,Enfoque de la demanda,Menos: Importaciones de bienes y servicios,195645.14,Bolívares,,Banco Central de Venezuela,https://www.bcv.org.ve/sites/default/files/cuentas_macroeconomicas/7_1_7_anual.xls,2026-08-01T21:23:57Z
bcv_pib_demanda_anual,Producto interno bruto por componentes de demanda,Componentes del PIB,7_1_7_anual.xls,1997,Precios constantes,Nivel,Anual,2003,2003,,Enfoque de la demanda,Menos: Importaciones de bienes y servicios,70599.53,Bolívares,,Banco Central de Venezuela,https://www.bcv.org.ve/sites/default/files/cuentas_macroeconomicas/7_1_7_anual.xls,2026-08-01T21:23:57Z
bcv_pib_demanda_anual,Producto interno bruto por componentes de demanda,Componentes del PIB,7_1_7_anual.xls,Escala monetaria vigente desde 2018,Precios corrientes,Nivel,Anual,2003,2003,,Enfoque de la demanda,Menos: Importaciones de bienes y servicios,224477.5,Bolívares,,Banco Central de Venezuela,https://www.bcv.org.ve/sites/default/files/cuentas_macroeconomicas/7_1_7_anual.xls,2026-08-01T21:23:57Z
bcv_pib_demanda_anual,Producto interno bruto por componentes de demanda,Componentes del PIB,7_1_7_anual.xls,1997,Precios constantes,Nivel,Anual,2004,2004,,Enfoque de la demanda,Menos: Importaciones de bienes y servicios,111312.1,Bolívares,,Banco Central de Venezuela,https://www.bcv.org.ve/sites/default/files/cuentas_macroeconomicas/7_1_7_anual.xls,2026-08-01T21:23:57Z
bcv_pib_demanda_anual,Producto interno bruto por componentes de demanda,Componentes del PIB,7_1_7_anual.xls,Escala monetaria vigente desde 2018,Precios corrientes,Nivel,Anual,2004,2004,,Enfoque de la demanda,Menos: Importaciones de bienes y servicios,407694.37,Bolívares,,Banco Central de Venezuela,https://www.bcv.org.ve/sites/default/files/cuentas_macroeconomicas/7_1_7_anual.xls,2026-08-01T21:23:57Z
bcv_pib_demanda_anual,Producto interno bruto por componentes de demanda,Componentes del PIB,7_1_7_anual.xls,1997,Precios constantes,Nivel,Anual,2005,2005,,Enfoque de la demanda,Menos: Importaciones de bienes y servicios,150448.91,Bolívares,,Banco Central de Venezuela,https://www.bcv.org.ve/sites/default/files/cuentas_macroeconomicas/7_1_7_anual.xls,2026-08-01T21:23:57Z
bcv_pib_demanda_anual,Producto interno bruto por componentes de demanda,Componentes del PIB,7_1_7_anual.xls,Escala monetaria vigente desde 2018,Precios corrientes,Nivel,Anual,2005,2005,,Enfoque de la demanda,Menos: Importaciones de bienes y servicios,622425.48,Bolívares,,Banco Central de Venezuela,https://www.bcv.org.ve/sites/default/files/cuentas_macroeconomicas/7_1_7_anual.xls,2026-08-01T21:23:57Z
bcv_pib_demanda_anual,Producto interno bruto por componentes de demanda,Componentes del PIB,7_1_7_anual.xls,1997,Precios constantes,Nivel,Anual,2006,2006,,Enfoque de la demanda,Menos: Importaciones de bienes y servicios,202733.21,Bolívares,,Banco Central de Venezuela,https://www.bcv.org.ve/sites/default/files/cuentas_macroeconomicas/7_1_7_anual.xls,2026-08-01T21:23:57Z
bcv_pib_demanda_anual,Producto interno bruto por componentes de demanda,Componentes del PIB,7_1_7_anual.xls,Escala monetaria vigente desde 2018,Precios corrientes,Nivel,Anual,2006,2006,,Enfoque de la demanda,Menos: Importaciones de bienes y servicios,872427.26,Bolívares,,Banco Central de Venezuela,https://www.bcv.org.ve/sites/default/files/cuentas_macroeconomicas/7_1_7_anual.xls,2026-08-01T21:23:57Z
bcv_pib_demanda_anual,Producto interno bruto por componentes de demanda,Componentes del PIB,7_1_7_anual.xls,1997,Precios constantes,Nivel,Anual,2007,2007,,Enfoque de la demanda,Menos: Importaciones de bienes y servicios,269647.86,Bolívares,,Banco Central de Venezuela,https://www.bcv.org.ve/sites/default/files/cuentas_macroeconomicas/7_1_7_anual.xls,2026-08-01T21:23:57Z
bcv_pib_demanda_anual,Producto interno bruto por componentes de demanda,Componentes del PIB,7_1_7_anual.xls,Escala monetaria vigente desde 2018,Precios corrientes,Nivel,Anual,2007,2007,,Enfoque de la demanda,Menos: Importaciones de bienes y servicios,1239869.59,Bolívares,,Banco Central de Venezuela,https://www.bcv.org.ve/sites/default/files/cuentas_macroeconomicas/7_1_7_anual.xls,2026-08-01T21:23:57Z
bcv_pib_demanda_anual,Producto interno bruto por componentes de demanda,Componentes del PIB,7_1_7_anual.xls,1997,Precios constantes,Nivel,Anual,2008,2008,,Enfoque de la demanda,Menos: Importaciones de bienes y servicios,273319.94,Bolívares,Preliminar,Banco Central de Venezuela,https://www.bcv.org.ve/sites/default/files/cuentas_macroeconomicas/7_1_7_anual.xls,2026-08-01T21:23:57Z
bcv_pib_demanda_anual,Producto interno bruto por componentes de demanda,Componentes del PIB,7_1_7_anual.xls,Escala monetaria vigente desde 2018,Precios corrientes,Nivel,Anual,2008,2008,,Enfoque de la demanda,Menos: Importaciones de bienes y servicios,1423444.22,Bolívares,Preliminar,Banco Central de Venezuela,https://www.bcv.org.ve/sites/default/files/cuentas_macroeconomicas/7_1_7_anual.xls,2026-08-01T21:23:57Z
bcv_pib_demanda_anual,Producto interno bruto por componentes de demanda,Componentes del PIB,7_1_7_anual.xls,1997,Precios constantes,Nivel,Anual,2009,2009,,Enfoque de la demanda,Menos: Importaciones de bienes y servicios,219865.81,Bolívares,Preliminar,Banco Central de Venezuela,https://www.bcv.org.ve/sites/default/files/cuentas_macroeconomicas/7_1_7_anual.xls,2026-08-01T21:23:57Z
bcv_pib_demanda_anual,Producto interno bruto por componentes de demanda,Componentes del PIB,7_1_7_anual.xls,Escala monetaria vigente desde 2018,Precios corrientes,Nivel,Anual,2009,2009,,Enfoque de la demanda,Menos: Importaciones de bienes y servicios,1446310.24,Bolívares,Preliminar,Banco Central de Venezuela,https://www.bcv.org.ve/sites/default/files/cuentas_macroeconomicas/7_1_7_anual.xls,2026-08-01T21:23:57Z
bcv_pib_demanda_anual,Producto interno bruto por componentes de demanda,Componentes del PIB,7_1_7_anual.xls,1997,Precios constantes,Nivel,Anual,2010,2010,,Enfoque de la demanda,Menos: Importaciones de bienes y servicios,213509.88,Bolívares,Preliminar,Banco Central de Venezuela,https://www.bcv.org.ve/sites/default/files/cuentas_macroeconomicas/7_1_7_anual.xls,2026-08-01T21:23:57Z
bcv_pib_demanda_anual,Producto interno bruto por componentes de demanda,Componentes del PIB,7_1_7_anual.xls,Escala monetaria vigente desde 2018,Precios corrientes,Nivel,Anual,2010,2010,,Enfoque de la demanda,Menos: Importaciones de bienes y servicios,1790288.73,Bolívares,Preliminar,Banco Central de Venezuela,https://www.bcv.org.ve/sites/default/files/cuentas_macroeconomicas/7_1_7_anual.xls,2026-08-01T21:23:57Z
bcv_pib_demanda_anual,Producto interno bruto por componentes de demanda,Componentes del PIB,7_1_7_anual.xls,1997,Precios constantes,Nivel,Anual,2011,2011,,Enfoque de la demanda,Menos: Importaciones de bienes y servicios,246376.22,Bolívares,Preliminar,Banco Central de Venezuela,https://www.bcv.org.ve/sites/default/files/cuentas_macroeconomicas/7_1_7_anual.xls,2026-08-01T21:23:57Z
bcv_pib_demanda_anual,Producto interno bruto por componentes de demanda,Componentes del PIB,7_1_7_anual.xls,Escala monetaria vigente desde 2018,Precios corrientes,Nivel,Anual,2011,2011,,Enfoque de la demanda,Menos: Importaciones de bienes y servicios,2673585.29,Bolívares,Preliminar,Banco Central de Venezuela,https://www.bcv.org.ve/sites/default/files/cuentas_macroeconomicas/7_1_7_anual.xls,2026-08-01T21:23:57Z
bcv_pib_demanda_anual,Producto interno bruto por componentes de demanda,Componentes del PIB,7_1_7_anual.xls,1997,Precios constantes,Nivel,Anual,2012,2012,,Enfoque de la demanda,Menos: Importaciones de bienes y servicios,306481.06,Bolívares,Preliminar,Banco Central de Venezuela,https://www.bcv.org.ve/sites/default/files/cuentas_macroeconomicas/7_1_7_anual.xls,2026-08-01T21:23:57Z
bcv_pib_demanda_anual,Producto interno bruto por componentes de demanda,Componentes del PIB,7_1_7_anual.xls,Escala monetaria vigente desde 2018,Precios corrientes,Nivel,Anual,2012,2012,,Enfoque de la demanda,Menos: Importaciones de bienes y servicios,3963115.47,Bolívares,Preliminar,Banco Central de Venezuela,https://www.bcv.org.ve/sites/default/files/cuentas_macroeconomicas/7_1_7_anual.xls,2026-08-01T21:23:57Z
bcv_pib_demanda_anual,Producto interno bruto por componentes de demanda,Componentes del PIB,7_1_7_anual.xls,1997,Precios constantes,Nivel,Anual,2013,2013,,Enfoque de la demanda,Menos: Importaciones de bienes y servicios,276791.28,Bolívares,Preliminar,Banco Central de Venezuela,https://www.bcv.org.ve/sites/default/files/cuentas_macroeconomicas/7_1_7_anual.xls,2026-08-01T21:23:57Z
bcv_pib_demanda_anual,Producto interno bruto por componentes de demanda,Componentes del PIB,7_1_7_anual.xls,Escala monetaria vigente desde 2018,Precios corrientes,Nivel,Anual,2013,2013,,Enfoque de la demanda,Menos: Importaciones de bienes y servicios,6628110.55,Bolívares,Preliminar,Banco Central de Venezuela,https://www.bcv.org.ve/sites/default/files/cuentas_macroeconomicas/7_1_7_anual.xls,2026-08-01T21:23:57Z
bcv_pib_demanda_anual,Producto interno bruto por componentes de demanda,Componentes del PIB,7_1_7_anual.xls,1997,Precios constantes,Nivel,Anual,2014,2014,,Enfoque de la demanda,Menos: Importaciones de bienes y servicios,225496.01,Bolívares,Preliminar,Banco Central de Venezuela,https://www.bcv.org.ve/sites/default/files/cuentas_macroeconomicas/7_1_7_anual.xls,2026-08-01T21:23:57Z
bcv_pib_demanda_anual,Producto interno bruto por componentes de demanda,Componentes del PIB,7_1_7_anual.xls,Escala monetaria vigente desde 2018,Precios corrientes,Nivel,Anual,2014,2014,,Enfoque de la demanda,Menos: Importaciones de bienes y servicios,9517187.67,Bolívares,Preliminar,Banco Central de Venezuela,https://www.bcv.org.ve/sites/default/files/cuentas_macroeconomicas/7_1_7_anual.xls,2026-08-01T21:23:57Z
bcv_pib_demanda_anual,Producto interno bruto por componentes de demanda,Componentes del PIB,7_1_7_anual.xls,1997,Precios constantes,Nivel,Anual,2015,2015,,Enfoque de la demanda,Menos: Importaciones de bienes y servicios,173401.63,Bolívares,Preliminar,Banco Central de Venezuela,https://www.bcv.org.ve/sites/default/files/cuentas_macroeconomicas/7_1_7_anual.xls,2026-08-01T21:23:57Z
bcv_pib_demanda_anual,Producto interno bruto por componentes de demanda,Componentes del PIB,7_1_7_anual.xls,Escala monetaria vigente desde 2018,Precios corrientes,Nivel,Anual,2015,2015,,Enfoque de la demanda,Menos: Importaciones de bienes y servicios,50634929.44,Bolívares,Preliminar,Banco Central de Venezuela,https://www.bcv.org.ve/sites/default/files/cuentas_macroeconomicas/7_1_7_anual.xls,2026-08-01T21:23:57Z
bcv_pib_demanda_anual,Producto interno bruto por componentes de demanda,Componentes del PIB,7_1_7_anual.xls,1997,Precios constantes,Nivel,Anual,2016,2016,,Enfoque de la demanda,Menos: Importaciones de bienes y servicios,86594.67,Bolívares,Preliminar,Banco Central de Venezuela,https://www.bcv.org.ve/sites/default/files/cuentas_macroeconomicas/7_1_7_anual.xls,2026-08-01T21:23:57Z
bcv_pib_demanda_anual,Producto interno bruto por componentes de demanda,Componentes del PIB,7_1_7_anual.xls,Escala monetaria vigente desde 2018,Precios corrientes,Nivel,Anual,2016,2016,,Enfoque de la demanda,Menos: Importaciones de bienes y servicios,76659670.45,Bolívares,Preliminar,Banco Central de Venezuela,https://www.bcv.org.ve/sites/default/files/cuentas_macroeconomicas/7_1_7_anual.xls,2026-08-01T21:23:57Z
bcv_pib_demanda_anual,Producto interno bruto por componentes de demanda,Componentes del PIB,7_1_7_anual.xls,1997,Precios constantes,Nivel,Anual,2017,2017,,Enfoque de la demanda,Menos: Importaciones de bienes y servicios,56588.8,Bolívares,Preliminar,Banco Central de Venezuela,https://www.bcv.org.ve/sites/default/files/cuentas_macroeconomicas/7_1_7_anual.xls,2026-08-01T21:23:57Z
bcv_pib_demanda_anual,Producto interno bruto por componentes de demanda,Componentes del PIB,7_1_7_anual.xls,Escala monetaria vigente desde 2018,Precios corrientes,Nivel,Anual,2017,2017,,Enfoque de la demanda,Menos: Importaciones de bienes y servicios,731905672.37,Bolívares,Preliminar,Banco Central de Venezuela,https://www.bcv.org.ve/sites/default/files/cuentas_macroeconomicas/7_1_7_anual.xls,2026-08-01T21:23:57Z
bcv_pib_demanda_anual,Producto interno bruto por componentes de demanda,Componentes del PIB,7_1_7_anual.xls,Escala monetaria vigente desde 2018,Precios corrientes,Nivel,Anual,1997,1997,,Enfoque del ingreso,Menos: Subvenciones,2553.41,Bolívares,,Banco Central de Venezuela,https://www.bcv.org.ve/sites/default/files/cuentas_macroeconomicas/7_1_7_anual.xls,2026-08-01T21:23:57Z
bcv_pib_demanda_anual,Producto interno bruto por componentes de demanda,Componentes del PIB,7_1_7_anual.xls,Escala monetaria vigente desde 2018,Precios corrientes,Nivel,Anual,1998,1998,,Enfoque del ingreso,Menos: Subvenciones,2160.41,Bolívares,,Banco Central de Venezuela,https://www.bcv.org.ve/sites/default/files/cuentas_macroeconomicas/7_1_7_anual.xls,2026-08-01T21:23:57Z
bcv_pib_demanda_anual,Producto interno bruto por componentes de demanda,Componentes del PIB,7_1_7_anual.xls,Escala monetaria vigente desde 2018,Precios corrientes,Nivel,Anual,1999,1999,,Enfoque del ingreso,Menos: Subvenciones,1858.73,Bolívares,,Banco Central de Venezuela,https://www.bcv.org.ve/sites/default/files/cuentas_macroeconomicas/7_1_7_anual.xls,2026-08-01T21:23:57Z
bcv_pib_demanda_anual,Producto interno bruto por componentes de demanda,Componentes del PIB,7_1_7_anual.xls,Escala monetaria vigente desde 2018,Precios corrientes,Nivel,Anual,2000,2000,,Enfoque del ingreso,Menos: Subvenciones,2510.6800000000003,Bolívares,,Banco Central de Venezuela,https://www.bcv.org.ve/sites/default/files/cuentas_macroeconomicas/7_1_7_anual.xls,2026-08-01T21:23:57Z
bcv_pib_demanda_anual,Producto interno bruto por componentes de demanda,Componentes del PIB,7_1_7_anual.xls,Escala monetaria vigente desde 2018,Precios corrientes,Nivel,Anual,2001,2001,,Enfoque del ingreso,Menos: Subvenciones,2892.93,Bolívares,,Banco Central de Venezuela,https://www.bcv.org.ve/sites/default/files/cuentas_macroeconomicas/7_1_7_anual.xls,2026-08-01T21:23:57Z
bcv_pib_demanda_anual,Producto interno bruto por componentes de demanda,Componentes del PIB,7_1_7_anual.xls,Escala monetaria vigente desde 2018,Precios corrientes,Nivel,Anual,2002,2002,,Enfoque del ingreso,Menos: Subvenciones,4217.75,Bolívares,,Banco Central de Venezuela,https://www.bcv.org.ve/sites/default/files/cuentas_macroeconomicas/7_1_7_anual.xls,2026-08-01T21:23:57Z
bcv_pib_demanda_anual,Producto interno bruto por componentes de demanda,Componentes del PIB,7_1_7_anual.xls,Escala monetaria vigente desde 2018,Precios corrientes,Nivel,Anual,2003,2003,,Enfoque del ingreso,Menos: Subvenciones,19359.41,Bolívares,,Banco Central de Venezuela,https://www.bcv.org.ve/sites/default/files/cuentas_macroeconomicas/7_1_7_anual.xls,2026-08-01T21:23:57Z
bcv_pib_demanda_anual,Producto interno bruto por componentes de demanda,Componentes del PIB,7_1_7_anual.xls,Escala monetaria vigente desde 2018,Precios corrientes,Nivel,Anual,2004,2004,,Enfoque del ingreso,Menos: Subvenciones,9742.76,Bolívares,,Banco Central de Venezuela,https://www.bcv.org.ve/sites/default/files/cuentas_macroeconomicas/7_1_7_anual.xls,2026-08-01T21:23:57Z
bcv_pib_demanda_anual,Producto interno bruto por componentes de demanda,Componentes del PIB,7_1_7_anual.xls,Escala monetaria vigente desde 2018,Precios corrientes,Nivel,Anual,2005,2005,,Enfoque del ingreso,Menos: Subvenciones,16648.18,Bolívares,,Banco Central de Venezuela,https://www.bcv.org.ve/sites/default/files/cuentas_macroeconomicas/7_1_7_anual.xls,2026-08-01T21:23:57Z
bcv_pib_demanda_anual,Producto interno bruto por componentes de demanda,Componentes del PIB,7_1_7_anual.xls,Escala monetaria vigente desde 2018,Precios corrientes,Nivel,Anual,2006,2006,,Enfoque del ingreso,Menos: Subvenciones,25463.78,Bolívares,,Banco Central de Venezuela,https://www.bcv.org.ve/sites/default/files/cuentas_macroeconomicas/7_1_7_anual.xls,2026-08-01T21:23:57Z
bcv_pib_demanda_anual,Producto interno bruto por componentes de demanda,Componentes del PIB,7_1_7_anual.xls,Escala monetaria vigente desde 2018,Precios corrientes,Nivel,Anual,2007,2007,,Enfoque del ingreso,Menos: Subvenciones,36906.24,Bolívares,,Banco Central de Venezuela,https://www.bcv.org.ve/sites/default/files/cuentas_macroeconomicas/7_1_7_anual.xls,2026-08-01T21:23:57Z
bcv_pib_demanda_anual,Producto interno bruto por componentes de demanda,Componentes del PIB,7_1_7_anual.xls,Escala monetaria vigente desde 2018,Precios corrientes,Nivel,Anual,2008,2008,,Enfoque del ingreso,Menos: Subvenciones,46928.87,Bolívares,Preliminar,Banco Central de Venezuela,https://www.bcv.org.ve/sites/default/files/cuentas_macroeconomicas/7_1_7_anual.xls,2026-08-01T21:23:57Z
bcv_pib_demanda_anual,Producto interno bruto por componentes de demanda,Componentes del PIB,7_1_7_anual.xls,Escala monetaria vigente desde 2018,Precios corrientes,Nivel,Anual,2009,2009,,Enfoque del ingreso,Menos: Subvenciones,52943.909999999996,Bolívares,Preliminar,Banco Central de Venezuela,https://www.bcv.org.ve/sites/default/files/cuentas_macroeconomicas/7_1_7_anual.xls,2026-08-01T21:23:57Z
bcv_pib_demanda_anual,Producto interno bruto por componentes de demanda,Componentes del PIB,7_1_7_anual.xls,Escala monetaria vigente desde 2018,Precios corrientes,Nivel,Anual,2010,2010,,Enfoque del ingreso,Menos: Subvenciones,64520.560000000005,Bolívares,Preliminar,Banco Central de Venezuela,https://www.bcv.org.ve/sites/default/files/cuentas_macroeconomicas/7_1_7_anual.xls,2026-08-01T21:23:57Z
bcv_pib_demanda_anual,Producto interno bruto por componentes de demanda,Componentes del PIB,7_1_7_anual.xls,Escala monetaria vigente desde 2018,Precios corrientes,Nivel,Anual,2011,2011,,Enfoque del ingreso,Menos: Subvenciones,82060.68000000001,Bolívares,Preliminar,Banco Central de Venezuela,https://www.bcv.org.ve/sites/default/files/cuentas_macroeconomicas/7_1_7_anual.xls,2026-08-01T21:23:57Z
bcv_pib_demanda_anual,Producto interno bruto por componentes de demanda,Componentes del PIB,7_1_7_anual.xls,Escala monetaria vigente desde 2018,Precios corrientes,Nivel,Anual,2012,2012,,Enfoque del ingreso,Menos: Subvenciones,104378.72,Bolívares,Preliminar,Banco Central de Venezuela,https://www.bcv.org.ve/sites/default/files/cuentas_macroeconomicas/7_1_7_anual.xls,2026-08-01T21:23:57Z
bcv_pib_demanda_anual,Producto interno bruto por componentes de demanda,Componentes del PIB,7_1_7_anual.xls,Escala monetaria vigente desde 2018,Precios corrientes,Nivel,Anual,2013,2013,,Enfoque del ingreso,Menos: Subvenciones,134277.65,Bolívares,Preliminar,Banco Central de Venezuela,https://www.bcv.org.ve/sites/default/files/cuentas_macroeconomicas/7_1_7_anual.xls,2026-08-01T21:23:57Z
bcv_pib_demanda_anual,Producto interno bruto por componentes de demanda,Componentes del PIB,7_1_7_anual.xls,Escala monetaria vigente desde 2018,Precios corrientes,Nivel,Anual,2014,2014,,Enfoque del ingreso,Menos: Subvenciones,197983.73,Bolívares,Preliminar,Banco Central de Venezuela,https://www.bcv.org.ve/sites/default/files/cuentas_macroeconomicas/7_1_7_anual.xls,2026-08-01T21:23:57Z
bcv_pib_demanda_anual,Producto interno bruto por componentes de demanda,Componentes del PIB,7_1_7_anual.xls,Escala monetaria vigente desde 2018,Precios corrientes,Nivel,Anual,2015,2015,,Enfoque del ingreso,Menos: Subvenciones,472370.44,Bolívares,Preliminar,Banco Central de Venezuela,https://www.bcv.org.ve/sites/default/files/cuentas_macroeconomicas/7_1_7_anual.xls,2026-08-01T21:23:57Z
bcv_pib_demanda_anual,Producto interno bruto por componentes de demanda,Componentes del PIB,7_1_7_anual.xls,Escala monetaria vigente desde 2018,Precios corrientes,Nivel,Anual,2016,2016,,Enfoque del ingreso,Menos: Subvenciones,1557917.32,Bolívares,Preliminar,Banco Central de Venezuela,https://www.bcv.org.ve/sites/default/files/cuentas_macroeconomicas/7_1_7_anual.xls,2026-08-01T21:23:57Z
bcv_pib_demanda_anual,Producto interno bruto por componentes de demanda,Componentes del PIB,7_1_7_anual.xls,Escala monetaria vigente desde 2018,Precios corrientes,Nivel,Anual,2017,2017,,Enfoque del ingreso,Menos: Subvenciones,13396732.75,Bolívares,Preliminar,Banco Central de Venezuela,https://www.bcv.org.ve/sites/default/files/cuentas_macroeconomicas/7_1_7_anual.xls,2026-08-01T21:23:57Z
bcv_pib_demanda_anual,Producto interno bruto por componentes de demanda,Componentes del PIB,7_1_7_anual.xls,1997,Precios constantes,Nivel,Anual,1997,1997,,Enfoque de la producción,Menos: Subvenciones a los productos,2386.54,Bolívares,,Banco Central de Venezuela,https://www.bcv.org.ve/sites/default/files/cuentas_macroeconomicas/7_1_7_anual.xls,2026-08-01T21:23:57Z
bcv_pib_demanda_anual,Producto interno bruto por componentes de demanda,Componentes del PIB,7_1_7_anual.xls,Escala monetaria vigente desde 2018,Precios corrientes,Nivel,Anual,1997,1997,,Enfoque de la producción,Menos: Subvenciones a los productos,2386.54,Bolívares,,Banco Central de Venezuela,https://www.bcv.org.ve/sites/default/files/cuentas_macroeconomicas/7_1_7_anual.xls,2026-08-01T21:23:57Z
bcv_pib_demanda_anual,Producto interno bruto por componentes de demanda,Componentes del PIB,7_1_7_anual.xls,1997,Precios constantes,Nivel,Anual,1998,1998,,Enfoque de la producción,Menos: Subvenciones a los productos,1701.01,Bolívares,,Banco Central de Venezuela,https://www.bcv.org.ve/sites/default/files/cuentas_macroeconomicas/7_1_7_anual.xls,2026-08-01T21:23:57Z
bcv_pib_demanda_anual,Producto interno bruto por componentes de demanda,Componentes del PIB,7_1_7_anual.xls,Escala monetaria vigente desde 2018,Precios corrientes,Nivel,Anual,1998,1998,,Enfoque de la producción,Menos: Subvenciones a los productos,1916.46,Bolívares,,Banco Central de Venezuela,https://www.bcv.org.ve/sites/default/files/cuentas_macroeconomicas/7_1_7_anual.xls,2026-08-01T21:23:57Z
bcv_pib_demanda_anual,Producto interno bruto por componentes de demanda,Componentes del PIB,7_1_7_anual.xls,1997,Precios constantes,Nivel,Anual,1999,1999,,Enfoque de la producción,Menos: Subvenciones a los productos,1342.22,Bolívares,,Banco Central de Venezuela,https://www.bcv.org.ve/sites/default/files/cuentas_macroeconomicas/7_1_7_anual.xls,2026-08-01T21:23:57Z
bcv_pib_demanda_anual,Producto interno bruto por componentes de demanda,Componentes del PIB,7_1_7_anual.xls,Escala monetaria vigente desde 2018,Precios corrientes,Nivel,Anual,1999,1999,,Enfoque de la producción,Menos: Subvenciones a los productos,1739.93,Bolívares,,Banco Central de Venezuela,https://www.bcv.org.ve/sites/default/files/cuentas_macroeconomicas/7_1_7_anual.xls,2026-08-01T21:23:57Z
bcv_pib_demanda_anual,Producto interno bruto por componentes de demanda,Componentes del PIB,7_1_7_anual.xls,1997,Precios constantes,Nivel,Anual,2000,2000,,Enfoque de la producción,Menos: Subvenciones a los productos,1416.1,Bolívares,,Banco Central de Venezuela,https://www.bcv.org.ve/sites/default/files/cuentas_macroeconomicas/7_1_7_anual.xls,2026-08-01T21:23:57Z
bcv_pib_demanda_anual,Producto interno bruto por componentes de demanda,Componentes del PIB,7_1_7_anual.xls,Escala monetaria vigente desde 2018,Precios corrientes,Nivel,Anual,2000,2000,,Enfoque de la producción,Menos: Subvenciones a los productos,2453.32,Bolívares,,Banco Central de Venezuela,https://www.bcv.org.ve/sites/default/files/cuentas_macroeconomicas/7_1_7_anual.xls,2026-08-01T21:23:57Z
bcv_pib_demanda_anual,Producto interno bruto por componentes de demanda,Componentes del PIB,7_1_7_anual.xls,1997,Precios constantes,Nivel,Anual,2001,2001,,Enfoque de la producción,Menos: Subvenciones a los productos,1401.1,Bolívares,,Banco Central de Venezuela,https://www.bcv.org.ve/sites/default/files/cuentas_macroeconomicas/7_1_7_anual.xls,2026-08-01T21:23:57Z
bcv_pib_demanda_anual,Producto interno bruto por componentes de demanda,Componentes del PIB,7_1_7_anual.xls,Escala monetaria vigente desde 2018,Precios corrientes,Nivel,Anual,2001,2001,,Enfoque de la producción,Menos: Subvenciones a los productos,2816.18,Bolívares,,Banco Central de Venezuela,https://www.bcv.org.ve/sites/default/files/cuentas_macroeconomicas/7_1_7_anual.xls,2026-08-01T21:23:57Z
bcv_pib_demanda_anual,Producto interno bruto por componentes de demanda,Componentes del PIB,7_1_7_anual.xls,1997,Precios constantes,Nivel,Anual,2002,2002,,Enfoque de la producción,Menos: Subvenciones a los productos,1352.08,Bolívares,,Banco Central de Venezuela,https://www.bcv.org.ve/sites/default/files/cuentas_macroeconomicas/7_1_7_anual.xls,2026-08-01T21:23:57Z
bcv_pib_demanda_anual,Producto interno bruto por componentes de demanda,Componentes del PIB,7_1_7_anual.xls,Escala monetaria vigente desde 2018,Precios corrientes,Nivel,Anual,2002,2002,,Enfoque de la producción,Menos: Subvenciones a los productos,3428.52,Bolívares,,Banco Central de Venezuela,https://www.bcv.org.ve/sites/default/files/cuentas_macroeconomicas/7_1_7_anual.xls,2026-08-01T21:23:57Z
bcv_pib_demanda_anual,Producto interno bruto por componentes de demanda,Componentes del PIB,7_1_7_anual.xls,1997,Precios constantes,Nivel,Anual,2003,2003,,Enfoque de la producción,Menos: Subvenciones a los productos,5314.8,Bolívares,,Banco Central de Venezuela,https://www.bcv.org.ve/sites/default/files/cuentas_macroeconomicas/7_1_7_anual.xls,2026-08-01T21:23:57Z
bcv_pib_demanda_anual,Producto interno bruto por componentes de demanda,Componentes del PIB,7_1_7_anual.xls,Escala monetaria vigente desde 2018,Precios corrientes,Nivel,Anual,2003,2003,,Enfoque de la producción,Menos: Subvenciones a los productos,19046.78,Bolívares,,Banco Central de Venezuela,https://www.bcv.org.ve/sites/default/files/cuentas_macroeconomicas/7_1_7_anual.xls,2026-08-01T21:23:57Z
bcv_pib_demanda_anual,Producto interno bruto por componentes de demanda,Componentes del PIB,7_1_7_anual.xls,1997,Precios constantes,Nivel,Anual,2004,2004,,Enfoque de la producción,Menos: Subvenciones a los productos,2074.16,Bolívares,,Banco Central de Venezuela,https://www.bcv.org.ve/sites/default/files/cuentas_macroeconomicas/7_1_7_anual.xls,2026-08-01T21:23:57Z
bcv_pib_demanda_anual,Producto interno bruto por componentes de demanda,Componentes del PIB,7_1_7_anual.xls,Escala monetaria vigente desde 2018,Precios corrientes,Nivel,Anual,2004,2004,,Enfoque de la producción,Menos: Subvenciones a los productos,8864.98,Bolívares,,Banco Central de Venezuela,https://www.bcv.org.ve/sites/default/files/cuentas_macroeconomicas/7_1_7_anual.xls,2026-08-01T21:23:57Z
bcv_pib_demanda_anual,Producto interno bruto por componentes de demanda,Componentes del PIB,7_1_7_anual.xls,1997,Precios constantes,Nivel,Anual,2005,2005,,Enfoque de la producción,Menos: Subvenciones a los productos,2969.76,Bolívares,,Banco Central de Venezuela,https://www.bcv.org.ve/sites/default/files/cuentas_macroeconomicas/7_1_7_anual.xls,2026-08-01T21:23:57Z
bcv_pib_demanda_anual,Producto interno bruto por componentes de demanda,Componentes del PIB,7_1_7_anual.xls,Escala monetaria vigente desde 2018,Precios corrientes,Nivel,Anual,2005,2005,,Enfoque de la producción,Menos: Subvenciones a los productos,14786.26,Bolívares,,Banco Central de Venezuela,https://www.bcv.org.ve/sites/default/files/cuentas_macroeconomicas/7_1_7_anual.xls,2026-08-01T21:23:57Z
bcv_pib_demanda_anual,Producto interno bruto por componentes de demanda,Componentes del PIB,7_1_7_anual.xls,1997,Precios constantes,Nivel,Anual,2006,2006,,Enfoque de la producción,Menos: Subvenciones a los productos,3975.11,Bolívares,,Banco Central de Venezuela,https://www.bcv.org.ve/sites/default/files/cuentas_macroeconomicas/7_1_7_anual.xls,2026-08-01T21:23:57Z
bcv_pib_demanda_anual,Producto interno bruto por componentes de demanda,Componentes del PIB,7_1_7_anual.xls,Escala monetaria vigente desde 2018,Precios corrientes,Nivel,Anual,2006,2006,,Enfoque de la producción,Menos: Subvenciones a los productos,24342.66,Bolívares,,Banco Central de Venezuela,https://www.bcv.org.ve/sites/default/files/cuentas_macroeconomicas/7_1_7_anual.xls,2026-08-01T21:23:57Z
bcv_pib_demanda_anual,Producto interno bruto por componentes de demanda,Componentes del PIB,7_1_7_anual.xls,1997,Precios constantes,Nivel,Anual,2007,2007,,Enfoque de la producción,Menos: Subvenciones a los productos,5294.4,Bolívares,,Banco Central de Venezuela,https://www.bcv.org.ve/sites/default/files/cuentas_macroeconomicas/7_1_7_anual.xls,2026-08-01T21:23:57Z
bcv_pib_demanda_anual,Producto interno bruto por componentes de demanda,Componentes del PIB,7_1_7_anual.xls,Escala monetaria vigente desde 2018,Precios corrientes,Nivel,Anual,2007,2007,,Enfoque de la producción,Menos: Subvenciones a los productos,33307.54,Bolívares,,Banco Central de Venezuela,https://www.bcv.org.ve/sites/default/files/cuentas_macroeconomicas/7_1_7_anual.xls,2026-08-01T21:23:57Z
bcv_pib_demanda_anual,Producto interno bruto por componentes de demanda,Componentes del PIB,7_1_7_anual.xls,1997,Precios constantes,Nivel,Anual,2008,2008,,Enfoque de la producción,Menos: Subvenciones a los productos,5430.36,Bolívares,Preliminar,Banco Central de Venezuela,https://www.bcv.org.ve/sites/default/files/cuentas_macroeconomicas/7_1_7_anual.xls,2026-08-01T21:23:57Z
bcv_pib_demanda_anual,Producto interno bruto por componentes de demanda,Componentes del PIB,7_1_7_anual.xls,Escala monetaria vigente desde 2018,Precios corrientes,Nivel,Anual,2008,2008,,Enfoque de la producción,Menos: Subvenciones a los productos,40698.44,Bolívares,Preliminar,Banco Central de Venezuela,https://www.bcv.org.ve/sites/default/files/cuentas_macroeconomicas/7_1_7_anual.xls,2026-08-01T21:23:57Z
bcv_pib_demanda_anual,Producto interno bruto por componentes de demanda,Componentes del PIB,7_1_7_anual.xls,1997,Precios constantes,Nivel,Anual,2009,2009,,Enfoque de la producción,Menos: Subvenciones a los productos,5453.21,Bolívares,Preliminar,Banco Central de Venezuela,https://www.bcv.org.ve/sites/default/files/cuentas_macroeconomicas/7_1_7_anual.xls,2026-08-01T21:23:57Z
bcv_pib_demanda_anual,Producto interno bruto por componentes de demanda,Componentes del PIB,7_1_7_anual.xls,Escala monetaria vigente desde 2018,Precios corrientes,Nivel,Anual,2009,2009,,Enfoque de la producción,Menos: Subvenciones a los productos,49204.09,Bolívares,Preliminar,Banco Central de Venezuela,https://www.bcv.org.ve/sites/default/files/cuentas_macroeconomicas/7_1_7_anual.xls,2026-08-01T21:23:57Z
bcv_pib_demanda_anual,Producto interno bruto por componentes de demanda,Componentes del PIB,7_1_7_anual.xls,1997,Precios constantes,Nivel,Anual,2010,2010,,Enfoque de la producción,Menos: Subvenciones a los productos,5449.88,Bolívares,Preliminar,Banco Central de Venezuela,https://www.bcv.org.ve/sites/default/files/cuentas_macroeconomicas/7_1_7_anual.xls,2026-08-01T21:23:57Z
bcv_pib_demanda_anual,Producto interno bruto por componentes de demanda,Componentes del PIB,7_1_7_anual.xls,Escala monetaria vigente desde 2018,Precios corrientes,Nivel,Anual,2010,2010,,Enfoque de la producción,Menos: Subvenciones a los productos,61166.3,Bolívares,Preliminar,Banco Central de Venezuela,https://www.bcv.org.ve/sites/default/files/cuentas_macroeconomicas/7_1_7_anual.xls,2026-08-01T21:23:57Z
bcv_pib_demanda_anual,Producto interno bruto por componentes de demanda,Componentes del PIB,7_1_7_anual.xls,1997,Precios constantes,Nivel,Anual,2011,2011,,Enfoque de la producción,Menos: Subvenciones a los productos,5808.79,Bolívares,Preliminar,Banco Central de Venezuela,https://www.bcv.org.ve/sites/default/files/cuentas_macroeconomicas/7_1_7_anual.xls,2026-08-01T21:23:57Z
bcv_pib_demanda_anual,Producto interno bruto por componentes de demanda,Componentes del PIB,7_1_7_anual.xls,Escala monetaria vigente desde 2018,Precios corrientes,Nivel,Anual,2011,2011,,Enfoque de la producción,Menos: Subvenciones a los productos,78435.11,Bolívares,Preliminar,Banco Central de Venezuela,https://www.bcv.org.ve/sites/default/files/cuentas_macroeconomicas/7_1_7_anual.xls,2026-08-01T21:23:57Z
bcv_pib_demanda_anual,Producto interno bruto por componentes de demanda,Componentes del PIB,7_1_7_anual.xls,1997,Precios constantes,Nivel,Anual,2012,2012,,Enfoque de la producción,Menos: Subvenciones a los productos,6086.02,Bolívares,Preliminar,Banco Central de Venezuela,https://www.bcv.org.ve/sites/default/files/cuentas_macroeconomicas/7_1_7_anual.xls,2026-08-01T21:23:57Z
bcv_pib_demanda_anual,Producto interno bruto por componentes de demanda,Componentes del PIB,7_1_7_anual.xls,Escala monetaria vigente desde 2018,Precios corrientes,Nivel,Anual,2012,2012,,Enfoque de la producción,Menos: Subvenciones a los productos,98442.08,Bolívares,Preliminar,Banco Central de Venezuela,https://www.bcv.org.ve/sites/default/files/cuentas_macroeconomicas/7_1_7_anual.xls,2026-08-01T21:23:57Z
bcv_pib_demanda_anual,Producto interno bruto por componentes de demanda,Componentes del PIB,7_1_7_anual.xls,1997,Precios constantes,Nivel,Anual,2013,2013,,Enfoque de la producción,Menos: Subvenciones a los productos,6159.27,Bolívares,Preliminar,Banco Central de Venezuela,https://www.bcv.org.ve/sites/default/files/cuentas_macroeconomicas/7_1_7_anual.xls,2026-08-01T21:23:57Z
bcv_pib_demanda_anual,Producto interno bruto por componentes de demanda,Componentes del PIB,7_1_7_anual.xls,Escala monetaria vigente desde 2018,Precios corrientes,Nivel,Anual,2013,2013,,Enfoque de la producción,Menos: Subvenciones a los productos,127551.09,Bolívares,Preliminar,Banco Central de Venezuela,https://www.bcv.org.ve/sites/default/files/cuentas_macroeconomicas/7_1_7_anual.xls,2026-08-01T21:23:57Z
bcv_pib_demanda_anual,Producto interno bruto por componentes de demanda,Componentes del PIB,7_1_7_anual.xls,1997,Precios constantes,Nivel,Anual,2014,2014,,Enfoque de la producción,Menos: Subvenciones a los productos,6104.78,Bolívares,Preliminar,Banco Central de Venezuela,https://www.bcv.org.ve/sites/default/files/cuentas_macroeconomicas/7_1_7_anual.xls,2026-08-01T21:23:57Z
bcv_pib_demanda_anual,Producto interno bruto por componentes de demanda,Componentes del PIB,7_1_7_anual.xls,Escala monetaria vigente desde 2018,Precios corrientes,Nivel,Anual,2014,2014,,Enfoque de la producción,Menos: Subvenciones a los productos,189955.48,Bolívares,Preliminar,Banco Central de Venezuela,https://www.bcv.org.ve/sites/default/files/cuentas_macroeconomicas/7_1_7_anual.xls,2026-08-01T21:23:57Z
bcv_pib_demanda_anual,Producto interno bruto por componentes de demanda,Componentes del PIB,7_1_7_anual.xls,1997,Precios constantes,Nivel,Anual,2015,2015,,Enfoque de la producción,Menos: Subvenciones a los productos,5704.69,Bolívares,Preliminar,Banco Central de Venezuela,https://www.bcv.org.ve/sites/default/files/cuentas_macroeconomicas/7_1_7_anual.xls,2026-08-01T21:23:57Z
bcv_pib_demanda_anual,Producto interno bruto por componentes de demanda,Componentes del PIB,7_1_7_anual.xls,Escala monetaria vigente desde 2018,Precios corrientes,Nivel,Anual,2015,2015,,Enfoque de la producción,Menos: Subvenciones a los productos,467089.64,Bolívares,Preliminar,Banco Central de Venezuela,https://www.bcv.org.ve/sites/default/files/cuentas_macroeconomicas/7_1_7_anual.xls,2026-08-01T21:23:57Z
bcv_pib_demanda_anual,Producto interno bruto por componentes de demanda,Componentes del PIB,7_1_7_anual.xls,1997,Precios constantes,Nivel,Anual,2016,2016,,Enfoque de la producción,Menos: Subvenciones a los productos,4988.77,Bolívares,Preliminar,Banco Central de Venezuela,https://www.bcv.org.ve/sites/default/files/cuentas_macroeconomicas/7_1_7_anual.xls,2026-08-01T21:23:57Z
bcv_pib_demanda_anual,Producto interno bruto por componentes de demanda,Componentes del PIB,7_1_7_anual.xls,Escala monetaria vigente desde 2018,Precios corrientes,Nivel,Anual,2016,2016,,Enfoque de la producción,Menos: Subvenciones a los productos,1545517.36,Bolívares,Preliminar,Banco Central de Venezuela,https://www.bcv.org.ve/sites/default/files/cuentas_macroeconomicas/7_1_7_anual.xls,2026-08-01T21:23:57Z
bcv_pib_demanda_anual,Producto interno bruto por componentes de demanda,Componentes del PIB,7_1_7_anual.xls,1997,Precios constantes,Nivel,Anual,2017,2017,,Enfoque de la producción,Menos: Subvenciones a los productos,4094.1,Bolívares,Preliminar,Banco Central de Venezuela,https://www.bcv.org.ve/sites/default/files/cuentas_macroeconomicas/7_1_7_anual.xls,2026-08-01T21:23:57Z
bcv_pib_demanda_anual,Producto interno bruto por componentes de demanda,Componentes del PIB,7_1_7_anual.xls,Escala monetaria vigente desde 2018,Precios corrientes,Nivel,Anual,2017,2017,,Enfoque de la producción,Menos: Subvenciones a los productos,13309764.02,Bolívares,Preliminar,Banco Central de Venezuela,https://www.bcv.org.ve/sites/default/files/cuentas_macroeconomicas/7_1_7_anual.xls,2026-08-01T21:23:57Z
bcv_pib_demanda_anual,Producto interno bruto por componentes de demanda,Componentes del PIB,7_1_7_anual.xls,Escala monetaria vigente desde 2018,Precios corrientes,Nivel,Anual,1997,1997,,Enfoque del ingreso,Otras subvenciones a la producción,166.87,Bolívares,,Banco Central de Venezuela,https://www.bcv.org.ve/sites/default/files/cuentas_macroeconomicas/7_1_7_anual.xls,2026-08-01T21:23:57Z
bcv_pib_demanda_anual,Producto interno bruto por componentes de demanda,Componentes del PIB,7_1_7_anual.xls,Escala monetaria vigente desde 2018,Precios corrientes,Nivel,Anual,1998,1998,,Enfoque del ingreso,Otras subvenciones a la producción,243.95,Bolívares,,Banco Central de Venezuela,https://www.bcv.org.ve/sites/default/files/cuentas_macroeconomicas/7_1_7_anual.xls,2026-08-01T21:23:57Z
bcv_pib_demanda_anual,Producto interno bruto por componentes de demanda,Componentes del PIB,7_1_7_anual.xls,Escala monetaria vigente desde 2018,Precios corrientes,Nivel,Anual,1999,1999,,Enfoque del ingreso,Otras subvenciones a la producción,118.8,Bolívares,,Banco Central de Venezuela,https://www.bcv.org.ve/sites/default/files/cuentas_macroeconomicas/7_1_7_anual.xls,2026-08-01T21:23:57Z
bcv_pib_demanda_anual,Producto interno bruto por componentes de demanda,Componentes del PIB,7_1_7_anual.xls,Escala monetaria vigente desde 2018,Precios corrientes,Nivel,Anual,2000,2000,,Enfoque del ingreso,Otras subvenciones a la producción,57.36,Bolívares,,Banco Central de Venezuela,https://www.bcv.org.ve/sites/default/files/cuentas_macroeconomicas/7_1_7_anual.xls,2026-08-01T21:23:57Z
bcv_pib_demanda_anual,Producto interno bruto por componentes de demanda,Componentes del PIB,7_1_7_anual.xls,Escala monetaria vigente desde 2018,Precios corrientes,Nivel,Anual,2001,2001,,Enfoque del ingreso,Otras subvenciones a la producción,76.75,Bolívares,,Banco Central de Venezuela,https://www.bcv.org.ve/sites/default/files/cuentas_macroeconomicas/7_1_7_anual.xls,2026-08-01T21:23:57Z
bcv_pib_demanda_anual,Producto interno bruto por componentes de demanda,Componentes del PIB,7_1_7_anual.xls,Escala monetaria vigente desde 2018,Precios corrientes,Nivel,Anual,2002,2002,,Enfoque del ingreso,Otras subvenciones a la producción,789.23,Bolívares,,Banco Central de Venezuela,https://www.bcv.org.ve/sites/default/files/cuentas_macroeconomicas/7_1_7_anual.xls,2026-08-01T21:23:57Z
bcv_pib_demanda_anual,Producto interno bruto por componentes de demanda,Componentes del PIB,7_1_7_anual.xls,Escala monetaria vigente desde 2018,Precios corrientes,Nivel,Anual,2003,2003,,Enfoque del ingreso,Otras subvenciones a la producción,312.63,Bolívares,,Banco Central de Venezuela,https://www.bcv.org.ve/sites/default/files/cuentas_macroeconomicas/7_1_7_anual.xls,2026-08-01T21:23:57Z
bcv_pib_demanda_anual,Producto interno bruto por componentes de demanda,Componentes del PIB,7_1_7_anual.xls,Escala monetaria vigente desde 2018,Precios corrientes,Nivel,Anual,2004,2004,,Enfoque del ingreso,Otras subvenciones a la producción,877.78,Bolívares,,Banco Central de Venezuela,https://www.bcv.org.ve/sites/default/files/cuentas_macroeconomicas/7_1_7_anual.xls,2026-08-01T21:23:57Z
bcv_pib_demanda_anual,Producto interno bruto por componentes de demanda,Componentes del PIB,7_1_7_anual.xls,Escala monetaria vigente desde 2018,Precios corrientes,Nivel,Anual,2005,2005,,Enfoque del ingreso,Otras subvenciones a la producción,1861.92,Bolívares,,Banco Central de Venezuela,https://www.bcv.org.ve/sites/default/files/cuentas_macroeconomicas/7_1_7_anual.xls,2026-08-01T21:23:57Z
bcv_pib_demanda_anual,Producto interno bruto por componentes de demanda,Componentes del PIB,7_1_7_anual.xls,Escala monetaria vigente desde 2018,Precios corrientes,Nivel,Anual,2006,2006,,Enfoque del ingreso,Otras subvenciones a la producción,1121.12,Bolívares,,Banco Central de Venezuela,https://www.bcv.org.ve/sites/default/files/cuentas_macroeconomicas/7_1_7_anual.xls,2026-08-01T21:23:57Z
bcv_pib_demanda_anual,Producto interno bruto por componentes de demanda,Componentes del PIB,7_1_7_anual.xls,Escala monetaria vigente desde 2018,Precios corrientes,Nivel,Anual,2007,2007,,Enfoque del ingreso,Otras subvenciones a la producción,3598.7,Bolívares,,Banco Central de Venezuela,https://www.bcv.org.ve/sites/default/files/cuentas_macroeconomicas/7_1_7_anual.xls,2026-08-01T21:23:57Z
bcv_pib_demanda_anual,Producto interno bruto por componentes de demanda,Componentes del PIB,7_1_7_anual.xls,Escala monetaria vigente desde 2018,Precios corrientes,Nivel,Anual,2008,2008,,Enfoque del ingreso,Otras subvenciones a la producción,6230.43,Bolívares,Preliminar,Banco Central de Venezuela,https://www.bcv.org.ve/sites/default/files/cuentas_macroeconomicas/7_1_7_anual.xls,2026-08-01T21:23:57Z
bcv_pib_demanda_anual,Producto interno bruto por componentes de demanda,Componentes del PIB,7_1_7_anual.xls,Escala monetaria vigente desde 2018,Precios corrientes,Nivel,Anual,2009,2009,,Enfoque del ingreso,Otras subvenciones a la producción,3739.82,Bolívares,Preliminar,Banco Central de Venezuela,https://www.bcv.org.ve/sites/default/files/cuentas_macroeconomicas/7_1_7_anual.xls,2026-08-01T21:23:57Z
bcv_pib_demanda_anual,Producto interno bruto por componentes de demanda,Componentes del PIB,7_1_7_anual.xls,Escala monetaria vigente desde 2018,Precios corrientes,Nivel,Anual,2010,2010,,Enfoque del ingreso,Otras subvenciones a la producción,3354.26,Bolívares,Preliminar,Banco Central de Venezuela,https://www.bcv.org.ve/sites/default/files/cuentas_macroeconomicas/7_1_7_anual.xls,2026-08-01T21:23:57Z
bcv_pib_demanda_anual,Producto interno bruto por componentes de demanda,Componentes del PIB,7_1_7_anual.xls,Escala monetaria vigente desde 2018,Precios corrientes,Nivel,Anual,2011,2011,,Enfoque del ingreso,Otras subvenciones a la producción,3625.57,Bolívares,Preliminar,Banco Central de Venezuela,https://www.bcv.org.ve/sites/default/files/cuentas_macroeconomicas/7_1_7_anual.xls,2026-08-01T21:23:57Z
bcv_pib_demanda_anual,Producto interno bruto por componentes de demanda,Componentes del PIB,7_1_7_anual.xls,Escala monetaria vigente desde 2018,Precios corrientes,Nivel,Anual,2012,2012,,Enfoque del ingreso,Otras subvenciones a la producción,5936.64,Bolívares,Preliminar,Banco Central de Venezuela,https://www.bcv.org.ve/sites/default/files/cuentas_macroeconomicas/7_1_7_anual.xls,2026-08-01T21:23:57Z
bcv_pib_demanda_anual,Producto interno bruto por componentes de demanda,Componentes del PIB,7_1_7_anual.xls,Escala monetaria vigente desde 2018,Precios corrientes,Nivel,Anual,2013,2013,,Enfoque del ingreso,Otras subvenciones a la producción,6726.56,Bolívares,Preliminar,Banco Central de Venezuela,https://www.bcv.org.ve/sites/default/files/cuentas_macroeconomicas/7_1_7_anual.xls,2026-08-01T21:23:57Z
bcv_pib_demanda_anual,Producto interno bruto por componentes de demanda,Componentes del PIB,7_1_7_anual.xls,Escala monetaria vigente desde 2018,Precios corrientes,Nivel,Anual,2014,2014,,Enfoque del ingreso,Otras subvenciones a la producción,8028.25,Bolívares,Preliminar,Banco Central de Venezuela,https://www.bcv.org.ve/sites/default/files/cuentas_macroeconomicas/7_1_7_anual.xls,2026-08-01T21:23:57Z
bcv_pib_demanda_anual,Producto interno bruto por componentes de demanda,Componentes del PIB,7_1_7_anual.xls,Escala monetaria vigente desde 2018,Precios corrientes,Nivel,Anual,2015,2015,,Enfoque del ingreso,Otras subvenciones a la producción,5280.8,Bolívares,Preliminar,Banco Central de Venezuela,https://www.bcv.org.ve/sites/default/files/cuentas_macroeconomicas/7_1_7_anual.xls,2026-08-01T21:23:57Z
bcv_pib_demanda_anual,Producto interno bruto por componentes de demanda,Componentes del PIB,7_1_7_anual.xls,Escala monetaria vigente desde 2018,Precios corrientes,Nivel,Anual,2016,2016,,Enfoque del ingreso,Otras subvenciones a la producción,12399.96,Bolívares,Preliminar,Banco Central de Venezuela,https://www.bcv.org.ve/sites/default/files/cuentas_macroeconomicas/7_1_7_anual.xls,2026-08-01T21:23:57Z
bcv_pib_demanda_anual,Producto interno bruto por componentes de demanda,Componentes del PIB,7_1_7_anual.xls,Escala monetaria vigente desde 2018,Precios corrientes,Nivel,Anual,2017,2017,,Enfoque del ingreso,Otras subvenciones a la producción,86968.73,Bolívares,Preliminar,Banco Central de Venezuela,https://www.bcv.org.ve/sites/default/files/cuentas_macroeconomicas/7_1_7_anual.xls,2026-08-01T21:23:57Z
bcv_pib_demanda_anual,Producto interno bruto por componentes de demanda,Componentes del PIB,7_1_7_anual.xls,Escala monetaria vigente desde 2018,Precios corrientes,Nivel,Anual,1997,1997,,Enfoque del ingreso,Otros impuestos sobre la producción,4376.08,Bolívares,,Banco Central de Venezuela,https://www.bcv.org.ve/sites/default/files/cuentas_macroeconomicas/7_1_7_anual.xls,2026-08-01T21:23:57Z
bcv_pib_demanda_anual,Producto interno bruto por componentes de demanda,Componentes del PIB,7_1_7_anual.xls,Escala monetaria vigente desde 2018,Precios corrientes,Nivel,Anual,1998,1998,,Enfoque del ingreso,Otros impuestos sobre la producción,7779.93,Bolívares,,Banco Central de Venezuela,https://www.bcv.org.ve/sites/default/files/cuentas_macroeconomicas/7_1_7_anual.xls,2026-08-01T21:23:57Z
bcv_pib_demanda_anual,Producto interno bruto por componentes de demanda,Componentes del PIB,7_1_7_anual.xls,Escala monetaria vigente desde 2018,Precios corrientes,Nivel,Anual,1999,1999,,Enfoque del ingreso,Otros impuestos sobre la producción,10378.97,Bolívares,,Banco Central de Venezuela,https://www.bcv.org.ve/sites/default/files/cuentas_macroeconomicas/7_1_7_anual.xls,2026-08-01T21:23:57Z
bcv_pib_demanda_anual,Producto interno bruto por componentes de demanda,Componentes del PIB,7_1_7_anual.xls,Escala monetaria vigente desde 2018,Precios corrientes,Nivel,Anual,2000,2000,,Enfoque del ingreso,Otros impuestos sobre la producción,9966.02,Bolívares,,Banco Central de Venezuela,https://www.bcv.org.ve/sites/default/files/cuentas_macroeconomicas/7_1_7_anual.xls,2026-08-01T21:23:57Z
bcv_pib_demanda_anual,Producto interno bruto por componentes de demanda,Componentes del PIB,7_1_7_anual.xls,Escala monetaria vigente desde 2018,Precios corrientes,Nivel,Anual,2001,2001,,Enfoque del ingreso,Otros impuestos sobre la producción,9837.4,Bolívares,,Banco Central de Venezuela,https://www.bcv.org.ve/sites/default/files/cuentas_macroeconomicas/7_1_7_anual.xls,2026-08-01T21:23:57Z
bcv_pib_demanda_anual,Producto interno bruto por componentes de demanda,Componentes del PIB,7_1_7_anual.xls,Escala monetaria vigente desde 2018,Precios corrientes,Nivel,Anual,2002,2002,,Enfoque del ingreso,Otros impuestos sobre la producción,25907.18,Bolívares,,Banco Central de Venezuela,https://www.bcv.org.ve/sites/default/files/cuentas_macroeconomicas/7_1_7_anual.xls,2026-08-01T21:23:57Z
bcv_pib_demanda_anual,Producto interno bruto por componentes de demanda,Componentes del PIB,7_1_7_anual.xls,Escala monetaria vigente desde 2018,Precios corrientes,Nivel,Anual,2003,2003,,Enfoque del ingreso,Otros impuestos sobre la producción,34170.95,Bolívares,,Banco Central de Venezuela,https://www.bcv.org.ve/sites/default/files/cuentas_macroeconomicas/7_1_7_anual.xls,2026-08-01T21:23:57Z
bcv_pib_demanda_anual,Producto interno bruto por componentes de demanda,Componentes del PIB,7_1_7_anual.xls,Escala monetaria vigente desde 2018,Precios corrientes,Nivel,Anual,2004,2004,,Enfoque del ingreso,Otros impuestos sobre la producción,36262.75,Bolívares,,Banco Central de Venezuela,https://www.bcv.org.ve/sites/default/files/cuentas_macroeconomicas/7_1_7_anual.xls,2026-08-01T21:23:57Z
bcv_pib_demanda_anual,Producto interno bruto por componentes de demanda,Componentes del PIB,7_1_7_anual.xls,Escala monetaria vigente desde 2018,Precios corrientes,Nivel,Anual,2005,2005,,Enfoque del ingreso,Otros impuestos sobre la producción,53162.75,Bolívares,,Banco Central de Venezuela,https://www.bcv.org.ve/sites/default/files/cuentas_macroeconomicas/7_1_7_anual.xls,2026-08-01T21:23:57Z
bcv_pib_demanda_anual,Producto interno bruto por componentes de demanda,Componentes del PIB,7_1_7_anual.xls,Escala monetaria vigente desde 2018,Precios corrientes,Nivel,Anual,2006,2006,,Enfoque del ingreso,Otros impuestos sobre la producción,42328.26,Bolívares,,Banco Central de Venezuela,https://www.bcv.org.ve/sites/default/files/cuentas_macroeconomicas/7_1_7_anual.xls,2026-08-01T21:23:57Z
bcv_pib_demanda_anual,Producto interno bruto por componentes de demanda,Componentes del PIB,7_1_7_anual.xls,Escala monetaria vigente desde 2018,Precios corrientes,Nivel,Anual,2007,2007,,Enfoque del ingreso,Otros impuestos sobre la producción,78765.12,Bolívares,,Banco Central de Venezuela,https://www.bcv.org.ve/sites/default/files/cuentas_macroeconomicas/7_1_7_anual.xls,2026-08-01T21:23:57Z
bcv_pib_demanda_anual,Producto interno bruto por componentes de demanda,Componentes del PIB,7_1_7_anual.xls,Escala monetaria vigente desde 2018,Precios corrientes,Nivel,Anual,2008,2008,,Enfoque del ingreso,Otros impuestos sobre la producción,209917.75,Bolívares,Preliminar,Banco Central de Venezuela,https://www.bcv.org.ve/sites/default/files/cuentas_macroeconomicas/7_1_7_anual.xls,2026-08-01T21:23:57Z
bcv_pib_demanda_anual,Producto interno bruto por componentes de demanda,Componentes del PIB,7_1_7_anual.xls,Escala monetaria vigente desde 2018,Precios corrientes,Nivel,Anual,2009,2009,,Enfoque del ingreso,Otros impuestos sobre la producción,114361.13,Bolívares,Preliminar,Banco Central de Venezuela,https://www.bcv.org.ve/sites/default/files/cuentas_macroeconomicas/7_1_7_anual.xls,2026-08-01T21:23:57Z
bcv_pib_demanda_anual,Producto interno bruto por componentes de demanda,Componentes del PIB,7_1_7_anual.xls,Escala monetaria vigente desde 2018,Precios corrientes,Nivel,Anual,2010,2010,,Enfoque del ingreso,Otros impuestos sobre la producción,167521.28,Bolívares,Preliminar,Banco Central de Venezuela,https://www.bcv.org.ve/sites/default/files/cuentas_macroeconomicas/7_1_7_anual.xls,2026-08-01T21:23:57Z
bcv_pib_demanda_anual,Producto interno bruto por componentes de demanda,Componentes del PIB,7_1_7_anual.xls,Escala monetaria vigente desde 2018,Precios corrientes,Nivel,Anual,2011,2011,,Enfoque del ingreso,Otros impuestos sobre la producción,210417.85,Bolívares,Preliminar,Banco Central de Venezuela,https://www.bcv.org.ve/sites/default/files/cuentas_macroeconomicas/7_1_7_anual.xls,2026-08-01T21:23:57Z
bcv_pib_demanda_anual,Producto interno bruto por componentes de demanda,Componentes del PIB,7_1_7_anual.xls,Escala monetaria vigente desde 2018,Precios corrientes,Nivel,Anual,2012,2012,,Enfoque del ingreso,Otros impuestos sobre la producción,255093.6,Bolívares,Preliminar,Banco Central de Venezuela,https://www.bcv.org.ve/sites/default/files/cuentas_macroeconomicas/7_1_7_anual.xls,2026-08-01T21:23:57Z
bcv_pib_demanda_anual,Producto interno bruto por componentes de demanda,Componentes del PIB,7_1_7_anual.xls,Escala monetaria vigente desde 2018,Precios corrientes,Nivel,Anual,2013,2013,,Enfoque del ingreso,Otros impuestos sobre la producción,316123.59,Bolívares,Preliminar,Banco Central de Venezuela,https://www.bcv.org.ve/sites/default/files/cuentas_macroeconomicas/7_1_7_anual.xls,2026-08-01T21:23:57Z
bcv_pib_demanda_anual,Producto interno bruto por componentes de demanda,Componentes del PIB,7_1_7_anual.xls,Escala monetaria vigente desde 2018,Precios corrientes,Nivel,Anual,2014,2014,,Enfoque del ingreso,Otros impuestos sobre la producción,387576.99,Bolívares,Preliminar,Banco Central de Venezuela,https://www.bcv.org.ve/sites/default/files/cuentas_macroeconomicas/7_1_7_anual.xls,2026-08-01T21:23:57Z
bcv_pib_demanda_anual,Producto interno bruto por componentes de demanda,Componentes del PIB,7_1_7_anual.xls,Escala monetaria vigente desde 2018,Precios corrientes,Nivel,Anual,2015,2015,,Enfoque del ingreso,Otros impuestos sobre la producción,531656.74,Bolívares,Preliminar,Banco Central de Venezuela,https://www.bcv.org.ve/sites/default/files/cuentas_macroeconomicas/7_1_7_anual.xls,2026-08-01T21:23:57Z
bcv_pib_demanda_anual,Producto interno bruto por componentes de demanda,Componentes del PIB,7_1_7_anual.xls,Escala monetaria vigente desde 2018,Precios corrientes,Nivel,Anual,2016,2016,,Enfoque del ingreso,Otros impuestos sobre la producción,2105314.12,Bolívares,Preliminar,Banco Central de Venezuela,https://www.bcv.org.ve/sites/default/files/cuentas_macroeconomicas/7_1_7_anual.xls,2026-08-01T21:23:57Z
bcv_pib_demanda_anual,Producto interno bruto por componentes de demanda,Componentes del PIB,7_1_7_anual.xls,Escala monetaria vigente desde 2018,Precios corrientes,Nivel,Anual,2017,2017,,Enfoque del ingreso,Otros impuestos sobre la producción,13013282.54,Bolívares,Preliminar,Banco Central de Venezuela,https://www.bcv.org.ve/sites/default/files/cuentas_macroeconomicas/7_1_7_anual.xls,2026-08-01T21:23:57Z
bcv_pib_demanda_anual,Producto interno bruto por componentes de demanda,Componentes del PIB,7_1_7_anual.xls,1997,Precios constantes,Nivel,Anual,1997,1997,,Enfoque de la demanda,Privado,216100.75,Bolívares,,Banco Central de Venezuela,https://www.bcv.org.ve/sites/default/files/cuentas_macroeconomicas/7_1_7_anual.xls,2026-08-01T21:23:57Z
bcv_pib_demanda_anual,Producto interno bruto por componentes de demanda,Componentes del PIB,7_1_7_anual.xls,Escala monetaria vigente desde 2018,Precios corrientes,Nivel,Anual,1997,1997,,Enfoque de la demanda,Privado,216100.75,Bolívares,,Banco Central de Venezuela,https://www.bcv.org.ve/sites/default/files/cuentas_macroeconomicas/7_1_7_anual.xls,2026-08-01T21:23:57Z
bcv_pib_demanda_anual,Producto interno bruto por componentes de demanda,Componentes del PIB,7_1_7_anual.xls,1997,Precios constantes,Nivel,Anual,1998,1998,,Enfoque de la demanda,Privado,220071.09,Bolívares,,Banco Central de Venezuela,https://www.bcv.org.ve/sites/default/files/cuentas_macroeconomicas/7_1_7_anual.xls,2026-08-01T21:23:57Z
bcv_pib_demanda_anual,Producto interno bruto por componentes de demanda,Componentes del PIB,7_1_7_anual.xls,Escala monetaria vigente desde 2018,Precios corrientes,Nivel,Anual,1998,1998,,Enfoque de la demanda,Privado,288226.24,Bolívares,,Banco Central de Venezuela,https://www.bcv.org.ve/sites/default/files/cuentas_macroeconomicas/7_1_7_anual.xls,2026-08-01T21:23:57Z
bcv_pib_demanda_anual,Producto interno bruto por componentes de demanda,Componentes del PIB,7_1_7_anual.xls,1997,Precios constantes,Nivel,Anual,1999,1999,,Enfoque de la demanda,Privado,216318.15,Bolívares,,Banco Central de Venezuela,https://www.bcv.org.ve/sites/default/files/cuentas_macroeconomicas/7_1_7_anual.xls,2026-08-01T21:23:57Z
bcv_pib_demanda_anual,Producto interno bruto por componentes de demanda,Componentes del PIB,7_1_7_anual.xls,Escala monetaria vigente desde 2018,Precios corrientes,Nivel,Anual,1999,1999,,Enfoque de la demanda,Privado,340715.52,Bolívares,,Banco Central de Venezuela,https://www.bcv.org.ve/sites/default/files/cuentas_macroeconomicas/7_1_7_anual.xls,2026-08-01T21:23:57Z
bcv_pib_demanda_anual,Producto interno bruto por componentes de demanda,Componentes del PIB,7_1_7_anual.xls,1997,Precios constantes,Nivel,Anual,2000,2000,,Enfoque de la demanda,Privado,226451.93,Bolívares,,Banco Central de Venezuela,https://www.bcv.org.ve/sites/default/files/cuentas_macroeconomicas/7_1_7_anual.xls,2026-08-01T21:23:57Z
bcv_pib_demanda_anual,Producto interno bruto por componentes de demanda,Componentes del PIB,7_1_7_anual.xls,Escala monetaria vigente desde 2018,Precios corrientes,Nivel,Anual,2000,2000,,Enfoque de la demanda,Privado,412207.1,Bolívares,,Banco Central de Venezuela,https://www.bcv.org.ve/sites/default/files/cuentas_macroeconomicas/7_1_7_anual.xls,2026-08-01T21:23:57Z
bcv_pib_demanda_anual,Producto interno bruto por componentes de demanda,Componentes del PIB,7_1_7_anual.xls,1997,Precios constantes,Nivel,Anual,2001,2001,,Enfoque de la demanda,Privado,240015.3,Bolívares,,Banco Central de Venezuela,https://www.bcv.org.ve/sites/default/files/cuentas_macroeconomicas/7_1_7_anual.xls,2026-08-01T21:23:57Z
bcv_pib_demanda_anual,Producto interno bruto por componentes de demanda,Componentes del PIB,7_1_7_anual.xls,Escala monetaria vigente desde 2018,Precios corrientes,Nivel,Anual,2001,2001,,Enfoque de la demanda,Privado,488387.8,Bolívares,,Banco Central de Venezuela,https://www.bcv.org.ve/sites/default/files/cuentas_macroeconomicas/7_1_7_anual.xls,2026-08-01T21:23:57Z
bcv_pib_demanda_anual,Producto interno bruto por componentes de demanda,Componentes del PIB,7_1_7_anual.xls,1997,Precios constantes,Nivel,Anual,2002,2002,,Enfoque de la demanda,Privado,222955.62,Bolívares,,Banco Central de Venezuela,https://www.bcv.org.ve/sites/default/files/cuentas_macroeconomicas/7_1_7_anual.xls,2026-08-01T21:23:57Z
bcv_pib_demanda_anual,Producto interno bruto por componentes de demanda,Componentes del PIB,7_1_7_anual.xls,Escala monetaria vigente desde 2018,Precios corrientes,Nivel,Anual,2002,2002,,Enfoque de la demanda,Privado,577401.34,Bolívares,,Banco Central de Venezuela,https://www.bcv.org.ve/sites/default/files/cuentas_macroeconomicas/7_1_7_anual.xls,2026-08-01T21:23:57Z
bcv_pib_demanda_anual,Producto interno bruto por componentes de demanda,Componentes del PIB,7_1_7_anual.xls,1997,Precios constantes,Nivel,Anual,2003,2003,,Enfoque de la demanda,Privado,213451.46,Bolívares,,Banco Central de Venezuela,https://www.bcv.org.ve/sites/default/files/cuentas_macroeconomicas/7_1_7_anual.xls,2026-08-01T21:23:57Z
bcv_pib_demanda_anual,Producto interno bruto por componentes de demanda,Componentes del PIB,7_1_7_anual.xls,Escala monetaria vigente desde 2018,Precios corrientes,Nivel,Anual,2003,2003,,Enfoque de la demanda,Privado,735327.04,Bolívares,,Banco Central de Venezuela,https://www.bcv.org.ve/sites/default/files/cuentas_macroeconomicas/7_1_7_anual.xls,2026-08-01T21:23:57Z
bcv_pib_demanda_anual,Producto interno bruto por componentes de demanda,Componentes del PIB,7_1_7_anual.xls,1997,Precios constantes,Nivel,Anual,2004,2004,,Enfoque de la demanda,Privado,246424.77,Bolívares,,Banco Central de Venezuela,https://www.bcv.org.ve/sites/default/files/cuentas_macroeconomicas/7_1_7_anual.xls,2026-08-01T21:23:57Z
bcv_pib_demanda_anual,Producto interno bruto por componentes de demanda,Componentes del PIB,7_1_7_anual.xls,Escala monetaria vigente desde 2018,Precios corrientes,Nivel,Anual,2004,2004,,Enfoque de la demanda,Privado,1046748.88,Bolívares,,Banco Central de Venezuela,https://www.bcv.org.ve/sites/default/files/cuentas_macroeconomicas/7_1_7_anual.xls,2026-08-01T21:23:57Z
bcv_pib_demanda_anual,Producto interno bruto por componentes de demanda,Componentes del PIB,7_1_7_anual.xls,1997,Precios constantes,Nivel,Anual,2005,2005,,Enfoque de la demanda,Privado,285144.57,Bolívares,,Banco Central de Venezuela,https://www.bcv.org.ve/sites/default/files/cuentas_macroeconomicas/7_1_7_anual.xls,2026-08-01T21:23:57Z
bcv_pib_demanda_anual,Producto interno bruto por componentes de demanda,Componentes del PIB,7_1_7_anual.xls,Escala monetaria vigente desde 2018,Precios corrientes,Nivel,Anual,2005,2005,,Enfoque de la demanda,Privado,1421608.49,Bolívares,,Banco Central de Venezuela,https://www.bcv.org.ve/sites/default/files/cuentas_macroeconomicas/7_1_7_anual.xls,2026-08-01T21:23:57Z
bcv_pib_demanda_anual,Producto interno bruto por componentes de demanda,Componentes del PIB,7_1_7_anual.xls,1997,Precios constantes,Nivel,Anual,2006,2006,,Enfoque de la demanda,Privado,329220.35,Bolívares,,Banco Central de Venezuela,https://www.bcv.org.ve/sites/default/files/cuentas_macroeconomicas/7_1_7_anual.xls,2026-08-01T21:23:57Z
bcv_pib_demanda_anual,Producto interno bruto por componentes de demanda,Componentes del PIB,7_1_7_anual.xls,Escala monetaria vigente desde 2018,Precios corrientes,Nivel,Anual,2006,2006,,Enfoque de la demanda,Privado,1851286.2,Bolívares,,Banco Central de Venezuela,https://www.bcv.org.ve/sites/default/files/cuentas_macroeconomicas/7_1_7_anual.xls,2026-08-01T21:23:57Z
bcv_pib_demanda_anual,Producto interno bruto por componentes de demanda,Componentes del PIB,7_1_7_anual.xls,1997,Precios constantes,Nivel,Anual,2007,2007,,Enfoque de la demanda,Privado,384812.71,Bolívares,,Banco Central de Venezuela,https://www.bcv.org.ve/sites/default/files/cuentas_macroeconomicas/7_1_7_anual.xls,2026-08-01T21:23:57Z
bcv_pib_demanda_anual,Producto interno bruto por componentes de demanda,Componentes del PIB,7_1_7_anual.xls,Escala monetaria vigente desde 2018,Precios corrientes,Nivel,Anual,2007,2007,,Enfoque de la demanda,Privado,2528693.69,Bolívares,,Banco Central de Venezuela,https://www.bcv.org.ve/sites/default/files/cuentas_macroeconomicas/7_1_7_anual.xls,2026-08-01T21:23:57Z
bcv_pib_demanda_anual,Producto interno bruto por componentes de demanda,Componentes del PIB,7_1_7_anual.xls,1997,Precios constantes,Nivel,Anual,2008,2008,,Enfoque de la demanda,Privado,409120.37,Bolívares,Preliminar,Banco Central de Venezuela,https://www.bcv.org.ve/sites/default/files/cuentas_macroeconomicas/7_1_7_anual.xls,2026-08-01T21:23:57Z
bcv_pib_demanda_anual,Producto interno bruto por componentes de demanda,Componentes del PIB,7_1_7_anual.xls,Escala monetaria vigente desde 2018,Precios corrientes,Nivel,Anual,2008,2008,,Enfoque de la demanda,Privado,3489711.98,Bolívares,Preliminar,Banco Central de Venezuela,https://www.bcv.org.ve/sites/default/files/cuentas_macroeconomicas/7_1_7_anual.xls,2026-08-01T21:23:57Z
bcv_pib_demanda_anual,Producto interno bruto por componentes de demanda,Componentes del PIB,7_1_7_anual.xls,1997,Precios constantes,Nivel,Anual,2009,2009,,Enfoque de la demanda,Privado,397159.64,Bolívares,Preliminar,Banco Central de Venezuela,https://www.bcv.org.ve/sites/default/files/cuentas_macroeconomicas/7_1_7_anual.xls,2026-08-01T21:23:57Z
bcv_pib_demanda_anual,Producto interno bruto por componentes de demanda,Componentes del PIB,7_1_7_anual.xls,Escala monetaria vigente desde 2018,Precios corrientes,Nivel,Anual,2009,2009,,Enfoque de la demanda,Privado,4447312.63,Bolívares,Preliminar,Banco Central de Venezuela,https://www.bcv.org.ve/sites/default/files/cuentas_macroeconomicas/7_1_7_anual.xls,2026-08-01T21:23:57Z
bcv_pib_demanda_anual,Producto interno bruto por componentes de demanda,Componentes del PIB,7_1_7_anual.xls,1997,Precios constantes,Nivel,Anual,2010,2010,,Enfoque de la demanda,Privado,389740.4,Bolívares,Preliminar,Banco Central de Venezuela,https://www.bcv.org.ve/sites/default/files/cuentas_macroeconomicas/7_1_7_anual.xls,2026-08-01T21:23:57Z
bcv_pib_demanda_anual,Producto interno bruto por componentes de demanda,Componentes del PIB,7_1_7_anual.xls,Escala monetaria vigente desde 2018,Precios corrientes,Nivel,Anual,2010,2010,,Enfoque de la demanda,Privado,5683585.9,Bolívares,Preliminar,Banco Central de Venezuela,https://www.bcv.org.ve/sites/default/files/cuentas_macroeconomicas/7_1_7_anual.xls,2026-08-01T21:23:57Z
bcv_pib_demanda_anual,Producto interno bruto por componentes de demanda,Componentes del PIB,7_1_7_anual.xls,1997,Precios constantes,Nivel,Anual,2011,2011,,Enfoque de la demanda,Privado,405423.02,Bolívares,Preliminar,Banco Central de Venezuela,https://www.bcv.org.ve/sites/default/files/cuentas_macroeconomicas/7_1_7_anual.xls,2026-08-01T21:23:57Z
bcv_pib_demanda_anual,Producto interno bruto por componentes de demanda,Componentes del PIB,7_1_7_anual.xls,Escala monetaria vigente desde 2018,Precios corrientes,Nivel,Anual,2011,2011,,Enfoque de la demanda,Privado,7488156.59,Bolívares,Preliminar,Banco Central de Venezuela,https://www.bcv.org.ve/sites/default/files/cuentas_macroeconomicas/7_1_7_anual.xls,2026-08-01T21:23:57Z
bcv_pib_demanda_anual,Producto interno bruto por componentes de demanda,Componentes del PIB,7_1_7_anual.xls,1997,Precios constantes,Nivel,Anual,2012,2012,,Enfoque de la demanda,Privado,433899.17,Bolívares,Preliminar,Banco Central de Venezuela,https://www.bcv.org.ve/sites/default/files/cuentas_macroeconomicas/7_1_7_anual.xls,2026-08-01T21:23:57Z
bcv_pib_demanda_anual,Producto interno bruto por componentes de demanda,Componentes del PIB,7_1_7_anual.xls,Escala monetaria vigente desde 2018,Precios corrientes,Nivel,Anual,2012,2012,,Enfoque de la demanda,Privado,9693782.28,Bolívares,Preliminar,Banco Central de Venezuela,https://www.bcv.org.ve/sites/default/files/cuentas_macroeconomicas/7_1_7_anual.xls,2026-08-01T21:23:57Z
bcv_pib_demanda_anual,Producto interno bruto por componentes de demanda,Componentes del PIB,7_1_7_anual.xls,1997,Precios constantes,Nivel,Anual,2013,2013,,Enfoque de la demanda,Privado,454391.49,Bolívares,Preliminar,Banco Central de Venezuela,https://www.bcv.org.ve/sites/default/files/cuentas_macroeconomicas/7_1_7_anual.xls,2026-08-01T21:23:57Z
bcv_pib_demanda_anual,Producto interno bruto por componentes de demanda,Componentes del PIB,7_1_7_anual.xls,Escala monetaria vigente desde 2018,Precios corrientes,Nivel,Anual,2013,2013,,Enfoque de la demanda,Privado,14618205.19,Bolívares,Preliminar,Banco Central de Venezuela,https://www.bcv.org.ve/sites/default/files/cuentas_macroeconomicas/7_1_7_anual.xls,2026-08-01T21:23:57Z
bcv_pib_demanda_anual,Producto interno bruto por componentes de demanda,Componentes del PIB,7_1_7_anual.xls,1997,Precios constantes,Nivel,Anual,2014,2014,,Enfoque de la demanda,Privado,439113.57,Bolívares,Preliminar,Banco Central de Venezuela,https://www.bcv.org.ve/sites/default/files/cuentas_macroeconomicas/7_1_7_anual.xls,2026-08-01T21:23:57Z
bcv_pib_demanda_anual,Producto interno bruto por componentes de demanda,Componentes del PIB,7_1_7_anual.xls,Escala monetaria vigente desde 2018,Precios corrientes,Nivel,Anual,2014,2014,,Enfoque de la demanda,Privado,22822103.69,Bolívares,Preliminar,Banco Central de Venezuela,https://www.bcv.org.ve/sites/default/files/cuentas_macroeconomicas/7_1_7_anual.xls,2026-08-01T21:23:57Z
bcv_pib_demanda_anual,Producto interno bruto por componentes de demanda,Componentes del PIB,7_1_7_anual.xls,1997,Precios constantes,Nivel,Anual,2015,2015,,Enfoque de la demanda,Privado,400014.6,Bolívares,Preliminar,Banco Central de Venezuela,https://www.bcv.org.ve/sites/default/files/cuentas_macroeconomicas/7_1_7_anual.xls,2026-08-01T21:23:57Z
bcv_pib_demanda_anual,Producto interno bruto por componentes de demanda,Componentes del PIB,7_1_7_anual.xls,Escala monetaria vigente desde 2018,Precios corrientes,Nivel,Anual,2015,2015,,Enfoque de la demanda,Privado,68879932.9,Bolívares,Preliminar,Banco Central de Venezuela,https://www.bcv.org.ve/sites/default/files/cuentas_macroeconomicas/7_1_7_anual.xls,2026-08-01T21:23:57Z
bcv_pib_demanda_anual,Producto interno bruto por componentes de demanda,Componentes del PIB,7_1_7_anual.xls,1997,Precios constantes,Nivel,Anual,2016,2016,,Enfoque de la demanda,Privado,322524.4,Bolívares,Preliminar,Banco Central de Venezuela,https://www.bcv.org.ve/sites/default/files/cuentas_macroeconomicas/7_1_7_anual.xls,2026-08-01T21:23:57Z
bcv_pib_demanda_anual,Producto interno bruto por componentes de demanda,Componentes del PIB,7_1_7_anual.xls,Escala monetaria vigente desde 2018,Precios corrientes,Nivel,Anual,2016,2016,,Enfoque de la demanda,Privado,240951524.3,Bolívares,Preliminar,Banco Central de Venezuela,https://www.bcv.org.ve/sites/default/files/cuentas_macroeconomicas/7_1_7_anual.xls,2026-08-01T21:23:57Z
bcv_pib_demanda_anual,Producto interno bruto por componentes de demanda,Componentes del PIB,7_1_7_anual.xls,1997,Precios constantes,Nivel,Anual,2017,2017,,Enfoque de la demanda,Privado,270367.63,Bolívares,Preliminar,Banco Central de Venezuela,https://www.bcv.org.ve/sites/default/files/cuentas_macroeconomicas/7_1_7_anual.xls,2026-08-01T21:23:57Z
bcv_pib_demanda_anual,Producto interno bruto por componentes de demanda,Componentes del PIB,7_1_7_anual.xls,Escala monetaria vigente desde 2018,Precios corrientes,Nivel,Anual,2017,2017,,Enfoque de la demanda,Privado,2018170322.11,Bolívares,Preliminar,Banco Central de Venezuela,https://www.bcv.org.ve/sites/default/files/cuentas_macroeconomicas/7_1_7_anual.xls,2026-08-01T21:23:57Z
bcv_pib_demanda_anual,Producto interno bruto por componentes de demanda,Componentes del PIB,7_1_7_anual.xls,1997,Precios constantes,Nivel,Anual,1997,1997,,Enfoque de la demanda,Producto interno bruto,419431.51000000007,Bolívares,,Banco Central de Venezuela,https://www.bcv.org.ve/sites/default/files/cuentas_macroeconomicas/7_1_7_anual.xls,2026-08-01T21:23:57Z
bcv_pib_demanda_anual,Producto interno bruto por componentes de demanda,Componentes del PIB,7_1_7_anual.xls,1997,Precios constantes,Nivel,Anual,1997,1997,,Enfoque de la producción,Producto interno bruto,419431.51,Bolívares,,Banco Central de Venezuela,https://www.bcv.org.ve/sites/default/files/cuentas_macroeconomicas/7_1_7_anual.xls,2026-08-01T21:23:57Z
bcv_pib_demanda_anual,Producto interno bruto por componentes de demanda,Componentes del PIB,7_1_7_anual.xls,Escala monetaria vigente desde 2018,Precios corrientes,Nivel,Anual,1997,1997,,Enfoque de la demanda,Producto interno bruto,419431.51000000007,Bolívares,,Banco Central de Venezuela,https://www.bcv.org.ve/sites/default/files/cuentas_macroeconomicas/7_1_7_anual.xls,2026-08-01T21:23:57Z
bcv_pib_demanda_anual,Producto interno bruto por componentes de demanda,Componentes del PIB,7_1_7_anual.xls,Escala monetaria vigente desde 2018,Precios corrientes,Nivel,Anual,1997,1997,,Enfoque de la producción,Producto interno bruto,419431.51,Bolívares,,Banco Central de Venezuela,https://www.bcv.org.ve/sites/default/files/cuentas_macroeconomicas/7_1_7_anual.xls,2026-08-01T21:23:57Z
bcv_pib_demanda_anual,Producto interno bruto por componentes de demanda,Componentes del PIB,7_1_7_anual.xls,Escala monetaria vigente desde 2018,Precios corrientes,Nivel,Anual,1997,1997,,Enfoque del ingreso,Producto interno bruto,419431.51,Bolívares,,Banco Central de Venezuela,https://www.bcv.org.ve/sites/default/files/cuentas_macroeconomicas/7_1_7_anual.xls,2026-08-01T21:23:57Z
bcv_pib_demanda_anual,Producto interno bruto por componentes de demanda,Componentes del PIB,7_1_7_anual.xls,1997,Precios constantes,Nivel,Anual,1998,1998,,Enfoque de la demanda,Producto interno bruto,420664.86999999994,Bolívares,,Banco Central de Venezuela,https://www.bcv.org.ve/sites/default/files/cuentas_macroeconomicas/7_1_7_anual.xls,2026-08-01T21:23:57Z
bcv_pib_demanda_anual,Producto interno bruto por componentes de demanda,Componentes del PIB,7_1_7_anual.xls,1997,Precios constantes,Nivel,Anual,1998,1998,,Enfoque de la producción,Producto interno bruto,420664.87,Bolívares,,Banco Central de Venezuela,https://www.bcv.org.ve/sites/default/files/cuentas_macroeconomicas/7_1_7_anual.xls,2026-08-01T21:23:57Z
bcv_pib_demanda_anual,Producto interno bruto por componentes de demanda,Componentes del PIB,7_1_7_anual.xls,Escala monetaria vigente desde 2018,Precios corrientes,Nivel,Anual,1998,1998,,Enfoque de la demanda,Producto interno bruto,500129.67,Bolívares,,Banco Central de Venezuela,https://www.bcv.org.ve/sites/default/files/cuentas_macroeconomicas/7_1_7_anual.xls,2026-08-01T21:23:57Z
bcv_pib_demanda_anual,Producto interno bruto por componentes de demanda,Componentes del PIB,7_1_7_anual.xls,Escala monetaria vigente desde 2018,Precios corrientes,Nivel,Anual,1998,1998,,Enfoque de la producción,Producto interno bruto,500129.67,Bolívares,,Banco Central de Venezuela,https://www.bcv.org.ve/sites/default/files/cuentas_macroeconomicas/7_1_7_anual.xls,2026-08-01T21:23:57Z
bcv_pib_demanda_anual,Producto interno bruto por componentes de demanda,Componentes del PIB,7_1_7_anual.xls,Escala monetaria vigente desde 2018,Precios corrientes,Nivel,Anual,1998,1998,,Enfoque del ingreso,Producto interno bruto,500129.67000000004,Bolívares,,Banco Central de Venezuela,https://www.bcv.org.ve/sites/default/files/cuentas_macroeconomicas/7_1_7_anual.xls,2026-08-01T21:23:57Z
bcv_pib_demanda_anual,Producto interno bruto por componentes de demanda,Componentes del PIB,7_1_7_anual.xls,1997,Precios constantes,Nivel,Anual,1999,1999,,Enfoque de la demanda,Producto interno bruto,395549.25,Bolívares,,Banco Central de Venezuela,https://www.bcv.org.ve/sites/default/files/cuentas_macroeconomicas/7_1_7_anual.xls,2026-08-01T21:23:57Z
bcv_pib_demanda_anual,Producto interno bruto por componentes de demanda,Componentes del PIB,7_1_7_anual.xls,1997,Precios constantes,Nivel,Anual,1999,1999,,Enfoque de la producción,Producto interno bruto,395549.25,Bolívares,,Banco Central de Venezuela,https://www.bcv.org.ve/sites/default/files/cuentas_macroeconomicas/7_1_7_anual.xls,2026-08-01T21:23:57Z
bcv_pib_demanda_anual,Producto interno bruto por componentes de demanda,Componentes del PIB,7_1_7_anual.xls,Escala monetaria vigente desde 2018,Precios corrientes,Nivel,Anual,1999,1999,,Enfoque de la demanda,Producto interno bruto,593446.0000000001,Bolívares,,Banco Central de Venezuela,https://www.bcv.org.ve/sites/default/files/cuentas_macroeconomicas/7_1_7_anual.xls,2026-08-01T21:23:57Z
bcv_pib_demanda_anual,Producto interno bruto por componentes de demanda,Componentes del PIB,7_1_7_anual.xls,Escala monetaria vigente desde 2018,Precios corrientes,Nivel,Anual,1999,1999,,Enfoque de la producción,Producto interno bruto,593446,Bolívares,,Banco Central de Venezuela,https://www.bcv.org.ve/sites/default/files/cuentas_macroeconomicas/7_1_7_anual.xls,2026-08-01T21:23:57Z
bcv_pib_demanda_anual,Producto interno bruto por componentes de demanda,Componentes del PIB,7_1_7_anual.xls,Escala monetaria vigente desde 2018,Precios corrientes,Nivel,Anual,1999,1999,,Enfoque del ingreso,Producto interno bruto,593446,Bolívares,,Banco Central de Venezuela,https://www.bcv.org.ve/sites/default/files/cuentas_macroeconomicas/7_1_7_anual.xls,2026-08-01T21:23:57Z
bcv_pib_demanda_anual,Producto interno bruto por componentes de demanda,Componentes del PIB,7_1_7_anual.xls,1997,Precios constantes,Nivel,Anual,2000,2000,,Enfoque de la demanda,Producto interno bruto,410132.92999999993,Bolívares,,Banco Central de Venezuela,https://www.bcv.org.ve/sites/default/files/cuentas_macroeconomicas/7_1_7_anual.xls,2026-08-01T21:23:57Z
bcv_pib_demanda_anual,Producto interno bruto por componentes de demanda,Componentes del PIB,7_1_7_anual.xls,1997,Precios constantes,Nivel,Anual,2000,2000,,Enfoque de la producción,Producto interno bruto,410132.93,Bolívares,,Banco Central de Venezuela,https://www.bcv.org.ve/sites/default/files/cuentas_macroeconomicas/7_1_7_anual.xls,2026-08-01T21:23:57Z
bcv_pib_demanda_anual,Producto interno bruto por componentes de demanda,Componentes del PIB,7_1_7_anual.xls,Escala monetaria vigente desde 2018,Precios corrientes,Nivel,Anual,2000,2000,,Enfoque de la demanda,Producto interno bruto,796556.9199999999,Bolívares,,Banco Central de Venezuela,https://www.bcv.org.ve/sites/default/files/cuentas_macroeconomicas/7_1_7_anual.xls,2026-08-01T21:23:57Z
bcv_pib_demanda_anual,Producto interno bruto por componentes de demanda,Componentes del PIB,7_1_7_anual.xls,Escala monetaria vigente desde 2018,Precios corrientes,Nivel,Anual,2000,2000,,Enfoque de la producción,Producto interno bruto,796556.92,Bolívares,,Banco Central de Venezuela,https://www.bcv.org.ve/sites/default/files/cuentas_macroeconomicas/7_1_7_anual.xls,2026-08-01T21:23:57Z
bcv_pib_demanda_anual,Producto interno bruto por componentes de demanda,Componentes del PIB,7_1_7_anual.xls,Escala monetaria vigente desde 2018,Precios corrientes,Nivel,Anual,2000,2000,,Enfoque del ingreso,Producto interno bruto,796556.92,Bolívares,,Banco Central de Venezuela,https://www.bcv.org.ve/sites/default/files/cuentas_macroeconomicas/7_1_7_anual.xls,2026-08-01T21:23:57Z
bcv_pib_demanda_anual,Producto interno bruto por componentes de demanda,Componentes del PIB,7_1_7_anual.xls,1997,Precios constantes,Nivel,Anual,2001,2001,,Enfoque de la demanda,Producto interno bruto,424053.81,Bolívares,,Banco Central de Venezuela,https://www.bcv.org.ve/sites/default/files/cuentas_macroeconomicas/7_1_7_anual.xls,2026-08-01T21:23:57Z
bcv_pib_demanda_anual,Producto interno bruto por componentes de demanda,Componentes del PIB,7_1_7_anual.xls,1997,Precios constantes,Nivel,Anual,2001,2001,,Enfoque de la producción,Producto interno bruto,424053.81,Bolívares,,Banco Central de Venezuela,https://www.bcv.org.ve/sites/default/files/cuentas_macroeconomicas/7_1_7_anual.xls,2026-08-01T21:23:57Z
bcv_pib_demanda_anual,Producto interno bruto por componentes de demanda,Componentes del PIB,7_1_7_anual.xls,Escala monetaria vigente desde 2018,Precios corrientes,Nivel,Anual,2001,2001,,Enfoque de la demanda,Producto interno bruto,889455.9600000001,Bolívares,,Banco Central de Venezuela,https://www.bcv.org.ve/sites/default/files/cuentas_macroeconomicas/7_1_7_anual.xls,2026-08-01T21:23:57Z
bcv_pib_demanda_anual,Producto interno bruto por componentes de demanda,Componentes del PIB,7_1_7_anual.xls,Escala monetaria vigente desde 2018,Precios corrientes,Nivel,Anual,2001,2001,,Enfoque de la producción,Producto interno bruto,889455.96,Bolívares,,Banco Central de Venezuela,https://www.bcv.org.ve/sites/default/files/cuentas_macroeconomicas/7_1_7_anual.xls,2026-08-01T21:23:57Z
bcv_pib_demanda_anual,Producto interno bruto por componentes de demanda,Componentes del PIB,7_1_7_anual.xls,Escala monetaria vigente desde 2018,Precios corrientes,Nivel,Anual,2001,2001,,Enfoque del ingreso,Producto interno bruto,889455.96,Bolívares,,Banco Central de Venezuela,https://www.bcv.org.ve/sites/default/files/cuentas_macroeconomicas/7_1_7_anual.xls,2026-08-01T21:23:57Z
bcv_pib_demanda_anual,Producto interno bruto por componentes de demanda,Componentes del PIB,7_1_7_anual.xls,1997,Precios constantes,Nivel,Anual,2002,2002,,Enfoque de la demanda,Producto interno bruto,386501.10000000003,Bolívares,,Banco Central de Venezuela,https://www.bcv.org.ve/sites/default/files/cuentas_macroeconomicas/7_1_7_anual.xls,2026-08-01T21:23:57Z
bcv_pib_demanda_anual,Producto interno bruto por componentes de demanda,Componentes del PIB,7_1_7_anual.xls,1997,Precios constantes,Nivel,Anual,2002,2002,,Enfoque de la producción,Producto interno bruto,386501.10000000003,Bolívares,,Banco Central de Venezuela,https://www.bcv.org.ve/sites/default/files/cuentas_macroeconomicas/7_1_7_anual.xls,2026-08-01T21:23:57Z
bcv_pib_demanda_anual,Producto interno bruto por componentes de demanda,Componentes del PIB,7_1_7_anual.xls,Escala monetaria vigente desde 2018,Precios corrientes,Nivel,Anual,2002,2002,,Enfoque de la demanda,Producto interno bruto,1078401.6600000001,Bolívares,,Banco Central de Venezuela,https://www.bcv.org.ve/sites/default/files/cuentas_macroeconomicas/7_1_7_anual.xls,2026-08-01T21:23:57Z
bcv_pib_demanda_anual,Producto interno bruto por componentes de demanda,Componentes del PIB,7_1_7_anual.xls,Escala monetaria vigente desde 2018,Precios corrientes,Nivel,Anual,2002,2002,,Enfoque de la producción,Producto interno bruto,1078401.66,Bolívares,,Banco Central de Venezuela,https://www.bcv.org.ve/sites/default/files/cuentas_macroeconomicas/7_1_7_anual.xls,2026-08-01T21:23:57Z
bcv_pib_demanda_anual,Producto interno bruto por componentes de demanda,Componentes del PIB,7_1_7_anual.xls,Escala monetaria vigente desde 2018,Precios corrientes,Nivel,Anual,2002,2002,,Enfoque del ingreso,Producto interno bruto,1078401.66,Bolívares,,Banco Central de Venezuela,https://www.bcv.org.ve/sites/default/files/cuentas_macroeconomicas/7_1_7_anual.xls,2026-08-01T21:23:57Z
bcv_pib_demanda_anual,Producto interno bruto por componentes de demanda,Componentes del PIB,7_1_7_anual.xls,1997,Precios constantes,Nivel,Anual,2003,2003,,Enfoque de la demanda,Producto interno bruto,356526.7799999999,Bolívares,,Banco Central de Venezuela,https://www.bcv.org.ve/sites/default/files/cuentas_macroeconomicas/7_1_7_anual.xls,2026-08-01T21:23:57Z
bcv_pib_demanda_anual,Producto interno bruto por componentes de demanda,Componentes del PIB,7_1_7_anual.xls,1997,Precios constantes,Nivel,Anual,2003,2003,,Enfoque de la producción,Producto interno bruto,356526.78,Bolívares,,Banco Central de Venezuela,https://www.bcv.org.ve/sites/default/files/cuentas_macroeconomicas/7_1_7_anual.xls,2026-08-01T21:23:57Z
bcv_pib_demanda_anual,Producto interno bruto por componentes de demanda,Componentes del PIB,7_1_7_anual.xls,Escala monetaria vigente desde 2018,Precios corrientes,Nivel,Anual,2003,2003,,Enfoque de la demanda,Producto interno bruto,1342278.33,Bolívares,,Banco Central de Venezuela,https://www.bcv.org.ve/sites/default/files/cuentas_macroeconomicas/7_1_7_anual.xls,2026-08-01T21:23:57Z
bcv_pib_demanda_anual,Producto interno bruto por componentes de demanda,Componentes del PIB,7_1_7_anual.xls,Escala monetaria vigente desde 2018,Precios corrientes,Nivel,Anual,2003,2003,,Enfoque de la producción,Producto interno bruto,1342278.3299999998,Bolívares,,Banco Central de Venezuela,https://www.bcv.org.ve/sites/default/files/cuentas_macroeconomicas/7_1_7_anual.xls,2026-08-01T21:23:57Z
bcv_pib_demanda_anual,Producto interno bruto por componentes de demanda,Componentes del PIB,7_1_7_anual.xls,Escala monetaria vigente desde 2018,Precios corrientes,Nivel,Anual,2003,2003,,Enfoque del ingreso,Producto interno bruto,1342278.3299999998,Bolívares,,Banco Central de Venezuela,https://www.bcv.org.ve/sites/default/files/cuentas_macroeconomicas/7_1_7_anual.xls,2026-08-01T21:23:57Z
bcv_pib_demanda_anual,Producto interno bruto por componentes de demanda,Componentes del PIB,7_1_7_anual.xls,1997,Precios constantes,Nivel,Anual,2004,2004,,Enfoque de la demanda,Producto interno bruto,421723.43000000005,Bolívares,,Banco Central de Venezuela,https://www.bcv.org.ve/sites/default/files/cuentas_macroeconomicas/7_1_7_anual.xls,2026-08-01T21:23:57Z
bcv_pib_demanda_anual,Producto interno bruto por componentes de demanda,Componentes del PIB,7_1_7_anual.xls,1997,Precios constantes,Nivel,Anual,2004,2004,,Enfoque de la producción,Producto interno bruto,421723.43,Bolívares,,Banco Central de Venezuela,https://www.bcv.org.ve/sites/default/files/cuentas_macroeconomicas/7_1_7_anual.xls,2026-08-01T21:23:57Z
bcv_pib_demanda_anual,Producto interno bruto por componentes de demanda,Componentes del PIB,7_1_7_anual.xls,Escala monetaria vigente desde 2018,Precios corrientes,Nivel,Anual,2004,2004,,Enfoque de la demanda,Producto interno bruto,2126830.82,Bolívares,,Banco Central de Venezuela,https://www.bcv.org.ve/sites/default/files/cuentas_macroeconomicas/7_1_7_anual.xls,2026-08-01T21:23:57Z
bcv_pib_demanda_anual,Producto interno bruto por componentes de demanda,Componentes del PIB,7_1_7_anual.xls,Escala monetaria vigente desde 2018,Precios corrientes,Nivel,Anual,2004,2004,,Enfoque de la producción,Producto interno bruto,2126830.82,Bolívares,,Banco Central de Venezuela,https://www.bcv.org.ve/sites/default/files/cuentas_macroeconomicas/7_1_7_anual.xls,2026-08-01T21:23:57Z
bcv_pib_demanda_anual,Producto interno bruto por componentes de demanda,Componentes del PIB,7_1_7_anual.xls,Escala monetaria vigente desde 2018,Precios corrientes,Nivel,Anual,2004,2004,,Enfoque del ingreso,Producto interno bruto,2126830.8200000003,Bolívares,,Banco Central de Venezuela,https://www.bcv.org.ve/sites/default/files/cuentas_macroeconomicas/7_1_7_anual.xls,2026-08-01T21:23:57Z
bcv_pib_demanda_anual,Producto interno bruto por componentes de demanda,Componentes del PIB,7_1_7_anual.xls,1997,Precios constantes,Nivel,Anual,2005,2005,,Enfoque de la demanda,Producto interno bruto,465236.49,Bolívares,,Banco Central de Venezuela,https://www.bcv.org.ve/sites/default/files/cuentas_macroeconomicas/7_1_7_anual.xls,2026-08-01T21:23:57Z
bcv_pib_demanda_anual,Producto interno bruto por componentes de demanda,Componentes del PIB,7_1_7_anual.xls,1997,Precios constantes,Nivel,Anual,2005,2005,,Enfoque de la producción,Producto interno bruto,465236.49,Bolívares,,Banco Central de Venezuela,https://www.bcv.org.ve/sites/default/files/cuentas_macroeconomicas/7_1_7_anual.xls,2026-08-01T21:23:57Z
bcv_pib_demanda_anual,Producto interno bruto por componentes de demanda,Componentes del PIB,7_1_7_anual.xls,Escala monetaria vigente desde 2018,Precios corrientes,Nivel,Anual,2005,2005,,Enfoque de la demanda,Producto interno bruto,3040868.15,Bolívares,,Banco Central de Venezuela,https://www.bcv.org.ve/sites/default/files/cuentas_macroeconomicas/7_1_7_anual.xls,2026-08-01T21:23:57Z
bcv_pib_demanda_anual,Producto interno bruto por componentes de demanda,Componentes del PIB,7_1_7_anual.xls,Escala monetaria vigente desde 2018,Precios corrientes,Nivel,Anual,2005,2005,,Enfoque de la producción,Producto interno bruto,3040868.1500000004,Bolívares,,Banco Central de Venezuela,https://www.bcv.org.ve/sites/default/files/cuentas_macroeconomicas/7_1_7_anual.xls,2026-08-01T21:23:57Z
bcv_pib_demanda_anual,Producto interno bruto por componentes de demanda,Componentes del PIB,7_1_7_anual.xls,Escala monetaria vigente desde 2018,Precios corrientes,Nivel,Anual,2005,2005,,Enfoque del ingreso,Producto interno bruto,3040868.15,Bolívares,,Banco Central de Venezuela,https://www.bcv.org.ve/sites/default/files/cuentas_macroeconomicas/7_1_7_anual.xls,2026-08-01T21:23:57Z
bcv_pib_demanda_anual,Producto interno bruto por componentes de demanda,Componentes del PIB,7_1_7_anual.xls,1997,Precios constantes,Nivel,Anual,2006,2006,,Enfoque de la demanda,Producto interno bruto,511165.32999999996,Bolívares,,Banco Central de Venezuela,https://www.bcv.org.ve/sites/default/files/cuentas_macroeconomicas/7_1_7_anual.xls,2026-08-01T21:23:57Z
bcv_pib_demanda_anual,Producto interno bruto por componentes de demanda,Componentes del PIB,7_1_7_anual.xls,1997,Precios constantes,Nivel,Anual,2006,2006,,Enfoque de la producción,Producto interno bruto,511165.33,Bolívares,,Banco Central de Venezuela,https://www.bcv.org.ve/sites/default/files/cuentas_macroeconomicas/7_1_7_anual.xls,2026-08-01T21:23:57Z
bcv_pib_demanda_anual,Producto interno bruto por componentes de demanda,Componentes del PIB,7_1_7_anual.xls,Escala monetaria vigente desde 2018,Precios corrientes,Nivel,Anual,2006,2006,,Enfoque de la demanda,Producto interno bruto,3939262.4000000004,Bolívares,,Banco Central de Venezuela,https://www.bcv.org.ve/sites/default/files/cuentas_macroeconomicas/7_1_7_anual.xls,2026-08-01T21:23:57Z
bcv_pib_demanda_anual,Producto interno bruto por componentes de demanda,Componentes del PIB,7_1_7_anual.xls,Escala monetaria vigente desde 2018,Precios corrientes,Nivel,Anual,2006,2006,,Enfoque de la producción,Producto interno bruto,3939262.4,Bolívares,,Banco Central de Venezuela,https://www.bcv.org.ve/sites/default/files/cuentas_macroeconomicas/7_1_7_anual.xls,2026-08-01T21:23:57Z
bcv_pib_demanda_anual,Producto interno bruto por componentes de demanda,Componentes del PIB,7_1_7_anual.xls,Escala monetaria vigente desde 2018,Precios corrientes,Nivel,Anual,2006,2006,,Enfoque del ingreso,Producto interno bruto,3939262.4,Bolívares,,Banco Central de Venezuela,https://www.bcv.org.ve/sites/default/files/cuentas_macroeconomicas/7_1_7_anual.xls,2026-08-01T21:23:57Z
bcv_pib_demanda_anual,Producto interno bruto por componentes de demanda,Componentes del PIB,7_1_7_anual.xls,1997,Precios constantes,Nivel,Anual,2007,2007,,Enfoque de la demanda,Producto interno bruto,555910.59,Bolívares,,Banco Central de Venezuela,https://www.bcv.org.ve/sites/default/files/cuentas_macroeconomicas/7_1_7_anual.xls,2026-08-01T21:23:57Z
bcv_pib_demanda_anual,Producto interno bruto por componentes de demanda,Componentes del PIB,7_1_7_anual.xls,1997,Precios constantes,Nivel,Anual,2007,2007,,Enfoque de la producción,Producto interno bruto,555910.59,Bolívares,,Banco Central de Venezuela,https://www.bcv.org.ve/sites/default/files/cuentas_macroeconomicas/7_1_7_anual.xls,2026-08-01T21:23:57Z
bcv_pib_demanda_anual,Producto interno bruto por componentes de demanda,Componentes del PIB,7_1_7_anual.xls,Escala monetaria vigente desde 2018,Precios corrientes,Nivel,Anual,2007,2007,,Enfoque de la demanda,Producto interno bruto,4945915.35,Bolívares,,Banco Central de Venezuela,https://www.bcv.org.ve/sites/default/files/cuentas_macroeconomicas/7_1_7_anual.xls,2026-08-01T21:23:57Z
bcv_pib_demanda_anual,Producto interno bruto por componentes de demanda,Componentes del PIB,7_1_7_anual.xls,Escala monetaria vigente desde 2018,Precios corrientes,Nivel,Anual,2007,2007,,Enfoque de la producción,Producto interno bruto,4945915.350000001,Bolívares,,Banco Central de Venezuela,https://www.bcv.org.ve/sites/default/files/cuentas_macroeconomicas/7_1_7_anual.xls,2026-08-01T21:23:57Z
bcv_pib_demanda_anual,Producto interno bruto por componentes de demanda,Componentes del PIB,7_1_7_anual.xls,Escala monetaria vigente desde 2018,Precios corrientes,Nivel,Anual,2007,2007,,Enfoque del ingreso,Producto interno bruto,4945915.35,Bolívares,,Banco Central de Venezuela,https://www.bcv.org.ve/sites/default/files/cuentas_macroeconomicas/7_1_7_anual.xls,2026-08-01T21:23:57Z
bcv_pib_demanda_anual,Producto interno bruto por componentes de demanda,Componentes del PIB,7_1_7_anual.xls,1997,Precios constantes,Nivel,Anual,2008,2008,,Enfoque de la demanda,Producto interno bruto,585250.74,Bolívares,Preliminar,Banco Central de Venezuela,https://www.bcv.org.ve/sites/default/files/cuentas_macroeconomicas/7_1_7_anual.xls,2026-08-01T21:23:57Z
bcv_pib_demanda_anual,Producto interno bruto por componentes de demanda,Componentes del PIB,7_1_7_anual.xls,1997,Precios constantes,Nivel,Anual,2008,2008,,Enfoque de la producción,Producto interno bruto,585250.74,Bolívares,Preliminar,Banco Central de Venezuela,https://www.bcv.org.ve/sites/default/files/cuentas_macroeconomicas/7_1_7_anual.xls,2026-08-01T21:23:57Z
bcv_pib_demanda_anual,Producto interno bruto por componentes de demanda,Componentes del PIB,7_1_7_anual.xls,Escala monetaria vigente desde 2018,Precios corrientes,Nivel,Anual,2008,2008,,Enfoque de la demanda,Producto interno bruto,6775936.369999999,Bolívares,Preliminar,Banco Central de Venezuela,https://www.bcv.org.ve/sites/default/files/cuentas_macroeconomicas/7_1_7_anual.xls,2026-08-01T21:23:57Z
bcv_pib_demanda_anual,Producto interno bruto por componentes de demanda,Componentes del PIB,7_1_7_anual.xls,Escala monetaria vigente desde 2018,Precios corrientes,Nivel,Anual,2008,2008,,Enfoque de la producción,Producto interno bruto,6775936.37,Bolívares,Preliminar,Banco Central de Venezuela,https://www.bcv.org.ve/sites/default/files/cuentas_macroeconomicas/7_1_7_anual.xls,2026-08-01T21:23:57Z
bcv_pib_demanda_anual,Producto interno bruto por componentes de demanda,Componentes del PIB,7_1_7_anual.xls,Escala monetaria vigente desde 2018,Precios corrientes,Nivel,Anual,2008,2008,,Enfoque del ingreso,Producto interno bruto,6775936.37,Bolívares,Preliminar,Banco Central de Venezuela,https://www.bcv.org.ve/sites/default/files/cuentas_macroeconomicas/7_1_7_anual.xls,2026-08-01T21:23:57Z
bcv_pib_demanda_anual,Producto interno bruto por componentes de demanda,Componentes del PIB,7_1_7_anual.xls,1997,Precios constantes,Nivel,Anual,2009,2009,,Enfoque de la demanda,Producto interno bruto,566509.24,Bolívares,Preliminar,Banco Central de Venezuela,https://www.bcv.org.ve/sites/default/files/cuentas_macroeconomicas/7_1_7_anual.xls,2026-08-01T21:23:57Z
bcv_pib_demanda_anual,Producto interno bruto por componentes de demanda,Componentes del PIB,7_1_7_anual.xls,1997,Precios constantes,Nivel,Anual,2009,2009,,Enfoque de la producción,Producto interno bruto,566509.24,Bolívares,Preliminar,Banco Central de Venezuela,https://www.bcv.org.ve/sites/default/files/cuentas_macroeconomicas/7_1_7_anual.xls,2026-08-01T21:23:57Z
bcv_pib_demanda_anual,Producto interno bruto por componentes de demanda,Componentes del PIB,7_1_7_anual.xls,Escala monetaria vigente desde 2018,Precios corrientes,Nivel,Anual,2009,2009,,Enfoque de la demanda,Producto interno bruto,7072625.49,Bolívares,Preliminar,Banco Central de Venezuela,https://www.bcv.org.ve/sites/default/files/cuentas_macroeconomicas/7_1_7_anual.xls,2026-08-01T21:23:57Z
bcv_pib_demanda_anual,Producto interno bruto por componentes de demanda,Componentes del PIB,7_1_7_anual.xls,Escala monetaria vigente desde 2018,Precios corrientes,Nivel,Anual,2009,2009,,Enfoque de la producción,Producto interno bruto,7072625.49,Bolívares,Preliminar,Banco Central de Venezuela,https://www.bcv.org.ve/sites/default/files/cuentas_macroeconomicas/7_1_7_anual.xls,2026-08-01T21:23:57Z
bcv_pib_demanda_anual,Producto interno bruto por componentes de demanda,Componentes del PIB,7_1_7_anual.xls,Escala monetaria vigente desde 2018,Precios corrientes,Nivel,Anual,2009,2009,,Enfoque del ingreso,Producto interno bruto,7072625.489999999,Bolívares,Preliminar,Banco Central de Venezuela,https://www.bcv.org.ve/sites/default/files/cuentas_macroeconomicas/7_1_7_anual.xls,2026-08-01T21:23:57Z
bcv_pib_demanda_anual,Producto interno bruto por componentes de demanda,Componentes del PIB,7_1_7_anual.xls,1997,Precios constantes,Nivel,Anual,2010,2010,,Enfoque de la demanda,Producto interno bruto,558075.1,Bolívares,Preliminar,Banco Central de Venezuela,https://www.bcv.org.ve/sites/default/files/cuentas_macroeconomicas/7_1_7_anual.xls,2026-08-01T21:23:57Z
bcv_pib_demanda_anual,Producto interno bruto por componentes de demanda,Componentes del PIB,7_1_7_anual.xls,1997,Precios constantes,Nivel,Anual,2010,2010,,Enfoque de la producción,Producto interno bruto,558075.1,Bolívares,Preliminar,Banco Central de Venezuela,https://www.bcv.org.ve/sites/default/files/cuentas_macroeconomicas/7_1_7_anual.xls,2026-08-01T21:23:57Z
bcv_pib_demanda_anual,Producto interno bruto por componentes de demanda,Componentes del PIB,7_1_7_anual.xls,Escala monetaria vigente desde 2018,Precios corrientes,Nivel,Anual,2010,2010,,Enfoque de la demanda,Producto interno bruto,10168347.48,Bolívares,Preliminar,Banco Central de Venezuela,https://www.bcv.org.ve/sites/default/files/cuentas_macroeconomicas/7_1_7_anual.xls,2026-08-01T21:23:57Z
bcv_pib_demanda_anual,Producto interno bruto por componentes de demanda,Componentes del PIB,7_1_7_anual.xls,Escala monetaria vigente desde 2018,Precios corrientes,Nivel,Anual,2010,2010,,Enfoque de la producción,Producto interno bruto,10168347.479999999,Bolívares,Preliminar,Banco Central de Venezuela,https://www.bcv.org.ve/sites/default/files/cuentas_macroeconomicas/7_1_7_anual.xls,2026-08-01T21:23:57Z
bcv_pib_demanda_anual,Producto interno bruto por componentes de demanda,Componentes del PIB,7_1_7_anual.xls,Escala monetaria vigente desde 2018,Precios corrientes,Nivel,Anual,2010,2010,,Enfoque del ingreso,Producto interno bruto,10168347.48,Bolívares,Preliminar,Banco Central de Venezuela,https://www.bcv.org.ve/sites/default/files/cuentas_macroeconomicas/7_1_7_anual.xls,2026-08-01T21:23:57Z
bcv_pib_demanda_anual,Producto interno bruto por componentes de demanda,Componentes del PIB,7_1_7_anual.xls,1997,Precios constantes,Nivel,Anual,2011,2011,,Enfoque de la demanda,Producto interno bruto,581382.69,Bolívares,Preliminar,Banco Central de Venezuela,https://www.bcv.org.ve/sites/default/files/cuentas_macroeconomicas/7_1_7_anual.xls,2026-08-01T21:23:57Z
bcv_pib_demanda_anual,Producto interno bruto por componentes de demanda,Componentes del PIB,7_1_7_anual.xls,1997,Precios constantes,Nivel,Anual,2011,2011,,Enfoque de la producción,Producto interno bruto,581382.69,Bolívares,Preliminar,Banco Central de Venezuela,https://www.bcv.org.ve/sites/default/files/cuentas_macroeconomicas/7_1_7_anual.xls,2026-08-01T21:23:57Z
bcv_pib_demanda_anual,Producto interno bruto por componentes de demanda,Componentes del PIB,7_1_7_anual.xls,Escala monetaria vigente desde 2018,Precios corrientes,Nivel,Anual,2011,2011,,Enfoque de la demanda,Producto interno bruto,13574870.61,Bolívares,Preliminar,Banco Central de Venezuela,https://www.bcv.org.ve/sites/default/files/cuentas_macroeconomicas/7_1_7_anual.xls,2026-08-01T21:23:57Z
bcv_pib_demanda_anual,Producto interno bruto por componentes de demanda,Componentes del PIB,7_1_7_anual.xls,Escala monetaria vigente desde 2018,Precios corrientes,Nivel,Anual,2011,2011,,Enfoque de la producción,Producto interno bruto,13574870.610000001,Bolívares,Preliminar,Banco Central de Venezuela,https://www.bcv.org.ve/sites/default/files/cuentas_macroeconomicas/7_1_7_anual.xls,2026-08-01T21:23:57Z
bcv_pib_demanda_anual,Producto interno bruto por componentes de demanda,Componentes del PIB,7_1_7_anual.xls,Escala monetaria vigente desde 2018,Precios corrientes,Nivel,Anual,2011,2011,,Enfoque del ingreso,Producto interno bruto,13574870.61,Bolívares,Preliminar,Banco Central de Venezuela,https://www.bcv.org.ve/sites/default/files/cuentas_macroeconomicas/7_1_7_anual.xls,2026-08-01T21:23:57Z
bcv_pib_demanda_anual,Producto interno bruto por componentes de demanda,Componentes del PIB,7_1_7_anual.xls,1997,Precios constantes,Nivel,Anual,2012,2012,,Enfoque de la demanda,Producto interno bruto,614091.03,Bolívares,Preliminar,Banco Central de Venezuela,https://www.bcv.org.ve/sites/default/files/cuentas_macroeconomicas/7_1_7_anual.xls,2026-08-01T21:23:57Z
bcv_pib_demanda_anual,Producto interno bruto por componentes de demanda,Componentes del PIB,7_1_7_anual.xls,1997,Precios constantes,Nivel,Anual,2012,2012,,Enfoque de la producción,Producto interno bruto,614091.03,Bolívares,Preliminar,Banco Central de Venezuela,https://www.bcv.org.ve/sites/default/files/cuentas_macroeconomicas/7_1_7_anual.xls,2026-08-01T21:23:57Z
bcv_pib_demanda_anual,Producto interno bruto por componentes de demanda,Componentes del PIB,7_1_7_anual.xls,Escala monetaria vigente desde 2018,Precios corrientes,Nivel,Anual,2012,2012,,Enfoque de la demanda,Producto interno bruto,16354510.6,Bolívares,Preliminar,Banco Central de Venezuela,https://www.bcv.org.ve/sites/default/files/cuentas_macroeconomicas/7_1_7_anual.xls,2026-08-01T21:23:57Z
bcv_pib_demanda_anual,Producto interno bruto por componentes de demanda,Componentes del PIB,7_1_7_anual.xls,Escala monetaria vigente desde 2018,Precios corrientes,Nivel,Anual,2012,2012,,Enfoque de la producción,Producto interno bruto,16354510.6,Bolívares,Preliminar,Banco Central de Venezuela,https://www.bcv.org.ve/sites/default/files/cuentas_macroeconomicas/7_1_7_anual.xls,2026-08-01T21:23:57Z
bcv_pib_demanda_anual,Producto interno bruto por componentes de demanda,Componentes del PIB,7_1_7_anual.xls,Escala monetaria vigente desde 2018,Precios corrientes,Nivel,Anual,2012,2012,,Enfoque del ingreso,Producto interno bruto,16354510.600000001,Bolívares,Preliminar,Banco Central de Venezuela,https://www.bcv.org.ve/sites/default/files/cuentas_macroeconomicas/7_1_7_anual.xls,2026-08-01T21:23:57Z
bcv_pib_demanda_anual,Producto interno bruto por componentes de demanda,Componentes del PIB,7_1_7_anual.xls,1997,Precios constantes,Nivel,Anual,2013,2013,,Enfoque de la demanda,Producto interno bruto,622338.85,Bolívares,Preliminar,Banco Central de Venezuela,https://www.bcv.org.ve/sites/default/files/cuentas_macroeconomicas/7_1_7_anual.xls,2026-08-01T21:23:57Z
bcv_pib_demanda_anual,Producto interno bruto por componentes de demanda,Componentes del PIB,7_1_7_anual.xls,1997,Precios constantes,Nivel,Anual,2013,2013,,Enfoque de la producción,Producto interno bruto,622338.85,Bolívares,Preliminar,Banco Central de Venezuela,https://www.bcv.org.ve/sites/default/files/cuentas_macroeconomicas/7_1_7_anual.xls,2026-08-01T21:23:57Z
bcv_pib_demanda_anual,Producto interno bruto por componentes de demanda,Componentes del PIB,7_1_7_anual.xls,Escala monetaria vigente desde 2018,Precios corrientes,Nivel,Anual,2013,2013,,Enfoque de la demanda,Producto interno bruto,22458439.66,Bolívares,Preliminar,Banco Central de Venezuela,https://www.bcv.org.ve/sites/default/files/cuentas_macroeconomicas/7_1_7_anual.xls,2026-08-01T21:23:57Z
bcv_pib_demanda_anual,Producto interno bruto por componentes de demanda,Componentes del PIB,7_1_7_anual.xls,Escala monetaria vigente desde 2018,Precios corrientes,Nivel,Anual,2013,2013,,Enfoque de la producción,Producto interno bruto,22458439.66,Bolívares,Preliminar,Banco Central de Venezuela,https://www.bcv.org.ve/sites/default/files/cuentas_macroeconomicas/7_1_7_anual.xls,2026-08-01T21:23:57Z
bcv_pib_demanda_anual,Producto interno bruto por componentes de demanda,Componentes del PIB,7_1_7_anual.xls,Escala monetaria vigente desde 2018,Precios corrientes,Nivel,Anual,2013,2013,,Enfoque del ingreso,Producto interno bruto,22458439.660000004,Bolívares,Preliminar,Banco Central de Venezuela,https://www.bcv.org.ve/sites/default/files/cuentas_macroeconomicas/7_1_7_anual.xls,2026-08-01T21:23:57Z
bcv_pib_demanda_anual,Producto interno bruto por componentes de demanda,Componentes del PIB,7_1_7_anual.xls,1997,Precios constantes,Nivel,Anual,2014,2014,,Enfoque de la demanda,Producto interno bruto,598102.57,Bolívares,Preliminar,Banco Central de Venezuela,https://www.bcv.org.ve/sites/default/files/cuentas_macroeconomicas/7_1_7_anual.xls,2026-08-01T21:23:57Z
bcv_pib_demanda_anual,Producto interno bruto por componentes de demanda,Componentes del PIB,7_1_7_anual.xls,1997,Precios constantes,Nivel,Anual,2014,2014,,Enfoque de la producción,Producto interno bruto,598102.5700000001,Bolívares,Preliminar,Banco Central de Venezuela,https://www.bcv.org.ve/sites/default/files/cuentas_macroeconomicas/7_1_7_anual.xls,2026-08-01T21:23:57Z
bcv_pib_demanda_anual,Producto interno bruto por componentes de demanda,Componentes del PIB,7_1_7_anual.xls,Escala monetaria vigente desde 2018,Precios corrientes,Nivel,Anual,2014,2014,,Enfoque de la demanda,Producto interno bruto,30312424.310000002,Bolívares,Preliminar,Banco Central de Venezuela,https://www.bcv.org.ve/sites/default/files/cuentas_macroeconomicas/7_1_7_anual.xls,2026-08-01T21:23:57Z
bcv_pib_demanda_anual,Producto interno bruto por componentes de demanda,Componentes del PIB,7_1_7_anual.xls,Escala monetaria vigente desde 2018,Precios corrientes,Nivel,Anual,2014,2014,,Enfoque de la producción,Producto interno bruto,30312424.31,Bolívares,Preliminar,Banco Central de Venezuela,https://www.bcv.org.ve/sites/default/files/cuentas_macroeconomicas/7_1_7_anual.xls,2026-08-01T21:23:57Z
bcv_pib_demanda_anual,Producto interno bruto por componentes de demanda,Componentes del PIB,7_1_7_anual.xls,Escala monetaria vigente desde 2018,Precios corrientes,Nivel,Anual,2014,2014,,Enfoque del ingreso,Producto interno bruto,30312424.310000002,Bolívares,Preliminar,Banco Central de Venezuela,https://www.bcv.org.ve/sites/default/files/cuentas_macroeconomicas/7_1_7_anual.xls,2026-08-01T21:23:57Z
bcv_pib_demanda_anual,Producto interno bruto por componentes de demanda,Componentes del PIB,7_1_7_anual.xls,1997,Precios constantes,Nivel,Anual,2015,2015,,Enfoque de la demanda,Producto interno bruto,560892.39,Bolívares,Preliminar,Banco Central de Venezuela,https://www.bcv.org.ve/sites/default/files/cuentas_macroeconomicas/7_1_7_anual.xls,2026-08-01T21:23:57Z
bcv_pib_demanda_anual,Producto interno bruto por componentes de demanda,Componentes del PIB,7_1_7_anual.xls,1997,Precios constantes,Nivel,Anual,2015,2015,,Enfoque de la producción,Producto interno bruto,560892.39,Bolívares,Preliminar,Banco Central de Venezuela,https://www.bcv.org.ve/sites/default/files/cuentas_macroeconomicas/7_1_7_anual.xls,2026-08-01T21:23:57Z
bcv_pib_demanda_anual,Producto interno bruto por componentes de demanda,Componentes del PIB,7_1_7_anual.xls,Escala monetaria vigente desde 2018,Precios corrientes,Nivel,Anual,2015,2015,,Enfoque de la demanda,Producto interno bruto,80370819.33000001,Bolívares,Preliminar,Banco Central de Venezuela,https://www.bcv.org.ve/sites/default/files/cuentas_macroeconomicas/7_1_7_anual.xls,2026-08-01T21:23:57Z
bcv_pib_demanda_anual,Producto interno bruto por componentes de demanda,Componentes del PIB,7_1_7_anual.xls,Escala monetaria vigente desde 2018,Precios corrientes,Nivel,Anual,2015,2015,,Enfoque de la producción,Producto interno bruto,80370819.33,Bolívares,Preliminar,Banco Central de Venezuela,https://www.bcv.org.ve/sites/default/files/cuentas_macroeconomicas/7_1_7_anual.xls,2026-08-01T21:23:57Z
bcv_pib_demanda_anual,Producto interno bruto por componentes de demanda,Componentes del PIB,7_1_7_anual.xls,Escala monetaria vigente desde 2018,Precios corrientes,Nivel,Anual,2015,2015,,Enfoque del ingreso,Producto interno bruto,80370819.32999998,Bolívares,Preliminar,Banco Central de Venezuela,https://www.bcv.org.ve/sites/default/files/cuentas_macroeconomicas/7_1_7_anual.xls,2026-08-01T21:23:57Z
bcv_pib_demanda_anual,Producto interno bruto por componentes de demanda,Componentes del PIB,7_1_7_anual.xls,1997,Precios constantes,Nivel,Anual,2016,2016,,Enfoque de la demanda,Producto interno bruto,465314.45,Bolívares,Preliminar,Banco Central de Venezuela,https://www.bcv.org.ve/sites/default/files/cuentas_macroeconomicas/7_1_7_anual.xls,2026-08-01T21:23:57Z
bcv_pib_demanda_anual,Producto interno bruto por componentes de demanda,Componentes del PIB,7_1_7_anual.xls,1997,Precios constantes,Nivel,Anual,2016,2016,,Enfoque de la producción,Producto interno bruto,465314.45,Bolívares,Preliminar,Banco Central de Venezuela,https://www.bcv.org.ve/sites/default/files/cuentas_macroeconomicas/7_1_7_anual.xls,2026-08-01T21:23:57Z
bcv_pib_demanda_anual,Producto interno bruto por componentes de demanda,Componentes del PIB,7_1_7_anual.xls,Escala monetaria vigente desde 2018,Precios corrientes,Nivel,Anual,2016,2016,,Enfoque de la demanda,Producto interno bruto,280907302.63,Bolívares,Preliminar,Banco Central de Venezuela,https://www.bcv.org.ve/sites/default/files/cuentas_macroeconomicas/7_1_7_anual.xls,2026-08-01T21:23:57Z
bcv_pib_demanda_anual,Producto interno bruto por componentes de demanda,Componentes del PIB,7_1_7_anual.xls,Escala monetaria vigente desde 2018,Precios corrientes,Nivel,Anual,2016,2016,,Enfoque de la producción,Producto interno bruto,280907302.63,Bolívares,Preliminar,Banco Central de Venezuela,https://www.bcv.org.ve/sites/default/files/cuentas_macroeconomicas/7_1_7_anual.xls,2026-08-01T21:23:57Z
bcv_pib_demanda_anual,Producto interno bruto por componentes de demanda,Componentes del PIB,7_1_7_anual.xls,Escala monetaria vigente desde 2018,Precios corrientes,Nivel,Anual,2016,2016,,Enfoque del ingreso,Producto interno bruto,280907302.63,Bolívares,Preliminar,Banco Central de Venezuela,https://www.bcv.org.ve/sites/default/files/cuentas_macroeconomicas/7_1_7_anual.xls,2026-08-01T21:23:57Z
bcv_pib_demanda_anual,Producto interno bruto por componentes de demanda,Componentes del PIB,7_1_7_anual.xls,1997,Precios constantes,Nivel,Anual,2017,2017,,Enfoque de la demanda,Producto interno bruto,392393.12,Bolívares,Preliminar,Banco Central de Venezuela,https://www.bcv.org.ve/sites/default/files/cuentas_macroeconomicas/7_1_7_anual.xls,2026-08-01T21:23:57Z
bcv_pib_demanda_anual,Producto interno bruto por componentes de demanda,Componentes del PIB,7_1_7_anual.xls,1997,Precios constantes,Nivel,Anual,2017,2017,,Enfoque de la producción,Producto interno bruto,392393.12,Bolívares,Preliminar,Banco Central de Venezuela,https://www.bcv.org.ve/sites/default/files/cuentas_macroeconomicas/7_1_7_anual.xls,2026-08-01T21:23:57Z
bcv_pib_demanda_anual,Producto interno bruto por componentes de demanda,Componentes del PIB,7_1_7_anual.xls,Escala monetaria vigente desde 2018,Precios corrientes,Nivel,Anual,2017,2017,,Enfoque de la demanda,Producto interno bruto,2008918493.6799998,Bolívares,Preliminar,Banco Central de Venezuela,https://www.bcv.org.ve/sites/default/files/cuentas_macroeconomicas/7_1_7_anual.xls,2026-08-01T21:23:57Z
bcv_pib_demanda_anual,Producto interno bruto por componentes de demanda,Componentes del PIB,7_1_7_anual.xls,Escala monetaria vigente desde 2018,Precios corrientes,Nivel,Anual,2017,2017,,Enfoque de la producción,Producto interno bruto,2008918493.68,Bolívares,Preliminar,Banco Central de Venezuela,https://www.bcv.org.ve/sites/default/files/cuentas_macroeconomicas/7_1_7_anual.xls,2026-08-01T21:23:57Z
bcv_pib_demanda_anual,Producto interno bruto por componentes de demanda,Componentes del PIB,7_1_7_anual.xls,Escala monetaria vigente desde 2018,Precios corrientes,Nivel,Anual,2017,2017,,Enfoque del ingreso,Producto interno bruto,2008918493.68,Bolívares,Preliminar,Banco Central de Venezuela,https://www.bcv.org.ve/sites/default/files/cuentas_macroeconomicas/7_1_7_anual.xls,2026-08-01T21:23:57Z
bcv_pib_demanda_anual,Producto interno bruto por componentes de demanda,Componentes del PIB,7_1_7_anual.xls,1997,Precios constantes,Nivel,Anual,1997,1997,,Enfoque de la demanda,Público,56758.28,Bolívares,,Banco Central de Venezuela,https://www.bcv.org.ve/sites/default/files/cuentas_macroeconomicas/7_1_7_anual.xls,2026-08-01T21:23:57Z
bcv_pib_demanda_anual,Producto interno bruto por componentes de demanda,Componentes del PIB,7_1_7_anual.xls,Escala monetaria vigente desde 2018,Precios corrientes,Nivel,Anual,1997,1997,,Enfoque de la demanda,Público,56758.28,Bolívares,,Banco Central de Venezuela,https://www.bcv.org.ve/sites/default/files/cuentas_macroeconomicas/7_1_7_anual.xls,2026-08-01T21:23:57Z
bcv_pib_demanda_anual,Producto interno bruto por componentes de demanda,Componentes del PIB,7_1_7_anual.xls,1997,Precios constantes,Nivel,Anual,1998,1998,,Enfoque de la demanda,Público,55022.32,Bolívares,,Banco Central de Venezuela,https://www.bcv.org.ve/sites/default/files/cuentas_macroeconomicas/7_1_7_anual.xls,2026-08-01T21:23:57Z
bcv_pib_demanda_anual,Producto interno bruto por componentes de demanda,Componentes del PIB,7_1_7_anual.xls,Escala monetaria vigente desde 2018,Precios corrientes,Nivel,Anual,1998,1998,,Enfoque de la demanda,Público,67356.04,Bolívares,,Banco Central de Venezuela,https://www.bcv.org.ve/sites/default/files/cuentas_macroeconomicas/7_1_7_anual.xls,2026-08-01T21:23:57Z
bcv_pib_demanda_anual,Producto interno bruto por componentes de demanda,Componentes del PIB,7_1_7_anual.xls,1997,Precios constantes,Nivel,Anual,1999,1999,,Enfoque de la demanda,Público,50897.52,Bolívares,,Banco Central de Venezuela,https://www.bcv.org.ve/sites/default/files/cuentas_macroeconomicas/7_1_7_anual.xls,2026-08-01T21:23:57Z
bcv_pib_demanda_anual,Producto interno bruto por componentes de demanda,Componentes del PIB,7_1_7_anual.xls,Escala monetaria vigente desde 2018,Precios corrientes,Nivel,Anual,1999,1999,,Enfoque de la demanda,Público,73094.58,Bolívares,,Banco Central de Venezuela,https://www.bcv.org.ve/sites/default/files/cuentas_macroeconomicas/7_1_7_anual.xls,2026-08-01T21:23:57Z
bcv_pib_demanda_anual,Producto interno bruto por componentes de demanda,Componentes del PIB,7_1_7_anual.xls,1997,Precios constantes,Nivel,Anual,2000,2000,,Enfoque de la demanda,Público,53027.53,Bolívares,,Banco Central de Venezuela,https://www.bcv.org.ve/sites/default/files/cuentas_macroeconomicas/7_1_7_anual.xls,2026-08-01T21:23:57Z
bcv_pib_demanda_anual,Producto interno bruto por componentes de demanda,Componentes del PIB,7_1_7_anual.xls,Escala monetaria vigente desde 2018,Precios corrientes,Nivel,Anual,2000,2000,,Enfoque de la demanda,Público,99169.62,Bolívares,,Banco Central de Venezuela,https://www.bcv.org.ve/sites/default/files/cuentas_macroeconomicas/7_1_7_anual.xls,2026-08-01T21:23:57Z
bcv_pib_demanda_anual,Producto interno bruto por componentes de demanda,Componentes del PIB,7_1_7_anual.xls,1997,Precios constantes,Nivel,Anual,2001,2001,,Enfoque de la demanda,Público,56704.93,Bolívares,,Banco Central de Venezuela,https://www.bcv.org.ve/sites/default/files/cuentas_macroeconomicas/7_1_7_anual.xls,2026-08-01T21:23:57Z
bcv_pib_demanda_anual,Producto interno bruto por componentes de demanda,Componentes del PIB,7_1_7_anual.xls,Escala monetaria vigente desde 2018,Precios corrientes,Nivel,Anual,2001,2001,,Enfoque de la demanda,Público,126633.97,Bolívares,,Banco Central de Venezuela,https://www.bcv.org.ve/sites/default/files/cuentas_macroeconomicas/7_1_7_anual.xls,2026-08-01T21:23:57Z
bcv_pib_demanda_anual,Producto interno bruto por componentes de demanda,Componentes del PIB,7_1_7_anual.xls,1997,Precios constantes,Nivel,Anual,2002,2002,,Enfoque de la demanda,Público,55294.53,Bolívares,,Banco Central de Venezuela,https://www.bcv.org.ve/sites/default/files/cuentas_macroeconomicas/7_1_7_anual.xls,2026-08-01T21:23:57Z
bcv_pib_demanda_anual,Producto interno bruto por componentes de demanda,Componentes del PIB,7_1_7_anual.xls,Escala monetaria vigente desde 2018,Precios corrientes,Nivel,Anual,2002,2002,,Enfoque de la demanda,Público,140271.53,Bolívares,,Banco Central de Venezuela,https://www.bcv.org.ve/sites/default/files/cuentas_macroeconomicas/7_1_7_anual.xls,2026-08-01T21:23:57Z
bcv_pib_demanda_anual,Producto interno bruto por componentes de demanda,Componentes del PIB,7_1_7_anual.xls,1997,Precios constantes,Nivel,Anual,2003,2003,,Enfoque de la demanda,Público,58448.32,Bolívares,,Banco Central de Venezuela,https://www.bcv.org.ve/sites/default/files/cuentas_macroeconomicas/7_1_7_anual.xls,2026-08-01T21:23:57Z
bcv_pib_demanda_anual,Producto interno bruto por componentes de demanda,Componentes del PIB,7_1_7_anual.xls,Escala monetaria vigente desde 2018,Precios corrientes,Nivel,Anual,2003,2003,,Enfoque de la demanda,Público,172761.65,Bolívares,,Banco Central de Venezuela,https://www.bcv.org.ve/sites/default/files/cuentas_macroeconomicas/7_1_7_anual.xls,2026-08-01T21:23:57Z
bcv_pib_demanda_anual,Producto interno bruto por componentes de demanda,Componentes del PIB,7_1_7_anual.xls,1997,Precios constantes,Nivel,Anual,2004,2004,,Enfoque de la demanda,Público,66762.16,Bolívares,,Banco Central de Venezuela,https://www.bcv.org.ve/sites/default/files/cuentas_macroeconomicas/7_1_7_anual.xls,2026-08-01T21:23:57Z
bcv_pib_demanda_anual,Producto interno bruto por componentes de demanda,Componentes del PIB,7_1_7_anual.xls,Escala monetaria vigente desde 2018,Precios corrientes,Nivel,Anual,2004,2004,,Enfoque de la demanda,Público,254282.11,Bolívares,,Banco Central de Venezuela,https://www.bcv.org.ve/sites/default/files/cuentas_macroeconomicas/7_1_7_anual.xls,2026-08-01T21:23:57Z
bcv_pib_demanda_anual,Producto interno bruto por componentes de demanda,Componentes del PIB,7_1_7_anual.xls,1997,Precios constantes,Nivel,Anual,2005,2005,,Enfoque de la demanda,Público,73872.69,Bolívares,,Banco Central de Venezuela,https://www.bcv.org.ve/sites/default/files/cuentas_macroeconomicas/7_1_7_anual.xls,2026-08-01T21:23:57Z
bcv_pib_demanda_anual,Producto interno bruto por componentes de demanda,Componentes del PIB,7_1_7_anual.xls,Escala monetaria vigente desde 2018,Precios corrientes,Nivel,Anual,2005,2005,,Enfoque de la demanda,Público,336195.47,Bolívares,,Banco Central de Venezuela,https://www.bcv.org.ve/sites/default/files/cuentas_macroeconomicas/7_1_7_anual.xls,2026-08-01T21:23:57Z
bcv_pib_demanda_anual,Producto interno bruto por componentes de demanda,Componentes del PIB,7_1_7_anual.xls,1997,Precios constantes,Nivel,Anual,2006,2006,,Enfoque de la demanda,Público,80981.7,Bolívares,,Banco Central de Venezuela,https://www.bcv.org.ve/sites/default/files/cuentas_macroeconomicas/7_1_7_anual.xls,2026-08-01T21:23:57Z
bcv_pib_demanda_anual,Producto interno bruto por componentes de demanda,Componentes del PIB,7_1_7_anual.xls,Escala monetaria vigente desde 2018,Precios corrientes,Nivel,Anual,2006,2006,,Enfoque de la demanda,Público,461314.34,Bolívares,,Banco Central de Venezuela,https://www.bcv.org.ve/sites/default/files/cuentas_macroeconomicas/7_1_7_anual.xls,2026-08-01T21:23:57Z
bcv_pib_demanda_anual,Producto interno bruto por componentes de demanda,Componentes del PIB,7_1_7_anual.xls,1997,Precios constantes,Nivel,Anual,2007,2007,,Enfoque de la demanda,Público,92117.25,Bolívares,,Banco Central de Venezuela,https://www.bcv.org.ve/sites/default/files/cuentas_macroeconomicas/7_1_7_anual.xls,2026-08-01T21:23:57Z
bcv_pib_demanda_anual,Producto interno bruto por componentes de demanda,Componentes del PIB,7_1_7_anual.xls,Escala monetaria vigente desde 2018,Precios corrientes,Nivel,Anual,2007,2007,,Enfoque de la demanda,Público,616808.54,Bolívares,,Banco Central de Venezuela,https://www.bcv.org.ve/sites/default/files/cuentas_macroeconomicas/7_1_7_anual.xls,2026-08-01T21:23:57Z
bcv_pib_demanda_anual,Producto interno bruto por componentes de demanda,Componentes del PIB,7_1_7_anual.xls,1997,Precios constantes,Nivel,Anual,2008,2008,,Enfoque de la demanda,Público,96518.59,Bolívares,Preliminar,Banco Central de Venezuela,https://www.bcv.org.ve/sites/default/files/cuentas_macroeconomicas/7_1_7_anual.xls,2026-08-01T21:23:57Z
bcv_pib_demanda_anual,Producto interno bruto por componentes de demanda,Componentes del PIB,7_1_7_anual.xls,Escala monetaria vigente desde 2018,Precios corrientes,Nivel,Anual,2008,2008,,Enfoque de la demanda,Público,803490.71,Bolívares,Preliminar,Banco Central de Venezuela,https://www.bcv.org.ve/sites/default/files/cuentas_macroeconomicas/7_1_7_anual.xls,2026-08-01T21:23:57Z
bcv_pib_demanda_anual,Producto interno bruto por componentes de demanda,Componentes del PIB,7_1_7_anual.xls,1997,Precios constantes,Nivel,Anual,2009,2009,,Enfoque de la demanda,Público,98004.13,Bolívares,Preliminar,Banco Central de Venezuela,https://www.bcv.org.ve/sites/default/files/cuentas_macroeconomicas/7_1_7_anual.xls,2026-08-01T21:23:57Z
bcv_pib_demanda_anual,Producto interno bruto por componentes de demanda,Componentes del PIB,7_1_7_anual.xls,Escala monetaria vigente desde 2018,Precios corrientes,Nivel,Anual,2009,2009,,Enfoque de la demanda,Público,968970.87,Bolívares,Preliminar,Banco Central de Venezuela,https://www.bcv.org.ve/sites/default/files/cuentas_macroeconomicas/7_1_7_anual.xls,2026-08-01T21:23:57Z
bcv_pib_demanda_anual,Producto interno bruto por componentes de demanda,Componentes del PIB,7_1_7_anual.xls,1997,Precios constantes,Nivel,Anual,2010,2010,,Enfoque de la demanda,Público,100105.34,Bolívares,Preliminar,Banco Central de Venezuela,https://www.bcv.org.ve/sites/default/files/cuentas_macroeconomicas/7_1_7_anual.xls,2026-08-01T21:23:57Z
bcv_pib_demanda_anual,Producto interno bruto por componentes de demanda,Componentes del PIB,7_1_7_anual.xls,Escala monetaria vigente desde 2018,Precios corrientes,Nivel,Anual,2010,2010,,Enfoque de la demanda,Público,1139824.86,Bolívares,Preliminar,Banco Central de Venezuela,https://www.bcv.org.ve/sites/default/files/cuentas_macroeconomicas/7_1_7_anual.xls,2026-08-01T21:23:57Z
bcv_pib_demanda_anual,Producto interno bruto por componentes de demanda,Componentes del PIB,7_1_7_anual.xls,1997,Precios constantes,Nivel,Anual,2011,2011,,Enfoque de la demanda,Público,106031.79,Bolívares,Preliminar,Banco Central de Venezuela,https://www.bcv.org.ve/sites/default/files/cuentas_macroeconomicas/7_1_7_anual.xls,2026-08-01T21:23:57Z
bcv_pib_demanda_anual,Producto interno bruto por componentes de demanda,Componentes del PIB,7_1_7_anual.xls,Escala monetaria vigente desde 2018,Precios corrientes,Nivel,Anual,2011,2011,,Enfoque de la demanda,Público,1563525.77,Bolívares,Preliminar,Banco Central de Venezuela,https://www.bcv.org.ve/sites/default/files/cuentas_macroeconomicas/7_1_7_anual.xls,2026-08-01T21:23:57Z
bcv_pib_demanda_anual,Producto interno bruto por componentes de demanda,Componentes del PIB,7_1_7_anual.xls,1997,Precios constantes,Nivel,Anual,2012,2012,,Enfoque de la demanda,Público,112666.71,Bolívares,Preliminar,Banco Central de Venezuela,https://www.bcv.org.ve/sites/default/files/cuentas_macroeconomicas/7_1_7_anual.xls,2026-08-01T21:23:57Z
bcv_pib_demanda_anual,Producto interno bruto por componentes de demanda,Componentes del PIB,7_1_7_anual.xls,Escala monetaria vigente desde 2018,Precios corrientes,Nivel,Anual,2012,2012,,Enfoque de la demanda,Público,1993935.1,Bolívares,Preliminar,Banco Central de Venezuela,https://www.bcv.org.ve/sites/default/files/cuentas_macroeconomicas/7_1_7_anual.xls,2026-08-01T21:23:57Z
bcv_pib_demanda_anual,Producto interno bruto por componentes de demanda,Componentes del PIB,7_1_7_anual.xls,1997,Precios constantes,Nivel,Anual,2013,2013,,Enfoque de la demanda,Público,116432.84,Bolívares,Preliminar,Banco Central de Venezuela,https://www.bcv.org.ve/sites/default/files/cuentas_macroeconomicas/7_1_7_anual.xls,2026-08-01T21:23:57Z
bcv_pib_demanda_anual,Producto interno bruto por componentes de demanda,Componentes del PIB,7_1_7_anual.xls,Escala monetaria vigente desde 2018,Precios corrientes,Nivel,Anual,2013,2013,,Enfoque de la demanda,Público,2782335.89,Bolívares,Preliminar,Banco Central de Venezuela,https://www.bcv.org.ve/sites/default/files/cuentas_macroeconomicas/7_1_7_anual.xls,2026-08-01T21:23:57Z
bcv_pib_demanda_anual,Producto interno bruto por componentes de demanda,Componentes del PIB,7_1_7_anual.xls,1997,Precios constantes,Nivel,Anual,2014,2014,,Enfoque de la demanda,Público,117178.68,Bolívares,Preliminar,Banco Central de Venezuela,https://www.bcv.org.ve/sites/default/files/cuentas_macroeconomicas/7_1_7_anual.xls,2026-08-01T21:23:57Z
bcv_pib_demanda_anual,Producto interno bruto por componentes de demanda,Componentes del PIB,7_1_7_anual.xls,Escala monetaria vigente desde 2018,Precios corrientes,Nivel,Anual,2014,2014,,Enfoque de la demanda,Público,4426630.56,Bolívares,Preliminar,Banco Central de Venezuela,https://www.bcv.org.ve/sites/default/files/cuentas_macroeconomicas/7_1_7_anual.xls,2026-08-01T21:23:57Z
bcv_pib_demanda_anual,Producto interno bruto por componentes de demanda,Componentes del PIB,7_1_7_anual.xls,1997,Precios constantes,Nivel,Anual,2015,2015,,Enfoque de la demanda,Público,113379.72,Bolívares,Preliminar,Banco Central de Venezuela,https://www.bcv.org.ve/sites/default/files/cuentas_macroeconomicas/7_1_7_anual.xls,2026-08-01T21:23:57Z
bcv_pib_demanda_anual,Producto interno bruto por componentes de demanda,Componentes del PIB,7_1_7_anual.xls,Escala monetaria vigente desde 2018,Precios corrientes,Nivel,Anual,2015,2015,,Enfoque de la demanda,Público,7790467.23,Bolívares,Preliminar,Banco Central de Venezuela,https://www.bcv.org.ve/sites/default/files/cuentas_macroeconomicas/7_1_7_anual.xls,2026-08-01T21:23:57Z
bcv_pib_demanda_anual,Producto interno bruto por componentes de demanda,Componentes del PIB,7_1_7_anual.xls,1997,Precios constantes,Nivel,Anual,2016,2016,,Enfoque de la demanda,Público,96754.43,Bolívares,Preliminar,Banco Central de Venezuela,https://www.bcv.org.ve/sites/default/files/cuentas_macroeconomicas/7_1_7_anual.xls,2026-08-01T21:23:57Z
bcv_pib_demanda_anual,Producto interno bruto por componentes de demanda,Componentes del PIB,7_1_7_anual.xls,Escala monetaria vigente desde 2018,Precios corrientes,Nivel,Anual,2016,2016,,Enfoque de la demanda,Público,26105990.7,Bolívares,Preliminar,Banco Central de Venezuela,https://www.bcv.org.ve/sites/default/files/cuentas_macroeconomicas/7_1_7_anual.xls,2026-08-01T21:23:57Z
bcv_pib_demanda_anual,Producto interno bruto por componentes de demanda,Componentes del PIB,7_1_7_anual.xls,1997,Precios constantes,Nivel,Anual,2017,2017,,Enfoque de la demanda,Público,89776.51,Bolívares,Preliminar,Banco Central de Venezuela,https://www.bcv.org.ve/sites/default/files/cuentas_macroeconomicas/7_1_7_anual.xls,2026-08-01T21:23:57Z
bcv_pib_demanda_anual,Producto interno bruto por componentes de demanda,Componentes del PIB,7_1_7_anual.xls,Escala monetaria vigente desde 2018,Precios corrientes,Nivel,Anual,2017,2017,,Enfoque de la demanda,Público,180772066.05,Bolívares,Preliminar,Banco Central de Venezuela,https://www.bcv.org.ve/sites/default/files/cuentas_macroeconomicas/7_1_7_anual.xls,2026-08-01T21:23:57Z
bcv_pib_demanda_anual,Producto interno bruto por componentes de demanda,Componentes del PIB,7_1_7_anual.xls,Escala monetaria vigente desde 2018,Precios corrientes,Nivel,Anual,1997,1997,,Enfoque del ingreso,Remuneración de los asalariados,140029.45,Bolívares,,Banco Central de Venezuela,https://www.bcv.org.ve/sites/default/files/cuentas_macroeconomicas/7_1_7_anual.xls,2026-08-01T21:23:57Z
bcv_pib_demanda_anual,Producto interno bruto por componentes de demanda,Componentes del PIB,7_1_7_anual.xls,Escala monetaria vigente desde 2018,Precios corrientes,Nivel,Anual,1998,1998,,Enfoque del ingreso,Remuneración de los asalariados,181343.86,Bolívares,,Banco Central de Venezuela,https://www.bcv.org.ve/sites/default/files/cuentas_macroeconomicas/7_1_7_anual.xls,2026-08-01T21:23:57Z
bcv_pib_demanda_anual,Producto interno bruto por componentes de demanda,Componentes del PIB,7_1_7_anual.xls,Escala monetaria vigente desde 2018,Precios corrientes,Nivel,Anual,1999,1999,,Enfoque del ingreso,Remuneración de los asalariados,212655.45,Bolívares,,Banco Central de Venezuela,https://www.bcv.org.ve/sites/default/files/cuentas_macroeconomicas/7_1_7_anual.xls,2026-08-01T21:23:57Z
bcv_pib_demanda_anual,Producto interno bruto por componentes de demanda,Componentes del PIB,7_1_7_anual.xls,Escala monetaria vigente desde 2018,Precios corrientes,Nivel,Anual,2000,2000,,Enfoque del ingreso,Remuneración de los asalariados,261630.51,Bolívares,,Banco Central de Venezuela,https://www.bcv.org.ve/sites/default/files/cuentas_macroeconomicas/7_1_7_anual.xls,2026-08-01T21:23:57Z
bcv_pib_demanda_anual,Producto interno bruto por componentes de demanda,Componentes del PIB,7_1_7_anual.xls,Escala monetaria vigente desde 2018,Precios corrientes,Nivel,Anual,2001,2001,,Enfoque del ingreso,Remuneración de los asalariados,312609.99,Bolívares,,Banco Central de Venezuela,https://www.bcv.org.ve/sites/default/files/cuentas_macroeconomicas/7_1_7_anual.xls,2026-08-01T21:23:57Z
bcv_pib_demanda_anual,Producto interno bruto por componentes de demanda,Componentes del PIB,7_1_7_anual.xls,Escala monetaria vigente desde 2018,Precios corrientes,Nivel,Anual,2002,2002,,Enfoque del ingreso,Remuneración de los asalariados,356365.85,Bolívares,,Banco Central de Venezuela,https://www.bcv.org.ve/sites/default/files/cuentas_macroeconomicas/7_1_7_anual.xls,2026-08-01T21:23:57Z
bcv_pib_demanda_anual,Producto interno bruto por componentes de demanda,Componentes del PIB,7_1_7_anual.xls,Escala monetaria vigente desde 2018,Precios corrientes,Nivel,Anual,2003,2003,,Enfoque del ingreso,Remuneración de los asalariados,411780.29,Bolívares,,Banco Central de Venezuela,https://www.bcv.org.ve/sites/default/files/cuentas_macroeconomicas/7_1_7_anual.xls,2026-08-01T21:23:57Z
bcv_pib_demanda_anual,Producto interno bruto por componentes de demanda,Componentes del PIB,7_1_7_anual.xls,Escala monetaria vigente desde 2018,Precios corrientes,Nivel,Anual,2004,2004,,Enfoque del ingreso,Remuneración de los asalariados,639155.76,Bolívares,,Banco Central de Venezuela,https://www.bcv.org.ve/sites/default/files/cuentas_macroeconomicas/7_1_7_anual.xls,2026-08-01T21:23:57Z
bcv_pib_demanda_anual,Producto interno bruto por componentes de demanda,Componentes del PIB,7_1_7_anual.xls,Escala monetaria vigente desde 2018,Precios corrientes,Nivel,Anual,2005,2005,,Enfoque del ingreso,Remuneración de los asalariados,867442.08,Bolívares,,Banco Central de Venezuela,https://www.bcv.org.ve/sites/default/files/cuentas_macroeconomicas/7_1_7_anual.xls,2026-08-01T21:23:57Z
bcv_pib_demanda_anual,Producto interno bruto por componentes de demanda,Componentes del PIB,7_1_7_anual.xls,Escala monetaria vigente desde 2018,Precios corrientes,Nivel,Anual,2006,2006,,Enfoque del ingreso,Remuneración de los asalariados,1204038.59,Bolívares,,Banco Central de Venezuela,https://www.bcv.org.ve/sites/default/files/cuentas_macroeconomicas/7_1_7_anual.xls,2026-08-01T21:23:57Z
bcv_pib_demanda_anual,Producto interno bruto por componentes de demanda,Componentes del PIB,7_1_7_anual.xls,Escala monetaria vigente desde 2018,Precios corrientes,Nivel,Anual,2007,2007,,Enfoque del ingreso,Remuneración de los asalariados,1597778.13,Bolívares,,Banco Central de Venezuela,https://www.bcv.org.ve/sites/default/files/cuentas_macroeconomicas/7_1_7_anual.xls,2026-08-01T21:23:57Z
bcv_pib_demanda_anual,Producto interno bruto por componentes de demanda,Componentes del PIB,7_1_7_anual.xls,Escala monetaria vigente desde 2018,Precios corrientes,Nivel,Anual,2008,2008,,Enfoque del ingreso,Remuneración de los asalariados,2056149.89,Bolívares,Preliminar,Banco Central de Venezuela,https://www.bcv.org.ve/sites/default/files/cuentas_macroeconomicas/7_1_7_anual.xls,2026-08-01T21:23:57Z
bcv_pib_demanda_anual,Producto interno bruto por componentes de demanda,Componentes del PIB,7_1_7_anual.xls,Escala monetaria vigente desde 2018,Precios corrientes,Nivel,Anual,2009,2009,,Enfoque del ingreso,Remuneración de los asalariados,2466633.56,Bolívares,Preliminar,Banco Central de Venezuela,https://www.bcv.org.ve/sites/default/files/cuentas_macroeconomicas/7_1_7_anual.xls,2026-08-01T21:23:57Z
bcv_pib_demanda_anual,Producto interno bruto por componentes de demanda,Componentes del PIB,7_1_7_anual.xls,Escala monetaria vigente desde 2018,Precios corrientes,Nivel,Anual,2010,2010,,Enfoque del ingreso,Remuneración de los asalariados,3005844.49,Bolívares,Preliminar,Banco Central de Venezuela,https://www.bcv.org.ve/sites/default/files/cuentas_macroeconomicas/7_1_7_anual.xls,2026-08-01T21:23:57Z
bcv_pib_demanda_anual,Producto interno bruto por componentes de demanda,Componentes del PIB,7_1_7_anual.xls,Escala monetaria vigente desde 2018,Precios corrientes,Nivel,Anual,2011,2011,,Enfoque del ingreso,Remuneración de los asalariados,4029453.09,Bolívares,Preliminar,Banco Central de Venezuela,https://www.bcv.org.ve/sites/default/files/cuentas_macroeconomicas/7_1_7_anual.xls,2026-08-01T21:23:57Z
bcv_pib_demanda_anual,Producto interno bruto por componentes de demanda,Componentes del PIB,7_1_7_anual.xls,Escala monetaria vigente desde 2018,Precios corrientes,Nivel,Anual,2012,2012,,Enfoque del ingreso,Remuneración de los asalariados,5275933.92,Bolívares,Preliminar,Banco Central de Venezuela,https://www.bcv.org.ve/sites/default/files/cuentas_macroeconomicas/7_1_7_anual.xls,2026-08-01T21:23:57Z
bcv_pib_demanda_anual,Producto interno bruto por componentes de demanda,Componentes del PIB,7_1_7_anual.xls,Escala monetaria vigente desde 2018,Precios corrientes,Nivel,Anual,2013,2013,,Enfoque del ingreso,Remuneración de los asalariados,7201925.24,Bolívares,Preliminar,Banco Central de Venezuela,https://www.bcv.org.ve/sites/default/files/cuentas_macroeconomicas/7_1_7_anual.xls,2026-08-01T21:23:57Z
bcv_pib_demanda_anual,Producto interno bruto por componentes de demanda,Componentes del PIB,7_1_7_anual.xls,Escala monetaria vigente desde 2018,Precios corrientes,Nivel,Anual,2014,2014,,Enfoque del ingreso,Remuneración de los asalariados,11033000.34,Bolívares,Preliminar,Banco Central de Venezuela,https://www.bcv.org.ve/sites/default/files/cuentas_macroeconomicas/7_1_7_anual.xls,2026-08-01T21:23:57Z
bcv_pib_demanda_anual,Producto interno bruto por componentes de demanda,Componentes del PIB,7_1_7_anual.xls,Escala monetaria vigente desde 2018,Precios corrientes,Nivel,Anual,2015,2015,,Enfoque del ingreso,Remuneración de los asalariados,18920594.59,Bolívares,Preliminar,Banco Central de Venezuela,https://www.bcv.org.ve/sites/default/files/cuentas_macroeconomicas/7_1_7_anual.xls,2026-08-01T21:23:57Z
bcv_pib_demanda_anual,Producto interno bruto por componentes de demanda,Componentes del PIB,7_1_7_anual.xls,Escala monetaria vigente desde 2018,Precios corrientes,Nivel,Anual,2016,2016,,Enfoque del ingreso,Remuneración de los asalariados,61795052.29,Bolívares,Preliminar,Banco Central de Venezuela,https://www.bcv.org.ve/sites/default/files/cuentas_macroeconomicas/7_1_7_anual.xls,2026-08-01T21:23:57Z
bcv_pib_demanda_anual,Producto interno bruto por componentes de demanda,Componentes del PIB,7_1_7_anual.xls,Escala monetaria vigente desde 2018,Precios corrientes,Nivel,Anual,2017,2017,,Enfoque del ingreso,Remuneración de los asalariados,368303137.05,Bolívares,Preliminar,Banco Central de Venezuela,https://www.bcv.org.ve/sites/default/files/cuentas_macroeconomicas/7_1_7_anual.xls,2026-08-01T21:23:57Z
bcv_pib_demanda_anual,Producto interno bruto por componentes de demanda,Componentes del PIB,7_1_7_anual.xls,Escala monetaria vigente desde 2018,Precios corrientes,Nivel,Anual,1997,1997,,Enfoque del ingreso,Subvenciones a los productos,2386.54,Bolívares,,Banco Central de Venezuela,https://www.bcv.org.ve/sites/default/files/cuentas_macroeconomicas/7_1_7_anual.xls,2026-08-01T21:23:57Z
bcv_pib_demanda_anual,Producto interno bruto por componentes de demanda,Componentes del PIB,7_1_7_anual.xls,Escala monetaria vigente desde 2018,Precios corrientes,Nivel,Anual,1998,1998,,Enfoque del ingreso,Subvenciones a los productos,1916.46,Bolívares,,Banco Central de Venezuela,https://www.bcv.org.ve/sites/default/files/cuentas_macroeconomicas/7_1_7_anual.xls,2026-08-01T21:23:57Z
bcv_pib_demanda_anual,Producto interno bruto por componentes de demanda,Componentes del PIB,7_1_7_anual.xls,Escala monetaria vigente desde 2018,Precios corrientes,Nivel,Anual,1999,1999,,Enfoque del ingreso,Subvenciones a los productos,1739.93,Bolívares,,Banco Central de Venezuela,https://www.bcv.org.ve/sites/default/files/cuentas_macroeconomicas/7_1_7_anual.xls,2026-08-01T21:23:57Z
bcv_pib_demanda_anual,Producto interno bruto por componentes de demanda,Componentes del PIB,7_1_7_anual.xls,Escala monetaria vigente desde 2018,Precios corrientes,Nivel,Anual,2000,2000,,Enfoque del ingreso,Subvenciones a los productos,2453.32,Bolívares,,Banco Central de Venezuela,https://www.bcv.org.ve/sites/default/files/cuentas_macroeconomicas/7_1_7_anual.xls,2026-08-01T21:23:57Z
bcv_pib_demanda_anual,Producto interno bruto por componentes de demanda,Componentes del PIB,7_1_7_anual.xls,Escala monetaria vigente desde 2018,Precios corrientes,Nivel,Anual,2001,2001,,Enfoque del ingreso,Subvenciones a los productos,2816.18,Bolívares,,Banco Central de Venezuela,https://www.bcv.org.ve/sites/default/files/cuentas_macroeconomicas/7_1_7_anual.xls,2026-08-01T21:23:57Z
bcv_pib_demanda_anual,Producto interno bruto por componentes de demanda,Componentes del PIB,7_1_7_anual.xls,Escala monetaria vigente desde 2018,Precios corrientes,Nivel,Anual,2002,2002,,Enfoque del ingreso,Subvenciones a los productos,3428.52,Bolívares,,Banco Central de Venezuela,https://www.bcv.org.ve/sites/default/files/cuentas_macroeconomicas/7_1_7_anual.xls,2026-08-01T21:23:57Z
bcv_pib_demanda_anual,Producto interno bruto por componentes de demanda,Componentes del PIB,7_1_7_anual.xls,Escala monetaria vigente desde 2018,Precios corrientes,Nivel,Anual,2003,2003,,Enfoque del ingreso,Subvenciones a los productos,19046.78,Bolívares,,Banco Central de Venezuela,https://www.bcv.org.ve/sites/default/files/cuentas_macroeconomicas/7_1_7_anual.xls,2026-08-01T21:23:57Z
bcv_pib_demanda_anual,Producto interno bruto por componentes de demanda,Componentes del PIB,7_1_7_anual.xls,Escala monetaria vigente desde 2018,Precios corrientes,Nivel,Anual,2004,2004,,Enfoque del ingreso,Subvenciones a los productos,8864.98,Bolívares,,Banco Central de Venezuela,https://www.bcv.org.ve/sites/default/files/cuentas_macroeconomicas/7_1_7_anual.xls,2026-08-01T21:23:57Z
bcv_pib_demanda_anual,Producto interno bruto por componentes de demanda,Componentes del PIB,7_1_7_anual.xls,Escala monetaria vigente desde 2018,Precios corrientes,Nivel,Anual,2005,2005,,Enfoque del ingreso,Subvenciones a los productos,14786.26,Bolívares,,Banco Central de Venezuela,https://www.bcv.org.ve/sites/default/files/cuentas_macroeconomicas/7_1_7_anual.xls,2026-08-01T21:23:57Z
bcv_pib_demanda_anual,Producto interno bruto por componentes de demanda,Componentes del PIB,7_1_7_anual.xls,Escala monetaria vigente desde 2018,Precios corrientes,Nivel,Anual,2006,2006,,Enfoque del ingreso,Subvenciones a los productos,24342.66,Bolívares,,Banco Central de Venezuela,https://www.bcv.org.ve/sites/default/files/cuentas_macroeconomicas/7_1_7_anual.xls,2026-08-01T21:23:57Z
bcv_pib_demanda_anual,Producto interno bruto por componentes de demanda,Componentes del PIB,7_1_7_anual.xls,Escala monetaria vigente desde 2018,Precios corrientes,Nivel,Anual,2007,2007,,Enfoque del ingreso,Subvenciones a los productos,33307.54,Bolívares,,Banco Central de Venezuela,https://www.bcv.org.ve/sites/default/files/cuentas_macroeconomicas/7_1_7_anual.xls,2026-08-01T21:23:57Z
bcv_pib_demanda_anual,Producto interno bruto por componentes de demanda,Componentes del PIB,7_1_7_anual.xls,Escala monetaria vigente desde 2018,Precios corrientes,Nivel,Anual,2008,2008,,Enfoque del ingreso,Subvenciones a los productos,40698.44,Bolívares,Preliminar,Banco Central de Venezuela,https://www.bcv.org.ve/sites/default/files/cuentas_macroeconomicas/7_1_7_anual.xls,2026-08-01T21:23:57Z
bcv_pib_demanda_anual,Producto interno bruto por componentes de demanda,Componentes del PIB,7_1_7_anual.xls,Escala monetaria vigente desde 2018,Precios corrientes,Nivel,Anual,2009,2009,,Enfoque del ingreso,Subvenciones a los productos,49204.09,Bolívares,Preliminar,Banco Central de Venezuela,https://www.bcv.org.ve/sites/default/files/cuentas_macroeconomicas/7_1_7_anual.xls,2026-08-01T21:23:57Z
bcv_pib_demanda_anual,Producto interno bruto por componentes de demanda,Componentes del PIB,7_1_7_anual.xls,Escala monetaria vigente desde 2018,Precios corrientes,Nivel,Anual,2010,2010,,Enfoque del ingreso,Subvenciones a los productos,61166.3,Bolívares,Preliminar,Banco Central de Venezuela,https://www.bcv.org.ve/sites/default/files/cuentas_macroeconomicas/7_1_7_anual.xls,2026-08-01T21:23:57Z
bcv_pib_demanda_anual,Producto interno bruto por componentes de demanda,Componentes del PIB,7_1_7_anual.xls,Escala monetaria vigente desde 2018,Precios corrientes,Nivel,Anual,2011,2011,,Enfoque del ingreso,Subvenciones a los productos,78435.11,Bolívares,Preliminar,Banco Central de Venezuela,https://www.bcv.org.ve/sites/default/files/cuentas_macroeconomicas/7_1_7_anual.xls,2026-08-01T21:23:57Z
bcv_pib_demanda_anual,Producto interno bruto por componentes de demanda,Componentes del PIB,7_1_7_anual.xls,Escala monetaria vigente desde 2018,Precios corrientes,Nivel,Anual,2012,2012,,Enfoque del ingreso,Subvenciones a los productos,98442.08,Bolívares,Preliminar,Banco Central de Venezuela,https://www.bcv.org.ve/sites/default/files/cuentas_macroeconomicas/7_1_7_anual.xls,2026-08-01T21:23:57Z
bcv_pib_demanda_anual,Producto interno bruto por componentes de demanda,Componentes del PIB,7_1_7_anual.xls,Escala monetaria vigente desde 2018,Precios corrientes,Nivel,Anual,2013,2013,,Enfoque del ingreso,Subvenciones a los productos,127551.09,Bolívares,Preliminar,Banco Central de Venezuela,https://www.bcv.org.ve/sites/default/files/cuentas_macroeconomicas/7_1_7_anual.xls,2026-08-01T21:23:57Z
bcv_pib_demanda_anual,Producto interno bruto por componentes de demanda,Componentes del PIB,7_1_7_anual.xls,Escala monetaria vigente desde 2018,Precios corrientes,Nivel,Anual,2014,2014,,Enfoque del ingreso,Subvenciones a los productos,189955.48,Bolívares,Preliminar,Banco Central de Venezuela,https://www.bcv.org.ve/sites/default/files/cuentas_macroeconomicas/7_1_7_anual.xls,2026-08-01T21:23:57Z
bcv_pib_demanda_anual,Producto interno bruto por componentes de demanda,Componentes del PIB,7_1_7_anual.xls,Escala monetaria vigente desde 2018,Precios corrientes,Nivel,Anual,2015,2015,,Enfoque del ingreso,Subvenciones a los productos,467089.64,Bolívares,Preliminar,Banco Central de Venezuela,https://www.bcv.org.ve/sites/default/files/cuentas_macroeconomicas/7_1_7_anual.xls,2026-08-01T21:23:57Z
bcv_pib_demanda_anual,Producto interno bruto por componentes de demanda,Componentes del PIB,7_1_7_anual.xls,Escala monetaria vigente desde 2018,Precios corrientes,Nivel,Anual,2016,2016,,Enfoque del ingreso,Subvenciones a los productos,1545517.36,Bolívares,Preliminar,Banco Central de Venezuela,https://www.bcv.org.ve/sites/default/files/cuentas_macroeconomicas/7_1_7_anual.xls,2026-08-01T21:23:57Z
bcv_pib_demanda_anual,Producto interno bruto por componentes de demanda,Componentes del PIB,7_1_7_anual.xls,Escala monetaria vigente desde 2018,Precios corrientes,Nivel,Anual,2017,2017,,Enfoque del ingreso,Subvenciones a los productos,13309764.02,Bolívares,Preliminar,Banco Central de Venezuela,https://www.bcv.org.ve/sites/default/files/cuentas_macroeconomicas/7_1_7_anual.xls,2026-08-01T21:23:57Z
bcv_pib_demanda_anual,Producto interno bruto por componentes de demanda,Componentes del PIB,7_1_7_anual.xls,1997,Precios constantes,Nivel,Anual,1997,1997,,Enfoque de la producción,Valor agregado bruto a precios básicos,382493.97,Bolívares,,Banco Central de Venezuela,https://www.bcv.org.ve/sites/default/files/cuentas_macroeconomicas/7_1_7_anual.xls,2026-08-01T21:23:57Z
bcv_pib_demanda_anual,Producto interno bruto por componentes de demanda,Componentes del PIB,7_1_7_anual.xls,Escala monetaria vigente desde 2018,Precios corrientes,Nivel,Anual,1997,1997,,Enfoque de la producción,Valor agregado bruto a precios básicos,382493.97,Bolívares,,Banco Central de Venezuela,https://www.bcv.org.ve/sites/default/files/cuentas_macroeconomicas/7_1_7_anual.xls,2026-08-01T21:23:57Z
bcv_pib_demanda_anual,Producto interno bruto por componentes de demanda,Componentes del PIB,7_1_7_anual.xls,1997,Precios constantes,Nivel,Anual,1998,1998,,Enfoque de la producción,Valor agregado bruto a precios básicos,382363.12,Bolívares,,Banco Central de Venezuela,https://www.bcv.org.ve/sites/default/files/cuentas_macroeconomicas/7_1_7_anual.xls,2026-08-01T21:23:57Z
bcv_pib_demanda_anual,Producto interno bruto por componentes de demanda,Componentes del PIB,7_1_7_anual.xls,Escala monetaria vigente desde 2018,Precios corrientes,Nivel,Anual,1998,1998,,Enfoque de la producción,Valor agregado bruto a precios básicos,456786.93,Bolívares,,Banco Central de Venezuela,https://www.bcv.org.ve/sites/default/files/cuentas_macroeconomicas/7_1_7_anual.xls,2026-08-01T21:23:57Z
bcv_pib_demanda_anual,Producto interno bruto por componentes de demanda,Componentes del PIB,7_1_7_anual.xls,1997,Precios constantes,Nivel,Anual,1999,1999,,Enfoque de la producción,Valor agregado bruto a precios básicos,358400.82,Bolívares,,Banco Central de Venezuela,https://www.bcv.org.ve/sites/default/files/cuentas_macroeconomicas/7_1_7_anual.xls,2026-08-01T21:23:57Z
bcv_pib_demanda_anual,Producto interno bruto por componentes de demanda,Componentes del PIB,7_1_7_anual.xls,Escala monetaria vigente desde 2018,Precios corrientes,Nivel,Anual,1999,1999,,Enfoque de la producción,Valor agregado bruto a precios básicos,546385.93,Bolívares,,Banco Central de Venezuela,https://www.bcv.org.ve/sites/default/files/cuentas_macroeconomicas/7_1_7_anual.xls,2026-08-01T21:23:57Z
bcv_pib_demanda_anual,Producto interno bruto por componentes de demanda,Componentes del PIB,7_1_7_anual.xls,1997,Precios constantes,Nivel,Anual,2000,2000,,Enfoque de la producción,Valor agregado bruto a precios básicos,371972.47,Bolívares,,Banco Central de Venezuela,https://www.bcv.org.ve/sites/default/files/cuentas_macroeconomicas/7_1_7_anual.xls,2026-08-01T21:23:57Z
bcv_pib_demanda_anual,Producto interno bruto por componentes de demanda,Componentes del PIB,7_1_7_anual.xls,Escala monetaria vigente desde 2018,Precios corrientes,Nivel,Anual,2000,2000,,Enfoque de la producción,Valor agregado bruto a precios básicos,744140.95,Bolívares,,Banco Central de Venezuela,https://www.bcv.org.ve/sites/default/files/cuentas_macroeconomicas/7_1_7_anual.xls,2026-08-01T21:23:57Z
bcv_pib_demanda_anual,Producto interno bruto por componentes de demanda,Componentes del PIB,7_1_7_anual.xls,1997,Precios constantes,Nivel,Anual,2001,2001,,Enfoque de la producción,Valor agregado bruto a precios básicos,383038.62,Bolívares,,Banco Central de Venezuela,https://www.bcv.org.ve/sites/default/files/cuentas_macroeconomicas/7_1_7_anual.xls,2026-08-01T21:23:57Z
bcv_pib_demanda_anual,Producto interno bruto por componentes de demanda,Componentes del PIB,7_1_7_anual.xls,Escala monetaria vigente desde 2018,Precios corrientes,Nivel,Anual,2001,2001,,Enfoque de la producción,Valor agregado bruto a precios básicos,828249.12,Bolívares,,Banco Central de Venezuela,https://www.bcv.org.ve/sites/default/files/cuentas_macroeconomicas/7_1_7_anual.xls,2026-08-01T21:23:57Z
bcv_pib_demanda_anual,Producto interno bruto por componentes de demanda,Componentes del PIB,7_1_7_anual.xls,1997,Precios constantes,Nivel,Anual,2002,2002,,Enfoque de la producción,Valor agregado bruto a precios básicos,353851.21,Bolívares,,Banco Central de Venezuela,https://www.bcv.org.ve/sites/default/files/cuentas_macroeconomicas/7_1_7_anual.xls,2026-08-01T21:23:57Z
bcv_pib_demanda_anual,Producto interno bruto por componentes de demanda,Componentes del PIB,7_1_7_anual.xls,Escala monetaria vigente desde 2018,Precios corrientes,Nivel,Anual,2002,2002,,Enfoque de la producción,Valor agregado bruto a precios básicos,1011045.64,Bolívares,,Banco Central de Venezuela,https://www.bcv.org.ve/sites/default/files/cuentas_macroeconomicas/7_1_7_anual.xls,2026-08-01T21:23:57Z
bcv_pib_demanda_anual,Producto interno bruto por componentes de demanda,Componentes del PIB,7_1_7_anual.xls,1997,Precios constantes,Nivel,Anual,2003,2003,,Enfoque de la producción,Valor agregado bruto a precios básicos,331220.75,Bolívares,,Banco Central de Venezuela,https://www.bcv.org.ve/sites/default/files/cuentas_macroeconomicas/7_1_7_anual.xls,2026-08-01T21:23:57Z
bcv_pib_demanda_anual,Producto interno bruto por componentes de demanda,Componentes del PIB,7_1_7_anual.xls,Escala monetaria vigente desde 2018,Precios corrientes,Nivel,Anual,2003,2003,,Enfoque de la producción,Valor agregado bruto a precios básicos,1270855.88,Bolívares,,Banco Central de Venezuela,https://www.bcv.org.ve/sites/default/files/cuentas_macroeconomicas/7_1_7_anual.xls,2026-08-01T21:23:57Z
bcv_pib_demanda_anual,Producto interno bruto por componentes de demanda,Componentes del PIB,7_1_7_anual.xls,1997,Precios constantes,Nivel,Anual,2004,2004,,Enfoque de la producción,Valor agregado bruto a precios básicos,382948.91,Bolívares,,Banco Central de Venezuela,https://www.bcv.org.ve/sites/default/files/cuentas_macroeconomicas/7_1_7_anual.xls,2026-08-01T21:23:57Z
bcv_pib_demanda_anual,Producto interno bruto por componentes de demanda,Componentes del PIB,7_1_7_anual.xls,Escala monetaria vigente desde 2018,Precios corrientes,Nivel,Anual,2004,2004,,Enfoque de la producción,Valor agregado bruto a precios básicos,1958973.95,Bolívares,,Banco Central de Venezuela,https://www.bcv.org.ve/sites/default/files/cuentas_macroeconomicas/7_1_7_anual.xls,2026-08-01T21:23:57Z
bcv_pib_demanda_anual,Producto interno bruto por componentes de demanda,Componentes del PIB,7_1_7_anual.xls,1997,Precios constantes,Nivel,Anual,2005,2005,,Enfoque de la producción,Valor agregado bruto a precios básicos,419564.9,Bolívares,,Banco Central de Venezuela,https://www.bcv.org.ve/sites/default/files/cuentas_macroeconomicas/7_1_7_anual.xls,2026-08-01T21:23:57Z
bcv_pib_demanda_anual,Producto interno bruto por componentes de demanda,Componentes del PIB,7_1_7_anual.xls,Escala monetaria vigente desde 2018,Precios corrientes,Nivel,Anual,2005,2005,,Enfoque de la producción,Valor agregado bruto a precios básicos,2793172.52,Bolívares,,Banco Central de Venezuela,https://www.bcv.org.ve/sites/default/files/cuentas_macroeconomicas/7_1_7_anual.xls,2026-08-01T21:23:57Z
bcv_pib_demanda_anual,Producto interno bruto por componentes de demanda,Componentes del PIB,7_1_7_anual.xls,1997,Precios constantes,Nivel,Anual,2006,2006,,Enfoque de la producción,Valor agregado bruto a precios básicos,455829.95,Bolívares,,Banco Central de Venezuela,https://www.bcv.org.ve/sites/default/files/cuentas_macroeconomicas/7_1_7_anual.xls,2026-08-01T21:23:57Z
bcv_pib_demanda_anual,Producto interno bruto por componentes de demanda,Componentes del PIB,7_1_7_anual.xls,Escala monetaria vigente desde 2018,Precios corrientes,Nivel,Anual,2006,2006,,Enfoque de la producción,Valor agregado bruto a precios básicos,3621513.61,Bolívares,,Banco Central de Venezuela,https://www.bcv.org.ve/sites/default/files/cuentas_macroeconomicas/7_1_7_anual.xls,2026-08-01T21:23:57Z
bcv_pib_demanda_anual,Producto interno bruto por componentes de demanda,Componentes del PIB,7_1_7_anual.xls,1997,Precios constantes,Nivel,Anual,2007,2007,,Enfoque de la producción,Valor agregado bruto a precios básicos,490841.31,Bolívares,,Banco Central de Venezuela,https://www.bcv.org.ve/sites/default/files/cuentas_macroeconomicas/7_1_7_anual.xls,2026-08-01T21:23:57Z
bcv_pib_demanda_anual,Producto interno bruto por componentes de demanda,Componentes del PIB,7_1_7_anual.xls,Escala monetaria vigente desde 2018,Precios corrientes,Nivel,Anual,2007,2007,,Enfoque de la producción,Valor agregado bruto a precios básicos,4572445.82,Bolívares,,Banco Central de Venezuela,https://www.bcv.org.ve/sites/default/files/cuentas_macroeconomicas/7_1_7_anual.xls,2026-08-01T21:23:57Z
bcv_pib_demanda_anual,Producto interno bruto por componentes de demanda,Componentes del PIB,7_1_7_anual.xls,1997,Precios constantes,Nivel,Anual,2008,2008,,Enfoque de la producción,Valor agregado bruto a precios básicos,516744.86,Bolívares,Preliminar,Banco Central de Venezuela,https://www.bcv.org.ve/sites/default/files/cuentas_macroeconomicas/7_1_7_anual.xls,2026-08-01T21:23:57Z
bcv_pib_demanda_anual,Producto interno bruto por componentes de demanda,Componentes del PIB,7_1_7_anual.xls,Escala monetaria vigente desde 2018,Precios corrientes,Nivel,Anual,2008,2008,,Enfoque de la producción,Valor agregado bruto a precios básicos,6340192.36,Bolívares,Preliminar,Banco Central de Venezuela,https://www.bcv.org.ve/sites/default/files/cuentas_macroeconomicas/7_1_7_anual.xls,2026-08-01T21:23:57Z
bcv_pib_demanda_anual,Producto interno bruto por componentes de demanda,Componentes del PIB,7_1_7_anual.xls,1997,Precios constantes,Nivel,Anual,2009,2009,,Enfoque de la producción,Valor agregado bruto a precios básicos,503799.29,Bolívares,Preliminar,Banco Central de Venezuela,https://www.bcv.org.ve/sites/default/files/cuentas_macroeconomicas/7_1_7_anual.xls,2026-08-01T21:23:57Z
bcv_pib_demanda_anual,Producto interno bruto por componentes de demanda,Componentes del PIB,7_1_7_anual.xls,Escala monetaria vigente desde 2018,Precios corrientes,Nivel,Anual,2009,2009,,Enfoque de la producción,Valor agregado bruto a precios básicos,6534210.32,Bolívares,Preliminar,Banco Central de Venezuela,https://www.bcv.org.ve/sites/default/files/cuentas_macroeconomicas/7_1_7_anual.xls,2026-08-01T21:23:57Z
bcv_pib_demanda_anual,Producto interno bruto por componentes de demanda,Componentes del PIB,7_1_7_anual.xls,1997,Precios constantes,Nivel,Anual,2010,2010,,Enfoque de la producción,Valor agregado bruto a precios básicos,496812.64,Bolívares,Preliminar,Banco Central de Venezuela,https://www.bcv.org.ve/sites/default/files/cuentas_macroeconomicas/7_1_7_anual.xls,2026-08-01T21:23:57Z
bcv_pib_demanda_anual,Producto interno bruto por componentes de demanda,Componentes del PIB,7_1_7_anual.xls,Escala monetaria vigente desde 2018,Precios corrientes,Nivel,Anual,2010,2010,,Enfoque de la producción,Valor agregado bruto a precios básicos,9437826.01,Bolívares,Preliminar,Banco Central de Venezuela,https://www.bcv.org.ve/sites/default/files/cuentas_macroeconomicas/7_1_7_anual.xls,2026-08-01T21:23:57Z
bcv_pib_demanda_anual,Producto interno bruto por componentes de demanda,Componentes del PIB,7_1_7_anual.xls,1997,Precios constantes,Nivel,Anual,2011,2011,,Enfoque de la producción,Valor agregado bruto a precios básicos,516486.98,Bolívares,Preliminar,Banco Central de Venezuela,https://www.bcv.org.ve/sites/default/files/cuentas_macroeconomicas/7_1_7_anual.xls,2026-08-01T21:23:57Z
bcv_pib_demanda_anual,Producto interno bruto por componentes de demanda,Componentes del PIB,7_1_7_anual.xls,Escala monetaria vigente desde 2018,Precios corrientes,Nivel,Anual,2011,2011,,Enfoque de la producción,Valor agregado bruto a precios básicos,12527122.42,Bolívares,Preliminar,Banco Central de Venezuela,https://www.bcv.org.ve/sites/default/files/cuentas_macroeconomicas/7_1_7_anual.xls,2026-08-01T21:23:57Z
bcv_pib_demanda_anual,Producto interno bruto por componentes de demanda,Componentes del PIB,7_1_7_anual.xls,1997,Precios constantes,Nivel,Anual,2012,2012,,Enfoque de la producción,Valor agregado bruto a precios básicos,543310.88,Bolívares,Preliminar,Banco Central de Venezuela,https://www.bcv.org.ve/sites/default/files/cuentas_macroeconomicas/7_1_7_anual.xls,2026-08-01T21:23:57Z
bcv_pib_demanda_anual,Producto interno bruto por componentes de demanda,Componentes del PIB,7_1_7_anual.xls,Escala monetaria vigente desde 2018,Precios corrientes,Nivel,Anual,2012,2012,,Enfoque de la producción,Valor agregado bruto a precios básicos,14995455.73,Bolívares,Preliminar,Banco Central de Venezuela,https://www.bcv.org.ve/sites/default/files/cuentas_macroeconomicas/7_1_7_anual.xls,2026-08-01T21:23:57Z
bcv_pib_demanda_anual,Producto interno bruto por componentes de demanda,Componentes del PIB,7_1_7_anual.xls,1997,Precios constantes,Nivel,Anual,2013,2013,,Enfoque de la producción,Valor agregado bruto a precios básicos,552566.6,Bolívares,Preliminar,Banco Central de Venezuela,https://www.bcv.org.ve/sites/default/files/cuentas_macroeconomicas/7_1_7_anual.xls,2026-08-01T21:23:57Z
bcv_pib_demanda_anual,Producto interno bruto por componentes de demanda,Componentes del PIB,7_1_7_anual.xls,Escala monetaria vigente desde 2018,Precios corrientes,Nivel,Anual,2013,2013,,Enfoque de la producción,Valor agregado bruto a precios básicos,20510911.58,Bolívares,Preliminar,Banco Central de Venezuela,https://www.bcv.org.ve/sites/default/files/cuentas_macroeconomicas/7_1_7_anual.xls,2026-08-01T21:23:57Z
bcv_pib_demanda_anual,Producto interno bruto por componentes de demanda,Componentes del PIB,7_1_7_anual.xls,1997,Precios constantes,Nivel,Anual,2014,2014,,Enfoque de la producción,Valor agregado bruto a precios básicos,534541.93,Bolívares,Preliminar,Banco Central de Venezuela,https://www.bcv.org.ve/sites/default/files/cuentas_macroeconomicas/7_1_7_anual.xls,2026-08-01T21:23:57Z
bcv_pib_demanda_anual,Producto interno bruto por componentes de demanda,Componentes del PIB,7_1_7_anual.xls,Escala monetaria vigente desde 2018,Precios corrientes,Nivel,Anual,2014,2014,,Enfoque de la producción,Valor agregado bruto a precios básicos,27006015.03,Bolívares,Preliminar,Banco Central de Venezuela,https://www.bcv.org.ve/sites/default/files/cuentas_macroeconomicas/7_1_7_anual.xls,2026-08-01T21:23:57Z
bcv_pib_demanda_anual,Producto interno bruto por componentes de demanda,Componentes del PIB,7_1_7_anual.xls,1997,Precios constantes,Nivel,Anual,2015,2015,,Enfoque de la producción,Valor agregado bruto a precios básicos,504815.53,Bolívares,Preliminar,Banco Central de Venezuela,https://www.bcv.org.ve/sites/default/files/cuentas_macroeconomicas/7_1_7_anual.xls,2026-08-01T21:23:57Z
bcv_pib_demanda_anual,Producto interno bruto por componentes de demanda,Componentes del PIB,7_1_7_anual.xls,Escala monetaria vigente desde 2018,Precios corrientes,Nivel,Anual,2015,2015,,Enfoque de la producción,Valor agregado bruto a precios básicos,72051322.93,Bolívares,Preliminar,Banco Central de Venezuela,https://www.bcv.org.ve/sites/default/files/cuentas_macroeconomicas/7_1_7_anual.xls,2026-08-01T21:23:57Z
bcv_pib_demanda_anual,Producto interno bruto por componentes de demanda,Componentes del PIB,7_1_7_anual.xls,1997,Precios constantes,Nivel,Anual,2016,2016,,Enfoque de la producción,Valor agregado bruto a precios básicos,423982.59,Bolívares,Preliminar,Banco Central de Venezuela,https://www.bcv.org.ve/sites/default/files/cuentas_macroeconomicas/7_1_7_anual.xls,2026-08-01T21:23:57Z
bcv_pib_demanda_anual,Producto interno bruto por componentes de demanda,Componentes del PIB,7_1_7_anual.xls,Escala monetaria vigente desde 2018,Precios corrientes,Nivel,Anual,2016,2016,,Enfoque de la producción,Valor agregado bruto a precios básicos,255416686.17,Bolívares,Preliminar,Banco Central de Venezuela,https://www.bcv.org.ve/sites/default/files/cuentas_macroeconomicas/7_1_7_anual.xls,2026-08-01T21:23:57Z
bcv_pib_demanda_anual,Producto interno bruto por componentes de demanda,Componentes del PIB,7_1_7_anual.xls,1997,Precios constantes,Nivel,Anual,2017,2017,,Enfoque de la producción,Valor agregado bruto a precios básicos,359398.44,Bolívares,Preliminar,Banco Central de Venezuela,https://www.bcv.org.ve/sites/default/files/cuentas_macroeconomicas/7_1_7_anual.xls,2026-08-01T21:23:57Z
bcv_pib_demanda_anual,Producto interno bruto por componentes de demanda,Componentes del PIB,7_1_7_anual.xls,Escala monetaria vigente desde 2018,Precios corrientes,Nivel,Anual,2017,2017,,Enfoque de la producción,Valor agregado bruto a precios básicos,1827576082.18,Bolívares,Preliminar,Banco Central de Venezuela,https://www.bcv.org.ve/sites/default/files/cuentas_macroeconomicas/7_1_7_anual.xls,2026-08-01T21:23:57Z
bcv_pib_demanda_anual,Producto interno bruto por componentes de demanda,Componentes del PIB,7_1_7_anual.xls,1997,Precios constantes,Nivel,Anual,1997,1997,,Enfoque de la demanda,Variación de existencias,9204.88,Bolívares,,Banco Central de Venezuela,https://www.bcv.org.ve/sites/default/files/cuentas_macroeconomicas/7_1_7_anual.xls,2026-08-01T21:23:57Z
bcv_pib_demanda_anual,Producto interno bruto por componentes de demanda,Componentes del PIB,7_1_7_anual.xls,Escala monetaria vigente desde 2018,Precios corrientes,Nivel,Anual,1997,1997,,Enfoque de la demanda,Variación de existencias,9204.88,Bolívares,,Banco Central de Venezuela,https://www.bcv.org.ve/sites/default/files/cuentas_macroeconomicas/7_1_7_anual.xls,2026-08-01T21:23:57Z
bcv_pib_demanda_anual,Producto interno bruto por componentes de demanda,Componentes del PIB,7_1_7_anual.xls,1997,Precios constantes,Nivel,Anual,1998,1998,,Enfoque de la demanda,Variación de existencias,8368.34,Bolívares,,Banco Central de Venezuela,https://www.bcv.org.ve/sites/default/files/cuentas_macroeconomicas/7_1_7_anual.xls,2026-08-01T21:23:57Z
bcv_pib_demanda_anual,Producto interno bruto por componentes de demanda,Componentes del PIB,7_1_7_anual.xls,Escala monetaria vigente desde 2018,Precios corrientes,Nivel,Anual,1998,1998,,Enfoque de la demanda,Variación de existencias,10446.36,Bolívares,,Banco Central de Venezuela,https://www.bcv.org.ve/sites/default/files/cuentas_macroeconomicas/7_1_7_anual.xls,2026-08-01T21:23:57Z
bcv_pib_demanda_anual,Producto interno bruto por componentes de demanda,Componentes del PIB,7_1_7_anual.xls,1997,Precios constantes,Nivel,Anual,1999,1999,,Enfoque de la demanda,Variación de existencias,13052.35,Bolívares,,Banco Central de Venezuela,https://www.bcv.org.ve/sites/default/files/cuentas_macroeconomicas/7_1_7_anual.xls,2026-08-01T21:23:57Z
bcv_pib_demanda_anual,Producto interno bruto por componentes de demanda,Componentes del PIB,7_1_7_anual.xls,Escala monetaria vigente desde 2018,Precios corrientes,Nivel,Anual,1999,1999,,Enfoque de la demanda,Variación de existencias,16690.03,Bolívares,,Banco Central de Venezuela,https://www.bcv.org.ve/sites/default/files/cuentas_macroeconomicas/7_1_7_anual.xls,2026-08-01T21:23:57Z
bcv_pib_demanda_anual,Producto interno bruto por componentes de demanda,Componentes del PIB,7_1_7_anual.xls,1997,Precios constantes,Nivel,Anual,2000,2000,,Enfoque de la demanda,Variación de existencias,17817.23,Bolívares,,Banco Central de Venezuela,https://www.bcv.org.ve/sites/default/files/cuentas_macroeconomicas/7_1_7_anual.xls,2026-08-01T21:23:57Z
bcv_pib_demanda_anual,Producto interno bruto por componentes de demanda,Componentes del PIB,7_1_7_anual.xls,Escala monetaria vigente desde 2018,Precios corrientes,Nivel,Anual,2000,2000,,Enfoque de la demanda,Variación de existencias,25122.14,Bolívares,,Banco Central de Venezuela,https://www.bcv.org.ve/sites/default/files/cuentas_macroeconomicas/7_1_7_anual.xls,2026-08-01T21:23:57Z
bcv_pib_demanda_anual,Producto interno bruto por componentes de demanda,Componentes del PIB,7_1_7_anual.xls,1997,Precios constantes,Nivel,Anual,2001,2001,,Enfoque de la demanda,Variación de existencias,20035.93,Bolívares,,Banco Central de Venezuela,https://www.bcv.org.ve/sites/default/files/cuentas_macroeconomicas/7_1_7_anual.xls,2026-08-01T21:23:57Z
bcv_pib_demanda_anual,Producto interno bruto por componentes de demanda,Componentes del PIB,7_1_7_anual.xls,Escala monetaria vigente desde 2018,Precios corrientes,Nivel,Anual,2001,2001,,Enfoque de la demanda,Variación de existencias,30899.45,Bolívares,,Banco Central de Venezuela,https://www.bcv.org.ve/sites/default/files/cuentas_macroeconomicas/7_1_7_anual.xls,2026-08-01T21:23:57Z
bcv_pib_demanda_anual,Producto interno bruto por componentes de demanda,Componentes del PIB,7_1_7_anual.xls,1997,Precios constantes,Nivel,Anual,2002,2002,,Enfoque de la demanda,Variación de existencias,-4153.22,Bolívares,,Banco Central de Venezuela,https://www.bcv.org.ve/sites/default/files/cuentas_macroeconomicas/7_1_7_anual.xls,2026-08-01T21:23:57Z
bcv_pib_demanda_anual,Producto interno bruto por componentes de demanda,Componentes del PIB,7_1_7_anual.xls,Escala monetaria vigente desde 2018,Precios corrientes,Nivel,Anual,2002,2002,,Enfoque de la demanda,Variación de existencias,-8265.65,Bolívares,,Banco Central de Venezuela,https://www.bcv.org.ve/sites/default/files/cuentas_macroeconomicas/7_1_7_anual.xls,2026-08-01T21:23:57Z
bcv_pib_demanda_anual,Producto interno bruto por componentes de demanda,Componentes del PIB,7_1_7_anual.xls,1997,Precios constantes,Nivel,Anual,2003,2003,,Enfoque de la demanda,Variación de existencias,-1292.52,Bolívares,,Banco Central de Venezuela,https://www.bcv.org.ve/sites/default/files/cuentas_macroeconomicas/7_1_7_anual.xls,2026-08-01T21:23:57Z
bcv_pib_demanda_anual,Producto interno bruto por componentes de demanda,Componentes del PIB,7_1_7_anual.xls,Escala monetaria vigente desde 2018,Precios corrientes,Nivel,Anual,2003,2003,,Enfoque de la demanda,Variación de existencias,-3389.68,Bolívares,,Banco Central de Venezuela,https://www.bcv.org.ve/sites/default/files/cuentas_macroeconomicas/7_1_7_anual.xls,2026-08-01T21:23:57Z
bcv_pib_demanda_anual,Producto interno bruto por componentes de demanda,Componentes del PIB,7_1_7_anual.xls,1997,Precios constantes,Nivel,Anual,2004,2004,,Enfoque de la demanda,Variación de existencias,21295.93,Bolívares,,Banco Central de Venezuela,https://www.bcv.org.ve/sites/default/files/cuentas_macroeconomicas/7_1_7_anual.xls,2026-08-01T21:23:57Z
bcv_pib_demanda_anual,Producto interno bruto por componentes de demanda,Componentes del PIB,7_1_7_anual.xls,Escala monetaria vigente desde 2018,Precios corrientes,Nivel,Anual,2004,2004,,Enfoque de la demanda,Variación de existencias,73605.65,Bolívares,,Banco Central de Venezuela,https://www.bcv.org.ve/sites/default/files/cuentas_macroeconomicas/7_1_7_anual.xls,2026-08-01T21:23:57Z
bcv_pib_demanda_anual,Producto interno bruto por componentes de demanda,Componentes del PIB,7_1_7_anual.xls,1997,Precios constantes,Nivel,Anual,2005,2005,,Enfoque de la demanda,Variación de existencias,20980.66,Bolívares,,Banco Central de Venezuela,https://www.bcv.org.ve/sites/default/files/cuentas_macroeconomicas/7_1_7_anual.xls,2026-08-01T21:23:57Z
bcv_pib_demanda_anual,Producto interno bruto por componentes de demanda,Componentes del PIB,7_1_7_anual.xls,Escala monetaria vigente desde 2018,Precios corrientes,Nivel,Anual,2005,2005,,Enfoque de la demanda,Variación de existencias,82233.87,Bolívares,,Banco Central de Venezuela,https://www.bcv.org.ve/sites/default/files/cuentas_macroeconomicas/7_1_7_anual.xls,2026-08-01T21:23:57Z
bcv_pib_demanda_anual,Producto interno bruto por componentes de demanda,Componentes del PIB,7_1_7_anual.xls,1997,Precios constantes,Nivel,Anual,2006,2006,,Enfoque de la demanda,Variación de existencias,36857.13,Bolívares,,Banco Central de Venezuela,https://www.bcv.org.ve/sites/default/files/cuentas_macroeconomicas/7_1_7_anual.xls,2026-08-01T21:23:57Z
bcv_pib_demanda_anual,Producto interno bruto por componentes de demanda,Componentes del PIB,7_1_7_anual.xls,Escala monetaria vigente desde 2018,Precios corrientes,Nivel,Anual,2006,2006,,Enfoque de la demanda,Variación de existencias,180709.29,Bolívares,,Banco Central de Venezuela,https://www.bcv.org.ve/sites/default/files/cuentas_macroeconomicas/7_1_7_anual.xls,2026-08-01T21:23:57Z
bcv_pib_demanda_anual,Producto interno bruto por componentes de demanda,Componentes del PIB,7_1_7_anual.xls,1997,Precios constantes,Nivel,Anual,2007,2007,,Enfoque de la demanda,Variación de existencias,51133.77,Bolívares,,Banco Central de Venezuela,https://www.bcv.org.ve/sites/default/files/cuentas_macroeconomicas/7_1_7_anual.xls,2026-08-01T21:23:57Z
bcv_pib_demanda_anual,Producto interno bruto por componentes de demanda,Componentes del PIB,7_1_7_anual.xls,Escala monetaria vigente desde 2018,Precios corrientes,Nivel,Anual,2007,2007,,Enfoque de la demanda,Variación de existencias,262962.71,Bolívares,,Banco Central de Venezuela,https://www.bcv.org.ve/sites/default/files/cuentas_macroeconomicas/7_1_7_anual.xls,2026-08-01T21:23:57Z
bcv_pib_demanda_anual,Producto interno bruto por componentes de demanda,Componentes del PIB,7_1_7_anual.xls,1997,Precios constantes,Nivel,Anual,2008,2008,,Enfoque de la demanda,Variación de existencias,51794.91,Bolívares,Preliminar,Banco Central de Venezuela,https://www.bcv.org.ve/sites/default/files/cuentas_macroeconomicas/7_1_7_anual.xls,2026-08-01T21:23:57Z
bcv_pib_demanda_anual,Producto interno bruto por componentes de demanda,Componentes del PIB,7_1_7_anual.xls,Escala monetaria vigente desde 2018,Precios corrientes,Nivel,Anual,2008,2008,,Enfoque de la demanda,Variación de existencias,320144.43,Bolívares,Preliminar,Banco Central de Venezuela,https://www.bcv.org.ve/sites/default/files/cuentas_macroeconomicas/7_1_7_anual.xls,2026-08-01T21:23:57Z
bcv_pib_demanda_anual,Producto interno bruto por componentes de demanda,Componentes del PIB,7_1_7_anual.xls,1997,Precios constantes,Nivel,Anual,2009,2009,,Enfoque de la demanda,Variación de existencias,20758.17,Bolívares,Preliminar,Banco Central de Venezuela,https://www.bcv.org.ve/sites/default/files/cuentas_macroeconomicas/7_1_7_anual.xls,2026-08-01T21:23:57Z
bcv_pib_demanda_anual,Producto interno bruto por componentes de demanda,Componentes del PIB,7_1_7_anual.xls,Escala monetaria vigente desde 2018,Precios corrientes,Nivel,Anual,2009,2009,,Enfoque de la demanda,Variación de existencias,160357.99,Bolívares,Preliminar,Banco Central de Venezuela,https://www.bcv.org.ve/sites/default/files/cuentas_macroeconomicas/7_1_7_anual.xls,2026-08-01T21:23:57Z
bcv_pib_demanda_anual,Producto interno bruto por componentes de demanda,Componentes del PIB,7_1_7_anual.xls,1997,Precios constantes,Nivel,Anual,2010,2010,,Enfoque de la demanda,Variación de existencias,34222.1,Bolívares,Preliminar,Banco Central de Venezuela,https://www.bcv.org.ve/sites/default/files/cuentas_macroeconomicas/7_1_7_anual.xls,2026-08-01T21:23:57Z
bcv_pib_demanda_anual,Producto interno bruto por componentes de demanda,Componentes del PIB,7_1_7_anual.xls,Escala monetaria vigente desde 2018,Precios corrientes,Nivel,Anual,2010,2010,,Enfoque de la demanda,Variación de existencias,334425.76,Bolívares,Preliminar,Banco Central de Venezuela,https://www.bcv.org.ve/sites/default/files/cuentas_macroeconomicas/7_1_7_anual.xls,2026-08-01T21:23:57Z
bcv_pib_demanda_anual,Producto interno bruto por componentes de demanda,Componentes del PIB,7_1_7_anual.xls,1997,Precios constantes,Nivel,Anual,2011,2011,,Enfoque de la demanda,Variación de existencias,57740.57,Bolívares,Preliminar,Banco Central de Venezuela,https://www.bcv.org.ve/sites/default/files/cuentas_macroeconomicas/7_1_7_anual.xls,2026-08-01T21:23:57Z
bcv_pib_demanda_anual,Producto interno bruto por componentes de demanda,Componentes del PIB,7_1_7_anual.xls,Escala monetaria vigente desde 2018,Precios corrientes,Nivel,Anual,2011,2011,,Enfoque de la demanda,Variación de existencias,725032.29,Bolívares,Preliminar,Banco Central de Venezuela,https://www.bcv.org.ve/sites/default/files/cuentas_macroeconomicas/7_1_7_anual.xls,2026-08-01T21:23:57Z
bcv_pib_demanda_anual,Producto interno bruto por componentes de demanda,Componentes del PIB,7_1_7_anual.xls,1997,Precios constantes,Nivel,Anual,2012,2012,,Enfoque de la demanda,Variación de existencias,72961.9,Bolívares,Preliminar,Banco Central de Venezuela,https://www.bcv.org.ve/sites/default/files/cuentas_macroeconomicas/7_1_7_anual.xls,2026-08-01T21:23:57Z
bcv_pib_demanda_anual,Producto interno bruto por componentes de demanda,Componentes del PIB,7_1_7_anual.xls,Escala monetaria vigente desde 2018,Precios corrientes,Nivel,Anual,2012,2012,,Enfoque de la demanda,Variación de existencias,1028124.71,Bolívares,Preliminar,Banco Central de Venezuela,https://www.bcv.org.ve/sites/default/files/cuentas_macroeconomicas/7_1_7_anual.xls,2026-08-01T21:23:57Z
bcv_pib_demanda_anual,Producto interno bruto por componentes de demanda,Componentes del PIB,7_1_7_anual.xls,1997,Precios constantes,Nivel,Anual,2013,2013,,Enfoque de la demanda,Variación de existencias,52073.01,Bolívares,Preliminar,Banco Central de Venezuela,https://www.bcv.org.ve/sites/default/files/cuentas_macroeconomicas/7_1_7_anual.xls,2026-08-01T21:23:57Z
bcv_pib_demanda_anual,Producto interno bruto por componentes de demanda,Componentes del PIB,7_1_7_anual.xls,Escala monetaria vigente desde 2018,Precios corrientes,Nivel,Anual,2013,2013,,Enfoque de la demanda,Variación de existencias,1134256.29,Bolívares,Preliminar,Banco Central de Venezuela,https://www.bcv.org.ve/sites/default/files/cuentas_macroeconomicas/7_1_7_anual.xls,2026-08-01T21:23:57Z
bcv_pib_demanda_anual,Producto interno bruto por componentes de demanda,Componentes del PIB,7_1_7_anual.xls,1997,Precios constantes,Nivel,Anual,2014,2014,,Enfoque de la demanda,Variación de existencias,28224.53,Bolívares,Preliminar,Banco Central de Venezuela,https://www.bcv.org.ve/sites/default/files/cuentas_macroeconomicas/7_1_7_anual.xls,2026-08-01T21:23:57Z
bcv_pib_demanda_anual,Producto interno bruto por componentes de demanda,Componentes del PIB,7_1_7_anual.xls,Escala monetaria vigente desde 2018,Precios corrientes,Nivel,Anual,2014,2014,,Enfoque de la demanda,Variación de existencias,965977.7,Bolívares,Preliminar,Banco Central de Venezuela,https://www.bcv.org.ve/sites/default/files/cuentas_macroeconomicas/7_1_7_anual.xls,2026-08-01T21:23:57Z
bcv_pib_demanda_anual,Producto interno bruto por componentes de demanda,Componentes del PIB,7_1_7_anual.xls,1997,Precios constantes,Nivel,Anual,2015,2015,,Enfoque de la demanda,Variación de existencias,16024.56,Bolívares,Preliminar,Banco Central de Venezuela,https://www.bcv.org.ve/sites/default/files/cuentas_macroeconomicas/7_1_7_anual.xls,2026-08-01T21:23:57Z
bcv_pib_demanda_anual,Producto interno bruto por componentes de demanda,Componentes del PIB,7_1_7_anual.xls,Escala monetaria vigente desde 2018,Precios corrientes,Nivel,Anual,2015,2015,,Enfoque de la demanda,Variación de existencias,6006266.03,Bolívares,Preliminar,Banco Central de Venezuela,https://www.bcv.org.ve/sites/default/files/cuentas_macroeconomicas/7_1_7_anual.xls,2026-08-01T21:23:57Z
bcv_pib_demanda_anual,Producto interno bruto por componentes de demanda,Componentes del PIB,7_1_7_anual.xls,1997,Precios constantes,Nivel,Anual,2016,2016,,Enfoque de la demanda,Variación de existencias,-4414.45,Bolívares,Preliminar,Banco Central de Venezuela,https://www.bcv.org.ve/sites/default/files/cuentas_macroeconomicas/7_1_7_anual.xls,2026-08-01T21:23:57Z
bcv_pib_demanda_anual,Producto interno bruto por componentes de demanda,Componentes del PIB,7_1_7_anual.xls,Escala monetaria vigente desde 2018,Precios corrientes,Nivel,Anual,2016,2016,,Enfoque de la demanda,Variación de existencias,-37585554.67,Bolívares,Preliminar,Banco Central de Venezuela,https://www.bcv.org.ve/sites/default/files/cuentas_macroeconomicas/7_1_7_anual.xls,2026-08-01T21:23:57Z
bcv_pib_demanda_anual,Producto interno bruto por componentes de demanda,Componentes del PIB,7_1_7_anual.xls,1997,Precios constantes,Nivel,Anual,2017,2017,,Enfoque de la demanda,Variación de existencias,-15633.17,Bolívares,Preliminar,Banco Central de Venezuela,https://www.bcv.org.ve/sites/default/files/cuentas_macroeconomicas/7_1_7_anual.xls,2026-08-01T21:23:57Z
bcv_pib_demanda_anual,Producto interno bruto por componentes de demanda,Componentes del PIB,7_1_7_anual.xls,Escala monetaria vigente desde 2018,Precios corrientes,Nivel,Anual,2017,2017,,Enfoque de la demanda,Variación de existencias,-405918172.91,Bolívares,Preliminar,Banco Central de Venezuela,https://www.bcv.org.ve/sites/default/files/cuentas_macroeconomicas/7_1_7_anual.xls,2026-08-01T21:23:57Z
