dataset_id,title,table,source_file,base,price_type,measure,frequency,period,year,quarter,classification,component,value,unit,status,source,source_url,fetched_at
bcv_pib_sector_institucional_trimestral,Producto interno bruto por sector institucional trimestral,PIB por sector institucional,5_2_1_trim.xls,1997,Precios constantes,Nivel,Trimestral,1997-T1,1997,1,Sector institucional,Impuestos netos sobre los productos,8153.24,Bolívares,Preliminar,Banco Central de Venezuela,https://www.bcv.org.ve/sites/default/files/cuentas_macroeconomicas/5_2_1_trim.xls,2026-08-02T21:23:58Z
bcv_pib_sector_institucional_trimestral,Producto interno bruto por sector institucional trimestral,PIB por sector institucional,5_2_1_trim.xls,1997,Precios constantes,Nivel,Trimestral,1997-T2,1997,2,Sector institucional,Impuestos netos sobre los productos,9167.380000000001,Bolívares,Preliminar,Banco Central de Venezuela,https://www.bcv.org.ve/sites/default/files/cuentas_macroeconomicas/5_2_1_trim.xls,2026-08-02T21:23:58Z
bcv_pib_sector_institucional_trimestral,Producto interno bruto por sector institucional trimestral,PIB por sector institucional,5_2_1_trim.xls,1997,Precios constantes,Nivel,Trimestral,1997-T3,1997,3,Sector institucional,Impuestos netos sobre los productos,9656.15,Bolívares,Preliminar,Banco Central de Venezuela,https://www.bcv.org.ve/sites/default/files/cuentas_macroeconomicas/5_2_1_trim.xls,2026-08-02T21:23:58Z
bcv_pib_sector_institucional_trimestral,Producto interno bruto por sector institucional trimestral,PIB por sector institucional,5_2_1_trim.xls,1997,Precios constantes,Nivel,Trimestral,1997-T4,1997,4,Sector institucional,Impuestos netos sobre los productos,9960.77,Bolívares,Preliminar,Banco Central de Venezuela,https://www.bcv.org.ve/sites/default/files/cuentas_macroeconomicas/5_2_1_trim.xls,2026-08-02T21:23:58Z
bcv_pib_sector_institucional_trimestral,Producto interno bruto por sector institucional trimestral,PIB por sector institucional,5_2_1_trim.xls,1997,Precios constantes,Nivel,Trimestral,1998-T1,1998,1,Sector institucional,Impuestos netos sobre los productos,9443.61,Bolívares,Preliminar,Banco Central de Venezuela,https://www.bcv.org.ve/sites/default/files/cuentas_macroeconomicas/5_2_1_trim.xls,2026-08-02T21:23:58Z
bcv_pib_sector_institucional_trimestral,Producto interno bruto por sector institucional trimestral,PIB por sector institucional,5_2_1_trim.xls,1997,Precios constantes,Nivel,Trimestral,1998-T2,1998,2,Sector institucional,Impuestos netos sobre los productos,10078.45,Bolívares,Preliminar,Banco Central de Venezuela,https://www.bcv.org.ve/sites/default/files/cuentas_macroeconomicas/5_2_1_trim.xls,2026-08-02T21:23:58Z
bcv_pib_sector_institucional_trimestral,Producto interno bruto por sector institucional trimestral,PIB por sector institucional,5_2_1_trim.xls,1997,Precios constantes,Nivel,Trimestral,1998-T3,1998,3,Sector institucional,Impuestos netos sobre los productos,9476.58,Bolívares,Preliminar,Banco Central de Venezuela,https://www.bcv.org.ve/sites/default/files/cuentas_macroeconomicas/5_2_1_trim.xls,2026-08-02T21:23:58Z
bcv_pib_sector_institucional_trimestral,Producto interno bruto por sector institucional trimestral,PIB por sector institucional,5_2_1_trim.xls,1997,Precios constantes,Nivel,Trimestral,1998-T4,1998,4,Sector institucional,Impuestos netos sobre los productos,9303.11,Bolívares,Preliminar,Banco Central de Venezuela,https://www.bcv.org.ve/sites/default/files/cuentas_macroeconomicas/5_2_1_trim.xls,2026-08-02T21:23:58Z
bcv_pib_sector_institucional_trimestral,Producto interno bruto por sector institucional trimestral,PIB por sector institucional,5_2_1_trim.xls,1997,Precios constantes,Nivel,Trimestral,1999-T1,1999,1,Sector institucional,Impuestos netos sobre los productos,8485.92,Bolívares,Preliminar,Banco Central de Venezuela,https://www.bcv.org.ve/sites/default/files/cuentas_macroeconomicas/5_2_1_trim.xls,2026-08-02T21:23:58Z
bcv_pib_sector_institucional_trimestral,Producto interno bruto por sector institucional trimestral,PIB por sector institucional,5_2_1_trim.xls,1997,Precios constantes,Nivel,Trimestral,1999-T2,1999,2,Sector institucional,Impuestos netos sobre los productos,9127.18,Bolívares,Preliminar,Banco Central de Venezuela,https://www.bcv.org.ve/sites/default/files/cuentas_macroeconomicas/5_2_1_trim.xls,2026-08-02T21:23:58Z
bcv_pib_sector_institucional_trimestral,Producto interno bruto por sector institucional trimestral,PIB por sector institucional,5_2_1_trim.xls,1997,Precios constantes,Nivel,Trimestral,1999-T3,1999,3,Sector institucional,Impuestos netos sobre los productos,9742.029999999999,Bolívares,Preliminar,Banco Central de Venezuela,https://www.bcv.org.ve/sites/default/files/cuentas_macroeconomicas/5_2_1_trim.xls,2026-08-02T21:23:58Z
bcv_pib_sector_institucional_trimestral,Producto interno bruto por sector institucional trimestral,PIB por sector institucional,5_2_1_trim.xls,1997,Precios constantes,Nivel,Trimestral,1999-T4,1999,4,Sector institucional,Impuestos netos sobre los productos,9793.3,Bolívares,Preliminar,Banco Central de Venezuela,https://www.bcv.org.ve/sites/default/files/cuentas_macroeconomicas/5_2_1_trim.xls,2026-08-02T21:23:58Z
bcv_pib_sector_institucional_trimestral,Producto interno bruto por sector institucional trimestral,PIB por sector institucional,5_2_1_trim.xls,1997,Precios constantes,Nivel,Trimestral,2000-T1,2000,1,Sector institucional,Impuestos netos sobre los productos,8822.18,Bolívares,Preliminar,Banco Central de Venezuela,https://www.bcv.org.ve/sites/default/files/cuentas_macroeconomicas/5_2_1_trim.xls,2026-08-02T21:23:58Z
bcv_pib_sector_institucional_trimestral,Producto interno bruto por sector institucional trimestral,PIB por sector institucional,5_2_1_trim.xls,1997,Precios constantes,Nivel,Trimestral,2000-T2,2000,2,Sector institucional,Impuestos netos sobre los productos,9552.77,Bolívares,Preliminar,Banco Central de Venezuela,https://www.bcv.org.ve/sites/default/files/cuentas_macroeconomicas/5_2_1_trim.xls,2026-08-02T21:23:58Z
bcv_pib_sector_institucional_trimestral,Producto interno bruto por sector institucional trimestral,PIB por sector institucional,5_2_1_trim.xls,1997,Precios constantes,Nivel,Trimestral,2000-T3,2000,3,Sector institucional,Impuestos netos sobre los productos,9538.69,Bolívares,Preliminar,Banco Central de Venezuela,https://www.bcv.org.ve/sites/default/files/cuentas_macroeconomicas/5_2_1_trim.xls,2026-08-02T21:23:58Z
bcv_pib_sector_institucional_trimestral,Producto interno bruto por sector institucional trimestral,PIB por sector institucional,5_2_1_trim.xls,1997,Precios constantes,Nivel,Trimestral,2000-T4,2000,4,Sector institucional,Impuestos netos sobre los productos,10246.82,Bolívares,Preliminar,Banco Central de Venezuela,https://www.bcv.org.ve/sites/default/files/cuentas_macroeconomicas/5_2_1_trim.xls,2026-08-02T21:23:58Z
bcv_pib_sector_institucional_trimestral,Producto interno bruto por sector institucional trimestral,PIB por sector institucional,5_2_1_trim.xls,1997,Precios constantes,Nivel,Trimestral,2001-T1,2001,1,Sector institucional,Impuestos netos sobre los productos,9380.85,Bolívares,Preliminar,Banco Central de Venezuela,https://www.bcv.org.ve/sites/default/files/cuentas_macroeconomicas/5_2_1_trim.xls,2026-08-02T21:23:58Z
bcv_pib_sector_institucional_trimestral,Producto interno bruto por sector institucional trimestral,PIB por sector institucional,5_2_1_trim.xls,1997,Precios constantes,Nivel,Trimestral,2001-T2,2001,2,Sector institucional,Impuestos netos sobre los productos,10203.45,Bolívares,Preliminar,Banco Central de Venezuela,https://www.bcv.org.ve/sites/default/files/cuentas_macroeconomicas/5_2_1_trim.xls,2026-08-02T21:23:58Z
bcv_pib_sector_institucional_trimestral,Producto interno bruto por sector institucional trimestral,PIB por sector institucional,5_2_1_trim.xls,1997,Precios constantes,Nivel,Trimestral,2001-T3,2001,3,Sector institucional,Impuestos netos sobre los productos,10657.130000000001,Bolívares,Preliminar,Banco Central de Venezuela,https://www.bcv.org.ve/sites/default/files/cuentas_macroeconomicas/5_2_1_trim.xls,2026-08-02T21:23:58Z
bcv_pib_sector_institucional_trimestral,Producto interno bruto por sector institucional trimestral,PIB por sector institucional,5_2_1_trim.xls,1997,Precios constantes,Nivel,Trimestral,2001-T4,2001,4,Sector institucional,Impuestos netos sobre los productos,10773.76,Bolívares,Preliminar,Banco Central de Venezuela,https://www.bcv.org.ve/sites/default/files/cuentas_macroeconomicas/5_2_1_trim.xls,2026-08-02T21:23:58Z
bcv_pib_sector_institucional_trimestral,Producto interno bruto por sector institucional trimestral,PIB por sector institucional,5_2_1_trim.xls,1997,Precios constantes,Nivel,Trimestral,2002-T1,2002,1,Sector institucional,Impuestos netos sobre los productos,8726.92,Bolívares,Preliminar,Banco Central de Venezuela,https://www.bcv.org.ve/sites/default/files/cuentas_macroeconomicas/5_2_1_trim.xls,2026-08-02T21:23:58Z
bcv_pib_sector_institucional_trimestral,Producto interno bruto por sector institucional trimestral,PIB por sector institucional,5_2_1_trim.xls,1997,Precios constantes,Nivel,Trimestral,2002-T2,2002,2,Sector institucional,Impuestos netos sobre los productos,8276.25,Bolívares,Preliminar,Banco Central de Venezuela,https://www.bcv.org.ve/sites/default/files/cuentas_macroeconomicas/5_2_1_trim.xls,2026-08-02T21:23:58Z
bcv_pib_sector_institucional_trimestral,Producto interno bruto por sector institucional trimestral,PIB por sector institucional,5_2_1_trim.xls,1997,Precios constantes,Nivel,Trimestral,2002-T3,2002,3,Sector institucional,Impuestos netos sobre los productos,8423.44,Bolívares,Preliminar,Banco Central de Venezuela,https://www.bcv.org.ve/sites/default/files/cuentas_macroeconomicas/5_2_1_trim.xls,2026-08-02T21:23:58Z
bcv_pib_sector_institucional_trimestral,Producto interno bruto por sector institucional trimestral,PIB por sector institucional,5_2_1_trim.xls,1997,Precios constantes,Nivel,Trimestral,2002-T4,2002,4,Sector institucional,Impuestos netos sobre los productos,7223.28,Bolívares,Preliminar,Banco Central de Venezuela,https://www.bcv.org.ve/sites/default/files/cuentas_macroeconomicas/5_2_1_trim.xls,2026-08-02T21:23:58Z
bcv_pib_sector_institucional_trimestral,Producto interno bruto por sector institucional trimestral,PIB por sector institucional,5_2_1_trim.xls,1997,Precios constantes,Nivel,Trimestral,2003-T1,2003,1,Sector institucional,Impuestos netos sobre los productos,2424.0899999999992,Bolívares,Preliminar,Banco Central de Venezuela,https://www.bcv.org.ve/sites/default/files/cuentas_macroeconomicas/5_2_1_trim.xls,2026-08-02T21:23:58Z
bcv_pib_sector_institucional_trimestral,Producto interno bruto por sector institucional trimestral,PIB por sector institucional,5_2_1_trim.xls,1997,Precios constantes,Nivel,Trimestral,2003-T2,2003,2,Sector institucional,Impuestos netos sobre los productos,6971.429999999999,Bolívares,Preliminar,Banco Central de Venezuela,https://www.bcv.org.ve/sites/default/files/cuentas_macroeconomicas/5_2_1_trim.xls,2026-08-02T21:23:58Z
bcv_pib_sector_institucional_trimestral,Producto interno bruto por sector institucional trimestral,PIB por sector institucional,5_2_1_trim.xls,1997,Precios constantes,Nivel,Trimestral,2003-T3,2003,3,Sector institucional,Impuestos netos sobre los productos,7651.639999999999,Bolívares,Preliminar,Banco Central de Venezuela,https://www.bcv.org.ve/sites/default/files/cuentas_macroeconomicas/5_2_1_trim.xls,2026-08-02T21:23:58Z
bcv_pib_sector_institucional_trimestral,Producto interno bruto por sector institucional trimestral,PIB por sector institucional,5_2_1_trim.xls,1997,Precios constantes,Nivel,Trimestral,2003-T4,2003,4,Sector institucional,Impuestos netos sobre los productos,8258.87,Bolívares,Preliminar,Banco Central de Venezuela,https://www.bcv.org.ve/sites/default/files/cuentas_macroeconomicas/5_2_1_trim.xls,2026-08-02T21:23:58Z
bcv_pib_sector_institucional_trimestral,Producto interno bruto por sector institucional trimestral,PIB por sector institucional,5_2_1_trim.xls,1997,Precios constantes,Nivel,Trimestral,2004-T1,2004,1,Sector institucional,Impuestos netos sobre los productos,8254.46,Bolívares,Preliminar,Banco Central de Venezuela,https://www.bcv.org.ve/sites/default/files/cuentas_macroeconomicas/5_2_1_trim.xls,2026-08-02T21:23:58Z
bcv_pib_sector_institucional_trimestral,Producto interno bruto por sector institucional trimestral,PIB por sector institucional,5_2_1_trim.xls,1997,Precios constantes,Nivel,Trimestral,2004-T2,2004,2,Sector institucional,Impuestos netos sobre los productos,8766.55,Bolívares,Preliminar,Banco Central de Venezuela,https://www.bcv.org.ve/sites/default/files/cuentas_macroeconomicas/5_2_1_trim.xls,2026-08-02T21:23:58Z
bcv_pib_sector_institucional_trimestral,Producto interno bruto por sector institucional trimestral,PIB por sector institucional,5_2_1_trim.xls,1997,Precios constantes,Nivel,Trimestral,2004-T3,2004,3,Sector institucional,Impuestos netos sobre los productos,10577.710000000001,Bolívares,Preliminar,Banco Central de Venezuela,https://www.bcv.org.ve/sites/default/files/cuentas_macroeconomicas/5_2_1_trim.xls,2026-08-02T21:23:58Z
bcv_pib_sector_institucional_trimestral,Producto interno bruto por sector institucional trimestral,PIB por sector institucional,5_2_1_trim.xls,1997,Precios constantes,Nivel,Trimestral,2004-T4,2004,4,Sector institucional,Impuestos netos sobre los productos,11175.8,Bolívares,Preliminar,Banco Central de Venezuela,https://www.bcv.org.ve/sites/default/files/cuentas_macroeconomicas/5_2_1_trim.xls,2026-08-02T21:23:58Z
bcv_pib_sector_institucional_trimestral,Producto interno bruto por sector institucional trimestral,PIB por sector institucional,5_2_1_trim.xls,1997,Precios constantes,Nivel,Trimestral,2005-T1,2005,1,Sector institucional,Impuestos netos sobre los productos,10096.69,Bolívares,Preliminar,Banco Central de Venezuela,https://www.bcv.org.ve/sites/default/files/cuentas_macroeconomicas/5_2_1_trim.xls,2026-08-02T21:23:58Z
bcv_pib_sector_institucional_trimestral,Producto interno bruto por sector institucional trimestral,PIB por sector institucional,5_2_1_trim.xls,1997,Precios constantes,Nivel,Trimestral,2005-T2,2005,2,Sector institucional,Impuestos netos sobre los productos,11001.119999999999,Bolívares,Preliminar,Banco Central de Venezuela,https://www.bcv.org.ve/sites/default/files/cuentas_macroeconomicas/5_2_1_trim.xls,2026-08-02T21:23:58Z
bcv_pib_sector_institucional_trimestral,Producto interno bruto por sector institucional trimestral,PIB por sector institucional,5_2_1_trim.xls,1997,Precios constantes,Nivel,Trimestral,2005-T3,2005,3,Sector institucional,Impuestos netos sobre los productos,11829.41,Bolívares,Preliminar,Banco Central de Venezuela,https://www.bcv.org.ve/sites/default/files/cuentas_macroeconomicas/5_2_1_trim.xls,2026-08-02T21:23:58Z
bcv_pib_sector_institucional_trimestral,Producto interno bruto por sector institucional trimestral,PIB por sector institucional,5_2_1_trim.xls,1997,Precios constantes,Nivel,Trimestral,2005-T4,2005,4,Sector institucional,Impuestos netos sobre los productos,12744.37,Bolívares,Preliminar,Banco Central de Venezuela,https://www.bcv.org.ve/sites/default/files/cuentas_macroeconomicas/5_2_1_trim.xls,2026-08-02T21:23:58Z
bcv_pib_sector_institucional_trimestral,Producto interno bruto por sector institucional trimestral,PIB por sector institucional,5_2_1_trim.xls,1997,Precios constantes,Nivel,Trimestral,2006-T1,2006,1,Sector institucional,Impuestos netos sobre los productos,11769.3,Bolívares,Preliminar,Banco Central de Venezuela,https://www.bcv.org.ve/sites/default/files/cuentas_macroeconomicas/5_2_1_trim.xls,2026-08-02T21:23:58Z
bcv_pib_sector_institucional_trimestral,Producto interno bruto por sector institucional trimestral,PIB por sector institucional,5_2_1_trim.xls,1997,Precios constantes,Nivel,Trimestral,2006-T2,2006,2,Sector institucional,Impuestos netos sobre los productos,12927.6,Bolívares,Preliminar,Banco Central de Venezuela,https://www.bcv.org.ve/sites/default/files/cuentas_macroeconomicas/5_2_1_trim.xls,2026-08-02T21:23:58Z
bcv_pib_sector_institucional_trimestral,Producto interno bruto por sector institucional trimestral,PIB por sector institucional,5_2_1_trim.xls,1997,Precios constantes,Nivel,Trimestral,2006-T3,2006,3,Sector institucional,Impuestos netos sobre los productos,13854.93,Bolívares,Preliminar,Banco Central de Venezuela,https://www.bcv.org.ve/sites/default/files/cuentas_macroeconomicas/5_2_1_trim.xls,2026-08-02T21:23:58Z
bcv_pib_sector_institucional_trimestral,Producto interno bruto por sector institucional trimestral,PIB por sector institucional,5_2_1_trim.xls,1997,Precios constantes,Nivel,Trimestral,2006-T4,2006,4,Sector institucional,Impuestos netos sobre los productos,16783.55,Bolívares,Preliminar,Banco Central de Venezuela,https://www.bcv.org.ve/sites/default/files/cuentas_macroeconomicas/5_2_1_trim.xls,2026-08-02T21:23:58Z
bcv_pib_sector_institucional_trimestral,Producto interno bruto por sector institucional trimestral,PIB por sector institucional,5_2_1_trim.xls,1997,Precios constantes,Nivel,Trimestral,2007-T1,2007,1,Sector institucional,Impuestos netos sobre los productos,14338.18,Bolívares,Preliminar,Banco Central de Venezuela,https://www.bcv.org.ve/sites/default/files/cuentas_macroeconomicas/5_2_1_trim.xls,2026-08-02T21:23:58Z
bcv_pib_sector_institucional_trimestral,Producto interno bruto por sector institucional trimestral,PIB por sector institucional,5_2_1_trim.xls,1997,Precios constantes,Nivel,Trimestral,2007-T2,2007,2,Sector institucional,Impuestos netos sobre los productos,15158.96,Bolívares,Preliminar,Banco Central de Venezuela,https://www.bcv.org.ve/sites/default/files/cuentas_macroeconomicas/5_2_1_trim.xls,2026-08-02T21:23:58Z
bcv_pib_sector_institucional_trimestral,Producto interno bruto por sector institucional trimestral,PIB por sector institucional,5_2_1_trim.xls,1997,Precios constantes,Nivel,Trimestral,2007-T3,2007,3,Sector institucional,Impuestos netos sobre los productos,16648.29,Bolívares,Preliminar,Banco Central de Venezuela,https://www.bcv.org.ve/sites/default/files/cuentas_macroeconomicas/5_2_1_trim.xls,2026-08-02T21:23:58Z
bcv_pib_sector_institucional_trimestral,Producto interno bruto por sector institucional trimestral,PIB por sector institucional,5_2_1_trim.xls,1997,Precios constantes,Nivel,Trimestral,2007-T4,2007,4,Sector institucional,Impuestos netos sobre los productos,18923.85,Bolívares,Preliminar,Banco Central de Venezuela,https://www.bcv.org.ve/sites/default/files/cuentas_macroeconomicas/5_2_1_trim.xls,2026-08-02T21:23:58Z
bcv_pib_sector_institucional_trimestral,Producto interno bruto por sector institucional trimestral,PIB por sector institucional,5_2_1_trim.xls,1997,Precios constantes,Nivel,Trimestral,2008-T1,2008,1,Sector institucional,Impuestos netos sobre los productos,15457.48,Bolívares,Preliminar,Banco Central de Venezuela,https://www.bcv.org.ve/sites/default/files/cuentas_macroeconomicas/5_2_1_trim.xls,2026-08-02T21:23:58Z
bcv_pib_sector_institucional_trimestral,Producto interno bruto por sector institucional trimestral,Variaciones porcentuales,5_2_1_si_trim.xlsx,2007,Precios constantes,Variación porcentual interanual,Trimestral,2008-T1,2008,1,Sector institucional,Impuestos netos sobre los productos,-20.37975185853105,Porcentaje,Preliminar,Banco Central de Venezuela,https://www.bcv.org.ve/sites/default/files/cuentas_macroeconomicas/5_2_1_si_trim.xlsx,2026-08-02T21:23:58Z
bcv_pib_sector_institucional_trimestral,Producto interno bruto por sector institucional trimestral,PIB por sector institucional,5_2_1_trim.xls,1997,Precios constantes,Nivel,Trimestral,2008-T2,2008,2,Sector institucional,Impuestos netos sobre los productos,16306.849999999999,Bolívares,Preliminar,Banco Central de Venezuela,https://www.bcv.org.ve/sites/default/files/cuentas_macroeconomicas/5_2_1_trim.xls,2026-08-02T21:23:58Z
bcv_pib_sector_institucional_trimestral,Producto interno bruto por sector institucional trimestral,Variaciones porcentuales,5_2_1_si_trim.xlsx,2007,Precios constantes,Variación porcentual interanual,Trimestral,2008-T2,2008,2,Sector institucional,Impuestos netos sobre los productos,-17.28229227762104,Porcentaje,Preliminar,Banco Central de Venezuela,https://www.bcv.org.ve/sites/default/files/cuentas_macroeconomicas/5_2_1_si_trim.xlsx,2026-08-02T21:23:58Z
bcv_pib_sector_institucional_trimestral,Producto interno bruto por sector institucional trimestral,PIB por sector institucional,5_2_1_trim.xls,1997,Precios constantes,Nivel,Trimestral,2008-T3,2008,3,Sector institucional,Impuestos netos sobre los productos,17176.87,Bolívares,Preliminar,Banco Central de Venezuela,https://www.bcv.org.ve/sites/default/files/cuentas_macroeconomicas/5_2_1_trim.xls,2026-08-02T21:23:58Z
bcv_pib_sector_institucional_trimestral,Producto interno bruto por sector institucional trimestral,Variaciones porcentuales,5_2_1_si_trim.xlsx,2007,Precios constantes,Variación porcentual interanual,Trimestral,2008-T3,2008,3,Sector institucional,Impuestos netos sobre los productos,-10.766166510668157,Porcentaje,Preliminar,Banco Central de Venezuela,https://www.bcv.org.ve/sites/default/files/cuentas_macroeconomicas/5_2_1_si_trim.xlsx,2026-08-02T21:23:58Z
bcv_pib_sector_institucional_trimestral,Producto interno bruto por sector institucional trimestral,PIB por sector institucional,5_2_1_trim.xls,1997,Precios constantes,Nivel,Trimestral,2008-T4,2008,4,Sector institucional,Impuestos netos sobre los productos,19564.68,Bolívares,Preliminar,Banco Central de Venezuela,https://www.bcv.org.ve/sites/default/files/cuentas_macroeconomicas/5_2_1_trim.xls,2026-08-02T21:23:58Z
bcv_pib_sector_institucional_trimestral,Producto interno bruto por sector institucional trimestral,Variaciones porcentuales,5_2_1_si_trim.xlsx,2007,Precios constantes,Variación porcentual interanual,Trimestral,2008-T4,2008,4,Sector institucional,Impuestos netos sobre los productos,-1.9017206496990582,Porcentaje,Preliminar,Banco Central de Venezuela,https://www.bcv.org.ve/sites/default/files/cuentas_macroeconomicas/5_2_1_si_trim.xlsx,2026-08-02T21:23:58Z
bcv_pib_sector_institucional_trimestral,Producto interno bruto por sector institucional trimestral,PIB por sector institucional,5_2_1_trim.xls,1997,Precios constantes,Nivel,Trimestral,2009-T1,2009,1,Sector institucional,Impuestos netos sobre los productos,15464.85,Bolívares,Preliminar,Banco Central de Venezuela,https://www.bcv.org.ve/sites/default/files/cuentas_macroeconomicas/5_2_1_trim.xls,2026-08-02T21:23:58Z
bcv_pib_sector_institucional_trimestral,Producto interno bruto por sector institucional trimestral,Variaciones porcentuales,5_2_1_si_trim.xlsx,2007,Precios constantes,Variación porcentual interanual,Trimestral,2009-T1,2009,1,Sector institucional,Impuestos netos sobre los productos,8.268277087157443,Porcentaje,Preliminar,Banco Central de Venezuela,https://www.bcv.org.ve/sites/default/files/cuentas_macroeconomicas/5_2_1_si_trim.xlsx,2026-08-02T21:23:58Z
bcv_pib_sector_institucional_trimestral,Producto interno bruto por sector institucional trimestral,PIB por sector institucional,5_2_1_trim.xls,1997,Precios constantes,Nivel,Trimestral,2009-T2,2009,2,Sector institucional,Impuestos netos sobre los productos,15147.630000000001,Bolívares,Preliminar,Banco Central de Venezuela,https://www.bcv.org.ve/sites/default/files/cuentas_macroeconomicas/5_2_1_trim.xls,2026-08-02T21:23:58Z
bcv_pib_sector_institucional_trimestral,Producto interno bruto por sector institucional trimestral,Variaciones porcentuales,5_2_1_si_trim.xlsx,2007,Precios constantes,Variación porcentual interanual,Trimestral,2009-T2,2009,2,Sector institucional,Impuestos netos sobre los productos,2.1522693576653893,Porcentaje,Preliminar,Banco Central de Venezuela,https://www.bcv.org.ve/sites/default/files/cuentas_macroeconomicas/5_2_1_si_trim.xlsx,2026-08-02T21:23:58Z
bcv_pib_sector_institucional_trimestral,Producto interno bruto por sector institucional trimestral,PIB por sector institucional,5_2_1_trim.xls,1997,Precios constantes,Nivel,Trimestral,2009-T3,2009,3,Sector institucional,Impuestos netos sobre los productos,15437.26,Bolívares,Preliminar,Banco Central de Venezuela,https://www.bcv.org.ve/sites/default/files/cuentas_macroeconomicas/5_2_1_trim.xls,2026-08-02T21:23:58Z
bcv_pib_sector_institucional_trimestral,Producto interno bruto por sector institucional trimestral,Variaciones porcentuales,5_2_1_si_trim.xlsx,2007,Precios constantes,Variación porcentual interanual,Trimestral,2009-T3,2009,3,Sector institucional,Impuestos netos sobre los productos,-10.0867674496739,Porcentaje,Preliminar,Banco Central de Venezuela,https://www.bcv.org.ve/sites/default/files/cuentas_macroeconomicas/5_2_1_si_trim.xlsx,2026-08-02T21:23:58Z
bcv_pib_sector_institucional_trimestral,Producto interno bruto por sector institucional trimestral,PIB por sector institucional,5_2_1_trim.xls,1997,Precios constantes,Nivel,Trimestral,2009-T4,2009,4,Sector institucional,Impuestos netos sobre los productos,16660.21,Bolívares,Preliminar,Banco Central de Venezuela,https://www.bcv.org.ve/sites/default/files/cuentas_macroeconomicas/5_2_1_trim.xls,2026-08-02T21:23:58Z
bcv_pib_sector_institucional_trimestral,Producto interno bruto por sector institucional trimestral,Variaciones porcentuales,5_2_1_si_trim.xlsx,2007,Precios constantes,Variación porcentual interanual,Trimestral,2009-T4,2009,4,Sector institucional,Impuestos netos sobre los productos,-19.148387793025407,Porcentaje,Preliminar,Banco Central de Venezuela,https://www.bcv.org.ve/sites/default/files/cuentas_macroeconomicas/5_2_1_si_trim.xlsx,2026-08-02T21:23:58Z
bcv_pib_sector_institucional_trimestral,Producto interno bruto por sector institucional trimestral,PIB por sector institucional,5_2_1_trim.xls,1997,Precios constantes,Nivel,Trimestral,2010-T1,2010,1,Sector institucional,Impuestos netos sobre los productos,13981.439999999999,Bolívares,Preliminar,Banco Central de Venezuela,https://www.bcv.org.ve/sites/default/files/cuentas_macroeconomicas/5_2_1_trim.xls,2026-08-02T21:23:58Z
bcv_pib_sector_institucional_trimestral,Producto interno bruto por sector institucional trimestral,Variaciones porcentuales,5_2_1_si_trim.xlsx,2007,Precios constantes,Variación porcentual interanual,Trimestral,2010-T1,2010,1,Sector institucional,Impuestos netos sobre los productos,-21.902755732666918,Porcentaje,Preliminar,Banco Central de Venezuela,https://www.bcv.org.ve/sites/default/files/cuentas_macroeconomicas/5_2_1_si_trim.xlsx,2026-08-02T21:23:58Z
bcv_pib_sector_institucional_trimestral,Producto interno bruto por sector institucional trimestral,PIB por sector institucional,5_2_1_trim.xls,1997,Precios constantes,Nivel,Trimestral,2010-T2,2010,2,Sector institucional,Impuestos netos sobre los productos,14471.5,Bolívares,Preliminar,Banco Central de Venezuela,https://www.bcv.org.ve/sites/default/files/cuentas_macroeconomicas/5_2_1_trim.xls,2026-08-02T21:23:58Z
bcv_pib_sector_institucional_trimestral,Producto interno bruto por sector institucional trimestral,Variaciones porcentuales,5_2_1_si_trim.xlsx,2007,Precios constantes,Variación porcentual interanual,Trimestral,2010-T2,2010,2,Sector institucional,Impuestos netos sobre los productos,-9.65712728713298,Porcentaje,Preliminar,Banco Central de Venezuela,https://www.bcv.org.ve/sites/default/files/cuentas_macroeconomicas/5_2_1_si_trim.xlsx,2026-08-02T21:23:58Z
bcv_pib_sector_institucional_trimestral,Producto interno bruto por sector institucional trimestral,PIB por sector institucional,5_2_1_trim.xls,1997,Precios constantes,Nivel,Trimestral,2010-T3,2010,3,Sector institucional,Impuestos netos sobre los productos,15330.310000000001,Bolívares,Preliminar,Banco Central de Venezuela,https://www.bcv.org.ve/sites/default/files/cuentas_macroeconomicas/5_2_1_trim.xls,2026-08-02T21:23:58Z
bcv_pib_sector_institucional_trimestral,Producto interno bruto por sector institucional trimestral,Variaciones porcentuales,5_2_1_si_trim.xlsx,2007,Precios constantes,Variación porcentual interanual,Trimestral,2010-T3,2010,3,Sector institucional,Impuestos netos sobre los productos,0.5656371611650712,Porcentaje,Preliminar,Banco Central de Venezuela,https://www.bcv.org.ve/sites/default/files/cuentas_macroeconomicas/5_2_1_si_trim.xlsx,2026-08-02T21:23:58Z
bcv_pib_sector_institucional_trimestral,Producto interno bruto por sector institucional trimestral,PIB por sector institucional,5_2_1_trim.xls,1997,Precios constantes,Nivel,Trimestral,2010-T4,2010,4,Sector institucional,Impuestos netos sobre los productos,17479.21,Bolívares,Preliminar,Banco Central de Venezuela,https://www.bcv.org.ve/sites/default/files/cuentas_macroeconomicas/5_2_1_trim.xls,2026-08-02T21:23:58Z
bcv_pib_sector_institucional_trimestral,Producto interno bruto por sector institucional trimestral,Variaciones porcentuales,5_2_1_si_trim.xlsx,2007,Precios constantes,Variación porcentual interanual,Trimestral,2010-T4,2010,4,Sector institucional,Impuestos netos sobre los productos,6.218280766205524,Porcentaje,Preliminar,Banco Central de Venezuela,https://www.bcv.org.ve/sites/default/files/cuentas_macroeconomicas/5_2_1_si_trim.xlsx,2026-08-02T21:23:58Z
bcv_pib_sector_institucional_trimestral,Producto interno bruto por sector institucional trimestral,PIB por sector institucional,5_2_1_trim.xls,1997,Precios constantes,Nivel,Trimestral,2011-T1,2011,1,Sector institucional,Impuestos netos sobre los productos,15009.95,Bolívares,Preliminar,Banco Central de Venezuela,https://www.bcv.org.ve/sites/default/files/cuentas_macroeconomicas/5_2_1_trim.xls,2026-08-02T21:23:58Z
bcv_pib_sector_institucional_trimestral,Producto interno bruto por sector institucional trimestral,Variaciones porcentuales,5_2_1_si_trim.xlsx,2007,Precios constantes,Variación porcentual interanual,Trimestral,2011-T1,2011,1,Sector institucional,Impuestos netos sobre los productos,12.644531118285613,Porcentaje,Preliminar,Banco Central de Venezuela,https://www.bcv.org.ve/sites/default/files/cuentas_macroeconomicas/5_2_1_si_trim.xlsx,2026-08-02T21:23:58Z
bcv_pib_sector_institucional_trimestral,Producto interno bruto por sector institucional trimestral,PIB por sector institucional,5_2_1_trim.xls,1997,Precios constantes,Nivel,Trimestral,2011-T2,2011,2,Sector institucional,Impuestos netos sobre los productos,14951.04,Bolívares,Preliminar,Banco Central de Venezuela,https://www.bcv.org.ve/sites/default/files/cuentas_macroeconomicas/5_2_1_trim.xls,2026-08-02T21:23:58Z
bcv_pib_sector_institucional_trimestral,Producto interno bruto por sector institucional trimestral,Variaciones porcentuales,5_2_1_si_trim.xlsx,2007,Precios constantes,Variación porcentual interanual,Trimestral,2011-T2,2011,2,Sector institucional,Impuestos netos sobre los productos,9.066600344829283,Porcentaje,Preliminar,Banco Central de Venezuela,https://www.bcv.org.ve/sites/default/files/cuentas_macroeconomicas/5_2_1_si_trim.xlsx,2026-08-02T21:23:58Z
bcv_pib_sector_institucional_trimestral,Producto interno bruto por sector institucional trimestral,PIB por sector institucional,5_2_1_trim.xls,1997,Precios constantes,Nivel,Trimestral,2011-T3,2011,3,Sector institucional,Impuestos netos sobre los productos,16310.55,Bolívares,Preliminar,Banco Central de Venezuela,https://www.bcv.org.ve/sites/default/files/cuentas_macroeconomicas/5_2_1_trim.xls,2026-08-02T21:23:58Z
bcv_pib_sector_institucional_trimestral,Producto interno bruto por sector institucional trimestral,Variaciones porcentuales,5_2_1_si_trim.xlsx,2007,Precios constantes,Variación porcentual interanual,Trimestral,2011-T3,2011,3,Sector institucional,Impuestos netos sobre los productos,6.674834951992921,Porcentaje,Preliminar,Banco Central de Venezuela,https://www.bcv.org.ve/sites/default/files/cuentas_macroeconomicas/5_2_1_si_trim.xlsx,2026-08-02T21:23:58Z
bcv_pib_sector_institucional_trimestral,Producto interno bruto por sector institucional trimestral,PIB por sector institucional,5_2_1_trim.xls,1997,Precios constantes,Nivel,Trimestral,2011-T4,2011,4,Sector institucional,Impuestos netos sobre los productos,18624.17,Bolívares,Preliminar,Banco Central de Venezuela,https://www.bcv.org.ve/sites/default/files/cuentas_macroeconomicas/5_2_1_trim.xls,2026-08-02T21:23:58Z
bcv_pib_sector_institucional_trimestral,Producto interno bruto por sector institucional trimestral,Variaciones porcentuales,5_2_1_si_trim.xlsx,2007,Precios constantes,Variación porcentual interanual,Trimestral,2011-T4,2011,4,Sector institucional,Impuestos netos sobre los productos,2.2308919209992553,Porcentaje,Preliminar,Banco Central de Venezuela,https://www.bcv.org.ve/sites/default/files/cuentas_macroeconomicas/5_2_1_si_trim.xlsx,2026-08-02T21:23:58Z
bcv_pib_sector_institucional_trimestral,Producto interno bruto por sector institucional trimestral,PIB por sector institucional,5_2_1_trim.xls,1997,Precios constantes,Nivel,Trimestral,2012-T1,2012,1,Sector institucional,Impuestos netos sobre los productos,16309.900000000001,Bolívares,Preliminar,Banco Central de Venezuela,https://www.bcv.org.ve/sites/default/files/cuentas_macroeconomicas/5_2_1_trim.xls,2026-08-02T21:23:58Z
bcv_pib_sector_institucional_trimestral,Producto interno bruto por sector institucional trimestral,Variaciones porcentuales,5_2_1_si_trim.xlsx,2007,Precios constantes,Variación porcentual interanual,Trimestral,2012-T1,2012,1,Sector institucional,Impuestos netos sobre los productos,-1.4142276451559326,Porcentaje,Preliminar,Banco Central de Venezuela,https://www.bcv.org.ve/sites/default/files/cuentas_macroeconomicas/5_2_1_si_trim.xlsx,2026-08-02T21:23:58Z
bcv_pib_sector_institucional_trimestral,Producto interno bruto por sector institucional trimestral,PIB por sector institucional,5_2_1_trim.xls,1997,Precios constantes,Nivel,Trimestral,2012-T2,2012,2,Sector institucional,Impuestos netos sobre los productos,16172.18,Bolívares,Preliminar,Banco Central de Venezuela,https://www.bcv.org.ve/sites/default/files/cuentas_macroeconomicas/5_2_1_trim.xls,2026-08-02T21:23:58Z
bcv_pib_sector_institucional_trimestral,Producto interno bruto por sector institucional trimestral,Variaciones porcentuales,5_2_1_si_trim.xlsx,2007,Precios constantes,Variación porcentual interanual,Trimestral,2012-T2,2012,2,Sector institucional,Impuestos netos sobre los productos,12.496407875875974,Porcentaje,Preliminar,Banco Central de Venezuela,https://www.bcv.org.ve/sites/default/files/cuentas_macroeconomicas/5_2_1_si_trim.xlsx,2026-08-02T21:23:58Z
bcv_pib_sector_institucional_trimestral,Producto interno bruto por sector institucional trimestral,PIB por sector institucional,5_2_1_trim.xls,1997,Precios constantes,Nivel,Trimestral,2012-T3,2012,3,Sector institucional,Impuestos netos sobre los productos,17857.73,Bolívares,Preliminar,Banco Central de Venezuela,https://www.bcv.org.ve/sites/default/files/cuentas_macroeconomicas/5_2_1_trim.xls,2026-08-02T21:23:58Z
bcv_pib_sector_institucional_trimestral,Producto interno bruto por sector institucional trimestral,Variaciones porcentuales,5_2_1_si_trim.xlsx,2007,Precios constantes,Variación porcentual interanual,Trimestral,2012-T3,2012,3,Sector institucional,Impuestos netos sobre los productos,16.13573209196639,Porcentaje,Preliminar,Banco Central de Venezuela,https://www.bcv.org.ve/sites/default/files/cuentas_macroeconomicas/5_2_1_si_trim.xlsx,2026-08-02T21:23:58Z
bcv_pib_sector_institucional_trimestral,Producto interno bruto por sector institucional trimestral,PIB por sector institucional,5_2_1_trim.xls,1997,Precios constantes,Nivel,Trimestral,2012-T4,2012,4,Sector institucional,Impuestos netos sobre los productos,20440.34,Bolívares,Preliminar,Banco Central de Venezuela,https://www.bcv.org.ve/sites/default/files/cuentas_macroeconomicas/5_2_1_trim.xls,2026-08-02T21:23:58Z
bcv_pib_sector_institucional_trimestral,Producto interno bruto por sector institucional trimestral,Variaciones porcentuales,5_2_1_si_trim.xlsx,2007,Precios constantes,Variación porcentual interanual,Trimestral,2012-T4,2012,4,Sector institucional,Impuestos netos sobre los productos,20.420065533542655,Porcentaje,Preliminar,Banco Central de Venezuela,https://www.bcv.org.ve/sites/default/files/cuentas_macroeconomicas/5_2_1_si_trim.xlsx,2026-08-02T21:23:58Z
bcv_pib_sector_institucional_trimestral,Producto interno bruto por sector institucional trimestral,PIB por sector institucional,5_2_1_trim.xls,1997,Precios constantes,Nivel,Trimestral,2013-T1,2013,1,Sector institucional,Impuestos netos sobre los productos,16505.03,Bolívares,Preliminar,Banco Central de Venezuela,https://www.bcv.org.ve/sites/default/files/cuentas_macroeconomicas/5_2_1_trim.xls,2026-08-02T21:23:58Z
bcv_pib_sector_institucional_trimestral,Producto interno bruto por sector institucional trimestral,Variaciones porcentuales,5_2_1_si_trim.xlsx,2007,Precios constantes,Variación porcentual interanual,Trimestral,2013-T1,2013,1,Sector institucional,Impuestos netos sobre los productos,-15.380931851790052,Porcentaje,Preliminar,Banco Central de Venezuela,https://www.bcv.org.ve/sites/default/files/cuentas_macroeconomicas/5_2_1_si_trim.xlsx,2026-08-02T21:23:58Z
bcv_pib_sector_institucional_trimestral,Producto interno bruto por sector institucional trimestral,PIB por sector institucional,5_2_1_trim.xls,1997,Precios constantes,Nivel,Trimestral,2013-T2,2013,2,Sector institucional,Impuestos netos sobre los productos,16691.260000000002,Bolívares,Preliminar,Banco Central de Venezuela,https://www.bcv.org.ve/sites/default/files/cuentas_macroeconomicas/5_2_1_trim.xls,2026-08-02T21:23:58Z
bcv_pib_sector_institucional_trimestral,Producto interno bruto por sector institucional trimestral,Variaciones porcentuales,5_2_1_si_trim.xlsx,2007,Precios constantes,Variación porcentual interanual,Trimestral,2013-T2,2013,2,Sector institucional,Impuestos netos sobre los productos,-23.484301860865827,Porcentaje,Preliminar,Banco Central de Venezuela,https://www.bcv.org.ve/sites/default/files/cuentas_macroeconomicas/5_2_1_si_trim.xlsx,2026-08-02T21:23:58Z
bcv_pib_sector_institucional_trimestral,Producto interno bruto por sector institucional trimestral,PIB por sector institucional,5_2_1_trim.xls,1997,Precios constantes,Nivel,Trimestral,2013-T3,2013,3,Sector institucional,Impuestos netos sobre los productos,17327.28,Bolívares,Preliminar,Banco Central de Venezuela,https://www.bcv.org.ve/sites/default/files/cuentas_macroeconomicas/5_2_1_trim.xls,2026-08-02T21:23:58Z
bcv_pib_sector_institucional_trimestral,Producto interno bruto por sector institucional trimestral,Variaciones porcentuales,5_2_1_si_trim.xlsx,2007,Precios constantes,Variación porcentual interanual,Trimestral,2013-T3,2013,3,Sector institucional,Impuestos netos sobre los productos,-24.71899796297666,Porcentaje,Preliminar,Banco Central de Venezuela,https://www.bcv.org.ve/sites/default/files/cuentas_macroeconomicas/5_2_1_si_trim.xlsx,2026-08-02T21:23:58Z
bcv_pib_sector_institucional_trimestral,Producto interno bruto por sector institucional trimestral,PIB por sector institucional,5_2_1_trim.xls,1997,Precios constantes,Nivel,Trimestral,2013-T4,2013,4,Sector institucional,Impuestos netos sobre los productos,19248.68,Bolívares,Preliminar,Banco Central de Venezuela,https://www.bcv.org.ve/sites/default/files/cuentas_macroeconomicas/5_2_1_trim.xls,2026-08-02T21:23:58Z
bcv_pib_sector_institucional_trimestral,Producto interno bruto por sector institucional trimestral,Variaciones porcentuales,5_2_1_si_trim.xlsx,2007,Precios constantes,Variación porcentual interanual,Trimestral,2013-T4,2013,4,Sector institucional,Impuestos netos sobre los productos,-23.943415839063306,Porcentaje,Preliminar,Banco Central de Venezuela,https://www.bcv.org.ve/sites/default/files/cuentas_macroeconomicas/5_2_1_si_trim.xlsx,2026-08-02T21:23:58Z
bcv_pib_sector_institucional_trimestral,Producto interno bruto por sector institucional trimestral,PIB por sector institucional,5_2_1_trim.xls,1997,Precios constantes,Nivel,Trimestral,2014-T1,2014,1,Sector institucional,Impuestos netos sobre los productos,14061.099999999999,Bolívares,Preliminar,Banco Central de Venezuela,https://www.bcv.org.ve/sites/default/files/cuentas_macroeconomicas/5_2_1_trim.xls,2026-08-02T21:23:58Z
bcv_pib_sector_institucional_trimestral,Producto interno bruto por sector institucional trimestral,Variaciones porcentuales,5_2_1_si_trim.xlsx,2007,Precios constantes,Variación porcentual interanual,Trimestral,2014-T1,2014,1,Sector institucional,Impuestos netos sobre los productos,-47.78507415590242,Porcentaje,Preliminar,Banco Central de Venezuela,https://www.bcv.org.ve/sites/default/files/cuentas_macroeconomicas/5_2_1_si_trim.xlsx,2026-08-02T21:23:58Z
bcv_pib_sector_institucional_trimestral,Producto interno bruto por sector institucional trimestral,PIB por sector institucional,5_2_1_trim.xls,1997,Precios constantes,Nivel,Trimestral,2014-T2,2014,2,Sector institucional,Impuestos netos sobre los productos,14674.07,Bolívares,Preliminar,Banco Central de Venezuela,https://www.bcv.org.ve/sites/default/files/cuentas_macroeconomicas/5_2_1_trim.xls,2026-08-02T21:23:58Z
bcv_pib_sector_institucional_trimestral,Producto interno bruto por sector institucional trimestral,Variaciones porcentuales,5_2_1_si_trim.xlsx,2007,Precios constantes,Variación porcentual interanual,Trimestral,2014-T2,2014,2,Sector institucional,Impuestos netos sobre los productos,-25.30987232148992,Porcentaje,Preliminar,Banco Central de Venezuela,https://www.bcv.org.ve/sites/default/files/cuentas_macroeconomicas/5_2_1_si_trim.xlsx,2026-08-02T21:23:58Z
bcv_pib_sector_institucional_trimestral,Producto interno bruto por sector institucional trimestral,PIB por sector institucional,5_2_1_trim.xls,1997,Precios constantes,Nivel,Trimestral,2014-T3,2014,3,Sector institucional,Impuestos netos sobre los productos,16368.25,Bolívares,Preliminar,Banco Central de Venezuela,https://www.bcv.org.ve/sites/default/files/cuentas_macroeconomicas/5_2_1_trim.xls,2026-08-02T21:23:58Z
bcv_pib_sector_institucional_trimestral,Producto interno bruto por sector institucional trimestral,Variaciones porcentuales,5_2_1_si_trim.xlsx,2007,Precios constantes,Variación porcentual interanual,Trimestral,2014-T3,2014,3,Sector institucional,Impuestos netos sobre los productos,-3.849754281575116,Porcentaje,Preliminar,Banco Central de Venezuela,https://www.bcv.org.ve/sites/default/files/cuentas_macroeconomicas/5_2_1_si_trim.xlsx,2026-08-02T21:23:58Z
bcv_pib_sector_institucional_trimestral,Producto interno bruto por sector institucional trimestral,PIB por sector institucional,5_2_1_trim.xls,1997,Precios constantes,Nivel,Trimestral,2014-T4,2014,4,Sector institucional,Impuestos netos sobre los productos,18457.219999999998,Bolívares,Preliminar,Banco Central de Venezuela,https://www.bcv.org.ve/sites/default/files/cuentas_macroeconomicas/5_2_1_trim.xls,2026-08-02T21:23:58Z
bcv_pib_sector_institucional_trimestral,Producto interno bruto por sector institucional trimestral,Variaciones porcentuales,5_2_1_si_trim.xlsx,2007,Precios constantes,Variación porcentual interanual,Trimestral,2014-T4,2014,4,Sector institucional,Impuestos netos sobre los productos,-6.74032667364736,Porcentaje,Preliminar,Banco Central de Venezuela,https://www.bcv.org.ve/sites/default/files/cuentas_macroeconomicas/5_2_1_si_trim.xlsx,2026-08-02T21:23:58Z
bcv_pib_sector_institucional_trimestral,Producto interno bruto por sector institucional trimestral,PIB por sector institucional,5_2_1_trim.xls,1997,Precios constantes,Nivel,Trimestral,2015-T1,2015,1,Sector institucional,Impuestos netos sobre los productos,13839.689999999999,Bolívares,Preliminar,Banco Central de Venezuela,https://www.bcv.org.ve/sites/default/files/cuentas_macroeconomicas/5_2_1_trim.xls,2026-08-02T21:23:58Z
bcv_pib_sector_institucional_trimestral,Producto interno bruto por sector institucional trimestral,Variaciones porcentuales,5_2_1_si_trim.xlsx,2007,Precios constantes,Variación porcentual interanual,Trimestral,2015-T1,2015,1,Sector institucional,Impuestos netos sobre los productos,64.19696224152455,Porcentaje,Preliminar,Banco Central de Venezuela,https://www.bcv.org.ve/sites/default/files/cuentas_macroeconomicas/5_2_1_si_trim.xlsx,2026-08-02T21:23:58Z
bcv_pib_sector_institucional_trimestral,Producto interno bruto por sector institucional trimestral,PIB por sector institucional,5_2_1_trim.xls,1997,Precios constantes,Nivel,Trimestral,2015-T2,2015,2,Sector institucional,Impuestos netos sobre los productos,13565.52,Bolívares,Preliminar,Banco Central de Venezuela,https://www.bcv.org.ve/sites/default/files/cuentas_macroeconomicas/5_2_1_trim.xls,2026-08-02T21:23:58Z
bcv_pib_sector_institucional_trimestral,Producto interno bruto por sector institucional trimestral,Variaciones porcentuales,5_2_1_si_trim.xlsx,2007,Precios constantes,Variación porcentual interanual,Trimestral,2015-T2,2015,2,Sector institucional,Impuestos netos sobre los productos,55.25964233248868,Porcentaje,Preliminar,Banco Central de Venezuela,https://www.bcv.org.ve/sites/default/files/cuentas_macroeconomicas/5_2_1_si_trim.xlsx,2026-08-02T21:23:58Z
bcv_pib_sector_institucional_trimestral,Producto interno bruto por sector institucional trimestral,PIB por sector institucional,5_2_1_trim.xls,1997,Precios constantes,Nivel,Trimestral,2015-T3,2015,3,Sector institucional,Impuestos netos sobre los productos,13984.57,Bolívares,Preliminar,Banco Central de Venezuela,https://www.bcv.org.ve/sites/default/files/cuentas_macroeconomicas/5_2_1_trim.xls,2026-08-02T21:23:58Z
bcv_pib_sector_institucional_trimestral,Producto interno bruto por sector institucional trimestral,Variaciones porcentuales,5_2_1_si_trim.xlsx,2007,Precios constantes,Variación porcentual interanual,Trimestral,2015-T3,2015,3,Sector institucional,Impuestos netos sobre los productos,11.33448926894745,Porcentaje,Preliminar,Banco Central de Venezuela,https://www.bcv.org.ve/sites/default/files/cuentas_macroeconomicas/5_2_1_si_trim.xlsx,2026-08-02T21:23:58Z
bcv_pib_sector_institucional_trimestral,Producto interno bruto por sector institucional trimestral,PIB por sector institucional,5_2_1_trim.xls,1997,Precios constantes,Nivel,Trimestral,2015-T4,2015,4,Sector institucional,Impuestos netos sobre los productos,14687.079999999998,Bolívares,Preliminar,Banco Central de Venezuela,https://www.bcv.org.ve/sites/default/files/cuentas_macroeconomicas/5_2_1_trim.xls,2026-08-02T21:23:58Z
bcv_pib_sector_institucional_trimestral,Producto interno bruto por sector institucional trimestral,Variaciones porcentuales,5_2_1_si_trim.xlsx,2007,Precios constantes,Variación porcentual interanual,Trimestral,2015-T4,2015,4,Sector institucional,Impuestos netos sobre los productos,16.375747125483926,Porcentaje,Preliminar,Banco Central de Venezuela,https://www.bcv.org.ve/sites/default/files/cuentas_macroeconomicas/5_2_1_si_trim.xlsx,2026-08-02T21:23:58Z
bcv_pib_sector_institucional_trimestral,Producto interno bruto por sector institucional trimestral,PIB por sector institucional,5_2_1_trim.xls,1997,Precios constantes,Nivel,Trimestral,2016-T1,2016,1,Sector institucional,Impuestos netos sobre los productos,10523.64,Bolívares,Preliminar,Banco Central de Venezuela,https://www.bcv.org.ve/sites/default/files/cuentas_macroeconomicas/5_2_1_trim.xls,2026-08-02T21:23:58Z
bcv_pib_sector_institucional_trimestral,Producto interno bruto por sector institucional trimestral,Variaciones porcentuales,5_2_1_si_trim.xlsx,2007,Precios constantes,Variación porcentual interanual,Trimestral,2016-T1,2016,1,Sector institucional,Impuestos netos sobre los productos,-14.187084909988485,Porcentaje,Preliminar,Banco Central de Venezuela,https://www.bcv.org.ve/sites/default/files/cuentas_macroeconomicas/5_2_1_si_trim.xlsx,2026-08-02T21:23:58Z
bcv_pib_sector_institucional_trimestral,Producto interno bruto por sector institucional trimestral,PIB por sector institucional,5_2_1_trim.xls,1997,Precios constantes,Nivel,Trimestral,2016-T2,2016,2,Sector institucional,Impuestos netos sobre los productos,9753.880000000001,Bolívares,Preliminar,Banco Central de Venezuela,https://www.bcv.org.ve/sites/default/files/cuentas_macroeconomicas/5_2_1_trim.xls,2026-08-02T21:23:58Z
bcv_pib_sector_institucional_trimestral,Producto interno bruto por sector institucional trimestral,Variaciones porcentuales,5_2_1_si_trim.xlsx,2007,Precios constantes,Variación porcentual interanual,Trimestral,2016-T2,2016,2,Sector institucional,Impuestos netos sobre los productos,-43.36468776620768,Porcentaje,Preliminar,Banco Central de Venezuela,https://www.bcv.org.ve/sites/default/files/cuentas_macroeconomicas/5_2_1_si_trim.xlsx,2026-08-02T21:23:58Z
bcv_pib_sector_institucional_trimestral,Producto interno bruto por sector institucional trimestral,PIB por sector institucional,5_2_1_trim.xls,1997,Precios constantes,Nivel,Trimestral,2016-T3,2016,3,Sector institucional,Impuestos netos sobre los productos,9910.67,Bolívares,Preliminar,Banco Central de Venezuela,https://www.bcv.org.ve/sites/default/files/cuentas_macroeconomicas/5_2_1_trim.xls,2026-08-02T21:23:58Z
bcv_pib_sector_institucional_trimestral,Producto interno bruto por sector institucional trimestral,Variaciones porcentuales,5_2_1_si_trim.xlsx,2007,Precios constantes,Variación porcentual interanual,Trimestral,2016-T3,2016,3,Sector institucional,Impuestos netos sobre los productos,-42.117438797600414,Porcentaje,Preliminar,Banco Central de Venezuela,https://www.bcv.org.ve/sites/default/files/cuentas_macroeconomicas/5_2_1_si_trim.xlsx,2026-08-02T21:23:58Z
bcv_pib_sector_institucional_trimestral,Producto interno bruto por sector institucional trimestral,PIB por sector institucional,5_2_1_trim.xls,1997,Precios constantes,Nivel,Trimestral,2016-T4,2016,4,Sector institucional,Impuestos netos sobre los productos,11143.67,Bolívares,Preliminar,Banco Central de Venezuela,https://www.bcv.org.ve/sites/default/files/cuentas_macroeconomicas/5_2_1_trim.xls,2026-08-02T21:23:58Z
bcv_pib_sector_institucional_trimestral,Producto interno bruto por sector institucional trimestral,Variaciones porcentuales,5_2_1_si_trim.xlsx,2007,Precios constantes,Variación porcentual interanual,Trimestral,2016-T4,2016,4,Sector institucional,Impuestos netos sobre los productos,-47.01106758729161,Porcentaje,Preliminar,Banco Central de Venezuela,https://www.bcv.org.ve/sites/default/files/cuentas_macroeconomicas/5_2_1_si_trim.xlsx,2026-08-02T21:23:58Z
bcv_pib_sector_institucional_trimestral,Producto interno bruto por sector institucional trimestral,PIB por sector institucional,5_2_1_trim.xls,1997,Precios constantes,Nivel,Trimestral,2017-T1,2017,1,Sector institucional,Impuestos netos sobre los productos,8457.03,Bolívares,Preliminar,Banco Central de Venezuela,https://www.bcv.org.ve/sites/default/files/cuentas_macroeconomicas/5_2_1_trim.xls,2026-08-02T21:23:58Z
bcv_pib_sector_institucional_trimestral,Producto interno bruto por sector institucional trimestral,Variaciones porcentuales,5_2_1_si_trim.xlsx,2007,Precios constantes,Variación porcentual interanual,Trimestral,2017-T1,2017,1,Sector institucional,Impuestos netos sobre los productos,-30.022055248322587,Porcentaje,Preliminar,Banco Central de Venezuela,https://www.bcv.org.ve/sites/default/files/cuentas_macroeconomicas/5_2_1_si_trim.xlsx,2026-08-02T21:23:58Z
bcv_pib_sector_institucional_trimestral,Producto interno bruto por sector institucional trimestral,PIB por sector institucional,5_2_1_trim.xls,1997,Precios constantes,Nivel,Trimestral,2017-T2,2017,2,Sector institucional,Impuestos netos sobre los productos,7724.19,Bolívares,Preliminar,Banco Central de Venezuela,https://www.bcv.org.ve/sites/default/files/cuentas_macroeconomicas/5_2_1_trim.xls,2026-08-02T21:23:58Z
bcv_pib_sector_institucional_trimestral,Producto interno bruto por sector institucional trimestral,Variaciones porcentuales,5_2_1_si_trim.xlsx,2007,Precios constantes,Variación porcentual interanual,Trimestral,2017-T2,2017,2,Sector institucional,Impuestos netos sobre los productos,-27.563459273466037,Porcentaje,Preliminar,Banco Central de Venezuela,https://www.bcv.org.ve/sites/default/files/cuentas_macroeconomicas/5_2_1_si_trim.xlsx,2026-08-02T21:23:58Z
bcv_pib_sector_institucional_trimestral,Producto interno bruto por sector institucional trimestral,PIB por sector institucional,5_2_1_trim.xls,1997,Precios constantes,Nivel,Trimestral,2017-T3,2017,3,Sector institucional,Impuestos netos sobre los productos,8106.620000000001,Bolívares,Preliminar,Banco Central de Venezuela,https://www.bcv.org.ve/sites/default/files/cuentas_macroeconomicas/5_2_1_trim.xls,2026-08-02T21:23:58Z
bcv_pib_sector_institucional_trimestral,Producto interno bruto por sector institucional trimestral,Variaciones porcentuales,5_2_1_si_trim.xlsx,2007,Precios constantes,Variación porcentual interanual,Trimestral,2017-T3,2017,3,Sector institucional,Impuestos netos sobre los productos,-20.222490493853087,Porcentaje,Preliminar,Banco Central de Venezuela,https://www.bcv.org.ve/sites/default/files/cuentas_macroeconomicas/5_2_1_si_trim.xlsx,2026-08-02T21:23:58Z
bcv_pib_sector_institucional_trimestral,Producto interno bruto por sector institucional trimestral,PIB por sector institucional,5_2_1_trim.xls,1997,Precios constantes,Nivel,Trimestral,2017-T4,2017,4,Sector institucional,Impuestos netos sobre los productos,8706.84,Bolívares,Preliminar,Banco Central de Venezuela,https://www.bcv.org.ve/sites/default/files/cuentas_macroeconomicas/5_2_1_trim.xls,2026-08-02T21:23:58Z
bcv_pib_sector_institucional_trimestral,Producto interno bruto por sector institucional trimestral,Variaciones porcentuales,5_2_1_si_trim.xlsx,2007,Precios constantes,Variación porcentual interanual,Trimestral,2017-T4,2017,4,Sector institucional,Impuestos netos sobre los productos,-22.85798401342163,Porcentaje,Preliminar,Banco Central de Venezuela,https://www.bcv.org.ve/sites/default/files/cuentas_macroeconomicas/5_2_1_si_trim.xlsx,2026-08-02T21:23:58Z
bcv_pib_sector_institucional_trimestral,Producto interno bruto por sector institucional trimestral,PIB por sector institucional,5_2_1_trim.xls,1997,Precios constantes,Nivel,Trimestral,2018-T1,2018,1,Sector institucional,Impuestos netos sobre los productos,7212.18,Bolívares,Preliminar,Banco Central de Venezuela,https://www.bcv.org.ve/sites/default/files/cuentas_macroeconomicas/5_2_1_trim.xls,2026-08-02T21:23:58Z
bcv_pib_sector_institucional_trimestral,Producto interno bruto por sector institucional trimestral,Variaciones porcentuales,5_2_1_si_trim.xlsx,2007,Precios constantes,Variación porcentual interanual,Trimestral,2018-T1,2018,1,Sector institucional,Impuestos netos sobre los productos,-29.450599730261047,Porcentaje,Preliminar,Banco Central de Venezuela,https://www.bcv.org.ve/sites/default/files/cuentas_macroeconomicas/5_2_1_si_trim.xlsx,2026-08-02T21:23:58Z
bcv_pib_sector_institucional_trimestral,Producto interno bruto por sector institucional trimestral,PIB por sector institucional,5_2_1_trim.xls,1997,Precios constantes,Nivel,Trimestral,2018-T2,2018,2,Sector institucional,Impuestos netos sobre los productos,6522.41,Bolívares,Preliminar,Banco Central de Venezuela,https://www.bcv.org.ve/sites/default/files/cuentas_macroeconomicas/5_2_1_trim.xls,2026-08-02T21:23:58Z
bcv_pib_sector_institucional_trimestral,Producto interno bruto por sector institucional trimestral,Variaciones porcentuales,5_2_1_si_trim.xlsx,2007,Precios constantes,Variación porcentual interanual,Trimestral,2018-T2,2018,2,Sector institucional,Impuestos netos sobre los productos,-20.816757029390104,Porcentaje,Preliminar,Banco Central de Venezuela,https://www.bcv.org.ve/sites/default/files/cuentas_macroeconomicas/5_2_1_si_trim.xlsx,2026-08-02T21:23:58Z
bcv_pib_sector_institucional_trimestral,Producto interno bruto por sector institucional trimestral,PIB por sector institucional,5_2_1_trim.xls,1997,Precios constantes,Nivel,Trimestral,2018-T3,2018,3,Sector institucional,Impuestos netos sobre los productos,6297.500000000001,Bolívares,Preliminar,Banco Central de Venezuela,https://www.bcv.org.ve/sites/default/files/cuentas_macroeconomicas/5_2_1_trim.xls,2026-08-02T21:23:58Z
bcv_pib_sector_institucional_trimestral,Producto interno bruto por sector institucional trimestral,Variaciones porcentuales,5_2_1_si_trim.xlsx,2007,Precios constantes,Variación porcentual interanual,Trimestral,2018-T3,2018,3,Sector institucional,Impuestos netos sobre los productos,-35.98688236012249,Porcentaje,Preliminar,Banco Central de Venezuela,https://www.bcv.org.ve/sites/default/files/cuentas_macroeconomicas/5_2_1_si_trim.xlsx,2026-08-02T21:23:58Z
bcv_pib_sector_institucional_trimestral,Producto interno bruto por sector institucional trimestral,PIB por sector institucional,5_2_1_trim.xls,1997,Precios constantes,Nivel,Trimestral,2018-T4,2018,4,Sector institucional,Impuestos netos sobre los productos,6498,Bolívares,Preliminar,Banco Central de Venezuela,https://www.bcv.org.ve/sites/default/files/cuentas_macroeconomicas/5_2_1_trim.xls,2026-08-02T21:23:58Z
bcv_pib_sector_institucional_trimestral,Producto interno bruto por sector institucional trimestral,Variaciones porcentuales,5_2_1_si_trim.xlsx,2007,Precios constantes,Variación porcentual interanual,Trimestral,2018-T4,2018,4,Sector institucional,Impuestos netos sobre los productos,-30.576325013583954,Porcentaje,Preliminar,Banco Central de Venezuela,https://www.bcv.org.ve/sites/default/files/cuentas_macroeconomicas/5_2_1_si_trim.xlsx,2026-08-02T21:23:58Z
bcv_pib_sector_institucional_trimestral,Producto interno bruto por sector institucional trimestral,PIB por sector institucional,5_2_1_trim.xls,1997,Precios constantes,Nivel,Trimestral,2019-T1,2019,1,Sector institucional,Impuestos netos sobre los productos,4867.47,Bolívares,Preliminar,Banco Central de Venezuela,https://www.bcv.org.ve/sites/default/files/cuentas_macroeconomicas/5_2_1_trim.xls,2026-08-02T21:23:58Z
bcv_pib_sector_institucional_trimestral,Producto interno bruto por sector institucional trimestral,Variaciones porcentuales,5_2_1_si_trim.xlsx,2007,Precios constantes,Variación porcentual interanual,Trimestral,2019-T1,2019,1,Sector institucional,Impuestos netos sobre los productos,-40.455550838095,Porcentaje,Preliminar,Banco Central de Venezuela,https://www.bcv.org.ve/sites/default/files/cuentas_macroeconomicas/5_2_1_si_trim.xlsx,2026-08-02T21:23:58Z
bcv_pib_sector_institucional_trimestral,Producto interno bruto por sector institucional trimestral,Variaciones porcentuales,5_2_1_si_trim.xlsx,2007,Precios constantes,Variación porcentual interanual,Trimestral,2019-T2,2019,2,Sector institucional,Impuestos netos sobre los productos,-59.04602648870673,Porcentaje,Preliminar,Banco Central de Venezuela,https://www.bcv.org.ve/sites/default/files/cuentas_macroeconomicas/5_2_1_si_trim.xlsx,2026-08-02T21:23:58Z
bcv_pib_sector_institucional_trimestral,Producto interno bruto por sector institucional trimestral,Variaciones porcentuales,5_2_1_si_trim.xlsx,2007,Precios constantes,Variación porcentual interanual,Trimestral,2019-T3,2019,3,Sector institucional,Impuestos netos sobre los productos,-56.97906935844523,Porcentaje,Preliminar,Banco Central de Venezuela,https://www.bcv.org.ve/sites/default/files/cuentas_macroeconomicas/5_2_1_si_trim.xlsx,2026-08-02T21:23:58Z
bcv_pib_sector_institucional_trimestral,Producto interno bruto por sector institucional trimestral,Variaciones porcentuales,5_2_1_si_trim.xlsx,2007,Precios constantes,Variación porcentual interanual,Trimestral,2019-T4,2019,4,Sector institucional,Impuestos netos sobre los productos,-40.11362004757262,Porcentaje,Preliminar,Banco Central de Venezuela,https://www.bcv.org.ve/sites/default/files/cuentas_macroeconomicas/5_2_1_si_trim.xlsx,2026-08-02T21:23:58Z
bcv_pib_sector_institucional_trimestral,Producto interno bruto por sector institucional trimestral,Variaciones porcentuales,5_2_1_si_trim.xlsx,2007,Precios constantes,Variación porcentual interanual,Trimestral,2020-T1,2020,1,Sector institucional,Impuestos netos sobre los productos,5.2489598966545685,Porcentaje,Preliminar,Banco Central de Venezuela,https://www.bcv.org.ve/sites/default/files/cuentas_macroeconomicas/5_2_1_si_trim.xlsx,2026-08-02T21:23:58Z
bcv_pib_sector_institucional_trimestral,Producto interno bruto por sector institucional trimestral,Variaciones porcentuales,5_2_1_si_trim.xlsx,2007,Precios constantes,Variación porcentual interanual,Trimestral,2020-T2,2020,2,Sector institucional,Impuestos netos sobre los productos,11.045963743437142,Porcentaje,Preliminar,Banco Central de Venezuela,https://www.bcv.org.ve/sites/default/files/cuentas_macroeconomicas/5_2_1_si_trim.xlsx,2026-08-02T21:23:58Z
bcv_pib_sector_institucional_trimestral,Producto interno bruto por sector institucional trimestral,Variaciones porcentuales,5_2_1_si_trim.xlsx,2007,Precios constantes,Variación porcentual interanual,Trimestral,2020-T3,2020,3,Sector institucional,Impuestos netos sobre los productos,58.79996655292007,Porcentaje,Preliminar,Banco Central de Venezuela,https://www.bcv.org.ve/sites/default/files/cuentas_macroeconomicas/5_2_1_si_trim.xlsx,2026-08-02T21:23:58Z
bcv_pib_sector_institucional_trimestral,Producto interno bruto por sector institucional trimestral,Variaciones porcentuales,5_2_1_si_trim.xlsx,2007,Precios constantes,Variación porcentual interanual,Trimestral,2020-T4,2020,4,Sector institucional,Impuestos netos sobre los productos,3.0081030918501312,Porcentaje,Preliminar,Banco Central de Venezuela,https://www.bcv.org.ve/sites/default/files/cuentas_macroeconomicas/5_2_1_si_trim.xlsx,2026-08-02T21:23:58Z
bcv_pib_sector_institucional_trimestral,Producto interno bruto por sector institucional trimestral,Variaciones porcentuales,5_2_1_si_trim.xlsx,2007,Precios constantes,Variación porcentual interanual,Trimestral,2021-T1,2021,1,Sector institucional,Impuestos netos sobre los productos,32.32410382296666,Porcentaje,Preliminar,Banco Central de Venezuela,https://www.bcv.org.ve/sites/default/files/cuentas_macroeconomicas/5_2_1_si_trim.xlsx,2026-08-02T21:23:58Z
bcv_pib_sector_institucional_trimestral,Producto interno bruto por sector institucional trimestral,Variaciones porcentuales,5_2_1_si_trim.xlsx,2007,Precios constantes,Variación porcentual interanual,Trimestral,2021-T2,2021,2,Sector institucional,Impuestos netos sobre los productos,29.71701398292953,Porcentaje,Preliminar,Banco Central de Venezuela,https://www.bcv.org.ve/sites/default/files/cuentas_macroeconomicas/5_2_1_si_trim.xlsx,2026-08-02T21:23:58Z
bcv_pib_sector_institucional_trimestral,Producto interno bruto por sector institucional trimestral,Variaciones porcentuales,5_2_1_si_trim.xlsx,2007,Precios constantes,Variación porcentual interanual,Trimestral,2021-T3,2021,3,Sector institucional,Impuestos netos sobre los productos,41.75260877014824,Porcentaje,Preliminar,Banco Central de Venezuela,https://www.bcv.org.ve/sites/default/files/cuentas_macroeconomicas/5_2_1_si_trim.xlsx,2026-08-02T21:23:58Z
bcv_pib_sector_institucional_trimestral,Producto interno bruto por sector institucional trimestral,Variaciones porcentuales,5_2_1_si_trim.xlsx,2007,Precios constantes,Variación porcentual interanual,Trimestral,2021-T4,2021,4,Sector institucional,Impuestos netos sobre los productos,52.83216182805285,Porcentaje,Preliminar,Banco Central de Venezuela,https://www.bcv.org.ve/sites/default/files/cuentas_macroeconomicas/5_2_1_si_trim.xlsx,2026-08-02T21:23:58Z
bcv_pib_sector_institucional_trimestral,Producto interno bruto por sector institucional trimestral,Variaciones porcentuales,5_2_1_si_trim.xlsx,2007,Precios constantes,Variación porcentual interanual,Trimestral,2022-T1,2022,1,Sector institucional,Impuestos netos sobre los productos,22.564299829127933,Porcentaje,Preliminar,Banco Central de Venezuela,https://www.bcv.org.ve/sites/default/files/cuentas_macroeconomicas/5_2_1_si_trim.xlsx,2026-08-02T21:23:58Z
bcv_pib_sector_institucional_trimestral,Producto interno bruto por sector institucional trimestral,Variaciones porcentuales,5_2_1_si_trim.xlsx,2007,Precios constantes,Variación porcentual interanual,Trimestral,2022-T2,2022,2,Sector institucional,Impuestos netos sobre los productos,39.09535967675225,Porcentaje,Preliminar,Banco Central de Venezuela,https://www.bcv.org.ve/sites/default/files/cuentas_macroeconomicas/5_2_1_si_trim.xlsx,2026-08-02T21:23:58Z
bcv_pib_sector_institucional_trimestral,Producto interno bruto por sector institucional trimestral,Variaciones porcentuales,5_2_1_si_trim.xlsx,2007,Precios constantes,Variación porcentual interanual,Trimestral,2022-T3,2022,3,Sector institucional,Impuestos netos sobre los productos,26.722472747512967,Porcentaje,Preliminar,Banco Central de Venezuela,https://www.bcv.org.ve/sites/default/files/cuentas_macroeconomicas/5_2_1_si_trim.xlsx,2026-08-02T21:23:58Z
bcv_pib_sector_institucional_trimestral,Producto interno bruto por sector institucional trimestral,Variaciones porcentuales,5_2_1_si_trim.xlsx,2007,Precios constantes,Variación porcentual interanual,Trimestral,2022-T4,2022,4,Sector institucional,Impuestos netos sobre los productos,14.264444801809645,Porcentaje,Preliminar,Banco Central de Venezuela,https://www.bcv.org.ve/sites/default/files/cuentas_macroeconomicas/5_2_1_si_trim.xlsx,2026-08-02T21:23:58Z
bcv_pib_sector_institucional_trimestral,Producto interno bruto por sector institucional trimestral,Variaciones porcentuales,5_2_1_si_trim.xlsx,2007,Precios constantes,Variación porcentual interanual,Trimestral,2023-T1,2023,1,Sector institucional,Impuestos netos sobre los productos,25.224554119286353,Porcentaje,Preliminar,Banco Central de Venezuela,https://www.bcv.org.ve/sites/default/files/cuentas_macroeconomicas/5_2_1_si_trim.xlsx,2026-08-02T21:23:58Z
bcv_pib_sector_institucional_trimestral,Producto interno bruto por sector institucional trimestral,Variaciones porcentuales,5_2_1_si_trim.xlsx,2007,Precios constantes,Variación porcentual interanual,Trimestral,2023-T2,2023,2,Sector institucional,Impuestos netos sobre los productos,11.592554735134115,Porcentaje,Preliminar,Banco Central de Venezuela,https://www.bcv.org.ve/sites/default/files/cuentas_macroeconomicas/5_2_1_si_trim.xlsx,2026-08-02T21:23:58Z
bcv_pib_sector_institucional_trimestral,Producto interno bruto por sector institucional trimestral,Variaciones porcentuales,5_2_1_si_trim.xlsx,2007,Precios constantes,Variación porcentual interanual,Trimestral,2023-T3,2023,3,Sector institucional,Impuestos netos sobre los productos,4.349054044685403,Porcentaje,Preliminar,Banco Central de Venezuela,https://www.bcv.org.ve/sites/default/files/cuentas_macroeconomicas/5_2_1_si_trim.xlsx,2026-08-02T21:23:58Z
bcv_pib_sector_institucional_trimestral,Producto interno bruto por sector institucional trimestral,Variaciones porcentuales,5_2_1_si_trim.xlsx,2007,Precios constantes,Variación porcentual interanual,Trimestral,2023-T4,2023,4,Sector institucional,Impuestos netos sobre los productos,6.351464708130223,Porcentaje,Preliminar,Banco Central de Venezuela,https://www.bcv.org.ve/sites/default/files/cuentas_macroeconomicas/5_2_1_si_trim.xlsx,2026-08-02T21:23:58Z
bcv_pib_sector_institucional_trimestral,Producto interno bruto por sector institucional trimestral,Variaciones porcentuales,5_2_1_si_trim.xlsx,2007,Precios constantes,Variación porcentual interanual,Trimestral,2024-T1,2024,1,Sector institucional,Impuestos netos sobre los productos,26.302352120036446,Porcentaje,Preliminar,Banco Central de Venezuela,https://www.bcv.org.ve/sites/default/files/cuentas_macroeconomicas/5_2_1_si_trim.xlsx,2026-08-02T21:23:58Z
bcv_pib_sector_institucional_trimestral,Producto interno bruto por sector institucional trimestral,Variaciones porcentuales,5_2_1_si_trim.xlsx,2007,Precios constantes,Variación porcentual interanual,Trimestral,2024-T2,2024,2,Sector institucional,Impuestos netos sobre los productos,31.037778209072428,Porcentaje,Preliminar,Banco Central de Venezuela,https://www.bcv.org.ve/sites/default/files/cuentas_macroeconomicas/5_2_1_si_trim.xlsx,2026-08-02T21:23:58Z
bcv_pib_sector_institucional_trimestral,Producto interno bruto por sector institucional trimestral,Variaciones porcentuales,5_2_1_si_trim.xlsx,2007,Precios constantes,Variación porcentual interanual,Trimestral,2024-T3,2024,3,Sector institucional,Impuestos netos sobre los productos,18.144107500290943,Porcentaje,Preliminar,Banco Central de Venezuela,https://www.bcv.org.ve/sites/default/files/cuentas_macroeconomicas/5_2_1_si_trim.xlsx,2026-08-02T21:23:58Z
bcv_pib_sector_institucional_trimestral,Producto interno bruto por sector institucional trimestral,Variaciones porcentuales,5_2_1_si_trim.xlsx,2007,Precios constantes,Variación porcentual interanual,Trimestral,2024-T4,2024,4,Sector institucional,Impuestos netos sobre los productos,15.992517454234275,Porcentaje,Preliminar,Banco Central de Venezuela,https://www.bcv.org.ve/sites/default/files/cuentas_macroeconomicas/5_2_1_si_trim.xlsx,2026-08-02T21:23:58Z
bcv_pib_sector_institucional_trimestral,Producto interno bruto por sector institucional trimestral,Variaciones porcentuales,5_2_1_si_trim.xlsx,2007,Precios constantes,Variación porcentual interanual,Trimestral,2025-T1,2025,1,Sector institucional,Impuestos netos sobre los productos,10.25635733060372,Porcentaje,Preliminar,Banco Central de Venezuela,https://www.bcv.org.ve/sites/default/files/cuentas_macroeconomicas/5_2_1_si_trim.xlsx,2026-08-02T21:23:58Z
bcv_pib_sector_institucional_trimestral,Producto interno bruto por sector institucional trimestral,Variaciones porcentuales,5_2_1_si_trim.xlsx,2007,Precios constantes,Variación porcentual interanual,Trimestral,2025-T2,2025,2,Sector institucional,Impuestos netos sobre los productos,11.776414517902964,Porcentaje,Preliminar,Banco Central de Venezuela,https://www.bcv.org.ve/sites/default/files/cuentas_macroeconomicas/5_2_1_si_trim.xlsx,2026-08-02T21:23:58Z
bcv_pib_sector_institucional_trimestral,Producto interno bruto por sector institucional trimestral,Variaciones porcentuales,5_2_1_si_trim.xlsx,2007,Precios constantes,Variación porcentual interanual,Trimestral,2025-T3,2025,3,Sector institucional,Impuestos netos sobre los productos,11.24266206116728,Porcentaje,Preliminar,Banco Central de Venezuela,https://www.bcv.org.ve/sites/default/files/cuentas_macroeconomicas/5_2_1_si_trim.xlsx,2026-08-02T21:23:58Z
bcv_pib_sector_institucional_trimestral,Producto interno bruto por sector institucional trimestral,Variaciones porcentuales,5_2_1_si_trim.xlsx,2007,Precios constantes,Variación porcentual interanual,Trimestral,2025-T4,2025,4,Sector institucional,Impuestos netos sobre los productos,3.589807327173574,Porcentaje,Preliminar,Banco Central de Venezuela,https://www.bcv.org.ve/sites/default/files/cuentas_macroeconomicas/5_2_1_si_trim.xlsx,2026-08-02T21:23:58Z
bcv_pib_sector_institucional_trimestral,Producto interno bruto por sector institucional trimestral,Variaciones porcentuales,5_2_1_si_trim.xlsx,2007,Precios constantes,Variación porcentual interanual,Trimestral,2026-T1,2026,1,Sector institucional,Impuestos netos sobre los productos,17.826324668500476,Porcentaje,Preliminar,Banco Central de Venezuela,https://www.bcv.org.ve/sites/default/files/cuentas_macroeconomicas/5_2_1_si_trim.xlsx,2026-08-02T21:23:58Z
bcv_pib_sector_institucional_trimestral,Producto interno bruto por sector institucional trimestral,PIB por sector institucional,5_2_1_trim.xls,1997,Precios constantes,Nivel,Trimestral,1997-T1,1997,1,Sector institucional,Sector privado,57750.17,Bolívares,Preliminar,Banco Central de Venezuela,https://www.bcv.org.ve/sites/default/files/cuentas_macroeconomicas/5_2_1_trim.xls,2026-08-02T21:23:58Z
bcv_pib_sector_institucional_trimestral,Producto interno bruto por sector institucional trimestral,PIB por sector institucional,5_2_1_trim.xls,1997,Precios constantes,Nivel,Trimestral,1997-T2,1997,2,Sector institucional,Sector privado,61827.23,Bolívares,Preliminar,Banco Central de Venezuela,https://www.bcv.org.ve/sites/default/files/cuentas_macroeconomicas/5_2_1_trim.xls,2026-08-02T21:23:58Z
bcv_pib_sector_institucional_trimestral,Producto interno bruto por sector institucional trimestral,PIB por sector institucional,5_2_1_trim.xls,1997,Precios constantes,Nivel,Trimestral,1997-T3,1997,3,Sector institucional,Sector privado,62903.464,Bolívares,Preliminar,Banco Central de Venezuela,https://www.bcv.org.ve/sites/default/files/cuentas_macroeconomicas/5_2_1_trim.xls,2026-08-02T21:23:58Z
bcv_pib_sector_institucional_trimestral,Producto interno bruto por sector institucional trimestral,PIB por sector institucional,5_2_1_trim.xls,1997,Precios constantes,Nivel,Trimestral,1997-T4,1997,4,Sector institucional,Sector privado,64213.56,Bolívares,Preliminar,Banco Central de Venezuela,https://www.bcv.org.ve/sites/default/files/cuentas_macroeconomicas/5_2_1_trim.xls,2026-08-02T21:23:58Z
bcv_pib_sector_institucional_trimestral,Producto interno bruto por sector institucional trimestral,PIB por sector institucional,5_2_1_trim.xls,1997,Precios constantes,Nivel,Trimestral,1998-T1,1998,1,Sector institucional,Sector privado,61881.19,Bolívares,Preliminar,Banco Central de Venezuela,https://www.bcv.org.ve/sites/default/files/cuentas_macroeconomicas/5_2_1_trim.xls,2026-08-02T21:23:58Z
bcv_pib_sector_institucional_trimestral,Producto interno bruto por sector institucional trimestral,PIB por sector institucional,5_2_1_trim.xls,1997,Precios constantes,Nivel,Trimestral,1998-T2,1998,2,Sector institucional,Sector privado,63452.98,Bolívares,Preliminar,Banco Central de Venezuela,https://www.bcv.org.ve/sites/default/files/cuentas_macroeconomicas/5_2_1_trim.xls,2026-08-02T21:23:58Z
bcv_pib_sector_institucional_trimestral,Producto interno bruto por sector institucional trimestral,PIB por sector institucional,5_2_1_trim.xls,1997,Precios constantes,Nivel,Trimestral,1998-T3,1998,3,Sector institucional,Sector privado,62241.54,Bolívares,Preliminar,Banco Central de Venezuela,https://www.bcv.org.ve/sites/default/files/cuentas_macroeconomicas/5_2_1_trim.xls,2026-08-02T21:23:58Z
bcv_pib_sector_institucional_trimestral,Producto interno bruto por sector institucional trimestral,PIB por sector institucional,5_2_1_trim.xls,1997,Precios constantes,Nivel,Trimestral,1998-T4,1998,4,Sector institucional,Sector privado,61864.46,Bolívares,Preliminar,Banco Central de Venezuela,https://www.bcv.org.ve/sites/default/files/cuentas_macroeconomicas/5_2_1_trim.xls,2026-08-02T21:23:58Z
bcv_pib_sector_institucional_trimestral,Producto interno bruto por sector institucional trimestral,PIB por sector institucional,5_2_1_trim.xls,1997,Precios constantes,Nivel,Trimestral,1999-T1,1999,1,Sector institucional,Sector privado,56975.77,Bolívares,Preliminar,Banco Central de Venezuela,https://www.bcv.org.ve/sites/default/files/cuentas_macroeconomicas/5_2_1_trim.xls,2026-08-02T21:23:58Z
bcv_pib_sector_institucional_trimestral,Producto interno bruto por sector institucional trimestral,PIB por sector institucional,5_2_1_trim.xls,1997,Precios constantes,Nivel,Trimestral,1999-T2,1999,2,Sector institucional,Sector privado,57303.35,Bolívares,Preliminar,Banco Central de Venezuela,https://www.bcv.org.ve/sites/default/files/cuentas_macroeconomicas/5_2_1_trim.xls,2026-08-02T21:23:58Z
bcv_pib_sector_institucional_trimestral,Producto interno bruto por sector institucional trimestral,PIB por sector institucional,5_2_1_trim.xls,1997,Precios constantes,Nivel,Trimestral,1999-T3,1999,3,Sector institucional,Sector privado,57989.31,Bolívares,Preliminar,Banco Central de Venezuela,https://www.bcv.org.ve/sites/default/files/cuentas_macroeconomicas/5_2_1_trim.xls,2026-08-02T21:23:58Z
bcv_pib_sector_institucional_trimestral,Producto interno bruto por sector institucional trimestral,PIB por sector institucional,5_2_1_trim.xls,1997,Precios constantes,Nivel,Trimestral,1999-T4,1999,4,Sector institucional,Sector privado,60077.89,Bolívares,Preliminar,Banco Central de Venezuela,https://www.bcv.org.ve/sites/default/files/cuentas_macroeconomicas/5_2_1_trim.xls,2026-08-02T21:23:58Z
bcv_pib_sector_institucional_trimestral,Producto interno bruto por sector institucional trimestral,PIB por sector institucional,5_2_1_trim.xls,1997,Precios constantes,Nivel,Trimestral,2000-T1,2000,1,Sector institucional,Sector privado,59097.14,Bolívares,Preliminar,Banco Central de Venezuela,https://www.bcv.org.ve/sites/default/files/cuentas_macroeconomicas/5_2_1_trim.xls,2026-08-02T21:23:58Z
bcv_pib_sector_institucional_trimestral,Producto interno bruto por sector institucional trimestral,PIB por sector institucional,5_2_1_trim.xls,1997,Precios constantes,Nivel,Trimestral,2000-T2,2000,2,Sector institucional,Sector privado,59499.94,Bolívares,Preliminar,Banco Central de Venezuela,https://www.bcv.org.ve/sites/default/files/cuentas_macroeconomicas/5_2_1_trim.xls,2026-08-02T21:23:58Z
bcv_pib_sector_institucional_trimestral,Producto interno bruto por sector institucional trimestral,PIB por sector institucional,5_2_1_trim.xls,1997,Precios constantes,Nivel,Trimestral,2000-T3,2000,3,Sector institucional,Sector privado,59736.49,Bolívares,Preliminar,Banco Central de Venezuela,https://www.bcv.org.ve/sites/default/files/cuentas_macroeconomicas/5_2_1_trim.xls,2026-08-02T21:23:58Z
bcv_pib_sector_institucional_trimestral,Producto interno bruto por sector institucional trimestral,PIB por sector institucional,5_2_1_trim.xls,1997,Precios constantes,Nivel,Trimestral,2000-T4,2000,4,Sector institucional,Sector privado,63808.23,Bolívares,Preliminar,Banco Central de Venezuela,https://www.bcv.org.ve/sites/default/files/cuentas_macroeconomicas/5_2_1_trim.xls,2026-08-02T21:23:58Z
bcv_pib_sector_institucional_trimestral,Producto interno bruto por sector institucional trimestral,PIB por sector institucional,5_2_1_trim.xls,1997,Precios constantes,Nivel,Trimestral,2001-T1,2001,1,Sector institucional,Sector privado,61764.43,Bolívares,Preliminar,Banco Central de Venezuela,https://www.bcv.org.ve/sites/default/files/cuentas_macroeconomicas/5_2_1_trim.xls,2026-08-02T21:23:58Z
bcv_pib_sector_institucional_trimestral,Producto interno bruto por sector institucional trimestral,PIB por sector institucional,5_2_1_trim.xls,1997,Precios constantes,Nivel,Trimestral,2001-T2,2001,2,Sector institucional,Sector privado,62888.39,Bolívares,Preliminar,Banco Central de Venezuela,https://www.bcv.org.ve/sites/default/files/cuentas_macroeconomicas/5_2_1_trim.xls,2026-08-02T21:23:58Z
bcv_pib_sector_institucional_trimestral,Producto interno bruto por sector institucional trimestral,PIB por sector institucional,5_2_1_trim.xls,1997,Precios constantes,Nivel,Trimestral,2001-T3,2001,3,Sector institucional,Sector privado,64133.2,Bolívares,Preliminar,Banco Central de Venezuela,https://www.bcv.org.ve/sites/default/files/cuentas_macroeconomicas/5_2_1_trim.xls,2026-08-02T21:23:58Z
bcv_pib_sector_institucional_trimestral,Producto interno bruto por sector institucional trimestral,PIB por sector institucional,5_2_1_trim.xls,1997,Precios constantes,Nivel,Trimestral,2001-T4,2001,4,Sector institucional,Sector privado,65174.4,Bolívares,Preliminar,Banco Central de Venezuela,https://www.bcv.org.ve/sites/default/files/cuentas_macroeconomicas/5_2_1_trim.xls,2026-08-02T21:23:58Z
bcv_pib_sector_institucional_trimestral,Producto interno bruto por sector institucional trimestral,PIB por sector institucional,5_2_1_trim.xls,1997,Precios constantes,Nivel,Trimestral,2002-T1,2002,1,Sector institucional,Sector privado,59258.92,Bolívares,Preliminar,Banco Central de Venezuela,https://www.bcv.org.ve/sites/default/files/cuentas_macroeconomicas/5_2_1_trim.xls,2026-08-02T21:23:58Z
bcv_pib_sector_institucional_trimestral,Producto interno bruto por sector institucional trimestral,PIB por sector institucional,5_2_1_trim.xls,1997,Precios constantes,Nivel,Trimestral,2002-T2,2002,2,Sector institucional,Sector privado,59882.82,Bolívares,Preliminar,Banco Central de Venezuela,https://www.bcv.org.ve/sites/default/files/cuentas_macroeconomicas/5_2_1_trim.xls,2026-08-02T21:23:58Z
bcv_pib_sector_institucional_trimestral,Producto interno bruto por sector institucional trimestral,PIB por sector institucional,5_2_1_trim.xls,1997,Precios constantes,Nivel,Trimestral,2002-T3,2002,3,Sector institucional,Sector privado,61707.8,Bolívares,Preliminar,Banco Central de Venezuela,https://www.bcv.org.ve/sites/default/files/cuentas_macroeconomicas/5_2_1_trim.xls,2026-08-02T21:23:58Z
bcv_pib_sector_institucional_trimestral,Producto interno bruto por sector institucional trimestral,PIB por sector institucional,5_2_1_trim.xls,1997,Precios constantes,Nivel,Trimestral,2002-T4,2002,4,Sector institucional,Sector privado,58260.4,Bolívares,Preliminar,Banco Central de Venezuela,https://www.bcv.org.ve/sites/default/files/cuentas_macroeconomicas/5_2_1_trim.xls,2026-08-02T21:23:58Z
bcv_pib_sector_institucional_trimestral,Producto interno bruto por sector institucional trimestral,PIB por sector institucional,5_2_1_trim.xls,1997,Precios constantes,Nivel,Trimestral,2003-T1,2003,1,Sector institucional,Sector privado,46297.94,Bolívares,Preliminar,Banco Central de Venezuela,https://www.bcv.org.ve/sites/default/files/cuentas_macroeconomicas/5_2_1_trim.xls,2026-08-02T21:23:58Z
bcv_pib_sector_institucional_trimestral,Producto interno bruto por sector institucional trimestral,PIB por sector institucional,5_2_1_trim.xls,1997,Precios constantes,Nivel,Trimestral,2003-T2,2003,2,Sector institucional,Sector privado,53889.87,Bolívares,Preliminar,Banco Central de Venezuela,https://www.bcv.org.ve/sites/default/files/cuentas_macroeconomicas/5_2_1_trim.xls,2026-08-02T21:23:58Z
bcv_pib_sector_institucional_trimestral,Producto interno bruto por sector institucional trimestral,PIB por sector institucional,5_2_1_trim.xls,1997,Precios constantes,Nivel,Trimestral,2003-T3,2003,3,Sector institucional,Sector privado,56724.88,Bolívares,Preliminar,Banco Central de Venezuela,https://www.bcv.org.ve/sites/default/files/cuentas_macroeconomicas/5_2_1_trim.xls,2026-08-02T21:23:58Z
bcv_pib_sector_institucional_trimestral,Producto interno bruto por sector institucional trimestral,PIB por sector institucional,5_2_1_trim.xls,1997,Precios constantes,Nivel,Trimestral,2003-T4,2003,4,Sector institucional,Sector privado,61015.59,Bolívares,Preliminar,Banco Central de Venezuela,https://www.bcv.org.ve/sites/default/files/cuentas_macroeconomicas/5_2_1_trim.xls,2026-08-02T21:23:58Z
bcv_pib_sector_institucional_trimestral,Producto interno bruto por sector institucional trimestral,PIB por sector institucional,5_2_1_trim.xls,1997,Precios constantes,Nivel,Trimestral,2004-T1,2004,1,Sector institucional,Sector privado,59584.89,Bolívares,Preliminar,Banco Central de Venezuela,https://www.bcv.org.ve/sites/default/files/cuentas_macroeconomicas/5_2_1_trim.xls,2026-08-02T21:23:58Z
bcv_pib_sector_institucional_trimestral,Producto interno bruto por sector institucional trimestral,PIB por sector institucional,5_2_1_trim.xls,1997,Precios constantes,Nivel,Trimestral,2004-T2,2004,2,Sector institucional,Sector privado,62018.15,Bolívares,Preliminar,Banco Central de Venezuela,https://www.bcv.org.ve/sites/default/files/cuentas_macroeconomicas/5_2_1_trim.xls,2026-08-02T21:23:58Z
bcv_pib_sector_institucional_trimestral,Producto interno bruto por sector institucional trimestral,PIB por sector institucional,5_2_1_trim.xls,1997,Precios constantes,Nivel,Trimestral,2004-T3,2004,3,Sector institucional,Sector privado,65852.75,Bolívares,Preliminar,Banco Central de Venezuela,https://www.bcv.org.ve/sites/default/files/cuentas_macroeconomicas/5_2_1_trim.xls,2026-08-02T21:23:58Z
bcv_pib_sector_institucional_trimestral,Producto interno bruto por sector institucional trimestral,PIB por sector institucional,5_2_1_trim.xls,1997,Precios constantes,Nivel,Trimestral,2004-T4,2004,4,Sector institucional,Sector privado,68021.97,Bolívares,Preliminar,Banco Central de Venezuela,https://www.bcv.org.ve/sites/default/files/cuentas_macroeconomicas/5_2_1_trim.xls,2026-08-02T21:23:58Z
bcv_pib_sector_institucional_trimestral,Producto interno bruto por sector institucional trimestral,PIB por sector institucional,5_2_1_trim.xls,1997,Precios constantes,Nivel,Trimestral,2005-T1,2005,1,Sector institucional,Sector privado,64552.15,Bolívares,Preliminar,Banco Central de Venezuela,https://www.bcv.org.ve/sites/default/files/cuentas_macroeconomicas/5_2_1_trim.xls,2026-08-02T21:23:58Z
bcv_pib_sector_institucional_trimestral,Producto interno bruto por sector institucional trimestral,PIB por sector institucional,5_2_1_trim.xls,1997,Precios constantes,Nivel,Trimestral,2005-T2,2005,2,Sector institucional,Sector privado,70960.45,Bolívares,Preliminar,Banco Central de Venezuela,https://www.bcv.org.ve/sites/default/files/cuentas_macroeconomicas/5_2_1_trim.xls,2026-08-02T21:23:58Z
bcv_pib_sector_institucional_trimestral,Producto interno bruto por sector institucional trimestral,PIB por sector institucional,5_2_1_trim.xls,1997,Precios constantes,Nivel,Trimestral,2005-T3,2005,3,Sector institucional,Sector privado,73965.31,Bolívares,Preliminar,Banco Central de Venezuela,https://www.bcv.org.ve/sites/default/files/cuentas_macroeconomicas/5_2_1_trim.xls,2026-08-02T21:23:58Z
bcv_pib_sector_institucional_trimestral,Producto interno bruto por sector institucional trimestral,PIB por sector institucional,5_2_1_trim.xls,1997,Precios constantes,Nivel,Trimestral,2005-T4,2005,4,Sector institucional,Sector privado,79024.38,Bolívares,Preliminar,Banco Central de Venezuela,https://www.bcv.org.ve/sites/default/files/cuentas_macroeconomicas/5_2_1_trim.xls,2026-08-02T21:23:58Z
bcv_pib_sector_institucional_trimestral,Producto interno bruto por sector institucional trimestral,PIB por sector institucional,5_2_1_trim.xls,1997,Precios constantes,Nivel,Trimestral,2006-T1,2006,1,Sector institucional,Sector privado,71637.73,Bolívares,Preliminar,Banco Central de Venezuela,https://www.bcv.org.ve/sites/default/files/cuentas_macroeconomicas/5_2_1_trim.xls,2026-08-02T21:23:58Z
bcv_pib_sector_institucional_trimestral,Producto interno bruto por sector institucional trimestral,PIB por sector institucional,5_2_1_trim.xls,1997,Precios constantes,Nivel,Trimestral,2006-T2,2006,2,Sector institucional,Sector privado,78186.84,Bolívares,Preliminar,Banco Central de Venezuela,https://www.bcv.org.ve/sites/default/files/cuentas_macroeconomicas/5_2_1_trim.xls,2026-08-02T21:23:58Z
bcv_pib_sector_institucional_trimestral,Producto interno bruto por sector institucional trimestral,PIB por sector institucional,5_2_1_trim.xls,1997,Precios constantes,Nivel,Trimestral,2006-T3,2006,3,Sector institucional,Sector privado,82034.14,Bolívares,Preliminar,Banco Central de Venezuela,https://www.bcv.org.ve/sites/default/files/cuentas_macroeconomicas/5_2_1_trim.xls,2026-08-02T21:23:58Z
bcv_pib_sector_institucional_trimestral,Producto interno bruto por sector institucional trimestral,PIB por sector institucional,5_2_1_trim.xls,1997,Precios constantes,Nivel,Trimestral,2006-T4,2006,4,Sector institucional,Sector privado,89371.51,Bolívares,Preliminar,Banco Central de Venezuela,https://www.bcv.org.ve/sites/default/files/cuentas_macroeconomicas/5_2_1_trim.xls,2026-08-02T21:23:58Z
bcv_pib_sector_institucional_trimestral,Producto interno bruto por sector institucional trimestral,PIB por sector institucional,5_2_1_trim.xls,1997,Precios constantes,Nivel,Trimestral,2007-T1,2007,1,Sector institucional,Sector privado,79256.45,Bolívares,Preliminar,Banco Central de Venezuela,https://www.bcv.org.ve/sites/default/files/cuentas_macroeconomicas/5_2_1_trim.xls,2026-08-02T21:23:58Z
bcv_pib_sector_institucional_trimestral,Producto interno bruto por sector institucional trimestral,PIB por sector institucional,5_2_1_trim.xls,1997,Precios constantes,Nivel,Trimestral,2007-T2,2007,2,Sector institucional,Sector privado,86176.88,Bolívares,Preliminar,Banco Central de Venezuela,https://www.bcv.org.ve/sites/default/files/cuentas_macroeconomicas/5_2_1_trim.xls,2026-08-02T21:23:58Z
bcv_pib_sector_institucional_trimestral,Producto interno bruto por sector institucional trimestral,PIB por sector institucional,5_2_1_trim.xls,1997,Precios constantes,Nivel,Trimestral,2007-T3,2007,3,Sector institucional,Sector privado,87446.63,Bolívares,Preliminar,Banco Central de Venezuela,https://www.bcv.org.ve/sites/default/files/cuentas_macroeconomicas/5_2_1_trim.xls,2026-08-02T21:23:58Z
bcv_pib_sector_institucional_trimestral,Producto interno bruto por sector institucional trimestral,PIB por sector institucional,5_2_1_trim.xls,1997,Precios constantes,Nivel,Trimestral,2007-T4,2007,4,Sector institucional,Sector privado,93207.75,Bolívares,Preliminar,Banco Central de Venezuela,https://www.bcv.org.ve/sites/default/files/cuentas_macroeconomicas/5_2_1_trim.xls,2026-08-02T21:23:58Z
bcv_pib_sector_institucional_trimestral,Producto interno bruto por sector institucional trimestral,PIB por sector institucional,5_2_1_trim.xls,1997,Precios constantes,Nivel,Trimestral,2008-T1,2008,1,Sector institucional,Sector privado,77138.04,Bolívares,Preliminar,Banco Central de Venezuela,https://www.bcv.org.ve/sites/default/files/cuentas_macroeconomicas/5_2_1_trim.xls,2026-08-02T21:23:58Z
bcv_pib_sector_institucional_trimestral,Producto interno bruto por sector institucional trimestral,Variaciones porcentuales,5_2_1_si_trim.xlsx,2007,Precios constantes,Variación porcentual interanual,Trimestral,2008-T1,2008,1,Sector institucional,Sector privado,-8.887695283958948,Porcentaje,Preliminar,Banco Central de Venezuela,https://www.bcv.org.ve/sites/default/files/cuentas_macroeconomicas/5_2_1_si_trim.xlsx,2026-08-02T21:23:58Z
bcv_pib_sector_institucional_trimestral,Producto interno bruto por sector institucional trimestral,PIB por sector institucional,5_2_1_trim.xls,1997,Precios constantes,Nivel,Trimestral,2008-T2,2008,2,Sector institucional,Sector privado,87416.82,Bolívares,Preliminar,Banco Central de Venezuela,https://www.bcv.org.ve/sites/default/files/cuentas_macroeconomicas/5_2_1_trim.xls,2026-08-02T21:23:58Z
bcv_pib_sector_institucional_trimestral,Producto interno bruto por sector institucional trimestral,Variaciones porcentuales,5_2_1_si_trim.xlsx,2007,Precios constantes,Variación porcentual interanual,Trimestral,2008-T2,2008,2,Sector institucional,Sector privado,-3.2845216785533182,Porcentaje,Preliminar,Banco Central de Venezuela,https://www.bcv.org.ve/sites/default/files/cuentas_macroeconomicas/5_2_1_si_trim.xlsx,2026-08-02T21:23:58Z
bcv_pib_sector_institucional_trimestral,Producto interno bruto por sector institucional trimestral,PIB por sector institucional,5_2_1_trim.xls,1997,Precios constantes,Nivel,Trimestral,2008-T3,2008,3,Sector institucional,Sector privado,88900.89,Bolívares,Preliminar,Banco Central de Venezuela,https://www.bcv.org.ve/sites/default/files/cuentas_macroeconomicas/5_2_1_trim.xls,2026-08-02T21:23:58Z
bcv_pib_sector_institucional_trimestral,Producto interno bruto por sector institucional trimestral,Variaciones porcentuales,5_2_1_si_trim.xlsx,2007,Precios constantes,Variación porcentual interanual,Trimestral,2008-T3,2008,3,Sector institucional,Sector privado,-4.578154119823466,Porcentaje,Preliminar,Banco Central de Venezuela,https://www.bcv.org.ve/sites/default/files/cuentas_macroeconomicas/5_2_1_si_trim.xlsx,2026-08-02T21:23:58Z
bcv_pib_sector_institucional_trimestral,Producto interno bruto por sector institucional trimestral,PIB por sector institucional,5_2_1_trim.xls,1997,Precios constantes,Nivel,Trimestral,2008-T4,2008,4,Sector institucional,Sector privado,94137.99,Bolívares,Preliminar,Banco Central de Venezuela,https://www.bcv.org.ve/sites/default/files/cuentas_macroeconomicas/5_2_1_trim.xls,2026-08-02T21:23:58Z
bcv_pib_sector_institucional_trimestral,Producto interno bruto por sector institucional trimestral,Variaciones porcentuales,5_2_1_si_trim.xlsx,2007,Precios constantes,Variación porcentual interanual,Trimestral,2008-T4,2008,4,Sector institucional,Sector privado,-2.6305109889056695,Porcentaje,Preliminar,Banco Central de Venezuela,https://www.bcv.org.ve/sites/default/files/cuentas_macroeconomicas/5_2_1_si_trim.xlsx,2026-08-02T21:23:58Z
bcv_pib_sector_institucional_trimestral,Producto interno bruto por sector institucional trimestral,PIB por sector institucional,5_2_1_trim.xls,1997,Precios constantes,Nivel,Trimestral,2009-T1,2009,1,Sector institucional,Sector privado,77340.63,Bolívares,Preliminar,Banco Central de Venezuela,https://www.bcv.org.ve/sites/default/files/cuentas_macroeconomicas/5_2_1_trim.xls,2026-08-02T21:23:58Z
bcv_pib_sector_institucional_trimestral,Producto interno bruto por sector institucional trimestral,Variaciones porcentuales,5_2_1_si_trim.xlsx,2007,Precios constantes,Variación porcentual interanual,Trimestral,2009-T1,2009,1,Sector institucional,Sector privado,0.023245122525693773,Porcentaje,Preliminar,Banco Central de Venezuela,https://www.bcv.org.ve/sites/default/files/cuentas_macroeconomicas/5_2_1_si_trim.xlsx,2026-08-02T21:23:58Z
bcv_pib_sector_institucional_trimestral,Producto interno bruto por sector institucional trimestral,PIB por sector institucional,5_2_1_trim.xls,1997,Precios constantes,Nivel,Trimestral,2009-T2,2009,2,Sector institucional,Sector privado,83569.25,Bolívares,Preliminar,Banco Central de Venezuela,https://www.bcv.org.ve/sites/default/files/cuentas_macroeconomicas/5_2_1_trim.xls,2026-08-02T21:23:58Z
bcv_pib_sector_institucional_trimestral,Producto interno bruto por sector institucional trimestral,Variaciones porcentuales,5_2_1_si_trim.xlsx,2007,Precios constantes,Variación porcentual interanual,Trimestral,2009-T2,2009,2,Sector institucional,Sector privado,-6.206494098890289,Porcentaje,Preliminar,Banco Central de Venezuela,https://www.bcv.org.ve/sites/default/files/cuentas_macroeconomicas/5_2_1_si_trim.xlsx,2026-08-02T21:23:58Z
bcv_pib_sector_institucional_trimestral,Producto interno bruto por sector institucional trimestral,PIB por sector institucional,5_2_1_trim.xls,1997,Precios constantes,Nivel,Trimestral,2009-T3,2009,3,Sector institucional,Sector privado,84005.45,Bolívares,Preliminar,Banco Central de Venezuela,https://www.bcv.org.ve/sites/default/files/cuentas_macroeconomicas/5_2_1_trim.xls,2026-08-02T21:23:58Z
bcv_pib_sector_institucional_trimestral,Producto interno bruto por sector institucional trimestral,Variaciones porcentuales,5_2_1_si_trim.xlsx,2007,Precios constantes,Variación porcentual interanual,Trimestral,2009-T3,2009,3,Sector institucional,Sector privado,-6.311825042634908,Porcentaje,Preliminar,Banco Central de Venezuela,https://www.bcv.org.ve/sites/default/files/cuentas_macroeconomicas/5_2_1_si_trim.xlsx,2026-08-02T21:23:58Z
bcv_pib_sector_institucional_trimestral,Producto interno bruto por sector institucional trimestral,PIB por sector institucional,5_2_1_trim.xls,1997,Precios constantes,Nivel,Trimestral,2009-T4,2009,4,Sector institucional,Sector privado,87815.68,Bolívares,Preliminar,Banco Central de Venezuela,https://www.bcv.org.ve/sites/default/files/cuentas_macroeconomicas/5_2_1_trim.xls,2026-08-02T21:23:58Z
bcv_pib_sector_institucional_trimestral,Producto interno bruto por sector institucional trimestral,Variaciones porcentuales,5_2_1_si_trim.xlsx,2007,Precios constantes,Variación porcentual interanual,Trimestral,2009-T4,2009,4,Sector institucional,Sector privado,-7.6793953843092595,Porcentaje,Preliminar,Banco Central de Venezuela,https://www.bcv.org.ve/sites/default/files/cuentas_macroeconomicas/5_2_1_si_trim.xlsx,2026-08-02T21:23:58Z
bcv_pib_sector_institucional_trimestral,Producto interno bruto por sector institucional trimestral,PIB por sector institucional,5_2_1_trim.xls,1997,Precios constantes,Nivel,Trimestral,2010-T1,2010,1,Sector institucional,Sector privado,73004.67,Bolívares,Preliminar,Banco Central de Venezuela,https://www.bcv.org.ve/sites/default/files/cuentas_macroeconomicas/5_2_1_trim.xls,2026-08-02T21:23:58Z
bcv_pib_sector_institucional_trimestral,Producto interno bruto por sector institucional trimestral,Variaciones porcentuales,5_2_1_si_trim.xlsx,2007,Precios constantes,Variación porcentual interanual,Trimestral,2010-T1,2010,1,Sector institucional,Sector privado,-6.695340477085537,Porcentaje,Preliminar,Banco Central de Venezuela,https://www.bcv.org.ve/sites/default/files/cuentas_macroeconomicas/5_2_1_si_trim.xlsx,2026-08-02T21:23:58Z
bcv_pib_sector_institucional_trimestral,Producto interno bruto por sector institucional trimestral,PIB por sector institucional,5_2_1_trim.xls,1997,Precios constantes,Nivel,Trimestral,2010-T2,2010,2,Sector institucional,Sector privado,82236.19,Bolívares,Preliminar,Banco Central de Venezuela,https://www.bcv.org.ve/sites/default/files/cuentas_macroeconomicas/5_2_1_trim.xls,2026-08-02T21:23:58Z
bcv_pib_sector_institucional_trimestral,Producto interno bruto por sector institucional trimestral,Variaciones porcentuales,5_2_1_si_trim.xlsx,2007,Precios constantes,Variación porcentual interanual,Trimestral,2010-T2,2010,2,Sector institucional,Sector privado,-0.4490444272431091,Porcentaje,Preliminar,Banco Central de Venezuela,https://www.bcv.org.ve/sites/default/files/cuentas_macroeconomicas/5_2_1_si_trim.xlsx,2026-08-02T21:23:58Z
bcv_pib_sector_institucional_trimestral,Producto interno bruto por sector institucional trimestral,PIB por sector institucional,5_2_1_trim.xls,1997,Precios constantes,Nivel,Trimestral,2010-T3,2010,3,Sector institucional,Sector privado,83613.65,Bolívares,Preliminar,Banco Central de Venezuela,https://www.bcv.org.ve/sites/default/files/cuentas_macroeconomicas/5_2_1_trim.xls,2026-08-02T21:23:58Z
bcv_pib_sector_institucional_trimestral,Producto interno bruto por sector institucional trimestral,Variaciones porcentuales,5_2_1_si_trim.xlsx,2007,Precios constantes,Variación porcentual interanual,Trimestral,2010-T3,2010,3,Sector institucional,Sector privado,0.7475061732280466,Porcentaje,Preliminar,Banco Central de Venezuela,https://www.bcv.org.ve/sites/default/files/cuentas_macroeconomicas/5_2_1_si_trim.xlsx,2026-08-02T21:23:58Z
bcv_pib_sector_institucional_trimestral,Producto interno bruto por sector institucional trimestral,PIB por sector institucional,5_2_1_trim.xls,1997,Precios constantes,Nivel,Trimestral,2010-T4,2010,4,Sector institucional,Sector privado,86821.28,Bolívares,Preliminar,Banco Central de Venezuela,https://www.bcv.org.ve/sites/default/files/cuentas_macroeconomicas/5_2_1_trim.xls,2026-08-02T21:23:58Z
bcv_pib_sector_institucional_trimestral,Producto interno bruto por sector institucional trimestral,Variaciones porcentuales,5_2_1_si_trim.xlsx,2007,Precios constantes,Variación porcentual interanual,Trimestral,2010-T4,2010,4,Sector institucional,Sector privado,0.035074381745033634,Porcentaje,Preliminar,Banco Central de Venezuela,https://www.bcv.org.ve/sites/default/files/cuentas_macroeconomicas/5_2_1_si_trim.xlsx,2026-08-02T21:23:58Z
bcv_pib_sector_institucional_trimestral,Producto interno bruto por sector institucional trimestral,PIB por sector institucional,5_2_1_trim.xls,1997,Precios constantes,Nivel,Trimestral,2011-T1,2011,1,Sector institucional,Sector privado,75865.12,Bolívares,Preliminar,Banco Central de Venezuela,https://www.bcv.org.ve/sites/default/files/cuentas_macroeconomicas/5_2_1_trim.xls,2026-08-02T21:23:58Z
bcv_pib_sector_institucional_trimestral,Producto interno bruto por sector institucional trimestral,Variaciones porcentuales,5_2_1_si_trim.xlsx,2007,Precios constantes,Variación porcentual interanual,Trimestral,2011-T1,2011,1,Sector institucional,Sector privado,2.3577148580607172,Porcentaje,Preliminar,Banco Central de Venezuela,https://www.bcv.org.ve/sites/default/files/cuentas_macroeconomicas/5_2_1_si_trim.xlsx,2026-08-02T21:23:58Z
bcv_pib_sector_institucional_trimestral,Producto interno bruto por sector institucional trimestral,PIB por sector institucional,5_2_1_trim.xls,1997,Precios constantes,Nivel,Trimestral,2011-T2,2011,2,Sector institucional,Sector privado,83135.97,Bolívares,Preliminar,Banco Central de Venezuela,https://www.bcv.org.ve/sites/default/files/cuentas_macroeconomicas/5_2_1_trim.xls,2026-08-02T21:23:58Z
bcv_pib_sector_institucional_trimestral,Producto interno bruto por sector institucional trimestral,Variaciones porcentuales,5_2_1_si_trim.xlsx,2007,Precios constantes,Variación porcentual interanual,Trimestral,2011-T2,2011,2,Sector institucional,Sector privado,1.1700626063486936,Porcentaje,Preliminar,Banco Central de Venezuela,https://www.bcv.org.ve/sites/default/files/cuentas_macroeconomicas/5_2_1_si_trim.xlsx,2026-08-02T21:23:58Z
bcv_pib_sector_institucional_trimestral,Producto interno bruto por sector institucional trimestral,PIB por sector institucional,5_2_1_trim.xls,1997,Precios constantes,Nivel,Trimestral,2011-T3,2011,3,Sector institucional,Sector privado,86650.78,Bolívares,Preliminar,Banco Central de Venezuela,https://www.bcv.org.ve/sites/default/files/cuentas_macroeconomicas/5_2_1_trim.xls,2026-08-02T21:23:58Z
bcv_pib_sector_institucional_trimestral,Producto interno bruto por sector institucional trimestral,Variaciones porcentuales,5_2_1_si_trim.xlsx,2007,Precios constantes,Variación porcentual interanual,Trimestral,2011-T3,2011,3,Sector institucional,Sector privado,2.7954437769436282,Porcentaje,Preliminar,Banco Central de Venezuela,https://www.bcv.org.ve/sites/default/files/cuentas_macroeconomicas/5_2_1_si_trim.xlsx,2026-08-02T21:23:58Z
bcv_pib_sector_institucional_trimestral,Producto interno bruto por sector institucional trimestral,PIB por sector institucional,5_2_1_trim.xls,1997,Precios constantes,Nivel,Trimestral,2011-T4,2011,4,Sector institucional,Sector privado,90626.93,Bolívares,Preliminar,Banco Central de Venezuela,https://www.bcv.org.ve/sites/default/files/cuentas_macroeconomicas/5_2_1_trim.xls,2026-08-02T21:23:58Z
bcv_pib_sector_institucional_trimestral,Producto interno bruto por sector institucional trimestral,Variaciones porcentuales,5_2_1_si_trim.xlsx,2007,Precios constantes,Variación porcentual interanual,Trimestral,2011-T4,2011,4,Sector institucional,Sector privado,5.067526452715725,Porcentaje,Preliminar,Banco Central de Venezuela,https://www.bcv.org.ve/sites/default/files/cuentas_macroeconomicas/5_2_1_si_trim.xlsx,2026-08-02T21:23:58Z
bcv_pib_sector_institucional_trimestral,Producto interno bruto por sector institucional trimestral,PIB por sector institucional,5_2_1_trim.xls,1997,Precios constantes,Nivel,Trimestral,2012-T1,2012,1,Sector institucional,Sector privado,80880.86,Bolívares,Preliminar,Banco Central de Venezuela,https://www.bcv.org.ve/sites/default/files/cuentas_macroeconomicas/5_2_1_trim.xls,2026-08-02T21:23:58Z
bcv_pib_sector_institucional_trimestral,Producto interno bruto por sector institucional trimestral,Variaciones porcentuales,5_2_1_si_trim.xlsx,2007,Precios constantes,Variación porcentual interanual,Trimestral,2012-T1,2012,1,Sector institucional,Sector privado,8.293272196794504,Porcentaje,Preliminar,Banco Central de Venezuela,https://www.bcv.org.ve/sites/default/files/cuentas_macroeconomicas/5_2_1_si_trim.xlsx,2026-08-02T21:23:58Z
bcv_pib_sector_institucional_trimestral,Producto interno bruto por sector institucional trimestral,PIB por sector institucional,5_2_1_trim.xls,1997,Precios constantes,Nivel,Trimestral,2012-T2,2012,2,Sector institucional,Sector privado,88451.63,Bolívares,Preliminar,Banco Central de Venezuela,https://www.bcv.org.ve/sites/default/files/cuentas_macroeconomicas/5_2_1_trim.xls,2026-08-02T21:23:58Z
bcv_pib_sector_institucional_trimestral,Producto interno bruto por sector institucional trimestral,Variaciones porcentuales,5_2_1_si_trim.xlsx,2007,Precios constantes,Variación porcentual interanual,Trimestral,2012-T2,2012,2,Sector institucional,Sector privado,5.0492255004291735,Porcentaje,Preliminar,Banco Central de Venezuela,https://www.bcv.org.ve/sites/default/files/cuentas_macroeconomicas/5_2_1_si_trim.xlsx,2026-08-02T21:23:58Z
bcv_pib_sector_institucional_trimestral,Producto interno bruto por sector institucional trimestral,PIB por sector institucional,5_2_1_trim.xls,1997,Precios constantes,Nivel,Trimestral,2012-T3,2012,3,Sector institucional,Sector privado,91499.49,Bolívares,Preliminar,Banco Central de Venezuela,https://www.bcv.org.ve/sites/default/files/cuentas_macroeconomicas/5_2_1_trim.xls,2026-08-02T21:23:58Z
bcv_pib_sector_institucional_trimestral,Producto interno bruto por sector institucional trimestral,Variaciones porcentuales,5_2_1_si_trim.xlsx,2007,Precios constantes,Variación porcentual interanual,Trimestral,2012-T3,2012,3,Sector institucional,Sector privado,4.184990125082294,Porcentaje,Preliminar,Banco Central de Venezuela,https://www.bcv.org.ve/sites/default/files/cuentas_macroeconomicas/5_2_1_si_trim.xlsx,2026-08-02T21:23:58Z
bcv_pib_sector_institucional_trimestral,Producto interno bruto por sector institucional trimestral,PIB por sector institucional,5_2_1_trim.xls,1997,Precios constantes,Nivel,Trimestral,2012-T4,2012,4,Sector institucional,Sector privado,95519.87,Bolívares,Preliminar,Banco Central de Venezuela,https://www.bcv.org.ve/sites/default/files/cuentas_macroeconomicas/5_2_1_trim.xls,2026-08-02T21:23:58Z
bcv_pib_sector_institucional_trimestral,Producto interno bruto por sector institucional trimestral,Variaciones porcentuales,5_2_1_si_trim.xlsx,2007,Precios constantes,Variación porcentual interanual,Trimestral,2012-T4,2012,4,Sector institucional,Sector privado,3.7241917811183782,Porcentaje,Preliminar,Banco Central de Venezuela,https://www.bcv.org.ve/sites/default/files/cuentas_macroeconomicas/5_2_1_si_trim.xlsx,2026-08-02T21:23:58Z
bcv_pib_sector_institucional_trimestral,Producto interno bruto por sector institucional trimestral,PIB por sector institucional,5_2_1_trim.xls,1997,Precios constantes,Nivel,Trimestral,2013-T1,2013,1,Sector institucional,Sector privado,81056.31,Bolívares,Preliminar,Banco Central de Venezuela,https://www.bcv.org.ve/sites/default/files/cuentas_macroeconomicas/5_2_1_trim.xls,2026-08-02T21:23:58Z
bcv_pib_sector_institucional_trimestral,Producto interno bruto por sector institucional trimestral,Variaciones porcentuales,5_2_1_si_trim.xlsx,2007,Precios constantes,Variación porcentual interanual,Trimestral,2013-T1,2013,1,Sector institucional,Sector privado,-3.8198325616976803,Porcentaje,Preliminar,Banco Central de Venezuela,https://www.bcv.org.ve/sites/default/files/cuentas_macroeconomicas/5_2_1_si_trim.xlsx,2026-08-02T21:23:58Z
bcv_pib_sector_institucional_trimestral,Producto interno bruto por sector institucional trimestral,PIB por sector institucional,5_2_1_trim.xls,1997,Precios constantes,Nivel,Trimestral,2013-T2,2013,2,Sector institucional,Sector privado,90237.16,Bolívares,Preliminar,Banco Central de Venezuela,https://www.bcv.org.ve/sites/default/files/cuentas_macroeconomicas/5_2_1_trim.xls,2026-08-02T21:23:58Z
bcv_pib_sector_institucional_trimestral,Producto interno bruto por sector institucional trimestral,Variaciones porcentuales,5_2_1_si_trim.xlsx,2007,Precios constantes,Variación porcentual interanual,Trimestral,2013-T2,2013,2,Sector institucional,Sector privado,1.6384028342755386,Porcentaje,Preliminar,Banco Central de Venezuela,https://www.bcv.org.ve/sites/default/files/cuentas_macroeconomicas/5_2_1_si_trim.xlsx,2026-08-02T21:23:58Z
bcv_pib_sector_institucional_trimestral,Producto interno bruto por sector institucional trimestral,PIB por sector institucional,5_2_1_trim.xls,1997,Precios constantes,Nivel,Trimestral,2013-T3,2013,3,Sector institucional,Sector privado,92485.22,Bolívares,Preliminar,Banco Central de Venezuela,https://www.bcv.org.ve/sites/default/files/cuentas_macroeconomicas/5_2_1_trim.xls,2026-08-02T21:23:58Z
bcv_pib_sector_institucional_trimestral,Producto interno bruto por sector institucional trimestral,Variaciones porcentuales,5_2_1_si_trim.xlsx,2007,Precios constantes,Variación porcentual interanual,Trimestral,2013-T3,2013,3,Sector institucional,Sector privado,0.22356479740655288,Porcentaje,Preliminar,Banco Central de Venezuela,https://www.bcv.org.ve/sites/default/files/cuentas_macroeconomicas/5_2_1_si_trim.xlsx,2026-08-02T21:23:58Z
bcv_pib_sector_institucional_trimestral,Producto interno bruto por sector institucional trimestral,PIB por sector institucional,5_2_1_trim.xls,1997,Precios constantes,Nivel,Trimestral,2013-T4,2013,4,Sector institucional,Sector privado,97022.13,Bolívares,Preliminar,Banco Central de Venezuela,https://www.bcv.org.ve/sites/default/files/cuentas_macroeconomicas/5_2_1_trim.xls,2026-08-02T21:23:58Z
bcv_pib_sector_institucional_trimestral,Producto interno bruto por sector institucional trimestral,Variaciones porcentuales,5_2_1_si_trim.xlsx,2007,Precios constantes,Variación porcentual interanual,Trimestral,2013-T4,2013,4,Sector institucional,Sector privado,0.7005458353354754,Porcentaje,Preliminar,Banco Central de Venezuela,https://www.bcv.org.ve/sites/default/files/cuentas_macroeconomicas/5_2_1_si_trim.xlsx,2026-08-02T21:23:58Z
bcv_pib_sector_institucional_trimestral,Producto interno bruto por sector institucional trimestral,PIB por sector institucional,5_2_1_trim.xls,1997,Precios constantes,Nivel,Trimestral,2014-T1,2014,1,Sector institucional,Sector privado,75954.6,Bolívares,Preliminar,Banco Central de Venezuela,https://www.bcv.org.ve/sites/default/files/cuentas_macroeconomicas/5_2_1_trim.xls,2026-08-02T21:23:58Z
bcv_pib_sector_institucional_trimestral,Producto interno bruto por sector institucional trimestral,Variaciones porcentuales,5_2_1_si_trim.xlsx,2007,Precios constantes,Variación porcentual interanual,Trimestral,2014-T1,2014,1,Sector institucional,Sector privado,-5.829328855557975,Porcentaje,Preliminar,Banco Central de Venezuela,https://www.bcv.org.ve/sites/default/files/cuentas_macroeconomicas/5_2_1_si_trim.xlsx,2026-08-02T21:23:58Z
bcv_pib_sector_institucional_trimestral,Producto interno bruto por sector institucional trimestral,PIB por sector institucional,5_2_1_trim.xls,1997,Precios constantes,Nivel,Trimestral,2014-T2,2014,2,Sector institucional,Sector privado,83748.27,Bolívares,Preliminar,Banco Central de Venezuela,https://www.bcv.org.ve/sites/default/files/cuentas_macroeconomicas/5_2_1_trim.xls,2026-08-02T21:23:58Z
bcv_pib_sector_institucional_trimestral,Producto interno bruto por sector institucional trimestral,Variaciones porcentuales,5_2_1_si_trim.xlsx,2007,Precios constantes,Variación porcentual interanual,Trimestral,2014-T2,2014,2,Sector institucional,Sector privado,-6.097992075283571,Porcentaje,Preliminar,Banco Central de Venezuela,https://www.bcv.org.ve/sites/default/files/cuentas_macroeconomicas/5_2_1_si_trim.xlsx,2026-08-02T21:23:58Z
bcv_pib_sector_institucional_trimestral,Producto interno bruto por sector institucional trimestral,PIB por sector institucional,5_2_1_trim.xls,1997,Precios constantes,Nivel,Trimestral,2014-T3,2014,3,Sector institucional,Sector privado,89099.62,Bolívares,Preliminar,Banco Central de Venezuela,https://www.bcv.org.ve/sites/default/files/cuentas_macroeconomicas/5_2_1_trim.xls,2026-08-02T21:23:58Z
bcv_pib_sector_institucional_trimestral,Producto interno bruto por sector institucional trimestral,Variaciones porcentuales,5_2_1_si_trim.xlsx,2007,Precios constantes,Variación porcentual interanual,Trimestral,2014-T3,2014,3,Sector institucional,Sector privado,0.4031601274744503,Porcentaje,Preliminar,Banco Central de Venezuela,https://www.bcv.org.ve/sites/default/files/cuentas_macroeconomicas/5_2_1_si_trim.xlsx,2026-08-02T21:23:58Z
bcv_pib_sector_institucional_trimestral,Producto interno bruto por sector institucional trimestral,PIB por sector institucional,5_2_1_trim.xls,1997,Precios constantes,Nivel,Trimestral,2014-T4,2014,4,Sector institucional,Sector privado,93890.68,Bolívares,Preliminar,Banco Central de Venezuela,https://www.bcv.org.ve/sites/default/files/cuentas_macroeconomicas/5_2_1_trim.xls,2026-08-02T21:23:58Z
bcv_pib_sector_institucional_trimestral,Producto interno bruto por sector institucional trimestral,Variaciones porcentuales,5_2_1_si_trim.xlsx,2007,Precios constantes,Variación porcentual interanual,Trimestral,2014-T4,2014,4,Sector institucional,Sector privado,2.848759325191068,Porcentaje,Preliminar,Banco Central de Venezuela,https://www.bcv.org.ve/sites/default/files/cuentas_macroeconomicas/5_2_1_si_trim.xlsx,2026-08-02T21:23:58Z
bcv_pib_sector_institucional_trimestral,Producto interno bruto por sector institucional trimestral,PIB por sector institucional,5_2_1_trim.xls,1997,Precios constantes,Nivel,Trimestral,2015-T1,2015,1,Sector institucional,Sector privado,73719.96,Bolívares,Preliminar,Banco Central de Venezuela,https://www.bcv.org.ve/sites/default/files/cuentas_macroeconomicas/5_2_1_trim.xls,2026-08-02T21:23:58Z
bcv_pib_sector_institucional_trimestral,Producto interno bruto por sector institucional trimestral,Variaciones porcentuales,5_2_1_si_trim.xlsx,2007,Precios constantes,Variación porcentual interanual,Trimestral,2015-T1,2015,1,Sector institucional,Sector privado,-3.8204128475447874,Porcentaje,Preliminar,Banco Central de Venezuela,https://www.bcv.org.ve/sites/default/files/cuentas_macroeconomicas/5_2_1_si_trim.xlsx,2026-08-02T21:23:58Z
bcv_pib_sector_institucional_trimestral,Producto interno bruto por sector institucional trimestral,PIB por sector institucional,5_2_1_trim.xls,1997,Precios constantes,Nivel,Trimestral,2015-T2,2015,2,Sector institucional,Sector privado,77558.21,Bolívares,Preliminar,Banco Central de Venezuela,https://www.bcv.org.ve/sites/default/files/cuentas_macroeconomicas/5_2_1_trim.xls,2026-08-02T21:23:58Z
bcv_pib_sector_institucional_trimestral,Producto interno bruto por sector institucional trimestral,Variaciones porcentuales,5_2_1_si_trim.xlsx,2007,Precios constantes,Variación porcentual interanual,Trimestral,2015-T2,2015,2,Sector institucional,Sector privado,-5.950877086378554,Porcentaje,Preliminar,Banco Central de Venezuela,https://www.bcv.org.ve/sites/default/files/cuentas_macroeconomicas/5_2_1_si_trim.xlsx,2026-08-02T21:23:58Z
bcv_pib_sector_institucional_trimestral,Producto interno bruto por sector institucional trimestral,PIB por sector institucional,5_2_1_trim.xls,1997,Precios constantes,Nivel,Trimestral,2015-T3,2015,3,Sector institucional,Sector privado,79485.35,Bolívares,Preliminar,Banco Central de Venezuela,https://www.bcv.org.ve/sites/default/files/cuentas_macroeconomicas/5_2_1_trim.xls,2026-08-02T21:23:58Z
bcv_pib_sector_institucional_trimestral,Producto interno bruto por sector institucional trimestral,Variaciones porcentuales,5_2_1_si_trim.xlsx,2007,Precios constantes,Variación porcentual interanual,Trimestral,2015-T3,2015,3,Sector institucional,Sector privado,-10.029021429605393,Porcentaje,Preliminar,Banco Central de Venezuela,https://www.bcv.org.ve/sites/default/files/cuentas_macroeconomicas/5_2_1_si_trim.xlsx,2026-08-02T21:23:58Z
bcv_pib_sector_institucional_trimestral,Producto interno bruto por sector institucional trimestral,PIB por sector institucional,5_2_1_trim.xls,1997,Precios constantes,Nivel,Trimestral,2015-T4,2015,4,Sector institucional,Sector privado,79853.05,Bolívares,Preliminar,Banco Central de Venezuela,https://www.bcv.org.ve/sites/default/files/cuentas_macroeconomicas/5_2_1_trim.xls,2026-08-02T21:23:58Z
bcv_pib_sector_institucional_trimestral,Producto interno bruto por sector institucional trimestral,Variaciones porcentuales,5_2_1_si_trim.xlsx,2007,Precios constantes,Variación porcentual interanual,Trimestral,2015-T4,2015,4,Sector institucional,Sector privado,-12.156985997384979,Porcentaje,Preliminar,Banco Central de Venezuela,https://www.bcv.org.ve/sites/default/files/cuentas_macroeconomicas/5_2_1_si_trim.xlsx,2026-08-02T21:23:58Z
bcv_pib_sector_institucional_trimestral,Producto interno bruto por sector institucional trimestral,PIB por sector institucional,5_2_1_trim.xls,1997,Precios constantes,Nivel,Trimestral,2016-T1,2016,1,Sector institucional,Sector privado,60604.82,Bolívares,Preliminar,Banco Central de Venezuela,https://www.bcv.org.ve/sites/default/files/cuentas_macroeconomicas/5_2_1_trim.xls,2026-08-02T21:23:58Z
bcv_pib_sector_institucional_trimestral,Producto interno bruto por sector institucional trimestral,Variaciones porcentuales,5_2_1_si_trim.xlsx,2007,Precios constantes,Variación porcentual interanual,Trimestral,2016-T1,2016,1,Sector institucional,Sector privado,-15.314166413688966,Porcentaje,Preliminar,Banco Central de Venezuela,https://www.bcv.org.ve/sites/default/files/cuentas_macroeconomicas/5_2_1_si_trim.xlsx,2026-08-02T21:23:58Z
bcv_pib_sector_institucional_trimestral,Producto interno bruto por sector institucional trimestral,PIB por sector institucional,5_2_1_trim.xls,1997,Precios constantes,Nivel,Trimestral,2016-T2,2016,2,Sector institucional,Sector privado,60180.45,Bolívares,Preliminar,Banco Central de Venezuela,https://www.bcv.org.ve/sites/default/files/cuentas_macroeconomicas/5_2_1_trim.xls,2026-08-02T21:23:58Z
bcv_pib_sector_institucional_trimestral,Producto interno bruto por sector institucional trimestral,Variaciones porcentuales,5_2_1_si_trim.xlsx,2007,Precios constantes,Variación porcentual interanual,Trimestral,2016-T2,2016,2,Sector institucional,Sector privado,-21.830398709891057,Porcentaje,Preliminar,Banco Central de Venezuela,https://www.bcv.org.ve/sites/default/files/cuentas_macroeconomicas/5_2_1_si_trim.xlsx,2026-08-02T21:23:58Z
bcv_pib_sector_institucional_trimestral,Producto interno bruto por sector institucional trimestral,PIB por sector institucional,5_2_1_trim.xls,1997,Precios constantes,Nivel,Trimestral,2016-T3,2016,3,Sector institucional,Sector privado,58992.77,Bolívares,Preliminar,Banco Central de Venezuela,https://www.bcv.org.ve/sites/default/files/cuentas_macroeconomicas/5_2_1_trim.xls,2026-08-02T21:23:58Z
bcv_pib_sector_institucional_trimestral,Producto interno bruto por sector institucional trimestral,Variaciones porcentuales,5_2_1_si_trim.xlsx,2007,Precios constantes,Variación porcentual interanual,Trimestral,2016-T3,2016,3,Sector institucional,Sector privado,-25.225403982472614,Porcentaje,Preliminar,Banco Central de Venezuela,https://www.bcv.org.ve/sites/default/files/cuentas_macroeconomicas/5_2_1_si_trim.xlsx,2026-08-02T21:23:58Z
bcv_pib_sector_institucional_trimestral,Producto interno bruto por sector institucional trimestral,PIB por sector institucional,5_2_1_trim.xls,1997,Precios constantes,Nivel,Trimestral,2016-T4,2016,4,Sector institucional,Sector privado,59440.88,Bolívares,Preliminar,Banco Central de Venezuela,https://www.bcv.org.ve/sites/default/files/cuentas_macroeconomicas/5_2_1_trim.xls,2026-08-02T21:23:58Z
bcv_pib_sector_institucional_trimestral,Producto interno bruto por sector institucional trimestral,Variaciones porcentuales,5_2_1_si_trim.xlsx,2007,Precios constantes,Variación porcentual interanual,Trimestral,2016-T4,2016,4,Sector institucional,Sector privado,-24.566535566959985,Porcentaje,Preliminar,Banco Central de Venezuela,https://www.bcv.org.ve/sites/default/files/cuentas_macroeconomicas/5_2_1_si_trim.xlsx,2026-08-02T21:23:58Z
bcv_pib_sector_institucional_trimestral,Producto interno bruto por sector institucional trimestral,PIB por sector institucional,5_2_1_trim.xls,1997,Precios constantes,Nivel,Trimestral,2017-T1,2017,1,Sector institucional,Sector privado,50782.64,Bolívares,Preliminar,Banco Central de Venezuela,https://www.bcv.org.ve/sites/default/files/cuentas_macroeconomicas/5_2_1_trim.xls,2026-08-02T21:23:58Z
bcv_pib_sector_institucional_trimestral,Producto interno bruto por sector institucional trimestral,Variaciones porcentuales,5_2_1_si_trim.xlsx,2007,Precios constantes,Variación porcentual interanual,Trimestral,2017-T1,2017,1,Sector institucional,Sector privado,-13.587530263442787,Porcentaje,Preliminar,Banco Central de Venezuela,https://www.bcv.org.ve/sites/default/files/cuentas_macroeconomicas/5_2_1_si_trim.xlsx,2026-08-02T21:23:58Z
bcv_pib_sector_institucional_trimestral,Producto interno bruto por sector institucional trimestral,PIB por sector institucional,5_2_1_trim.xls,1997,Precios constantes,Nivel,Trimestral,2017-T2,2017,2,Sector institucional,Sector privado,46944.09,Bolívares,Preliminar,Banco Central de Venezuela,https://www.bcv.org.ve/sites/default/files/cuentas_macroeconomicas/5_2_1_trim.xls,2026-08-02T21:23:58Z
bcv_pib_sector_institucional_trimestral,Producto interno bruto por sector institucional trimestral,Variaciones porcentuales,5_2_1_si_trim.xlsx,2007,Precios constantes,Variación porcentual interanual,Trimestral,2017-T2,2017,2,Sector institucional,Sector privado,-20.33039829767587,Porcentaje,Preliminar,Banco Central de Venezuela,https://www.bcv.org.ve/sites/default/files/cuentas_macroeconomicas/5_2_1_si_trim.xlsx,2026-08-02T21:23:58Z
bcv_pib_sector_institucional_trimestral,Producto interno bruto por sector institucional trimestral,PIB por sector institucional,5_2_1_trim.xls,1997,Precios constantes,Nivel,Trimestral,2017-T3,2017,3,Sector institucional,Sector privado,46352.65,Bolívares,Preliminar,Banco Central de Venezuela,https://www.bcv.org.ve/sites/default/files/cuentas_macroeconomicas/5_2_1_trim.xls,2026-08-02T21:23:58Z
bcv_pib_sector_institucional_trimestral,Producto interno bruto por sector institucional trimestral,Variaciones porcentuales,5_2_1_si_trim.xlsx,2007,Precios constantes,Variación porcentual interanual,Trimestral,2017-T3,2017,3,Sector institucional,Sector privado,-17.62546376442863,Porcentaje,Preliminar,Banco Central de Venezuela,https://www.bcv.org.ve/sites/default/files/cuentas_macroeconomicas/5_2_1_si_trim.xlsx,2026-08-02T21:23:58Z
bcv_pib_sector_institucional_trimestral,Producto interno bruto por sector institucional trimestral,PIB por sector institucional,5_2_1_trim.xls,1997,Precios constantes,Nivel,Trimestral,2017-T4,2017,4,Sector institucional,Sector privado,44012.81,Bolívares,Preliminar,Banco Central de Venezuela,https://www.bcv.org.ve/sites/default/files/cuentas_macroeconomicas/5_2_1_trim.xls,2026-08-02T21:23:58Z
bcv_pib_sector_institucional_trimestral,Producto interno bruto por sector institucional trimestral,Variaciones porcentuales,5_2_1_si_trim.xlsx,2007,Precios constantes,Variación porcentual interanual,Trimestral,2017-T4,2017,4,Sector institucional,Sector privado,-22.37961853565396,Porcentaje,Preliminar,Banco Central de Venezuela,https://www.bcv.org.ve/sites/default/files/cuentas_macroeconomicas/5_2_1_si_trim.xlsx,2026-08-02T21:23:58Z
bcv_pib_sector_institucional_trimestral,Producto interno bruto por sector institucional trimestral,PIB por sector institucional,5_2_1_trim.xls,1997,Precios constantes,Nivel,Trimestral,2018-T1,2018,1,Sector institucional,Sector privado,39580.13,Bolívares,Preliminar,Banco Central de Venezuela,https://www.bcv.org.ve/sites/default/files/cuentas_macroeconomicas/5_2_1_trim.xls,2026-08-02T21:23:58Z
bcv_pib_sector_institucional_trimestral,Producto interno bruto por sector institucional trimestral,Variaciones porcentuales,5_2_1_si_trim.xlsx,2007,Precios constantes,Variación porcentual interanual,Trimestral,2018-T1,2018,1,Sector institucional,Sector privado,-20.63712414726527,Porcentaje,Preliminar,Banco Central de Venezuela,https://www.bcv.org.ve/sites/default/files/cuentas_macroeconomicas/5_2_1_si_trim.xlsx,2026-08-02T21:23:58Z
bcv_pib_sector_institucional_trimestral,Producto interno bruto por sector institucional trimestral,PIB por sector institucional,5_2_1_trim.xls,1997,Precios constantes,Nivel,Trimestral,2018-T2,2018,2,Sector institucional,Sector privado,38610.89,Bolívares,Preliminar,Banco Central de Venezuela,https://www.bcv.org.ve/sites/default/files/cuentas_macroeconomicas/5_2_1_trim.xls,2026-08-02T21:23:58Z
bcv_pib_sector_institucional_trimestral,Producto interno bruto por sector institucional trimestral,Variaciones porcentuales,5_2_1_si_trim.xlsx,2007,Precios constantes,Variación porcentual interanual,Trimestral,2018-T2,2018,2,Sector institucional,Sector privado,-20.21597707363236,Porcentaje,Preliminar,Banco Central de Venezuela,https://www.bcv.org.ve/sites/default/files/cuentas_macroeconomicas/5_2_1_si_trim.xlsx,2026-08-02T21:23:58Z
bcv_pib_sector_institucional_trimestral,Producto interno bruto por sector institucional trimestral,PIB por sector institucional,5_2_1_trim.xls,1997,Precios constantes,Nivel,Trimestral,2018-T3,2018,3,Sector institucional,Sector privado,32736.67,Bolívares,Preliminar,Banco Central de Venezuela,https://www.bcv.org.ve/sites/default/files/cuentas_macroeconomicas/5_2_1_trim.xls,2026-08-02T21:23:58Z
bcv_pib_sector_institucional_trimestral,Producto interno bruto por sector institucional trimestral,Variaciones porcentuales,5_2_1_si_trim.xlsx,2007,Precios constantes,Variación porcentual interanual,Trimestral,2018-T3,2018,3,Sector institucional,Sector privado,-24.821506391231082,Porcentaje,Preliminar,Banco Central de Venezuela,https://www.bcv.org.ve/sites/default/files/cuentas_macroeconomicas/5_2_1_si_trim.xlsx,2026-08-02T21:23:58Z
bcv_pib_sector_institucional_trimestral,Producto interno bruto por sector institucional trimestral,PIB por sector institucional,5_2_1_trim.xls,1997,Precios constantes,Nivel,Trimestral,2018-T4,2018,4,Sector institucional,Sector privado,31545.69,Bolívares,Preliminar,Banco Central de Venezuela,https://www.bcv.org.ve/sites/default/files/cuentas_macroeconomicas/5_2_1_trim.xls,2026-08-02T21:23:58Z
bcv_pib_sector_institucional_trimestral,Producto interno bruto por sector institucional trimestral,Variaciones porcentuales,5_2_1_si_trim.xlsx,2007,Precios constantes,Variación porcentual interanual,Trimestral,2018-T4,2018,4,Sector institucional,Sector privado,-26.255167253591537,Porcentaje,Preliminar,Banco Central de Venezuela,https://www.bcv.org.ve/sites/default/files/cuentas_macroeconomicas/5_2_1_si_trim.xlsx,2026-08-02T21:23:58Z
bcv_pib_sector_institucional_trimestral,Producto interno bruto por sector institucional trimestral,PIB por sector institucional,5_2_1_trim.xls,1997,Precios constantes,Nivel,Trimestral,2019-T1,2019,1,Sector institucional,Sector privado,26839.1,Bolívares,Preliminar,Banco Central de Venezuela,https://www.bcv.org.ve/sites/default/files/cuentas_macroeconomicas/5_2_1_trim.xls,2026-08-02T21:23:58Z
bcv_pib_sector_institucional_trimestral,Producto interno bruto por sector institucional trimestral,Variaciones porcentuales,5_2_1_si_trim.xlsx,2007,Precios constantes,Variación porcentual interanual,Trimestral,2019-T1,2019,1,Sector institucional,Sector privado,-28.23681992483297,Porcentaje,Preliminar,Banco Central de Venezuela,https://www.bcv.org.ve/sites/default/files/cuentas_macroeconomicas/5_2_1_si_trim.xlsx,2026-08-02T21:23:58Z
bcv_pib_sector_institucional_trimestral,Producto interno bruto por sector institucional trimestral,Variaciones porcentuales,5_2_1_si_trim.xlsx,2007,Precios constantes,Variación porcentual interanual,Trimestral,2019-T2,2019,2,Sector institucional,Sector privado,-30.80963843350098,Porcentaje,Preliminar,Banco Central de Venezuela,https://www.bcv.org.ve/sites/default/files/cuentas_macroeconomicas/5_2_1_si_trim.xlsx,2026-08-02T21:23:58Z
bcv_pib_sector_institucional_trimestral,Producto interno bruto por sector institucional trimestral,Variaciones porcentuales,5_2_1_si_trim.xlsx,2007,Precios constantes,Variación porcentual interanual,Trimestral,2019-T3,2019,3,Sector institucional,Sector privado,-26.246095980766697,Porcentaje,Preliminar,Banco Central de Venezuela,https://www.bcv.org.ve/sites/default/files/cuentas_macroeconomicas/5_2_1_si_trim.xlsx,2026-08-02T21:23:58Z
bcv_pib_sector_institucional_trimestral,Producto interno bruto por sector institucional trimestral,Variaciones porcentuales,5_2_1_si_trim.xlsx,2007,Precios constantes,Variación porcentual interanual,Trimestral,2019-T4,2019,4,Sector institucional,Sector privado,-22.105249042175814,Porcentaje,Preliminar,Banco Central de Venezuela,https://www.bcv.org.ve/sites/default/files/cuentas_macroeconomicas/5_2_1_si_trim.xlsx,2026-08-02T21:23:58Z
bcv_pib_sector_institucional_trimestral,Producto interno bruto por sector institucional trimestral,Variaciones porcentuales,5_2_1_si_trim.xlsx,2007,Precios constantes,Variación porcentual interanual,Trimestral,2020-T1,2020,1,Sector institucional,Sector privado,-16.03098273250872,Porcentaje,Preliminar,Banco Central de Venezuela,https://www.bcv.org.ve/sites/default/files/cuentas_macroeconomicas/5_2_1_si_trim.xlsx,2026-08-02T21:23:58Z
bcv_pib_sector_institucional_trimestral,Producto interno bruto por sector institucional trimestral,Variaciones porcentuales,5_2_1_si_trim.xlsx,2007,Precios constantes,Variación porcentual interanual,Trimestral,2020-T2,2020,2,Sector institucional,Sector privado,-30.554203132271965,Porcentaje,Preliminar,Banco Central de Venezuela,https://www.bcv.org.ve/sites/default/files/cuentas_macroeconomicas/5_2_1_si_trim.xlsx,2026-08-02T21:23:58Z
bcv_pib_sector_institucional_trimestral,Producto interno bruto por sector institucional trimestral,Variaciones porcentuales,5_2_1_si_trim.xlsx,2007,Precios constantes,Variación porcentual interanual,Trimestral,2020-T3,2020,3,Sector institucional,Sector privado,-28.187364662675378,Porcentaje,Preliminar,Banco Central de Venezuela,https://www.bcv.org.ve/sites/default/files/cuentas_macroeconomicas/5_2_1_si_trim.xlsx,2026-08-02T21:23:58Z
bcv_pib_sector_institucional_trimestral,Producto interno bruto por sector institucional trimestral,Variaciones porcentuales,5_2_1_si_trim.xlsx,2007,Precios constantes,Variación porcentual interanual,Trimestral,2020-T4,2020,4,Sector institucional,Sector privado,-21.088691642573465,Porcentaje,Preliminar,Banco Central de Venezuela,https://www.bcv.org.ve/sites/default/files/cuentas_macroeconomicas/5_2_1_si_trim.xlsx,2026-08-02T21:23:58Z
bcv_pib_sector_institucional_trimestral,Producto interno bruto por sector institucional trimestral,Variaciones porcentuales,5_2_1_si_trim.xlsx,2007,Precios constantes,Variación porcentual interanual,Trimestral,2021-T1,2021,1,Sector institucional,Sector privado,-17.062423377013687,Porcentaje,Preliminar,Banco Central de Venezuela,https://www.bcv.org.ve/sites/default/files/cuentas_macroeconomicas/5_2_1_si_trim.xlsx,2026-08-02T21:23:58Z
bcv_pib_sector_institucional_trimestral,Producto interno bruto por sector institucional trimestral,Variaciones porcentuales,5_2_1_si_trim.xlsx,2007,Precios constantes,Variación porcentual interanual,Trimestral,2021-T2,2021,2,Sector institucional,Sector privado,-2.231567127673756,Porcentaje,Preliminar,Banco Central de Venezuela,https://www.bcv.org.ve/sites/default/files/cuentas_macroeconomicas/5_2_1_si_trim.xlsx,2026-08-02T21:23:58Z
bcv_pib_sector_institucional_trimestral,Producto interno bruto por sector institucional trimestral,Variaciones porcentuales,5_2_1_si_trim.xlsx,2007,Precios constantes,Variación porcentual interanual,Trimestral,2021-T3,2021,3,Sector institucional,Sector privado,9.885007335885803,Porcentaje,Preliminar,Banco Central de Venezuela,https://www.bcv.org.ve/sites/default/files/cuentas_macroeconomicas/5_2_1_si_trim.xlsx,2026-08-02T21:23:58Z
bcv_pib_sector_institucional_trimestral,Producto interno bruto por sector institucional trimestral,Variaciones porcentuales,5_2_1_si_trim.xlsx,2007,Precios constantes,Variación porcentual interanual,Trimestral,2021-T4,2021,4,Sector institucional,Sector privado,13.290489803705512,Porcentaje,Preliminar,Banco Central de Venezuela,https://www.bcv.org.ve/sites/default/files/cuentas_macroeconomicas/5_2_1_si_trim.xlsx,2026-08-02T21:23:58Z
bcv_pib_sector_institucional_trimestral,Producto interno bruto por sector institucional trimestral,Variaciones porcentuales,5_2_1_si_trim.xlsx,2007,Precios constantes,Variación porcentual interanual,Trimestral,2022-T1,2022,1,Sector institucional,Sector privado,16.02401164470251,Porcentaje,Preliminar,Banco Central de Venezuela,https://www.bcv.org.ve/sites/default/files/cuentas_macroeconomicas/5_2_1_si_trim.xlsx,2026-08-02T21:23:58Z
bcv_pib_sector_institucional_trimestral,Producto interno bruto por sector institucional trimestral,Variaciones porcentuales,5_2_1_si_trim.xlsx,2007,Precios constantes,Variación porcentual interanual,Trimestral,2022-T2,2022,2,Sector institucional,Sector privado,22.50178421821289,Porcentaje,Preliminar,Banco Central de Venezuela,https://www.bcv.org.ve/sites/default/files/cuentas_macroeconomicas/5_2_1_si_trim.xlsx,2026-08-02T21:23:58Z
bcv_pib_sector_institucional_trimestral,Producto interno bruto por sector institucional trimestral,Variaciones porcentuales,5_2_1_si_trim.xlsx,2007,Precios constantes,Variación porcentual interanual,Trimestral,2022-T3,2022,3,Sector institucional,Sector privado,14.335086645152344,Porcentaje,Preliminar,Banco Central de Venezuela,https://www.bcv.org.ve/sites/default/files/cuentas_macroeconomicas/5_2_1_si_trim.xlsx,2026-08-02T21:23:58Z
bcv_pib_sector_institucional_trimestral,Producto interno bruto por sector institucional trimestral,Variaciones porcentuales,5_2_1_si_trim.xlsx,2007,Precios constantes,Variación porcentual interanual,Trimestral,2022-T4,2022,4,Sector institucional,Sector privado,11.74179670285558,Porcentaje,Preliminar,Banco Central de Venezuela,https://www.bcv.org.ve/sites/default/files/cuentas_macroeconomicas/5_2_1_si_trim.xlsx,2026-08-02T21:23:58Z
bcv_pib_sector_institucional_trimestral,Producto interno bruto por sector institucional trimestral,Variaciones porcentuales,5_2_1_si_trim.xlsx,2007,Precios constantes,Variación porcentual interanual,Trimestral,2023-T1,2023,1,Sector institucional,Sector privado,10.180744326363865,Porcentaje,Preliminar,Banco Central de Venezuela,https://www.bcv.org.ve/sites/default/files/cuentas_macroeconomicas/5_2_1_si_trim.xlsx,2026-08-02T21:23:58Z
bcv_pib_sector_institucional_trimestral,Producto interno bruto por sector institucional trimestral,Variaciones porcentuales,5_2_1_si_trim.xlsx,2007,Precios constantes,Variación porcentual interanual,Trimestral,2023-T2,2023,2,Sector institucional,Sector privado,4.094749052415537,Porcentaje,Preliminar,Banco Central de Venezuela,https://www.bcv.org.ve/sites/default/files/cuentas_macroeconomicas/5_2_1_si_trim.xlsx,2026-08-02T21:23:58Z
bcv_pib_sector_institucional_trimestral,Producto interno bruto por sector institucional trimestral,Variaciones porcentuales,5_2_1_si_trim.xlsx,2007,Precios constantes,Variación porcentual interanual,Trimestral,2023-T3,2023,3,Sector institucional,Sector privado,2.8486194308037938,Porcentaje,Preliminar,Banco Central de Venezuela,https://www.bcv.org.ve/sites/default/files/cuentas_macroeconomicas/5_2_1_si_trim.xlsx,2026-08-02T21:23:58Z
bcv_pib_sector_institucional_trimestral,Producto interno bruto por sector institucional trimestral,Variaciones porcentuales,5_2_1_si_trim.xlsx,2007,Precios constantes,Variación porcentual interanual,Trimestral,2023-T4,2023,4,Sector institucional,Sector privado,7.087504011614627,Porcentaje,Preliminar,Banco Central de Venezuela,https://www.bcv.org.ve/sites/default/files/cuentas_macroeconomicas/5_2_1_si_trim.xlsx,2026-08-02T21:23:58Z
bcv_pib_sector_institucional_trimestral,Producto interno bruto por sector institucional trimestral,Variaciones porcentuales,5_2_1_si_trim.xlsx,2007,Precios constantes,Variación porcentual interanual,Trimestral,2024-T1,2024,1,Sector institucional,Sector privado,5.995823480179197,Porcentaje,Preliminar,Banco Central de Venezuela,https://www.bcv.org.ve/sites/default/files/cuentas_macroeconomicas/5_2_1_si_trim.xlsx,2026-08-02T21:23:58Z
bcv_pib_sector_institucional_trimestral,Producto interno bruto por sector institucional trimestral,Variaciones porcentuales,5_2_1_si_trim.xlsx,2007,Precios constantes,Variación porcentual interanual,Trimestral,2024-T2,2024,2,Sector institucional,Sector privado,9.737705342331651,Porcentaje,Preliminar,Banco Central de Venezuela,https://www.bcv.org.ve/sites/default/files/cuentas_macroeconomicas/5_2_1_si_trim.xlsx,2026-08-02T21:23:58Z
bcv_pib_sector_institucional_trimestral,Producto interno bruto por sector institucional trimestral,Variaciones porcentuales,5_2_1_si_trim.xlsx,2007,Precios constantes,Variación porcentual interanual,Trimestral,2024-T3,2024,3,Sector institucional,Sector privado,8.861888787628175,Porcentaje,Preliminar,Banco Central de Venezuela,https://www.bcv.org.ve/sites/default/files/cuentas_macroeconomicas/5_2_1_si_trim.xlsx,2026-08-02T21:23:58Z
bcv_pib_sector_institucional_trimestral,Producto interno bruto por sector institucional trimestral,Variaciones porcentuales,5_2_1_si_trim.xlsx,2007,Precios constantes,Variación porcentual interanual,Trimestral,2024-T4,2024,4,Sector institucional,Sector privado,6.469734338454103,Porcentaje,Preliminar,Banco Central de Venezuela,https://www.bcv.org.ve/sites/default/files/cuentas_macroeconomicas/5_2_1_si_trim.xlsx,2026-08-02T21:23:58Z
bcv_pib_sector_institucional_trimestral,Producto interno bruto por sector institucional trimestral,Variaciones porcentuales,5_2_1_si_trim.xlsx,2007,Precios constantes,Variación porcentual interanual,Trimestral,2025-T1,2025,1,Sector institucional,Sector privado,8.692804693639886,Porcentaje,Preliminar,Banco Central de Venezuela,https://www.bcv.org.ve/sites/default/files/cuentas_macroeconomicas/5_2_1_si_trim.xlsx,2026-08-02T21:23:58Z
bcv_pib_sector_institucional_trimestral,Producto interno bruto por sector institucional trimestral,Variaciones porcentuales,5_2_1_si_trim.xlsx,2007,Precios constantes,Variación porcentual interanual,Trimestral,2025-T2,2025,2,Sector institucional,Sector privado,8.808565039381648,Porcentaje,Preliminar,Banco Central de Venezuela,https://www.bcv.org.ve/sites/default/files/cuentas_macroeconomicas/5_2_1_si_trim.xlsx,2026-08-02T21:23:58Z
bcv_pib_sector_institucional_trimestral,Producto interno bruto por sector institucional trimestral,Variaciones porcentuales,5_2_1_si_trim.xlsx,2007,Precios constantes,Variación porcentual interanual,Trimestral,2025-T3,2025,3,Sector institucional,Sector privado,10.697764185123802,Porcentaje,Preliminar,Banco Central de Venezuela,https://www.bcv.org.ve/sites/default/files/cuentas_macroeconomicas/5_2_1_si_trim.xlsx,2026-08-02T21:23:58Z
bcv_pib_sector_institucional_trimestral,Producto interno bruto por sector institucional trimestral,Variaciones porcentuales,5_2_1_si_trim.xlsx,2007,Precios constantes,Variación porcentual interanual,Trimestral,2025-T4,2025,4,Sector institucional,Sector privado,6.18947489932944,Porcentaje,Preliminar,Banco Central de Venezuela,https://www.bcv.org.ve/sites/default/files/cuentas_macroeconomicas/5_2_1_si_trim.xlsx,2026-08-02T21:23:58Z
bcv_pib_sector_institucional_trimestral,Producto interno bruto por sector institucional trimestral,Variaciones porcentuales,5_2_1_si_trim.xlsx,2007,Precios constantes,Variación porcentual interanual,Trimestral,2026-T1,2026,1,Sector institucional,Sector privado,3.5150477985888386,Porcentaje,Preliminar,Banco Central de Venezuela,https://www.bcv.org.ve/sites/default/files/cuentas_macroeconomicas/5_2_1_si_trim.xlsx,2026-08-02T21:23:58Z
bcv_pib_sector_institucional_trimestral,Producto interno bruto por sector institucional trimestral,PIB por sector institucional,5_2_1_trim.xls,1997,Precios constantes,Nivel,Trimestral,1997-T1,1997,1,Sector institucional,Sector público,32184.3,Bolívares,Preliminar,Banco Central de Venezuela,https://www.bcv.org.ve/sites/default/files/cuentas_macroeconomicas/5_2_1_trim.xls,2026-08-02T21:23:58Z
bcv_pib_sector_institucional_trimestral,Producto interno bruto por sector institucional trimestral,PIB por sector institucional,5_2_1_trim.xls,1997,Precios constantes,Nivel,Trimestral,1997-T2,1997,2,Sector institucional,Sector público,32248.66,Bolívares,Preliminar,Banco Central de Venezuela,https://www.bcv.org.ve/sites/default/files/cuentas_macroeconomicas/5_2_1_trim.xls,2026-08-02T21:23:58Z
bcv_pib_sector_institucional_trimestral,Producto interno bruto por sector institucional trimestral,PIB por sector institucional,5_2_1_trim.xls,1997,Precios constantes,Nivel,Trimestral,1997-T3,1997,3,Sector institucional,Sector público,34408.14,Bolívares,Preliminar,Banco Central de Venezuela,https://www.bcv.org.ve/sites/default/files/cuentas_macroeconomicas/5_2_1_trim.xls,2026-08-02T21:23:58Z
bcv_pib_sector_institucional_trimestral,Producto interno bruto por sector institucional trimestral,PIB por sector institucional,5_2_1_trim.xls,1997,Precios constantes,Nivel,Trimestral,1997-T4,1997,4,Sector institucional,Sector público,36958.45,Bolívares,Preliminar,Banco Central de Venezuela,https://www.bcv.org.ve/sites/default/files/cuentas_macroeconomicas/5_2_1_trim.xls,2026-08-02T21:23:58Z
bcv_pib_sector_institucional_trimestral,Producto interno bruto por sector institucional trimestral,PIB por sector institucional,5_2_1_trim.xls,1997,Precios constantes,Nivel,Trimestral,1998-T1,1998,1,Sector institucional,Sector público,34213.55,Bolívares,Preliminar,Banco Central de Venezuela,https://www.bcv.org.ve/sites/default/files/cuentas_macroeconomicas/5_2_1_trim.xls,2026-08-02T21:23:58Z
bcv_pib_sector_institucional_trimestral,Producto interno bruto por sector institucional trimestral,PIB por sector institucional,5_2_1_trim.xls,1997,Precios constantes,Nivel,Trimestral,1998-T2,1998,2,Sector institucional,Sector público,32506.48,Bolívares,Preliminar,Banco Central de Venezuela,https://www.bcv.org.ve/sites/default/files/cuentas_macroeconomicas/5_2_1_trim.xls,2026-08-02T21:23:58Z
bcv_pib_sector_institucional_trimestral,Producto interno bruto por sector institucional trimestral,PIB por sector institucional,5_2_1_trim.xls,1997,Precios constantes,Nivel,Trimestral,1998-T3,1998,3,Sector institucional,Sector público,31469.53,Bolívares,Preliminar,Banco Central de Venezuela,https://www.bcv.org.ve/sites/default/files/cuentas_macroeconomicas/5_2_1_trim.xls,2026-08-02T21:23:58Z
bcv_pib_sector_institucional_trimestral,Producto interno bruto por sector institucional trimestral,PIB por sector institucional,5_2_1_trim.xls,1997,Precios constantes,Nivel,Trimestral,1998-T4,1998,4,Sector institucional,Sector público,34733.39,Bolívares,Preliminar,Banco Central de Venezuela,https://www.bcv.org.ve/sites/default/files/cuentas_macroeconomicas/5_2_1_trim.xls,2026-08-02T21:23:58Z
bcv_pib_sector_institucional_trimestral,Producto interno bruto por sector institucional trimestral,PIB por sector institucional,5_2_1_trim.xls,1997,Precios constantes,Nivel,Trimestral,1999-T1,1999,1,Sector institucional,Sector público,30725.94,Bolívares,Preliminar,Banco Central de Venezuela,https://www.bcv.org.ve/sites/default/files/cuentas_macroeconomicas/5_2_1_trim.xls,2026-08-02T21:23:58Z
bcv_pib_sector_institucional_trimestral,Producto interno bruto por sector institucional trimestral,PIB por sector institucional,5_2_1_trim.xls,1997,Precios constantes,Nivel,Trimestral,1999-T2,1999,2,Sector institucional,Sector público,30383.85,Bolívares,Preliminar,Banco Central de Venezuela,https://www.bcv.org.ve/sites/default/files/cuentas_macroeconomicas/5_2_1_trim.xls,2026-08-02T21:23:58Z
bcv_pib_sector_institucional_trimestral,Producto interno bruto por sector institucional trimestral,PIB por sector institucional,5_2_1_trim.xls,1997,Precios constantes,Nivel,Trimestral,1999-T3,1999,3,Sector institucional,Sector público,31031.34,Bolívares,Preliminar,Banco Central de Venezuela,https://www.bcv.org.ve/sites/default/files/cuentas_macroeconomicas/5_2_1_trim.xls,2026-08-02T21:23:58Z
bcv_pib_sector_institucional_trimestral,Producto interno bruto por sector institucional trimestral,PIB por sector institucional,5_2_1_trim.xls,1997,Precios constantes,Nivel,Trimestral,1999-T4,1999,4,Sector institucional,Sector público,33913.37,Bolívares,Preliminar,Banco Central de Venezuela,https://www.bcv.org.ve/sites/default/files/cuentas_macroeconomicas/5_2_1_trim.xls,2026-08-02T21:23:58Z
bcv_pib_sector_institucional_trimestral,Producto interno bruto por sector institucional trimestral,PIB por sector institucional,5_2_1_trim.xls,1997,Precios constantes,Nivel,Trimestral,2000-T1,2000,1,Sector institucional,Sector público,31423.31,Bolívares,Preliminar,Banco Central de Venezuela,https://www.bcv.org.ve/sites/default/files/cuentas_macroeconomicas/5_2_1_trim.xls,2026-08-02T21:23:58Z
bcv_pib_sector_institucional_trimestral,Producto interno bruto por sector institucional trimestral,PIB por sector institucional,5_2_1_trim.xls,1997,Precios constantes,Nivel,Trimestral,2000-T2,2000,2,Sector institucional,Sector público,31276.77,Bolívares,Preliminar,Banco Central de Venezuela,https://www.bcv.org.ve/sites/default/files/cuentas_macroeconomicas/5_2_1_trim.xls,2026-08-02T21:23:58Z
bcv_pib_sector_institucional_trimestral,Producto interno bruto por sector institucional trimestral,PIB por sector institucional,5_2_1_trim.xls,1997,Precios constantes,Nivel,Trimestral,2000-T3,2000,3,Sector institucional,Sector público,31763.46,Bolívares,Preliminar,Banco Central de Venezuela,https://www.bcv.org.ve/sites/default/files/cuentas_macroeconomicas/5_2_1_trim.xls,2026-08-02T21:23:58Z
bcv_pib_sector_institucional_trimestral,Producto interno bruto por sector institucional trimestral,PIB por sector institucional,5_2_1_trim.xls,1997,Precios constantes,Nivel,Trimestral,2000-T4,2000,4,Sector institucional,Sector público,35367.13,Bolívares,Preliminar,Banco Central de Venezuela,https://www.bcv.org.ve/sites/default/files/cuentas_macroeconomicas/5_2_1_trim.xls,2026-08-02T21:23:58Z
bcv_pib_sector_institucional_trimestral,Producto interno bruto por sector institucional trimestral,PIB por sector institucional,5_2_1_trim.xls,1997,Precios constantes,Nivel,Trimestral,2001-T1,2001,1,Sector institucional,Sector público,30330.25,Bolívares,Preliminar,Banco Central de Venezuela,https://www.bcv.org.ve/sites/default/files/cuentas_macroeconomicas/5_2_1_trim.xls,2026-08-02T21:23:58Z
bcv_pib_sector_institucional_trimestral,Producto interno bruto por sector institucional trimestral,PIB por sector institucional,5_2_1_trim.xls,1997,Precios constantes,Nivel,Trimestral,2001-T2,2001,2,Sector institucional,Sector público,30987.78,Bolívares,Preliminar,Banco Central de Venezuela,https://www.bcv.org.ve/sites/default/files/cuentas_macroeconomicas/5_2_1_trim.xls,2026-08-02T21:23:58Z
bcv_pib_sector_institucional_trimestral,Producto interno bruto por sector institucional trimestral,PIB por sector institucional,5_2_1_trim.xls,1997,Precios constantes,Nivel,Trimestral,2001-T3,2001,3,Sector institucional,Sector público,31949.2,Bolívares,Preliminar,Banco Central de Venezuela,https://www.bcv.org.ve/sites/default/files/cuentas_macroeconomicas/5_2_1_trim.xls,2026-08-02T21:23:58Z
bcv_pib_sector_institucional_trimestral,Producto interno bruto por sector institucional trimestral,PIB por sector institucional,5_2_1_trim.xls,1997,Precios constantes,Nivel,Trimestral,2001-T4,2001,4,Sector institucional,Sector público,35810.97,Bolívares,Preliminar,Banco Central de Venezuela,https://www.bcv.org.ve/sites/default/files/cuentas_macroeconomicas/5_2_1_trim.xls,2026-08-02T21:23:58Z
bcv_pib_sector_institucional_trimestral,Producto interno bruto por sector institucional trimestral,PIB por sector institucional,5_2_1_trim.xls,1997,Precios constantes,Nivel,Trimestral,2002-T1,2002,1,Sector institucional,Sector público,29003.21,Bolívares,Preliminar,Banco Central de Venezuela,https://www.bcv.org.ve/sites/default/files/cuentas_macroeconomicas/5_2_1_trim.xls,2026-08-02T21:23:58Z
bcv_pib_sector_institucional_trimestral,Producto interno bruto por sector institucional trimestral,PIB por sector institucional,5_2_1_trim.xls,1997,Precios constantes,Nivel,Trimestral,2002-T2,2002,2,Sector institucional,Sector público,26838.97,Bolívares,Preliminar,Banco Central de Venezuela,https://www.bcv.org.ve/sites/default/files/cuentas_macroeconomicas/5_2_1_trim.xls,2026-08-02T21:23:58Z
bcv_pib_sector_institucional_trimestral,Producto interno bruto por sector institucional trimestral,PIB por sector institucional,5_2_1_trim.xls,1997,Precios constantes,Nivel,Trimestral,2002-T3,2002,3,Sector institucional,Sector público,30265.58,Bolívares,Preliminar,Banco Central de Venezuela,https://www.bcv.org.ve/sites/default/files/cuentas_macroeconomicas/5_2_1_trim.xls,2026-08-02T21:23:58Z
bcv_pib_sector_institucional_trimestral,Producto interno bruto por sector institucional trimestral,PIB por sector institucional,5_2_1_trim.xls,1997,Precios constantes,Nivel,Trimestral,2002-T4,2002,4,Sector institucional,Sector público,28633.51,Bolívares,Preliminar,Banco Central de Venezuela,https://www.bcv.org.ve/sites/default/files/cuentas_macroeconomicas/5_2_1_trim.xls,2026-08-02T21:23:58Z
bcv_pib_sector_institucional_trimestral,Producto interno bruto por sector institucional trimestral,PIB por sector institucional,5_2_1_trim.xls,1997,Precios constantes,Nivel,Trimestral,2003-T1,2003,1,Sector institucional,Sector público,22417.05,Bolívares,Preliminar,Banco Central de Venezuela,https://www.bcv.org.ve/sites/default/files/cuentas_macroeconomicas/5_2_1_trim.xls,2026-08-02T21:23:58Z
bcv_pib_sector_institucional_trimestral,Producto interno bruto por sector institucional trimestral,PIB por sector institucional,5_2_1_trim.xls,1997,Precios constantes,Nivel,Trimestral,2003-T2,2003,2,Sector institucional,Sector público,28923.55,Bolívares,Preliminar,Banco Central de Venezuela,https://www.bcv.org.ve/sites/default/files/cuentas_macroeconomicas/5_2_1_trim.xls,2026-08-02T21:23:58Z
bcv_pib_sector_institucional_trimestral,Producto interno bruto por sector institucional trimestral,PIB por sector institucional,5_2_1_trim.xls,1997,Precios constantes,Nivel,Trimestral,2003-T3,2003,3,Sector institucional,Sector público,29539.52,Bolívares,Preliminar,Banco Central de Venezuela,https://www.bcv.org.ve/sites/default/files/cuentas_macroeconomicas/5_2_1_trim.xls,2026-08-02T21:23:58Z
bcv_pib_sector_institucional_trimestral,Producto interno bruto por sector institucional trimestral,PIB por sector institucional,5_2_1_trim.xls,1997,Precios constantes,Nivel,Trimestral,2003-T4,2003,4,Sector institucional,Sector público,32412.35,Bolívares,Preliminar,Banco Central de Venezuela,https://www.bcv.org.ve/sites/default/files/cuentas_macroeconomicas/5_2_1_trim.xls,2026-08-02T21:23:58Z
bcv_pib_sector_institucional_trimestral,Producto interno bruto por sector institucional trimestral,PIB por sector institucional,5_2_1_trim.xls,1997,Precios constantes,Nivel,Trimestral,2004-T1,2004,1,Sector institucional,Sector público,28952.91,Bolívares,Preliminar,Banco Central de Venezuela,https://www.bcv.org.ve/sites/default/files/cuentas_macroeconomicas/5_2_1_trim.xls,2026-08-02T21:23:58Z
bcv_pib_sector_institucional_trimestral,Producto interno bruto por sector institucional trimestral,PIB por sector institucional,5_2_1_trim.xls,1997,Precios constantes,Nivel,Trimestral,2004-T2,2004,2,Sector institucional,Sector público,30724.58,Bolívares,Preliminar,Banco Central de Venezuela,https://www.bcv.org.ve/sites/default/files/cuentas_macroeconomicas/5_2_1_trim.xls,2026-08-02T21:23:58Z
bcv_pib_sector_institucional_trimestral,Producto interno bruto por sector institucional trimestral,PIB por sector institucional,5_2_1_trim.xls,1997,Precios constantes,Nivel,Trimestral,2004-T3,2004,3,Sector institucional,Sector público,32189.29,Bolívares,Preliminar,Banco Central de Venezuela,https://www.bcv.org.ve/sites/default/files/cuentas_macroeconomicas/5_2_1_trim.xls,2026-08-02T21:23:58Z
bcv_pib_sector_institucional_trimestral,Producto interno bruto por sector institucional trimestral,PIB por sector institucional,5_2_1_trim.xls,1997,Precios constantes,Nivel,Trimestral,2004-T4,2004,4,Sector institucional,Sector público,35604.37,Bolívares,Preliminar,Banco Central de Venezuela,https://www.bcv.org.ve/sites/default/files/cuentas_macroeconomicas/5_2_1_trim.xls,2026-08-02T21:23:58Z
bcv_pib_sector_institucional_trimestral,Producto interno bruto por sector institucional trimestral,PIB por sector institucional,5_2_1_trim.xls,1997,Precios constantes,Nivel,Trimestral,2005-T1,2005,1,Sector institucional,Sector público,30589.38,Bolívares,Preliminar,Banco Central de Venezuela,https://www.bcv.org.ve/sites/default/files/cuentas_macroeconomicas/5_2_1_trim.xls,2026-08-02T21:23:58Z
bcv_pib_sector_institucional_trimestral,Producto interno bruto por sector institucional trimestral,PIB por sector institucional,5_2_1_trim.xls,1997,Precios constantes,Nivel,Trimestral,2005-T2,2005,2,Sector institucional,Sector público,31698.56,Bolívares,Preliminar,Banco Central de Venezuela,https://www.bcv.org.ve/sites/default/files/cuentas_macroeconomicas/5_2_1_trim.xls,2026-08-02T21:23:58Z
bcv_pib_sector_institucional_trimestral,Producto interno bruto por sector institucional trimestral,PIB por sector institucional,5_2_1_trim.xls,1997,Precios constantes,Nivel,Trimestral,2005-T3,2005,3,Sector institucional,Sector público,33050.54,Bolívares,Preliminar,Banco Central de Venezuela,https://www.bcv.org.ve/sites/default/files/cuentas_macroeconomicas/5_2_1_trim.xls,2026-08-02T21:23:58Z
bcv_pib_sector_institucional_trimestral,Producto interno bruto por sector institucional trimestral,PIB por sector institucional,5_2_1_trim.xls,1997,Precios constantes,Nivel,Trimestral,2005-T4,2005,4,Sector institucional,Sector público,35724,Bolívares,Preliminar,Banco Central de Venezuela,https://www.bcv.org.ve/sites/default/files/cuentas_macroeconomicas/5_2_1_trim.xls,2026-08-02T21:23:58Z
bcv_pib_sector_institucional_trimestral,Producto interno bruto por sector institucional trimestral,PIB por sector institucional,5_2_1_trim.xls,1997,Precios constantes,Nivel,Trimestral,2006-T1,2006,1,Sector institucional,Sector público,31419.97,Bolívares,Preliminar,Banco Central de Venezuela,https://www.bcv.org.ve/sites/default/files/cuentas_macroeconomicas/5_2_1_trim.xls,2026-08-02T21:23:58Z
bcv_pib_sector_institucional_trimestral,Producto interno bruto por sector institucional trimestral,PIB por sector institucional,5_2_1_trim.xls,1997,Precios constantes,Nivel,Trimestral,2006-T2,2006,2,Sector institucional,Sector público,32787.2,Bolívares,Preliminar,Banco Central de Venezuela,https://www.bcv.org.ve/sites/default/files/cuentas_macroeconomicas/5_2_1_trim.xls,2026-08-02T21:23:58Z
bcv_pib_sector_institucional_trimestral,Producto interno bruto por sector institucional trimestral,PIB por sector institucional,5_2_1_trim.xls,1997,Precios constantes,Nivel,Trimestral,2006-T3,2006,3,Sector institucional,Sector público,33814,Bolívares,Preliminar,Banco Central de Venezuela,https://www.bcv.org.ve/sites/default/files/cuentas_macroeconomicas/5_2_1_trim.xls,2026-08-02T21:23:58Z
bcv_pib_sector_institucional_trimestral,Producto interno bruto por sector institucional trimestral,PIB por sector institucional,5_2_1_trim.xls,1997,Precios constantes,Nivel,Trimestral,2006-T4,2006,4,Sector institucional,Sector público,36579,Bolívares,Preliminar,Banco Central de Venezuela,https://www.bcv.org.ve/sites/default/files/cuentas_macroeconomicas/5_2_1_trim.xls,2026-08-02T21:23:58Z
bcv_pib_sector_institucional_trimestral,Producto interno bruto por sector institucional trimestral,PIB por sector institucional,5_2_1_trim.xls,1997,Precios constantes,Nivel,Trimestral,2007-T1,2007,1,Sector institucional,Sector público,31611.95,Bolívares,Preliminar,Banco Central de Venezuela,https://www.bcv.org.ve/sites/default/files/cuentas_macroeconomicas/5_2_1_trim.xls,2026-08-02T21:23:58Z
bcv_pib_sector_institucional_trimestral,Producto interno bruto por sector institucional trimestral,PIB por sector institucional,5_2_1_trim.xls,1997,Precios constantes,Nivel,Trimestral,2007-T2,2007,2,Sector institucional,Sector público,32946.2,Bolívares,Preliminar,Banco Central de Venezuela,https://www.bcv.org.ve/sites/default/files/cuentas_macroeconomicas/5_2_1_trim.xls,2026-08-02T21:23:58Z
bcv_pib_sector_institucional_trimestral,Producto interno bruto por sector institucional trimestral,PIB por sector institucional,5_2_1_trim.xls,1997,Precios constantes,Nivel,Trimestral,2007-T3,2007,3,Sector institucional,Sector público,38656.02,Bolívares,Preliminar,Banco Central de Venezuela,https://www.bcv.org.ve/sites/default/files/cuentas_macroeconomicas/5_2_1_trim.xls,2026-08-02T21:23:58Z
bcv_pib_sector_institucional_trimestral,Producto interno bruto por sector institucional trimestral,PIB por sector institucional,5_2_1_trim.xls,1997,Precios constantes,Nivel,Trimestral,2007-T4,2007,4,Sector institucional,Sector público,41539.43,Bolívares,Preliminar,Banco Central de Venezuela,https://www.bcv.org.ve/sites/default/files/cuentas_macroeconomicas/5_2_1_trim.xls,2026-08-02T21:23:58Z
bcv_pib_sector_institucional_trimestral,Producto interno bruto por sector institucional trimestral,PIB por sector institucional,5_2_1_trim.xls,1997,Precios constantes,Nivel,Trimestral,2008-T1,2008,1,Sector institucional,Sector público,39108.09,Bolívares,Preliminar,Banco Central de Venezuela,https://www.bcv.org.ve/sites/default/files/cuentas_macroeconomicas/5_2_1_trim.xls,2026-08-02T21:23:58Z
bcv_pib_sector_institucional_trimestral,Producto interno bruto por sector institucional trimestral,Variaciones porcentuales,5_2_1_si_trim.xlsx,2007,Precios constantes,Variación porcentual interanual,Trimestral,2008-T1,2008,1,Sector institucional,Sector público,20.125757072413307,Porcentaje,Preliminar,Banco Central de Venezuela,https://www.bcv.org.ve/sites/default/files/cuentas_macroeconomicas/5_2_1_si_trim.xlsx,2026-08-02T21:23:58Z
bcv_pib_sector_institucional_trimestral,Producto interno bruto por sector institucional trimestral,PIB por sector institucional,5_2_1_trim.xls,1997,Precios constantes,Nivel,Trimestral,2008-T2,2008,2,Sector institucional,Sector público,41082.19,Bolívares,Preliminar,Banco Central de Venezuela,https://www.bcv.org.ve/sites/default/files/cuentas_macroeconomicas/5_2_1_trim.xls,2026-08-02T21:23:58Z
bcv_pib_sector_institucional_trimestral,Producto interno bruto por sector institucional trimestral,Variaciones porcentuales,5_2_1_si_trim.xlsx,2007,Precios constantes,Variación porcentual interanual,Trimestral,2008-T2,2008,2,Sector institucional,Sector público,21.464217383872338,Porcentaje,Preliminar,Banco Central de Venezuela,https://www.bcv.org.ve/sites/default/files/cuentas_macroeconomicas/5_2_1_si_trim.xlsx,2026-08-02T21:23:58Z
bcv_pib_sector_institucional_trimestral,Producto interno bruto por sector institucional trimestral,PIB por sector institucional,5_2_1_trim.xls,1997,Precios constantes,Nivel,Trimestral,2008-T3,2008,3,Sector institucional,Sector público,42962.16,Bolívares,Preliminar,Banco Central de Venezuela,https://www.bcv.org.ve/sites/default/files/cuentas_macroeconomicas/5_2_1_trim.xls,2026-08-02T21:23:58Z
bcv_pib_sector_institucional_trimestral,Producto interno bruto por sector institucional trimestral,Variaciones porcentuales,5_2_1_si_trim.xlsx,2007,Precios constantes,Variación porcentual interanual,Trimestral,2008-T3,2008,3,Sector institucional,Sector público,18.219408267234584,Porcentaje,Preliminar,Banco Central de Venezuela,https://www.bcv.org.ve/sites/default/files/cuentas_macroeconomicas/5_2_1_si_trim.xlsx,2026-08-02T21:23:58Z
bcv_pib_sector_institucional_trimestral,Producto interno bruto por sector institucional trimestral,PIB por sector institucional,5_2_1_trim.xls,1997,Precios constantes,Nivel,Trimestral,2008-T4,2008,4,Sector institucional,Sector público,45998.68,Bolívares,Preliminar,Banco Central de Venezuela,https://www.bcv.org.ve/sites/default/files/cuentas_macroeconomicas/5_2_1_trim.xls,2026-08-02T21:23:58Z
bcv_pib_sector_institucional_trimestral,Producto interno bruto por sector institucional trimestral,Variaciones porcentuales,5_2_1_si_trim.xlsx,2007,Precios constantes,Variación porcentual interanual,Trimestral,2008-T4,2008,4,Sector institucional,Sector público,15.698810064844167,Porcentaje,Preliminar,Banco Central de Venezuela,https://www.bcv.org.ve/sites/default/files/cuentas_macroeconomicas/5_2_1_si_trim.xlsx,2026-08-02T21:23:58Z
bcv_pib_sector_institucional_trimestral,Producto interno bruto por sector institucional trimestral,PIB por sector institucional,5_2_1_trim.xls,1997,Precios constantes,Nivel,Trimestral,2009-T1,2009,1,Sector institucional,Sector público,39769.74,Bolívares,Preliminar,Banco Central de Venezuela,https://www.bcv.org.ve/sites/default/files/cuentas_macroeconomicas/5_2_1_trim.xls,2026-08-02T21:23:58Z
bcv_pib_sector_institucional_trimestral,Producto interno bruto por sector institucional trimestral,Variaciones porcentuales,5_2_1_si_trim.xlsx,2007,Precios constantes,Variación porcentual interanual,Trimestral,2009-T1,2009,1,Sector institucional,Sector público,-1.3145361324404092,Porcentaje,Preliminar,Banco Central de Venezuela,https://www.bcv.org.ve/sites/default/files/cuentas_macroeconomicas/5_2_1_si_trim.xlsx,2026-08-02T21:23:58Z
bcv_pib_sector_institucional_trimestral,Producto interno bruto por sector institucional trimestral,PIB por sector institucional,5_2_1_trim.xls,1997,Precios constantes,Nivel,Trimestral,2009-T2,2009,2,Sector institucional,Sector público,42471.52,Bolívares,Preliminar,Banco Central de Venezuela,https://www.bcv.org.ve/sites/default/files/cuentas_macroeconomicas/5_2_1_trim.xls,2026-08-02T21:23:58Z
bcv_pib_sector_institucional_trimestral,Producto interno bruto por sector institucional trimestral,Variaciones porcentuales,5_2_1_si_trim.xlsx,2007,Precios constantes,Variación porcentual interanual,Trimestral,2009-T2,2009,2,Sector institucional,Sector público,-2.3202596226078924,Porcentaje,Preliminar,Banco Central de Venezuela,https://www.bcv.org.ve/sites/default/files/cuentas_macroeconomicas/5_2_1_si_trim.xlsx,2026-08-02T21:23:58Z
bcv_pib_sector_institucional_trimestral,Producto interno bruto por sector institucional trimestral,PIB por sector institucional,5_2_1_trim.xls,1997,Precios constantes,Nivel,Trimestral,2009-T3,2009,3,Sector institucional,Sector público,42874.52,Bolívares,Preliminar,Banco Central de Venezuela,https://www.bcv.org.ve/sites/default/files/cuentas_macroeconomicas/5_2_1_trim.xls,2026-08-02T21:23:58Z
bcv_pib_sector_institucional_trimestral,Producto interno bruto por sector institucional trimestral,Variaciones porcentuales,5_2_1_si_trim.xlsx,2007,Precios constantes,Variación porcentual interanual,Trimestral,2009-T3,2009,3,Sector institucional,Sector público,-2.3294936828858823,Porcentaje,Preliminar,Banco Central de Venezuela,https://www.bcv.org.ve/sites/default/files/cuentas_macroeconomicas/5_2_1_si_trim.xlsx,2026-08-02T21:23:58Z
bcv_pib_sector_institucional_trimestral,Producto interno bruto por sector institucional trimestral,PIB por sector institucional,5_2_1_trim.xls,1997,Precios constantes,Nivel,Trimestral,2009-T4,2009,4,Sector institucional,Sector público,45952.5,Bolívares,Preliminar,Banco Central de Venezuela,https://www.bcv.org.ve/sites/default/files/cuentas_macroeconomicas/5_2_1_trim.xls,2026-08-02T21:23:58Z
bcv_pib_sector_institucional_trimestral,Producto interno bruto por sector institucional trimestral,Variaciones porcentuales,5_2_1_si_trim.xlsx,2007,Precios constantes,Variación porcentual interanual,Trimestral,2009-T4,2009,4,Sector institucional,Sector público,-2.727820093808546,Porcentaje,Preliminar,Banco Central de Venezuela,https://www.bcv.org.ve/sites/default/files/cuentas_macroeconomicas/5_2_1_si_trim.xlsx,2026-08-02T21:23:58Z
bcv_pib_sector_institucional_trimestral,Producto interno bruto por sector institucional trimestral,PIB por sector institucional,5_2_1_trim.xls,1997,Precios constantes,Nivel,Trimestral,2010-T1,2010,1,Sector institucional,Sector público,39212.74,Bolívares,Preliminar,Banco Central de Venezuela,https://www.bcv.org.ve/sites/default/files/cuentas_macroeconomicas/5_2_1_trim.xls,2026-08-02T21:23:58Z
bcv_pib_sector_institucional_trimestral,Producto interno bruto por sector institucional trimestral,Variaciones porcentuales,5_2_1_si_trim.xlsx,2007,Precios constantes,Variación porcentual interanual,Trimestral,2010-T1,2010,1,Sector institucional,Sector público,-0.012283304369759662,Porcentaje,Preliminar,Banco Central de Venezuela,https://www.bcv.org.ve/sites/default/files/cuentas_macroeconomicas/5_2_1_si_trim.xlsx,2026-08-02T21:23:58Z
bcv_pib_sector_institucional_trimestral,Producto interno bruto por sector institucional trimestral,PIB por sector institucional,5_2_1_trim.xls,1997,Precios constantes,Nivel,Trimestral,2010-T2,2010,2,Sector institucional,Sector público,42057.42,Bolívares,Preliminar,Banco Central de Venezuela,https://www.bcv.org.ve/sites/default/files/cuentas_macroeconomicas/5_2_1_trim.xls,2026-08-02T21:23:58Z
bcv_pib_sector_institucional_trimestral,Producto interno bruto por sector institucional trimestral,Variaciones porcentuales,5_2_1_si_trim.xlsx,2007,Precios constantes,Variación porcentual interanual,Trimestral,2010-T2,2010,2,Sector institucional,Sector público,-0.13486693141271644,Porcentaje,Preliminar,Banco Central de Venezuela,https://www.bcv.org.ve/sites/default/files/cuentas_macroeconomicas/5_2_1_si_trim.xlsx,2026-08-02T21:23:58Z
bcv_pib_sector_institucional_trimestral,Producto interno bruto por sector institucional trimestral,PIB por sector institucional,5_2_1_trim.xls,1997,Precios constantes,Nivel,Trimestral,2010-T3,2010,3,Sector institucional,Sector público,43059.15,Bolívares,Preliminar,Banco Central de Venezuela,https://www.bcv.org.ve/sites/default/files/cuentas_macroeconomicas/5_2_1_trim.xls,2026-08-02T21:23:58Z
bcv_pib_sector_institucional_trimestral,Producto interno bruto por sector institucional trimestral,Variaciones porcentuales,5_2_1_si_trim.xlsx,2007,Precios constantes,Variación porcentual interanual,Trimestral,2010-T3,2010,3,Sector institucional,Sector público,1.1750635720891012,Porcentaje,Preliminar,Banco Central de Venezuela,https://www.bcv.org.ve/sites/default/files/cuentas_macroeconomicas/5_2_1_si_trim.xlsx,2026-08-02T21:23:58Z
bcv_pib_sector_institucional_trimestral,Producto interno bruto por sector institucional trimestral,PIB por sector institucional,5_2_1_trim.xls,1997,Precios constantes,Nivel,Trimestral,2010-T4,2010,4,Sector institucional,Sector público,46807.54,Bolívares,Preliminar,Banco Central de Venezuela,https://www.bcv.org.ve/sites/default/files/cuentas_macroeconomicas/5_2_1_trim.xls,2026-08-02T21:23:58Z
bcv_pib_sector_institucional_trimestral,Producto interno bruto por sector institucional trimestral,Variaciones porcentuales,5_2_1_si_trim.xlsx,2007,Precios constantes,Variación porcentual interanual,Trimestral,2010-T4,2010,4,Sector institucional,Sector público,2.1824939602712305,Porcentaje,Preliminar,Banco Central de Venezuela,https://www.bcv.org.ve/sites/default/files/cuentas_macroeconomicas/5_2_1_si_trim.xlsx,2026-08-02T21:23:58Z
bcv_pib_sector_institucional_trimestral,Producto interno bruto por sector institucional trimestral,PIB por sector institucional,5_2_1_trim.xls,1997,Precios constantes,Nivel,Trimestral,2011-T1,2011,1,Sector institucional,Sector público,41375.97,Bolívares,Preliminar,Banco Central de Venezuela,https://www.bcv.org.ve/sites/default/files/cuentas_macroeconomicas/5_2_1_trim.xls,2026-08-02T21:23:58Z
bcv_pib_sector_institucional_trimestral,Producto interno bruto por sector institucional trimestral,Variaciones porcentuales,5_2_1_si_trim.xlsx,2007,Precios constantes,Variación porcentual interanual,Trimestral,2011-T1,2011,1,Sector institucional,Sector público,0.9723830003749185,Porcentaje,Preliminar,Banco Central de Venezuela,https://www.bcv.org.ve/sites/default/files/cuentas_macroeconomicas/5_2_1_si_trim.xlsx,2026-08-02T21:23:58Z
bcv_pib_sector_institucional_trimestral,Producto interno bruto por sector institucional trimestral,PIB por sector institucional,5_2_1_trim.xls,1997,Precios constantes,Nivel,Trimestral,2011-T2,2011,2,Sector institucional,Sector público,44268,Bolívares,Preliminar,Banco Central de Venezuela,https://www.bcv.org.ve/sites/default/files/cuentas_macroeconomicas/5_2_1_trim.xls,2026-08-02T21:23:58Z
bcv_pib_sector_institucional_trimestral,Producto interno bruto por sector institucional trimestral,Variaciones porcentuales,5_2_1_si_trim.xlsx,2007,Precios constantes,Variación porcentual interanual,Trimestral,2011-T2,2011,2,Sector institucional,Sector público,2.8970121729433203,Porcentaje,Preliminar,Banco Central de Venezuela,https://www.bcv.org.ve/sites/default/files/cuentas_macroeconomicas/5_2_1_si_trim.xlsx,2026-08-02T21:23:58Z
bcv_pib_sector_institucional_trimestral,Producto interno bruto por sector institucional trimestral,PIB por sector institucional,5_2_1_trim.xls,1997,Precios constantes,Nivel,Trimestral,2011-T3,2011,3,Sector institucional,Sector público,45322.89,Bolívares,Preliminar,Banco Central de Venezuela,https://www.bcv.org.ve/sites/default/files/cuentas_macroeconomicas/5_2_1_trim.xls,2026-08-02T21:23:58Z
bcv_pib_sector_institucional_trimestral,Producto interno bruto por sector institucional trimestral,Variaciones porcentuales,5_2_1_si_trim.xlsx,2007,Precios constantes,Variación porcentual interanual,Trimestral,2011-T3,2011,3,Sector institucional,Sector público,1.5797636341850563,Porcentaje,Preliminar,Banco Central de Venezuela,https://www.bcv.org.ve/sites/default/files/cuentas_macroeconomicas/5_2_1_si_trim.xlsx,2026-08-02T21:23:58Z
bcv_pib_sector_institucional_trimestral,Producto interno bruto por sector institucional trimestral,PIB por sector institucional,5_2_1_trim.xls,1997,Precios constantes,Nivel,Trimestral,2011-T4,2011,4,Sector institucional,Sector público,49241.32,Bolívares,Preliminar,Banco Central de Venezuela,https://www.bcv.org.ve/sites/default/files/cuentas_macroeconomicas/5_2_1_trim.xls,2026-08-02T21:23:58Z
bcv_pib_sector_institucional_trimestral,Producto interno bruto por sector institucional trimestral,Variaciones porcentuales,5_2_1_si_trim.xlsx,2007,Precios constantes,Variación porcentual interanual,Trimestral,2011-T4,2011,4,Sector institucional,Sector público,2.7449551688393967,Porcentaje,Preliminar,Banco Central de Venezuela,https://www.bcv.org.ve/sites/default/files/cuentas_macroeconomicas/5_2_1_si_trim.xlsx,2026-08-02T21:23:58Z
bcv_pib_sector_institucional_trimestral,Producto interno bruto por sector institucional trimestral,PIB por sector institucional,5_2_1_trim.xls,1997,Precios constantes,Nivel,Trimestral,2012-T1,2012,1,Sector institucional,Sector público,42914.36,Bolívares,Preliminar,Banco Central de Venezuela,https://www.bcv.org.ve/sites/default/files/cuentas_macroeconomicas/5_2_1_trim.xls,2026-08-02T21:23:58Z
bcv_pib_sector_institucional_trimestral,Producto interno bruto por sector institucional trimestral,Variaciones porcentuales,5_2_1_si_trim.xlsx,2007,Precios constantes,Variación porcentual interanual,Trimestral,2012-T1,2012,1,Sector institucional,Sector público,2.9643203998995347,Porcentaje,Preliminar,Banco Central de Venezuela,https://www.bcv.org.ve/sites/default/files/cuentas_macroeconomicas/5_2_1_si_trim.xlsx,2026-08-02T21:23:58Z
bcv_pib_sector_institucional_trimestral,Producto interno bruto por sector institucional trimestral,PIB por sector institucional,5_2_1_trim.xls,1997,Precios constantes,Nivel,Trimestral,2012-T2,2012,2,Sector institucional,Sector público,45744.53,Bolívares,Preliminar,Banco Central de Venezuela,https://www.bcv.org.ve/sites/default/files/cuentas_macroeconomicas/5_2_1_trim.xls,2026-08-02T21:23:58Z
bcv_pib_sector_institucional_trimestral,Producto interno bruto por sector institucional trimestral,Variaciones porcentuales,5_2_1_si_trim.xlsx,2007,Precios constantes,Variación porcentual interanual,Trimestral,2012-T2,2012,2,Sector institucional,Sector público,1.9551272625696186,Porcentaje,Preliminar,Banco Central de Venezuela,https://www.bcv.org.ve/sites/default/files/cuentas_macroeconomicas/5_2_1_si_trim.xlsx,2026-08-02T21:23:58Z
bcv_pib_sector_institucional_trimestral,Producto interno bruto por sector institucional trimestral,PIB por sector institucional,5_2_1_trim.xls,1997,Precios constantes,Nivel,Trimestral,2012-T3,2012,3,Sector institucional,Sector público,47090.03,Bolívares,Preliminar,Banco Central de Venezuela,https://www.bcv.org.ve/sites/default/files/cuentas_macroeconomicas/5_2_1_trim.xls,2026-08-02T21:23:58Z
bcv_pib_sector_institucional_trimestral,Producto interno bruto por sector institucional trimestral,Variaciones porcentuales,5_2_1_si_trim.xlsx,2007,Precios constantes,Variación porcentual interanual,Trimestral,2012-T3,2012,3,Sector institucional,Sector público,1.7316727241805978,Porcentaje,Preliminar,Banco Central de Venezuela,https://www.bcv.org.ve/sites/default/files/cuentas_macroeconomicas/5_2_1_si_trim.xlsx,2026-08-02T21:23:58Z
bcv_pib_sector_institucional_trimestral,Producto interno bruto por sector institucional trimestral,PIB por sector institucional,5_2_1_trim.xls,1997,Precios constantes,Nivel,Trimestral,2012-T4,2012,4,Sector institucional,Sector público,51210.11,Bolívares,Preliminar,Banco Central de Venezuela,https://www.bcv.org.ve/sites/default/files/cuentas_macroeconomicas/5_2_1_trim.xls,2026-08-02T21:23:58Z
bcv_pib_sector_institucional_trimestral,Producto interno bruto por sector institucional trimestral,Variaciones porcentuales,5_2_1_si_trim.xlsx,2007,Precios constantes,Variación porcentual interanual,Trimestral,2012-T4,2012,4,Sector institucional,Sector público,1.8792164165252814,Porcentaje,Preliminar,Banco Central de Venezuela,https://www.bcv.org.ve/sites/default/files/cuentas_macroeconomicas/5_2_1_si_trim.xlsx,2026-08-02T21:23:58Z
bcv_pib_sector_institucional_trimestral,Producto interno bruto por sector institucional trimestral,PIB por sector institucional,5_2_1_trim.xls,1997,Precios constantes,Nivel,Trimestral,2013-T1,2013,1,Sector institucional,Sector público,43598.89,Bolívares,Preliminar,Banco Central de Venezuela,https://www.bcv.org.ve/sites/default/files/cuentas_macroeconomicas/5_2_1_trim.xls,2026-08-02T21:23:58Z
bcv_pib_sector_institucional_trimestral,Producto interno bruto por sector institucional trimestral,Variaciones porcentuales,5_2_1_si_trim.xlsx,2007,Precios constantes,Variación porcentual interanual,Trimestral,2013-T1,2013,1,Sector institucional,Sector público,0.49338289736769525,Porcentaje,Preliminar,Banco Central de Venezuela,https://www.bcv.org.ve/sites/default/files/cuentas_macroeconomicas/5_2_1_si_trim.xlsx,2026-08-02T21:23:58Z
bcv_pib_sector_institucional_trimestral,Producto interno bruto por sector institucional trimestral,PIB por sector institucional,5_2_1_trim.xls,1997,Precios constantes,Nivel,Trimestral,2013-T2,2013,2,Sector institucional,Sector público,47303.85,Bolívares,Preliminar,Banco Central de Venezuela,https://www.bcv.org.ve/sites/default/files/cuentas_macroeconomicas/5_2_1_trim.xls,2026-08-02T21:23:58Z
bcv_pib_sector_institucional_trimestral,Producto interno bruto por sector institucional trimestral,Variaciones porcentuales,5_2_1_si_trim.xlsx,2007,Precios constantes,Variación porcentual interanual,Trimestral,2013-T2,2013,2,Sector institucional,Sector público,2.7292705930950234,Porcentaje,Preliminar,Banco Central de Venezuela,https://www.bcv.org.ve/sites/default/files/cuentas_macroeconomicas/5_2_1_si_trim.xlsx,2026-08-02T21:23:58Z
bcv_pib_sector_institucional_trimestral,Producto interno bruto por sector institucional trimestral,PIB por sector institucional,5_2_1_trim.xls,1997,Precios constantes,Nivel,Trimestral,2013-T3,2013,3,Sector institucional,Sector público,48303.27,Bolívares,Preliminar,Banco Central de Venezuela,https://www.bcv.org.ve/sites/default/files/cuentas_macroeconomicas/5_2_1_trim.xls,2026-08-02T21:23:58Z
bcv_pib_sector_institucional_trimestral,Producto interno bruto por sector institucional trimestral,Variaciones porcentuales,5_2_1_si_trim.xlsx,2007,Precios constantes,Variación porcentual interanual,Trimestral,2013-T3,2013,3,Sector institucional,Sector público,2.0364397387168935,Porcentaje,Preliminar,Banco Central de Venezuela,https://www.bcv.org.ve/sites/default/files/cuentas_macroeconomicas/5_2_1_si_trim.xlsx,2026-08-02T21:23:58Z
bcv_pib_sector_institucional_trimestral,Producto interno bruto por sector institucional trimestral,PIB por sector institucional,5_2_1_trim.xls,1997,Precios constantes,Nivel,Trimestral,2013-T4,2013,4,Sector institucional,Sector público,52559.77,Bolívares,Preliminar,Banco Central de Venezuela,https://www.bcv.org.ve/sites/default/files/cuentas_macroeconomicas/5_2_1_trim.xls,2026-08-02T21:23:58Z
bcv_pib_sector_institucional_trimestral,Producto interno bruto por sector institucional trimestral,Variaciones porcentuales,5_2_1_si_trim.xlsx,2007,Precios constantes,Variación porcentual interanual,Trimestral,2013-T4,2013,4,Sector institucional,Sector público,6.957035892051962,Porcentaje,Preliminar,Banco Central de Venezuela,https://www.bcv.org.ve/sites/default/files/cuentas_macroeconomicas/5_2_1_si_trim.xlsx,2026-08-02T21:23:58Z
bcv_pib_sector_institucional_trimestral,Producto interno bruto por sector institucional trimestral,PIB por sector institucional,5_2_1_trim.xls,1997,Precios constantes,Nivel,Trimestral,2014-T1,2014,1,Sector institucional,Sector público,43839.83,Bolívares,Preliminar,Banco Central de Venezuela,https://www.bcv.org.ve/sites/default/files/cuentas_macroeconomicas/5_2_1_trim.xls,2026-08-02T21:23:58Z
bcv_pib_sector_institucional_trimestral,Producto interno bruto por sector institucional trimestral,Variaciones porcentuales,5_2_1_si_trim.xlsx,2007,Precios constantes,Variación porcentual interanual,Trimestral,2014-T1,2014,1,Sector institucional,Sector público,-0.7307083475905642,Porcentaje,Preliminar,Banco Central de Venezuela,https://www.bcv.org.ve/sites/default/files/cuentas_macroeconomicas/5_2_1_si_trim.xlsx,2026-08-02T21:23:58Z
bcv_pib_sector_institucional_trimestral,Producto interno bruto por sector institucional trimestral,PIB por sector institucional,5_2_1_trim.xls,1997,Precios constantes,Nivel,Trimestral,2014-T2,2014,2,Sector institucional,Sector público,47488.66,Bolívares,Preliminar,Banco Central de Venezuela,https://www.bcv.org.ve/sites/default/files/cuentas_macroeconomicas/5_2_1_trim.xls,2026-08-02T21:23:58Z
bcv_pib_sector_institucional_trimestral,Producto interno bruto por sector institucional trimestral,Variaciones porcentuales,5_2_1_si_trim.xlsx,2007,Precios constantes,Variación porcentual interanual,Trimestral,2014-T2,2014,2,Sector institucional,Sector público,-1.2816829012629682,Porcentaje,Preliminar,Banco Central de Venezuela,https://www.bcv.org.ve/sites/default/files/cuentas_macroeconomicas/5_2_1_si_trim.xlsx,2026-08-02T21:23:58Z
bcv_pib_sector_institucional_trimestral,Producto interno bruto por sector institucional trimestral,PIB por sector institucional,5_2_1_trim.xls,1997,Precios constantes,Nivel,Trimestral,2014-T3,2014,3,Sector institucional,Sector público,48433.67,Bolívares,Preliminar,Banco Central de Venezuela,https://www.bcv.org.ve/sites/default/files/cuentas_macroeconomicas/5_2_1_trim.xls,2026-08-02T21:23:58Z
bcv_pib_sector_institucional_trimestral,Producto interno bruto por sector institucional trimestral,Variaciones porcentuales,5_2_1_si_trim.xlsx,2007,Precios constantes,Variación porcentual interanual,Trimestral,2014-T3,2014,3,Sector institucional,Sector público,-0.623275560724565,Porcentaje,Preliminar,Banco Central de Venezuela,https://www.bcv.org.ve/sites/default/files/cuentas_macroeconomicas/5_2_1_si_trim.xlsx,2026-08-02T21:23:58Z
bcv_pib_sector_institucional_trimestral,Producto interno bruto por sector institucional trimestral,PIB por sector institucional,5_2_1_trim.xls,1997,Precios constantes,Nivel,Trimestral,2014-T4,2014,4,Sector institucional,Sector público,52086.6,Bolívares,Preliminar,Banco Central de Venezuela,https://www.bcv.org.ve/sites/default/files/cuentas_macroeconomicas/5_2_1_trim.xls,2026-08-02T21:23:58Z
bcv_pib_sector_institucional_trimestral,Producto interno bruto por sector institucional trimestral,Variaciones porcentuales,5_2_1_si_trim.xlsx,2007,Precios constantes,Variación porcentual interanual,Trimestral,2014-T4,2014,4,Sector institucional,Sector público,-3.0193470335414077,Porcentaje,Preliminar,Banco Central de Venezuela,https://www.bcv.org.ve/sites/default/files/cuentas_macroeconomicas/5_2_1_si_trim.xlsx,2026-08-02T21:23:58Z
bcv_pib_sector_institucional_trimestral,Producto interno bruto por sector institucional trimestral,PIB por sector institucional,5_2_1_trim.xls,1997,Precios constantes,Nivel,Trimestral,2015-T1,2015,1,Sector institucional,Sector público,44438.37,Bolívares,Preliminar,Banco Central de Venezuela,https://www.bcv.org.ve/sites/default/files/cuentas_macroeconomicas/5_2_1_trim.xls,2026-08-02T21:23:58Z
bcv_pib_sector_institucional_trimestral,Producto interno bruto por sector institucional trimestral,Variaciones porcentuales,5_2_1_si_trim.xlsx,2007,Precios constantes,Variación porcentual interanual,Trimestral,2015-T1,2015,1,Sector institucional,Sector público,1.3675339919049208,Porcentaje,Preliminar,Banco Central de Venezuela,https://www.bcv.org.ve/sites/default/files/cuentas_macroeconomicas/5_2_1_si_trim.xlsx,2026-08-02T21:23:58Z
bcv_pib_sector_institucional_trimestral,Producto interno bruto por sector institucional trimestral,PIB por sector institucional,5_2_1_trim.xls,1997,Precios constantes,Nivel,Trimestral,2015-T2,2015,2,Sector institucional,Sector público,47726.38,Bolívares,Preliminar,Banco Central de Venezuela,https://www.bcv.org.ve/sites/default/files/cuentas_macroeconomicas/5_2_1_trim.xls,2026-08-02T21:23:58Z
bcv_pib_sector_institucional_trimestral,Producto interno bruto por sector institucional trimestral,Variaciones porcentuales,5_2_1_si_trim.xlsx,2007,Precios constantes,Variación porcentual interanual,Trimestral,2015-T2,2015,2,Sector institucional,Sector público,-0.22166101227951174,Porcentaje,Preliminar,Banco Central de Venezuela,https://www.bcv.org.ve/sites/default/files/cuentas_macroeconomicas/5_2_1_si_trim.xlsx,2026-08-02T21:23:58Z
bcv_pib_sector_institucional_trimestral,Producto interno bruto por sector institucional trimestral,PIB por sector institucional,5_2_1_trim.xls,1997,Precios constantes,Nivel,Trimestral,2015-T3,2015,3,Sector institucional,Sector público,48994.03,Bolívares,Preliminar,Banco Central de Venezuela,https://www.bcv.org.ve/sites/default/files/cuentas_macroeconomicas/5_2_1_trim.xls,2026-08-02T21:23:58Z
bcv_pib_sector_institucional_trimestral,Producto interno bruto por sector institucional trimestral,Variaciones porcentuales,5_2_1_si_trim.xlsx,2007,Precios constantes,Variación porcentual interanual,Trimestral,2015-T3,2015,3,Sector institucional,Sector público,-0.6784871096712095,Porcentaje,Preliminar,Banco Central de Venezuela,https://www.bcv.org.ve/sites/default/files/cuentas_macroeconomicas/5_2_1_si_trim.xlsx,2026-08-02T21:23:58Z
bcv_pib_sector_institucional_trimestral,Producto interno bruto por sector institucional trimestral,PIB por sector institucional,5_2_1_trim.xls,1997,Precios constantes,Nivel,Trimestral,2015-T4,2015,4,Sector institucional,Sector público,53040.18,Bolívares,Preliminar,Banco Central de Venezuela,https://www.bcv.org.ve/sites/default/files/cuentas_macroeconomicas/5_2_1_trim.xls,2026-08-02T21:23:58Z
bcv_pib_sector_institucional_trimestral,Producto interno bruto por sector institucional trimestral,Variaciones porcentuales,5_2_1_si_trim.xlsx,2007,Precios constantes,Variación porcentual interanual,Trimestral,2015-T4,2015,4,Sector institucional,Sector público,-2.5767477606110134,Porcentaje,Preliminar,Banco Central de Venezuela,https://www.bcv.org.ve/sites/default/files/cuentas_macroeconomicas/5_2_1_si_trim.xlsx,2026-08-02T21:23:58Z
bcv_pib_sector_institucional_trimestral,Producto interno bruto por sector institucional trimestral,PIB por sector institucional,5_2_1_trim.xls,1997,Precios constantes,Nivel,Trimestral,2016-T1,2016,1,Sector institucional,Sector público,43218.24,Bolívares,Preliminar,Banco Central de Venezuela,https://www.bcv.org.ve/sites/default/files/cuentas_macroeconomicas/5_2_1_trim.xls,2026-08-02T21:23:58Z
bcv_pib_sector_institucional_trimestral,Producto interno bruto por sector institucional trimestral,Variaciones porcentuales,5_2_1_si_trim.xlsx,2007,Precios constantes,Variación porcentual interanual,Trimestral,2016-T1,2016,1,Sector institucional,Sector público,-5.624202108334558,Porcentaje,Preliminar,Banco Central de Venezuela,https://www.bcv.org.ve/sites/default/files/cuentas_macroeconomicas/5_2_1_si_trim.xlsx,2026-08-02T21:23:58Z
bcv_pib_sector_institucional_trimestral,Producto interno bruto por sector institucional trimestral,PIB por sector institucional,5_2_1_trim.xls,1997,Precios constantes,Nivel,Trimestral,2016-T2,2016,2,Sector institucional,Sector público,44490.4,Bolívares,Preliminar,Banco Central de Venezuela,https://www.bcv.org.ve/sites/default/files/cuentas_macroeconomicas/5_2_1_trim.xls,2026-08-02T21:23:58Z
bcv_pib_sector_institucional_trimestral,Producto interno bruto por sector institucional trimestral,Variaciones porcentuales,5_2_1_si_trim.xlsx,2007,Precios constantes,Variación porcentual interanual,Trimestral,2016-T2,2016,2,Sector institucional,Sector público,-9.87065904652178,Porcentaje,Preliminar,Banco Central de Venezuela,https://www.bcv.org.ve/sites/default/files/cuentas_macroeconomicas/5_2_1_si_trim.xlsx,2026-08-02T21:23:58Z
bcv_pib_sector_institucional_trimestral,Producto interno bruto por sector institucional trimestral,PIB por sector institucional,5_2_1_trim.xls,1997,Precios constantes,Nivel,Trimestral,2016-T3,2016,3,Sector institucional,Sector público,46454.29,Bolívares,Preliminar,Banco Central de Venezuela,https://www.bcv.org.ve/sites/default/files/cuentas_macroeconomicas/5_2_1_trim.xls,2026-08-02T21:23:58Z
bcv_pib_sector_institucional_trimestral,Producto interno bruto por sector institucional trimestral,Variaciones porcentuales,5_2_1_si_trim.xlsx,2007,Precios constantes,Variación porcentual interanual,Trimestral,2016-T3,2016,3,Sector institucional,Sector público,-11.06781669100475,Porcentaje,Preliminar,Banco Central de Venezuela,https://www.bcv.org.ve/sites/default/files/cuentas_macroeconomicas/5_2_1_si_trim.xlsx,2026-08-02T21:23:58Z
bcv_pib_sector_institucional_trimestral,Producto interno bruto por sector institucional trimestral,PIB por sector institucional,5_2_1_trim.xls,1997,Precios constantes,Nivel,Trimestral,2016-T4,2016,4,Sector institucional,Sector público,50600.74,Bolívares,Preliminar,Banco Central de Venezuela,https://www.bcv.org.ve/sites/default/files/cuentas_macroeconomicas/5_2_1_trim.xls,2026-08-02T21:23:58Z
bcv_pib_sector_institucional_trimestral,Producto interno bruto por sector institucional trimestral,Variaciones porcentuales,5_2_1_si_trim.xlsx,2007,Precios constantes,Variación porcentual interanual,Trimestral,2016-T4,2016,4,Sector institucional,Sector público,-8.790153671015716,Porcentaje,Preliminar,Banco Central de Venezuela,https://www.bcv.org.ve/sites/default/files/cuentas_macroeconomicas/5_2_1_si_trim.xlsx,2026-08-02T21:23:58Z
bcv_pib_sector_institucional_trimestral,Producto interno bruto por sector institucional trimestral,PIB por sector institucional,5_2_1_trim.xls,1997,Precios constantes,Nivel,Trimestral,2017-T1,2017,1,Sector institucional,Sector público,41107.13,Bolívares,Preliminar,Banco Central de Venezuela,https://www.bcv.org.ve/sites/default/files/cuentas_macroeconomicas/5_2_1_trim.xls,2026-08-02T21:23:58Z
bcv_pib_sector_institucional_trimestral,Producto interno bruto por sector institucional trimestral,Variaciones porcentuales,5_2_1_si_trim.xlsx,2007,Precios constantes,Variación porcentual interanual,Trimestral,2017-T1,2017,1,Sector institucional,Sector público,-7.127830315192114,Porcentaje,Preliminar,Banco Central de Venezuela,https://www.bcv.org.ve/sites/default/files/cuentas_macroeconomicas/5_2_1_si_trim.xlsx,2026-08-02T21:23:58Z
bcv_pib_sector_institucional_trimestral,Producto interno bruto por sector institucional trimestral,PIB por sector institucional,5_2_1_trim.xls,1997,Precios constantes,Nivel,Trimestral,2017-T2,2017,2,Sector institucional,Sector público,41908.68,Bolívares,Preliminar,Banco Central de Venezuela,https://www.bcv.org.ve/sites/default/files/cuentas_macroeconomicas/5_2_1_trim.xls,2026-08-02T21:23:58Z
bcv_pib_sector_institucional_trimestral,Producto interno bruto por sector institucional trimestral,Variaciones porcentuales,5_2_1_si_trim.xlsx,2007,Precios constantes,Variación porcentual interanual,Trimestral,2017-T2,2017,2,Sector institucional,Sector público,-7.801001497539403,Porcentaje,Preliminar,Banco Central de Venezuela,https://www.bcv.org.ve/sites/default/files/cuentas_macroeconomicas/5_2_1_si_trim.xlsx,2026-08-02T21:23:58Z
bcv_pib_sector_institucional_trimestral,Producto interno bruto por sector institucional trimestral,PIB por sector institucional,5_2_1_trim.xls,1997,Precios constantes,Nivel,Trimestral,2017-T3,2017,3,Sector institucional,Sector público,42683.29,Bolívares,Preliminar,Banco Central de Venezuela,https://www.bcv.org.ve/sites/default/files/cuentas_macroeconomicas/5_2_1_trim.xls,2026-08-02T21:23:58Z
bcv_pib_sector_institucional_trimestral,Producto interno bruto por sector institucional trimestral,Variaciones porcentuales,5_2_1_si_trim.xlsx,2007,Precios constantes,Variación porcentual interanual,Trimestral,2017-T3,2017,3,Sector institucional,Sector público,-9.359575376698402,Porcentaje,Preliminar,Banco Central de Venezuela,https://www.bcv.org.ve/sites/default/files/cuentas_macroeconomicas/5_2_1_si_trim.xlsx,2026-08-02T21:23:58Z
bcv_pib_sector_institucional_trimestral,Producto interno bruto por sector institucional trimestral,PIB por sector institucional,5_2_1_trim.xls,1997,Precios constantes,Nivel,Trimestral,2017-T4,2017,4,Sector institucional,Sector público,45607.15,Bolívares,Preliminar,Banco Central de Venezuela,https://www.bcv.org.ve/sites/default/files/cuentas_macroeconomicas/5_2_1_trim.xls,2026-08-02T21:23:58Z
bcv_pib_sector_institucional_trimestral,Producto interno bruto por sector institucional trimestral,Variaciones porcentuales,5_2_1_si_trim.xlsx,2007,Precios constantes,Variación porcentual interanual,Trimestral,2017-T4,2017,4,Sector institucional,Sector público,-13.74418610647868,Porcentaje,Preliminar,Banco Central de Venezuela,https://www.bcv.org.ve/sites/default/files/cuentas_macroeconomicas/5_2_1_si_trim.xlsx,2026-08-02T21:23:58Z
bcv_pib_sector_institucional_trimestral,Producto interno bruto por sector institucional trimestral,PIB por sector institucional,5_2_1_trim.xls,1997,Precios constantes,Nivel,Trimestral,2018-T1,2018,1,Sector institucional,Sector público,34923.74,Bolívares,Preliminar,Banco Central de Venezuela,https://www.bcv.org.ve/sites/default/files/cuentas_macroeconomicas/5_2_1_trim.xls,2026-08-02T21:23:58Z
bcv_pib_sector_institucional_trimestral,Producto interno bruto por sector institucional trimestral,Variaciones porcentuales,5_2_1_si_trim.xlsx,2007,Precios constantes,Variación porcentual interanual,Trimestral,2018-T1,2018,1,Sector institucional,Sector público,-21.41782752557809,Porcentaje,Preliminar,Banco Central de Venezuela,https://www.bcv.org.ve/sites/default/files/cuentas_macroeconomicas/5_2_1_si_trim.xlsx,2026-08-02T21:23:58Z
bcv_pib_sector_institucional_trimestral,Producto interno bruto por sector institucional trimestral,PIB por sector institucional,5_2_1_trim.xls,1997,Precios constantes,Nivel,Trimestral,2018-T2,2018,2,Sector institucional,Sector público,34851.88,Bolívares,Preliminar,Banco Central de Venezuela,https://www.bcv.org.ve/sites/default/files/cuentas_macroeconomicas/5_2_1_trim.xls,2026-08-02T21:23:58Z
bcv_pib_sector_institucional_trimestral,Producto interno bruto por sector institucional trimestral,Variaciones porcentuales,5_2_1_si_trim.xlsx,2007,Precios constantes,Variación porcentual interanual,Trimestral,2018-T2,2018,2,Sector institucional,Sector público,-22.72284957845598,Porcentaje,Preliminar,Banco Central de Venezuela,https://www.bcv.org.ve/sites/default/files/cuentas_macroeconomicas/5_2_1_si_trim.xlsx,2026-08-02T21:23:58Z
bcv_pib_sector_institucional_trimestral,Producto interno bruto por sector institucional trimestral,PIB por sector institucional,5_2_1_trim.xls,1997,Precios constantes,Nivel,Trimestral,2018-T3,2018,3,Sector institucional,Sector público,36213.34,Bolívares,Preliminar,Banco Central de Venezuela,https://www.bcv.org.ve/sites/default/files/cuentas_macroeconomicas/5_2_1_trim.xls,2026-08-02T21:23:58Z
bcv_pib_sector_institucional_trimestral,Producto interno bruto por sector institucional trimestral,Variaciones porcentuales,5_2_1_si_trim.xlsx,2007,Precios constantes,Variación porcentual interanual,Trimestral,2018-T3,2018,3,Sector institucional,Sector público,-20.52926947184129,Porcentaje,Preliminar,Banco Central de Venezuela,https://www.bcv.org.ve/sites/default/files/cuentas_macroeconomicas/5_2_1_si_trim.xlsx,2026-08-02T21:23:58Z
bcv_pib_sector_institucional_trimestral,Producto interno bruto por sector institucional trimestral,PIB por sector institucional,5_2_1_trim.xls,1997,Precios constantes,Nivel,Trimestral,2018-T4,2018,4,Sector institucional,Sector público,40407.46,Bolívares,Preliminar,Banco Central de Venezuela,https://www.bcv.org.ve/sites/default/files/cuentas_macroeconomicas/5_2_1_trim.xls,2026-08-02T21:23:58Z
bcv_pib_sector_institucional_trimestral,Producto interno bruto por sector institucional trimestral,Variaciones porcentuales,5_2_1_si_trim.xlsx,2007,Precios constantes,Variación porcentual interanual,Trimestral,2018-T4,2018,4,Sector institucional,Sector público,-13.530197816881113,Porcentaje,Preliminar,Banco Central de Venezuela,https://www.bcv.org.ve/sites/default/files/cuentas_macroeconomicas/5_2_1_si_trim.xlsx,2026-08-02T21:23:58Z
bcv_pib_sector_institucional_trimestral,Producto interno bruto por sector institucional trimestral,PIB por sector institucional,5_2_1_trim.xls,1997,Precios constantes,Nivel,Trimestral,2019-T1,2019,1,Sector institucional,Sector público,28116.94,Bolívares,Preliminar,Banco Central de Venezuela,https://www.bcv.org.ve/sites/default/files/cuentas_macroeconomicas/5_2_1_trim.xls,2026-08-02T21:23:58Z
bcv_pib_sector_institucional_trimestral,Producto interno bruto por sector institucional trimestral,Variaciones porcentuales,5_2_1_si_trim.xlsx,2007,Precios constantes,Variación porcentual interanual,Trimestral,2019-T1,2019,1,Sector institucional,Sector público,-23.38138988052006,Porcentaje,Preliminar,Banco Central de Venezuela,https://www.bcv.org.ve/sites/default/files/cuentas_macroeconomicas/5_2_1_si_trim.xlsx,2026-08-02T21:23:58Z
bcv_pib_sector_institucional_trimestral,Producto interno bruto por sector institucional trimestral,Variaciones porcentuales,5_2_1_si_trim.xlsx,2007,Precios constantes,Variación porcentual interanual,Trimestral,2019-T2,2019,2,Sector institucional,Sector público,-28.006673173678394,Porcentaje,Preliminar,Banco Central de Venezuela,https://www.bcv.org.ve/sites/default/files/cuentas_macroeconomicas/5_2_1_si_trim.xlsx,2026-08-02T21:23:58Z
bcv_pib_sector_institucional_trimestral,Producto interno bruto por sector institucional trimestral,Variaciones porcentuales,5_2_1_si_trim.xlsx,2007,Precios constantes,Variación porcentual interanual,Trimestral,2019-T3,2019,3,Sector institucional,Sector público,-34.98248974333957,Porcentaje,Preliminar,Banco Central de Venezuela,https://www.bcv.org.ve/sites/default/files/cuentas_macroeconomicas/5_2_1_si_trim.xlsx,2026-08-02T21:23:58Z
bcv_pib_sector_institucional_trimestral,Producto interno bruto por sector institucional trimestral,Variaciones porcentuales,5_2_1_si_trim.xlsx,2007,Precios constantes,Variación porcentual interanual,Trimestral,2019-T4,2019,4,Sector institucional,Sector público,-32.59028500884018,Porcentaje,Preliminar,Banco Central de Venezuela,https://www.bcv.org.ve/sites/default/files/cuentas_macroeconomicas/5_2_1_si_trim.xlsx,2026-08-02T21:23:58Z
bcv_pib_sector_institucional_trimestral,Producto interno bruto por sector institucional trimestral,Variaciones porcentuales,5_2_1_si_trim.xlsx,2007,Precios constantes,Variación porcentual interanual,Trimestral,2020-T1,2020,1,Sector institucional,Sector público,-26.99427310022196,Porcentaje,Preliminar,Banco Central de Venezuela,https://www.bcv.org.ve/sites/default/files/cuentas_macroeconomicas/5_2_1_si_trim.xlsx,2026-08-02T21:23:58Z
bcv_pib_sector_institucional_trimestral,Producto interno bruto por sector institucional trimestral,Variaciones porcentuales,5_2_1_si_trim.xlsx,2007,Precios constantes,Variación porcentual interanual,Trimestral,2020-T2,2020,2,Sector institucional,Sector público,-49.54899657326825,Porcentaje,Preliminar,Banco Central de Venezuela,https://www.bcv.org.ve/sites/default/files/cuentas_macroeconomicas/5_2_1_si_trim.xlsx,2026-08-02T21:23:58Z
bcv_pib_sector_institucional_trimestral,Producto interno bruto por sector institucional trimestral,Variaciones porcentuales,5_2_1_si_trim.xlsx,2007,Precios constantes,Variación porcentual interanual,Trimestral,2020-T3,2020,3,Sector institucional,Sector público,-51.006894217427664,Porcentaje,Preliminar,Banco Central de Venezuela,https://www.bcv.org.ve/sites/default/files/cuentas_macroeconomicas/5_2_1_si_trim.xlsx,2026-08-02T21:23:58Z
bcv_pib_sector_institucional_trimestral,Producto interno bruto por sector institucional trimestral,Variaciones porcentuales,5_2_1_si_trim.xlsx,2007,Precios constantes,Variación porcentual interanual,Trimestral,2020-T4,2020,4,Sector institucional,Sector público,-47.06126676170596,Porcentaje,Preliminar,Banco Central de Venezuela,https://www.bcv.org.ve/sites/default/files/cuentas_macroeconomicas/5_2_1_si_trim.xlsx,2026-08-02T21:23:58Z
bcv_pib_sector_institucional_trimestral,Producto interno bruto por sector institucional trimestral,Variaciones porcentuales,5_2_1_si_trim.xlsx,2007,Precios constantes,Variación porcentual interanual,Trimestral,2021-T1,2021,1,Sector institucional,Sector público,-36.725517959843344,Porcentaje,Preliminar,Banco Central de Venezuela,https://www.bcv.org.ve/sites/default/files/cuentas_macroeconomicas/5_2_1_si_trim.xlsx,2026-08-02T21:23:58Z
bcv_pib_sector_institucional_trimestral,Producto interno bruto por sector institucional trimestral,Variaciones porcentuales,5_2_1_si_trim.xlsx,2007,Precios constantes,Variación porcentual interanual,Trimestral,2021-T2,2021,2,Sector institucional,Sector público,1.4492143178689076,Porcentaje,Preliminar,Banco Central de Venezuela,https://www.bcv.org.ve/sites/default/files/cuentas_macroeconomicas/5_2_1_si_trim.xlsx,2026-08-02T21:23:58Z
bcv_pib_sector_institucional_trimestral,Producto interno bruto por sector institucional trimestral,Variaciones porcentuales,5_2_1_si_trim.xlsx,2007,Precios constantes,Variación porcentual interanual,Trimestral,2021-T3,2021,3,Sector institucional,Sector público,24.927747725437285,Porcentaje,Preliminar,Banco Central de Venezuela,https://www.bcv.org.ve/sites/default/files/cuentas_macroeconomicas/5_2_1_si_trim.xlsx,2026-08-02T21:23:58Z
bcv_pib_sector_institucional_trimestral,Producto interno bruto por sector institucional trimestral,Variaciones porcentuales,5_2_1_si_trim.xlsx,2007,Precios constantes,Variación porcentual interanual,Trimestral,2021-T4,2021,4,Sector institucional,Sector público,25.198916788660597,Porcentaje,Preliminar,Banco Central de Venezuela,https://www.bcv.org.ve/sites/default/files/cuentas_macroeconomicas/5_2_1_si_trim.xlsx,2026-08-02T21:23:58Z
bcv_pib_sector_institucional_trimestral,Producto interno bruto por sector institucional trimestral,Variaciones porcentuales,5_2_1_si_trim.xlsx,2007,Precios constantes,Variación porcentual interanual,Trimestral,2022-T1,2022,1,Sector institucional,Sector público,23.913758834326956,Porcentaje,Preliminar,Banco Central de Venezuela,https://www.bcv.org.ve/sites/default/files/cuentas_macroeconomicas/5_2_1_si_trim.xlsx,2026-08-02T21:23:58Z
bcv_pib_sector_institucional_trimestral,Producto interno bruto por sector institucional trimestral,Variaciones porcentuales,5_2_1_si_trim.xlsx,2007,Precios constantes,Variación porcentual interanual,Trimestral,2022-T2,2022,2,Sector institucional,Sector público,23.87881870347887,Porcentaje,Preliminar,Banco Central de Venezuela,https://www.bcv.org.ve/sites/default/files/cuentas_macroeconomicas/5_2_1_si_trim.xlsx,2026-08-02T21:23:58Z
bcv_pib_sector_institucional_trimestral,Producto interno bruto por sector institucional trimestral,Variaciones porcentuales,5_2_1_si_trim.xlsx,2007,Precios constantes,Variación porcentual interanual,Trimestral,2022-T3,2022,3,Sector institucional,Sector público,12.59327374098882,Porcentaje,Preliminar,Banco Central de Venezuela,https://www.bcv.org.ve/sites/default/files/cuentas_macroeconomicas/5_2_1_si_trim.xlsx,2026-08-02T21:23:58Z
bcv_pib_sector_institucional_trimestral,Producto interno bruto por sector institucional trimestral,Variaciones porcentuales,5_2_1_si_trim.xlsx,2007,Precios constantes,Variación porcentual interanual,Trimestral,2022-T4,2022,4,Sector institucional,Sector público,-1.5021063926616591,Porcentaje,Preliminar,Banco Central de Venezuela,https://www.bcv.org.ve/sites/default/files/cuentas_macroeconomicas/5_2_1_si_trim.xlsx,2026-08-02T21:23:58Z
bcv_pib_sector_institucional_trimestral,Producto interno bruto por sector institucional trimestral,Variaciones porcentuales,5_2_1_si_trim.xlsx,2007,Precios constantes,Variación porcentual interanual,Trimestral,2023-T1,2023,1,Sector institucional,Sector público,-1.180533890050711,Porcentaje,Preliminar,Banco Central de Venezuela,https://www.bcv.org.ve/sites/default/files/cuentas_macroeconomicas/5_2_1_si_trim.xlsx,2026-08-02T21:23:58Z
bcv_pib_sector_institucional_trimestral,Producto interno bruto por sector institucional trimestral,Variaciones porcentuales,5_2_1_si_trim.xlsx,2007,Precios constantes,Variación porcentual interanual,Trimestral,2023-T2,2023,2,Sector institucional,Sector público,2.3734324859211426,Porcentaje,Preliminar,Banco Central de Venezuela,https://www.bcv.org.ve/sites/default/files/cuentas_macroeconomicas/5_2_1_si_trim.xlsx,2026-08-02T21:23:58Z
bcv_pib_sector_institucional_trimestral,Producto interno bruto por sector institucional trimestral,Variaciones porcentuales,5_2_1_si_trim.xlsx,2007,Precios constantes,Variación porcentual interanual,Trimestral,2023-T3,2023,3,Sector institucional,Sector público,7.6522360163733225,Porcentaje,Preliminar,Banco Central de Venezuela,https://www.bcv.org.ve/sites/default/files/cuentas_macroeconomicas/5_2_1_si_trim.xlsx,2026-08-02T21:23:58Z
bcv_pib_sector_institucional_trimestral,Producto interno bruto por sector institucional trimestral,Variaciones porcentuales,5_2_1_si_trim.xlsx,2007,Precios constantes,Variación porcentual interanual,Trimestral,2023-T4,2023,4,Sector institucional,Sector público,4.650934088283691,Porcentaje,Preliminar,Banco Central de Venezuela,https://www.bcv.org.ve/sites/default/files/cuentas_macroeconomicas/5_2_1_si_trim.xlsx,2026-08-02T21:23:58Z
bcv_pib_sector_institucional_trimestral,Producto interno bruto por sector institucional trimestral,Variaciones porcentuales,5_2_1_si_trim.xlsx,2007,Precios constantes,Variación porcentual interanual,Trimestral,2024-T1,2024,1,Sector institucional,Sector público,10.38349956710205,Porcentaje,Preliminar,Banco Central de Venezuela,https://www.bcv.org.ve/sites/default/files/cuentas_macroeconomicas/5_2_1_si_trim.xlsx,2026-08-02T21:23:58Z
bcv_pib_sector_institucional_trimestral,Producto interno bruto por sector institucional trimestral,Variaciones porcentuales,5_2_1_si_trim.xlsx,2007,Precios constantes,Variación porcentual interanual,Trimestral,2024-T2,2024,2,Sector institucional,Sector público,8.17473893161636,Porcentaje,Preliminar,Banco Central de Venezuela,https://www.bcv.org.ve/sites/default/files/cuentas_macroeconomicas/5_2_1_si_trim.xlsx,2026-08-02T21:23:58Z
bcv_pib_sector_institucional_trimestral,Producto interno bruto por sector institucional trimestral,Variaciones porcentuales,5_2_1_si_trim.xlsx,2007,Precios constantes,Variación porcentual interanual,Trimestral,2024-T3,2024,3,Sector institucional,Sector público,8.850982512795952,Porcentaje,Preliminar,Banco Central de Venezuela,https://www.bcv.org.ve/sites/default/files/cuentas_macroeconomicas/5_2_1_si_trim.xlsx,2026-08-02T21:23:58Z
bcv_pib_sector_institucional_trimestral,Producto interno bruto por sector institucional trimestral,Variaciones porcentuales,5_2_1_si_trim.xlsx,2007,Precios constantes,Variación porcentual interanual,Trimestral,2024-T4,2024,4,Sector institucional,Sector público,9.716835288777332,Porcentaje,Preliminar,Banco Central de Venezuela,https://www.bcv.org.ve/sites/default/files/cuentas_macroeconomicas/5_2_1_si_trim.xlsx,2026-08-02T21:23:58Z
bcv_pib_sector_institucional_trimestral,Producto interno bruto por sector institucional trimestral,Variaciones porcentuales,5_2_1_si_trim.xlsx,2007,Precios constantes,Variación porcentual interanual,Trimestral,2025-T1,2025,1,Sector institucional,Sector público,10.193701977115708,Porcentaje,Preliminar,Banco Central de Venezuela,https://www.bcv.org.ve/sites/default/files/cuentas_macroeconomicas/5_2_1_si_trim.xlsx,2026-08-02T21:23:58Z
bcv_pib_sector_institucional_trimestral,Producto interno bruto por sector institucional trimestral,Variaciones porcentuales,5_2_1_si_trim.xlsx,2007,Precios constantes,Variación porcentual interanual,Trimestral,2025-T2,2025,2,Sector institucional,Sector público,8.798035041252277,Porcentaje,Preliminar,Banco Central de Venezuela,https://www.bcv.org.ve/sites/default/files/cuentas_macroeconomicas/5_2_1_si_trim.xlsx,2026-08-02T21:23:58Z
bcv_pib_sector_institucional_trimestral,Producto interno bruto por sector institucional trimestral,Variaciones porcentuales,5_2_1_si_trim.xlsx,2007,Precios constantes,Variación porcentual interanual,Trimestral,2025-T3,2025,3,Sector institucional,Sector público,10.145588804108542,Porcentaje,Preliminar,Banco Central de Venezuela,https://www.bcv.org.ve/sites/default/files/cuentas_macroeconomicas/5_2_1_si_trim.xlsx,2026-08-02T21:23:58Z
bcv_pib_sector_institucional_trimestral,Producto interno bruto por sector institucional trimestral,Variaciones porcentuales,5_2_1_si_trim.xlsx,2007,Precios constantes,Variación porcentual interanual,Trimestral,2025-T4,2025,4,Sector institucional,Sector público,8.998476971884799,Porcentaje,Preliminar,Banco Central de Venezuela,https://www.bcv.org.ve/sites/default/files/cuentas_macroeconomicas/5_2_1_si_trim.xlsx,2026-08-02T21:23:58Z
bcv_pib_sector_institucional_trimestral,Producto interno bruto por sector institucional trimestral,Variaciones porcentuales,5_2_1_si_trim.xlsx,2007,Precios constantes,Variación porcentual interanual,Trimestral,2026-T1,2026,1,Sector institucional,Sector público,-0.6760067978349156,Porcentaje,Preliminar,Banco Central de Venezuela,https://www.bcv.org.ve/sites/default/files/cuentas_macroeconomicas/5_2_1_si_trim.xlsx,2026-08-02T21:23:58Z
bcv_pib_sector_institucional_trimestral,Producto interno bruto por sector institucional trimestral,PIB por sector institucional,5_2_1_trim.xls,1997,Precios constantes,Nivel,Trimestral,1997-T1,1997,1,Sector institucional,Total,98087.71,Bolívares,Preliminar,Banco Central de Venezuela,https://www.bcv.org.ve/sites/default/files/cuentas_macroeconomicas/5_2_1_trim.xls,2026-08-02T21:23:58Z
bcv_pib_sector_institucional_trimestral,Producto interno bruto por sector institucional trimestral,PIB por sector institucional,5_2_1_trim.xls,1997,Precios constantes,Nivel,Trimestral,1997-T2,1997,2,Sector institucional,Total,103243.27,Bolívares,Preliminar,Banco Central de Venezuela,https://www.bcv.org.ve/sites/default/files/cuentas_macroeconomicas/5_2_1_trim.xls,2026-08-02T21:23:58Z
bcv_pib_sector_institucional_trimestral,Producto interno bruto por sector institucional trimestral,PIB por sector institucional,5_2_1_trim.xls,1997,Precios constantes,Nivel,Trimestral,1997-T3,1997,3,Sector institucional,Total,106967.75399999999,Bolívares,Preliminar,Banco Central de Venezuela,https://www.bcv.org.ve/sites/default/files/cuentas_macroeconomicas/5_2_1_trim.xls,2026-08-02T21:23:58Z
bcv_pib_sector_institucional_trimestral,Producto interno bruto por sector institucional trimestral,PIB por sector institucional,5_2_1_trim.xls,1997,Precios constantes,Nivel,Trimestral,1997-T4,1997,4,Sector institucional,Total,111132.78,Bolívares,Preliminar,Banco Central de Venezuela,https://www.bcv.org.ve/sites/default/files/cuentas_macroeconomicas/5_2_1_trim.xls,2026-08-02T21:23:58Z
bcv_pib_sector_institucional_trimestral,Producto interno bruto por sector institucional trimestral,PIB por sector institucional,5_2_1_trim.xls,1997,Precios constantes,Nivel,Trimestral,1998-T1,1998,1,Sector institucional,Total,105538.35,Bolívares,Preliminar,Banco Central de Venezuela,https://www.bcv.org.ve/sites/default/files/cuentas_macroeconomicas/5_2_1_trim.xls,2026-08-02T21:23:58Z
bcv_pib_sector_institucional_trimestral,Producto interno bruto por sector institucional trimestral,PIB por sector institucional,5_2_1_trim.xls,1997,Precios constantes,Nivel,Trimestral,1998-T2,1998,2,Sector institucional,Total,106037.91,Bolívares,Preliminar,Banco Central de Venezuela,https://www.bcv.org.ve/sites/default/files/cuentas_macroeconomicas/5_2_1_trim.xls,2026-08-02T21:23:58Z
bcv_pib_sector_institucional_trimestral,Producto interno bruto por sector institucional trimestral,PIB por sector institucional,5_2_1_trim.xls,1997,Precios constantes,Nivel,Trimestral,1998-T3,1998,3,Sector institucional,Total,103187.65000000001,Bolívares,Preliminar,Banco Central de Venezuela,https://www.bcv.org.ve/sites/default/files/cuentas_macroeconomicas/5_2_1_trim.xls,2026-08-02T21:23:58Z
bcv_pib_sector_institucional_trimestral,Producto interno bruto por sector institucional trimestral,PIB por sector institucional,5_2_1_trim.xls,1997,Precios constantes,Nivel,Trimestral,1998-T4,1998,4,Sector institucional,Total,105900.96,Bolívares,Preliminar,Banco Central de Venezuela,https://www.bcv.org.ve/sites/default/files/cuentas_macroeconomicas/5_2_1_trim.xls,2026-08-02T21:23:58Z
bcv_pib_sector_institucional_trimestral,Producto interno bruto por sector institucional trimestral,PIB por sector institucional,5_2_1_trim.xls,1997,Precios constantes,Nivel,Trimestral,1999-T1,1999,1,Sector institucional,Total,96187.62999999999,Bolívares,Preliminar,Banco Central de Venezuela,https://www.bcv.org.ve/sites/default/files/cuentas_macroeconomicas/5_2_1_trim.xls,2026-08-02T21:23:58Z
bcv_pib_sector_institucional_trimestral,Producto interno bruto por sector institucional trimestral,PIB por sector institucional,5_2_1_trim.xls,1997,Precios constantes,Nivel,Trimestral,1999-T2,1999,2,Sector institucional,Total,96814.38,Bolívares,Preliminar,Banco Central de Venezuela,https://www.bcv.org.ve/sites/default/files/cuentas_macroeconomicas/5_2_1_trim.xls,2026-08-02T21:23:58Z
bcv_pib_sector_institucional_trimestral,Producto interno bruto por sector institucional trimestral,PIB por sector institucional,5_2_1_trim.xls,1997,Precios constantes,Nivel,Trimestral,1999-T3,1999,3,Sector institucional,Total,98762.68,Bolívares,Preliminar,Banco Central de Venezuela,https://www.bcv.org.ve/sites/default/files/cuentas_macroeconomicas/5_2_1_trim.xls,2026-08-02T21:23:58Z
bcv_pib_sector_institucional_trimestral,Producto interno bruto por sector institucional trimestral,PIB por sector institucional,5_2_1_trim.xls,1997,Precios constantes,Nivel,Trimestral,1999-T4,1999,4,Sector institucional,Total,103784.56000000001,Bolívares,Preliminar,Banco Central de Venezuela,https://www.bcv.org.ve/sites/default/files/cuentas_macroeconomicas/5_2_1_trim.xls,2026-08-02T21:23:58Z
bcv_pib_sector_institucional_trimestral,Producto interno bruto por sector institucional trimestral,PIB por sector institucional,5_2_1_trim.xls,1997,Precios constantes,Nivel,Trimestral,2000-T1,2000,1,Sector institucional,Total,99342.63,Bolívares,Preliminar,Banco Central de Venezuela,https://www.bcv.org.ve/sites/default/files/cuentas_macroeconomicas/5_2_1_trim.xls,2026-08-02T21:23:58Z
bcv_pib_sector_institucional_trimestral,Producto interno bruto por sector institucional trimestral,PIB por sector institucional,5_2_1_trim.xls,1997,Precios constantes,Nivel,Trimestral,2000-T2,2000,2,Sector institucional,Total,100329.48000000001,Bolívares,Preliminar,Banco Central de Venezuela,https://www.bcv.org.ve/sites/default/files/cuentas_macroeconomicas/5_2_1_trim.xls,2026-08-02T21:23:58Z
bcv_pib_sector_institucional_trimestral,Producto interno bruto por sector institucional trimestral,PIB por sector institucional,5_2_1_trim.xls,1997,Precios constantes,Nivel,Trimestral,2000-T3,2000,3,Sector institucional,Total,101038.64,Bolívares,Preliminar,Banco Central de Venezuela,https://www.bcv.org.ve/sites/default/files/cuentas_macroeconomicas/5_2_1_trim.xls,2026-08-02T21:23:58Z
bcv_pib_sector_institucional_trimestral,Producto interno bruto por sector institucional trimestral,PIB por sector institucional,5_2_1_trim.xls,1997,Precios constantes,Nivel,Trimestral,2000-T4,2000,4,Sector institucional,Total,109422.18,Bolívares,Preliminar,Banco Central de Venezuela,https://www.bcv.org.ve/sites/default/files/cuentas_macroeconomicas/5_2_1_trim.xls,2026-08-02T21:23:58Z
bcv_pib_sector_institucional_trimestral,Producto interno bruto por sector institucional trimestral,PIB por sector institucional,5_2_1_trim.xls,1997,Precios constantes,Nivel,Trimestral,2001-T1,2001,1,Sector institucional,Total,101475.53,Bolívares,Preliminar,Banco Central de Venezuela,https://www.bcv.org.ve/sites/default/files/cuentas_macroeconomicas/5_2_1_trim.xls,2026-08-02T21:23:58Z
bcv_pib_sector_institucional_trimestral,Producto interno bruto por sector institucional trimestral,PIB por sector institucional,5_2_1_trim.xls,1997,Precios constantes,Nivel,Trimestral,2001-T2,2001,2,Sector institucional,Total,104079.62,Bolívares,Preliminar,Banco Central de Venezuela,https://www.bcv.org.ve/sites/default/files/cuentas_macroeconomicas/5_2_1_trim.xls,2026-08-02T21:23:58Z
bcv_pib_sector_institucional_trimestral,Producto interno bruto por sector institucional trimestral,PIB por sector institucional,5_2_1_trim.xls,1997,Precios constantes,Nivel,Trimestral,2001-T3,2001,3,Sector institucional,Total,106739.53,Bolívares,Preliminar,Banco Central de Venezuela,https://www.bcv.org.ve/sites/default/files/cuentas_macroeconomicas/5_2_1_trim.xls,2026-08-02T21:23:58Z
bcv_pib_sector_institucional_trimestral,Producto interno bruto por sector institucional trimestral,PIB por sector institucional,5_2_1_trim.xls,1997,Precios constantes,Nivel,Trimestral,2001-T4,2001,4,Sector institucional,Total,111759.12999999999,Bolívares,Preliminar,Banco Central de Venezuela,https://www.bcv.org.ve/sites/default/files/cuentas_macroeconomicas/5_2_1_trim.xls,2026-08-02T21:23:58Z
bcv_pib_sector_institucional_trimestral,Producto interno bruto por sector institucional trimestral,PIB por sector institucional,5_2_1_trim.xls,1997,Precios constantes,Nivel,Trimestral,2002-T1,2002,1,Sector institucional,Total,96989.05,Bolívares,Preliminar,Banco Central de Venezuela,https://www.bcv.org.ve/sites/default/files/cuentas_macroeconomicas/5_2_1_trim.xls,2026-08-02T21:23:58Z
bcv_pib_sector_institucional_trimestral,Producto interno bruto por sector institucional trimestral,PIB por sector institucional,5_2_1_trim.xls,1997,Precios constantes,Nivel,Trimestral,2002-T2,2002,2,Sector institucional,Total,94998.04000000001,Bolívares,Preliminar,Banco Central de Venezuela,https://www.bcv.org.ve/sites/default/files/cuentas_macroeconomicas/5_2_1_trim.xls,2026-08-02T21:23:58Z
bcv_pib_sector_institucional_trimestral,Producto interno bruto por sector institucional trimestral,PIB por sector institucional,5_2_1_trim.xls,1997,Precios constantes,Nivel,Trimestral,2002-T3,2002,3,Sector institucional,Total,100396.82,Bolívares,Preliminar,Banco Central de Venezuela,https://www.bcv.org.ve/sites/default/files/cuentas_macroeconomicas/5_2_1_trim.xls,2026-08-02T21:23:58Z
bcv_pib_sector_institucional_trimestral,Producto interno bruto por sector institucional trimestral,PIB por sector institucional,5_2_1_trim.xls,1997,Precios constantes,Nivel,Trimestral,2002-T4,2002,4,Sector institucional,Total,94117.19,Bolívares,Preliminar,Banco Central de Venezuela,https://www.bcv.org.ve/sites/default/files/cuentas_macroeconomicas/5_2_1_trim.xls,2026-08-02T21:23:58Z
bcv_pib_sector_institucional_trimestral,Producto interno bruto por sector institucional trimestral,PIB por sector institucional,5_2_1_trim.xls,1997,Precios constantes,Nivel,Trimestral,2003-T1,2003,1,Sector institucional,Total,71139.08,Bolívares,Preliminar,Banco Central de Venezuela,https://www.bcv.org.ve/sites/default/files/cuentas_macroeconomicas/5_2_1_trim.xls,2026-08-02T21:23:58Z
bcv_pib_sector_institucional_trimestral,Producto interno bruto por sector institucional trimestral,PIB por sector institucional,5_2_1_trim.xls,1997,Precios constantes,Nivel,Trimestral,2003-T2,2003,2,Sector institucional,Total,89784.84999999999,Bolívares,Preliminar,Banco Central de Venezuela,https://www.bcv.org.ve/sites/default/files/cuentas_macroeconomicas/5_2_1_trim.xls,2026-08-02T21:23:58Z
bcv_pib_sector_institucional_trimestral,Producto interno bruto por sector institucional trimestral,PIB por sector institucional,5_2_1_trim.xls,1997,Precios constantes,Nivel,Trimestral,2003-T3,2003,3,Sector institucional,Total,93916.04,Bolívares,Preliminar,Banco Central de Venezuela,https://www.bcv.org.ve/sites/default/files/cuentas_macroeconomicas/5_2_1_trim.xls,2026-08-02T21:23:58Z
bcv_pib_sector_institucional_trimestral,Producto interno bruto por sector institucional trimestral,PIB por sector institucional,5_2_1_trim.xls,1997,Precios constantes,Nivel,Trimestral,2003-T4,2003,4,Sector institucional,Total,101686.81,Bolívares,Preliminar,Banco Central de Venezuela,https://www.bcv.org.ve/sites/default/files/cuentas_macroeconomicas/5_2_1_trim.xls,2026-08-02T21:23:58Z
bcv_pib_sector_institucional_trimestral,Producto interno bruto por sector institucional trimestral,PIB por sector institucional,5_2_1_trim.xls,1997,Precios constantes,Nivel,Trimestral,2004-T1,2004,1,Sector institucional,Total,96792.26000000001,Bolívares,Preliminar,Banco Central de Venezuela,https://www.bcv.org.ve/sites/default/files/cuentas_macroeconomicas/5_2_1_trim.xls,2026-08-02T21:23:58Z
bcv_pib_sector_institucional_trimestral,Producto interno bruto por sector institucional trimestral,PIB por sector institucional,5_2_1_trim.xls,1997,Precios constantes,Nivel,Trimestral,2004-T2,2004,2,Sector institucional,Total,101509.28000000001,Bolívares,Preliminar,Banco Central de Venezuela,https://www.bcv.org.ve/sites/default/files/cuentas_macroeconomicas/5_2_1_trim.xls,2026-08-02T21:23:58Z
bcv_pib_sector_institucional_trimestral,Producto interno bruto por sector institucional trimestral,PIB por sector institucional,5_2_1_trim.xls,1997,Precios constantes,Nivel,Trimestral,2004-T3,2004,3,Sector institucional,Total,108619.75000000001,Bolívares,Preliminar,Banco Central de Venezuela,https://www.bcv.org.ve/sites/default/files/cuentas_macroeconomicas/5_2_1_trim.xls,2026-08-02T21:23:58Z
bcv_pib_sector_institucional_trimestral,Producto interno bruto por sector institucional trimestral,PIB por sector institucional,5_2_1_trim.xls,1997,Precios constantes,Nivel,Trimestral,2004-T4,2004,4,Sector institucional,Total,114802.14,Bolívares,Preliminar,Banco Central de Venezuela,https://www.bcv.org.ve/sites/default/files/cuentas_macroeconomicas/5_2_1_trim.xls,2026-08-02T21:23:58Z
bcv_pib_sector_institucional_trimestral,Producto interno bruto por sector institucional trimestral,PIB por sector institucional,5_2_1_trim.xls,1997,Precios constantes,Nivel,Trimestral,2005-T1,2005,1,Sector institucional,Total,105238.22,Bolívares,Preliminar,Banco Central de Venezuela,https://www.bcv.org.ve/sites/default/files/cuentas_macroeconomicas/5_2_1_trim.xls,2026-08-02T21:23:58Z
bcv_pib_sector_institucional_trimestral,Producto interno bruto por sector institucional trimestral,PIB por sector institucional,5_2_1_trim.xls,1997,Precios constantes,Nivel,Trimestral,2005-T2,2005,2,Sector institucional,Total,113660.12999999999,Bolívares,Preliminar,Banco Central de Venezuela,https://www.bcv.org.ve/sites/default/files/cuentas_macroeconomicas/5_2_1_trim.xls,2026-08-02T21:23:58Z
bcv_pib_sector_institucional_trimestral,Producto interno bruto por sector institucional trimestral,PIB por sector institucional,5_2_1_trim.xls,1997,Precios constantes,Nivel,Trimestral,2005-T3,2005,3,Sector institucional,Total,118845.26000000001,Bolívares,Preliminar,Banco Central de Venezuela,https://www.bcv.org.ve/sites/default/files/cuentas_macroeconomicas/5_2_1_trim.xls,2026-08-02T21:23:58Z
bcv_pib_sector_institucional_trimestral,Producto interno bruto por sector institucional trimestral,PIB por sector institucional,5_2_1_trim.xls,1997,Precios constantes,Nivel,Trimestral,2005-T4,2005,4,Sector institucional,Total,127492.75,Bolívares,Preliminar,Banco Central de Venezuela,https://www.bcv.org.ve/sites/default/files/cuentas_macroeconomicas/5_2_1_trim.xls,2026-08-02T21:23:58Z
bcv_pib_sector_institucional_trimestral,Producto interno bruto por sector institucional trimestral,PIB por sector institucional,5_2_1_trim.xls,1997,Precios constantes,Nivel,Trimestral,2006-T1,2006,1,Sector institucional,Total,114827,Bolívares,Preliminar,Banco Central de Venezuela,https://www.bcv.org.ve/sites/default/files/cuentas_macroeconomicas/5_2_1_trim.xls,2026-08-02T21:23:58Z
bcv_pib_sector_institucional_trimestral,Producto interno bruto por sector institucional trimestral,PIB por sector institucional,5_2_1_trim.xls,1997,Precios constantes,Nivel,Trimestral,2006-T2,2006,2,Sector institucional,Total,123901.64,Bolívares,Preliminar,Banco Central de Venezuela,https://www.bcv.org.ve/sites/default/files/cuentas_macroeconomicas/5_2_1_trim.xls,2026-08-02T21:23:58Z
bcv_pib_sector_institucional_trimestral,Producto interno bruto por sector institucional trimestral,PIB por sector institucional,5_2_1_trim.xls,1997,Precios constantes,Nivel,Trimestral,2006-T3,2006,3,Sector institucional,Total,129703.07,Bolívares,Preliminar,Banco Central de Venezuela,https://www.bcv.org.ve/sites/default/files/cuentas_macroeconomicas/5_2_1_trim.xls,2026-08-02T21:23:58Z
bcv_pib_sector_institucional_trimestral,Producto interno bruto por sector institucional trimestral,PIB por sector institucional,5_2_1_trim.xls,1997,Precios constantes,Nivel,Trimestral,2006-T4,2006,4,Sector institucional,Total,142734.06,Bolívares,Preliminar,Banco Central de Venezuela,https://www.bcv.org.ve/sites/default/files/cuentas_macroeconomicas/5_2_1_trim.xls,2026-08-02T21:23:58Z
bcv_pib_sector_institucional_trimestral,Producto interno bruto por sector institucional trimestral,PIB por sector institucional,5_2_1_trim.xls,1997,Precios constantes,Nivel,Trimestral,2007-T1,2007,1,Sector institucional,Total,125206.57999999999,Bolívares,Preliminar,Banco Central de Venezuela,https://www.bcv.org.ve/sites/default/files/cuentas_macroeconomicas/5_2_1_trim.xls,2026-08-02T21:23:58Z
bcv_pib_sector_institucional_trimestral,Producto interno bruto por sector institucional trimestral,PIB por sector institucional,5_2_1_trim.xls,1997,Precios constantes,Nivel,Trimestral,2007-T2,2007,2,Sector institucional,Total,134282.04,Bolívares,Preliminar,Banco Central de Venezuela,https://www.bcv.org.ve/sites/default/files/cuentas_macroeconomicas/5_2_1_trim.xls,2026-08-02T21:23:58Z
bcv_pib_sector_institucional_trimestral,Producto interno bruto por sector institucional trimestral,PIB por sector institucional,5_2_1_trim.xls,1997,Precios constantes,Nivel,Trimestral,2007-T3,2007,3,Sector institucional,Total,142750.94,Bolívares,Preliminar,Banco Central de Venezuela,https://www.bcv.org.ve/sites/default/files/cuentas_macroeconomicas/5_2_1_trim.xls,2026-08-02T21:23:58Z
bcv_pib_sector_institucional_trimestral,Producto interno bruto por sector institucional trimestral,PIB por sector institucional,5_2_1_trim.xls,1997,Precios constantes,Nivel,Trimestral,2007-T4,2007,4,Sector institucional,Total,153671.03,Bolívares,Preliminar,Banco Central de Venezuela,https://www.bcv.org.ve/sites/default/files/cuentas_macroeconomicas/5_2_1_trim.xls,2026-08-02T21:23:58Z
bcv_pib_sector_institucional_trimestral,Producto interno bruto por sector institucional trimestral,PIB por sector institucional,5_2_1_trim.xls,1997,Precios constantes,Nivel,Trimestral,2008-T1,2008,1,Sector institucional,Total,131703.61,Bolívares,Preliminar,Banco Central de Venezuela,https://www.bcv.org.ve/sites/default/files/cuentas_macroeconomicas/5_2_1_trim.xls,2026-08-02T21:23:58Z
bcv_pib_sector_institucional_trimestral,Producto interno bruto por sector institucional trimestral,Variaciones porcentuales,5_2_1_si_trim.xlsx,2007,Precios constantes,Variación porcentual interanual,Trimestral,2008-T1,2008,1,Sector institucional,Total,1.0502068787570806,Porcentaje,Preliminar,Banco Central de Venezuela,https://www.bcv.org.ve/sites/default/files/cuentas_macroeconomicas/5_2_1_si_trim.xlsx,2026-08-02T21:23:58Z
bcv_pib_sector_institucional_trimestral,Producto interno bruto por sector institucional trimestral,PIB por sector institucional,5_2_1_trim.xls,1997,Precios constantes,Nivel,Trimestral,2008-T2,2008,2,Sector institucional,Total,144805.86000000002,Bolívares,Preliminar,Banco Central de Venezuela,https://www.bcv.org.ve/sites/default/files/cuentas_macroeconomicas/5_2_1_trim.xls,2026-08-02T21:23:58Z
bcv_pib_sector_institucional_trimestral,Producto interno bruto por sector institucional trimestral,Variaciones porcentuales,5_2_1_si_trim.xlsx,2007,Precios constantes,Variación porcentual interanual,Trimestral,2008-T2,2008,2,Sector institucional,Total,4.740049059197759,Porcentaje,Preliminar,Banco Central de Venezuela,https://www.bcv.org.ve/sites/default/files/cuentas_macroeconomicas/5_2_1_si_trim.xlsx,2026-08-02T21:23:58Z
bcv_pib_sector_institucional_trimestral,Producto interno bruto por sector institucional trimestral,PIB por sector institucional,5_2_1_trim.xls,1997,Precios constantes,Nivel,Trimestral,2008-T3,2008,3,Sector institucional,Total,149039.91999999998,Bolívares,Preliminar,Banco Central de Venezuela,https://www.bcv.org.ve/sites/default/files/cuentas_macroeconomicas/5_2_1_trim.xls,2026-08-02T21:23:58Z
bcv_pib_sector_institucional_trimestral,Producto interno bruto por sector institucional trimestral,Variaciones porcentuales,5_2_1_si_trim.xlsx,2007,Precios constantes,Variación porcentual interanual,Trimestral,2008-T3,2008,3,Sector institucional,Total,3.1414660899362588,Porcentaje,Preliminar,Banco Central de Venezuela,https://www.bcv.org.ve/sites/default/files/cuentas_macroeconomicas/5_2_1_si_trim.xlsx,2026-08-02T21:23:58Z
bcv_pib_sector_institucional_trimestral,Producto interno bruto por sector institucional trimestral,PIB por sector institucional,5_2_1_trim.xls,1997,Precios constantes,Nivel,Trimestral,2008-T4,2008,4,Sector institucional,Total,159701.35,Bolívares,Preliminar,Banco Central de Venezuela,https://www.bcv.org.ve/sites/default/files/cuentas_macroeconomicas/5_2_1_trim.xls,2026-08-02T21:23:58Z
bcv_pib_sector_institucional_trimestral,Producto interno bruto por sector institucional trimestral,Variaciones porcentuales,5_2_1_si_trim.xlsx,2007,Precios constantes,Variación porcentual interanual,Trimestral,2008-T4,2008,4,Sector institucional,Total,3.9703107415061396,Porcentaje,Preliminar,Banco Central de Venezuela,https://www.bcv.org.ve/sites/default/files/cuentas_macroeconomicas/5_2_1_si_trim.xlsx,2026-08-02T21:23:58Z
bcv_pib_sector_institucional_trimestral,Producto interno bruto por sector institucional trimestral,PIB por sector institucional,5_2_1_trim.xls,1997,Precios constantes,Nivel,Trimestral,2009-T1,2009,1,Sector institucional,Total,132575.22,Bolívares,Preliminar,Banco Central de Venezuela,https://www.bcv.org.ve/sites/default/files/cuentas_macroeconomicas/5_2_1_trim.xls,2026-08-02T21:23:58Z
bcv_pib_sector_institucional_trimestral,Producto interno bruto por sector institucional trimestral,Variaciones porcentuales,5_2_1_si_trim.xlsx,2007,Precios constantes,Variación porcentual interanual,Trimestral,2009-T1,2009,1,Sector institucional,Total,-0.22436213911851155,Porcentaje,Preliminar,Banco Central de Venezuela,https://www.bcv.org.ve/sites/default/files/cuentas_macroeconomicas/5_2_1_si_trim.xlsx,2026-08-02T21:23:58Z
bcv_pib_sector_institucional_trimestral,Producto interno bruto por sector institucional trimestral,PIB por sector institucional,5_2_1_trim.xls,1997,Precios constantes,Nivel,Trimestral,2009-T2,2009,2,Sector institucional,Total,141188.4,Bolívares,Preliminar,Banco Central de Venezuela,https://www.bcv.org.ve/sites/default/files/cuentas_macroeconomicas/5_2_1_trim.xls,2026-08-02T21:23:58Z
bcv_pib_sector_institucional_trimestral,Producto interno bruto por sector institucional trimestral,Variaciones porcentuales,5_2_1_si_trim.xlsx,2007,Precios constantes,Variación porcentual interanual,Trimestral,2009-T2,2009,2,Sector institucional,Total,-4.266717444564648,Porcentaje,Preliminar,Banco Central de Venezuela,https://www.bcv.org.ve/sites/default/files/cuentas_macroeconomicas/5_2_1_si_trim.xlsx,2026-08-02T21:23:58Z
bcv_pib_sector_institucional_trimestral,Producto interno bruto por sector institucional trimestral,PIB por sector institucional,5_2_1_trim.xls,1997,Precios constantes,Nivel,Trimestral,2009-T3,2009,3,Sector institucional,Total,142317.23,Bolívares,Preliminar,Banco Central de Venezuela,https://www.bcv.org.ve/sites/default/files/cuentas_macroeconomicas/5_2_1_trim.xls,2026-08-02T21:23:58Z
bcv_pib_sector_institucional_trimestral,Producto interno bruto por sector institucional trimestral,Variaciones porcentuales,5_2_1_si_trim.xlsx,2007,Precios constantes,Variación porcentual interanual,Trimestral,2009-T3,2009,3,Sector institucional,Total,-4.882231823941368,Porcentaje,Preliminar,Banco Central de Venezuela,https://www.bcv.org.ve/sites/default/files/cuentas_macroeconomicas/5_2_1_si_trim.xlsx,2026-08-02T21:23:58Z
bcv_pib_sector_institucional_trimestral,Producto interno bruto por sector institucional trimestral,PIB por sector institucional,5_2_1_trim.xls,1997,Precios constantes,Nivel,Trimestral,2009-T4,2009,4,Sector institucional,Total,150428.38999999998,Bolívares,Preliminar,Banco Central de Venezuela,https://www.bcv.org.ve/sites/default/files/cuentas_macroeconomicas/5_2_1_trim.xls,2026-08-02T21:23:58Z
bcv_pib_sector_institucional_trimestral,Producto interno bruto por sector institucional trimestral,Variaciones porcentuales,5_2_1_si_trim.xlsx,2007,Precios constantes,Variación porcentual interanual,Trimestral,2009-T4,2009,4,Sector institucional,Total,-6.361555185736464,Porcentaje,Preliminar,Banco Central de Venezuela,https://www.bcv.org.ve/sites/default/files/cuentas_macroeconomicas/5_2_1_si_trim.xlsx,2026-08-02T21:23:58Z
bcv_pib_sector_institucional_trimestral,Producto interno bruto por sector institucional trimestral,PIB por sector institucional,5_2_1_trim.xls,1997,Precios constantes,Nivel,Trimestral,2010-T1,2010,1,Sector institucional,Total,126198.85,Bolívares,Preliminar,Banco Central de Venezuela,https://www.bcv.org.ve/sites/default/files/cuentas_macroeconomicas/5_2_1_trim.xls,2026-08-02T21:23:58Z
bcv_pib_sector_institucional_trimestral,Producto interno bruto por sector institucional trimestral,Variaciones porcentuales,5_2_1_si_trim.xlsx,2007,Precios constantes,Variación porcentual interanual,Trimestral,2010-T1,2010,1,Sector institucional,Total,-4.5046997932536925,Porcentaje,Preliminar,Banco Central de Venezuela,https://www.bcv.org.ve/sites/default/files/cuentas_macroeconomicas/5_2_1_si_trim.xlsx,2026-08-02T21:23:58Z
bcv_pib_sector_institucional_trimestral,Producto interno bruto por sector institucional trimestral,PIB por sector institucional,5_2_1_trim.xls,1997,Precios constantes,Nivel,Trimestral,2010-T2,2010,2,Sector institucional,Total,138765.11,Bolívares,Preliminar,Banco Central de Venezuela,https://www.bcv.org.ve/sites/default/files/cuentas_macroeconomicas/5_2_1_trim.xls,2026-08-02T21:23:58Z
bcv_pib_sector_institucional_trimestral,Producto interno bruto por sector institucional trimestral,Variaciones porcentuales,5_2_1_si_trim.xlsx,2007,Precios constantes,Variación porcentual interanual,Trimestral,2010-T2,2010,2,Sector institucional,Total,-0.7232868470552631,Porcentaje,Preliminar,Banco Central de Venezuela,https://www.bcv.org.ve/sites/default/files/cuentas_macroeconomicas/5_2_1_si_trim.xlsx,2026-08-02T21:23:58Z
bcv_pib_sector_institucional_trimestral,Producto interno bruto por sector institucional trimestral,PIB por sector institucional,5_2_1_trim.xls,1997,Precios constantes,Nivel,Trimestral,2010-T3,2010,3,Sector institucional,Total,142003.11,Bolívares,Preliminar,Banco Central de Venezuela,https://www.bcv.org.ve/sites/default/files/cuentas_macroeconomicas/5_2_1_trim.xls,2026-08-02T21:23:58Z
bcv_pib_sector_institucional_trimestral,Producto interno bruto por sector institucional trimestral,Variaciones porcentuales,5_2_1_si_trim.xlsx,2007,Precios constantes,Variación porcentual interanual,Trimestral,2010-T3,2010,3,Sector institucional,Total,0.917206802179038,Porcentaje,Preliminar,Banco Central de Venezuela,https://www.bcv.org.ve/sites/default/files/cuentas_macroeconomicas/5_2_1_si_trim.xlsx,2026-08-02T21:23:58Z
bcv_pib_sector_institucional_trimestral,Producto interno bruto por sector institucional trimestral,PIB por sector institucional,5_2_1_trim.xls,1997,Precios constantes,Nivel,Trimestral,2010-T4,2010,4,Sector institucional,Total,151108.03,Bolívares,Preliminar,Banco Central de Venezuela,https://www.bcv.org.ve/sites/default/files/cuentas_macroeconomicas/5_2_1_trim.xls,2026-08-02T21:23:58Z
bcv_pib_sector_institucional_trimestral,Producto interno bruto por sector institucional trimestral,Variaciones porcentuales,5_2_1_si_trim.xlsx,2007,Precios constantes,Variación porcentual interanual,Trimestral,2010-T4,2010,4,Sector institucional,Total,1.2271829610147336,Porcentaje,Preliminar,Banco Central de Venezuela,https://www.bcv.org.ve/sites/default/files/cuentas_macroeconomicas/5_2_1_si_trim.xlsx,2026-08-02T21:23:58Z
bcv_pib_sector_institucional_trimestral,Producto interno bruto por sector institucional trimestral,PIB por sector institucional,5_2_1_trim.xls,1997,Precios constantes,Nivel,Trimestral,2011-T1,2011,1,Sector institucional,Total,132251.04,Bolívares,Preliminar,Banco Central de Venezuela,https://www.bcv.org.ve/sites/default/files/cuentas_macroeconomicas/5_2_1_trim.xls,2026-08-02T21:23:58Z
bcv_pib_sector_institucional_trimestral,Producto interno bruto por sector institucional trimestral,Variaciones porcentuales,5_2_1_si_trim.xlsx,2007,Precios constantes,Variación porcentual interanual,Trimestral,2011-T1,2011,1,Sector institucional,Total,2.103617498422736,Porcentaje,Preliminar,Banco Central de Venezuela,https://www.bcv.org.ve/sites/default/files/cuentas_macroeconomicas/5_2_1_si_trim.xlsx,2026-08-02T21:23:58Z
bcv_pib_sector_institucional_trimestral,Producto interno bruto por sector institucional trimestral,PIB por sector institucional,5_2_1_trim.xls,1997,Precios constantes,Nivel,Trimestral,2011-T2,2011,2,Sector institucional,Total,142355.01,Bolívares,Preliminar,Banco Central de Venezuela,https://www.bcv.org.ve/sites/default/files/cuentas_macroeconomicas/5_2_1_trim.xls,2026-08-02T21:23:58Z
bcv_pib_sector_institucional_trimestral,Producto interno bruto por sector institucional trimestral,Variaciones porcentuales,5_2_1_si_trim.xlsx,2007,Precios constantes,Variación porcentual interanual,Trimestral,2011-T2,2011,2,Sector institucional,Total,2.2140102430028037,Porcentaje,Preliminar,Banco Central de Venezuela,https://www.bcv.org.ve/sites/default/files/cuentas_macroeconomicas/5_2_1_si_trim.xlsx,2026-08-02T21:23:58Z
bcv_pib_sector_institucional_trimestral,Producto interno bruto por sector institucional trimestral,PIB por sector institucional,5_2_1_trim.xls,1997,Precios constantes,Nivel,Trimestral,2011-T3,2011,3,Sector institucional,Total,148284.21999999997,Bolívares,Preliminar,Banco Central de Venezuela,https://www.bcv.org.ve/sites/default/files/cuentas_macroeconomicas/5_2_1_trim.xls,2026-08-02T21:23:58Z
bcv_pib_sector_institucional_trimestral,Producto interno bruto por sector institucional trimestral,Variaciones porcentuales,5_2_1_si_trim.xlsx,2007,Precios constantes,Variación porcentual interanual,Trimestral,2011-T3,2011,3,Sector institucional,Total,2.468392102550723,Porcentaje,Preliminar,Banco Central de Venezuela,https://www.bcv.org.ve/sites/default/files/cuentas_macroeconomicas/5_2_1_si_trim.xlsx,2026-08-02T21:23:58Z
bcv_pib_sector_institucional_trimestral,Producto interno bruto por sector institucional trimestral,PIB por sector institucional,5_2_1_trim.xls,1997,Precios constantes,Nivel,Trimestral,2011-T4,2011,4,Sector institucional,Total,158492.41999999998,Bolívares,Preliminar,Banco Central de Venezuela,https://www.bcv.org.ve/sites/default/files/cuentas_macroeconomicas/5_2_1_trim.xls,2026-08-02T21:23:58Z
bcv_pib_sector_institucional_trimestral,Producto interno bruto por sector institucional trimestral,Variaciones porcentuales,5_2_1_si_trim.xlsx,2007,Precios constantes,Variación porcentual interanual,Trimestral,2011-T4,2011,4,Sector institucional,Total,3.9516344221636217,Porcentaje,Preliminar,Banco Central de Venezuela,https://www.bcv.org.ve/sites/default/files/cuentas_macroeconomicas/5_2_1_si_trim.xlsx,2026-08-02T21:23:58Z
bcv_pib_sector_institucional_trimestral,Producto interno bruto por sector institucional trimestral,PIB por sector institucional,5_2_1_trim.xls,1997,Precios constantes,Nivel,Trimestral,2012-T1,2012,1,Sector institucional,Total,140105.12,Bolívares,Preliminar,Banco Central de Venezuela,https://www.bcv.org.ve/sites/default/files/cuentas_macroeconomicas/5_2_1_trim.xls,2026-08-02T21:23:58Z
bcv_pib_sector_institucional_trimestral,Producto interno bruto por sector institucional trimestral,Variaciones porcentuales,5_2_1_si_trim.xlsx,2007,Precios constantes,Variación porcentual interanual,Trimestral,2012-T1,2012,1,Sector institucional,Total,5.561620142518947,Porcentaje,Preliminar,Banco Central de Venezuela,https://www.bcv.org.ve/sites/default/files/cuentas_macroeconomicas/5_2_1_si_trim.xlsx,2026-08-02T21:23:58Z
bcv_pib_sector_institucional_trimestral,Producto interno bruto por sector institucional trimestral,PIB por sector institucional,5_2_1_trim.xls,1997,Precios constantes,Nivel,Trimestral,2012-T2,2012,2,Sector institucional,Total,150368.34,Bolívares,Preliminar,Banco Central de Venezuela,https://www.bcv.org.ve/sites/default/files/cuentas_macroeconomicas/5_2_1_trim.xls,2026-08-02T21:23:58Z
bcv_pib_sector_institucional_trimestral,Producto interno bruto por sector institucional trimestral,Variaciones porcentuales,5_2_1_si_trim.xlsx,2007,Precios constantes,Variación porcentual interanual,Trimestral,2012-T2,2012,2,Sector institucional,Total,4.056143356303153,Porcentaje,Preliminar,Banco Central de Venezuela,https://www.bcv.org.ve/sites/default/files/cuentas_macroeconomicas/5_2_1_si_trim.xlsx,2026-08-02T21:23:58Z
bcv_pib_sector_institucional_trimestral,Producto interno bruto por sector institucional trimestral,PIB por sector institucional,5_2_1_trim.xls,1997,Precios constantes,Nivel,Trimestral,2012-T3,2012,3,Sector institucional,Total,156447.25000000003,Bolívares,Preliminar,Banco Central de Venezuela,https://www.bcv.org.ve/sites/default/files/cuentas_macroeconomicas/5_2_1_trim.xls,2026-08-02T21:23:58Z
bcv_pib_sector_institucional_trimestral,Producto interno bruto por sector institucional trimestral,Variaciones porcentuales,5_2_1_si_trim.xlsx,2007,Precios constantes,Variación porcentual interanual,Trimestral,2012-T3,2012,3,Sector institucional,Total,3.7490280759411974,Porcentaje,Preliminar,Banco Central de Venezuela,https://www.bcv.org.ve/sites/default/files/cuentas_macroeconomicas/5_2_1_si_trim.xlsx,2026-08-02T21:23:58Z
bcv_pib_sector_institucional_trimestral,Producto interno bruto por sector institucional trimestral,PIB por sector institucional,5_2_1_trim.xls,1997,Precios constantes,Nivel,Trimestral,2012-T4,2012,4,Sector institucional,Total,167170.31999999998,Bolívares,Preliminar,Banco Central de Venezuela,https://www.bcv.org.ve/sites/default/files/cuentas_macroeconomicas/5_2_1_trim.xls,2026-08-02T21:23:58Z
bcv_pib_sector_institucional_trimestral,Producto interno bruto por sector institucional trimestral,Variaciones porcentuales,5_2_1_si_trim.xlsx,2007,Precios constantes,Variación porcentual interanual,Trimestral,2012-T4,2012,4,Sector institucional,Total,3.8103371145909932,Porcentaje,Preliminar,Banco Central de Venezuela,https://www.bcv.org.ve/sites/default/files/cuentas_macroeconomicas/5_2_1_si_trim.xlsx,2026-08-02T21:23:58Z
bcv_pib_sector_institucional_trimestral,Producto interno bruto por sector institucional trimestral,PIB por sector institucional,5_2_1_trim.xls,1997,Precios constantes,Nivel,Trimestral,2013-T1,2013,1,Sector institucional,Total,141160.22999999998,Bolívares,Preliminar,Banco Central de Venezuela,https://www.bcv.org.ve/sites/default/files/cuentas_macroeconomicas/5_2_1_trim.xls,2026-08-02T21:23:58Z
bcv_pib_sector_institucional_trimestral,Producto interno bruto por sector institucional trimestral,Variaciones porcentuales,5_2_1_si_trim.xlsx,2007,Precios constantes,Variación porcentual interanual,Trimestral,2013-T1,2013,1,Sector institucional,Total,-2.38450668148252,Porcentaje,Preliminar,Banco Central de Venezuela,https://www.bcv.org.ve/sites/default/files/cuentas_macroeconomicas/5_2_1_si_trim.xlsx,2026-08-02T21:23:58Z
bcv_pib_sector_institucional_trimestral,Producto interno bruto por sector institucional trimestral,PIB por sector institucional,5_2_1_trim.xls,1997,Precios constantes,Nivel,Trimestral,2013-T2,2013,2,Sector institucional,Total,154232.27000000002,Bolívares,Preliminar,Banco Central de Venezuela,https://www.bcv.org.ve/sites/default/files/cuentas_macroeconomicas/5_2_1_trim.xls,2026-08-02T21:23:58Z
bcv_pib_sector_institucional_trimestral,Producto interno bruto por sector institucional trimestral,Variaciones porcentuales,5_2_1_si_trim.xlsx,2007,Precios constantes,Variación porcentual interanual,Trimestral,2013-T2,2013,2,Sector institucional,Total,0.9293397686349891,Porcentaje,Preliminar,Banco Central de Venezuela,https://www.bcv.org.ve/sites/default/files/cuentas_macroeconomicas/5_2_1_si_trim.xlsx,2026-08-02T21:23:58Z
bcv_pib_sector_institucional_trimestral,Producto interno bruto por sector institucional trimestral,PIB por sector institucional,5_2_1_trim.xls,1997,Precios constantes,Nivel,Trimestral,2013-T3,2013,3,Sector institucional,Total,158115.77,Bolívares,Preliminar,Banco Central de Venezuela,https://www.bcv.org.ve/sites/default/files/cuentas_macroeconomicas/5_2_1_trim.xls,2026-08-02T21:23:58Z
bcv_pib_sector_institucional_trimestral,Producto interno bruto por sector institucional trimestral,Variaciones porcentuales,5_2_1_si_trim.xlsx,2007,Precios constantes,Variación porcentual interanual,Trimestral,2013-T3,2013,3,Sector institucional,Total,-0.39590338121729474,Porcentaje,Preliminar,Banco Central de Venezuela,https://www.bcv.org.ve/sites/default/files/cuentas_macroeconomicas/5_2_1_si_trim.xlsx,2026-08-02T21:23:58Z
bcv_pib_sector_institucional_trimestral,Producto interno bruto por sector institucional trimestral,PIB por sector institucional,5_2_1_trim.xls,1997,Precios constantes,Nivel,Trimestral,2013-T4,2013,4,Sector institucional,Total,168830.58,Bolívares,Preliminar,Banco Central de Venezuela,https://www.bcv.org.ve/sites/default/files/cuentas_macroeconomicas/5_2_1_trim.xls,2026-08-02T21:23:58Z
bcv_pib_sector_institucional_trimestral,Producto interno bruto por sector institucional trimestral,Variaciones porcentuales,5_2_1_si_trim.xlsx,2007,Precios constantes,Variación porcentual interanual,Trimestral,2013-T4,2013,4,Sector institucional,Total,1.7829929288532043,Porcentaje,Preliminar,Banco Central de Venezuela,https://www.bcv.org.ve/sites/default/files/cuentas_macroeconomicas/5_2_1_si_trim.xlsx,2026-08-02T21:23:58Z
bcv_pib_sector_institucional_trimestral,Producto interno bruto por sector institucional trimestral,PIB por sector institucional,5_2_1_trim.xls,1997,Precios constantes,Nivel,Trimestral,2014-T1,2014,1,Sector institucional,Total,133855.53,Bolívares,Preliminar,Banco Central de Venezuela,https://www.bcv.org.ve/sites/default/files/cuentas_macroeconomicas/5_2_1_trim.xls,2026-08-02T21:23:58Z
bcv_pib_sector_institucional_trimestral,Producto interno bruto por sector institucional trimestral,Variaciones porcentuales,5_2_1_si_trim.xlsx,2007,Precios constantes,Variación porcentual interanual,Trimestral,2014-T1,2014,1,Sector institucional,Total,-4.896307875417136,Porcentaje,Preliminar,Banco Central de Venezuela,https://www.bcv.org.ve/sites/default/files/cuentas_macroeconomicas/5_2_1_si_trim.xlsx,2026-08-02T21:23:58Z
bcv_pib_sector_institucional_trimestral,Producto interno bruto por sector institucional trimestral,PIB por sector institucional,5_2_1_trim.xls,1997,Precios constantes,Nivel,Trimestral,2014-T2,2014,2,Sector institucional,Total,145911,Bolívares,Preliminar,Banco Central de Venezuela,https://www.bcv.org.ve/sites/default/files/cuentas_macroeconomicas/5_2_1_trim.xls,2026-08-02T21:23:58Z
bcv_pib_sector_institucional_trimestral,Producto interno bruto por sector institucional trimestral,Variaciones porcentuales,5_2_1_si_trim.xlsx,2007,Precios constantes,Variación porcentual interanual,Trimestral,2014-T2,2014,2,Sector institucional,Total,-4.73543816244873,Porcentaje,Preliminar,Banco Central de Venezuela,https://www.bcv.org.ve/sites/default/files/cuentas_macroeconomicas/5_2_1_si_trim.xlsx,2026-08-02T21:23:58Z
bcv_pib_sector_institucional_trimestral,Producto interno bruto por sector institucional trimestral,PIB por sector institucional,5_2_1_trim.xls,1997,Precios constantes,Nivel,Trimestral,2014-T3,2014,3,Sector institucional,Total,153901.53999999998,Bolívares,Preliminar,Banco Central de Venezuela,https://www.bcv.org.ve/sites/default/files/cuentas_macroeconomicas/5_2_1_trim.xls,2026-08-02T21:23:58Z
bcv_pib_sector_institucional_trimestral,Producto interno bruto por sector institucional trimestral,Variaciones porcentuales,5_2_1_si_trim.xlsx,2007,Precios constantes,Variación porcentual interanual,Trimestral,2014-T3,2014,3,Sector institucional,Total,-0.19869581891481403,Porcentaje,Preliminar,Banco Central de Venezuela,https://www.bcv.org.ve/sites/default/files/cuentas_macroeconomicas/5_2_1_si_trim.xlsx,2026-08-02T21:23:58Z
bcv_pib_sector_institucional_trimestral,Producto interno bruto por sector institucional trimestral,PIB por sector institucional,5_2_1_trim.xls,1997,Precios constantes,Nivel,Trimestral,2014-T4,2014,4,Sector institucional,Total,164434.5,Bolívares,Preliminar,Banco Central de Venezuela,https://www.bcv.org.ve/sites/default/files/cuentas_macroeconomicas/5_2_1_trim.xls,2026-08-02T21:23:58Z
bcv_pib_sector_institucional_trimestral,Producto interno bruto por sector institucional trimestral,Variaciones porcentuales,5_2_1_si_trim.xlsx,2007,Precios constantes,Variación porcentual interanual,Trimestral,2014-T4,2014,4,Sector institucional,Total,-0.06990069520729492,Porcentaje,Preliminar,Banco Central de Venezuela,https://www.bcv.org.ve/sites/default/files/cuentas_macroeconomicas/5_2_1_si_trim.xlsx,2026-08-02T21:23:58Z
bcv_pib_sector_institucional_trimestral,Producto interno bruto por sector institucional trimestral,PIB por sector institucional,5_2_1_trim.xls,1997,Precios constantes,Nivel,Trimestral,2015-T1,2015,1,Sector institucional,Total,131998.02000000002,Bolívares,Preliminar,Banco Central de Venezuela,https://www.bcv.org.ve/sites/default/files/cuentas_macroeconomicas/5_2_1_trim.xls,2026-08-02T21:23:58Z
bcv_pib_sector_institucional_trimestral,Producto interno bruto por sector institucional trimestral,Variaciones porcentuales,5_2_1_si_trim.xlsx,2007,Precios constantes,Variación porcentual interanual,Trimestral,2015-T1,2015,1,Sector institucional,Total,-0.23887499869846351,Porcentaje,Preliminar,Banco Central de Venezuela,https://www.bcv.org.ve/sites/default/files/cuentas_macroeconomicas/5_2_1_si_trim.xlsx,2026-08-02T21:23:58Z
bcv_pib_sector_institucional_trimestral,Producto interno bruto por sector institucional trimestral,PIB por sector institucional,5_2_1_trim.xls,1997,Precios constantes,Nivel,Trimestral,2015-T2,2015,2,Sector institucional,Total,138850.11,Bolívares,Preliminar,Banco Central de Venezuela,https://www.bcv.org.ve/sites/default/files/cuentas_macroeconomicas/5_2_1_trim.xls,2026-08-02T21:23:58Z
bcv_pib_sector_institucional_trimestral,Producto interno bruto por sector institucional trimestral,Variaciones porcentuales,5_2_1_si_trim.xlsx,2007,Precios constantes,Variación porcentual interanual,Trimestral,2015-T2,2015,2,Sector institucional,Total,-1.7576648218843047,Porcentaje,Preliminar,Banco Central de Venezuela,https://www.bcv.org.ve/sites/default/files/cuentas_macroeconomicas/5_2_1_si_trim.xlsx,2026-08-02T21:23:58Z
bcv_pib_sector_institucional_trimestral,Producto interno bruto por sector institucional trimestral,PIB por sector institucional,5_2_1_trim.xls,1997,Precios constantes,Nivel,Trimestral,2015-T3,2015,3,Sector institucional,Total,142463.95,Bolívares,Preliminar,Banco Central de Venezuela,https://www.bcv.org.ve/sites/default/files/cuentas_macroeconomicas/5_2_1_trim.xls,2026-08-02T21:23:58Z
bcv_pib_sector_institucional_trimestral,Producto interno bruto por sector institucional trimestral,Variaciones porcentuales,5_2_1_si_trim.xlsx,2007,Precios constantes,Variación porcentual interanual,Trimestral,2015-T3,2015,3,Sector institucional,Total,-5.308980170521636,Porcentaje,Preliminar,Banco Central de Venezuela,https://www.bcv.org.ve/sites/default/files/cuentas_macroeconomicas/5_2_1_si_trim.xlsx,2026-08-02T21:23:58Z
bcv_pib_sector_institucional_trimestral,Producto interno bruto por sector institucional trimestral,PIB por sector institucional,5_2_1_trim.xls,1997,Precios constantes,Nivel,Trimestral,2015-T4,2015,4,Sector institucional,Total,147580.31,Bolívares,Preliminar,Banco Central de Venezuela,https://www.bcv.org.ve/sites/default/files/cuentas_macroeconomicas/5_2_1_trim.xls,2026-08-02T21:23:58Z
bcv_pib_sector_institucional_trimestral,Producto interno bruto por sector institucional trimestral,Variaciones porcentuales,5_2_1_si_trim.xlsx,2007,Precios constantes,Variación porcentual interanual,Trimestral,2015-T4,2015,4,Sector institucional,Total,-7.029584307424074,Porcentaje,Preliminar,Banco Central de Venezuela,https://www.bcv.org.ve/sites/default/files/cuentas_macroeconomicas/5_2_1_si_trim.xlsx,2026-08-02T21:23:58Z
bcv_pib_sector_institucional_trimestral,Producto interno bruto por sector institucional trimestral,PIB por sector institucional,5_2_1_trim.xls,1997,Precios constantes,Nivel,Trimestral,2016-T1,2016,1,Sector institucional,Total,114346.7,Bolívares,Preliminar,Banco Central de Venezuela,https://www.bcv.org.ve/sites/default/files/cuentas_macroeconomicas/5_2_1_trim.xls,2026-08-02T21:23:58Z
bcv_pib_sector_institucional_trimestral,Producto interno bruto por sector institucional trimestral,Variaciones porcentuales,5_2_1_si_trim.xlsx,2007,Precios constantes,Variación porcentual interanual,Trimestral,2016-T1,2016,1,Sector institucional,Total,-10.72636916085176,Porcentaje,Preliminar,Banco Central de Venezuela,https://www.bcv.org.ve/sites/default/files/cuentas_macroeconomicas/5_2_1_si_trim.xlsx,2026-08-02T21:23:58Z
bcv_pib_sector_institucional_trimestral,Producto interno bruto por sector institucional trimestral,PIB por sector institucional,5_2_1_trim.xls,1997,Precios constantes,Nivel,Trimestral,2016-T2,2016,2,Sector institucional,Total,114424.73000000001,Bolívares,Preliminar,Banco Central de Venezuela,https://www.bcv.org.ve/sites/default/files/cuentas_macroeconomicas/5_2_1_trim.xls,2026-08-02T21:23:58Z
bcv_pib_sector_institucional_trimestral,Producto interno bruto por sector institucional trimestral,Variaciones porcentuales,5_2_1_si_trim.xlsx,2007,Precios constantes,Variación porcentual interanual,Trimestral,2016-T2,2016,2,Sector institucional,Total,-17.444350964947787,Porcentaje,Preliminar,Banco Central de Venezuela,https://www.bcv.org.ve/sites/default/files/cuentas_macroeconomicas/5_2_1_si_trim.xlsx,2026-08-02T21:23:58Z
bcv_pib_sector_institucional_trimestral,Producto interno bruto por sector institucional trimestral,PIB por sector institucional,5_2_1_trim.xls,1997,Precios constantes,Nivel,Trimestral,2016-T3,2016,3,Sector institucional,Total,115357.73,Bolívares,Preliminar,Banco Central de Venezuela,https://www.bcv.org.ve/sites/default/files/cuentas_macroeconomicas/5_2_1_trim.xls,2026-08-02T21:23:58Z
bcv_pib_sector_institucional_trimestral,Producto interno bruto por sector institucional trimestral,Variaciones porcentuales,5_2_1_si_trim.xlsx,2007,Precios constantes,Variación porcentual interanual,Trimestral,2016-T3,2016,3,Sector institucional,Total,-19.85842922557069,Porcentaje,Preliminar,Banco Central de Venezuela,https://www.bcv.org.ve/sites/default/files/cuentas_macroeconomicas/5_2_1_si_trim.xlsx,2026-08-02T21:23:58Z
bcv_pib_sector_institucional_trimestral,Producto interno bruto por sector institucional trimestral,PIB por sector institucional,5_2_1_trim.xls,1997,Precios constantes,Nivel,Trimestral,2016-T4,2016,4,Sector institucional,Total,121185.29,Bolívares,Preliminar,Banco Central de Venezuela,https://www.bcv.org.ve/sites/default/files/cuentas_macroeconomicas/5_2_1_trim.xls,2026-08-02T21:23:58Z
bcv_pib_sector_institucional_trimestral,Producto interno bruto por sector institucional trimestral,Variaciones porcentuales,5_2_1_si_trim.xlsx,2007,Precios constantes,Variación porcentual interanual,Trimestral,2016-T4,2016,4,Sector institucional,Total,-18.893407991671708,Porcentaje,Preliminar,Banco Central de Venezuela,https://www.bcv.org.ve/sites/default/files/cuentas_macroeconomicas/5_2_1_si_trim.xlsx,2026-08-02T21:23:58Z
bcv_pib_sector_institucional_trimestral,Producto interno bruto por sector institucional trimestral,PIB por sector institucional,5_2_1_trim.xls,1997,Precios constantes,Nivel,Trimestral,2017-T1,2017,1,Sector institucional,Total,100346.79999999999,Bolívares,Preliminar,Banco Central de Venezuela,https://www.bcv.org.ve/sites/default/files/cuentas_macroeconomicas/5_2_1_trim.xls,2026-08-02T21:23:58Z
bcv_pib_sector_institucional_trimestral,Producto interno bruto por sector institucional trimestral,Variaciones porcentuales,5_2_1_si_trim.xlsx,2007,Precios constantes,Variación porcentual interanual,Trimestral,2017-T1,2017,1,Sector institucional,Total,-10.828560436562427,Porcentaje,Preliminar,Banco Central de Venezuela,https://www.bcv.org.ve/sites/default/files/cuentas_macroeconomicas/5_2_1_si_trim.xlsx,2026-08-02T21:23:58Z
bcv_pib_sector_institucional_trimestral,Producto interno bruto por sector institucional trimestral,PIB por sector institucional,5_2_1_trim.xls,1997,Precios constantes,Nivel,Trimestral,2017-T2,2017,2,Sector institucional,Total,96576.95999999999,Bolívares,Preliminar,Banco Central de Venezuela,https://www.bcv.org.ve/sites/default/files/cuentas_macroeconomicas/5_2_1_trim.xls,2026-08-02T21:23:58Z
bcv_pib_sector_institucional_trimestral,Producto interno bruto por sector institucional trimestral,Variaciones porcentuales,5_2_1_si_trim.xlsx,2007,Precios constantes,Variación porcentual interanual,Trimestral,2017-T2,2017,2,Sector institucional,Total,-14.459239411901422,Porcentaje,Preliminar,Banco Central de Venezuela,https://www.bcv.org.ve/sites/default/files/cuentas_macroeconomicas/5_2_1_si_trim.xlsx,2026-08-02T21:23:58Z
bcv_pib_sector_institucional_trimestral,Producto interno bruto por sector institucional trimestral,PIB por sector institucional,5_2_1_trim.xls,1997,Precios constantes,Nivel,Trimestral,2017-T3,2017,3,Sector institucional,Total,97142.56,Bolívares,Preliminar,Banco Central de Venezuela,https://www.bcv.org.ve/sites/default/files/cuentas_macroeconomicas/5_2_1_trim.xls,2026-08-02T21:23:58Z
bcv_pib_sector_institucional_trimestral,Producto interno bruto por sector institucional trimestral,Variaciones porcentuales,5_2_1_si_trim.xlsx,2007,Precios constantes,Variación porcentual interanual,Trimestral,2017-T3,2017,3,Sector institucional,Total,-13.726214013624627,Porcentaje,Preliminar,Banco Central de Venezuela,https://www.bcv.org.ve/sites/default/files/cuentas_macroeconomicas/5_2_1_si_trim.xlsx,2026-08-02T21:23:58Z
bcv_pib_sector_institucional_trimestral,Producto interno bruto por sector institucional trimestral,PIB por sector institucional,5_2_1_trim.xls,1997,Precios constantes,Nivel,Trimestral,2017-T4,2017,4,Sector institucional,Total,98326.79999999999,Bolívares,Preliminar,Banco Central de Venezuela,https://www.bcv.org.ve/sites/default/files/cuentas_macroeconomicas/5_2_1_trim.xls,2026-08-02T21:23:58Z
bcv_pib_sector_institucional_trimestral,Producto interno bruto por sector institucional trimestral,Variaciones porcentuales,5_2_1_si_trim.xlsx,2007,Precios constantes,Variación porcentual interanual,Trimestral,2017-T4,2017,4,Sector institucional,Total,-18.19359097629591,Porcentaje,Preliminar,Banco Central de Venezuela,https://www.bcv.org.ve/sites/default/files/cuentas_macroeconomicas/5_2_1_si_trim.xlsx,2026-08-02T21:23:58Z
bcv_pib_sector_institucional_trimestral,Producto interno bruto por sector institucional trimestral,PIB por sector institucional,5_2_1_trim.xls,1997,Precios constantes,Nivel,Trimestral,2018-T1,2018,1,Sector institucional,Total,81716.04999999999,Bolívares,Preliminar,Banco Central de Venezuela,https://www.bcv.org.ve/sites/default/files/cuentas_macroeconomicas/5_2_1_trim.xls,2026-08-02T21:23:58Z
bcv_pib_sector_institucional_trimestral,Producto interno bruto por sector institucional trimestral,Variaciones porcentuales,5_2_1_si_trim.xlsx,2007,Precios constantes,Variación porcentual interanual,Trimestral,2018-T1,2018,1,Sector institucional,Total,-21.231261493075394,Porcentaje,Preliminar,Banco Central de Venezuela,https://www.bcv.org.ve/sites/default/files/cuentas_macroeconomicas/5_2_1_si_trim.xlsx,2026-08-02T21:23:58Z
bcv_pib_sector_institucional_trimestral,Producto interno bruto por sector institucional trimestral,PIB por sector institucional,5_2_1_trim.xls,1997,Precios constantes,Nivel,Trimestral,2018-T2,2018,2,Sector institucional,Total,79985.18,Bolívares,Preliminar,Banco Central de Venezuela,https://www.bcv.org.ve/sites/default/files/cuentas_macroeconomicas/5_2_1_trim.xls,2026-08-02T21:23:58Z
bcv_pib_sector_institucional_trimestral,Producto interno bruto por sector institucional trimestral,Variaciones porcentuales,5_2_1_si_trim.xlsx,2007,Precios constantes,Variación porcentual interanual,Trimestral,2018-T2,2018,2,Sector institucional,Total,-21.54377592885946,Porcentaje,Preliminar,Banco Central de Venezuela,https://www.bcv.org.ve/sites/default/files/cuentas_macroeconomicas/5_2_1_si_trim.xlsx,2026-08-02T21:23:58Z
bcv_pib_sector_institucional_trimestral,Producto interno bruto por sector institucional trimestral,PIB por sector institucional,5_2_1_trim.xls,1997,Precios constantes,Nivel,Trimestral,2018-T3,2018,3,Sector institucional,Total,75247.51,Bolívares,Preliminar,Banco Central de Venezuela,https://www.bcv.org.ve/sites/default/files/cuentas_macroeconomicas/5_2_1_trim.xls,2026-08-02T21:23:58Z
bcv_pib_sector_institucional_trimestral,Producto interno bruto por sector institucional trimestral,Variaciones porcentuales,5_2_1_si_trim.xlsx,2007,Precios constantes,Variación porcentual interanual,Trimestral,2018-T3,2018,3,Sector institucional,Total,-22.993677528241733,Porcentaje,Preliminar,Banco Central de Venezuela,https://www.bcv.org.ve/sites/default/files/cuentas_macroeconomicas/5_2_1_si_trim.xlsx,2026-08-02T21:23:58Z
bcv_pib_sector_institucional_trimestral,Producto interno bruto por sector institucional trimestral,PIB por sector institucional,5_2_1_trim.xls,1997,Precios constantes,Nivel,Trimestral,2018-T4,2018,4,Sector institucional,Total,78451.15,Bolívares,Preliminar,Banco Central de Venezuela,https://www.bcv.org.ve/sites/default/files/cuentas_macroeconomicas/5_2_1_trim.xls,2026-08-02T21:23:58Z
bcv_pib_sector_institucional_trimestral,Producto interno bruto por sector institucional trimestral,Variaciones porcentuales,5_2_1_si_trim.xlsx,2007,Precios constantes,Variación porcentual interanual,Trimestral,2018-T4,2018,4,Sector institucional,Total,-19.863094584421205,Porcentaje,Preliminar,Banco Central de Venezuela,https://www.bcv.org.ve/sites/default/files/cuentas_macroeconomicas/5_2_1_si_trim.xlsx,2026-08-02T21:23:58Z
bcv_pib_sector_institucional_trimestral,Producto interno bruto por sector institucional trimestral,PIB por sector institucional,5_2_1_trim.xls,1997,Precios constantes,Nivel,Trimestral,2019-T1,2019,1,Sector institucional,Total,59823.509999999995,Bolívares,Preliminar,Banco Central de Venezuela,https://www.bcv.org.ve/sites/default/files/cuentas_macroeconomicas/5_2_1_trim.xls,2026-08-02T21:23:58Z
bcv_pib_sector_institucional_trimestral,Producto interno bruto por sector institucional trimestral,Variaciones porcentuales,5_2_1_si_trim.xlsx,2007,Precios constantes,Variación porcentual interanual,Trimestral,2019-T1,2019,1,Sector institucional,Total,-25.965410321740322,Porcentaje,Preliminar,Banco Central de Venezuela,https://www.bcv.org.ve/sites/default/files/cuentas_macroeconomicas/5_2_1_si_trim.xlsx,2026-08-02T21:23:58Z
bcv_pib_sector_institucional_trimestral,Producto interno bruto por sector institucional trimestral,Variaciones porcentuales,5_2_1_si_trim.xlsx,2007,Precios constantes,Variación porcentual interanual,Trimestral,2019-T2,2019,2,Sector institucional,Total,-30.083439620370328,Porcentaje,Preliminar,Banco Central de Venezuela,https://www.bcv.org.ve/sites/default/files/cuentas_macroeconomicas/5_2_1_si_trim.xlsx,2026-08-02T21:23:58Z
bcv_pib_sector_institucional_trimestral,Producto interno bruto por sector institucional trimestral,Variaciones porcentuales,5_2_1_si_trim.xlsx,2007,Precios constantes,Variación porcentual interanual,Trimestral,2019-T3,2019,3,Sector institucional,Total,-31.60855353827911,Porcentaje,Preliminar,Banco Central de Venezuela,https://www.bcv.org.ve/sites/default/files/cuentas_macroeconomicas/5_2_1_si_trim.xlsx,2026-08-02T21:23:58Z
bcv_pib_sector_institucional_trimestral,Producto interno bruto por sector institucional trimestral,Variaciones porcentuales,5_2_1_si_trim.xlsx,2007,Precios constantes,Variación porcentual interanual,Trimestral,2019-T4,2019,4,Sector institucional,Total,-28.40394061333849,Porcentaje,Preliminar,Banco Central de Venezuela,https://www.bcv.org.ve/sites/default/files/cuentas_macroeconomicas/5_2_1_si_trim.xlsx,2026-08-02T21:23:58Z
bcv_pib_sector_institucional_trimestral,Producto interno bruto por sector institucional trimestral,Variaciones porcentuales,5_2_1_si_trim.xlsx,2007,Precios constantes,Variación porcentual interanual,Trimestral,2020-T1,2020,1,Sector institucional,Total,-21.559564633671258,Porcentaje,Preliminar,Banco Central de Venezuela,https://www.bcv.org.ve/sites/default/files/cuentas_macroeconomicas/5_2_1_si_trim.xlsx,2026-08-02T21:23:58Z
bcv_pib_sector_institucional_trimestral,Producto interno bruto por sector institucional trimestral,Variaciones porcentuales,5_2_1_si_trim.xlsx,2007,Precios constantes,Variación porcentual interanual,Trimestral,2020-T2,2020,2,Sector institucional,Total,-40.020810205746905,Porcentaje,Preliminar,Banco Central de Venezuela,https://www.bcv.org.ve/sites/default/files/cuentas_macroeconomicas/5_2_1_si_trim.xlsx,2026-08-02T21:23:58Z
bcv_pib_sector_institucional_trimestral,Producto interno bruto por sector institucional trimestral,Variaciones porcentuales,5_2_1_si_trim.xlsx,2007,Precios constantes,Variación porcentual interanual,Trimestral,2020-T3,2020,3,Sector institucional,Total,-38.11756534437677,Porcentaje,Preliminar,Banco Central de Venezuela,https://www.bcv.org.ve/sites/default/files/cuentas_macroeconomicas/5_2_1_si_trim.xlsx,2026-08-02T21:23:58Z
bcv_pib_sector_institucional_trimestral,Producto interno bruto por sector institucional trimestral,Variaciones porcentuales,5_2_1_si_trim.xlsx,2007,Precios constantes,Variación porcentual interanual,Trimestral,2020-T4,2020,4,Sector institucional,Total,-34.07410655583291,Porcentaje,Preliminar,Banco Central de Venezuela,https://www.bcv.org.ve/sites/default/files/cuentas_macroeconomicas/5_2_1_si_trim.xlsx,2026-08-02T21:23:58Z
bcv_pib_sector_institucional_trimestral,Producto interno bruto por sector institucional trimestral,Variaciones porcentuales,5_2_1_si_trim.xlsx,2007,Precios constantes,Variación porcentual interanual,Trimestral,2021-T1,2021,1,Sector institucional,Total,-25.81366931498853,Porcentaje,Preliminar,Banco Central de Venezuela,https://www.bcv.org.ve/sites/default/files/cuentas_macroeconomicas/5_2_1_si_trim.xlsx,2026-08-02T21:23:58Z
bcv_pib_sector_institucional_trimestral,Producto interno bruto por sector institucional trimestral,Variaciones porcentuales,5_2_1_si_trim.xlsx,2007,Precios constantes,Variación porcentual interanual,Trimestral,2021-T2,2021,2,Sector institucional,Total,0.29539318270848014,Porcentaje,Preliminar,Banco Central de Venezuela,https://www.bcv.org.ve/sites/default/files/cuentas_macroeconomicas/5_2_1_si_trim.xlsx,2026-08-02T21:23:58Z
bcv_pib_sector_institucional_trimestral,Producto interno bruto por sector institucional trimestral,Variaciones porcentuales,5_2_1_si_trim.xlsx,2007,Precios constantes,Variación porcentual interanual,Trimestral,2021-T3,2021,3,Sector institucional,Total,17.13456575470542,Porcentaje,Preliminar,Banco Central de Venezuela,https://www.bcv.org.ve/sites/default/files/cuentas_macroeconomicas/5_2_1_si_trim.xlsx,2026-08-02T21:23:58Z
bcv_pib_sector_institucional_trimestral,Producto interno bruto por sector institucional trimestral,Variaciones porcentuales,5_2_1_si_trim.xlsx,2007,Precios constantes,Variación porcentual interanual,Trimestral,2021-T4,2021,4,Sector institucional,Total,19.69240477137558,Porcentaje,Preliminar,Banco Central de Venezuela,https://www.bcv.org.ve/sites/default/files/cuentas_macroeconomicas/5_2_1_si_trim.xlsx,2026-08-02T21:23:58Z
bcv_pib_sector_institucional_trimestral,Producto interno bruto por sector institucional trimestral,Variaciones porcentuales,5_2_1_si_trim.xlsx,2007,Precios constantes,Variación porcentual interanual,Trimestral,2022-T1,2022,1,Sector institucional,Total,19.61425329348316,Porcentaje,Preliminar,Banco Central de Venezuela,https://www.bcv.org.ve/sites/default/files/cuentas_macroeconomicas/5_2_1_si_trim.xlsx,2026-08-02T21:23:58Z
bcv_pib_sector_institucional_trimestral,Producto interno bruto por sector institucional trimestral,Variaciones porcentuales,5_2_1_si_trim.xlsx,2007,Precios constantes,Variación porcentual interanual,Trimestral,2022-T2,2022,2,Sector institucional,Total,23.7169682467173,Porcentaje,Preliminar,Banco Central de Venezuela,https://www.bcv.org.ve/sites/default/files/cuentas_macroeconomicas/5_2_1_si_trim.xlsx,2026-08-02T21:23:58Z
bcv_pib_sector_institucional_trimestral,Producto interno bruto por sector institucional trimestral,Variaciones porcentuales,5_2_1_si_trim.xlsx,2007,Precios constantes,Variación porcentual interanual,Trimestral,2022-T3,2022,3,Sector institucional,Total,14.229173658462742,Porcentaje,Preliminar,Banco Central de Venezuela,https://www.bcv.org.ve/sites/default/files/cuentas_macroeconomicas/5_2_1_si_trim.xlsx,2026-08-02T21:23:58Z
bcv_pib_sector_institucional_trimestral,Producto interno bruto por sector institucional trimestral,Variaciones porcentuales,5_2_1_si_trim.xlsx,2007,Precios constantes,Variación porcentual interanual,Trimestral,2022-T4,2022,4,Sector institucional,Total,6.058772517351429,Porcentaje,Preliminar,Banco Central de Venezuela,https://www.bcv.org.ve/sites/default/files/cuentas_macroeconomicas/5_2_1_si_trim.xlsx,2026-08-02T21:23:58Z
bcv_pib_sector_institucional_trimestral,Producto interno bruto por sector institucional trimestral,Variaciones porcentuales,5_2_1_si_trim.xlsx,2007,Precios constantes,Variación porcentual interanual,Trimestral,2023-T1,2023,1,Sector institucional,Total,5.760573066368991,Porcentaje,Preliminar,Banco Central de Venezuela,https://www.bcv.org.ve/sites/default/files/cuentas_macroeconomicas/5_2_1_si_trim.xlsx,2026-08-02T21:23:58Z
bcv_pib_sector_institucional_trimestral,Producto interno bruto por sector institucional trimestral,Variaciones porcentuales,5_2_1_si_trim.xlsx,2007,Precios constantes,Variación porcentual interanual,Trimestral,2023-T2,2023,2,Sector institucional,Total,3.617220169940964,Porcentaje,Preliminar,Banco Central de Venezuela,https://www.bcv.org.ve/sites/default/files/cuentas_macroeconomicas/5_2_1_si_trim.xlsx,2026-08-02T21:23:58Z
bcv_pib_sector_institucional_trimestral,Producto interno bruto por sector institucional trimestral,Variaciones porcentuales,5_2_1_si_trim.xlsx,2007,Precios constantes,Variación porcentual interanual,Trimestral,2023-T3,2023,3,Sector institucional,Total,4.9201223734862225,Porcentaje,Preliminar,Banco Central de Venezuela,https://www.bcv.org.ve/sites/default/files/cuentas_macroeconomicas/5_2_1_si_trim.xlsx,2026-08-02T21:23:58Z
bcv_pib_sector_institucional_trimestral,Producto interno bruto por sector institucional trimestral,Variaciones porcentuales,5_2_1_si_trim.xlsx,2007,Precios constantes,Variación porcentual interanual,Trimestral,2023-T4,2023,4,Sector institucional,Total,6.060471099360171,Porcentaje,Preliminar,Banco Central de Venezuela,https://www.bcv.org.ve/sites/default/files/cuentas_macroeconomicas/5_2_1_si_trim.xlsx,2026-08-02T21:23:58Z
bcv_pib_sector_institucional_trimestral,Producto interno bruto por sector institucional trimestral,Variaciones porcentuales,5_2_1_si_trim.xlsx,2007,Precios constantes,Variación porcentual interanual,Trimestral,2024-T1,2024,1,Sector institucional,Total,8.713350810241522,Porcentaje,Preliminar,Banco Central de Venezuela,https://www.bcv.org.ve/sites/default/files/cuentas_macroeconomicas/5_2_1_si_trim.xlsx,2026-08-02T21:23:58Z
bcv_pib_sector_institucional_trimestral,Producto interno bruto por sector institucional trimestral,Variaciones porcentuales,5_2_1_si_trim.xlsx,2007,Precios constantes,Variación porcentual interanual,Trimestral,2024-T2,2024,2,Sector institucional,Total,9.960723792205613,Porcentaje,Preliminar,Banco Central de Venezuela,https://www.bcv.org.ve/sites/default/files/cuentas_macroeconomicas/5_2_1_si_trim.xlsx,2026-08-02T21:23:58Z
bcv_pib_sector_institucional_trimestral,Producto interno bruto por sector institucional trimestral,Variaciones porcentuales,5_2_1_si_trim.xlsx,2007,Precios constantes,Variación porcentual interanual,Trimestral,2024-T3,2024,3,Sector institucional,Total,9.374172882764228,Porcentaje,Preliminar,Banco Central de Venezuela,https://www.bcv.org.ve/sites/default/files/cuentas_macroeconomicas/5_2_1_si_trim.xlsx,2026-08-02T21:23:58Z
bcv_pib_sector_institucional_trimestral,Producto interno bruto por sector institucional trimestral,Variaciones porcentuales,5_2_1_si_trim.xlsx,2007,Precios constantes,Variación porcentual interanual,Trimestral,2024-T4,2024,4,Sector institucional,Total,8.243381627562314,Porcentaje,Preliminar,Banco Central de Venezuela,https://www.bcv.org.ve/sites/default/files/cuentas_macroeconomicas/5_2_1_si_trim.xlsx,2026-08-02T21:23:58Z
bcv_pib_sector_institucional_trimestral,Producto interno bruto por sector institucional trimestral,Variaciones porcentuales,5_2_1_si_trim.xlsx,2007,Precios constantes,Variación porcentual interanual,Trimestral,2025-T1,2025,1,Sector institucional,Total,9.400527041119332,Porcentaje,Preliminar,Banco Central de Venezuela,https://www.bcv.org.ve/sites/default/files/cuentas_macroeconomicas/5_2_1_si_trim.xlsx,2026-08-02T21:23:58Z
bcv_pib_sector_institucional_trimestral,Producto interno bruto por sector institucional trimestral,Variaciones porcentuales,5_2_1_si_trim.xlsx,2007,Precios constantes,Variación porcentual interanual,Trimestral,2025-T2,2025,2,Sector institucional,Total,8.956970028966069,Porcentaje,Preliminar,Banco Central de Venezuela,https://www.bcv.org.ve/sites/default/files/cuentas_macroeconomicas/5_2_1_si_trim.xlsx,2026-08-02T21:23:58Z
bcv_pib_sector_institucional_trimestral,Producto interno bruto por sector institucional trimestral,Variaciones porcentuales,5_2_1_si_trim.xlsx,2007,Precios constantes,Variación porcentual interanual,Trimestral,2025-T3,2025,3,Sector institucional,Total,10.497252432714575,Porcentaje,Preliminar,Banco Central de Venezuela,https://www.bcv.org.ve/sites/default/files/cuentas_macroeconomicas/5_2_1_si_trim.xlsx,2026-08-02T21:23:58Z
bcv_pib_sector_institucional_trimestral,Producto interno bruto por sector institucional trimestral,Variaciones porcentuales,5_2_1_si_trim.xlsx,2007,Precios constantes,Variación porcentual interanual,Trimestral,2025-T4,2025,4,Sector institucional,Total,7.194055861815343,Porcentaje,Preliminar,Banco Central de Venezuela,https://www.bcv.org.ve/sites/default/files/cuentas_macroeconomicas/5_2_1_si_trim.xlsx,2026-08-02T21:23:58Z
bcv_pib_sector_institucional_trimestral,Producto interno bruto por sector institucional trimestral,Variaciones porcentuales,5_2_1_si_trim.xlsx,2007,Precios constantes,Variación porcentual interanual,Trimestral,2026-T1,2026,1,Sector institucional,Total,2.5105791532022295,Porcentaje,Preliminar,Banco Central de Venezuela,https://www.bcv.org.ve/sites/default/files/cuentas_macroeconomicas/5_2_1_si_trim.xlsx,2026-08-02T21:23:58Z
