dataset_id,title,table,source_file,base,price_type,measure,frequency,period,year,quarter,classification,component,value,unit,status,source,source_url,fetched_at
bcv_pib_actividad_economica_anual,Producto interno bruto por actividad económica anual,PIB por actividad económica,5_2_4_anual.xls,1997,Precios constantes,Nivel,Anual,1997,1997,,,Actividad no petrolera,303861.25999999995,Bolívares,,Banco Central de Venezuela,https://www.bcv.org.ve/sites/default/files/cuentas_macroeconomicas/5_2_4_anual.xls,2026-08-05T21:44:21Z
bcv_pib_actividad_economica_anual,Producto interno bruto por actividad económica anual,PIB por actividad económica,5_2_4_anual.xls,1997,Precios constantes,Nivel,Anual,1998,1998,,,Actividad no petrolera,303527.91000000003,Bolívares,,Banco Central de Venezuela,https://www.bcv.org.ve/sites/default/files/cuentas_macroeconomicas/5_2_4_anual.xls,2026-08-05T21:44:21Z
bcv_pib_actividad_economica_anual,Producto interno bruto por actividad económica anual,PIB por actividad económica,5_2_4_anual.xls,1997,Precios constantes,Variación porcentual interanual,Anual,1998,1998,,,Actividad no petrolera,-0.10970467245476812,Porcentaje,,Banco Central de Venezuela,https://www.bcv.org.ve/sites/default/files/cuentas_macroeconomicas/5_2_4_anual.xls,2026-08-05T21:44:21Z
bcv_pib_actividad_economica_anual,Producto interno bruto por actividad económica anual,PIB por actividad económica,5_2_4_anual.xls,1997,Precios constantes,Nivel,Anual,1999,1999,,,Actividad no petrolera,282537.76,Bolívares,,Banco Central de Venezuela,https://www.bcv.org.ve/sites/default/files/cuentas_macroeconomicas/5_2_4_anual.xls,2026-08-05T21:44:21Z
bcv_pib_actividad_economica_anual,Producto interno bruto por actividad económica anual,PIB por actividad económica,5_2_4_anual.xls,1997,Precios constantes,Variación porcentual interanual,Anual,1999,1999,,,Actividad no petrolera,-6.915393711240597,Porcentaje,,Banco Central de Venezuela,https://www.bcv.org.ve/sites/default/files/cuentas_macroeconomicas/5_2_4_anual.xls,2026-08-05T21:44:21Z
bcv_pib_actividad_economica_anual,Producto interno bruto por actividad económica anual,PIB por actividad económica,5_2_4_anual.xls,1997,Precios constantes,Nivel,Anual,2000,2000,,,Actividad no petrolera,294396.42,Bolívares,,Banco Central de Venezuela,https://www.bcv.org.ve/sites/default/files/cuentas_macroeconomicas/5_2_4_anual.xls,2026-08-05T21:44:21Z
bcv_pib_actividad_economica_anual,Producto interno bruto por actividad económica anual,PIB por actividad económica,5_2_4_anual.xls,1997,Precios constantes,Variación porcentual interanual,Anual,2000,2000,,,Actividad no petrolera,4.197194739563301,Porcentaje,,Banco Central de Venezuela,https://www.bcv.org.ve/sites/default/files/cuentas_macroeconomicas/5_2_4_anual.xls,2026-08-05T21:44:21Z
bcv_pib_actividad_economica_anual,Producto interno bruto por actividad económica anual,PIB por actividad económica,5_2_4_anual.xls,1997,Precios constantes,Nivel,Anual,2001,2001,,,Actividad no petrolera,306152.19,Bolívares,,Banco Central de Venezuela,https://www.bcv.org.ve/sites/default/files/cuentas_macroeconomicas/5_2_4_anual.xls,2026-08-05T21:44:21Z
bcv_pib_actividad_economica_anual,Producto interno bruto por actividad económica anual,PIB por actividad económica,5_2_4_anual.xls,1997,Precios constantes,Variación porcentual interanual,Anual,2001,2001,,,Actividad no petrolera,3.9931769550730394,Porcentaje,,Banco Central de Venezuela,https://www.bcv.org.ve/sites/default/files/cuentas_macroeconomicas/5_2_4_anual.xls,2026-08-05T21:44:21Z
bcv_pib_actividad_economica_anual,Producto interno bruto por actividad económica anual,PIB por actividad económica,5_2_4_anual.xls,1997,Precios constantes,Nivel,Anual,2002,2002,,,Actividad no petrolera,287894.49,Bolívares,,Banco Central de Venezuela,https://www.bcv.org.ve/sites/default/files/cuentas_macroeconomicas/5_2_4_anual.xls,2026-08-05T21:44:21Z
bcv_pib_actividad_economica_anual,Producto interno bruto por actividad económica anual,PIB por actividad económica,5_2_4_anual.xls,1997,Precios constantes,Variación porcentual interanual,Anual,2002,2002,,,Actividad no petrolera,-5.963602612151817,Porcentaje,,Banco Central de Venezuela,https://www.bcv.org.ve/sites/default/files/cuentas_macroeconomicas/5_2_4_anual.xls,2026-08-05T21:44:21Z
bcv_pib_actividad_economica_anual,Producto interno bruto por actividad económica anual,PIB por actividad económica,5_2_4_anual.xls,1997,Precios constantes,Nivel,Anual,2003,2003,,,Actividad no petrolera,266498.45999999996,Bolívares,,Banco Central de Venezuela,https://www.bcv.org.ve/sites/default/files/cuentas_macroeconomicas/5_2_4_anual.xls,2026-08-05T21:44:21Z
bcv_pib_actividad_economica_anual,Producto interno bruto por actividad económica anual,PIB por actividad económica,5_2_4_anual.xls,1997,Precios constantes,Variación porcentual interanual,Anual,2003,2003,,,Actividad no petrolera,-7.431899790787938,Porcentaje,,Banco Central de Venezuela,https://www.bcv.org.ve/sites/default/files/cuentas_macroeconomicas/5_2_4_anual.xls,2026-08-05T21:44:21Z
bcv_pib_actividad_economica_anual,Producto interno bruto por actividad económica anual,PIB por actividad económica,5_2_4_anual.xls,1997,Precios constantes,Nivel,Anual,2004,2004,,,Actividad no petrolera,309341,Bolívares,,Banco Central de Venezuela,https://www.bcv.org.ve/sites/default/files/cuentas_macroeconomicas/5_2_4_anual.xls,2026-08-05T21:44:21Z
bcv_pib_actividad_economica_anual,Producto interno bruto por actividad económica anual,PIB por actividad económica,5_2_4_anual.xls,1997,Precios constantes,Variación porcentual interanual,Anual,2004,2004,,,Actividad no petrolera,16.076092897497432,Porcentaje,,Banco Central de Venezuela,https://www.bcv.org.ve/sites/default/files/cuentas_macroeconomicas/5_2_4_anual.xls,2026-08-05T21:44:21Z
bcv_pib_actividad_economica_anual,Producto interno bruto por actividad económica anual,PIB por actividad económica,5_2_4_anual.xls,1997,Precios constantes,Nivel,Anual,2005,2005,,,Actividad no petrolera,347047.47,Bolívares,,Banco Central de Venezuela,https://www.bcv.org.ve/sites/default/files/cuentas_macroeconomicas/5_2_4_anual.xls,2026-08-05T21:44:21Z
bcv_pib_actividad_economica_anual,Producto interno bruto por actividad económica anual,PIB por actividad económica,5_2_4_anual.xls,1997,Precios constantes,Variación porcentual interanual,Anual,2005,2005,,,Actividad no petrolera,12.189289489592397,Porcentaje,,Banco Central de Venezuela,https://www.bcv.org.ve/sites/default/files/cuentas_macroeconomicas/5_2_4_anual.xls,2026-08-05T21:44:21Z
bcv_pib_actividad_economica_anual,Producto interno bruto por actividad económica anual,PIB por actividad económica,5_2_4_anual.xls,1997,Precios constantes,Nivel,Anual,2006,2006,,,Actividad no petrolera,384742.9199999999,Bolívares,,Banco Central de Venezuela,https://www.bcv.org.ve/sites/default/files/cuentas_macroeconomicas/5_2_4_anual.xls,2026-08-05T21:44:21Z
bcv_pib_actividad_economica_anual,Producto interno bruto por actividad económica anual,PIB por actividad económica,5_2_4_anual.xls,1997,Precios constantes,Variación porcentual interanual,Anual,2006,2006,,,Actividad no petrolera,10.861756174162565,Porcentaje,,Banco Central de Venezuela,https://www.bcv.org.ve/sites/default/files/cuentas_macroeconomicas/5_2_4_anual.xls,2026-08-05T21:44:21Z
bcv_pib_actividad_economica_anual,Producto interno bruto por actividad económica anual,PIB por actividad económica,5_2_4_anual.xls,1997,Precios constantes,Nivel,Anual,2007,2007,,,Actividad no petrolera,422134.44999999995,Bolívares,,Banco Central de Venezuela,https://www.bcv.org.ve/sites/default/files/cuentas_macroeconomicas/5_2_4_anual.xls,2026-08-05T21:44:21Z
bcv_pib_actividad_economica_anual,Producto interno bruto por actividad económica anual,PIB por actividad económica,5_2_4_anual.xls,1997,Precios constantes,Variación porcentual interanual,Anual,2007,2007,,,Actividad no petrolera,9.71857519821289,Porcentaje,,Banco Central de Venezuela,https://www.bcv.org.ve/sites/default/files/cuentas_macroeconomicas/5_2_4_anual.xls,2026-08-05T21:44:21Z
bcv_pib_actividad_economica_anual,Producto interno bruto por actividad económica anual,PIB por actividad económica,5_2_4_anual.xls,1997,Precios constantes,Nivel,Anual,2008,2008,,,Actividad no petrolera,446023.72,Bolívares,Preliminar,Banco Central de Venezuela,https://www.bcv.org.ve/sites/default/files/cuentas_macroeconomicas/5_2_4_anual.xls,2026-08-05T21:44:21Z
bcv_pib_actividad_economica_anual,Producto interno bruto por actividad económica anual,PIB por actividad económica,5_2_4_anual.xls,1997,Precios constantes,Variación porcentual interanual,Anual,2008,2008,,,Actividad no petrolera,5.659161435414717,Porcentaje,,Banco Central de Venezuela,https://www.bcv.org.ve/sites/default/files/cuentas_macroeconomicas/5_2_4_anual.xls,2026-08-05T21:44:21Z
bcv_pib_actividad_economica_anual,Producto interno bruto por actividad económica anual,Variaciones porcentuales,5_2_4_ae_anual.xlsx,2007,Precios constantes,Variación porcentual interanual,Anual,2008,2008,,Actividad económica,Actividad no petrolera,4.847075970960319,Porcentaje,,Banco Central de Venezuela,https://www.bcv.org.ve/sites/default/files/cuentas_macroeconomicas/5_2_4_ae_anual.xlsx,2026-08-05T21:44:21Z
bcv_pib_actividad_economica_anual,Producto interno bruto por actividad económica anual,PIB por actividad económica,5_2_4_anual.xls,1997,Precios constantes,Nivel,Anual,2009,2009,,,Actividad no petrolera,438290.85,Bolívares,Preliminar,Banco Central de Venezuela,https://www.bcv.org.ve/sites/default/files/cuentas_macroeconomicas/5_2_4_anual.xls,2026-08-05T21:44:21Z
bcv_pib_actividad_economica_anual,Producto interno bruto por actividad económica anual,PIB por actividad económica,5_2_4_anual.xls,1997,Precios constantes,Variación porcentual interanual,Anual,2009,2009,,,Actividad no petrolera,-1.7337351475387806,Porcentaje,,Banco Central de Venezuela,https://www.bcv.org.ve/sites/default/files/cuentas_macroeconomicas/5_2_4_anual.xls,2026-08-05T21:44:21Z
bcv_pib_actividad_economica_anual,Producto interno bruto por actividad económica anual,Variaciones porcentuales,5_2_4_ae_anual.xlsx,2007,Precios constantes,Variación porcentual interanual,Anual,2009,2009,,Actividad económica,Actividad no petrolera,-2.8445181752289557,Porcentaje,,Banco Central de Venezuela,https://www.bcv.org.ve/sites/default/files/cuentas_macroeconomicas/5_2_4_ae_anual.xlsx,2026-08-05T21:44:21Z
bcv_pib_actividad_economica_anual,Producto interno bruto por actividad económica anual,PIB por actividad económica,5_2_4_anual.xls,1997,Precios constantes,Nivel,Anual,2010,2010,,,Actividad no petrolera,431269.53,Bolívares,Preliminar,Banco Central de Venezuela,https://www.bcv.org.ve/sites/default/files/cuentas_macroeconomicas/5_2_4_anual.xls,2026-08-05T21:44:21Z
bcv_pib_actividad_economica_anual,Producto interno bruto por actividad económica anual,PIB por actividad económica,5_2_4_anual.xls,1997,Precios constantes,Variación porcentual interanual,Anual,2010,2010,,,Actividad no petrolera,-1.6019773171171607,Porcentaje,,Banco Central de Venezuela,https://www.bcv.org.ve/sites/default/files/cuentas_macroeconomicas/5_2_4_anual.xls,2026-08-05T21:44:21Z
bcv_pib_actividad_economica_anual,Producto interno bruto por actividad económica anual,Variaciones porcentuales,5_2_4_ae_anual.xlsx,2007,Precios constantes,Variación porcentual interanual,Anual,2010,2010,,Actividad económica,Actividad no petrolera,-0.38400268879269106,Porcentaje,,Banco Central de Venezuela,https://www.bcv.org.ve/sites/default/files/cuentas_macroeconomicas/5_2_4_ae_anual.xlsx,2026-08-05T21:44:21Z
bcv_pib_actividad_economica_anual,Producto interno bruto por actividad económica anual,PIB por actividad económica,5_2_4_anual.xls,1997,Precios constantes,Nivel,Anual,2011,2011,,,Actividad no petrolera,450555.72,Bolívares,Preliminar,Banco Central de Venezuela,https://www.bcv.org.ve/sites/default/files/cuentas_macroeconomicas/5_2_4_anual.xls,2026-08-05T21:44:21Z
bcv_pib_actividad_economica_anual,Producto interno bruto por actividad económica anual,PIB por actividad económica,5_2_4_anual.xls,1997,Precios constantes,Variación porcentual interanual,Anual,2011,2011,,,Actividad no petrolera,4.47195747865608,Porcentaje,,Banco Central de Venezuela,https://www.bcv.org.ve/sites/default/files/cuentas_macroeconomicas/5_2_4_anual.xls,2026-08-05T21:44:21Z
bcv_pib_actividad_economica_anual,Producto interno bruto por actividad económica anual,Variaciones porcentuales,5_2_4_ae_anual.xlsx,2007,Precios constantes,Variación porcentual interanual,Anual,2011,2011,,Actividad económica,Actividad no petrolera,3.329891634740264,Porcentaje,,Banco Central de Venezuela,https://www.bcv.org.ve/sites/default/files/cuentas_macroeconomicas/5_2_4_ae_anual.xlsx,2026-08-05T21:44:21Z
bcv_pib_actividad_economica_anual,Producto interno bruto por actividad económica anual,PIB por actividad económica,5_2_4_anual.xls,1997,Precios constantes,Nivel,Anual,2012,2012,,,Actividad no petrolera,476483.65,Bolívares,Preliminar,Banco Central de Venezuela,https://www.bcv.org.ve/sites/default/files/cuentas_macroeconomicas/5_2_4_anual.xls,2026-08-05T21:44:21Z
bcv_pib_actividad_economica_anual,Producto interno bruto por actividad económica anual,PIB por actividad económica,5_2_4_anual.xls,1997,Precios constantes,Variación porcentual interanual,Anual,2012,2012,,,Actividad no petrolera,5.754655606192287,Porcentaje,,Banco Central de Venezuela,https://www.bcv.org.ve/sites/default/files/cuentas_macroeconomicas/5_2_4_anual.xls,2026-08-05T21:44:21Z
bcv_pib_actividad_economica_anual,Producto interno bruto por actividad económica anual,Variaciones porcentuales,5_2_4_ae_anual.xlsx,2007,Precios constantes,Variación porcentual interanual,Anual,2012,2012,,Actividad económica,Actividad no petrolera,5.5780369047383545,Porcentaje,,Banco Central de Venezuela,https://www.bcv.org.ve/sites/default/files/cuentas_macroeconomicas/5_2_4_ae_anual.xlsx,2026-08-05T21:44:21Z
bcv_pib_actividad_economica_anual,Producto interno bruto por actividad económica anual,PIB por actividad económica,5_2_4_anual.xls,1997,Precios constantes,Nivel,Anual,2013,2013,,,Actividad no petrolera,485152.07,Bolívares,Preliminar,Banco Central de Venezuela,https://www.bcv.org.ve/sites/default/files/cuentas_macroeconomicas/5_2_4_anual.xls,2026-08-05T21:44:21Z
bcv_pib_actividad_economica_anual,Producto interno bruto por actividad económica anual,PIB por actividad económica,5_2_4_anual.xls,1997,Precios constantes,Variación porcentual interanual,Anual,2013,2013,,,Actividad no petrolera,1.819248152586141,Porcentaje,,Banco Central de Venezuela,https://www.bcv.org.ve/sites/default/files/cuentas_macroeconomicas/5_2_4_anual.xls,2026-08-05T21:44:21Z
bcv_pib_actividad_economica_anual,Producto interno bruto por actividad económica anual,Variaciones porcentuales,5_2_4_ae_anual.xlsx,2007,Precios constantes,Variación porcentual interanual,Anual,2013,2013,,Actividad económica,Actividad no petrolera,1.3415906779254954,Porcentaje,,Banco Central de Venezuela,https://www.bcv.org.ve/sites/default/files/cuentas_macroeconomicas/5_2_4_ae_anual.xlsx,2026-08-05T21:44:21Z
bcv_pib_actividad_economica_anual,Producto interno bruto por actividad económica anual,PIB por actividad económica,5_2_4_anual.xls,1997,Precios constantes,Nivel,Anual,2014,2014,,,Actividad no petrolera,469975.38,Bolívares,Preliminar,Banco Central de Venezuela,https://www.bcv.org.ve/sites/default/files/cuentas_macroeconomicas/5_2_4_anual.xls,2026-08-05T21:44:21Z
bcv_pib_actividad_economica_anual,Producto interno bruto por actividad económica anual,PIB por actividad económica,5_2_4_anual.xls,1997,Precios constantes,Variación porcentual interanual,Anual,2014,2014,,,Actividad no petrolera,-3.1282335866360427,Porcentaje,,Banco Central de Venezuela,https://www.bcv.org.ve/sites/default/files/cuentas_macroeconomicas/5_2_4_anual.xls,2026-08-05T21:44:21Z
bcv_pib_actividad_economica_anual,Producto interno bruto por actividad económica anual,Variaciones porcentuales,5_2_4_ae_anual.xlsx,2007,Precios constantes,Variación porcentual interanual,Anual,2014,2014,,Actividad económica,Actividad no petrolera,-1.105638000597338,Porcentaje,,Banco Central de Venezuela,https://www.bcv.org.ve/sites/default/files/cuentas_macroeconomicas/5_2_4_ae_anual.xlsx,2026-08-05T21:44:21Z
bcv_pib_actividad_economica_anual,Producto interno bruto por actividad económica anual,PIB por actividad económica,5_2_4_anual.xls,1997,Precios constantes,Nivel,Anual,2015,2015,,,Actividad no petrolera,440843.28,Bolívares,Preliminar,Banco Central de Venezuela,https://www.bcv.org.ve/sites/default/files/cuentas_macroeconomicas/5_2_4_anual.xls,2026-08-05T21:44:21Z
bcv_pib_actividad_economica_anual,Producto interno bruto por actividad económica anual,PIB por actividad económica,5_2_4_anual.xls,1997,Precios constantes,Variación porcentual interanual,Anual,2015,2015,,,Actividad no petrolera,-6.198643852365194,Porcentaje,,Banco Central de Venezuela,https://www.bcv.org.ve/sites/default/files/cuentas_macroeconomicas/5_2_4_anual.xls,2026-08-05T21:44:21Z
bcv_pib_actividad_economica_anual,Producto interno bruto por actividad económica anual,Variaciones porcentuales,5_2_4_ae_anual.xlsx,2007,Precios constantes,Variación porcentual interanual,Anual,2015,2015,,Actividad económica,Actividad no petrolera,-5.808019147695262,Porcentaje,,Banco Central de Venezuela,https://www.bcv.org.ve/sites/default/files/cuentas_macroeconomicas/5_2_4_ae_anual.xlsx,2026-08-05T21:44:21Z
bcv_pib_actividad_economica_anual,Producto interno bruto por actividad económica anual,PIB por actividad económica,5_2_4_anual.xls,1997,Precios constantes,Nivel,Anual,2016,2016,,,Actividad no petrolera,366331.3,Bolívares,Preliminar,Banco Central de Venezuela,https://www.bcv.org.ve/sites/default/files/cuentas_macroeconomicas/5_2_4_anual.xls,2026-08-05T21:44:21Z
bcv_pib_actividad_economica_anual,Producto interno bruto por actividad económica anual,PIB por actividad económica,5_2_4_anual.xls,1997,Precios constantes,Variación porcentual interanual,Anual,2016,2016,,,Actividad no petrolera,-16.902147175749178,Porcentaje,,Banco Central de Venezuela,https://www.bcv.org.ve/sites/default/files/cuentas_macroeconomicas/5_2_4_anual.xls,2026-08-05T21:44:21Z
bcv_pib_actividad_economica_anual,Producto interno bruto por actividad económica anual,Variaciones porcentuales,5_2_4_ae_anual.xlsx,2007,Precios constantes,Variación porcentual interanual,Anual,2016,2016,,Actividad económica,Actividad no petrolera,-17.58556009192202,Porcentaje,,Banco Central de Venezuela,https://www.bcv.org.ve/sites/default/files/cuentas_macroeconomicas/5_2_4_ae_anual.xlsx,2026-08-05T21:44:21Z
bcv_pib_actividad_economica_anual,Producto interno bruto por actividad económica anual,PIB por actividad económica,5_2_4_anual.xls,1997,Precios constantes,Nivel,Anual,2017,2017,,,Actividad no petrolera,310589.97000000003,Bolívares,Preliminar,Banco Central de Venezuela,https://www.bcv.org.ve/sites/default/files/cuentas_macroeconomicas/5_2_4_anual.xls,2026-08-05T21:44:21Z
bcv_pib_actividad_economica_anual,Producto interno bruto por actividad económica anual,PIB por actividad económica,5_2_4_anual.xls,1997,Precios constantes,Variación porcentual interanual,Anual,2017,2017,,,Actividad no petrolera,-15.216098105731064,Porcentaje,,Banco Central de Venezuela,https://www.bcv.org.ve/sites/default/files/cuentas_macroeconomicas/5_2_4_anual.xls,2026-08-05T21:44:21Z
bcv_pib_actividad_economica_anual,Producto interno bruto por actividad económica anual,Variaciones porcentuales,5_2_4_ae_anual.xlsx,2007,Precios constantes,Variación porcentual interanual,Anual,2017,2017,,Actividad económica,Actividad no petrolera,-14.308750176310213,Porcentaje,Preliminar,Banco Central de Venezuela,https://www.bcv.org.ve/sites/default/files/cuentas_macroeconomicas/5_2_4_ae_anual.xlsx,2026-08-05T21:44:21Z
bcv_pib_actividad_economica_anual,Producto interno bruto por actividad económica anual,PIB por actividad económica,5_2_4_anual.xls,1997,Precios constantes,Nivel,Anual,2018,2018,,,Actividad no petrolera,251799.77000000002,Bolívares,Preliminar,Banco Central de Venezuela,https://www.bcv.org.ve/sites/default/files/cuentas_macroeconomicas/5_2_4_anual.xls,2026-08-05T21:44:21Z
bcv_pib_actividad_economica_anual,Producto interno bruto por actividad económica anual,PIB por actividad económica,5_2_4_anual.xls,1997,Precios constantes,Variación porcentual interanual,Anual,2018,2018,,,Actividad no petrolera,-18.928557158494215,Porcentaje,,Banco Central de Venezuela,https://www.bcv.org.ve/sites/default/files/cuentas_macroeconomicas/5_2_4_anual.xls,2026-08-05T21:44:21Z
bcv_pib_actividad_economica_anual,Producto interno bruto por actividad económica anual,Variaciones porcentuales,5_2_4_ae_anual.xlsx,2007,Precios constantes,Variación porcentual interanual,Anual,2018,2018,,Actividad económica,Actividad no petrolera,-19.793297004518337,Porcentaje,Preliminar,Banco Central de Venezuela,https://www.bcv.org.ve/sites/default/files/cuentas_macroeconomicas/5_2_4_ae_anual.xlsx,2026-08-05T21:44:21Z
bcv_pib_actividad_economica_anual,Producto interno bruto por actividad económica anual,Variaciones porcentuales,5_2_4_ae_anual.xlsx,2007,Precios constantes,Variación porcentual interanual,Anual,2019,2019,,Actividad económica,Actividad no petrolera,-27.120351958763408,Porcentaje,Preliminar,Banco Central de Venezuela,https://www.bcv.org.ve/sites/default/files/cuentas_macroeconomicas/5_2_4_ae_anual.xlsx,2026-08-05T21:44:21Z
bcv_pib_actividad_economica_anual,Producto interno bruto por actividad económica anual,Variaciones porcentuales,5_2_4_ae_anual.xlsx,2007,Precios constantes,Variación porcentual interanual,Anual,2020,2020,,Actividad económica,Actividad no petrolera,-31.923572013774077,Porcentaje,Preliminar,Banco Central de Venezuela,https://www.bcv.org.ve/sites/default/files/cuentas_macroeconomicas/5_2_4_ae_anual.xlsx,2026-08-05T21:44:21Z
bcv_pib_actividad_economica_anual,Producto interno bruto por actividad económica anual,Variaciones porcentuales,5_2_4_ae_anual.xlsx,2007,Precios constantes,Variación porcentual interanual,Anual,2021,2021,,Actividad económica,Actividad no petrolera,-3.4721157960487545,Porcentaje,Preliminar,Banco Central de Venezuela,https://www.bcv.org.ve/sites/default/files/cuentas_macroeconomicas/5_2_4_ae_anual.xlsx,2026-08-05T21:44:21Z
bcv_pib_actividad_economica_anual,Producto interno bruto por actividad económica anual,Variaciones porcentuales,5_2_4_ae_anual.xlsx,2007,Precios constantes,Variación porcentual interanual,Anual,2022,2022,,Actividad económica,Actividad no petrolera,14.186309103696445,Porcentaje,Preliminar,Banco Central de Venezuela,https://www.bcv.org.ve/sites/default/files/cuentas_macroeconomicas/5_2_4_ae_anual.xlsx,2026-08-05T21:44:21Z
bcv_pib_actividad_economica_anual,Producto interno bruto por actividad económica anual,Variaciones porcentuales,5_2_4_ae_anual.xlsx,2007,Precios constantes,Variación porcentual interanual,Anual,2023,2023,,Actividad económica,Actividad no petrolera,4.917635659573875,Porcentaje,Preliminar,Banco Central de Venezuela,https://www.bcv.org.ve/sites/default/files/cuentas_macroeconomicas/5_2_4_ae_anual.xlsx,2026-08-05T21:44:21Z
bcv_pib_actividad_economica_anual,Producto interno bruto por actividad económica anual,Variaciones porcentuales,5_2_4_ae_anual.xlsx,2007,Precios constantes,Variación porcentual interanual,Anual,2024,2024,,Actividad económica,Actividad no petrolera,6.072276107814162,Porcentaje,Preliminar,Banco Central de Venezuela,https://www.bcv.org.ve/sites/default/files/cuentas_macroeconomicas/5_2_4_ae_anual.xlsx,2026-08-05T21:44:21Z
bcv_pib_actividad_economica_anual,Producto interno bruto por actividad económica anual,Variaciones porcentuales,5_2_4_ae_anual.xlsx,2007,Precios constantes,Variación porcentual interanual,Anual,2025,2025,,Actividad económica,Actividad no petrolera,6.769771156882129,Porcentaje,Preliminar,Banco Central de Venezuela,https://www.bcv.org.ve/sites/default/files/cuentas_macroeconomicas/5_2_4_ae_anual.xlsx,2026-08-05T21:44:21Z
bcv_pib_actividad_economica_anual,Producto interno bruto por actividad económica anual,PIB por actividad económica,5_2_4_anual.xls,1997,Precios constantes,Nivel,Anual,1997,1997,,,Actividad petrolera,78632.71,Bolívares,,Banco Central de Venezuela,https://www.bcv.org.ve/sites/default/files/cuentas_macroeconomicas/5_2_4_anual.xls,2026-08-05T21:44:21Z
bcv_pib_actividad_economica_anual,Producto interno bruto por actividad económica anual,PIB por actividad económica,5_2_4_anual.xls,1997,Precios constantes,Nivel,Anual,1998,1998,,,Actividad petrolera,78835.21,Bolívares,,Banco Central de Venezuela,https://www.bcv.org.ve/sites/default/files/cuentas_macroeconomicas/5_2_4_anual.xls,2026-08-05T21:44:21Z
bcv_pib_actividad_economica_anual,Producto interno bruto por actividad económica anual,PIB por actividad económica,5_2_4_anual.xls,1997,Precios constantes,Variación porcentual interanual,Anual,1998,1998,,,Actividad petrolera,0.2575264161695685,Porcentaje,,Banco Central de Venezuela,https://www.bcv.org.ve/sites/default/files/cuentas_macroeconomicas/5_2_4_anual.xls,2026-08-05T21:44:21Z
bcv_pib_actividad_economica_anual,Producto interno bruto por actividad económica anual,PIB por actividad económica,5_2_4_anual.xls,1997,Precios constantes,Nivel,Anual,1999,1999,,,Actividad petrolera,75863.06,Bolívares,,Banco Central de Venezuela,https://www.bcv.org.ve/sites/default/files/cuentas_macroeconomicas/5_2_4_anual.xls,2026-08-05T21:44:21Z
bcv_pib_actividad_economica_anual,Producto interno bruto por actividad económica anual,PIB por actividad económica,5_2_4_anual.xls,1997,Precios constantes,Variación porcentual interanual,Anual,1999,1999,,,Actividad petrolera,-3.77007938457956,Porcentaje,,Banco Central de Venezuela,https://www.bcv.org.ve/sites/default/files/cuentas_macroeconomicas/5_2_4_anual.xls,2026-08-05T21:44:21Z
bcv_pib_actividad_economica_anual,Producto interno bruto por actividad económica anual,PIB por actividad económica,5_2_4_anual.xls,1997,Precios constantes,Nivel,Anual,2000,2000,,,Actividad petrolera,77576.05,Bolívares,,Banco Central de Venezuela,https://www.bcv.org.ve/sites/default/files/cuentas_macroeconomicas/5_2_4_anual.xls,2026-08-05T21:44:21Z
bcv_pib_actividad_economica_anual,Producto interno bruto por actividad económica anual,PIB por actividad económica,5_2_4_anual.xls,1997,Precios constantes,Variación porcentual interanual,Anual,2000,2000,,,Actividad petrolera,2.258002775000122,Porcentaje,,Banco Central de Venezuela,https://www.bcv.org.ve/sites/default/files/cuentas_macroeconomicas/5_2_4_anual.xls,2026-08-05T21:44:21Z
bcv_pib_actividad_economica_anual,Producto interno bruto por actividad económica anual,PIB por actividad económica,5_2_4_anual.xls,1997,Precios constantes,Nivel,Anual,2001,2001,,,Actividad petrolera,76886.43,Bolívares,,Banco Central de Venezuela,https://www.bcv.org.ve/sites/default/files/cuentas_macroeconomicas/5_2_4_anual.xls,2026-08-05T21:44:21Z
bcv_pib_actividad_economica_anual,Producto interno bruto por actividad económica anual,PIB por actividad económica,5_2_4_anual.xls,1997,Precios constantes,Variación porcentual interanual,Anual,2001,2001,,,Actividad petrolera,-0.8889599302877826,Porcentaje,,Banco Central de Venezuela,https://www.bcv.org.ve/sites/default/files/cuentas_macroeconomicas/5_2_4_anual.xls,2026-08-05T21:44:21Z
bcv_pib_actividad_economica_anual,Producto interno bruto por actividad económica anual,PIB por actividad económica,5_2_4_anual.xls,1997,Precios constantes,Nivel,Anual,2002,2002,,,Actividad petrolera,65956.72,Bolívares,,Banco Central de Venezuela,https://www.bcv.org.ve/sites/default/files/cuentas_macroeconomicas/5_2_4_anual.xls,2026-08-05T21:44:21Z
bcv_pib_actividad_economica_anual,Producto interno bruto por actividad económica anual,PIB por actividad económica,5_2_4_anual.xls,1997,Precios constantes,Variación porcentual interanual,Anual,2002,2002,,,Actividad petrolera,-14.215395356501787,Porcentaje,,Banco Central de Venezuela,https://www.bcv.org.ve/sites/default/files/cuentas_macroeconomicas/5_2_4_anual.xls,2026-08-05T21:44:21Z
bcv_pib_actividad_economica_anual,Producto interno bruto por actividad económica anual,PIB por actividad económica,5_2_4_anual.xls,1997,Precios constantes,Nivel,Anual,2003,2003,,,Actividad petrolera,64722.29000000001,Bolívares,,Banco Central de Venezuela,https://www.bcv.org.ve/sites/default/files/cuentas_macroeconomicas/5_2_4_anual.xls,2026-08-05T21:44:21Z
bcv_pib_actividad_economica_anual,Producto interno bruto por actividad económica anual,PIB por actividad económica,5_2_4_anual.xls,1997,Precios constantes,Variación porcentual interanual,Anual,2003,2003,,,Actividad petrolera,-1.871575784847991,Porcentaje,,Banco Central de Venezuela,https://www.bcv.org.ve/sites/default/files/cuentas_macroeconomicas/5_2_4_anual.xls,2026-08-05T21:44:21Z
bcv_pib_actividad_economica_anual,Producto interno bruto por actividad económica anual,PIB por actividad económica,5_2_4_anual.xls,1997,Precios constantes,Nivel,Anual,2004,2004,,,Actividad petrolera,73607,Bolívares,,Banco Central de Venezuela,https://www.bcv.org.ve/sites/default/files/cuentas_macroeconomicas/5_2_4_anual.xls,2026-08-05T21:44:21Z
bcv_pib_actividad_economica_anual,Producto interno bruto por actividad económica anual,PIB por actividad económica,5_2_4_anual.xls,1997,Precios constantes,Variación porcentual interanual,Anual,2004,2004,,,Actividad petrolera,13.727434551527764,Porcentaje,,Banco Central de Venezuela,https://www.bcv.org.ve/sites/default/files/cuentas_macroeconomicas/5_2_4_anual.xls,2026-08-05T21:44:21Z
bcv_pib_actividad_economica_anual,Producto interno bruto por actividad económica anual,PIB por actividad económica,5_2_4_anual.xls,1997,Precios constantes,Nivel,Anual,2005,2005,,,Actividad petrolera,72517.43000000001,Bolívares,,Banco Central de Venezuela,https://www.bcv.org.ve/sites/default/files/cuentas_macroeconomicas/5_2_4_anual.xls,2026-08-05T21:44:21Z
bcv_pib_actividad_economica_anual,Producto interno bruto por actividad económica anual,PIB por actividad económica,5_2_4_anual.xls,1997,Precios constantes,Variación porcentual interanual,Anual,2005,2005,,,Actividad petrolera,-1.4802532367845345,Porcentaje,,Banco Central de Venezuela,https://www.bcv.org.ve/sites/default/files/cuentas_macroeconomicas/5_2_4_anual.xls,2026-08-05T21:44:21Z
bcv_pib_actividad_economica_anual,Producto interno bruto por actividad económica anual,PIB por actividad económica,5_2_4_anual.xls,1997,Precios constantes,Nivel,Anual,2006,2006,,,Actividad petrolera,71087.03,Bolívares,,Banco Central de Venezuela,https://www.bcv.org.ve/sites/default/files/cuentas_macroeconomicas/5_2_4_anual.xls,2026-08-05T21:44:21Z
bcv_pib_actividad_economica_anual,Producto interno bruto por actividad económica anual,PIB por actividad económica,5_2_4_anual.xls,1997,Precios constantes,Variación porcentual interanual,Anual,2006,2006,,,Actividad petrolera,-1.9724913031253521,Porcentaje,,Banco Central de Venezuela,https://www.bcv.org.ve/sites/default/files/cuentas_macroeconomicas/5_2_4_anual.xls,2026-08-05T21:44:21Z
bcv_pib_actividad_economica_anual,Producto interno bruto por actividad económica anual,PIB por actividad económica,5_2_4_anual.xls,1997,Precios constantes,Nivel,Anual,2007,2007,,,Actividad petrolera,68706.86,Bolívares,,Banco Central de Venezuela,https://www.bcv.org.ve/sites/default/files/cuentas_macroeconomicas/5_2_4_anual.xls,2026-08-05T21:44:21Z
bcv_pib_actividad_economica_anual,Producto interno bruto por actividad económica anual,PIB por actividad económica,5_2_4_anual.xls,1997,Precios constantes,Variación porcentual interanual,Anual,2007,2007,,,Actividad petrolera,-3.3482479152666826,Porcentaje,,Banco Central de Venezuela,https://www.bcv.org.ve/sites/default/files/cuentas_macroeconomicas/5_2_4_anual.xls,2026-08-05T21:44:21Z
bcv_pib_actividad_economica_anual,Producto interno bruto por actividad económica anual,PIB por actividad económica,5_2_4_anual.xls,1997,Precios constantes,Nivel,Anual,2008,2008,,,Actividad petrolera,70721.14,Bolívares,Preliminar,Banco Central de Venezuela,https://www.bcv.org.ve/sites/default/files/cuentas_macroeconomicas/5_2_4_anual.xls,2026-08-05T21:44:21Z
bcv_pib_actividad_economica_anual,Producto interno bruto por actividad económica anual,PIB por actividad económica,5_2_4_anual.xls,1997,Precios constantes,Variación porcentual interanual,Anual,2008,2008,,,Actividad petrolera,2.931701434179928,Porcentaje,,Banco Central de Venezuela,https://www.bcv.org.ve/sites/default/files/cuentas_macroeconomicas/5_2_4_anual.xls,2026-08-05T21:44:21Z
bcv_pib_actividad_economica_anual,Producto interno bruto por actividad económica anual,Variaciones porcentuales,5_2_4_ae_anual.xlsx,2007,Precios constantes,Variación porcentual interanual,Anual,2008,2008,,Actividad económica,Actividad petrolera,2.336668780729312,Porcentaje,,Banco Central de Venezuela,https://www.bcv.org.ve/sites/default/files/cuentas_macroeconomicas/5_2_4_ae_anual.xlsx,2026-08-05T21:44:21Z
bcv_pib_actividad_economica_anual,Producto interno bruto por actividad económica anual,PIB por actividad económica,5_2_4_anual.xls,1997,Precios constantes,Nivel,Anual,2009,2009,,,Actividad petrolera,65508.44,Bolívares,Preliminar,Banco Central de Venezuela,https://www.bcv.org.ve/sites/default/files/cuentas_macroeconomicas/5_2_4_anual.xls,2026-08-05T21:44:21Z
bcv_pib_actividad_economica_anual,Producto interno bruto por actividad económica anual,PIB por actividad económica,5_2_4_anual.xls,1997,Precios constantes,Variación porcentual interanual,Anual,2009,2009,,,Actividad petrolera,-7.370780504952265,Porcentaje,,Banco Central de Venezuela,https://www.bcv.org.ve/sites/default/files/cuentas_macroeconomicas/5_2_4_anual.xls,2026-08-05T21:44:21Z
bcv_pib_actividad_economica_anual,Producto interno bruto por actividad económica anual,Variaciones porcentuales,5_2_4_ae_anual.xlsx,2007,Precios constantes,Variación porcentual interanual,Anual,2009,2009,,Actividad económica,Actividad petrolera,-6.904894268017756,Porcentaje,,Banco Central de Venezuela,https://www.bcv.org.ve/sites/default/files/cuentas_macroeconomicas/5_2_4_ae_anual.xlsx,2026-08-05T21:44:21Z
bcv_pib_actividad_economica_anual,Producto interno bruto por actividad económica anual,PIB por actividad económica,5_2_4_anual.xls,1997,Precios constantes,Nivel,Anual,2010,2010,,,Actividad petrolera,65543.11,Bolívares,Preliminar,Banco Central de Venezuela,https://www.bcv.org.ve/sites/default/files/cuentas_macroeconomicas/5_2_4_anual.xls,2026-08-05T21:44:21Z
bcv_pib_actividad_economica_anual,Producto interno bruto por actividad económica anual,PIB por actividad económica,5_2_4_anual.xls,1997,Precios constantes,Variación porcentual interanual,Anual,2010,2010,,,Actividad petrolera,0.05292447812830403,Porcentaje,,Banco Central de Venezuela,https://www.bcv.org.ve/sites/default/files/cuentas_macroeconomicas/5_2_4_anual.xls,2026-08-05T21:44:21Z
bcv_pib_actividad_economica_anual,Producto interno bruto por actividad económica anual,Variaciones porcentuales,5_2_4_ae_anual.xlsx,2007,Precios constantes,Variación porcentual interanual,Anual,2010,2010,,Actividad económica,Actividad petrolera,-0.6200852681855622,Porcentaje,,Banco Central de Venezuela,https://www.bcv.org.ve/sites/default/files/cuentas_macroeconomicas/5_2_4_ae_anual.xlsx,2026-08-05T21:44:21Z
bcv_pib_actividad_economica_anual,Producto interno bruto por actividad económica anual,PIB por actividad económica,5_2_4_anual.xls,1997,Precios constantes,Nivel,Anual,2011,2011,,,Actividad petrolera,65931.26,Bolívares,Preliminar,Banco Central de Venezuela,https://www.bcv.org.ve/sites/default/files/cuentas_macroeconomicas/5_2_4_anual.xls,2026-08-05T21:44:21Z
bcv_pib_actividad_economica_anual,Producto interno bruto por actividad económica anual,PIB por actividad económica,5_2_4_anual.xls,1997,Precios constantes,Variación porcentual interanual,Anual,2011,2011,,,Actividad petrolera,0.5922056490758507,Porcentaje,,Banco Central de Venezuela,https://www.bcv.org.ve/sites/default/files/cuentas_macroeconomicas/5_2_4_anual.xls,2026-08-05T21:44:21Z
bcv_pib_actividad_economica_anual,Producto interno bruto por actividad económica anual,Variaciones porcentuales,5_2_4_ae_anual.xlsx,2007,Precios constantes,Variación porcentual interanual,Anual,2011,2011,,Actividad económica,Actividad petrolera,0.33222794748117224,Porcentaje,,Banco Central de Venezuela,https://www.bcv.org.ve/sites/default/files/cuentas_macroeconomicas/5_2_4_ae_anual.xlsx,2026-08-05T21:44:21Z
bcv_pib_actividad_economica_anual,Producto interno bruto por actividad económica anual,PIB por actividad económica,5_2_4_anual.xls,1997,Precios constantes,Nivel,Anual,2012,2012,,,Actividad petrolera,66827.23,Bolívares,Preliminar,Banco Central de Venezuela,https://www.bcv.org.ve/sites/default/files/cuentas_macroeconomicas/5_2_4_anual.xls,2026-08-05T21:44:21Z
bcv_pib_actividad_economica_anual,Producto interno bruto por actividad económica anual,PIB por actividad económica,5_2_4_anual.xls,1997,Precios constantes,Variación porcentual interanual,Anual,2012,2012,,,Actividad petrolera,1.3589456655310244,Porcentaje,,Banco Central de Venezuela,https://www.bcv.org.ve/sites/default/files/cuentas_macroeconomicas/5_2_4_anual.xls,2026-08-05T21:44:21Z
bcv_pib_actividad_economica_anual,Producto interno bruto por actividad económica anual,Variaciones porcentuales,5_2_4_ae_anual.xlsx,2007,Precios constantes,Variación porcentual interanual,Anual,2012,2012,,Actividad económica,Actividad petrolera,-1.2693607149919472,Porcentaje,,Banco Central de Venezuela,https://www.bcv.org.ve/sites/default/files/cuentas_macroeconomicas/5_2_4_ae_anual.xlsx,2026-08-05T21:44:21Z
bcv_pib_actividad_economica_anual,Producto interno bruto por actividad económica anual,PIB por actividad económica,5_2_4_anual.xls,1997,Precios constantes,Nivel,Anual,2013,2013,,,Actividad petrolera,67414.53,Bolívares,Preliminar,Banco Central de Venezuela,https://www.bcv.org.ve/sites/default/files/cuentas_macroeconomicas/5_2_4_anual.xls,2026-08-05T21:44:21Z
bcv_pib_actividad_economica_anual,Producto interno bruto por actividad económica anual,PIB por actividad económica,5_2_4_anual.xls,1997,Precios constantes,Variación porcentual interanual,Anual,2013,2013,,,Actividad petrolera,0.8788333737609832,Porcentaje,,Banco Central de Venezuela,https://www.bcv.org.ve/sites/default/files/cuentas_macroeconomicas/5_2_4_anual.xls,2026-08-05T21:44:21Z
bcv_pib_actividad_economica_anual,Producto interno bruto por actividad económica anual,Variaciones porcentuales,5_2_4_ae_anual.xlsx,2007,Precios constantes,Variación porcentual interanual,Anual,2013,2013,,Actividad económica,Actividad petrolera,1.0241248474350186,Porcentaje,,Banco Central de Venezuela,https://www.bcv.org.ve/sites/default/files/cuentas_macroeconomicas/5_2_4_ae_anual.xlsx,2026-08-05T21:44:21Z
bcv_pib_actividad_economica_anual,Producto interno bruto por actividad económica anual,PIB por actividad económica,5_2_4_anual.xls,1997,Precios constantes,Nivel,Anual,2014,2014,,,Actividad petrolera,64566.55,Bolívares,Preliminar,Banco Central de Venezuela,https://www.bcv.org.ve/sites/default/files/cuentas_macroeconomicas/5_2_4_anual.xls,2026-08-05T21:44:21Z
bcv_pib_actividad_economica_anual,Producto interno bruto por actividad económica anual,PIB por actividad económica,5_2_4_anual.xls,1997,Precios constantes,Variación porcentual interanual,Anual,2014,2014,,,Actividad petrolera,-4.224578885293724,Porcentaje,,Banco Central de Venezuela,https://www.bcv.org.ve/sites/default/files/cuentas_macroeconomicas/5_2_4_anual.xls,2026-08-05T21:44:21Z
bcv_pib_actividad_economica_anual,Producto interno bruto por actividad económica anual,Variaciones porcentuales,5_2_4_ae_anual.xlsx,2007,Precios constantes,Variación porcentual interanual,Anual,2014,2014,,Actividad económica,Actividad petrolera,-3.5262563578345407,Porcentaje,,Banco Central de Venezuela,https://www.bcv.org.ve/sites/default/files/cuentas_macroeconomicas/5_2_4_ae_anual.xlsx,2026-08-05T21:44:21Z
bcv_pib_actividad_economica_anual,Producto interno bruto por actividad económica anual,PIB por actividad económica,5_2_4_anual.xls,1997,Precios constantes,Nivel,Anual,2015,2015,,,Actividad petrolera,63972.25,Bolívares,Preliminar,Banco Central de Venezuela,https://www.bcv.org.ve/sites/default/files/cuentas_macroeconomicas/5_2_4_anual.xls,2026-08-05T21:44:21Z
bcv_pib_actividad_economica_anual,Producto interno bruto por actividad económica anual,PIB por actividad económica,5_2_4_anual.xls,1997,Precios constantes,Variación porcentual interanual,Anual,2015,2015,,,Actividad petrolera,-0.9204456487143915,Porcentaje,,Banco Central de Venezuela,https://www.bcv.org.ve/sites/default/files/cuentas_macroeconomicas/5_2_4_anual.xls,2026-08-05T21:44:21Z
bcv_pib_actividad_economica_anual,Producto interno bruto por actividad económica anual,Variaciones porcentuales,5_2_4_ae_anual.xlsx,2007,Precios constantes,Variación porcentual interanual,Anual,2015,2015,,Actividad económica,Actividad petrolera,-2.193963409605132,Porcentaje,,Banco Central de Venezuela,https://www.bcv.org.ve/sites/default/files/cuentas_macroeconomicas/5_2_4_ae_anual.xlsx,2026-08-05T21:44:21Z
bcv_pib_actividad_economica_anual,Producto interno bruto por actividad económica anual,PIB por actividad económica,5_2_4_anual.xls,1997,Precios constantes,Nivel,Anual,2016,2016,,,Actividad petrolera,57651.29000000001,Bolívares,Preliminar,Banco Central de Venezuela,https://www.bcv.org.ve/sites/default/files/cuentas_macroeconomicas/5_2_4_anual.xls,2026-08-05T21:44:21Z
bcv_pib_actividad_economica_anual,Producto interno bruto por actividad económica anual,PIB por actividad económica,5_2_4_anual.xls,1997,Precios constantes,Variación porcentual interanual,Anual,2016,2016,,,Actividad petrolera,-9.880784246294283,Porcentaje,,Banco Central de Venezuela,https://www.bcv.org.ve/sites/default/files/cuentas_macroeconomicas/5_2_4_anual.xls,2026-08-05T21:44:21Z
bcv_pib_actividad_economica_anual,Producto interno bruto por actividad económica anual,Variaciones porcentuales,5_2_4_ae_anual.xlsx,2007,Precios constantes,Variación porcentual interanual,Anual,2016,2016,,Actividad económica,Actividad petrolera,-10.941606326695819,Porcentaje,,Banco Central de Venezuela,https://www.bcv.org.ve/sites/default/files/cuentas_macroeconomicas/5_2_4_ae_anual.xlsx,2026-08-05T21:44:21Z
bcv_pib_actividad_economica_anual,Producto interno bruto por actividad económica anual,PIB por actividad económica,5_2_4_anual.xls,1997,Precios constantes,Nivel,Anual,2017,2017,,,Actividad petrolera,48808.47,Bolívares,Preliminar,Banco Central de Venezuela,https://www.bcv.org.ve/sites/default/files/cuentas_macroeconomicas/5_2_4_anual.xls,2026-08-05T21:44:21Z
bcv_pib_actividad_economica_anual,Producto interno bruto por actividad económica anual,PIB por actividad económica,5_2_4_anual.xls,1997,Precios constantes,Variación porcentual interanual,Anual,2017,2017,,,Actividad petrolera,-15.338459902631854,Porcentaje,,Banco Central de Venezuela,https://www.bcv.org.ve/sites/default/files/cuentas_macroeconomicas/5_2_4_anual.xls,2026-08-05T21:44:21Z
bcv_pib_actividad_economica_anual,Producto interno bruto por actividad económica anual,Variaciones porcentuales,5_2_4_ae_anual.xlsx,2007,Precios constantes,Variación porcentual interanual,Anual,2017,2017,,Actividad económica,Actividad petrolera,-13.463637743466137,Porcentaje,Preliminar,Banco Central de Venezuela,https://www.bcv.org.ve/sites/default/files/cuentas_macroeconomicas/5_2_4_ae_anual.xlsx,2026-08-05T21:44:21Z
bcv_pib_actividad_economica_anual,Producto interno bruto por actividad económica anual,PIB por actividad económica,5_2_4_anual.xls,1997,Precios constantes,Nivel,Anual,2018,2018,,,Actividad petrolera,37070.03,Bolívares,Preliminar,Banco Central de Venezuela,https://www.bcv.org.ve/sites/default/files/cuentas_macroeconomicas/5_2_4_anual.xls,2026-08-05T21:44:21Z
bcv_pib_actividad_economica_anual,Producto interno bruto por actividad económica anual,PIB por actividad económica,5_2_4_anual.xls,1997,Precios constantes,Variación porcentual interanual,Anual,2018,2018,,,Actividad petrolera,-24.050006074765307,Porcentaje,,Banco Central de Venezuela,https://www.bcv.org.ve/sites/default/files/cuentas_macroeconomicas/5_2_4_anual.xls,2026-08-05T21:44:21Z
bcv_pib_actividad_economica_anual,Producto interno bruto por actividad económica anual,Variaciones porcentuales,5_2_4_ae_anual.xlsx,2007,Precios constantes,Variación porcentual interanual,Anual,2018,2018,,Actividad económica,Actividad petrolera,-24.97714686435401,Porcentaje,Preliminar,Banco Central de Venezuela,https://www.bcv.org.ve/sites/default/files/cuentas_macroeconomicas/5_2_4_ae_anual.xlsx,2026-08-05T21:44:21Z
bcv_pib_actividad_economica_anual,Producto interno bruto por actividad económica anual,Variaciones porcentuales,5_2_4_ae_anual.xlsx,2007,Precios constantes,Variación porcentual interanual,Anual,2019,2019,,Actividad económica,Actividad petrolera,-32.536401842751815,Porcentaje,Preliminar,Banco Central de Venezuela,https://www.bcv.org.ve/sites/default/files/cuentas_macroeconomicas/5_2_4_ae_anual.xlsx,2026-08-05T21:44:21Z
bcv_pib_actividad_economica_anual,Producto interno bruto por actividad económica anual,Variaciones porcentuales,5_2_4_ae_anual.xlsx,2007,Precios constantes,Variación porcentual interanual,Anual,2020,2020,,Actividad económica,Actividad petrolera,-41.13915820874813,Porcentaje,Preliminar,Banco Central de Venezuela,https://www.bcv.org.ve/sites/default/files/cuentas_macroeconomicas/5_2_4_ae_anual.xlsx,2026-08-05T21:44:21Z
bcv_pib_actividad_economica_anual,Producto interno bruto por actividad económica anual,Variaciones porcentuales,5_2_4_ae_anual.xlsx,2007,Precios constantes,Variación porcentual interanual,Anual,2021,2021,,Actividad económica,Actividad petrolera,12.218191100312012,Porcentaje,Preliminar,Banco Central de Venezuela,https://www.bcv.org.ve/sites/default/files/cuentas_macroeconomicas/5_2_4_ae_anual.xlsx,2026-08-05T21:44:21Z
bcv_pib_actividad_economica_anual,Producto interno bruto por actividad económica anual,Variaciones porcentuales,5_2_4_ae_anual.xlsx,2007,Precios constantes,Variación porcentual interanual,Anual,2022,2022,,Actividad económica,Actividad petrolera,15.551697761143231,Porcentaje,Preliminar,Banco Central de Venezuela,https://www.bcv.org.ve/sites/default/files/cuentas_macroeconomicas/5_2_4_ae_anual.xlsx,2026-08-05T21:44:21Z
bcv_pib_actividad_economica_anual,Producto interno bruto por actividad económica anual,Variaciones porcentuales,5_2_4_ae_anual.xlsx,2007,Precios constantes,Variación porcentual interanual,Anual,2023,2023,,Actividad económica,Actividad petrolera,4.797280793541631,Porcentaje,Preliminar,Banco Central de Venezuela,https://www.bcv.org.ve/sites/default/files/cuentas_macroeconomicas/5_2_4_ae_anual.xlsx,2026-08-05T21:44:21Z
bcv_pib_actividad_economica_anual,Producto interno bruto por actividad económica anual,Variaciones porcentuales,5_2_4_ae_anual.xlsx,2007,Precios constantes,Variación porcentual interanual,Anual,2024,2024,,Actividad económica,Actividad petrolera,15.652902888701917,Porcentaje,Preliminar,Banco Central de Venezuela,https://www.bcv.org.ve/sites/default/files/cuentas_macroeconomicas/5_2_4_ae_anual.xlsx,2026-08-05T21:44:21Z
bcv_pib_actividad_economica_anual,Producto interno bruto por actividad económica anual,Variaciones porcentuales,5_2_4_ae_anual.xlsx,2007,Precios constantes,Variación porcentual interanual,Anual,2025,2025,,Actividad económica,Actividad petrolera,15.2576271638017,Porcentaje,Preliminar,Banco Central de Venezuela,https://www.bcv.org.ve/sites/default/files/cuentas_macroeconomicas/5_2_4_ae_anual.xlsx,2026-08-05T21:44:21Z
bcv_pib_actividad_economica_anual,Producto interno bruto por actividad económica anual,Variaciones porcentuales,5_2_4_ae_anual.xlsx,2007,Precios constantes,Variación porcentual interanual,Anual,2008,2008,,Actividad económica,Actividades financieras y de seguros,2.7546225644609024,Porcentaje,,Banco Central de Venezuela,https://www.bcv.org.ve/sites/default/files/cuentas_macroeconomicas/5_2_4_ae_anual.xlsx,2026-08-05T21:44:21Z
bcv_pib_actividad_economica_anual,Producto interno bruto por actividad económica anual,Variaciones porcentuales,5_2_4_ae_anual.xlsx,2007,Precios constantes,Variación porcentual interanual,Anual,2009,2009,,Actividad económica,Actividades financieras y de seguros,-10.742923426578756,Porcentaje,,Banco Central de Venezuela,https://www.bcv.org.ve/sites/default/files/cuentas_macroeconomicas/5_2_4_ae_anual.xlsx,2026-08-05T21:44:21Z
bcv_pib_actividad_economica_anual,Producto interno bruto por actividad económica anual,Variaciones porcentuales,5_2_4_ae_anual.xlsx,2007,Precios constantes,Variación porcentual interanual,Anual,2010,2010,,Actividad económica,Actividades financieras y de seguros,-2.6729012121616478,Porcentaje,,Banco Central de Venezuela,https://www.bcv.org.ve/sites/default/files/cuentas_macroeconomicas/5_2_4_ae_anual.xlsx,2026-08-05T21:44:21Z
bcv_pib_actividad_economica_anual,Producto interno bruto por actividad económica anual,Variaciones porcentuales,5_2_4_ae_anual.xlsx,2007,Precios constantes,Variación porcentual interanual,Anual,2011,2011,,Actividad económica,Actividades financieras y de seguros,10.38548356372091,Porcentaje,,Banco Central de Venezuela,https://www.bcv.org.ve/sites/default/files/cuentas_macroeconomicas/5_2_4_ae_anual.xlsx,2026-08-05T21:44:21Z
bcv_pib_actividad_economica_anual,Producto interno bruto por actividad económica anual,Variaciones porcentuales,5_2_4_ae_anual.xlsx,2007,Precios constantes,Variación porcentual interanual,Anual,2012,2012,,Actividad económica,Actividades financieras y de seguros,19.684243665068152,Porcentaje,,Banco Central de Venezuela,https://www.bcv.org.ve/sites/default/files/cuentas_macroeconomicas/5_2_4_ae_anual.xlsx,2026-08-05T21:44:21Z
bcv_pib_actividad_economica_anual,Producto interno bruto por actividad económica anual,Variaciones porcentuales,5_2_4_ae_anual.xlsx,2007,Precios constantes,Variación porcentual interanual,Anual,2013,2013,,Actividad económica,Actividades financieras y de seguros,22.60223263441479,Porcentaje,,Banco Central de Venezuela,https://www.bcv.org.ve/sites/default/files/cuentas_macroeconomicas/5_2_4_ae_anual.xlsx,2026-08-05T21:44:21Z
bcv_pib_actividad_economica_anual,Producto interno bruto por actividad económica anual,Variaciones porcentuales,5_2_4_ae_anual.xlsx,2007,Precios constantes,Variación porcentual interanual,Anual,2014,2014,,Actividad económica,Actividades financieras y de seguros,12.682507062653258,Porcentaje,,Banco Central de Venezuela,https://www.bcv.org.ve/sites/default/files/cuentas_macroeconomicas/5_2_4_ae_anual.xlsx,2026-08-05T21:44:21Z
bcv_pib_actividad_economica_anual,Producto interno bruto por actividad económica anual,Variaciones porcentuales,5_2_4_ae_anual.xlsx,2007,Precios constantes,Variación porcentual interanual,Anual,2015,2015,,Actividad económica,Actividades financieras y de seguros,-9.479471366043555,Porcentaje,,Banco Central de Venezuela,https://www.bcv.org.ve/sites/default/files/cuentas_macroeconomicas/5_2_4_ae_anual.xlsx,2026-08-05T21:44:21Z
bcv_pib_actividad_economica_anual,Producto interno bruto por actividad económica anual,Variaciones porcentuales,5_2_4_ae_anual.xlsx,2007,Precios constantes,Variación porcentual interanual,Anual,2016,2016,,Actividad económica,Actividades financieras y de seguros,-30.86140513970234,Porcentaje,,Banco Central de Venezuela,https://www.bcv.org.ve/sites/default/files/cuentas_macroeconomicas/5_2_4_ae_anual.xlsx,2026-08-05T21:44:21Z
bcv_pib_actividad_economica_anual,Producto interno bruto por actividad económica anual,Variaciones porcentuales,5_2_4_ae_anual.xlsx,2007,Precios constantes,Variación porcentual interanual,Anual,2017,2017,,Actividad económica,Actividades financieras y de seguros,-22.672090213707705,Porcentaje,Preliminar,Banco Central de Venezuela,https://www.bcv.org.ve/sites/default/files/cuentas_macroeconomicas/5_2_4_ae_anual.xlsx,2026-08-05T21:44:21Z
bcv_pib_actividad_economica_anual,Producto interno bruto por actividad económica anual,Variaciones porcentuales,5_2_4_ae_anual.xlsx,2007,Precios constantes,Variación porcentual interanual,Anual,2018,2018,,Actividad económica,Actividades financieras y de seguros,-57.42812918925825,Porcentaje,Preliminar,Banco Central de Venezuela,https://www.bcv.org.ve/sites/default/files/cuentas_macroeconomicas/5_2_4_ae_anual.xlsx,2026-08-05T21:44:21Z
bcv_pib_actividad_economica_anual,Producto interno bruto por actividad económica anual,Variaciones porcentuales,5_2_4_ae_anual.xlsx,2007,Precios constantes,Variación porcentual interanual,Anual,2019,2019,,Actividad económica,Actividades financieras y de seguros,-39.024406560945046,Porcentaje,Preliminar,Banco Central de Venezuela,https://www.bcv.org.ve/sites/default/files/cuentas_macroeconomicas/5_2_4_ae_anual.xlsx,2026-08-05T21:44:21Z
bcv_pib_actividad_economica_anual,Producto interno bruto por actividad económica anual,Variaciones porcentuales,5_2_4_ae_anual.xlsx,2007,Precios constantes,Variación porcentual interanual,Anual,2020,2020,,Actividad económica,Actividades financieras y de seguros,-41.933205006454955,Porcentaje,Preliminar,Banco Central de Venezuela,https://www.bcv.org.ve/sites/default/files/cuentas_macroeconomicas/5_2_4_ae_anual.xlsx,2026-08-05T21:44:21Z
bcv_pib_actividad_economica_anual,Producto interno bruto por actividad económica anual,Variaciones porcentuales,5_2_4_ae_anual.xlsx,2007,Precios constantes,Variación porcentual interanual,Anual,2021,2021,,Actividad económica,Actividades financieras y de seguros,-21.137464637929142,Porcentaje,Preliminar,Banco Central de Venezuela,https://www.bcv.org.ve/sites/default/files/cuentas_macroeconomicas/5_2_4_ae_anual.xlsx,2026-08-05T21:44:21Z
bcv_pib_actividad_economica_anual,Producto interno bruto por actividad económica anual,Variaciones porcentuales,5_2_4_ae_anual.xlsx,2007,Precios constantes,Variación porcentual interanual,Anual,2022,2022,,Actividad económica,Actividades financieras y de seguros,23.0560510062826,Porcentaje,Preliminar,Banco Central de Venezuela,https://www.bcv.org.ve/sites/default/files/cuentas_macroeconomicas/5_2_4_ae_anual.xlsx,2026-08-05T21:44:21Z
bcv_pib_actividad_economica_anual,Producto interno bruto por actividad económica anual,Variaciones porcentuales,5_2_4_ae_anual.xlsx,2007,Precios constantes,Variación porcentual interanual,Anual,2023,2023,,Actividad económica,Actividades financieras y de seguros,7.35384866665116,Porcentaje,Preliminar,Banco Central de Venezuela,https://www.bcv.org.ve/sites/default/files/cuentas_macroeconomicas/5_2_4_ae_anual.xlsx,2026-08-05T21:44:21Z
bcv_pib_actividad_economica_anual,Producto interno bruto por actividad económica anual,Variaciones porcentuales,5_2_4_ae_anual.xlsx,2007,Precios constantes,Variación porcentual interanual,Anual,2024,2024,,Actividad económica,Actividades financieras y de seguros,23.81888226631932,Porcentaje,Preliminar,Banco Central de Venezuela,https://www.bcv.org.ve/sites/default/files/cuentas_macroeconomicas/5_2_4_ae_anual.xlsx,2026-08-05T21:44:21Z
bcv_pib_actividad_economica_anual,Producto interno bruto por actividad económica anual,Variaciones porcentuales,5_2_4_ae_anual.xlsx,2007,Precios constantes,Variación porcentual interanual,Anual,2025,2025,,Actividad económica,Actividades financieras y de seguros,12.694857388376988,Porcentaje,Preliminar,Banco Central de Venezuela,https://www.bcv.org.ve/sites/default/files/cuentas_macroeconomicas/5_2_4_ae_anual.xlsx,2026-08-05T21:44:21Z
bcv_pib_actividad_economica_anual,Producto interno bruto por actividad económica anual,Variaciones porcentuales,5_2_4_ae_anual.xlsx,2007,Precios constantes,Variación porcentual interanual,Anual,2008,2008,,Actividad económica,"Actividades inmob., profes., cient., técnicas, admin. y de apoyo",3.0185529245022877,Porcentaje,,Banco Central de Venezuela,https://www.bcv.org.ve/sites/default/files/cuentas_macroeconomicas/5_2_4_ae_anual.xlsx,2026-08-05T21:44:21Z
bcv_pib_actividad_economica_anual,Producto interno bruto por actividad económica anual,Variaciones porcentuales,5_2_4_ae_anual.xlsx,2007,Precios constantes,Variación porcentual interanual,Anual,2009,2009,,Actividad económica,"Actividades inmob., profes., cient., técnicas, admin. y de apoyo",-1.8428544000363019,Porcentaje,,Banco Central de Venezuela,https://www.bcv.org.ve/sites/default/files/cuentas_macroeconomicas/5_2_4_ae_anual.xlsx,2026-08-05T21:44:21Z
bcv_pib_actividad_economica_anual,Producto interno bruto por actividad económica anual,Variaciones porcentuales,5_2_4_ae_anual.xlsx,2007,Precios constantes,Variación porcentual interanual,Anual,2010,2010,,Actividad económica,"Actividades inmob., profes., cient., técnicas, admin. y de apoyo",1.0657548740807812,Porcentaje,,Banco Central de Venezuela,https://www.bcv.org.ve/sites/default/files/cuentas_macroeconomicas/5_2_4_ae_anual.xlsx,2026-08-05T21:44:21Z
bcv_pib_actividad_economica_anual,Producto interno bruto por actividad económica anual,Variaciones porcentuales,5_2_4_ae_anual.xlsx,2007,Precios constantes,Variación porcentual interanual,Anual,2011,2011,,Actividad económica,"Actividades inmob., profes., cient., técnicas, admin. y de apoyo",0.562401424759031,Porcentaje,,Banco Central de Venezuela,https://www.bcv.org.ve/sites/default/files/cuentas_macroeconomicas/5_2_4_ae_anual.xlsx,2026-08-05T21:44:21Z
bcv_pib_actividad_economica_anual,Producto interno bruto por actividad económica anual,Variaciones porcentuales,5_2_4_ae_anual.xlsx,2007,Precios constantes,Variación porcentual interanual,Anual,2012,2012,,Actividad económica,"Actividades inmob., profes., cient., técnicas, admin. y de apoyo",2.993989347584389,Porcentaje,,Banco Central de Venezuela,https://www.bcv.org.ve/sites/default/files/cuentas_macroeconomicas/5_2_4_ae_anual.xlsx,2026-08-05T21:44:21Z
bcv_pib_actividad_economica_anual,Producto interno bruto por actividad económica anual,Variaciones porcentuales,5_2_4_ae_anual.xlsx,2007,Precios constantes,Variación porcentual interanual,Anual,2013,2013,,Actividad económica,"Actividades inmob., profes., cient., técnicas, admin. y de apoyo",2.477693438416324,Porcentaje,,Banco Central de Venezuela,https://www.bcv.org.ve/sites/default/files/cuentas_macroeconomicas/5_2_4_ae_anual.xlsx,2026-08-05T21:44:21Z
bcv_pib_actividad_economica_anual,Producto interno bruto por actividad económica anual,Variaciones porcentuales,5_2_4_ae_anual.xlsx,2007,Precios constantes,Variación porcentual interanual,Anual,2014,2014,,Actividad económica,"Actividades inmob., profes., cient., técnicas, admin. y de apoyo",1.6327983041464051,Porcentaje,,Banco Central de Venezuela,https://www.bcv.org.ve/sites/default/files/cuentas_macroeconomicas/5_2_4_ae_anual.xlsx,2026-08-05T21:44:21Z
bcv_pib_actividad_economica_anual,Producto interno bruto por actividad económica anual,Variaciones porcentuales,5_2_4_ae_anual.xlsx,2007,Precios constantes,Variación porcentual interanual,Anual,2015,2015,,Actividad económica,"Actividades inmob., profes., cient., técnicas, admin. y de apoyo",-3.99392609578409,Porcentaje,,Banco Central de Venezuela,https://www.bcv.org.ve/sites/default/files/cuentas_macroeconomicas/5_2_4_ae_anual.xlsx,2026-08-05T21:44:21Z
bcv_pib_actividad_economica_anual,Producto interno bruto por actividad económica anual,Variaciones porcentuales,5_2_4_ae_anual.xlsx,2007,Precios constantes,Variación porcentual interanual,Anual,2016,2016,,Actividad económica,"Actividades inmob., profes., cient., técnicas, admin. y de apoyo",-12.13840401269357,Porcentaje,,Banco Central de Venezuela,https://www.bcv.org.ve/sites/default/files/cuentas_macroeconomicas/5_2_4_ae_anual.xlsx,2026-08-05T21:44:21Z
bcv_pib_actividad_economica_anual,Producto interno bruto por actividad económica anual,Variaciones porcentuales,5_2_4_ae_anual.xlsx,2007,Precios constantes,Variación porcentual interanual,Anual,2017,2017,,Actividad económica,"Actividades inmob., profes., cient., técnicas, admin. y de apoyo",-10.593399345252067,Porcentaje,Preliminar,Banco Central de Venezuela,https://www.bcv.org.ve/sites/default/files/cuentas_macroeconomicas/5_2_4_ae_anual.xlsx,2026-08-05T21:44:21Z
bcv_pib_actividad_economica_anual,Producto interno bruto por actividad económica anual,Variaciones porcentuales,5_2_4_ae_anual.xlsx,2007,Precios constantes,Variación porcentual interanual,Anual,2018,2018,,Actividad económica,"Actividades inmob., profes., cient., técnicas, admin. y de apoyo",-15.587739498830771,Porcentaje,Preliminar,Banco Central de Venezuela,https://www.bcv.org.ve/sites/default/files/cuentas_macroeconomicas/5_2_4_ae_anual.xlsx,2026-08-05T21:44:21Z
bcv_pib_actividad_economica_anual,Producto interno bruto por actividad económica anual,Variaciones porcentuales,5_2_4_ae_anual.xlsx,2007,Precios constantes,Variación porcentual interanual,Anual,2019,2019,,Actividad económica,"Actividades inmob., profes., cient., técnicas, admin. y de apoyo",-25.241710404840845,Porcentaje,Preliminar,Banco Central de Venezuela,https://www.bcv.org.ve/sites/default/files/cuentas_macroeconomicas/5_2_4_ae_anual.xlsx,2026-08-05T21:44:21Z
bcv_pib_actividad_economica_anual,Producto interno bruto por actividad económica anual,Variaciones porcentuales,5_2_4_ae_anual.xlsx,2007,Precios constantes,Variación porcentual interanual,Anual,2020,2020,,Actividad económica,"Actividades inmob., profes., cient., técnicas, admin. y de apoyo",-22.693261451475948,Porcentaje,Preliminar,Banco Central de Venezuela,https://www.bcv.org.ve/sites/default/files/cuentas_macroeconomicas/5_2_4_ae_anual.xlsx,2026-08-05T21:44:21Z
bcv_pib_actividad_economica_anual,Producto interno bruto por actividad económica anual,Variaciones porcentuales,5_2_4_ae_anual.xlsx,2007,Precios constantes,Variación porcentual interanual,Anual,2021,2021,,Actividad económica,"Actividades inmob., profes., cient., técnicas, admin. y de apoyo",-8.01591285332988,Porcentaje,Preliminar,Banco Central de Venezuela,https://www.bcv.org.ve/sites/default/files/cuentas_macroeconomicas/5_2_4_ae_anual.xlsx,2026-08-05T21:44:21Z
bcv_pib_actividad_economica_anual,Producto interno bruto por actividad económica anual,Variaciones porcentuales,5_2_4_ae_anual.xlsx,2007,Precios constantes,Variación porcentual interanual,Anual,2022,2022,,Actividad económica,"Actividades inmob., profes., cient., técnicas, admin. y de apoyo",6.19529758081157,Porcentaje,Preliminar,Banco Central de Venezuela,https://www.bcv.org.ve/sites/default/files/cuentas_macroeconomicas/5_2_4_ae_anual.xlsx,2026-08-05T21:44:21Z
bcv_pib_actividad_economica_anual,Producto interno bruto por actividad económica anual,Variaciones porcentuales,5_2_4_ae_anual.xlsx,2007,Precios constantes,Variación porcentual interanual,Anual,2023,2023,,Actividad económica,"Actividades inmob., profes., cient., técnicas, admin. y de apoyo",4.532772403577383,Porcentaje,Preliminar,Banco Central de Venezuela,https://www.bcv.org.ve/sites/default/files/cuentas_macroeconomicas/5_2_4_ae_anual.xlsx,2026-08-05T21:44:21Z
bcv_pib_actividad_economica_anual,Producto interno bruto por actividad económica anual,Variaciones porcentuales,5_2_4_ae_anual.xlsx,2007,Precios constantes,Variación porcentual interanual,Anual,2024,2024,,Actividad económica,"Actividades inmob., profes., cient., técnicas, admin. y de apoyo",4.739048885510073,Porcentaje,Preliminar,Banco Central de Venezuela,https://www.bcv.org.ve/sites/default/files/cuentas_macroeconomicas/5_2_4_ae_anual.xlsx,2026-08-05T21:44:21Z
bcv_pib_actividad_economica_anual,Producto interno bruto por actividad económica anual,Variaciones porcentuales,5_2_4_ae_anual.xlsx,2007,Precios constantes,Variación porcentual interanual,Anual,2025,2025,,Actividad económica,"Actividades inmob., profes., cient., técnicas, admin. y de apoyo",4.892361280309899,Porcentaje,Preliminar,Banco Central de Venezuela,https://www.bcv.org.ve/sites/default/files/cuentas_macroeconomicas/5_2_4_ae_anual.xlsx,2026-08-05T21:44:21Z
bcv_pib_actividad_economica_anual,Producto interno bruto por actividad económica anual,Variaciones porcentuales,5_2_4_ae_anual.xlsx,2007,Precios constantes,Variación porcentual interanual,Anual,2008,2008,,Actividad económica,Agricultura,1.4842548292057103,Porcentaje,,Banco Central de Venezuela,https://www.bcv.org.ve/sites/default/files/cuentas_macroeconomicas/5_2_4_ae_anual.xlsx,2026-08-05T21:44:21Z
bcv_pib_actividad_economica_anual,Producto interno bruto por actividad económica anual,Variaciones porcentuales,5_2_4_ae_anual.xlsx,2007,Precios constantes,Variación porcentual interanual,Anual,2009,2009,,Actividad económica,Agricultura,1.376657409381849,Porcentaje,,Banco Central de Venezuela,https://www.bcv.org.ve/sites/default/files/cuentas_macroeconomicas/5_2_4_ae_anual.xlsx,2026-08-05T21:44:21Z
bcv_pib_actividad_economica_anual,Producto interno bruto por actividad económica anual,Variaciones porcentuales,5_2_4_ae_anual.xlsx,2007,Precios constantes,Variación porcentual interanual,Anual,2010,2010,,Actividad económica,Agricultura,1.5455267458690969,Porcentaje,,Banco Central de Venezuela,https://www.bcv.org.ve/sites/default/files/cuentas_macroeconomicas/5_2_4_ae_anual.xlsx,2026-08-05T21:44:21Z
bcv_pib_actividad_economica_anual,Producto interno bruto por actividad económica anual,Variaciones porcentuales,5_2_4_ae_anual.xlsx,2007,Precios constantes,Variación porcentual interanual,Anual,2011,2011,,Actividad económica,Agricultura,-2.2259585670223743,Porcentaje,,Banco Central de Venezuela,https://www.bcv.org.ve/sites/default/files/cuentas_macroeconomicas/5_2_4_ae_anual.xlsx,2026-08-05T21:44:21Z
bcv_pib_actividad_economica_anual,Producto interno bruto por actividad económica anual,Variaciones porcentuales,5_2_4_ae_anual.xlsx,2007,Precios constantes,Variación porcentual interanual,Anual,2012,2012,,Actividad económica,Agricultura,2.1711024512692774,Porcentaje,,Banco Central de Venezuela,https://www.bcv.org.ve/sites/default/files/cuentas_macroeconomicas/5_2_4_ae_anual.xlsx,2026-08-05T21:44:21Z
bcv_pib_actividad_economica_anual,Producto interno bruto por actividad económica anual,Variaciones porcentuales,5_2_4_ae_anual.xlsx,2007,Precios constantes,Variación porcentual interanual,Anual,2013,2013,,Actividad económica,Agricultura,-0.624391850365484,Porcentaje,,Banco Central de Venezuela,https://www.bcv.org.ve/sites/default/files/cuentas_macroeconomicas/5_2_4_ae_anual.xlsx,2026-08-05T21:44:21Z
bcv_pib_actividad_economica_anual,Producto interno bruto por actividad económica anual,Variaciones porcentuales,5_2_4_ae_anual.xlsx,2007,Precios constantes,Variación porcentual interanual,Anual,2014,2014,,Actividad económica,Agricultura,-2.009931679080509,Porcentaje,,Banco Central de Venezuela,https://www.bcv.org.ve/sites/default/files/cuentas_macroeconomicas/5_2_4_ae_anual.xlsx,2026-08-05T21:44:21Z
bcv_pib_actividad_economica_anual,Producto interno bruto por actividad económica anual,Variaciones porcentuales,5_2_4_ae_anual.xlsx,2007,Precios constantes,Variación porcentual interanual,Anual,2015,2015,,Actividad económica,Agricultura,-8.267243151605214,Porcentaje,,Banco Central de Venezuela,https://www.bcv.org.ve/sites/default/files/cuentas_macroeconomicas/5_2_4_ae_anual.xlsx,2026-08-05T21:44:21Z
bcv_pib_actividad_economica_anual,Producto interno bruto por actividad económica anual,Variaciones porcentuales,5_2_4_ae_anual.xlsx,2007,Precios constantes,Variación porcentual interanual,Anual,2016,2016,,Actividad económica,Agricultura,-14.161305433276922,Porcentaje,,Banco Central de Venezuela,https://www.bcv.org.ve/sites/default/files/cuentas_macroeconomicas/5_2_4_ae_anual.xlsx,2026-08-05T21:44:21Z
bcv_pib_actividad_economica_anual,Producto interno bruto por actividad económica anual,Variaciones porcentuales,5_2_4_ae_anual.xlsx,2007,Precios constantes,Variación porcentual interanual,Anual,2017,2017,,Actividad económica,Agricultura,-9.675072819690413,Porcentaje,Preliminar,Banco Central de Venezuela,https://www.bcv.org.ve/sites/default/files/cuentas_macroeconomicas/5_2_4_ae_anual.xlsx,2026-08-05T21:44:21Z
bcv_pib_actividad_economica_anual,Producto interno bruto por actividad económica anual,Variaciones porcentuales,5_2_4_ae_anual.xlsx,2007,Precios constantes,Variación porcentual interanual,Anual,2018,2018,,Actividad económica,Agricultura,-7.130322147268686,Porcentaje,Preliminar,Banco Central de Venezuela,https://www.bcv.org.ve/sites/default/files/cuentas_macroeconomicas/5_2_4_ae_anual.xlsx,2026-08-05T21:44:21Z
bcv_pib_actividad_economica_anual,Producto interno bruto por actividad económica anual,Variaciones porcentuales,5_2_4_ae_anual.xlsx,2007,Precios constantes,Variación porcentual interanual,Anual,2019,2019,,Actividad económica,Agricultura,-9.135823372049728,Porcentaje,Preliminar,Banco Central de Venezuela,https://www.bcv.org.ve/sites/default/files/cuentas_macroeconomicas/5_2_4_ae_anual.xlsx,2026-08-05T21:44:21Z
bcv_pib_actividad_economica_anual,Producto interno bruto por actividad económica anual,Variaciones porcentuales,5_2_4_ae_anual.xlsx,2007,Precios constantes,Variación porcentual interanual,Anual,2020,2020,,Actividad económica,Agricultura,-10.445329515731373,Porcentaje,Preliminar,Banco Central de Venezuela,https://www.bcv.org.ve/sites/default/files/cuentas_macroeconomicas/5_2_4_ae_anual.xlsx,2026-08-05T21:44:21Z
bcv_pib_actividad_economica_anual,Producto interno bruto por actividad económica anual,Variaciones porcentuales,5_2_4_ae_anual.xlsx,2007,Precios constantes,Variación porcentual interanual,Anual,2021,2021,,Actividad económica,Agricultura,-7.78995275368483,Porcentaje,Preliminar,Banco Central de Venezuela,https://www.bcv.org.ve/sites/default/files/cuentas_macroeconomicas/5_2_4_ae_anual.xlsx,2026-08-05T21:44:21Z
bcv_pib_actividad_economica_anual,Producto interno bruto por actividad económica anual,Variaciones porcentuales,5_2_4_ae_anual.xlsx,2007,Precios constantes,Variación porcentual interanual,Anual,2022,2022,,Actividad económica,Agricultura,5.053033226693927,Porcentaje,Preliminar,Banco Central de Venezuela,https://www.bcv.org.ve/sites/default/files/cuentas_macroeconomicas/5_2_4_ae_anual.xlsx,2026-08-05T21:44:21Z
bcv_pib_actividad_economica_anual,Producto interno bruto por actividad económica anual,Variaciones porcentuales,5_2_4_ae_anual.xlsx,2007,Precios constantes,Variación porcentual interanual,Anual,2023,2023,,Actividad económica,Agricultura,4.718910118131106,Porcentaje,Preliminar,Banco Central de Venezuela,https://www.bcv.org.ve/sites/default/files/cuentas_macroeconomicas/5_2_4_ae_anual.xlsx,2026-08-05T21:44:21Z
bcv_pib_actividad_economica_anual,Producto interno bruto por actividad económica anual,Variaciones porcentuales,5_2_4_ae_anual.xlsx,2007,Precios constantes,Variación porcentual interanual,Anual,2024,2024,,Actividad económica,Agricultura,6.154315711079377,Porcentaje,Preliminar,Banco Central de Venezuela,https://www.bcv.org.ve/sites/default/files/cuentas_macroeconomicas/5_2_4_ae_anual.xlsx,2026-08-05T21:44:21Z
bcv_pib_actividad_economica_anual,Producto interno bruto por actividad económica anual,Variaciones porcentuales,5_2_4_ae_anual.xlsx,2007,Precios constantes,Variación porcentual interanual,Anual,2025,2025,,Actividad económica,Agricultura,4.492990436731745,Porcentaje,Preliminar,Banco Central de Venezuela,https://www.bcv.org.ve/sites/default/files/cuentas_macroeconomicas/5_2_4_ae_anual.xlsx,2026-08-05T21:44:21Z
bcv_pib_actividad_economica_anual,Producto interno bruto por actividad económica anual,Variaciones porcentuales,5_2_4_ae_anual.xlsx,2007,Precios constantes,Variación porcentual interanual,Anual,2008,2008,,Actividad económica,Alojamiento y servicios de comidas,10.086509876688822,Porcentaje,,Banco Central de Venezuela,https://www.bcv.org.ve/sites/default/files/cuentas_macroeconomicas/5_2_4_ae_anual.xlsx,2026-08-05T21:44:21Z
bcv_pib_actividad_economica_anual,Producto interno bruto por actividad económica anual,Variaciones porcentuales,5_2_4_ae_anual.xlsx,2007,Precios constantes,Variación porcentual interanual,Anual,2009,2009,,Actividad económica,Alojamiento y servicios de comidas,-5.2451527112501,Porcentaje,,Banco Central de Venezuela,https://www.bcv.org.ve/sites/default/files/cuentas_macroeconomicas/5_2_4_ae_anual.xlsx,2026-08-05T21:44:21Z
bcv_pib_actividad_economica_anual,Producto interno bruto por actividad económica anual,Variaciones porcentuales,5_2_4_ae_anual.xlsx,2007,Precios constantes,Variación porcentual interanual,Anual,2010,2010,,Actividad económica,Alojamiento y servicios de comidas,-4.375631044335876,Porcentaje,,Banco Central de Venezuela,https://www.bcv.org.ve/sites/default/files/cuentas_macroeconomicas/5_2_4_ae_anual.xlsx,2026-08-05T21:44:21Z
bcv_pib_actividad_economica_anual,Producto interno bruto por actividad económica anual,Variaciones porcentuales,5_2_4_ae_anual.xlsx,2007,Precios constantes,Variación porcentual interanual,Anual,2011,2011,,Actividad económica,Alojamiento y servicios de comidas,-2.4542515492331205,Porcentaje,,Banco Central de Venezuela,https://www.bcv.org.ve/sites/default/files/cuentas_macroeconomicas/5_2_4_ae_anual.xlsx,2026-08-05T21:44:21Z
bcv_pib_actividad_economica_anual,Producto interno bruto por actividad económica anual,Variaciones porcentuales,5_2_4_ae_anual.xlsx,2007,Precios constantes,Variación porcentual interanual,Anual,2012,2012,,Actividad económica,Alojamiento y servicios de comidas,5.682370927922705,Porcentaje,,Banco Central de Venezuela,https://www.bcv.org.ve/sites/default/files/cuentas_macroeconomicas/5_2_4_ae_anual.xlsx,2026-08-05T21:44:21Z
bcv_pib_actividad_economica_anual,Producto interno bruto por actividad económica anual,Variaciones porcentuales,5_2_4_ae_anual.xlsx,2007,Precios constantes,Variación porcentual interanual,Anual,2013,2013,,Actividad económica,Alojamiento y servicios de comidas,4.716639960248315,Porcentaje,,Banco Central de Venezuela,https://www.bcv.org.ve/sites/default/files/cuentas_macroeconomicas/5_2_4_ae_anual.xlsx,2026-08-05T21:44:21Z
bcv_pib_actividad_economica_anual,Producto interno bruto por actividad económica anual,Variaciones porcentuales,5_2_4_ae_anual.xlsx,2007,Precios constantes,Variación porcentual interanual,Anual,2014,2014,,Actividad económica,Alojamiento y servicios de comidas,-3.277470272992872,Porcentaje,,Banco Central de Venezuela,https://www.bcv.org.ve/sites/default/files/cuentas_macroeconomicas/5_2_4_ae_anual.xlsx,2026-08-05T21:44:21Z
bcv_pib_actividad_economica_anual,Producto interno bruto por actividad económica anual,Variaciones porcentuales,5_2_4_ae_anual.xlsx,2007,Precios constantes,Variación porcentual interanual,Anual,2015,2015,,Actividad económica,Alojamiento y servicios de comidas,-6.575250744489708,Porcentaje,,Banco Central de Venezuela,https://www.bcv.org.ve/sites/default/files/cuentas_macroeconomicas/5_2_4_ae_anual.xlsx,2026-08-05T21:44:21Z
bcv_pib_actividad_economica_anual,Producto interno bruto por actividad económica anual,Variaciones porcentuales,5_2_4_ae_anual.xlsx,2007,Precios constantes,Variación porcentual interanual,Anual,2016,2016,,Actividad económica,Alojamiento y servicios de comidas,-28.052016414021537,Porcentaje,,Banco Central de Venezuela,https://www.bcv.org.ve/sites/default/files/cuentas_macroeconomicas/5_2_4_ae_anual.xlsx,2026-08-05T21:44:21Z
bcv_pib_actividad_economica_anual,Producto interno bruto por actividad económica anual,Variaciones porcentuales,5_2_4_ae_anual.xlsx,2007,Precios constantes,Variación porcentual interanual,Anual,2017,2017,,Actividad económica,Alojamiento y servicios de comidas,-19.259307263021967,Porcentaje,Preliminar,Banco Central de Venezuela,https://www.bcv.org.ve/sites/default/files/cuentas_macroeconomicas/5_2_4_ae_anual.xlsx,2026-08-05T21:44:21Z
bcv_pib_actividad_economica_anual,Producto interno bruto por actividad económica anual,Variaciones porcentuales,5_2_4_ae_anual.xlsx,2007,Precios constantes,Variación porcentual interanual,Anual,2018,2018,,Actividad económica,Alojamiento y servicios de comidas,-24.324876459106335,Porcentaje,Preliminar,Banco Central de Venezuela,https://www.bcv.org.ve/sites/default/files/cuentas_macroeconomicas/5_2_4_ae_anual.xlsx,2026-08-05T21:44:21Z
bcv_pib_actividad_economica_anual,Producto interno bruto por actividad económica anual,Variaciones porcentuales,5_2_4_ae_anual.xlsx,2007,Precios constantes,Variación porcentual interanual,Anual,2019,2019,,Actividad económica,Alojamiento y servicios de comidas,-33.09130838647877,Porcentaje,Preliminar,Banco Central de Venezuela,https://www.bcv.org.ve/sites/default/files/cuentas_macroeconomicas/5_2_4_ae_anual.xlsx,2026-08-05T21:44:21Z
bcv_pib_actividad_economica_anual,Producto interno bruto por actividad económica anual,Variaciones porcentuales,5_2_4_ae_anual.xlsx,2007,Precios constantes,Variación porcentual interanual,Anual,2020,2020,,Actividad económica,Alojamiento y servicios de comidas,-38.71363749824266,Porcentaje,Preliminar,Banco Central de Venezuela,https://www.bcv.org.ve/sites/default/files/cuentas_macroeconomicas/5_2_4_ae_anual.xlsx,2026-08-05T21:44:21Z
bcv_pib_actividad_economica_anual,Producto interno bruto por actividad económica anual,Variaciones porcentuales,5_2_4_ae_anual.xlsx,2007,Precios constantes,Variación porcentual interanual,Anual,2021,2021,,Actividad económica,Alojamiento y servicios de comidas,9.915411196385875,Porcentaje,Preliminar,Banco Central de Venezuela,https://www.bcv.org.ve/sites/default/files/cuentas_macroeconomicas/5_2_4_ae_anual.xlsx,2026-08-05T21:44:21Z
bcv_pib_actividad_economica_anual,Producto interno bruto por actividad económica anual,Variaciones porcentuales,5_2_4_ae_anual.xlsx,2007,Precios constantes,Variación porcentual interanual,Anual,2022,2022,,Actividad económica,Alojamiento y servicios de comidas,31.428130299021177,Porcentaje,Preliminar,Banco Central de Venezuela,https://www.bcv.org.ve/sites/default/files/cuentas_macroeconomicas/5_2_4_ae_anual.xlsx,2026-08-05T21:44:21Z
bcv_pib_actividad_economica_anual,Producto interno bruto por actividad económica anual,Variaciones porcentuales,5_2_4_ae_anual.xlsx,2007,Precios constantes,Variación porcentual interanual,Anual,2023,2023,,Actividad económica,Alojamiento y servicios de comidas,2.9104661412423525,Porcentaje,Preliminar,Banco Central de Venezuela,https://www.bcv.org.ve/sites/default/files/cuentas_macroeconomicas/5_2_4_ae_anual.xlsx,2026-08-05T21:44:21Z
bcv_pib_actividad_economica_anual,Producto interno bruto por actividad económica anual,Variaciones porcentuales,5_2_4_ae_anual.xlsx,2007,Precios constantes,Variación porcentual interanual,Anual,2024,2024,,Actividad económica,Alojamiento y servicios de comidas,8.025252159454837,Porcentaje,Preliminar,Banco Central de Venezuela,https://www.bcv.org.ve/sites/default/files/cuentas_macroeconomicas/5_2_4_ae_anual.xlsx,2026-08-05T21:44:21Z
bcv_pib_actividad_economica_anual,Producto interno bruto por actividad económica anual,Variaciones porcentuales,5_2_4_ae_anual.xlsx,2007,Precios constantes,Variación porcentual interanual,Anual,2025,2025,,Actividad económica,Alojamiento y servicios de comidas,9.559915083222364,Porcentaje,Preliminar,Banco Central de Venezuela,https://www.bcv.org.ve/sites/default/files/cuentas_macroeconomicas/5_2_4_ae_anual.xlsx,2026-08-05T21:44:21Z
bcv_pib_actividad_economica_anual,Producto interno bruto por actividad económica anual,Variaciones porcentuales,5_2_4_ae_anual.xlsx,2007,Precios constantes,Variación porcentual interanual,Anual,2008,2008,,Actividad económica,Comercio y reparación vehículos,3.1485510919579127,Porcentaje,,Banco Central de Venezuela,https://www.bcv.org.ve/sites/default/files/cuentas_macroeconomicas/5_2_4_ae_anual.xlsx,2026-08-05T21:44:21Z
bcv_pib_actividad_economica_anual,Producto interno bruto por actividad económica anual,Variaciones porcentuales,5_2_4_ae_anual.xlsx,2007,Precios constantes,Variación porcentual interanual,Anual,2009,2009,,Actividad económica,Comercio y reparación vehículos,-9.09286692690982,Porcentaje,,Banco Central de Venezuela,https://www.bcv.org.ve/sites/default/files/cuentas_macroeconomicas/5_2_4_ae_anual.xlsx,2026-08-05T21:44:21Z
bcv_pib_actividad_economica_anual,Producto interno bruto por actividad económica anual,Variaciones porcentuales,5_2_4_ae_anual.xlsx,2007,Precios constantes,Variación porcentual interanual,Anual,2010,2010,,Actividad económica,Comercio y reparación vehículos,-5.887328418611162,Porcentaje,,Banco Central de Venezuela,https://www.bcv.org.ve/sites/default/files/cuentas_macroeconomicas/5_2_4_ae_anual.xlsx,2026-08-05T21:44:21Z
bcv_pib_actividad_economica_anual,Producto interno bruto por actividad económica anual,Variaciones porcentuales,5_2_4_ae_anual.xlsx,2007,Precios constantes,Variación porcentual interanual,Anual,2011,2011,,Actividad económica,Comercio y reparación vehículos,10.550192268852271,Porcentaje,,Banco Central de Venezuela,https://www.bcv.org.ve/sites/default/files/cuentas_macroeconomicas/5_2_4_ae_anual.xlsx,2026-08-05T21:44:21Z
bcv_pib_actividad_economica_anual,Producto interno bruto por actividad económica anual,Variaciones porcentuales,5_2_4_ae_anual.xlsx,2007,Precios constantes,Variación porcentual interanual,Anual,2012,2012,,Actividad económica,Comercio y reparación vehículos,6.978903128390584,Porcentaje,,Banco Central de Venezuela,https://www.bcv.org.ve/sites/default/files/cuentas_macroeconomicas/5_2_4_ae_anual.xlsx,2026-08-05T21:44:21Z
bcv_pib_actividad_economica_anual,Producto interno bruto por actividad económica anual,Variaciones porcentuales,5_2_4_ae_anual.xlsx,2007,Precios constantes,Variación porcentual interanual,Anual,2013,2013,,Actividad económica,Comercio y reparación vehículos,-4.162758257548106,Porcentaje,,Banco Central de Venezuela,https://www.bcv.org.ve/sites/default/files/cuentas_macroeconomicas/5_2_4_ae_anual.xlsx,2026-08-05T21:44:21Z
bcv_pib_actividad_economica_anual,Producto interno bruto por actividad económica anual,Variaciones porcentuales,5_2_4_ae_anual.xlsx,2007,Precios constantes,Variación porcentual interanual,Anual,2014,2014,,Actividad económica,Comercio y reparación vehículos,-7.1184653967203815,Porcentaje,,Banco Central de Venezuela,https://www.bcv.org.ve/sites/default/files/cuentas_macroeconomicas/5_2_4_ae_anual.xlsx,2026-08-05T21:44:21Z
bcv_pib_actividad_economica_anual,Producto interno bruto por actividad económica anual,Variaciones porcentuales,5_2_4_ae_anual.xlsx,2007,Precios constantes,Variación porcentual interanual,Anual,2015,2015,,Actividad económica,Comercio y reparación vehículos,-10.85571028429986,Porcentaje,,Banco Central de Venezuela,https://www.bcv.org.ve/sites/default/files/cuentas_macroeconomicas/5_2_4_ae_anual.xlsx,2026-08-05T21:44:21Z
bcv_pib_actividad_economica_anual,Producto interno bruto por actividad económica anual,Variaciones porcentuales,5_2_4_ae_anual.xlsx,2007,Precios constantes,Variación porcentual interanual,Anual,2016,2016,,Actividad económica,Comercio y reparación vehículos,-40.206656862236926,Porcentaje,,Banco Central de Venezuela,https://www.bcv.org.ve/sites/default/files/cuentas_macroeconomicas/5_2_4_ae_anual.xlsx,2026-08-05T21:44:21Z
bcv_pib_actividad_economica_anual,Producto interno bruto por actividad económica anual,Variaciones porcentuales,5_2_4_ae_anual.xlsx,2007,Precios constantes,Variación porcentual interanual,Anual,2017,2017,,Actividad económica,Comercio y reparación vehículos,-22.123083195760856,Porcentaje,Preliminar,Banco Central de Venezuela,https://www.bcv.org.ve/sites/default/files/cuentas_macroeconomicas/5_2_4_ae_anual.xlsx,2026-08-05T21:44:21Z
bcv_pib_actividad_economica_anual,Producto interno bruto por actividad económica anual,Variaciones porcentuales,5_2_4_ae_anual.xlsx,2007,Precios constantes,Variación porcentual interanual,Anual,2018,2018,,Actividad económica,Comercio y reparación vehículos,-18.80872170159249,Porcentaje,Preliminar,Banco Central de Venezuela,https://www.bcv.org.ve/sites/default/files/cuentas_macroeconomicas/5_2_4_ae_anual.xlsx,2026-08-05T21:44:21Z
bcv_pib_actividad_economica_anual,Producto interno bruto por actividad económica anual,Variaciones porcentuales,5_2_4_ae_anual.xlsx,2007,Precios constantes,Variación porcentual interanual,Anual,2019,2019,,Actividad económica,Comercio y reparación vehículos,-26.145860826916362,Porcentaje,Preliminar,Banco Central de Venezuela,https://www.bcv.org.ve/sites/default/files/cuentas_macroeconomicas/5_2_4_ae_anual.xlsx,2026-08-05T21:44:21Z
bcv_pib_actividad_economica_anual,Producto interno bruto por actividad económica anual,Variaciones porcentuales,5_2_4_ae_anual.xlsx,2007,Precios constantes,Variación porcentual interanual,Anual,2020,2020,,Actividad económica,Comercio y reparación vehículos,-14.824510750402283,Porcentaje,Preliminar,Banco Central de Venezuela,https://www.bcv.org.ve/sites/default/files/cuentas_macroeconomicas/5_2_4_ae_anual.xlsx,2026-08-05T21:44:21Z
bcv_pib_actividad_economica_anual,Producto interno bruto por actividad económica anual,Variaciones porcentuales,5_2_4_ae_anual.xlsx,2007,Precios constantes,Variación porcentual interanual,Anual,2021,2021,,Actividad económica,Comercio y reparación vehículos,1.8984250342938083,Porcentaje,Preliminar,Banco Central de Venezuela,https://www.bcv.org.ve/sites/default/files/cuentas_macroeconomicas/5_2_4_ae_anual.xlsx,2026-08-05T21:44:21Z
bcv_pib_actividad_economica_anual,Producto interno bruto por actividad económica anual,Variaciones porcentuales,5_2_4_ae_anual.xlsx,2007,Precios constantes,Variación porcentual interanual,Anual,2022,2022,,Actividad económica,Comercio y reparación vehículos,19.61261170686919,Porcentaje,Preliminar,Banco Central de Venezuela,https://www.bcv.org.ve/sites/default/files/cuentas_macroeconomicas/5_2_4_ae_anual.xlsx,2026-08-05T21:44:21Z
bcv_pib_actividad_economica_anual,Producto interno bruto por actividad económica anual,Variaciones porcentuales,5_2_4_ae_anual.xlsx,2007,Precios constantes,Variación porcentual interanual,Anual,2023,2023,,Actividad económica,Comercio y reparación vehículos,2.680602138073823,Porcentaje,Preliminar,Banco Central de Venezuela,https://www.bcv.org.ve/sites/default/files/cuentas_macroeconomicas/5_2_4_ae_anual.xlsx,2026-08-05T21:44:21Z
bcv_pib_actividad_economica_anual,Producto interno bruto por actividad económica anual,Variaciones porcentuales,5_2_4_ae_anual.xlsx,2007,Precios constantes,Variación porcentual interanual,Anual,2024,2024,,Actividad económica,Comercio y reparación vehículos,7.033839902535206,Porcentaje,Preliminar,Banco Central de Venezuela,https://www.bcv.org.ve/sites/default/files/cuentas_macroeconomicas/5_2_4_ae_anual.xlsx,2026-08-05T21:44:21Z
bcv_pib_actividad_economica_anual,Producto interno bruto por actividad económica anual,Variaciones porcentuales,5_2_4_ae_anual.xlsx,2007,Precios constantes,Variación porcentual interanual,Anual,2025,2025,,Actividad económica,Comercio y reparación vehículos,9.2633131613931,Porcentaje,Preliminar,Banco Central de Venezuela,https://www.bcv.org.ve/sites/default/files/cuentas_macroeconomicas/5_2_4_ae_anual.xlsx,2026-08-05T21:44:21Z
bcv_pib_actividad_economica_anual,Producto interno bruto por actividad económica anual,PIB por actividad económica,5_2_4_anual.xls,1997,Precios constantes,Nivel,Anual,1997,1997,,,Comercio y servicios de reparación,35075.399999999994,Bolívares,,Banco Central de Venezuela,https://www.bcv.org.ve/sites/default/files/cuentas_macroeconomicas/5_2_4_anual.xls,2026-08-05T21:44:21Z
bcv_pib_actividad_economica_anual,Producto interno bruto por actividad económica anual,PIB por actividad económica,5_2_4_anual.xls,1997,Precios constantes,Nivel,Anual,1998,1998,,,Comercio y servicios de reparación,34532.05,Bolívares,,Banco Central de Venezuela,https://www.bcv.org.ve/sites/default/files/cuentas_macroeconomicas/5_2_4_anual.xls,2026-08-05T21:44:21Z
bcv_pib_actividad_economica_anual,Producto interno bruto por actividad económica anual,PIB por actividad económica,5_2_4_anual.xls,1997,Precios constantes,Variación porcentual interanual,Anual,1998,1998,,,Comercio y servicios de reparación,-1.5490913859855908,Porcentaje,,Banco Central de Venezuela,https://www.bcv.org.ve/sites/default/files/cuentas_macroeconomicas/5_2_4_anual.xls,2026-08-05T21:44:21Z
bcv_pib_actividad_economica_anual,Producto interno bruto por actividad económica anual,PIB por actividad económica,5_2_4_anual.xls,1997,Precios constantes,Nivel,Anual,1999,1999,,,Comercio y servicios de reparación,32681.33,Bolívares,,Banco Central de Venezuela,https://www.bcv.org.ve/sites/default/files/cuentas_macroeconomicas/5_2_4_anual.xls,2026-08-05T21:44:21Z
bcv_pib_actividad_economica_anual,Producto interno bruto por actividad económica anual,PIB por actividad económica,5_2_4_anual.xls,1997,Precios constantes,Variación porcentual interanual,Anual,1999,1999,,,Comercio y servicios de reparación,-5.359426967121848,Porcentaje,,Banco Central de Venezuela,https://www.bcv.org.ve/sites/default/files/cuentas_macroeconomicas/5_2_4_anual.xls,2026-08-05T21:44:21Z
bcv_pib_actividad_economica_anual,Producto interno bruto por actividad económica anual,PIB por actividad económica,5_2_4_anual.xls,1997,Precios constantes,Nivel,Anual,2000,2000,,,Comercio y servicios de reparación,34528.92,Bolívares,,Banco Central de Venezuela,https://www.bcv.org.ve/sites/default/files/cuentas_macroeconomicas/5_2_4_anual.xls,2026-08-05T21:44:21Z
bcv_pib_actividad_economica_anual,Producto interno bruto por actividad económica anual,PIB por actividad económica,5_2_4_anual.xls,1997,Precios constantes,Variación porcentual interanual,Anual,2000,2000,,,Comercio y servicios de reparación,5.653350093157144,Porcentaje,,Banco Central de Venezuela,https://www.bcv.org.ve/sites/default/files/cuentas_macroeconomicas/5_2_4_anual.xls,2026-08-05T21:44:21Z
bcv_pib_actividad_economica_anual,Producto interno bruto por actividad económica anual,PIB por actividad económica,5_2_4_anual.xls,1997,Precios constantes,Nivel,Anual,2001,2001,,,Comercio y servicios de reparación,36104.409999999996,Bolívares,,Banco Central de Venezuela,https://www.bcv.org.ve/sites/default/files/cuentas_macroeconomicas/5_2_4_anual.xls,2026-08-05T21:44:21Z
bcv_pib_actividad_economica_anual,Producto interno bruto por actividad económica anual,PIB por actividad económica,5_2_4_anual.xls,1997,Precios constantes,Variación porcentual interanual,Anual,2001,2001,,,Comercio y servicios de reparación,4.5628128536890245,Porcentaje,,Banco Central de Venezuela,https://www.bcv.org.ve/sites/default/files/cuentas_macroeconomicas/5_2_4_anual.xls,2026-08-05T21:44:21Z
bcv_pib_actividad_economica_anual,Producto interno bruto por actividad económica anual,PIB por actividad económica,5_2_4_anual.xls,1997,Precios constantes,Nivel,Anual,2002,2002,,,Comercio y servicios de reparación,31210.49,Bolívares,,Banco Central de Venezuela,https://www.bcv.org.ve/sites/default/files/cuentas_macroeconomicas/5_2_4_anual.xls,2026-08-05T21:44:21Z
bcv_pib_actividad_economica_anual,Producto interno bruto por actividad económica anual,PIB por actividad económica,5_2_4_anual.xls,1997,Precios constantes,Variación porcentual interanual,Anual,2002,2002,,,Comercio y servicios de reparación,-13.554909220230982,Porcentaje,,Banco Central de Venezuela,https://www.bcv.org.ve/sites/default/files/cuentas_macroeconomicas/5_2_4_anual.xls,2026-08-05T21:44:21Z
bcv_pib_actividad_economica_anual,Producto interno bruto por actividad económica anual,PIB por actividad económica,5_2_4_anual.xls,1997,Precios constantes,Nivel,Anual,2003,2003,,,Comercio y servicios de reparación,28219.62,Bolívares,,Banco Central de Venezuela,https://www.bcv.org.ve/sites/default/files/cuentas_macroeconomicas/5_2_4_anual.xls,2026-08-05T21:44:21Z
bcv_pib_actividad_economica_anual,Producto interno bruto por actividad económica anual,PIB por actividad económica,5_2_4_anual.xls,1997,Precios constantes,Variación porcentual interanual,Anual,2003,2003,,,Comercio y servicios de reparación,-9.582899851940823,Porcentaje,,Banco Central de Venezuela,https://www.bcv.org.ve/sites/default/files/cuentas_macroeconomicas/5_2_4_anual.xls,2026-08-05T21:44:21Z
bcv_pib_actividad_economica_anual,Producto interno bruto por actividad económica anual,PIB por actividad económica,5_2_4_anual.xls,1997,Precios constantes,Nivel,Anual,2004,2004,,,Comercio y servicios de reparación,36299,Bolívares,,Banco Central de Venezuela,https://www.bcv.org.ve/sites/default/files/cuentas_macroeconomicas/5_2_4_anual.xls,2026-08-05T21:44:21Z
bcv_pib_actividad_economica_anual,Producto interno bruto por actividad económica anual,PIB por actividad económica,5_2_4_anual.xls,1997,Precios constantes,Variación porcentual interanual,Anual,2004,2004,,,Comercio y servicios de reparación,28.630364264295537,Porcentaje,,Banco Central de Venezuela,https://www.bcv.org.ve/sites/default/files/cuentas_macroeconomicas/5_2_4_anual.xls,2026-08-05T21:44:21Z
bcv_pib_actividad_economica_anual,Producto interno bruto por actividad económica anual,PIB por actividad económica,5_2_4_anual.xls,1997,Precios constantes,Nivel,Anual,2005,2005,,,Comercio y servicios de reparación,43912.090000000004,Bolívares,,Banco Central de Venezuela,https://www.bcv.org.ve/sites/default/files/cuentas_macroeconomicas/5_2_4_anual.xls,2026-08-05T21:44:21Z
bcv_pib_actividad_economica_anual,Producto interno bruto por actividad económica anual,PIB por actividad económica,5_2_4_anual.xls,1997,Precios constantes,Variación porcentual interanual,Anual,2005,2005,,,Comercio y servicios de reparación,20.973277500757618,Porcentaje,,Banco Central de Venezuela,https://www.bcv.org.ve/sites/default/files/cuentas_macroeconomicas/5_2_4_anual.xls,2026-08-05T21:44:21Z
bcv_pib_actividad_economica_anual,Producto interno bruto por actividad económica anual,PIB por actividad económica,5_2_4_anual.xls,1997,Precios constantes,Nivel,Anual,2006,2006,,,Comercio y servicios de reparación,50818.090000000004,Bolívares,,Banco Central de Venezuela,https://www.bcv.org.ve/sites/default/files/cuentas_macroeconomicas/5_2_4_anual.xls,2026-08-05T21:44:21Z
bcv_pib_actividad_economica_anual,Producto interno bruto por actividad económica anual,PIB por actividad económica,5_2_4_anual.xls,1997,Precios constantes,Variación porcentual interanual,Anual,2006,2006,,,Comercio y servicios de reparación,15.726876129102479,Porcentaje,,Banco Central de Venezuela,https://www.bcv.org.ve/sites/default/files/cuentas_macroeconomicas/5_2_4_anual.xls,2026-08-05T21:44:21Z
bcv_pib_actividad_economica_anual,Producto interno bruto por actividad económica anual,PIB por actividad económica,5_2_4_anual.xls,1997,Precios constantes,Nivel,Anual,2007,2007,,,Comercio y servicios de reparación,58738.05,Bolívares,,Banco Central de Venezuela,https://www.bcv.org.ve/sites/default/files/cuentas_macroeconomicas/5_2_4_anual.xls,2026-08-05T21:44:21Z
bcv_pib_actividad_economica_anual,Producto interno bruto por actividad económica anual,PIB por actividad económica,5_2_4_anual.xls,1997,Precios constantes,Variación porcentual interanual,Anual,2007,2007,,,Comercio y servicios de reparación,15.58492261318753,Porcentaje,,Banco Central de Venezuela,https://www.bcv.org.ve/sites/default/files/cuentas_macroeconomicas/5_2_4_anual.xls,2026-08-05T21:44:21Z
bcv_pib_actividad_economica_anual,Producto interno bruto por actividad económica anual,PIB por actividad económica,5_2_4_anual.xls,1997,Precios constantes,Nivel,Anual,2008,2008,,,Comercio y servicios de reparación,60794.58,Bolívares,Preliminar,Banco Central de Venezuela,https://www.bcv.org.ve/sites/default/files/cuentas_macroeconomicas/5_2_4_anual.xls,2026-08-05T21:44:21Z
bcv_pib_actividad_economica_anual,Producto interno bruto por actividad económica anual,PIB por actividad económica,5_2_4_anual.xls,1997,Precios constantes,Variación porcentual interanual,Anual,2008,2008,,,Comercio y servicios de reparación,3.5011887524355956,Porcentaje,,Banco Central de Venezuela,https://www.bcv.org.ve/sites/default/files/cuentas_macroeconomicas/5_2_4_anual.xls,2026-08-05T21:44:21Z
bcv_pib_actividad_economica_anual,Producto interno bruto por actividad económica anual,PIB por actividad económica,5_2_4_anual.xls,1997,Precios constantes,Nivel,Anual,2009,2009,,,Comercio y servicios de reparación,55818.96000000001,Bolívares,Preliminar,Banco Central de Venezuela,https://www.bcv.org.ve/sites/default/files/cuentas_macroeconomicas/5_2_4_anual.xls,2026-08-05T21:44:21Z
bcv_pib_actividad_economica_anual,Producto interno bruto por actividad económica anual,PIB por actividad económica,5_2_4_anual.xls,1997,Precios constantes,Variación porcentual interanual,Anual,2009,2009,,,Comercio y servicios de reparación,-8.184315114932943,Porcentaje,,Banco Central de Venezuela,https://www.bcv.org.ve/sites/default/files/cuentas_macroeconomicas/5_2_4_anual.xls,2026-08-05T21:44:21Z
bcv_pib_actividad_economica_anual,Producto interno bruto por actividad económica anual,PIB por actividad económica,5_2_4_anual.xls,1997,Precios constantes,Nivel,Anual,2010,2010,,,Comercio y servicios de reparación,52431.649999999994,Bolívares,Preliminar,Banco Central de Venezuela,https://www.bcv.org.ve/sites/default/files/cuentas_macroeconomicas/5_2_4_anual.xls,2026-08-05T21:44:21Z
bcv_pib_actividad_economica_anual,Producto interno bruto por actividad económica anual,PIB por actividad económica,5_2_4_anual.xls,1997,Precios constantes,Variación porcentual interanual,Anual,2010,2010,,,Comercio y servicios de reparación,-6.068386082435097,Porcentaje,,Banco Central de Venezuela,https://www.bcv.org.ve/sites/default/files/cuentas_macroeconomicas/5_2_4_anual.xls,2026-08-05T21:44:21Z
bcv_pib_actividad_economica_anual,Producto interno bruto por actividad económica anual,PIB por actividad económica,5_2_4_anual.xls,1997,Precios constantes,Nivel,Anual,2011,2011,,,Comercio y servicios de reparación,55851.09,Bolívares,Preliminar,Banco Central de Venezuela,https://www.bcv.org.ve/sites/default/files/cuentas_macroeconomicas/5_2_4_anual.xls,2026-08-05T21:44:21Z
bcv_pib_actividad_economica_anual,Producto interno bruto por actividad económica anual,PIB por actividad económica,5_2_4_anual.xls,1997,Precios constantes,Variación porcentual interanual,Anual,2011,2011,,,Comercio y servicios de reparación,6.521709692523501,Porcentaje,,Banco Central de Venezuela,https://www.bcv.org.ve/sites/default/files/cuentas_macroeconomicas/5_2_4_anual.xls,2026-08-05T21:44:21Z
bcv_pib_actividad_economica_anual,Producto interno bruto por actividad económica anual,PIB por actividad económica,5_2_4_anual.xls,1997,Precios constantes,Nivel,Anual,2012,2012,,,Comercio y servicios de reparación,60960.56,Bolívares,Preliminar,Banco Central de Venezuela,https://www.bcv.org.ve/sites/default/files/cuentas_macroeconomicas/5_2_4_anual.xls,2026-08-05T21:44:21Z
bcv_pib_actividad_economica_anual,Producto interno bruto por actividad económica anual,PIB por actividad económica,5_2_4_anual.xls,1997,Precios constantes,Variación porcentual interanual,Anual,2012,2012,,,Comercio y servicios de reparación,9.148380094282842,Porcentaje,,Banco Central de Venezuela,https://www.bcv.org.ve/sites/default/files/cuentas_macroeconomicas/5_2_4_anual.xls,2026-08-05T21:44:21Z
bcv_pib_actividad_economica_anual,Producto interno bruto por actividad económica anual,PIB por actividad económica,5_2_4_anual.xls,1997,Precios constantes,Nivel,Anual,2013,2013,,,Comercio y servicios de reparación,63016.16,Bolívares,Preliminar,Banco Central de Venezuela,https://www.bcv.org.ve/sites/default/files/cuentas_macroeconomicas/5_2_4_anual.xls,2026-08-05T21:44:21Z
bcv_pib_actividad_economica_anual,Producto interno bruto por actividad económica anual,PIB por actividad económica,5_2_4_anual.xls,1997,Precios constantes,Variación porcentual interanual,Anual,2013,2013,,,Comercio y servicios de reparación,3.372016267567119,Porcentaje,,Banco Central de Venezuela,https://www.bcv.org.ve/sites/default/files/cuentas_macroeconomicas/5_2_4_anual.xls,2026-08-05T21:44:21Z
bcv_pib_actividad_economica_anual,Producto interno bruto por actividad económica anual,PIB por actividad económica,5_2_4_anual.xls,1997,Precios constantes,Nivel,Anual,2014,2014,,,Comercio y servicios de reparación,56145.799999999996,Bolívares,Preliminar,Banco Central de Venezuela,https://www.bcv.org.ve/sites/default/files/cuentas_macroeconomicas/5_2_4_anual.xls,2026-08-05T21:44:21Z
bcv_pib_actividad_economica_anual,Producto interno bruto por actividad económica anual,PIB por actividad económica,5_2_4_anual.xls,1997,Precios constantes,Variación porcentual interanual,Anual,2014,2014,,,Comercio y servicios de reparación,-10.902536746129897,Porcentaje,,Banco Central de Venezuela,https://www.bcv.org.ve/sites/default/files/cuentas_macroeconomicas/5_2_4_anual.xls,2026-08-05T21:44:21Z
bcv_pib_actividad_economica_anual,Producto interno bruto por actividad económica anual,PIB por actividad económica,5_2_4_anual.xls,1997,Precios constantes,Nivel,Anual,2015,2015,,,Comercio y servicios de reparación,49046.36,Bolívares,Preliminar,Banco Central de Venezuela,https://www.bcv.org.ve/sites/default/files/cuentas_macroeconomicas/5_2_4_anual.xls,2026-08-05T21:44:21Z
bcv_pib_actividad_economica_anual,Producto interno bruto por actividad económica anual,PIB por actividad económica,5_2_4_anual.xls,1997,Precios constantes,Variación porcentual interanual,Anual,2015,2015,,,Comercio y servicios de reparación,-12.644650178642024,Porcentaje,,Banco Central de Venezuela,https://www.bcv.org.ve/sites/default/files/cuentas_macroeconomicas/5_2_4_anual.xls,2026-08-05T21:44:21Z
bcv_pib_actividad_economica_anual,Producto interno bruto por actividad económica anual,PIB por actividad económica,5_2_4_anual.xls,1997,Precios constantes,Nivel,Anual,2016,2016,,,Comercio y servicios de reparación,33933.770000000004,Bolívares,Preliminar,Banco Central de Venezuela,https://www.bcv.org.ve/sites/default/files/cuentas_macroeconomicas/5_2_4_anual.xls,2026-08-05T21:44:21Z
bcv_pib_actividad_economica_anual,Producto interno bruto por actividad económica anual,PIB por actividad económica,5_2_4_anual.xls,1997,Precios constantes,Variación porcentual interanual,Anual,2016,2016,,,Comercio y servicios de reparación,-30.81286766235047,Porcentaje,,Banco Central de Venezuela,https://www.bcv.org.ve/sites/default/files/cuentas_macroeconomicas/5_2_4_anual.xls,2026-08-05T21:44:21Z
bcv_pib_actividad_economica_anual,Producto interno bruto por actividad económica anual,PIB por actividad económica,5_2_4_anual.xls,1997,Precios constantes,Nivel,Anual,2017,2017,,,Comercio y servicios de reparación,22793.88,Bolívares,Preliminar,Banco Central de Venezuela,https://www.bcv.org.ve/sites/default/files/cuentas_macroeconomicas/5_2_4_anual.xls,2026-08-05T21:44:21Z
bcv_pib_actividad_economica_anual,Producto interno bruto por actividad económica anual,PIB por actividad económica,5_2_4_anual.xls,1997,Precios constantes,Variación porcentual interanual,Anual,2017,2017,,,Comercio y servicios de reparación,-32.82833000871993,Porcentaje,,Banco Central de Venezuela,https://www.bcv.org.ve/sites/default/files/cuentas_macroeconomicas/5_2_4_anual.xls,2026-08-05T21:44:21Z
bcv_pib_actividad_economica_anual,Producto interno bruto por actividad económica anual,PIB por actividad económica,5_2_4_anual.xls,1997,Precios constantes,Nivel,Anual,2018,2018,,,Comercio y servicios de reparación,14885.33,Bolívares,Preliminar,Banco Central de Venezuela,https://www.bcv.org.ve/sites/default/files/cuentas_macroeconomicas/5_2_4_anual.xls,2026-08-05T21:44:21Z
bcv_pib_actividad_economica_anual,Producto interno bruto por actividad económica anual,PIB por actividad económica,5_2_4_anual.xls,1997,Precios constantes,Variación porcentual interanual,Anual,2018,2018,,,Comercio y servicios de reparación,-34.69593592666101,Porcentaje,,Banco Central de Venezuela,https://www.bcv.org.ve/sites/default/files/cuentas_macroeconomicas/5_2_4_anual.xls,2026-08-05T21:44:21Z
bcv_pib_actividad_economica_anual,Producto interno bruto por actividad económica anual,PIB por actividad económica,5_2_4_anual.xls,1997,Precios constantes,Nivel,Anual,1997,1997,,,Comunicaciones,9644.84,Bolívares,,Banco Central de Venezuela,https://www.bcv.org.ve/sites/default/files/cuentas_macroeconomicas/5_2_4_anual.xls,2026-08-05T21:44:21Z
bcv_pib_actividad_economica_anual,Producto interno bruto por actividad económica anual,PIB por actividad económica,5_2_4_anual.xls,1997,Precios constantes,Nivel,Anual,1998,1998,,,Comunicaciones,10433.95,Bolívares,,Banco Central de Venezuela,https://www.bcv.org.ve/sites/default/files/cuentas_macroeconomicas/5_2_4_anual.xls,2026-08-05T21:44:21Z
bcv_pib_actividad_economica_anual,Producto interno bruto por actividad económica anual,PIB por actividad económica,5_2_4_anual.xls,1997,Precios constantes,Variación porcentual interanual,Anual,1998,1998,,,Comunicaciones,8.181680567018219,Porcentaje,,Banco Central de Venezuela,https://www.bcv.org.ve/sites/default/files/cuentas_macroeconomicas/5_2_4_anual.xls,2026-08-05T21:44:21Z
bcv_pib_actividad_economica_anual,Producto interno bruto por actividad económica anual,PIB por actividad económica,5_2_4_anual.xls,1997,Precios constantes,Nivel,Anual,1999,1999,,,Comunicaciones,10812.44,Bolívares,,Banco Central de Venezuela,https://www.bcv.org.ve/sites/default/files/cuentas_macroeconomicas/5_2_4_anual.xls,2026-08-05T21:44:21Z
bcv_pib_actividad_economica_anual,Producto interno bruto por actividad económica anual,PIB por actividad económica,5_2_4_anual.xls,1997,Precios constantes,Variación porcentual interanual,Anual,1999,1999,,,Comunicaciones,3.627485276429354,Porcentaje,,Banco Central de Venezuela,https://www.bcv.org.ve/sites/default/files/cuentas_macroeconomicas/5_2_4_anual.xls,2026-08-05T21:44:21Z
bcv_pib_actividad_economica_anual,Producto interno bruto por actividad económica anual,PIB por actividad económica,5_2_4_anual.xls,1997,Precios constantes,Nivel,Anual,2000,2000,,,Comunicaciones,11036.62,Bolívares,,Banco Central de Venezuela,https://www.bcv.org.ve/sites/default/files/cuentas_macroeconomicas/5_2_4_anual.xls,2026-08-05T21:44:21Z
bcv_pib_actividad_economica_anual,Producto interno bruto por actividad económica anual,PIB por actividad económica,5_2_4_anual.xls,1997,Precios constantes,Variación porcentual interanual,Anual,2000,2000,,,Comunicaciones,2.0733525457713426,Porcentaje,,Banco Central de Venezuela,https://www.bcv.org.ve/sites/default/files/cuentas_macroeconomicas/5_2_4_anual.xls,2026-08-05T21:44:21Z
bcv_pib_actividad_economica_anual,Producto interno bruto por actividad económica anual,PIB por actividad económica,5_2_4_anual.xls,1997,Precios constantes,Nivel,Anual,2001,2001,,,Comunicaciones,11930.580000000002,Bolívares,,Banco Central de Venezuela,https://www.bcv.org.ve/sites/default/files/cuentas_macroeconomicas/5_2_4_anual.xls,2026-08-05T21:44:21Z
bcv_pib_actividad_economica_anual,Producto interno bruto por actividad económica anual,PIB por actividad económica,5_2_4_anual.xls,1997,Precios constantes,Variación porcentual interanual,Anual,2001,2001,,,Comunicaciones,8.099943642165812,Porcentaje,,Banco Central de Venezuela,https://www.bcv.org.ve/sites/default/files/cuentas_macroeconomicas/5_2_4_anual.xls,2026-08-05T21:44:21Z
bcv_pib_actividad_economica_anual,Producto interno bruto por actividad económica anual,PIB por actividad económica,5_2_4_anual.xls,1997,Precios constantes,Nivel,Anual,2002,2002,,,Comunicaciones,12229.48,Bolívares,,Banco Central de Venezuela,https://www.bcv.org.ve/sites/default/files/cuentas_macroeconomicas/5_2_4_anual.xls,2026-08-05T21:44:21Z
bcv_pib_actividad_economica_anual,Producto interno bruto por actividad económica anual,PIB por actividad económica,5_2_4_anual.xls,1997,Precios constantes,Variación porcentual interanual,Anual,2002,2002,,,Comunicaciones,2.50532664799195,Porcentaje,,Banco Central de Venezuela,https://www.bcv.org.ve/sites/default/files/cuentas_macroeconomicas/5_2_4_anual.xls,2026-08-05T21:44:21Z
bcv_pib_actividad_economica_anual,Producto interno bruto por actividad económica anual,PIB por actividad económica,5_2_4_anual.xls,1997,Precios constantes,Nivel,Anual,2003,2003,,,Comunicaciones,11617.6,Bolívares,,Banco Central de Venezuela,https://www.bcv.org.ve/sites/default/files/cuentas_macroeconomicas/5_2_4_anual.xls,2026-08-05T21:44:21Z
bcv_pib_actividad_economica_anual,Producto interno bruto por actividad económica anual,PIB por actividad económica,5_2_4_anual.xls,1997,Precios constantes,Variación porcentual interanual,Anual,2003,2003,,,Comunicaciones,-5.00331984679643,Porcentaje,,Banco Central de Venezuela,https://www.bcv.org.ve/sites/default/files/cuentas_macroeconomicas/5_2_4_anual.xls,2026-08-05T21:44:21Z
bcv_pib_actividad_economica_anual,Producto interno bruto por actividad económica anual,PIB por actividad económica,5_2_4_anual.xls,1997,Precios constantes,Nivel,Anual,2004,2004,,,Comunicaciones,13118,Bolívares,,Banco Central de Venezuela,https://www.bcv.org.ve/sites/default/files/cuentas_macroeconomicas/5_2_4_anual.xls,2026-08-05T21:44:21Z
bcv_pib_actividad_economica_anual,Producto interno bruto por actividad económica anual,PIB por actividad económica,5_2_4_anual.xls,1997,Precios constantes,Variación porcentual interanual,Anual,2004,2004,,,Comunicaciones,12.914887756507355,Porcentaje,,Banco Central de Venezuela,https://www.bcv.org.ve/sites/default/files/cuentas_macroeconomicas/5_2_4_anual.xls,2026-08-05T21:44:21Z
bcv_pib_actividad_economica_anual,Producto interno bruto por actividad económica anual,PIB por actividad económica,5_2_4_anual.xls,1997,Precios constantes,Nivel,Anual,2005,2005,,,Comunicaciones,16049.59,Bolívares,,Banco Central de Venezuela,https://www.bcv.org.ve/sites/default/files/cuentas_macroeconomicas/5_2_4_anual.xls,2026-08-05T21:44:21Z
bcv_pib_actividad_economica_anual,Producto interno bruto por actividad económica anual,PIB por actividad económica,5_2_4_anual.xls,1997,Precios constantes,Variación porcentual interanual,Anual,2005,2005,,,Comunicaciones,22.347842658941914,Porcentaje,,Banco Central de Venezuela,https://www.bcv.org.ve/sites/default/files/cuentas_macroeconomicas/5_2_4_anual.xls,2026-08-05T21:44:21Z
bcv_pib_actividad_economica_anual,Producto interno bruto por actividad económica anual,PIB por actividad económica,5_2_4_anual.xls,1997,Precios constantes,Nivel,Anual,2006,2006,,,Comunicaciones,19827.63,Bolívares,,Banco Central de Venezuela,https://www.bcv.org.ve/sites/default/files/cuentas_macroeconomicas/5_2_4_anual.xls,2026-08-05T21:44:21Z
bcv_pib_actividad_economica_anual,Producto interno bruto por actividad económica anual,PIB por actividad económica,5_2_4_anual.xls,1997,Precios constantes,Variación porcentual interanual,Anual,2006,2006,,,Comunicaciones,23.539791359156226,Porcentaje,,Banco Central de Venezuela,https://www.bcv.org.ve/sites/default/files/cuentas_macroeconomicas/5_2_4_anual.xls,2026-08-05T21:44:21Z
bcv_pib_actividad_economica_anual,Producto interno bruto por actividad económica anual,PIB por actividad económica,5_2_4_anual.xls,1997,Precios constantes,Nivel,Anual,2007,2007,,,Comunicaciones,24188.08,Bolívares,,Banco Central de Venezuela,https://www.bcv.org.ve/sites/default/files/cuentas_macroeconomicas/5_2_4_anual.xls,2026-08-05T21:44:21Z
bcv_pib_actividad_economica_anual,Producto interno bruto por actividad económica anual,PIB por actividad económica,5_2_4_anual.xls,1997,Precios constantes,Variación porcentual interanual,Anual,2007,2007,,,Comunicaciones,21.991786209446104,Porcentaje,,Banco Central de Venezuela,https://www.bcv.org.ve/sites/default/files/cuentas_macroeconomicas/5_2_4_anual.xls,2026-08-05T21:44:21Z
bcv_pib_actividad_economica_anual,Producto interno bruto por actividad económica anual,PIB por actividad económica,5_2_4_anual.xls,1997,Precios constantes,Nivel,Anual,2008,2008,,,Comunicaciones,29441.1,Bolívares,Preliminar,Banco Central de Venezuela,https://www.bcv.org.ve/sites/default/files/cuentas_macroeconomicas/5_2_4_anual.xls,2026-08-05T21:44:21Z
bcv_pib_actividad_economica_anual,Producto interno bruto por actividad económica anual,PIB por actividad económica,5_2_4_anual.xls,1997,Precios constantes,Variación porcentual interanual,Anual,2008,2008,,,Comunicaciones,21.71739137624813,Porcentaje,,Banco Central de Venezuela,https://www.bcv.org.ve/sites/default/files/cuentas_macroeconomicas/5_2_4_anual.xls,2026-08-05T21:44:21Z
bcv_pib_actividad_economica_anual,Producto interno bruto por actividad económica anual,PIB por actividad económica,5_2_4_anual.xls,1997,Precios constantes,Nivel,Anual,2009,2009,,,Comunicaciones,33009.729999999996,Bolívares,Preliminar,Banco Central de Venezuela,https://www.bcv.org.ve/sites/default/files/cuentas_macroeconomicas/5_2_4_anual.xls,2026-08-05T21:44:21Z
bcv_pib_actividad_economica_anual,Producto interno bruto por actividad económica anual,PIB por actividad económica,5_2_4_anual.xls,1997,Precios constantes,Variación porcentual interanual,Anual,2009,2009,,,Comunicaciones,12.121252262992883,Porcentaje,,Banco Central de Venezuela,https://www.bcv.org.ve/sites/default/files/cuentas_macroeconomicas/5_2_4_anual.xls,2026-08-05T21:44:21Z
bcv_pib_actividad_economica_anual,Producto interno bruto por actividad económica anual,PIB por actividad económica,5_2_4_anual.xls,1997,Precios constantes,Nivel,Anual,2010,2010,,,Comunicaciones,35608.32,Bolívares,Preliminar,Banco Central de Venezuela,https://www.bcv.org.ve/sites/default/files/cuentas_macroeconomicas/5_2_4_anual.xls,2026-08-05T21:44:21Z
bcv_pib_actividad_economica_anual,Producto interno bruto por actividad económica anual,PIB por actividad económica,5_2_4_anual.xls,1997,Precios constantes,Variación porcentual interanual,Anual,2010,2010,,,Comunicaciones,7.872194047027975,Porcentaje,,Banco Central de Venezuela,https://www.bcv.org.ve/sites/default/files/cuentas_macroeconomicas/5_2_4_anual.xls,2026-08-05T21:44:21Z
bcv_pib_actividad_economica_anual,Producto interno bruto por actividad económica anual,PIB por actividad económica,5_2_4_anual.xls,1997,Precios constantes,Nivel,Anual,2011,2011,,,Comunicaciones,38202.10999999999,Bolívares,Preliminar,Banco Central de Venezuela,https://www.bcv.org.ve/sites/default/files/cuentas_macroeconomicas/5_2_4_anual.xls,2026-08-05T21:44:21Z
bcv_pib_actividad_economica_anual,Producto interno bruto por actividad económica anual,PIB por actividad económica,5_2_4_anual.xls,1997,Precios constantes,Variación porcentual interanual,Anual,2011,2011,,,Comunicaciones,7.284224585714782,Porcentaje,,Banco Central de Venezuela,https://www.bcv.org.ve/sites/default/files/cuentas_macroeconomicas/5_2_4_anual.xls,2026-08-05T21:44:21Z
bcv_pib_actividad_economica_anual,Producto interno bruto por actividad económica anual,PIB por actividad económica,5_2_4_anual.xls,1997,Precios constantes,Nivel,Anual,2012,2012,,,Comunicaciones,40864.530000000006,Bolívares,Preliminar,Banco Central de Venezuela,https://www.bcv.org.ve/sites/default/files/cuentas_macroeconomicas/5_2_4_anual.xls,2026-08-05T21:44:21Z
bcv_pib_actividad_economica_anual,Producto interno bruto por actividad económica anual,PIB por actividad económica,5_2_4_anual.xls,1997,Precios constantes,Variación porcentual interanual,Anual,2012,2012,,,Comunicaciones,6.969300910342426,Porcentaje,,Banco Central de Venezuela,https://www.bcv.org.ve/sites/default/files/cuentas_macroeconomicas/5_2_4_anual.xls,2026-08-05T21:44:21Z
bcv_pib_actividad_economica_anual,Producto interno bruto por actividad económica anual,PIB por actividad económica,5_2_4_anual.xls,1997,Precios constantes,Nivel,Anual,2013,2013,,,Comunicaciones,43507.79,Bolívares,Preliminar,Banco Central de Venezuela,https://www.bcv.org.ve/sites/default/files/cuentas_macroeconomicas/5_2_4_anual.xls,2026-08-05T21:44:21Z
bcv_pib_actividad_economica_anual,Producto interno bruto por actividad económica anual,PIB por actividad económica,5_2_4_anual.xls,1997,Precios constantes,Variación porcentual interanual,Anual,2013,2013,,,Comunicaciones,6.4683479780631075,Porcentaje,,Banco Central de Venezuela,https://www.bcv.org.ve/sites/default/files/cuentas_macroeconomicas/5_2_4_anual.xls,2026-08-05T21:44:21Z
bcv_pib_actividad_economica_anual,Producto interno bruto por actividad económica anual,PIB por actividad económica,5_2_4_anual.xls,1997,Precios constantes,Nivel,Anual,2014,2014,,,Comunicaciones,45479.78,Bolívares,Preliminar,Banco Central de Venezuela,https://www.bcv.org.ve/sites/default/files/cuentas_macroeconomicas/5_2_4_anual.xls,2026-08-05T21:44:21Z
bcv_pib_actividad_economica_anual,Producto interno bruto por actividad económica anual,PIB por actividad económica,5_2_4_anual.xls,1997,Precios constantes,Variación porcentual interanual,Anual,2014,2014,,,Comunicaciones,4.532498662883128,Porcentaje,,Banco Central de Venezuela,https://www.bcv.org.ve/sites/default/files/cuentas_macroeconomicas/5_2_4_anual.xls,2026-08-05T21:44:21Z
bcv_pib_actividad_economica_anual,Producto interno bruto por actividad económica anual,PIB por actividad económica,5_2_4_anual.xls,1997,Precios constantes,Nivel,Anual,2015,2015,,,Comunicaciones,46749.380000000005,Bolívares,Preliminar,Banco Central de Venezuela,https://www.bcv.org.ve/sites/default/files/cuentas_macroeconomicas/5_2_4_anual.xls,2026-08-05T21:44:21Z
bcv_pib_actividad_economica_anual,Producto interno bruto por actividad económica anual,PIB por actividad económica,5_2_4_anual.xls,1997,Precios constantes,Variación porcentual interanual,Anual,2015,2015,,,Comunicaciones,2.7915702318700824,Porcentaje,,Banco Central de Venezuela,https://www.bcv.org.ve/sites/default/files/cuentas_macroeconomicas/5_2_4_anual.xls,2026-08-05T21:44:21Z
bcv_pib_actividad_economica_anual,Producto interno bruto por actividad económica anual,PIB por actividad económica,5_2_4_anual.xls,1997,Precios constantes,Nivel,Anual,2016,2016,,,Comunicaciones,46256.770000000004,Bolívares,Preliminar,Banco Central de Venezuela,https://www.bcv.org.ve/sites/default/files/cuentas_macroeconomicas/5_2_4_anual.xls,2026-08-05T21:44:21Z
bcv_pib_actividad_economica_anual,Producto interno bruto por actividad económica anual,PIB por actividad económica,5_2_4_anual.xls,1997,Precios constantes,Variación porcentual interanual,Anual,2016,2016,,,Comunicaciones,-1.053725204483996,Porcentaje,,Banco Central de Venezuela,https://www.bcv.org.ve/sites/default/files/cuentas_macroeconomicas/5_2_4_anual.xls,2026-08-05T21:44:21Z
bcv_pib_actividad_economica_anual,Producto interno bruto por actividad económica anual,PIB por actividad económica,5_2_4_anual.xls,1997,Precios constantes,Nivel,Anual,2017,2017,,,Comunicaciones,45409.700000000004,Bolívares,Preliminar,Banco Central de Venezuela,https://www.bcv.org.ve/sites/default/files/cuentas_macroeconomicas/5_2_4_anual.xls,2026-08-05T21:44:21Z
bcv_pib_actividad_economica_anual,Producto interno bruto por actividad económica anual,PIB por actividad económica,5_2_4_anual.xls,1997,Precios constantes,Variación porcentual interanual,Anual,2017,2017,,,Comunicaciones,-1.831234649544271,Porcentaje,,Banco Central de Venezuela,https://www.bcv.org.ve/sites/default/files/cuentas_macroeconomicas/5_2_4_anual.xls,2026-08-05T21:44:21Z
bcv_pib_actividad_economica_anual,Producto interno bruto por actividad económica anual,PIB por actividad económica,5_2_4_anual.xls,1997,Precios constantes,Nivel,Anual,2018,2018,,,Comunicaciones,42755.84,Bolívares,Preliminar,Banco Central de Venezuela,https://www.bcv.org.ve/sites/default/files/cuentas_macroeconomicas/5_2_4_anual.xls,2026-08-05T21:44:21Z
bcv_pib_actividad_economica_anual,Producto interno bruto por actividad económica anual,PIB por actividad económica,5_2_4_anual.xls,1997,Precios constantes,Variación porcentual interanual,Anual,2018,2018,,,Comunicaciones,-5.84425794488844,Porcentaje,,Banco Central de Venezuela,https://www.bcv.org.ve/sites/default/files/cuentas_macroeconomicas/5_2_4_anual.xls,2026-08-05T21:44:21Z
bcv_pib_actividad_economica_anual,Producto interno bruto por actividad económica anual,PIB por actividad económica,5_2_4_anual.xls,1997,Precios constantes,Nivel,Anual,1997,1997,,,Consolidado,419431.50999999995,Bolívares,,Banco Central de Venezuela,https://www.bcv.org.ve/sites/default/files/cuentas_macroeconomicas/5_2_4_anual.xls,2026-08-05T21:44:21Z
bcv_pib_actividad_economica_anual,Producto interno bruto por actividad económica anual,PIB por actividad económica,5_2_4_anual.xls,1997,Precios constantes,Nivel,Anual,1998,1998,,,Consolidado,420664.87000000005,Bolívares,,Banco Central de Venezuela,https://www.bcv.org.ve/sites/default/files/cuentas_macroeconomicas/5_2_4_anual.xls,2026-08-05T21:44:21Z
bcv_pib_actividad_economica_anual,Producto interno bruto por actividad económica anual,PIB por actividad económica,5_2_4_anual.xls,1997,Precios constantes,Variación porcentual interanual,Anual,1998,1998,,,Consolidado,0.29405516051954805,Porcentaje,,Banco Central de Venezuela,https://www.bcv.org.ve/sites/default/files/cuentas_macroeconomicas/5_2_4_anual.xls,2026-08-05T21:44:21Z
bcv_pib_actividad_economica_anual,Producto interno bruto por actividad económica anual,PIB por actividad económica,5_2_4_anual.xls,1997,Precios constantes,Nivel,Anual,1999,1999,,,Consolidado,395549.25,Bolívares,,Banco Central de Venezuela,https://www.bcv.org.ve/sites/default/files/cuentas_macroeconomicas/5_2_4_anual.xls,2026-08-05T21:44:21Z
bcv_pib_actividad_economica_anual,Producto interno bruto por actividad económica anual,PIB por actividad económica,5_2_4_anual.xls,1997,Precios constantes,Variación porcentual interanual,Anual,1999,1999,,,Consolidado,-5.97045814641001,Porcentaje,,Banco Central de Venezuela,https://www.bcv.org.ve/sites/default/files/cuentas_macroeconomicas/5_2_4_anual.xls,2026-08-05T21:44:21Z
bcv_pib_actividad_economica_anual,Producto interno bruto por actividad económica anual,PIB por actividad económica,5_2_4_anual.xls,1997,Precios constantes,Nivel,Anual,2000,2000,,,Consolidado,410132.93,Bolívares,,Banco Central de Venezuela,https://www.bcv.org.ve/sites/default/files/cuentas_macroeconomicas/5_2_4_anual.xls,2026-08-05T21:44:21Z
bcv_pib_actividad_economica_anual,Producto interno bruto por actividad económica anual,PIB por actividad económica,5_2_4_anual.xls,1997,Precios constantes,Variación porcentual interanual,Anual,2000,2000,,,Consolidado,3.6869441668768275,Porcentaje,,Banco Central de Venezuela,https://www.bcv.org.ve/sites/default/files/cuentas_macroeconomicas/5_2_4_anual.xls,2026-08-05T21:44:21Z
bcv_pib_actividad_economica_anual,Producto interno bruto por actividad económica anual,PIB por actividad económica,5_2_4_anual.xls,1997,Precios constantes,Nivel,Anual,2001,2001,,,Consolidado,424053.81,Bolívares,,Banco Central de Venezuela,https://www.bcv.org.ve/sites/default/files/cuentas_macroeconomicas/5_2_4_anual.xls,2026-08-05T21:44:21Z
bcv_pib_actividad_economica_anual,Producto interno bruto por actividad económica anual,PIB por actividad económica,5_2_4_anual.xls,1997,Precios constantes,Variación porcentual interanual,Anual,2001,2001,,,Consolidado,3.3942361077907037,Porcentaje,,Banco Central de Venezuela,https://www.bcv.org.ve/sites/default/files/cuentas_macroeconomicas/5_2_4_anual.xls,2026-08-05T21:44:21Z
bcv_pib_actividad_economica_anual,Producto interno bruto por actividad económica anual,PIB por actividad económica,5_2_4_anual.xls,1997,Precios constantes,Nivel,Anual,2002,2002,,,Consolidado,386501.1,Bolívares,,Banco Central de Venezuela,https://www.bcv.org.ve/sites/default/files/cuentas_macroeconomicas/5_2_4_anual.xls,2026-08-05T21:44:21Z
bcv_pib_actividad_economica_anual,Producto interno bruto por actividad económica anual,PIB por actividad económica,5_2_4_anual.xls,1997,Precios constantes,Variación porcentual interanual,Anual,2002,2002,,,Consolidado,-8.855647352867791,Porcentaje,,Banco Central de Venezuela,https://www.bcv.org.ve/sites/default/files/cuentas_macroeconomicas/5_2_4_anual.xls,2026-08-05T21:44:21Z
bcv_pib_actividad_economica_anual,Producto interno bruto por actividad económica anual,PIB por actividad económica,5_2_4_anual.xls,1997,Precios constantes,Nivel,Anual,2003,2003,,,Consolidado,356526.78,Bolívares,,Banco Central de Venezuela,https://www.bcv.org.ve/sites/default/files/cuentas_macroeconomicas/5_2_4_anual.xls,2026-08-05T21:44:21Z
bcv_pib_actividad_economica_anual,Producto interno bruto por actividad económica anual,PIB por actividad económica,5_2_4_anual.xls,1997,Precios constantes,Variación porcentual interanual,Anual,2003,2003,,,Consolidado,-7.755300049598816,Porcentaje,,Banco Central de Venezuela,https://www.bcv.org.ve/sites/default/files/cuentas_macroeconomicas/5_2_4_anual.xls,2026-08-05T21:44:21Z
bcv_pib_actividad_economica_anual,Producto interno bruto por actividad económica anual,PIB por actividad económica,5_2_4_anual.xls,1997,Precios constantes,Nivel,Anual,2004,2004,,,Consolidado,421723,Bolívares,,Banco Central de Venezuela,https://www.bcv.org.ve/sites/default/files/cuentas_macroeconomicas/5_2_4_anual.xls,2026-08-05T21:44:21Z
bcv_pib_actividad_economica_anual,Producto interno bruto por actividad económica anual,PIB por actividad económica,5_2_4_anual.xls,1997,Precios constantes,Variación porcentual interanual,Anual,2004,2004,,,Consolidado,18.28648608107362,Porcentaje,,Banco Central de Venezuela,https://www.bcv.org.ve/sites/default/files/cuentas_macroeconomicas/5_2_4_anual.xls,2026-08-05T21:44:21Z
bcv_pib_actividad_economica_anual,Producto interno bruto por actividad económica anual,PIB por actividad económica,5_2_4_anual.xls,1997,Precios constantes,Nivel,Anual,2005,2005,,,Consolidado,465236.49,Bolívares,,Banco Central de Venezuela,https://www.bcv.org.ve/sites/default/files/cuentas_macroeconomicas/5_2_4_anual.xls,2026-08-05T21:44:21Z
bcv_pib_actividad_economica_anual,Producto interno bruto por actividad económica anual,PIB por actividad económica,5_2_4_anual.xls,1997,Precios constantes,Variación porcentual interanual,Anual,2005,2005,,,Consolidado,10.318026287397174,Porcentaje,,Banco Central de Venezuela,https://www.bcv.org.ve/sites/default/files/cuentas_macroeconomicas/5_2_4_anual.xls,2026-08-05T21:44:21Z
bcv_pib_actividad_economica_anual,Producto interno bruto por actividad económica anual,PIB por actividad económica,5_2_4_anual.xls,1997,Precios constantes,Nivel,Anual,2006,2006,,,Consolidado,511165.32999999996,Bolívares,,Banco Central de Venezuela,https://www.bcv.org.ve/sites/default/files/cuentas_macroeconomicas/5_2_4_anual.xls,2026-08-05T21:44:21Z
bcv_pib_actividad_economica_anual,Producto interno bruto por actividad económica anual,PIB por actividad económica,5_2_4_anual.xls,1997,Precios constantes,Variación porcentual interanual,Anual,2006,2006,,,Consolidado,9.87214910851037,Porcentaje,,Banco Central de Venezuela,https://www.bcv.org.ve/sites/default/files/cuentas_macroeconomicas/5_2_4_anual.xls,2026-08-05T21:44:21Z
bcv_pib_actividad_economica_anual,Producto interno bruto por actividad económica anual,PIB por actividad económica,5_2_4_anual.xls,1997,Precios constantes,Nivel,Anual,2007,2007,,,Consolidado,555910.59,Bolívares,,Banco Central de Venezuela,https://www.bcv.org.ve/sites/default/files/cuentas_macroeconomicas/5_2_4_anual.xls,2026-08-05T21:44:21Z
bcv_pib_actividad_economica_anual,Producto interno bruto por actividad económica anual,PIB por actividad económica,5_2_4_anual.xls,1997,Precios constantes,Variación porcentual interanual,Anual,2007,2007,,,Consolidado,8.753578807858517,Porcentaje,,Banco Central de Venezuela,https://www.bcv.org.ve/sites/default/files/cuentas_macroeconomicas/5_2_4_anual.xls,2026-08-05T21:44:21Z
bcv_pib_actividad_economica_anual,Producto interno bruto por actividad económica anual,PIB por actividad económica,5_2_4_anual.xls,1997,Precios constantes,Nivel,Anual,2008,2008,,,Consolidado,585250.74,Bolívares,Preliminar,Banco Central de Venezuela,https://www.bcv.org.ve/sites/default/files/cuentas_macroeconomicas/5_2_4_anual.xls,2026-08-05T21:44:21Z
bcv_pib_actividad_economica_anual,Producto interno bruto por actividad económica anual,PIB por actividad económica,5_2_4_anual.xls,1997,Precios constantes,Variación porcentual interanual,Anual,2008,2008,,,Consolidado,5.277854123987822,Porcentaje,,Banco Central de Venezuela,https://www.bcv.org.ve/sites/default/files/cuentas_macroeconomicas/5_2_4_anual.xls,2026-08-05T21:44:21Z
bcv_pib_actividad_economica_anual,Producto interno bruto por actividad económica anual,Variaciones porcentuales,5_2_4_ae_anual.xlsx,2007,Precios constantes,Variación porcentual interanual,Anual,2008,2008,,Actividad económica,Consolidado,3.2764083086196365,Porcentaje,,Banco Central de Venezuela,https://www.bcv.org.ve/sites/default/files/cuentas_macroeconomicas/5_2_4_ae_anual.xlsx,2026-08-05T21:44:21Z
bcv_pib_actividad_economica_anual,Producto interno bruto por actividad económica anual,PIB por actividad económica,5_2_4_anual.xls,1997,Precios constantes,Nivel,Anual,2009,2009,,,Consolidado,566509.24,Bolívares,Preliminar,Banco Central de Venezuela,https://www.bcv.org.ve/sites/default/files/cuentas_macroeconomicas/5_2_4_anual.xls,2026-08-05T21:44:21Z
bcv_pib_actividad_economica_anual,Producto interno bruto por actividad económica anual,PIB por actividad económica,5_2_4_anual.xls,1997,Precios constantes,Variación porcentual interanual,Anual,2009,2009,,,Consolidado,-3.202302657490023,Porcentaje,,Banco Central de Venezuela,https://www.bcv.org.ve/sites/default/files/cuentas_macroeconomicas/5_2_4_anual.xls,2026-08-05T21:44:21Z
bcv_pib_actividad_economica_anual,Producto interno bruto por actividad económica anual,Variaciones porcentuales,5_2_4_ae_anual.xlsx,2007,Precios constantes,Variación porcentual interanual,Anual,2009,2009,,Actividad económica,Consolidado,-4.095858699654258,Porcentaje,,Banco Central de Venezuela,https://www.bcv.org.ve/sites/default/files/cuentas_macroeconomicas/5_2_4_ae_anual.xlsx,2026-08-05T21:44:21Z
bcv_pib_actividad_economica_anual,Producto interno bruto por actividad económica anual,PIB por actividad económica,5_2_4_anual.xls,1997,Precios constantes,Nivel,Anual,2010,2010,,,Consolidado,558075.1,Bolívares,Preliminar,Banco Central de Venezuela,https://www.bcv.org.ve/sites/default/files/cuentas_macroeconomicas/5_2_4_anual.xls,2026-08-05T21:44:21Z
bcv_pib_actividad_economica_anual,Producto interno bruto por actividad económica anual,PIB por actividad económica,5_2_4_anual.xls,1997,Precios constantes,Variación porcentual interanual,Anual,2010,2010,,,Consolidado,-1.4887912507834784,Porcentaje,,Banco Central de Venezuela,https://www.bcv.org.ve/sites/default/files/cuentas_macroeconomicas/5_2_4_anual.xls,2026-08-05T21:44:21Z
bcv_pib_actividad_economica_anual,Producto interno bruto por actividad económica anual,Variaciones porcentuales,5_2_4_ae_anual.xlsx,2007,Precios constantes,Variación porcentual interanual,Anual,2010,2010,,Actividad económica,Consolidado,-0.6620080132279043,Porcentaje,,Banco Central de Venezuela,https://www.bcv.org.ve/sites/default/files/cuentas_macroeconomicas/5_2_4_ae_anual.xlsx,2026-08-05T21:44:21Z
bcv_pib_actividad_economica_anual,Producto interno bruto por actividad económica anual,PIB por actividad económica,5_2_4_anual.xls,1997,Precios constantes,Nivel,Anual,2011,2011,,,Consolidado,581382.69,Bolívares,Preliminar,Banco Central de Venezuela,https://www.bcv.org.ve/sites/default/files/cuentas_macroeconomicas/5_2_4_anual.xls,2026-08-05T21:44:21Z
bcv_pib_actividad_economica_anual,Producto interno bruto por actividad económica anual,PIB por actividad económica,5_2_4_anual.xls,1997,Precios constantes,Variación porcentual interanual,Anual,2011,2011,,,Consolidado,4.176425359239275,Porcentaje,,Banco Central de Venezuela,https://www.bcv.org.ve/sites/default/files/cuentas_macroeconomicas/5_2_4_anual.xls,2026-08-05T21:44:21Z
bcv_pib_actividad_economica_anual,Producto interno bruto por actividad económica anual,Variaciones porcentuales,5_2_4_ae_anual.xlsx,2007,Precios constantes,Variación porcentual interanual,Anual,2011,2011,,Actividad económica,Consolidado,2.7289428836952254,Porcentaje,,Banco Central de Venezuela,https://www.bcv.org.ve/sites/default/files/cuentas_macroeconomicas/5_2_4_ae_anual.xlsx,2026-08-05T21:44:21Z
bcv_pib_actividad_economica_anual,Producto interno bruto por actividad económica anual,PIB por actividad económica,5_2_4_anual.xls,1997,Precios constantes,Nivel,Anual,2012,2012,,,Consolidado,614091.03,Bolívares,Preliminar,Banco Central de Venezuela,https://www.bcv.org.ve/sites/default/files/cuentas_macroeconomicas/5_2_4_anual.xls,2026-08-05T21:44:21Z
bcv_pib_actividad_economica_anual,Producto interno bruto por actividad económica anual,PIB por actividad económica,5_2_4_anual.xls,1997,Precios constantes,Variación porcentual interanual,Anual,2012,2012,,,Consolidado,5.625956975086439,Porcentaje,,Banco Central de Venezuela,https://www.bcv.org.ve/sites/default/files/cuentas_macroeconomicas/5_2_4_anual.xls,2026-08-05T21:44:21Z
bcv_pib_actividad_economica_anual,Producto interno bruto por actividad económica anual,Variaciones porcentuales,5_2_4_ae_anual.xlsx,2007,Precios constantes,Variación porcentual interanual,Anual,2012,2012,,Actividad económica,Consolidado,4.2433000303055906,Porcentaje,,Banco Central de Venezuela,https://www.bcv.org.ve/sites/default/files/cuentas_macroeconomicas/5_2_4_ae_anual.xlsx,2026-08-05T21:44:21Z
bcv_pib_actividad_economica_anual,Producto interno bruto por actividad económica anual,PIB por actividad económica,5_2_4_anual.xls,1997,Precios constantes,Nivel,Anual,2013,2013,,,Consolidado,622338.85,Bolívares,Preliminar,Banco Central de Venezuela,https://www.bcv.org.ve/sites/default/files/cuentas_macroeconomicas/5_2_4_anual.xls,2026-08-05T21:44:21Z
bcv_pib_actividad_economica_anual,Producto interno bruto por actividad económica anual,PIB por actividad económica,5_2_4_anual.xls,1997,Precios constantes,Variación porcentual interanual,Anual,2013,2013,,,Consolidado,1.3430940360747314,Porcentaje,,Banco Central de Venezuela,https://www.bcv.org.ve/sites/default/files/cuentas_macroeconomicas/5_2_4_anual.xls,2026-08-05T21:44:21Z
bcv_pib_actividad_economica_anual,Producto interno bruto por actividad económica anual,Variaciones porcentuales,5_2_4_ae_anual.xlsx,2007,Precios constantes,Variación porcentual interanual,Anual,2013,2013,,Actividad económica,Consolidado,0.077713313674451,Porcentaje,,Banco Central de Venezuela,https://www.bcv.org.ve/sites/default/files/cuentas_macroeconomicas/5_2_4_ae_anual.xlsx,2026-08-05T21:44:21Z
bcv_pib_actividad_economica_anual,Producto interno bruto por actividad económica anual,PIB por actividad económica,5_2_4_anual.xls,1997,Precios constantes,Nivel,Anual,2014,2014,,,Consolidado,598102.5700000001,Bolívares,Preliminar,Banco Central de Venezuela,https://www.bcv.org.ve/sites/default/files/cuentas_macroeconomicas/5_2_4_anual.xls,2026-08-05T21:44:21Z
bcv_pib_actividad_economica_anual,Producto interno bruto por actividad económica anual,PIB por actividad económica,5_2_4_anual.xls,1997,Precios constantes,Variación porcentual interanual,Anual,2014,2014,,,Consolidado,-3.8943864745065895,Porcentaje,,Banco Central de Venezuela,https://www.bcv.org.ve/sites/default/files/cuentas_macroeconomicas/5_2_4_anual.xls,2026-08-05T21:44:21Z
bcv_pib_actividad_economica_anual,Producto interno bruto por actividad económica anual,Variaciones porcentuales,5_2_4_ae_anual.xlsx,2007,Precios constantes,Variación porcentual interanual,Anual,2014,2014,,Actividad económica,Consolidado,-2.305807182523381,Porcentaje,,Banco Central de Venezuela,https://www.bcv.org.ve/sites/default/files/cuentas_macroeconomicas/5_2_4_ae_anual.xlsx,2026-08-05T21:44:21Z
bcv_pib_actividad_economica_anual,Producto interno bruto por actividad económica anual,PIB por actividad económica,5_2_4_anual.xls,1997,Precios constantes,Nivel,Anual,2015,2015,,,Consolidado,560892.39,Bolívares,Preliminar,Banco Central de Venezuela,https://www.bcv.org.ve/sites/default/files/cuentas_macroeconomicas/5_2_4_anual.xls,2026-08-05T21:44:21Z
bcv_pib_actividad_economica_anual,Producto interno bruto por actividad económica anual,PIB por actividad económica,5_2_4_anual.xls,1997,Precios constantes,Variación porcentual interanual,Anual,2015,2015,,,Consolidado,-6.221371026712035,Porcentaje,,Banco Central de Venezuela,https://www.bcv.org.ve/sites/default/files/cuentas_macroeconomicas/5_2_4_anual.xls,2026-08-05T21:44:21Z
bcv_pib_actividad_economica_anual,Producto interno bruto por actividad económica anual,Variaciones porcentuales,5_2_4_ae_anual.xlsx,2007,Precios constantes,Variación porcentual interanual,Anual,2015,2015,,Actividad económica,Consolidado,-3.8687209679475245,Porcentaje,,Banco Central de Venezuela,https://www.bcv.org.ve/sites/default/files/cuentas_macroeconomicas/5_2_4_ae_anual.xlsx,2026-08-05T21:44:21Z
bcv_pib_actividad_economica_anual,Producto interno bruto por actividad económica anual,PIB por actividad económica,5_2_4_anual.xls,1997,Precios constantes,Nivel,Anual,2016,2016,,,Consolidado,465314.44999999995,Bolívares,Preliminar,Banco Central de Venezuela,https://www.bcv.org.ve/sites/default/files/cuentas_macroeconomicas/5_2_4_anual.xls,2026-08-05T21:44:21Z
bcv_pib_actividad_economica_anual,Producto interno bruto por actividad económica anual,PIB por actividad económica,5_2_4_anual.xls,1997,Precios constantes,Variación porcentual interanual,Anual,2016,2016,,,Consolidado,-17.040334599654685,Porcentaje,,Banco Central de Venezuela,https://www.bcv.org.ve/sites/default/files/cuentas_macroeconomicas/5_2_4_anual.xls,2026-08-05T21:44:21Z
bcv_pib_actividad_economica_anual,Producto interno bruto por actividad económica anual,Variaciones porcentuales,5_2_4_ae_anual.xlsx,2007,Precios constantes,Variación porcentual interanual,Anual,2016,2016,,Actividad económica,Consolidado,-16.97801742690727,Porcentaje,,Banco Central de Venezuela,https://www.bcv.org.ve/sites/default/files/cuentas_macroeconomicas/5_2_4_ae_anual.xlsx,2026-08-05T21:44:21Z
bcv_pib_actividad_economica_anual,Producto interno bruto por actividad económica anual,PIB por actividad económica,5_2_4_anual.xls,1997,Precios constantes,Nivel,Anual,2017,2017,,,Consolidado,392393.12000000005,Bolívares,Preliminar,Banco Central de Venezuela,https://www.bcv.org.ve/sites/default/files/cuentas_macroeconomicas/5_2_4_anual.xls,2026-08-05T21:44:21Z
bcv_pib_actividad_economica_anual,Producto interno bruto por actividad económica anual,PIB por actividad económica,5_2_4_anual.xls,1997,Precios constantes,Variación porcentual interanual,Anual,2017,2017,,,Consolidado,-15.671408872000413,Porcentaje,,Banco Central de Venezuela,https://www.bcv.org.ve/sites/default/files/cuentas_macroeconomicas/5_2_4_anual.xls,2026-08-05T21:44:21Z
bcv_pib_actividad_economica_anual,Producto interno bruto por actividad económica anual,Variaciones porcentuales,5_2_4_ae_anual.xlsx,2007,Precios constantes,Variación porcentual interanual,Anual,2017,2017,,Actividad económica,Consolidado,-14.420107217382423,Porcentaje,Preliminar,Banco Central de Venezuela,https://www.bcv.org.ve/sites/default/files/cuentas_macroeconomicas/5_2_4_ae_anual.xlsx,2026-08-05T21:44:21Z
bcv_pib_actividad_economica_anual,Producto interno bruto por actividad económica anual,PIB por actividad económica,5_2_4_anual.xls,1997,Precios constantes,Nivel,Anual,2018,2018,,,Consolidado,315399.8900000001,Bolívares,Preliminar,Banco Central de Venezuela,https://www.bcv.org.ve/sites/default/files/cuentas_macroeconomicas/5_2_4_anual.xls,2026-08-05T21:44:21Z
bcv_pib_actividad_economica_anual,Producto interno bruto por actividad económica anual,PIB por actividad económica,5_2_4_anual.xls,1997,Precios constantes,Variación porcentual interanual,Anual,2018,2018,,,Consolidado,-19.621452588159542,Porcentaje,,Banco Central de Venezuela,https://www.bcv.org.ve/sites/default/files/cuentas_macroeconomicas/5_2_4_anual.xls,2026-08-05T21:44:21Z
bcv_pib_actividad_economica_anual,Producto interno bruto por actividad económica anual,Variaciones porcentuales,5_2_4_ae_anual.xlsx,2007,Precios constantes,Variación porcentual interanual,Anual,2018,2018,,Actividad económica,Consolidado,-21.39586857963141,Porcentaje,Preliminar,Banco Central de Venezuela,https://www.bcv.org.ve/sites/default/files/cuentas_macroeconomicas/5_2_4_ae_anual.xlsx,2026-08-05T21:44:21Z
bcv_pib_actividad_economica_anual,Producto interno bruto por actividad económica anual,Variaciones porcentuales,5_2_4_ae_anual.xlsx,2007,Precios constantes,Variación porcentual interanual,Anual,2019,2019,,Actividad económica,Consolidado,-28.991458295234224,Porcentaje,Preliminar,Banco Central de Venezuela,https://www.bcv.org.ve/sites/default/files/cuentas_macroeconomicas/5_2_4_ae_anual.xlsx,2026-08-05T21:44:21Z
bcv_pib_actividad_economica_anual,Producto interno bruto por actividad económica anual,Variaciones porcentuales,5_2_4_ae_anual.xlsx,2007,Precios constantes,Variación porcentual interanual,Anual,2020,2020,,Actividad económica,Consolidado,-33.20381272402878,Porcentaje,Preliminar,Banco Central de Venezuela,https://www.bcv.org.ve/sites/default/files/cuentas_macroeconomicas/5_2_4_ae_anual.xlsx,2026-08-05T21:44:21Z
bcv_pib_actividad_economica_anual,Producto interno bruto por actividad económica anual,Variaciones porcentuales,5_2_4_ae_anual.xlsx,2007,Precios constantes,Variación porcentual interanual,Anual,2021,2021,,Actividad económica,Consolidado,1.1110162502640435,Porcentaje,Preliminar,Banco Central de Venezuela,https://www.bcv.org.ve/sites/default/files/cuentas_macroeconomicas/5_2_4_ae_anual.xlsx,2026-08-05T21:44:21Z
bcv_pib_actividad_economica_anual,Producto interno bruto por actividad económica anual,Variaciones porcentuales,5_2_4_ae_anual.xlsx,2007,Precios constantes,Variación porcentual interanual,Anual,2022,2022,,Actividad económica,Consolidado,14.917680227650166,Porcentaje,Preliminar,Banco Central de Venezuela,https://www.bcv.org.ve/sites/default/files/cuentas_macroeconomicas/5_2_4_ae_anual.xlsx,2026-08-05T21:44:21Z
bcv_pib_actividad_economica_anual,Producto interno bruto por actividad económica anual,Variaciones porcentuales,5_2_4_ae_anual.xlsx,2007,Precios constantes,Variación porcentual interanual,Anual,2023,2023,,Actividad económica,Consolidado,5.143618581513579,Porcentaje,Preliminar,Banco Central de Venezuela,https://www.bcv.org.ve/sites/default/files/cuentas_macroeconomicas/5_2_4_ae_anual.xlsx,2026-08-05T21:44:21Z
bcv_pib_actividad_economica_anual,Producto interno bruto por actividad económica anual,Variaciones porcentuales,5_2_4_ae_anual.xlsx,2007,Precios constantes,Variación porcentual interanual,Anual,2024,2024,,Actividad económica,Consolidado,9.025539143402028,Porcentaje,Preliminar,Banco Central de Venezuela,https://www.bcv.org.ve/sites/default/files/cuentas_macroeconomicas/5_2_4_ae_anual.xlsx,2026-08-05T21:44:21Z
bcv_pib_actividad_economica_anual,Producto interno bruto por actividad económica anual,Variaciones porcentuales,5_2_4_ae_anual.xlsx,2007,Precios constantes,Variación porcentual interanual,Anual,2025,2025,,Actividad económica,Consolidado,8.944487326024529,Porcentaje,Preliminar,Banco Central de Venezuela,https://www.bcv.org.ve/sites/default/files/cuentas_macroeconomicas/5_2_4_ae_anual.xlsx,2026-08-05T21:44:21Z
bcv_pib_actividad_economica_anual,Producto interno bruto por actividad económica anual,PIB por actividad económica,5_2_4_anual.xls,1997,Precios constantes,Nivel,Anual,1997,1997,,,Construcción,30174.48,Bolívares,,Banco Central de Venezuela,https://www.bcv.org.ve/sites/default/files/cuentas_macroeconomicas/5_2_4_anual.xls,2026-08-05T21:44:21Z
bcv_pib_actividad_economica_anual,Producto interno bruto por actividad económica anual,PIB por actividad económica,5_2_4_anual.xls,1997,Precios constantes,Nivel,Anual,1998,1998,,,Construcción,30596.62,Bolívares,,Banco Central de Venezuela,https://www.bcv.org.ve/sites/default/files/cuentas_macroeconomicas/5_2_4_anual.xls,2026-08-05T21:44:21Z
bcv_pib_actividad_economica_anual,Producto interno bruto por actividad económica anual,PIB por actividad económica,5_2_4_anual.xls,1997,Precios constantes,Variación porcentual interanual,Anual,1998,1998,,,Construcción,1.3989967681298907,Porcentaje,,Banco Central de Venezuela,https://www.bcv.org.ve/sites/default/files/cuentas_macroeconomicas/5_2_4_anual.xls,2026-08-05T21:44:21Z
bcv_pib_actividad_economica_anual,Producto interno bruto por actividad económica anual,PIB por actividad económica,5_2_4_anual.xls,1997,Precios constantes,Nivel,Anual,1999,1999,,,Construcción,25277.350000000002,Bolívares,,Banco Central de Venezuela,https://www.bcv.org.ve/sites/default/files/cuentas_macroeconomicas/5_2_4_anual.xls,2026-08-05T21:44:21Z
bcv_pib_actividad_economica_anual,Producto interno bruto por actividad económica anual,PIB por actividad económica,5_2_4_anual.xls,1997,Precios constantes,Variación porcentual interanual,Anual,1999,1999,,,Construcción,-17.385155615228072,Porcentaje,,Banco Central de Venezuela,https://www.bcv.org.ve/sites/default/files/cuentas_macroeconomicas/5_2_4_anual.xls,2026-08-05T21:44:21Z
bcv_pib_actividad_economica_anual,Producto interno bruto por actividad económica anual,PIB por actividad económica,5_2_4_anual.xls,1997,Precios constantes,Nivel,Anual,2000,2000,,,Construcción,26286.899999999998,Bolívares,,Banco Central de Venezuela,https://www.bcv.org.ve/sites/default/files/cuentas_macroeconomicas/5_2_4_anual.xls,2026-08-05T21:44:21Z
bcv_pib_actividad_economica_anual,Producto interno bruto por actividad económica anual,PIB por actividad económica,5_2_4_anual.xls,1997,Precios constantes,Variación porcentual interanual,Anual,2000,2000,,,Construcción,3.9938917647617274,Porcentaje,,Banco Central de Venezuela,https://www.bcv.org.ve/sites/default/files/cuentas_macroeconomicas/5_2_4_anual.xls,2026-08-05T21:44:21Z
bcv_pib_actividad_economica_anual,Producto interno bruto por actividad económica anual,PIB por actividad económica,5_2_4_anual.xls,1997,Precios constantes,Nivel,Anual,2001,2001,,,Construcción,29833.12,Bolívares,,Banco Central de Venezuela,https://www.bcv.org.ve/sites/default/files/cuentas_macroeconomicas/5_2_4_anual.xls,2026-08-05T21:44:21Z
bcv_pib_actividad_economica_anual,Producto interno bruto por actividad económica anual,PIB por actividad económica,5_2_4_anual.xls,1997,Precios constantes,Variación porcentual interanual,Anual,2001,2001,,,Construcción,13.49044581141176,Porcentaje,,Banco Central de Venezuela,https://www.bcv.org.ve/sites/default/files/cuentas_macroeconomicas/5_2_4_anual.xls,2026-08-05T21:44:21Z
bcv_pib_actividad_economica_anual,Producto interno bruto por actividad económica anual,PIB por actividad económica,5_2_4_anual.xls,1997,Precios constantes,Nivel,Anual,2002,2002,,,Construcción,27332.07,Bolívares,,Banco Central de Venezuela,https://www.bcv.org.ve/sites/default/files/cuentas_macroeconomicas/5_2_4_anual.xls,2026-08-05T21:44:21Z
bcv_pib_actividad_economica_anual,Producto interno bruto por actividad económica anual,PIB por actividad económica,5_2_4_anual.xls,1997,Precios constantes,Variación porcentual interanual,Anual,2002,2002,,,Construcción,-8.383467770048853,Porcentaje,,Banco Central de Venezuela,https://www.bcv.org.ve/sites/default/files/cuentas_macroeconomicas/5_2_4_anual.xls,2026-08-05T21:44:21Z
bcv_pib_actividad_economica_anual,Producto interno bruto por actividad económica anual,PIB por actividad económica,5_2_4_anual.xls,1997,Precios constantes,Nivel,Anual,2003,2003,,,Construcción,16541.33,Bolívares,,Banco Central de Venezuela,https://www.bcv.org.ve/sites/default/files/cuentas_macroeconomicas/5_2_4_anual.xls,2026-08-05T21:44:21Z
bcv_pib_actividad_economica_anual,Producto interno bruto por actividad económica anual,PIB por actividad económica,5_2_4_anual.xls,1997,Precios constantes,Variación porcentual interanual,Anual,2003,2003,,,Construcción,-39.48014182606732,Porcentaje,,Banco Central de Venezuela,https://www.bcv.org.ve/sites/default/files/cuentas_macroeconomicas/5_2_4_anual.xls,2026-08-05T21:44:21Z
bcv_pib_actividad_economica_anual,Producto interno bruto por actividad económica anual,PIB por actividad económica,5_2_4_anual.xls,1997,Precios constantes,Nivel,Anual,2004,2004,,,Construcción,20690,Bolívares,,Banco Central de Venezuela,https://www.bcv.org.ve/sites/default/files/cuentas_macroeconomicas/5_2_4_anual.xls,2026-08-05T21:44:21Z
bcv_pib_actividad_economica_anual,Producto interno bruto por actividad económica anual,PIB por actividad económica,5_2_4_anual.xls,1997,Precios constantes,Variación porcentual interanual,Anual,2004,2004,,,Construcción,25.080631363983414,Porcentaje,,Banco Central de Venezuela,https://www.bcv.org.ve/sites/default/files/cuentas_macroeconomicas/5_2_4_anual.xls,2026-08-05T21:44:21Z
bcv_pib_actividad_economica_anual,Producto interno bruto por actividad económica anual,PIB por actividad económica,5_2_4_anual.xls,1997,Precios constantes,Nivel,Anual,2005,2005,,,Construcción,24829.91,Bolívares,,Banco Central de Venezuela,https://www.bcv.org.ve/sites/default/files/cuentas_macroeconomicas/5_2_4_anual.xls,2026-08-05T21:44:21Z
bcv_pib_actividad_economica_anual,Producto interno bruto por actividad económica anual,PIB por actividad económica,5_2_4_anual.xls,1997,Precios constantes,Variación porcentual interanual,Anual,2005,2005,,,Construcción,20.009231512808114,Porcentaje,,Banco Central de Venezuela,https://www.bcv.org.ve/sites/default/files/cuentas_macroeconomicas/5_2_4_anual.xls,2026-08-05T21:44:21Z
bcv_pib_actividad_economica_anual,Producto interno bruto por actividad económica anual,PIB por actividad económica,5_2_4_anual.xls,1997,Precios constantes,Nivel,Anual,2006,2006,,,Construcción,32423.27,Bolívares,,Banco Central de Venezuela,https://www.bcv.org.ve/sites/default/files/cuentas_macroeconomicas/5_2_4_anual.xls,2026-08-05T21:44:21Z
bcv_pib_actividad_economica_anual,Producto interno bruto por actividad económica anual,PIB por actividad económica,5_2_4_anual.xls,1997,Precios constantes,Variación porcentual interanual,Anual,2006,2006,,,Construcción,30.581504322810673,Porcentaje,,Banco Central de Venezuela,https://www.bcv.org.ve/sites/default/files/cuentas_macroeconomicas/5_2_4_anual.xls,2026-08-05T21:44:21Z
bcv_pib_actividad_economica_anual,Producto interno bruto por actividad económica anual,PIB por actividad económica,5_2_4_anual.xls,1997,Precios constantes,Nivel,Anual,2007,2007,,,Construcción,39165.259999999995,Bolívares,,Banco Central de Venezuela,https://www.bcv.org.ve/sites/default/files/cuentas_macroeconomicas/5_2_4_anual.xls,2026-08-05T21:44:21Z
bcv_pib_actividad_economica_anual,Producto interno bruto por actividad económica anual,PIB por actividad económica,5_2_4_anual.xls,1997,Precios constantes,Variación porcentual interanual,Anual,2007,2007,,,Construcción,20.793676887001197,Porcentaje,,Banco Central de Venezuela,https://www.bcv.org.ve/sites/default/files/cuentas_macroeconomicas/5_2_4_anual.xls,2026-08-05T21:44:21Z
bcv_pib_actividad_economica_anual,Producto interno bruto por actividad económica anual,PIB por actividad económica,5_2_4_anual.xls,1997,Precios constantes,Nivel,Anual,2008,2008,,,Construcción,43280.009999999995,Bolívares,Preliminar,Banco Central de Venezuela,https://www.bcv.org.ve/sites/default/files/cuentas_macroeconomicas/5_2_4_anual.xls,2026-08-05T21:44:21Z
bcv_pib_actividad_economica_anual,Producto interno bruto por actividad económica anual,PIB por actividad económica,5_2_4_anual.xls,1997,Precios constantes,Variación porcentual interanual,Anual,2008,2008,,,Construcción,10.506122007105276,Porcentaje,,Banco Central de Venezuela,https://www.bcv.org.ve/sites/default/files/cuentas_macroeconomicas/5_2_4_anual.xls,2026-08-05T21:44:21Z
bcv_pib_actividad_economica_anual,Producto interno bruto por actividad económica anual,Variaciones porcentuales,5_2_4_ae_anual.xlsx,2007,Precios constantes,Variación porcentual interanual,Anual,2008,2008,,Actividad económica,Construcción,17.37351346284177,Porcentaje,,Banco Central de Venezuela,https://www.bcv.org.ve/sites/default/files/cuentas_macroeconomicas/5_2_4_ae_anual.xlsx,2026-08-05T21:44:21Z
bcv_pib_actividad_economica_anual,Producto interno bruto por actividad económica anual,PIB por actividad económica,5_2_4_anual.xls,1997,Precios constantes,Nivel,Anual,2009,2009,,,Construcción,43186.759999999995,Bolívares,Preliminar,Banco Central de Venezuela,https://www.bcv.org.ve/sites/default/files/cuentas_macroeconomicas/5_2_4_anual.xls,2026-08-05T21:44:21Z
bcv_pib_actividad_economica_anual,Producto interno bruto por actividad económica anual,PIB por actividad económica,5_2_4_anual.xls,1997,Precios constantes,Variación porcentual interanual,Anual,2009,2009,,,Construcción,-0.21545743635456915,Porcentaje,,Banco Central de Venezuela,https://www.bcv.org.ve/sites/default/files/cuentas_macroeconomicas/5_2_4_anual.xls,2026-08-05T21:44:21Z
bcv_pib_actividad_economica_anual,Producto interno bruto por actividad económica anual,Variaciones porcentuales,5_2_4_ae_anual.xlsx,2007,Precios constantes,Variación porcentual interanual,Anual,2009,2009,,Actividad económica,Construcción,-1.6659346167506754,Porcentaje,,Banco Central de Venezuela,https://www.bcv.org.ve/sites/default/files/cuentas_macroeconomicas/5_2_4_ae_anual.xlsx,2026-08-05T21:44:21Z
bcv_pib_actividad_economica_anual,Producto interno bruto por actividad económica anual,PIB por actividad económica,5_2_4_anual.xls,1997,Precios constantes,Nivel,Anual,2010,2010,,,Construcción,40184.509999999995,Bolívares,Preliminar,Banco Central de Venezuela,https://www.bcv.org.ve/sites/default/files/cuentas_macroeconomicas/5_2_4_anual.xls,2026-08-05T21:44:21Z
bcv_pib_actividad_economica_anual,Producto interno bruto por actividad económica anual,PIB por actividad económica,5_2_4_anual.xls,1997,Precios constantes,Variación porcentual interanual,Anual,2010,2010,,,Construcción,-6.951783370644151,Porcentaje,,Banco Central de Venezuela,https://www.bcv.org.ve/sites/default/files/cuentas_macroeconomicas/5_2_4_anual.xls,2026-08-05T21:44:21Z
bcv_pib_actividad_economica_anual,Producto interno bruto por actividad económica anual,Variaciones porcentuales,5_2_4_ae_anual.xlsx,2007,Precios constantes,Variación porcentual interanual,Anual,2010,2010,,Actividad económica,Construcción,-3.3005548043983595,Porcentaje,,Banco Central de Venezuela,https://www.bcv.org.ve/sites/default/files/cuentas_macroeconomicas/5_2_4_ae_anual.xlsx,2026-08-05T21:44:21Z
bcv_pib_actividad_economica_anual,Producto interno bruto por actividad económica anual,PIB por actividad económica,5_2_4_anual.xls,1997,Precios constantes,Nivel,Anual,2011,2011,,,Construcción,42094.22,Bolívares,Preliminar,Banco Central de Venezuela,https://www.bcv.org.ve/sites/default/files/cuentas_macroeconomicas/5_2_4_anual.xls,2026-08-05T21:44:21Z
bcv_pib_actividad_economica_anual,Producto interno bruto por actividad económica anual,PIB por actividad económica,5_2_4_anual.xls,1997,Precios constantes,Variación porcentual interanual,Anual,2011,2011,,,Construcción,4.752353581019179,Porcentaje,,Banco Central de Venezuela,https://www.bcv.org.ve/sites/default/files/cuentas_macroeconomicas/5_2_4_anual.xls,2026-08-05T21:44:21Z
bcv_pib_actividad_economica_anual,Producto interno bruto por actividad económica anual,Variaciones porcentuales,5_2_4_ae_anual.xlsx,2007,Precios constantes,Variación porcentual interanual,Anual,2011,2011,,Actividad económica,Construcción,3.8830153126385056,Porcentaje,,Banco Central de Venezuela,https://www.bcv.org.ve/sites/default/files/cuentas_macroeconomicas/5_2_4_ae_anual.xlsx,2026-08-05T21:44:21Z
bcv_pib_actividad_economica_anual,Producto interno bruto por actividad económica anual,PIB por actividad económica,5_2_4_anual.xls,1997,Precios constantes,Nivel,Anual,2012,2012,,,Construcción,49070.82,Bolívares,Preliminar,Banco Central de Venezuela,https://www.bcv.org.ve/sites/default/files/cuentas_macroeconomicas/5_2_4_anual.xls,2026-08-05T21:44:21Z
bcv_pib_actividad_economica_anual,Producto interno bruto por actividad económica anual,PIB por actividad económica,5_2_4_anual.xls,1997,Precios constantes,Variación porcentual interanual,Anual,2012,2012,,,Construcción,16.573771886021404,Porcentaje,,Banco Central de Venezuela,https://www.bcv.org.ve/sites/default/files/cuentas_macroeconomicas/5_2_4_anual.xls,2026-08-05T21:44:21Z
bcv_pib_actividad_economica_anual,Producto interno bruto por actividad económica anual,Variaciones porcentuales,5_2_4_ae_anual.xlsx,2007,Precios constantes,Variación porcentual interanual,Anual,2012,2012,,Actividad económica,Construcción,9.58241436681449,Porcentaje,,Banco Central de Venezuela,https://www.bcv.org.ve/sites/default/files/cuentas_macroeconomicas/5_2_4_ae_anual.xlsx,2026-08-05T21:44:21Z
bcv_pib_actividad_economica_anual,Producto interno bruto por actividad económica anual,PIB por actividad económica,5_2_4_anual.xls,1997,Precios constantes,Nivel,Anual,2013,2013,,,Construcción,47931.770000000004,Bolívares,Preliminar,Banco Central de Venezuela,https://www.bcv.org.ve/sites/default/files/cuentas_macroeconomicas/5_2_4_anual.xls,2026-08-05T21:44:21Z
bcv_pib_actividad_economica_anual,Producto interno bruto por actividad económica anual,PIB por actividad económica,5_2_4_anual.xls,1997,Precios constantes,Variación porcentual interanual,Anual,2013,2013,,,Construcción,-2.3212369387754137,Porcentaje,,Banco Central de Venezuela,https://www.bcv.org.ve/sites/default/files/cuentas_macroeconomicas/5_2_4_anual.xls,2026-08-05T21:44:21Z
bcv_pib_actividad_economica_anual,Producto interno bruto por actividad económica anual,Variaciones porcentuales,5_2_4_ae_anual.xlsx,2007,Precios constantes,Variación porcentual interanual,Anual,2013,2013,,Actividad económica,Construcción,-7.002949049541741,Porcentaje,,Banco Central de Venezuela,https://www.bcv.org.ve/sites/default/files/cuentas_macroeconomicas/5_2_4_ae_anual.xlsx,2026-08-05T21:44:21Z
bcv_pib_actividad_economica_anual,Producto interno bruto por actividad económica anual,PIB por actividad económica,5_2_4_anual.xls,1997,Precios constantes,Nivel,Anual,2014,2014,,,Construcción,44561.76,Bolívares,Preliminar,Banco Central de Venezuela,https://www.bcv.org.ve/sites/default/files/cuentas_macroeconomicas/5_2_4_anual.xls,2026-08-05T21:44:21Z
bcv_pib_actividad_economica_anual,Producto interno bruto por actividad económica anual,PIB por actividad económica,5_2_4_anual.xls,1997,Precios constantes,Variación porcentual interanual,Anual,2014,2014,,,Construcción,-7.030848224465728,Porcentaje,,Banco Central de Venezuela,https://www.bcv.org.ve/sites/default/files/cuentas_macroeconomicas/5_2_4_anual.xls,2026-08-05T21:44:21Z
bcv_pib_actividad_economica_anual,Producto interno bruto por actividad económica anual,Variaciones porcentuales,5_2_4_ae_anual.xlsx,2007,Precios constantes,Variación porcentual interanual,Anual,2014,2014,,Actividad económica,Construcción,-6.330991801222325,Porcentaje,,Banco Central de Venezuela,https://www.bcv.org.ve/sites/default/files/cuentas_macroeconomicas/5_2_4_ae_anual.xlsx,2026-08-05T21:44:21Z
bcv_pib_actividad_economica_anual,Producto interno bruto por actividad económica anual,PIB por actividad económica,5_2_4_anual.xls,1997,Precios constantes,Nivel,Anual,2015,2015,,,Construcción,34564.56,Bolívares,Preliminar,Banco Central de Venezuela,https://www.bcv.org.ve/sites/default/files/cuentas_macroeconomicas/5_2_4_anual.xls,2026-08-05T21:44:21Z
bcv_pib_actividad_economica_anual,Producto interno bruto por actividad económica anual,PIB por actividad económica,5_2_4_anual.xls,1997,Precios constantes,Variación porcentual interanual,Anual,2015,2015,,,Construcción,-22.43448194146731,Porcentaje,,Banco Central de Venezuela,https://www.bcv.org.ve/sites/default/files/cuentas_macroeconomicas/5_2_4_anual.xls,2026-08-05T21:44:21Z
bcv_pib_actividad_economica_anual,Producto interno bruto por actividad económica anual,Variaciones porcentuales,5_2_4_ae_anual.xlsx,2007,Precios constantes,Variación porcentual interanual,Anual,2015,2015,,Actividad económica,Construcción,-14.431595649269497,Porcentaje,,Banco Central de Venezuela,https://www.bcv.org.ve/sites/default/files/cuentas_macroeconomicas/5_2_4_ae_anual.xlsx,2026-08-05T21:44:21Z
bcv_pib_actividad_economica_anual,Producto interno bruto por actividad económica anual,PIB por actividad económica,5_2_4_anual.xls,1997,Precios constantes,Nivel,Anual,2016,2016,,,Construcción,20068.519999999997,Bolívares,Preliminar,Banco Central de Venezuela,https://www.bcv.org.ve/sites/default/files/cuentas_macroeconomicas/5_2_4_anual.xls,2026-08-05T21:44:21Z
bcv_pib_actividad_economica_anual,Producto interno bruto por actividad económica anual,PIB por actividad económica,5_2_4_anual.xls,1997,Precios constantes,Variación porcentual interanual,Anual,2016,2016,,,Construcción,-41.939026563624715,Porcentaje,,Banco Central de Venezuela,https://www.bcv.org.ve/sites/default/files/cuentas_macroeconomicas/5_2_4_anual.xls,2026-08-05T21:44:21Z
bcv_pib_actividad_economica_anual,Producto interno bruto por actividad económica anual,Variaciones porcentuales,5_2_4_ae_anual.xlsx,2007,Precios constantes,Variación porcentual interanual,Anual,2016,2016,,Actividad económica,Construcción,-32.016133155877384,Porcentaje,,Banco Central de Venezuela,https://www.bcv.org.ve/sites/default/files/cuentas_macroeconomicas/5_2_4_ae_anual.xlsx,2026-08-05T21:44:21Z
bcv_pib_actividad_economica_anual,Producto interno bruto por actividad económica anual,PIB por actividad económica,5_2_4_anual.xls,1997,Precios constantes,Nivel,Anual,2017,2017,,,Construcción,9526.68,Bolívares,Preliminar,Banco Central de Venezuela,https://www.bcv.org.ve/sites/default/files/cuentas_macroeconomicas/5_2_4_anual.xls,2026-08-05T21:44:21Z
bcv_pib_actividad_economica_anual,Producto interno bruto por actividad económica anual,PIB por actividad económica,5_2_4_anual.xls,1997,Precios constantes,Variación porcentual interanual,Anual,2017,2017,,,Construcción,-52.529234841433244,Porcentaje,,Banco Central de Venezuela,https://www.bcv.org.ve/sites/default/files/cuentas_macroeconomicas/5_2_4_anual.xls,2026-08-05T21:44:21Z
bcv_pib_actividad_economica_anual,Producto interno bruto por actividad económica anual,Variaciones porcentuales,5_2_4_ae_anual.xlsx,2007,Precios constantes,Variación porcentual interanual,Anual,2017,2017,,Actividad económica,Construcción,-46.74681827086411,Porcentaje,Preliminar,Banco Central de Venezuela,https://www.bcv.org.ve/sites/default/files/cuentas_macroeconomicas/5_2_4_ae_anual.xlsx,2026-08-05T21:44:21Z
bcv_pib_actividad_economica_anual,Producto interno bruto por actividad económica anual,PIB por actividad económica,5_2_4_anual.xls,1997,Precios constantes,Nivel,Anual,2018,2018,,,Construcción,4549.18,Bolívares,Preliminar,Banco Central de Venezuela,https://www.bcv.org.ve/sites/default/files/cuentas_macroeconomicas/5_2_4_anual.xls,2026-08-05T21:44:21Z
bcv_pib_actividad_economica_anual,Producto interno bruto por actividad económica anual,PIB por actividad económica,5_2_4_anual.xls,1997,Precios constantes,Variación porcentual interanual,Anual,2018,2018,,,Construcción,-52.24800245206095,Porcentaje,,Banco Central de Venezuela,https://www.bcv.org.ve/sites/default/files/cuentas_macroeconomicas/5_2_4_anual.xls,2026-08-05T21:44:21Z
bcv_pib_actividad_economica_anual,Producto interno bruto por actividad económica anual,Variaciones porcentuales,5_2_4_ae_anual.xlsx,2007,Precios constantes,Variación porcentual interanual,Anual,2018,2018,,Actividad económica,Construcción,-53.975846694941644,Porcentaje,Preliminar,Banco Central de Venezuela,https://www.bcv.org.ve/sites/default/files/cuentas_macroeconomicas/5_2_4_ae_anual.xlsx,2026-08-05T21:44:21Z
bcv_pib_actividad_economica_anual,Producto interno bruto por actividad económica anual,Variaciones porcentuales,5_2_4_ae_anual.xlsx,2007,Precios constantes,Variación porcentual interanual,Anual,2019,2019,,Actividad económica,Construcción,-25.76308670701151,Porcentaje,Preliminar,Banco Central de Venezuela,https://www.bcv.org.ve/sites/default/files/cuentas_macroeconomicas/5_2_4_ae_anual.xlsx,2026-08-05T21:44:21Z
bcv_pib_actividad_economica_anual,Producto interno bruto por actividad económica anual,Variaciones porcentuales,5_2_4_ae_anual.xlsx,2007,Precios constantes,Variación porcentual interanual,Anual,2020,2020,,Actividad económica,Construcción,-58.66697965716215,Porcentaje,Preliminar,Banco Central de Venezuela,https://www.bcv.org.ve/sites/default/files/cuentas_macroeconomicas/5_2_4_ae_anual.xlsx,2026-08-05T21:44:21Z
bcv_pib_actividad_economica_anual,Producto interno bruto por actividad económica anual,Variaciones porcentuales,5_2_4_ae_anual.xlsx,2007,Precios constantes,Variación porcentual interanual,Anual,2021,2021,,Actividad económica,Construcción,86.19442904915215,Porcentaje,Preliminar,Banco Central de Venezuela,https://www.bcv.org.ve/sites/default/files/cuentas_macroeconomicas/5_2_4_ae_anual.xlsx,2026-08-05T21:44:21Z
bcv_pib_actividad_economica_anual,Producto interno bruto por actividad económica anual,Variaciones porcentuales,5_2_4_ae_anual.xlsx,2007,Precios constantes,Variación porcentual interanual,Anual,2022,2022,,Actividad económica,Construcción,44.62448736875268,Porcentaje,Preliminar,Banco Central de Venezuela,https://www.bcv.org.ve/sites/default/files/cuentas_macroeconomicas/5_2_4_ae_anual.xlsx,2026-08-05T21:44:21Z
bcv_pib_actividad_economica_anual,Producto interno bruto por actividad económica anual,Variaciones porcentuales,5_2_4_ae_anual.xlsx,2007,Precios constantes,Variación porcentual interanual,Anual,2023,2023,,Actividad económica,Construcción,0.5362350646578591,Porcentaje,Preliminar,Banco Central de Venezuela,https://www.bcv.org.ve/sites/default/files/cuentas_macroeconomicas/5_2_4_ae_anual.xlsx,2026-08-05T21:44:21Z
bcv_pib_actividad_economica_anual,Producto interno bruto por actividad económica anual,Variaciones porcentuales,5_2_4_ae_anual.xlsx,2007,Precios constantes,Variación porcentual interanual,Anual,2024,2024,,Actividad económica,Construcción,20.165956243842615,Porcentaje,Preliminar,Banco Central de Venezuela,https://www.bcv.org.ve/sites/default/files/cuentas_macroeconomicas/5_2_4_ae_anual.xlsx,2026-08-05T21:44:21Z
bcv_pib_actividad_economica_anual,Producto interno bruto por actividad económica anual,Variaciones porcentuales,5_2_4_ae_anual.xlsx,2007,Precios constantes,Variación porcentual interanual,Anual,2025,2025,,Actividad económica,Construcción,27.9448280931405,Porcentaje,Preliminar,Banco Central de Venezuela,https://www.bcv.org.ve/sites/default/files/cuentas_macroeconomicas/5_2_4_ae_anual.xlsx,2026-08-05T21:44:21Z
bcv_pib_actividad_economica_anual,Producto interno bruto por actividad económica anual,PIB por actividad económica,5_2_4_anual.xls,1997,Precios constantes,Nivel,Anual,1997,1997,,,Electricidad y agua,8588.67,Bolívares,,Banco Central de Venezuela,https://www.bcv.org.ve/sites/default/files/cuentas_macroeconomicas/5_2_4_anual.xls,2026-08-05T21:44:21Z
bcv_pib_actividad_economica_anual,Producto interno bruto por actividad económica anual,PIB por actividad económica,5_2_4_anual.xls,1997,Precios constantes,Nivel,Anual,1998,1998,,,Electricidad y agua,8628.35,Bolívares,,Banco Central de Venezuela,https://www.bcv.org.ve/sites/default/files/cuentas_macroeconomicas/5_2_4_anual.xls,2026-08-05T21:44:21Z
bcv_pib_actividad_economica_anual,Producto interno bruto por actividad económica anual,PIB por actividad económica,5_2_4_anual.xls,1997,Precios constantes,Variación porcentual interanual,Anual,1998,1998,,,Electricidad y agua,0.46200401226266763,Porcentaje,,Banco Central de Venezuela,https://www.bcv.org.ve/sites/default/files/cuentas_macroeconomicas/5_2_4_anual.xls,2026-08-05T21:44:21Z
bcv_pib_actividad_economica_anual,Producto interno bruto por actividad económica anual,PIB por actividad económica,5_2_4_anual.xls,1997,Precios constantes,Nivel,Anual,1999,1999,,,Electricidad y agua,8438.4,Bolívares,,Banco Central de Venezuela,https://www.bcv.org.ve/sites/default/files/cuentas_macroeconomicas/5_2_4_anual.xls,2026-08-05T21:44:21Z
bcv_pib_actividad_economica_anual,Producto interno bruto por actividad económica anual,PIB por actividad económica,5_2_4_anual.xls,1997,Precios constantes,Variación porcentual interanual,Anual,1999,1999,,,Electricidad y agua,-2.2014637792857457,Porcentaje,,Banco Central de Venezuela,https://www.bcv.org.ve/sites/default/files/cuentas_macroeconomicas/5_2_4_anual.xls,2026-08-05T21:44:21Z
bcv_pib_actividad_economica_anual,Producto interno bruto por actividad económica anual,PIB por actividad económica,5_2_4_anual.xls,1997,Precios constantes,Nivel,Anual,2000,2000,,,Electricidad y agua,8835.27,Bolívares,,Banco Central de Venezuela,https://www.bcv.org.ve/sites/default/files/cuentas_macroeconomicas/5_2_4_anual.xls,2026-08-05T21:44:21Z
bcv_pib_actividad_economica_anual,Producto interno bruto por actividad económica anual,PIB por actividad económica,5_2_4_anual.xls,1997,Precios constantes,Variación porcentual interanual,Anual,2000,2000,,,Electricidad y agua,4.7031427758816875,Porcentaje,,Banco Central de Venezuela,https://www.bcv.org.ve/sites/default/files/cuentas_macroeconomicas/5_2_4_anual.xls,2026-08-05T21:44:21Z
bcv_pib_actividad_economica_anual,Producto interno bruto por actividad económica anual,PIB por actividad económica,5_2_4_anual.xls,1997,Precios constantes,Nivel,Anual,2001,2001,,,Electricidad y agua,9262.73,Bolívares,,Banco Central de Venezuela,https://www.bcv.org.ve/sites/default/files/cuentas_macroeconomicas/5_2_4_anual.xls,2026-08-05T21:44:21Z
bcv_pib_actividad_economica_anual,Producto interno bruto por actividad económica anual,PIB por actividad económica,5_2_4_anual.xls,1997,Precios constantes,Variación porcentual interanual,Anual,2001,2001,,,Electricidad y agua,4.838109078726504,Porcentaje,,Banco Central de Venezuela,https://www.bcv.org.ve/sites/default/files/cuentas_macroeconomicas/5_2_4_anual.xls,2026-08-05T21:44:21Z
bcv_pib_actividad_economica_anual,Producto interno bruto por actividad económica anual,PIB por actividad económica,5_2_4_anual.xls,1997,Precios constantes,Nivel,Anual,2002,2002,,,Electricidad y agua,9458.98,Bolívares,,Banco Central de Venezuela,https://www.bcv.org.ve/sites/default/files/cuentas_macroeconomicas/5_2_4_anual.xls,2026-08-05T21:44:21Z
bcv_pib_actividad_economica_anual,Producto interno bruto por actividad económica anual,PIB por actividad económica,5_2_4_anual.xls,1997,Precios constantes,Variación porcentual interanual,Anual,2002,2002,,,Electricidad y agua,2.118705824308819,Porcentaje,,Banco Central de Venezuela,https://www.bcv.org.ve/sites/default/files/cuentas_macroeconomicas/5_2_4_anual.xls,2026-08-05T21:44:21Z
bcv_pib_actividad_economica_anual,Producto interno bruto por actividad económica anual,PIB por actividad económica,5_2_4_anual.xls,1997,Precios constantes,Nivel,Anual,2003,2003,,,Electricidad y agua,9410.5,Bolívares,,Banco Central de Venezuela,https://www.bcv.org.ve/sites/default/files/cuentas_macroeconomicas/5_2_4_anual.xls,2026-08-05T21:44:21Z
bcv_pib_actividad_economica_anual,Producto interno bruto por actividad económica anual,PIB por actividad económica,5_2_4_anual.xls,1997,Precios constantes,Variación porcentual interanual,Anual,2003,2003,,,Electricidad y agua,-0.5125288350329384,Porcentaje,,Banco Central de Venezuela,https://www.bcv.org.ve/sites/default/files/cuentas_macroeconomicas/5_2_4_anual.xls,2026-08-05T21:44:21Z
bcv_pib_actividad_economica_anual,Producto interno bruto por actividad económica anual,PIB por actividad económica,5_2_4_anual.xls,1997,Precios constantes,Nivel,Anual,2004,2004,,,Electricidad y agua,10215,Bolívares,,Banco Central de Venezuela,https://www.bcv.org.ve/sites/default/files/cuentas_macroeconomicas/5_2_4_anual.xls,2026-08-05T21:44:21Z
bcv_pib_actividad_economica_anual,Producto interno bruto por actividad económica anual,PIB por actividad económica,5_2_4_anual.xls,1997,Precios constantes,Variación porcentual interanual,Anual,2004,2004,,,Electricidad y agua,8.548961266670219,Porcentaje,,Banco Central de Venezuela,https://www.bcv.org.ve/sites/default/files/cuentas_macroeconomicas/5_2_4_anual.xls,2026-08-05T21:44:21Z
bcv_pib_actividad_economica_anual,Producto interno bruto por actividad económica anual,PIB por actividad económica,5_2_4_anual.xls,1997,Precios constantes,Nivel,Anual,2005,2005,,,Electricidad y agua,11363.539999999999,Bolívares,,Banco Central de Venezuela,https://www.bcv.org.ve/sites/default/files/cuentas_macroeconomicas/5_2_4_anual.xls,2026-08-05T21:44:21Z
bcv_pib_actividad_economica_anual,Producto interno bruto por actividad económica anual,PIB por actividad económica,5_2_4_anual.xls,1997,Precios constantes,Variación porcentual interanual,Anual,2005,2005,,,Electricidad y agua,11.243661282427794,Porcentaje,,Banco Central de Venezuela,https://www.bcv.org.ve/sites/default/files/cuentas_macroeconomicas/5_2_4_anual.xls,2026-08-05T21:44:21Z
bcv_pib_actividad_economica_anual,Producto interno bruto por actividad económica anual,PIB por actividad económica,5_2_4_anual.xls,1997,Precios constantes,Nivel,Anual,2006,2006,,,Electricidad y agua,11917.4,Bolívares,,Banco Central de Venezuela,https://www.bcv.org.ve/sites/default/files/cuentas_macroeconomicas/5_2_4_anual.xls,2026-08-05T21:44:21Z
bcv_pib_actividad_economica_anual,Producto interno bruto por actividad económica anual,PIB por actividad económica,5_2_4_anual.xls,1997,Precios constantes,Variación porcentual interanual,Anual,2006,2006,,,Electricidad y agua,4.87400933159914,Porcentaje,,Banco Central de Venezuela,https://www.bcv.org.ve/sites/default/files/cuentas_macroeconomicas/5_2_4_anual.xls,2026-08-05T21:44:21Z
bcv_pib_actividad_economica_anual,Producto interno bruto por actividad económica anual,PIB por actividad económica,5_2_4_anual.xls,1997,Precios constantes,Nivel,Anual,2007,2007,,,Electricidad y agua,12222.91,Bolívares,,Banco Central de Venezuela,https://www.bcv.org.ve/sites/default/files/cuentas_macroeconomicas/5_2_4_anual.xls,2026-08-05T21:44:21Z
bcv_pib_actividad_economica_anual,Producto interno bruto por actividad económica anual,PIB por actividad económica,5_2_4_anual.xls,1997,Precios constantes,Variación porcentual interanual,Anual,2007,2007,,,Electricidad y agua,2.563562522026615,Porcentaje,,Banco Central de Venezuela,https://www.bcv.org.ve/sites/default/files/cuentas_macroeconomicas/5_2_4_anual.xls,2026-08-05T21:44:21Z
bcv_pib_actividad_economica_anual,Producto interno bruto por actividad económica anual,PIB por actividad económica,5_2_4_anual.xls,1997,Precios constantes,Nivel,Anual,2008,2008,,,Electricidad y agua,12837.25,Bolívares,Preliminar,Banco Central de Venezuela,https://www.bcv.org.ve/sites/default/files/cuentas_macroeconomicas/5_2_4_anual.xls,2026-08-05T21:44:21Z
bcv_pib_actividad_economica_anual,Producto interno bruto por actividad económica anual,PIB por actividad económica,5_2_4_anual.xls,1997,Precios constantes,Variación porcentual interanual,Anual,2008,2008,,,Electricidad y agua,5.026135347474536,Porcentaje,,Banco Central de Venezuela,https://www.bcv.org.ve/sites/default/files/cuentas_macroeconomicas/5_2_4_anual.xls,2026-08-05T21:44:21Z
bcv_pib_actividad_economica_anual,Producto interno bruto por actividad económica anual,Variaciones porcentuales,5_2_4_ae_anual.xlsx,2007,Precios constantes,Variación porcentual interanual,Anual,2008,2008,,Actividad económica,Electricidad y agua,10.233116442963649,Porcentaje,,Banco Central de Venezuela,https://www.bcv.org.ve/sites/default/files/cuentas_macroeconomicas/5_2_4_ae_anual.xlsx,2026-08-05T21:44:21Z
bcv_pib_actividad_economica_anual,Producto interno bruto por actividad económica anual,PIB por actividad económica,5_2_4_anual.xls,1997,Precios constantes,Nivel,Anual,2009,2009,,,Electricidad y agua,13367.57,Bolívares,Preliminar,Banco Central de Venezuela,https://www.bcv.org.ve/sites/default/files/cuentas_macroeconomicas/5_2_4_anual.xls,2026-08-05T21:44:21Z
bcv_pib_actividad_economica_anual,Producto interno bruto por actividad económica anual,PIB por actividad económica,5_2_4_anual.xls,1997,Precios constantes,Variación porcentual interanual,Anual,2009,2009,,,Electricidad y agua,4.131102845235546,Porcentaje,,Banco Central de Venezuela,https://www.bcv.org.ve/sites/default/files/cuentas_macroeconomicas/5_2_4_anual.xls,2026-08-05T21:44:21Z
bcv_pib_actividad_economica_anual,Producto interno bruto por actividad económica anual,Variaciones porcentuales,5_2_4_ae_anual.xlsx,2007,Precios constantes,Variación porcentual interanual,Anual,2009,2009,,Actividad económica,Electricidad y agua,6.80878297107526,Porcentaje,,Banco Central de Venezuela,https://www.bcv.org.ve/sites/default/files/cuentas_macroeconomicas/5_2_4_ae_anual.xlsx,2026-08-05T21:44:21Z
bcv_pib_actividad_economica_anual,Producto interno bruto por actividad económica anual,PIB por actividad económica,5_2_4_anual.xls,1997,Precios constantes,Nivel,Anual,2010,2010,,,Electricidad y agua,12589.119999999999,Bolívares,Preliminar,Banco Central de Venezuela,https://www.bcv.org.ve/sites/default/files/cuentas_macroeconomicas/5_2_4_anual.xls,2026-08-05T21:44:21Z
bcv_pib_actividad_economica_anual,Producto interno bruto por actividad económica anual,PIB por actividad económica,5_2_4_anual.xls,1997,Precios constantes,Variación porcentual interanual,Anual,2010,2010,,,Electricidad y agua,-5.823421908394721,Porcentaje,,Banco Central de Venezuela,https://www.bcv.org.ve/sites/default/files/cuentas_macroeconomicas/5_2_4_anual.xls,2026-08-05T21:44:21Z
bcv_pib_actividad_economica_anual,Producto interno bruto por actividad económica anual,Variaciones porcentuales,5_2_4_ae_anual.xlsx,2007,Precios constantes,Variación porcentual interanual,Anual,2010,2010,,Actividad económica,Electricidad y agua,-4.9569671385421685,Porcentaje,,Banco Central de Venezuela,https://www.bcv.org.ve/sites/default/files/cuentas_macroeconomicas/5_2_4_ae_anual.xlsx,2026-08-05T21:44:21Z
bcv_pib_actividad_economica_anual,Producto interno bruto por actividad económica anual,PIB por actividad económica,5_2_4_anual.xls,1997,Precios constantes,Nivel,Anual,2011,2011,,,Electricidad y agua,13221.289999999999,Bolívares,Preliminar,Banco Central de Venezuela,https://www.bcv.org.ve/sites/default/files/cuentas_macroeconomicas/5_2_4_anual.xls,2026-08-05T21:44:21Z
bcv_pib_actividad_economica_anual,Producto interno bruto por actividad económica anual,PIB por actividad económica,5_2_4_anual.xls,1997,Precios constantes,Variación porcentual interanual,Anual,2011,2011,,,Electricidad y agua,5.021558297958876,Porcentaje,,Banco Central de Venezuela,https://www.bcv.org.ve/sites/default/files/cuentas_macroeconomicas/5_2_4_anual.xls,2026-08-05T21:44:21Z
bcv_pib_actividad_economica_anual,Producto interno bruto por actividad económica anual,Variaciones porcentuales,5_2_4_ae_anual.xlsx,2007,Precios constantes,Variación porcentual interanual,Anual,2011,2011,,Actividad económica,Electricidad y agua,1.192007083542748,Porcentaje,,Banco Central de Venezuela,https://www.bcv.org.ve/sites/default/files/cuentas_macroeconomicas/5_2_4_ae_anual.xlsx,2026-08-05T21:44:21Z
bcv_pib_actividad_economica_anual,Producto interno bruto por actividad económica anual,PIB por actividad económica,5_2_4_anual.xls,1997,Precios constantes,Nivel,Anual,2012,2012,,,Electricidad y agua,13725.869999999999,Bolívares,Preliminar,Banco Central de Venezuela,https://www.bcv.org.ve/sites/default/files/cuentas_macroeconomicas/5_2_4_anual.xls,2026-08-05T21:44:21Z
bcv_pib_actividad_economica_anual,Producto interno bruto por actividad económica anual,PIB por actividad económica,5_2_4_anual.xls,1997,Precios constantes,Variación porcentual interanual,Anual,2012,2012,,,Electricidad y agua,3.816420334173131,Porcentaje,,Banco Central de Venezuela,https://www.bcv.org.ve/sites/default/files/cuentas_macroeconomicas/5_2_4_anual.xls,2026-08-05T21:44:21Z
bcv_pib_actividad_economica_anual,Producto interno bruto por actividad económica anual,Variaciones porcentuales,5_2_4_ae_anual.xlsx,2007,Precios constantes,Variación porcentual interanual,Anual,2012,2012,,Actividad económica,Electricidad y agua,1.7640065399862692,Porcentaje,,Banco Central de Venezuela,https://www.bcv.org.ve/sites/default/files/cuentas_macroeconomicas/5_2_4_ae_anual.xlsx,2026-08-05T21:44:21Z
bcv_pib_actividad_economica_anual,Producto interno bruto por actividad económica anual,PIB por actividad económica,5_2_4_anual.xls,1997,Precios constantes,Nivel,Anual,2013,2013,,,Electricidad y agua,14177.3,Bolívares,Preliminar,Banco Central de Venezuela,https://www.bcv.org.ve/sites/default/files/cuentas_macroeconomicas/5_2_4_anual.xls,2026-08-05T21:44:21Z
bcv_pib_actividad_economica_anual,Producto interno bruto por actividad económica anual,PIB por actividad económica,5_2_4_anual.xls,1997,Precios constantes,Variación porcentual interanual,Anual,2013,2013,,,Electricidad y agua,3.2888989914664677,Porcentaje,,Banco Central de Venezuela,https://www.bcv.org.ve/sites/default/files/cuentas_macroeconomicas/5_2_4_anual.xls,2026-08-05T21:44:21Z
bcv_pib_actividad_economica_anual,Producto interno bruto por actividad económica anual,Variaciones porcentuales,5_2_4_ae_anual.xlsx,2007,Precios constantes,Variación porcentual interanual,Anual,2013,2013,,Actividad económica,Electricidad y agua,2.7077585153927117,Porcentaje,,Banco Central de Venezuela,https://www.bcv.org.ve/sites/default/files/cuentas_macroeconomicas/5_2_4_ae_anual.xlsx,2026-08-05T21:44:21Z
bcv_pib_actividad_economica_anual,Producto interno bruto por actividad económica anual,PIB por actividad económica,5_2_4_anual.xls,1997,Precios constantes,Nivel,Anual,2014,2014,,,Electricidad y agua,14031.359999999999,Bolívares,Preliminar,Banco Central de Venezuela,https://www.bcv.org.ve/sites/default/files/cuentas_macroeconomicas/5_2_4_anual.xls,2026-08-05T21:44:21Z
bcv_pib_actividad_economica_anual,Producto interno bruto por actividad económica anual,PIB por actividad económica,5_2_4_anual.xls,1997,Precios constantes,Variación porcentual interanual,Anual,2014,2014,,,Electricidad y agua,-1.0293920563153875,Porcentaje,,Banco Central de Venezuela,https://www.bcv.org.ve/sites/default/files/cuentas_macroeconomicas/5_2_4_anual.xls,2026-08-05T21:44:21Z
bcv_pib_actividad_economica_anual,Producto interno bruto por actividad económica anual,Variaciones porcentuales,5_2_4_ae_anual.xlsx,2007,Precios constantes,Variación porcentual interanual,Anual,2014,2014,,Actividad económica,Electricidad y agua,-0.8045399024422863,Porcentaje,,Banco Central de Venezuela,https://www.bcv.org.ve/sites/default/files/cuentas_macroeconomicas/5_2_4_ae_anual.xlsx,2026-08-05T21:44:21Z
bcv_pib_actividad_economica_anual,Producto interno bruto por actividad económica anual,PIB por actividad económica,5_2_4_anual.xls,1997,Precios constantes,Nivel,Anual,2015,2015,,,Electricidad y agua,13591.75,Bolívares,Preliminar,Banco Central de Venezuela,https://www.bcv.org.ve/sites/default/files/cuentas_macroeconomicas/5_2_4_anual.xls,2026-08-05T21:44:21Z
bcv_pib_actividad_economica_anual,Producto interno bruto por actividad económica anual,PIB por actividad económica,5_2_4_anual.xls,1997,Precios constantes,Variación porcentual interanual,Anual,2015,2015,,,Electricidad y agua,-3.1330533889801018,Porcentaje,,Banco Central de Venezuela,https://www.bcv.org.ve/sites/default/files/cuentas_macroeconomicas/5_2_4_anual.xls,2026-08-05T21:44:21Z
bcv_pib_actividad_economica_anual,Producto interno bruto por actividad económica anual,Variaciones porcentuales,5_2_4_ae_anual.xlsx,2007,Precios constantes,Variación porcentual interanual,Anual,2015,2015,,Actividad económica,Electricidad y agua,0.40791397639121385,Porcentaje,,Banco Central de Venezuela,https://www.bcv.org.ve/sites/default/files/cuentas_macroeconomicas/5_2_4_ae_anual.xlsx,2026-08-05T21:44:21Z
bcv_pib_actividad_economica_anual,Producto interno bruto por actividad económica anual,PIB por actividad económica,5_2_4_anual.xls,1997,Precios constantes,Nivel,Anual,2016,2016,,,Electricidad y agua,12712.47,Bolívares,Preliminar,Banco Central de Venezuela,https://www.bcv.org.ve/sites/default/files/cuentas_macroeconomicas/5_2_4_anual.xls,2026-08-05T21:44:21Z
bcv_pib_actividad_economica_anual,Producto interno bruto por actividad económica anual,PIB por actividad económica,5_2_4_anual.xls,1997,Precios constantes,Variación porcentual interanual,Anual,2016,2016,,,Electricidad y agua,-6.469218459727415,Porcentaje,,Banco Central de Venezuela,https://www.bcv.org.ve/sites/default/files/cuentas_macroeconomicas/5_2_4_anual.xls,2026-08-05T21:44:21Z
bcv_pib_actividad_economica_anual,Producto interno bruto por actividad económica anual,Variaciones porcentuales,5_2_4_ae_anual.xlsx,2007,Precios constantes,Variación porcentual interanual,Anual,2016,2016,,Actividad económica,Electricidad y agua,-9.389577079658068,Porcentaje,,Banco Central de Venezuela,https://www.bcv.org.ve/sites/default/files/cuentas_macroeconomicas/5_2_4_ae_anual.xlsx,2026-08-05T21:44:21Z
bcv_pib_actividad_economica_anual,Producto interno bruto por actividad económica anual,PIB por actividad económica,5_2_4_anual.xls,1997,Precios constantes,Nivel,Anual,2017,2017,,,Electricidad y agua,12040.78,Bolívares,Preliminar,Banco Central de Venezuela,https://www.bcv.org.ve/sites/default/files/cuentas_macroeconomicas/5_2_4_anual.xls,2026-08-05T21:44:21Z
bcv_pib_actividad_economica_anual,Producto interno bruto por actividad económica anual,PIB por actividad económica,5_2_4_anual.xls,1997,Precios constantes,Variación porcentual interanual,Anual,2017,2017,,,Electricidad y agua,-5.283709617407155,Porcentaje,,Banco Central de Venezuela,https://www.bcv.org.ve/sites/default/files/cuentas_macroeconomicas/5_2_4_anual.xls,2026-08-05T21:44:21Z
bcv_pib_actividad_economica_anual,Producto interno bruto por actividad económica anual,Variaciones porcentuales,5_2_4_ae_anual.xlsx,2007,Precios constantes,Variación porcentual interanual,Anual,2017,2017,,Actividad económica,Electricidad y agua,-5.748914512003751,Porcentaje,Preliminar,Banco Central de Venezuela,https://www.bcv.org.ve/sites/default/files/cuentas_macroeconomicas/5_2_4_ae_anual.xlsx,2026-08-05T21:44:21Z
bcv_pib_actividad_economica_anual,Producto interno bruto por actividad económica anual,PIB por actividad económica,5_2_4_anual.xls,1997,Precios constantes,Nivel,Anual,2018,2018,,,Electricidad y agua,10276.85,Bolívares,Preliminar,Banco Central de Venezuela,https://www.bcv.org.ve/sites/default/files/cuentas_macroeconomicas/5_2_4_anual.xls,2026-08-05T21:44:21Z
bcv_pib_actividad_economica_anual,Producto interno bruto por actividad económica anual,PIB por actividad económica,5_2_4_anual.xls,1997,Precios constantes,Variación porcentual interanual,Anual,2018,2018,,,Electricidad y agua,-14.649632332789082,Porcentaje,,Banco Central de Venezuela,https://www.bcv.org.ve/sites/default/files/cuentas_macroeconomicas/5_2_4_anual.xls,2026-08-05T21:44:21Z
bcv_pib_actividad_economica_anual,Producto interno bruto por actividad económica anual,Variaciones porcentuales,5_2_4_ae_anual.xlsx,2007,Precios constantes,Variación porcentual interanual,Anual,2018,2018,,Actividad económica,Electricidad y agua,-13.430817671628986,Porcentaje,Preliminar,Banco Central de Venezuela,https://www.bcv.org.ve/sites/default/files/cuentas_macroeconomicas/5_2_4_ae_anual.xlsx,2026-08-05T21:44:21Z
bcv_pib_actividad_economica_anual,Producto interno bruto por actividad económica anual,Variaciones porcentuales,5_2_4_ae_anual.xlsx,2007,Precios constantes,Variación porcentual interanual,Anual,2019,2019,,Actividad económica,Electricidad y agua,-13.358139868741844,Porcentaje,Preliminar,Banco Central de Venezuela,https://www.bcv.org.ve/sites/default/files/cuentas_macroeconomicas/5_2_4_ae_anual.xlsx,2026-08-05T21:44:21Z
bcv_pib_actividad_economica_anual,Producto interno bruto por actividad económica anual,Variaciones porcentuales,5_2_4_ae_anual.xlsx,2007,Precios constantes,Variación porcentual interanual,Anual,2020,2020,,Actividad económica,Electricidad y agua,-3.464446917851461,Porcentaje,Preliminar,Banco Central de Venezuela,https://www.bcv.org.ve/sites/default/files/cuentas_macroeconomicas/5_2_4_ae_anual.xlsx,2026-08-05T21:44:21Z
bcv_pib_actividad_economica_anual,Producto interno bruto por actividad económica anual,Variaciones porcentuales,5_2_4_ae_anual.xlsx,2007,Precios constantes,Variación porcentual interanual,Anual,2021,2021,,Actividad económica,Electricidad y agua,-4.535171984088137,Porcentaje,Preliminar,Banco Central de Venezuela,https://www.bcv.org.ve/sites/default/files/cuentas_macroeconomicas/5_2_4_ae_anual.xlsx,2026-08-05T21:44:21Z
bcv_pib_actividad_economica_anual,Producto interno bruto por actividad económica anual,Variaciones porcentuales,5_2_4_ae_anual.xlsx,2007,Precios constantes,Variación porcentual interanual,Anual,2022,2022,,Actividad económica,Electricidad y agua,3.697940943037125,Porcentaje,Preliminar,Banco Central de Venezuela,https://www.bcv.org.ve/sites/default/files/cuentas_macroeconomicas/5_2_4_ae_anual.xlsx,2026-08-05T21:44:21Z
bcv_pib_actividad_economica_anual,Producto interno bruto por actividad económica anual,Variaciones porcentuales,5_2_4_ae_anual.xlsx,2007,Precios constantes,Variación porcentual interanual,Anual,2023,2023,,Actividad económica,Electricidad y agua,4.692423660348723,Porcentaje,Preliminar,Banco Central de Venezuela,https://www.bcv.org.ve/sites/default/files/cuentas_macroeconomicas/5_2_4_ae_anual.xlsx,2026-08-05T21:44:21Z
bcv_pib_actividad_economica_anual,Producto interno bruto por actividad económica anual,Variaciones porcentuales,5_2_4_ae_anual.xlsx,2007,Precios constantes,Variación porcentual interanual,Anual,2024,2024,,Actividad económica,Electricidad y agua,6.1228344152336405,Porcentaje,Preliminar,Banco Central de Venezuela,https://www.bcv.org.ve/sites/default/files/cuentas_macroeconomicas/5_2_4_ae_anual.xlsx,2026-08-05T21:44:21Z
bcv_pib_actividad_economica_anual,Producto interno bruto por actividad económica anual,Variaciones porcentuales,5_2_4_ae_anual.xlsx,2007,Precios constantes,Variación porcentual interanual,Anual,2025,2025,,Actividad económica,Electricidad y agua,2.0591779855542143,Porcentaje,Preliminar,Banco Central de Venezuela,https://www.bcv.org.ve/sites/default/files/cuentas_macroeconomicas/5_2_4_ae_anual.xlsx,2026-08-05T21:44:21Z
bcv_pib_actividad_economica_anual,Producto interno bruto por actividad económica anual,PIB por actividad económica,5_2_4_anual.xls,1997,Precios constantes,Nivel,Anual,1997,1997,,,Impuestos netos sobre los productos,36937.53999999999,Bolívares,,Banco Central de Venezuela,https://www.bcv.org.ve/sites/default/files/cuentas_macroeconomicas/5_2_4_anual.xls,2026-08-05T21:44:21Z
bcv_pib_actividad_economica_anual,Producto interno bruto por actividad económica anual,PIB por actividad económica,5_2_4_anual.xls,1997,Precios constantes,Nivel,Anual,1998,1998,,,Impuestos netos sobre los productos,38301.75,Bolívares,,Banco Central de Venezuela,https://www.bcv.org.ve/sites/default/files/cuentas_macroeconomicas/5_2_4_anual.xls,2026-08-05T21:44:21Z
bcv_pib_actividad_economica_anual,Producto interno bruto por actividad económica anual,PIB por actividad económica,5_2_4_anual.xls,1997,Precios constantes,Variación porcentual interanual,Anual,1998,1998,,,Impuestos netos sobre los productos,3.6932887246958046,Porcentaje,,Banco Central de Venezuela,https://www.bcv.org.ve/sites/default/files/cuentas_macroeconomicas/5_2_4_anual.xls,2026-08-05T21:44:21Z
bcv_pib_actividad_economica_anual,Producto interno bruto por actividad económica anual,PIB por actividad económica,5_2_4_anual.xls,1997,Precios constantes,Nivel,Anual,1999,1999,,,Impuestos netos sobre los productos,37148.43,Bolívares,,Banco Central de Venezuela,https://www.bcv.org.ve/sites/default/files/cuentas_macroeconomicas/5_2_4_anual.xls,2026-08-05T21:44:21Z
bcv_pib_actividad_economica_anual,Producto interno bruto por actividad económica anual,PIB por actividad económica,5_2_4_anual.xls,1997,Precios constantes,Variación porcentual interanual,Anual,1999,1999,,,Impuestos netos sobre los productos,-3.011141788560579,Porcentaje,,Banco Central de Venezuela,https://www.bcv.org.ve/sites/default/files/cuentas_macroeconomicas/5_2_4_anual.xls,2026-08-05T21:44:21Z
bcv_pib_actividad_economica_anual,Producto interno bruto por actividad económica anual,PIB por actividad económica,5_2_4_anual.xls,1997,Precios constantes,Nivel,Anual,2000,2000,,,Impuestos netos sobre los productos,38160.46000000001,Bolívares,,Banco Central de Venezuela,https://www.bcv.org.ve/sites/default/files/cuentas_macroeconomicas/5_2_4_anual.xls,2026-08-05T21:44:21Z
bcv_pib_actividad_economica_anual,Producto interno bruto por actividad económica anual,PIB por actividad económica,5_2_4_anual.xls,1997,Precios constantes,Variación porcentual interanual,Anual,2000,2000,,,Impuestos netos sobre los productos,2.724287405954982,Porcentaje,,Banco Central de Venezuela,https://www.bcv.org.ve/sites/default/files/cuentas_macroeconomicas/5_2_4_anual.xls,2026-08-05T21:44:21Z
bcv_pib_actividad_economica_anual,Producto interno bruto por actividad económica anual,PIB por actividad económica,5_2_4_anual.xls,1997,Precios constantes,Nivel,Anual,2001,2001,,,Impuestos netos sobre los productos,41015.19,Bolívares,,Banco Central de Venezuela,https://www.bcv.org.ve/sites/default/files/cuentas_macroeconomicas/5_2_4_anual.xls,2026-08-05T21:44:21Z
bcv_pib_actividad_economica_anual,Producto interno bruto por actividad económica anual,PIB por actividad económica,5_2_4_anual.xls,1997,Precios constantes,Variación porcentual interanual,Anual,2001,2001,,,Impuestos netos sobre los productos,7.480858459253369,Porcentaje,,Banco Central de Venezuela,https://www.bcv.org.ve/sites/default/files/cuentas_macroeconomicas/5_2_4_anual.xls,2026-08-05T21:44:21Z
bcv_pib_actividad_economica_anual,Producto interno bruto por actividad económica anual,PIB por actividad económica,5_2_4_anual.xls,1997,Precios constantes,Nivel,Anual,2002,2002,,,Impuestos netos sobre los productos,32649.89,Bolívares,,Banco Central de Venezuela,https://www.bcv.org.ve/sites/default/files/cuentas_macroeconomicas/5_2_4_anual.xls,2026-08-05T21:44:21Z
bcv_pib_actividad_economica_anual,Producto interno bruto por actividad económica anual,PIB por actividad económica,5_2_4_anual.xls,1997,Precios constantes,Variación porcentual interanual,Anual,2002,2002,,,Impuestos netos sobre los productos,-20.395614405297167,Porcentaje,,Banco Central de Venezuela,https://www.bcv.org.ve/sites/default/files/cuentas_macroeconomicas/5_2_4_anual.xls,2026-08-05T21:44:21Z
bcv_pib_actividad_economica_anual,Producto interno bruto por actividad económica anual,PIB por actividad económica,5_2_4_anual.xls,1997,Precios constantes,Nivel,Anual,2003,2003,,,Impuestos netos sobre los productos,25306.030000000002,Bolívares,,Banco Central de Venezuela,https://www.bcv.org.ve/sites/default/files/cuentas_macroeconomicas/5_2_4_anual.xls,2026-08-05T21:44:21Z
bcv_pib_actividad_economica_anual,Producto interno bruto por actividad económica anual,PIB por actividad económica,5_2_4_anual.xls,1997,Precios constantes,Variación porcentual interanual,Anual,2003,2003,,,Impuestos netos sobre los productos,-22.492755718319415,Porcentaje,,Banco Central de Venezuela,https://www.bcv.org.ve/sites/default/files/cuentas_macroeconomicas/5_2_4_anual.xls,2026-08-05T21:44:21Z
bcv_pib_actividad_economica_anual,Producto interno bruto por actividad económica anual,PIB por actividad económica,5_2_4_anual.xls,1997,Precios constantes,Nivel,Anual,2004,2004,,,Impuestos netos sobre los productos,38775,Bolívares,,Banco Central de Venezuela,https://www.bcv.org.ve/sites/default/files/cuentas_macroeconomicas/5_2_4_anual.xls,2026-08-05T21:44:21Z
bcv_pib_actividad_economica_anual,Producto interno bruto por actividad económica anual,PIB por actividad económica,5_2_4_anual.xls,1997,Precios constantes,Variación porcentual interanual,Anual,2004,2004,,,Impuestos netos sobre los productos,53.22435008573055,Porcentaje,,Banco Central de Venezuela,https://www.bcv.org.ve/sites/default/files/cuentas_macroeconomicas/5_2_4_anual.xls,2026-08-05T21:44:21Z
bcv_pib_actividad_economica_anual,Producto interno bruto por actividad económica anual,PIB por actividad económica,5_2_4_anual.xls,1997,Precios constantes,Nivel,Anual,2005,2005,,,Impuestos netos sobre los productos,45671.590000000004,Bolívares,,Banco Central de Venezuela,https://www.bcv.org.ve/sites/default/files/cuentas_macroeconomicas/5_2_4_anual.xls,2026-08-05T21:44:21Z
bcv_pib_actividad_economica_anual,Producto interno bruto por actividad económica anual,PIB por actividad económica,5_2_4_anual.xls,1997,Precios constantes,Variación porcentual interanual,Anual,2005,2005,,,Impuestos netos sobre los productos,17.786176660219226,Porcentaje,,Banco Central de Venezuela,https://www.bcv.org.ve/sites/default/files/cuentas_macroeconomicas/5_2_4_anual.xls,2026-08-05T21:44:21Z
bcv_pib_actividad_economica_anual,Producto interno bruto por actividad económica anual,PIB por actividad económica,5_2_4_anual.xls,1997,Precios constantes,Nivel,Anual,2006,2006,,,Impuestos netos sobre los productos,55335.380000000005,Bolívares,,Banco Central de Venezuela,https://www.bcv.org.ve/sites/default/files/cuentas_macroeconomicas/5_2_4_anual.xls,2026-08-05T21:44:21Z
bcv_pib_actividad_economica_anual,Producto interno bruto por actividad económica anual,PIB por actividad económica,5_2_4_anual.xls,1997,Precios constantes,Variación porcentual interanual,Anual,2006,2006,,,Impuestos netos sobre los productos,21.159302752542672,Porcentaje,,Banco Central de Venezuela,https://www.bcv.org.ve/sites/default/files/cuentas_macroeconomicas/5_2_4_anual.xls,2026-08-05T21:44:21Z
bcv_pib_actividad_economica_anual,Producto interno bruto por actividad económica anual,PIB por actividad económica,5_2_4_anual.xls,1997,Precios constantes,Nivel,Anual,2007,2007,,,Impuestos netos sobre los productos,65069.28,Bolívares,,Banco Central de Venezuela,https://www.bcv.org.ve/sites/default/files/cuentas_macroeconomicas/5_2_4_anual.xls,2026-08-05T21:44:21Z
bcv_pib_actividad_economica_anual,Producto interno bruto por actividad económica anual,PIB por actividad económica,5_2_4_anual.xls,1997,Precios constantes,Variación porcentual interanual,Anual,2007,2007,,,Impuestos netos sobre los productos,17.590734896914057,Porcentaje,,Banco Central de Venezuela,https://www.bcv.org.ve/sites/default/files/cuentas_macroeconomicas/5_2_4_anual.xls,2026-08-05T21:44:21Z
bcv_pib_actividad_economica_anual,Producto interno bruto por actividad económica anual,PIB por actividad económica,5_2_4_anual.xls,1997,Precios constantes,Nivel,Anual,2008,2008,,,Impuestos netos sobre los productos,68505.88,Bolívares,Preliminar,Banco Central de Venezuela,https://www.bcv.org.ve/sites/default/files/cuentas_macroeconomicas/5_2_4_anual.xls,2026-08-05T21:44:21Z
bcv_pib_actividad_economica_anual,Producto interno bruto por actividad económica anual,PIB por actividad económica,5_2_4_anual.xls,1997,Precios constantes,Variación porcentual interanual,Anual,2008,2008,,,Impuestos netos sobre los productos,5.281447712345994,Porcentaje,,Banco Central de Venezuela,https://www.bcv.org.ve/sites/default/files/cuentas_macroeconomicas/5_2_4_anual.xls,2026-08-05T21:44:21Z
bcv_pib_actividad_economica_anual,Producto interno bruto por actividad económica anual,Variaciones porcentuales,5_2_4_ae_anual.xlsx,2007,Precios constantes,Variación porcentual interanual,Anual,2008,2008,,Actividad económica,Impuestos netos sobre los productos,-11.632659300368715,Porcentaje,,Banco Central de Venezuela,https://www.bcv.org.ve/sites/default/files/cuentas_macroeconomicas/5_2_4_ae_anual.xlsx,2026-08-05T21:44:21Z
bcv_pib_actividad_economica_anual,Producto interno bruto por actividad económica anual,PIB por actividad económica,5_2_4_anual.xls,1997,Precios constantes,Nivel,Anual,2009,2009,,,Impuestos netos sobre los productos,62709.95,Bolívares,Preliminar,Banco Central de Venezuela,https://www.bcv.org.ve/sites/default/files/cuentas_macroeconomicas/5_2_4_anual.xls,2026-08-05T21:44:21Z
bcv_pib_actividad_economica_anual,Producto interno bruto por actividad económica anual,PIB por actividad económica,5_2_4_anual.xls,1997,Precios constantes,Variación porcentual interanual,Anual,2009,2009,,,Impuestos netos sobre los productos,-8.460485435702765,Porcentaje,,Banco Central de Venezuela,https://www.bcv.org.ve/sites/default/files/cuentas_macroeconomicas/5_2_4_anual.xls,2026-08-05T21:44:21Z
bcv_pib_actividad_economica_anual,Producto interno bruto por actividad económica anual,Variaciones porcentuales,5_2_4_ae_anual.xlsx,2007,Precios constantes,Variación porcentual interanual,Anual,2009,2009,,Actividad económica,Impuestos netos sobre los productos,-7.0002017638285565,Porcentaje,,Banco Central de Venezuela,https://www.bcv.org.ve/sites/default/files/cuentas_macroeconomicas/5_2_4_ae_anual.xlsx,2026-08-05T21:44:21Z
bcv_pib_actividad_economica_anual,Producto interno bruto por actividad económica anual,PIB por actividad económica,5_2_4_anual.xls,1997,Precios constantes,Nivel,Anual,2010,2010,,,Impuestos netos sobre los productos,61262.46,Bolívares,Preliminar,Banco Central de Venezuela,https://www.bcv.org.ve/sites/default/files/cuentas_macroeconomicas/5_2_4_anual.xls,2026-08-05T21:44:21Z
bcv_pib_actividad_economica_anual,Producto interno bruto por actividad económica anual,PIB por actividad económica,5_2_4_anual.xls,1997,Precios constantes,Variación porcentual interanual,Anual,2010,2010,,,Impuestos netos sobre los productos,-2.3082301931352163,Porcentaje,,Banco Central de Venezuela,https://www.bcv.org.ve/sites/default/files/cuentas_macroeconomicas/5_2_4_anual.xls,2026-08-05T21:44:21Z
bcv_pib_actividad_economica_anual,Producto interno bruto por actividad económica anual,Variaciones porcentuales,5_2_4_ae_anual.xlsx,2007,Precios constantes,Variación porcentual interanual,Anual,2010,2010,,Actividad económica,Impuestos netos sobre los productos,-5.138340268965308,Porcentaje,,Banco Central de Venezuela,https://www.bcv.org.ve/sites/default/files/cuentas_macroeconomicas/5_2_4_ae_anual.xlsx,2026-08-05T21:44:21Z
bcv_pib_actividad_economica_anual,Producto interno bruto por actividad económica anual,PIB por actividad económica,5_2_4_anual.xls,1997,Precios constantes,Nivel,Anual,2011,2011,,,Impuestos netos sobre los productos,64895.71000000001,Bolívares,Preliminar,Banco Central de Venezuela,https://www.bcv.org.ve/sites/default/files/cuentas_macroeconomicas/5_2_4_anual.xls,2026-08-05T21:44:21Z
bcv_pib_actividad_economica_anual,Producto interno bruto por actividad económica anual,PIB por actividad económica,5_2_4_anual.xls,1997,Precios constantes,Variación porcentual interanual,Anual,2011,2011,,,Impuestos netos sobre los productos,5.930630275049367,Porcentaje,,Banco Central de Venezuela,https://www.bcv.org.ve/sites/default/files/cuentas_macroeconomicas/5_2_4_anual.xls,2026-08-05T21:44:21Z
bcv_pib_actividad_economica_anual,Producto interno bruto por actividad económica anual,Variaciones porcentuales,5_2_4_ae_anual.xlsx,2007,Precios constantes,Variación porcentual interanual,Anual,2011,2011,,Actividad económica,Impuestos netos sobre los productos,6.861742760002713,Porcentaje,,Banco Central de Venezuela,https://www.bcv.org.ve/sites/default/files/cuentas_macroeconomicas/5_2_4_ae_anual.xlsx,2026-08-05T21:44:21Z
bcv_pib_actividad_economica_anual,Producto interno bruto por actividad económica anual,PIB por actividad económica,5_2_4_anual.xls,1997,Precios constantes,Nivel,Anual,2012,2012,,,Impuestos netos sobre los productos,70780.15,Bolívares,Preliminar,Banco Central de Venezuela,https://www.bcv.org.ve/sites/default/files/cuentas_macroeconomicas/5_2_4_anual.xls,2026-08-05T21:44:21Z
bcv_pib_actividad_economica_anual,Producto interno bruto por actividad económica anual,PIB por actividad económica,5_2_4_anual.xls,1997,Precios constantes,Variación porcentual interanual,Anual,2012,2012,,,Impuestos netos sobre los productos,9.06753312353004,Porcentaje,,Banco Central de Venezuela,https://www.bcv.org.ve/sites/default/files/cuentas_macroeconomicas/5_2_4_anual.xls,2026-08-05T21:44:21Z
bcv_pib_actividad_economica_anual,Producto interno bruto por actividad económica anual,Variaciones porcentuales,5_2_4_ae_anual.xlsx,2007,Precios constantes,Variación porcentual interanual,Anual,2012,2012,,Actividad económica,Impuestos netos sobre los productos,13.283057281909876,Porcentaje,,Banco Central de Venezuela,https://www.bcv.org.ve/sites/default/files/cuentas_macroeconomicas/5_2_4_ae_anual.xlsx,2026-08-05T21:44:21Z
bcv_pib_actividad_economica_anual,Producto interno bruto por actividad económica anual,PIB por actividad económica,5_2_4_anual.xls,1997,Precios constantes,Nivel,Anual,2013,2013,,,Impuestos netos sobre los productos,69772.25,Bolívares,Preliminar,Banco Central de Venezuela,https://www.bcv.org.ve/sites/default/files/cuentas_macroeconomicas/5_2_4_anual.xls,2026-08-05T21:44:21Z
bcv_pib_actividad_economica_anual,Producto interno bruto por actividad económica anual,PIB por actividad económica,5_2_4_anual.xls,1997,Precios constantes,Variación porcentual interanual,Anual,2013,2013,,,Impuestos netos sobre los productos,-1.4239868098612334,Porcentaje,,Banco Central de Venezuela,https://www.bcv.org.ve/sites/default/files/cuentas_macroeconomicas/5_2_4_anual.xls,2026-08-05T21:44:21Z
bcv_pib_actividad_economica_anual,Producto interno bruto por actividad económica anual,Variaciones porcentuales,5_2_4_ae_anual.xlsx,2007,Precios constantes,Variación porcentual interanual,Anual,2013,2013,,Actividad económica,Impuestos netos sobre los productos,-22.64166675835483,Porcentaje,,Banco Central de Venezuela,https://www.bcv.org.ve/sites/default/files/cuentas_macroeconomicas/5_2_4_ae_anual.xlsx,2026-08-05T21:44:21Z
bcv_pib_actividad_economica_anual,Producto interno bruto por actividad económica anual,PIB por actividad económica,5_2_4_anual.xls,1997,Precios constantes,Nivel,Anual,2014,2014,,,Impuestos netos sobre los productos,63560.64,Bolívares,Preliminar,Banco Central de Venezuela,https://www.bcv.org.ve/sites/default/files/cuentas_macroeconomicas/5_2_4_anual.xls,2026-08-05T21:44:21Z
bcv_pib_actividad_economica_anual,Producto interno bruto por actividad económica anual,PIB por actividad económica,5_2_4_anual.xls,1997,Precios constantes,Variación porcentual interanual,Anual,2014,2014,,,Impuestos netos sobre los productos,-8.902694122663377,Porcentaje,,Banco Central de Venezuela,https://www.bcv.org.ve/sites/default/files/cuentas_macroeconomicas/5_2_4_anual.xls,2026-08-05T21:44:21Z
bcv_pib_actividad_economica_anual,Producto interno bruto por actividad económica anual,Variaciones porcentuales,5_2_4_ae_anual.xlsx,2007,Precios constantes,Variación porcentual interanual,Anual,2014,2014,,Actividad económica,Impuestos netos sobre los productos,-17.53852739598743,Porcentaje,,Banco Central de Venezuela,https://www.bcv.org.ve/sites/default/files/cuentas_macroeconomicas/5_2_4_ae_anual.xlsx,2026-08-05T21:44:21Z
bcv_pib_actividad_economica_anual,Producto interno bruto por actividad económica anual,PIB por actividad económica,5_2_4_anual.xls,1997,Precios constantes,Nivel,Anual,2015,2015,,,Impuestos netos sobre los productos,56076.86,Bolívares,Preliminar,Banco Central de Venezuela,https://www.bcv.org.ve/sites/default/files/cuentas_macroeconomicas/5_2_4_anual.xls,2026-08-05T21:44:21Z
bcv_pib_actividad_economica_anual,Producto interno bruto por actividad económica anual,PIB por actividad económica,5_2_4_anual.xls,1997,Precios constantes,Variación porcentual interanual,Anual,2015,2015,,,Impuestos netos sobre los productos,-11.774236382767697,Porcentaje,,Banco Central de Venezuela,https://www.bcv.org.ve/sites/default/files/cuentas_macroeconomicas/5_2_4_anual.xls,2026-08-05T21:44:21Z
bcv_pib_actividad_economica_anual,Producto interno bruto por actividad económica anual,Variaciones porcentuales,5_2_4_ae_anual.xlsx,2007,Precios constantes,Variación porcentual interanual,Anual,2015,2015,,Actividad económica,Impuestos netos sobre los productos,28.141497254067247,Porcentaje,,Banco Central de Venezuela,https://www.bcv.org.ve/sites/default/files/cuentas_macroeconomicas/5_2_4_ae_anual.xlsx,2026-08-05T21:44:21Z
bcv_pib_actividad_economica_anual,Producto interno bruto por actividad económica anual,PIB por actividad económica,5_2_4_anual.xls,1997,Precios constantes,Nivel,Anual,2016,2016,,,Impuestos netos sobre los productos,41331.86,Bolívares,Preliminar,Banco Central de Venezuela,https://www.bcv.org.ve/sites/default/files/cuentas_macroeconomicas/5_2_4_anual.xls,2026-08-05T21:44:21Z
bcv_pib_actividad_economica_anual,Producto interno bruto por actividad económica anual,PIB por actividad económica,5_2_4_anual.xls,1997,Precios constantes,Variación porcentual interanual,Anual,2016,2016,,,Impuestos netos sobre los productos,-26.294268259670744,Porcentaje,,Banco Central de Venezuela,https://www.bcv.org.ve/sites/default/files/cuentas_macroeconomicas/5_2_4_anual.xls,2026-08-05T21:44:21Z
bcv_pib_actividad_economica_anual,Producto interno bruto por actividad económica anual,Variaciones porcentuales,5_2_4_ae_anual.xlsx,2007,Precios constantes,Variación porcentual interanual,Anual,2016,2016,,Actividad económica,Impuestos netos sobre los productos,-39.93531767259181,Porcentaje,,Banco Central de Venezuela,https://www.bcv.org.ve/sites/default/files/cuentas_macroeconomicas/5_2_4_ae_anual.xlsx,2026-08-05T21:44:21Z
bcv_pib_actividad_economica_anual,Producto interno bruto por actividad económica anual,PIB por actividad económica,5_2_4_anual.xls,1997,Precios constantes,Nivel,Anual,2017,2017,,,Impuestos netos sobre los productos,32994.68,Bolívares,Preliminar,Banco Central de Venezuela,https://www.bcv.org.ve/sites/default/files/cuentas_macroeconomicas/5_2_4_anual.xls,2026-08-05T21:44:21Z
bcv_pib_actividad_economica_anual,Producto interno bruto por actividad económica anual,PIB por actividad económica,5_2_4_anual.xls,1997,Precios constantes,Variación porcentual interanual,Anual,2017,2017,,,Impuestos netos sobre los productos,-20.17131578399811,Porcentaje,,Banco Central de Venezuela,https://www.bcv.org.ve/sites/default/files/cuentas_macroeconomicas/5_2_4_anual.xls,2026-08-05T21:44:21Z
bcv_pib_actividad_economica_anual,Producto interno bruto por actividad económica anual,Variaciones porcentuales,5_2_4_ae_anual.xlsx,2007,Precios constantes,Variación porcentual interanual,Anual,2017,2017,,Actividad económica,Impuestos netos sobre los productos,-24.74688279077823,Porcentaje,Preliminar,Banco Central de Venezuela,https://www.bcv.org.ve/sites/default/files/cuentas_macroeconomicas/5_2_4_ae_anual.xlsx,2026-08-05T21:44:21Z
bcv_pib_actividad_economica_anual,Producto interno bruto por actividad económica anual,PIB por actividad económica,5_2_4_anual.xls,1997,Precios constantes,Nivel,Anual,2018,2018,,,Impuestos netos sobre los productos,26530.09,Bolívares,Preliminar,Banco Central de Venezuela,https://www.bcv.org.ve/sites/default/files/cuentas_macroeconomicas/5_2_4_anual.xls,2026-08-05T21:44:21Z
bcv_pib_actividad_economica_anual,Producto interno bruto por actividad económica anual,PIB por actividad económica,5_2_4_anual.xls,1997,Precios constantes,Variación porcentual interanual,Anual,2018,2018,,,Impuestos netos sobre los productos,-19.592825267588594,Porcentaje,,Banco Central de Venezuela,https://www.bcv.org.ve/sites/default/files/cuentas_macroeconomicas/5_2_4_anual.xls,2026-08-05T21:44:21Z
bcv_pib_actividad_economica_anual,Producto interno bruto por actividad económica anual,Variaciones porcentuales,5_2_4_ae_anual.xlsx,2007,Precios constantes,Variación porcentual interanual,Anual,2018,2018,,Actividad económica,Impuestos netos sobre los productos,-29.712287752920176,Porcentaje,Preliminar,Banco Central de Venezuela,https://www.bcv.org.ve/sites/default/files/cuentas_macroeconomicas/5_2_4_ae_anual.xlsx,2026-08-05T21:44:21Z
bcv_pib_actividad_economica_anual,Producto interno bruto por actividad económica anual,Variaciones porcentuales,5_2_4_ae_anual.xlsx,2007,Precios constantes,Variación porcentual interanual,Anual,2019,2019,,Actividad económica,Impuestos netos sobre los productos,-49.30567508575913,Porcentaje,Preliminar,Banco Central de Venezuela,https://www.bcv.org.ve/sites/default/files/cuentas_macroeconomicas/5_2_4_ae_anual.xlsx,2026-08-05T21:44:21Z
bcv_pib_actividad_economica_anual,Producto interno bruto por actividad económica anual,Variaciones porcentuales,5_2_4_ae_anual.xlsx,2007,Precios constantes,Variación porcentual interanual,Anual,2020,2020,,Actividad económica,Impuestos netos sobre los productos,17.398019532121324,Porcentaje,Preliminar,Banco Central de Venezuela,https://www.bcv.org.ve/sites/default/files/cuentas_macroeconomicas/5_2_4_ae_anual.xlsx,2026-08-05T21:44:21Z
bcv_pib_actividad_economica_anual,Producto interno bruto por actividad económica anual,Variaciones porcentuales,5_2_4_ae_anual.xlsx,2007,Precios constantes,Variación porcentual interanual,Anual,2021,2021,,Actividad económica,Impuestos netos sobre los productos,40.87124002569692,Porcentaje,Preliminar,Banco Central de Venezuela,https://www.bcv.org.ve/sites/default/files/cuentas_macroeconomicas/5_2_4_ae_anual.xlsx,2026-08-05T21:44:21Z
bcv_pib_actividad_economica_anual,Producto interno bruto por actividad económica anual,Variaciones porcentuales,5_2_4_ae_anual.xlsx,2007,Precios constantes,Variación porcentual interanual,Anual,2022,2022,,Actividad económica,Impuestos netos sobre los productos,23.989172055606772,Porcentaje,Preliminar,Banco Central de Venezuela,https://www.bcv.org.ve/sites/default/files/cuentas_macroeconomicas/5_2_4_ae_anual.xlsx,2026-08-05T21:44:21Z
bcv_pib_actividad_economica_anual,Producto interno bruto por actividad económica anual,Variaciones porcentuales,5_2_4_ae_anual.xlsx,2007,Precios constantes,Variación porcentual interanual,Anual,2023,2023,,Actividad económica,Impuestos netos sobre los productos,10.393826023546481,Porcentaje,Preliminar,Banco Central de Venezuela,https://www.bcv.org.ve/sites/default/files/cuentas_macroeconomicas/5_2_4_ae_anual.xlsx,2026-08-05T21:44:21Z
bcv_pib_actividad_economica_anual,Producto interno bruto por actividad económica anual,Variaciones porcentuales,5_2_4_ae_anual.xlsx,2007,Precios constantes,Variación porcentual interanual,Anual,2024,2024,,Actividad económica,Impuestos netos sobre los productos,21.87313192934819,Porcentaje,Preliminar,Banco Central de Venezuela,https://www.bcv.org.ve/sites/default/files/cuentas_macroeconomicas/5_2_4_ae_anual.xlsx,2026-08-05T21:44:21Z
bcv_pib_actividad_economica_anual,Producto interno bruto por actividad económica anual,Variaciones porcentuales,5_2_4_ae_anual.xlsx,2007,Precios constantes,Variación porcentual interanual,Anual,2025,2025,,Actividad económica,Impuestos netos sobre los productos,8.997774666835952,Porcentaje,Preliminar,Banco Central de Venezuela,https://www.bcv.org.ve/sites/default/files/cuentas_macroeconomicas/5_2_4_ae_anual.xlsx,2026-08-05T21:44:21Z
bcv_pib_actividad_economica_anual,Producto interno bruto por actividad económica anual,Variaciones porcentuales,5_2_4_ae_anual.xlsx,2007,Precios constantes,Variación porcentual interanual,Anual,2008,2008,,Actividad económica,Información y comunicaciones,8.351444715301184,Porcentaje,,Banco Central de Venezuela,https://www.bcv.org.ve/sites/default/files/cuentas_macroeconomicas/5_2_4_ae_anual.xlsx,2026-08-05T21:44:21Z
bcv_pib_actividad_economica_anual,Producto interno bruto por actividad económica anual,Variaciones porcentuales,5_2_4_ae_anual.xlsx,2007,Precios constantes,Variación porcentual interanual,Anual,2009,2009,,Actividad económica,Información y comunicaciones,1.9777774781720296,Porcentaje,,Banco Central de Venezuela,https://www.bcv.org.ve/sites/default/files/cuentas_macroeconomicas/5_2_4_ae_anual.xlsx,2026-08-05T21:44:21Z
bcv_pib_actividad_economica_anual,Producto interno bruto por actividad económica anual,Variaciones porcentuales,5_2_4_ae_anual.xlsx,2007,Precios constantes,Variación porcentual interanual,Anual,2010,2010,,Actividad económica,Información y comunicaciones,9.297606253861218,Porcentaje,,Banco Central de Venezuela,https://www.bcv.org.ve/sites/default/files/cuentas_macroeconomicas/5_2_4_ae_anual.xlsx,2026-08-05T21:44:21Z
bcv_pib_actividad_economica_anual,Producto interno bruto por actividad económica anual,Variaciones porcentuales,5_2_4_ae_anual.xlsx,2007,Precios constantes,Variación porcentual interanual,Anual,2011,2011,,Actividad económica,Información y comunicaciones,6.970185400423844,Porcentaje,,Banco Central de Venezuela,https://www.bcv.org.ve/sites/default/files/cuentas_macroeconomicas/5_2_4_ae_anual.xlsx,2026-08-05T21:44:21Z
bcv_pib_actividad_economica_anual,Producto interno bruto por actividad económica anual,Variaciones porcentuales,5_2_4_ae_anual.xlsx,2007,Precios constantes,Variación porcentual interanual,Anual,2012,2012,,Actividad económica,Información y comunicaciones,8.12517327962226,Porcentaje,,Banco Central de Venezuela,https://www.bcv.org.ve/sites/default/files/cuentas_macroeconomicas/5_2_4_ae_anual.xlsx,2026-08-05T21:44:21Z
bcv_pib_actividad_economica_anual,Producto interno bruto por actividad económica anual,Variaciones porcentuales,5_2_4_ae_anual.xlsx,2007,Precios constantes,Variación porcentual interanual,Anual,2013,2013,,Actividad económica,Información y comunicaciones,4.53719575027138,Porcentaje,,Banco Central de Venezuela,https://www.bcv.org.ve/sites/default/files/cuentas_macroeconomicas/5_2_4_ae_anual.xlsx,2026-08-05T21:44:21Z
bcv_pib_actividad_economica_anual,Producto interno bruto por actividad económica anual,Variaciones porcentuales,5_2_4_ae_anual.xlsx,2007,Precios constantes,Variación porcentual interanual,Anual,2014,2014,,Actividad económica,Información y comunicaciones,1.0035493288958435,Porcentaje,,Banco Central de Venezuela,https://www.bcv.org.ve/sites/default/files/cuentas_macroeconomicas/5_2_4_ae_anual.xlsx,2026-08-05T21:44:21Z
bcv_pib_actividad_economica_anual,Producto interno bruto por actividad económica anual,Variaciones porcentuales,5_2_4_ae_anual.xlsx,2007,Precios constantes,Variación porcentual interanual,Anual,2015,2015,,Actividad económica,Información y comunicaciones,2.650973225913873,Porcentaje,,Banco Central de Venezuela,https://www.bcv.org.ve/sites/default/files/cuentas_macroeconomicas/5_2_4_ae_anual.xlsx,2026-08-05T21:44:21Z
bcv_pib_actividad_economica_anual,Producto interno bruto por actividad económica anual,Variaciones porcentuales,5_2_4_ae_anual.xlsx,2007,Precios constantes,Variación porcentual interanual,Anual,2016,2016,,Actividad económica,Información y comunicaciones,-4.282504274719642,Porcentaje,,Banco Central de Venezuela,https://www.bcv.org.ve/sites/default/files/cuentas_macroeconomicas/5_2_4_ae_anual.xlsx,2026-08-05T21:44:21Z
bcv_pib_actividad_economica_anual,Producto interno bruto por actividad económica anual,Variaciones porcentuales,5_2_4_ae_anual.xlsx,2007,Precios constantes,Variación porcentual interanual,Anual,2017,2017,,Actividad económica,Información y comunicaciones,-4.950359689779631,Porcentaje,Preliminar,Banco Central de Venezuela,https://www.bcv.org.ve/sites/default/files/cuentas_macroeconomicas/5_2_4_ae_anual.xlsx,2026-08-05T21:44:21Z
bcv_pib_actividad_economica_anual,Producto interno bruto por actividad económica anual,Variaciones porcentuales,5_2_4_ae_anual.xlsx,2007,Precios constantes,Variación porcentual interanual,Anual,2018,2018,,Actividad económica,Información y comunicaciones,-11.030444384987987,Porcentaje,Preliminar,Banco Central de Venezuela,https://www.bcv.org.ve/sites/default/files/cuentas_macroeconomicas/5_2_4_ae_anual.xlsx,2026-08-05T21:44:21Z
bcv_pib_actividad_economica_anual,Producto interno bruto por actividad económica anual,Variaciones porcentuales,5_2_4_ae_anual.xlsx,2007,Precios constantes,Variación porcentual interanual,Anual,2019,2019,,Actividad económica,Información y comunicaciones,-28.600484095908257,Porcentaje,Preliminar,Banco Central de Venezuela,https://www.bcv.org.ve/sites/default/files/cuentas_macroeconomicas/5_2_4_ae_anual.xlsx,2026-08-05T21:44:21Z
bcv_pib_actividad_economica_anual,Producto interno bruto por actividad económica anual,Variaciones porcentuales,5_2_4_ae_anual.xlsx,2007,Precios constantes,Variación porcentual interanual,Anual,2020,2020,,Actividad económica,Información y comunicaciones,-2.7141821374644906,Porcentaje,Preliminar,Banco Central de Venezuela,https://www.bcv.org.ve/sites/default/files/cuentas_macroeconomicas/5_2_4_ae_anual.xlsx,2026-08-05T21:44:21Z
bcv_pib_actividad_economica_anual,Producto interno bruto por actividad económica anual,Variaciones porcentuales,5_2_4_ae_anual.xlsx,2007,Precios constantes,Variación porcentual interanual,Anual,2021,2021,,Actividad económica,Información y comunicaciones,8.027105515526216,Porcentaje,Preliminar,Banco Central de Venezuela,https://www.bcv.org.ve/sites/default/files/cuentas_macroeconomicas/5_2_4_ae_anual.xlsx,2026-08-05T21:44:21Z
bcv_pib_actividad_economica_anual,Producto interno bruto por actividad económica anual,Variaciones porcentuales,5_2_4_ae_anual.xlsx,2007,Precios constantes,Variación porcentual interanual,Anual,2022,2022,,Actividad económica,Información y comunicaciones,4.856017607957128,Porcentaje,Preliminar,Banco Central de Venezuela,https://www.bcv.org.ve/sites/default/files/cuentas_macroeconomicas/5_2_4_ae_anual.xlsx,2026-08-05T21:44:21Z
bcv_pib_actividad_economica_anual,Producto interno bruto por actividad económica anual,Variaciones porcentuales,5_2_4_ae_anual.xlsx,2007,Precios constantes,Variación porcentual interanual,Anual,2023,2023,,Actividad económica,Información y comunicaciones,11.111227138917286,Porcentaje,Preliminar,Banco Central de Venezuela,https://www.bcv.org.ve/sites/default/files/cuentas_macroeconomicas/5_2_4_ae_anual.xlsx,2026-08-05T21:44:21Z
bcv_pib_actividad_economica_anual,Producto interno bruto por actividad económica anual,Variaciones porcentuales,5_2_4_ae_anual.xlsx,2007,Precios constantes,Variación porcentual interanual,Anual,2024,2024,,Actividad económica,Información y comunicaciones,4.387512462857245,Porcentaje,Preliminar,Banco Central de Venezuela,https://www.bcv.org.ve/sites/default/files/cuentas_macroeconomicas/5_2_4_ae_anual.xlsx,2026-08-05T21:44:21Z
bcv_pib_actividad_economica_anual,Producto interno bruto por actividad económica anual,Variaciones porcentuales,5_2_4_ae_anual.xlsx,2007,Precios constantes,Variación porcentual interanual,Anual,2025,2025,,Actividad económica,Información y comunicaciones,4.755170310049721,Porcentaje,Preliminar,Banco Central de Venezuela,https://www.bcv.org.ve/sites/default/files/cuentas_macroeconomicas/5_2_4_ae_anual.xlsx,2026-08-05T21:44:21Z
bcv_pib_actividad_economica_anual,Producto interno bruto por actividad económica anual,PIB por actividad económica,5_2_4_anual.xls,1997,Precios constantes,Nivel,Anual,1997,1997,,,Instituciones financieras y seguros,10033,Bolívares,,Banco Central de Venezuela,https://www.bcv.org.ve/sites/default/files/cuentas_macroeconomicas/5_2_4_anual.xls,2026-08-05T21:44:21Z
bcv_pib_actividad_economica_anual,Producto interno bruto por actividad económica anual,PIB por actividad económica,5_2_4_anual.xls,1997,Precios constantes,Nivel,Anual,1998,1998,,,Instituciones financieras y seguros,10052.189999999999,Bolívares,,Banco Central de Venezuela,https://www.bcv.org.ve/sites/default/files/cuentas_macroeconomicas/5_2_4_anual.xls,2026-08-05T21:44:21Z
bcv_pib_actividad_economica_anual,Producto interno bruto por actividad económica anual,PIB por actividad económica,5_2_4_anual.xls,1997,Precios constantes,Variación porcentual interanual,Anual,1998,1998,,,Instituciones financieras y seguros,0.19126881291735742,Porcentaje,,Banco Central de Venezuela,https://www.bcv.org.ve/sites/default/files/cuentas_macroeconomicas/5_2_4_anual.xls,2026-08-05T21:44:21Z
bcv_pib_actividad_economica_anual,Producto interno bruto por actividad económica anual,PIB por actividad económica,5_2_4_anual.xls,1997,Precios constantes,Nivel,Anual,1999,1999,,,Instituciones financieras y seguros,8527.13,Bolívares,,Banco Central de Venezuela,https://www.bcv.org.ve/sites/default/files/cuentas_macroeconomicas/5_2_4_anual.xls,2026-08-05T21:44:21Z
bcv_pib_actividad_economica_anual,Producto interno bruto por actividad económica anual,PIB por actividad económica,5_2_4_anual.xls,1997,Precios constantes,Variación porcentual interanual,Anual,1999,1999,,,Instituciones financieras y seguros,-15.171420357155995,Porcentaje,,Banco Central de Venezuela,https://www.bcv.org.ve/sites/default/files/cuentas_macroeconomicas/5_2_4_anual.xls,2026-08-05T21:44:21Z
bcv_pib_actividad_economica_anual,Producto interno bruto por actividad económica anual,PIB por actividad económica,5_2_4_anual.xls,1997,Precios constantes,Nivel,Anual,2000,2000,,,Instituciones financieras y seguros,8463.99,Bolívares,,Banco Central de Venezuela,https://www.bcv.org.ve/sites/default/files/cuentas_macroeconomicas/5_2_4_anual.xls,2026-08-05T21:44:21Z
bcv_pib_actividad_economica_anual,Producto interno bruto por actividad económica anual,PIB por actividad económica,5_2_4_anual.xls,1997,Precios constantes,Variación porcentual interanual,Anual,2000,2000,,,Instituciones financieras y seguros,-0.7404601548234808,Porcentaje,,Banco Central de Venezuela,https://www.bcv.org.ve/sites/default/files/cuentas_macroeconomicas/5_2_4_anual.xls,2026-08-05T21:44:21Z
bcv_pib_actividad_economica_anual,Producto interno bruto por actividad económica anual,PIB por actividad económica,5_2_4_anual.xls,1997,Precios constantes,Nivel,Anual,2001,2001,,,Instituciones financieras y seguros,8700.71,Bolívares,,Banco Central de Venezuela,https://www.bcv.org.ve/sites/default/files/cuentas_macroeconomicas/5_2_4_anual.xls,2026-08-05T21:44:21Z
bcv_pib_actividad_economica_anual,Producto interno bruto por actividad económica anual,PIB por actividad económica,5_2_4_anual.xls,1997,Precios constantes,Variación porcentual interanual,Anual,2001,2001,,,Instituciones financieras y seguros,2.7967896937496306,Porcentaje,,Banco Central de Venezuela,https://www.bcv.org.ve/sites/default/files/cuentas_macroeconomicas/5_2_4_anual.xls,2026-08-05T21:44:21Z
bcv_pib_actividad_economica_anual,Producto interno bruto por actividad económica anual,PIB por actividad económica,5_2_4_anual.xls,1997,Precios constantes,Nivel,Anual,2002,2002,,,Instituciones financieras y seguros,7442.19,Bolívares,,Banco Central de Venezuela,https://www.bcv.org.ve/sites/default/files/cuentas_macroeconomicas/5_2_4_anual.xls,2026-08-05T21:44:21Z
bcv_pib_actividad_economica_anual,Producto interno bruto por actividad económica anual,PIB por actividad económica,5_2_4_anual.xls,1997,Precios constantes,Variación porcentual interanual,Anual,2002,2002,,,Instituciones financieras y seguros,-14.464566684787798,Porcentaje,,Banco Central de Venezuela,https://www.bcv.org.ve/sites/default/files/cuentas_macroeconomicas/5_2_4_anual.xls,2026-08-05T21:44:21Z
bcv_pib_actividad_economica_anual,Producto interno bruto por actividad económica anual,PIB por actividad económica,5_2_4_anual.xls,1997,Precios constantes,Nivel,Anual,2003,2003,,,Instituciones financieras y seguros,8330.43,Bolívares,,Banco Central de Venezuela,https://www.bcv.org.ve/sites/default/files/cuentas_macroeconomicas/5_2_4_anual.xls,2026-08-05T21:44:21Z
bcv_pib_actividad_economica_anual,Producto interno bruto por actividad económica anual,PIB por actividad económica,5_2_4_anual.xls,1997,Precios constantes,Variación porcentual interanual,Anual,2003,2003,,,Instituciones financieras y seguros,11.93519649458024,Porcentaje,,Banco Central de Venezuela,https://www.bcv.org.ve/sites/default/files/cuentas_macroeconomicas/5_2_4_anual.xls,2026-08-05T21:44:21Z
bcv_pib_actividad_economica_anual,Producto interno bruto por actividad económica anual,PIB por actividad económica,5_2_4_anual.xls,1997,Precios constantes,Nivel,Anual,2004,2004,,,Instituciones financieras y seguros,11491,Bolívares,,Banco Central de Venezuela,https://www.bcv.org.ve/sites/default/files/cuentas_macroeconomicas/5_2_4_anual.xls,2026-08-05T21:44:21Z
bcv_pib_actividad_economica_anual,Producto interno bruto por actividad económica anual,PIB por actividad económica,5_2_4_anual.xls,1997,Precios constantes,Variación porcentual interanual,Anual,2004,2004,,,Instituciones financieras y seguros,37.94005831631739,Porcentaje,,Banco Central de Venezuela,https://www.bcv.org.ve/sites/default/files/cuentas_macroeconomicas/5_2_4_anual.xls,2026-08-05T21:44:21Z
bcv_pib_actividad_economica_anual,Producto interno bruto por actividad económica anual,PIB por actividad económica,5_2_4_anual.xls,1997,Precios constantes,Nivel,Anual,2005,2005,,,Instituciones financieras y seguros,15666.97,Bolívares,,Banco Central de Venezuela,https://www.bcv.org.ve/sites/default/files/cuentas_macroeconomicas/5_2_4_anual.xls,2026-08-05T21:44:21Z
bcv_pib_actividad_economica_anual,Producto interno bruto por actividad económica anual,PIB por actividad económica,5_2_4_anual.xls,1997,Precios constantes,Variación porcentual interanual,Anual,2005,2005,,,Instituciones financieras y seguros,36.341223566269264,Porcentaje,,Banco Central de Venezuela,https://www.bcv.org.ve/sites/default/files/cuentas_macroeconomicas/5_2_4_anual.xls,2026-08-05T21:44:21Z
bcv_pib_actividad_economica_anual,Producto interno bruto por actividad económica anual,PIB por actividad económica,5_2_4_anual.xls,1997,Precios constantes,Nivel,Anual,2006,2006,,,Instituciones financieras y seguros,23064.89,Bolívares,,Banco Central de Venezuela,https://www.bcv.org.ve/sites/default/files/cuentas_macroeconomicas/5_2_4_anual.xls,2026-08-05T21:44:21Z
bcv_pib_actividad_economica_anual,Producto interno bruto por actividad económica anual,PIB por actividad económica,5_2_4_anual.xls,1997,Precios constantes,Variación porcentual interanual,Anual,2006,2006,,,Instituciones financieras y seguros,47.219851700743675,Porcentaje,,Banco Central de Venezuela,https://www.bcv.org.ve/sites/default/files/cuentas_macroeconomicas/5_2_4_anual.xls,2026-08-05T21:44:21Z
bcv_pib_actividad_economica_anual,Producto interno bruto por actividad económica anual,PIB por actividad económica,5_2_4_anual.xls,1997,Precios constantes,Nivel,Anual,2007,2007,,,Instituciones financieras y seguros,26925.68,Bolívares,,Banco Central de Venezuela,https://www.bcv.org.ve/sites/default/files/cuentas_macroeconomicas/5_2_4_anual.xls,2026-08-05T21:44:21Z
bcv_pib_actividad_economica_anual,Producto interno bruto por actividad económica anual,PIB por actividad económica,5_2_4_anual.xls,1997,Precios constantes,Variación porcentual interanual,Anual,2007,2007,,,Instituciones financieras y seguros,16.73881817775849,Porcentaje,,Banco Central de Venezuela,https://www.bcv.org.ve/sites/default/files/cuentas_macroeconomicas/5_2_4_anual.xls,2026-08-05T21:44:21Z
bcv_pib_actividad_economica_anual,Producto interno bruto por actividad económica anual,PIB por actividad económica,5_2_4_anual.xls,1997,Precios constantes,Nivel,Anual,2008,2008,,,Instituciones financieras y seguros,24936.58,Bolívares,Preliminar,Banco Central de Venezuela,https://www.bcv.org.ve/sites/default/files/cuentas_macroeconomicas/5_2_4_anual.xls,2026-08-05T21:44:21Z
bcv_pib_actividad_economica_anual,Producto interno bruto por actividad económica anual,PIB por actividad económica,5_2_4_anual.xls,1997,Precios constantes,Variación porcentual interanual,Anual,2008,2008,,,Instituciones financieras y seguros,-7.387371460999304,Porcentaje,,Banco Central de Venezuela,https://www.bcv.org.ve/sites/default/files/cuentas_macroeconomicas/5_2_4_anual.xls,2026-08-05T21:44:21Z
bcv_pib_actividad_economica_anual,Producto interno bruto por actividad económica anual,PIB por actividad económica,5_2_4_anual.xls,1997,Precios constantes,Nivel,Anual,2009,2009,,,Instituciones financieras y seguros,24568.39,Bolívares,Preliminar,Banco Central de Venezuela,https://www.bcv.org.ve/sites/default/files/cuentas_macroeconomicas/5_2_4_anual.xls,2026-08-05T21:44:21Z
bcv_pib_actividad_economica_anual,Producto interno bruto por actividad económica anual,PIB por actividad económica,5_2_4_anual.xls,1997,Precios constantes,Variación porcentual interanual,Anual,2009,2009,,,Instituciones financieras y seguros,-1.4765055994045753,Porcentaje,,Banco Central de Venezuela,https://www.bcv.org.ve/sites/default/files/cuentas_macroeconomicas/5_2_4_anual.xls,2026-08-05T21:44:21Z
bcv_pib_actividad_economica_anual,Producto interno bruto por actividad económica anual,PIB por actividad económica,5_2_4_anual.xls,1997,Precios constantes,Nivel,Anual,2010,2010,,,Instituciones financieras y seguros,22698.41,Bolívares,Preliminar,Banco Central de Venezuela,https://www.bcv.org.ve/sites/default/files/cuentas_macroeconomicas/5_2_4_anual.xls,2026-08-05T21:44:21Z
bcv_pib_actividad_economica_anual,Producto interno bruto por actividad económica anual,PIB por actividad económica,5_2_4_anual.xls,1997,Precios constantes,Variación porcentual interanual,Anual,2010,2010,,,Instituciones financieras y seguros,-7.611324958615512,Porcentaje,,Banco Central de Venezuela,https://www.bcv.org.ve/sites/default/files/cuentas_macroeconomicas/5_2_4_anual.xls,2026-08-05T21:44:21Z
bcv_pib_actividad_economica_anual,Producto interno bruto por actividad económica anual,PIB por actividad económica,5_2_4_anual.xls,1997,Precios constantes,Nivel,Anual,2011,2011,,,Instituciones financieras y seguros,25415.489999999998,Bolívares,Preliminar,Banco Central de Venezuela,https://www.bcv.org.ve/sites/default/files/cuentas_macroeconomicas/5_2_4_anual.xls,2026-08-05T21:44:21Z
bcv_pib_actividad_economica_anual,Producto interno bruto por actividad económica anual,PIB por actividad económica,5_2_4_anual.xls,1997,Precios constantes,Variación porcentual interanual,Anual,2011,2011,,,Instituciones financieras y seguros,11.9703538706015,Porcentaje,,Banco Central de Venezuela,https://www.bcv.org.ve/sites/default/files/cuentas_macroeconomicas/5_2_4_anual.xls,2026-08-05T21:44:21Z
bcv_pib_actividad_economica_anual,Producto interno bruto por actividad económica anual,PIB por actividad económica,5_2_4_anual.xls,1997,Precios constantes,Nivel,Anual,2012,2012,,,Instituciones financieras y seguros,33928.4,Bolívares,Preliminar,Banco Central de Venezuela,https://www.bcv.org.ve/sites/default/files/cuentas_macroeconomicas/5_2_4_anual.xls,2026-08-05T21:44:21Z
bcv_pib_actividad_economica_anual,Producto interno bruto por actividad económica anual,PIB por actividad económica,5_2_4_anual.xls,1997,Precios constantes,Variación porcentual interanual,Anual,2012,2012,,,Instituciones financieras y seguros,33.4949670456875,Porcentaje,,Banco Central de Venezuela,https://www.bcv.org.ve/sites/default/files/cuentas_macroeconomicas/5_2_4_anual.xls,2026-08-05T21:44:21Z
bcv_pib_actividad_economica_anual,Producto interno bruto por actividad económica anual,PIB por actividad económica,5_2_4_anual.xls,1997,Precios constantes,Nivel,Anual,2013,2013,,,Instituciones financieras y seguros,41272.630000000005,Bolívares,Preliminar,Banco Central de Venezuela,https://www.bcv.org.ve/sites/default/files/cuentas_macroeconomicas/5_2_4_anual.xls,2026-08-05T21:44:21Z
bcv_pib_actividad_economica_anual,Producto interno bruto por actividad económica anual,PIB por actividad económica,5_2_4_anual.xls,1997,Precios constantes,Variación porcentual interanual,Anual,2013,2013,,,Instituciones financieras y seguros,21.646260949529022,Porcentaje,,Banco Central de Venezuela,https://www.bcv.org.ve/sites/default/files/cuentas_macroeconomicas/5_2_4_anual.xls,2026-08-05T21:44:21Z
bcv_pib_actividad_economica_anual,Producto interno bruto por actividad económica anual,PIB por actividad económica,5_2_4_anual.xls,1997,Precios constantes,Nivel,Anual,2014,2014,,,Instituciones financieras y seguros,46534.19,Bolívares,Preliminar,Banco Central de Venezuela,https://www.bcv.org.ve/sites/default/files/cuentas_macroeconomicas/5_2_4_anual.xls,2026-08-05T21:44:21Z
bcv_pib_actividad_economica_anual,Producto interno bruto por actividad económica anual,PIB por actividad económica,5_2_4_anual.xls,1997,Precios constantes,Variación porcentual interanual,Anual,2014,2014,,,Instituciones financieras y seguros,12.74830317331363,Porcentaje,,Banco Central de Venezuela,https://www.bcv.org.ve/sites/default/files/cuentas_macroeconomicas/5_2_4_anual.xls,2026-08-05T21:44:21Z
bcv_pib_actividad_economica_anual,Producto interno bruto por actividad económica anual,PIB por actividad económica,5_2_4_anual.xls,1997,Precios constantes,Nivel,Anual,2015,2015,,,Instituciones financieras y seguros,42844.95,Bolívares,Preliminar,Banco Central de Venezuela,https://www.bcv.org.ve/sites/default/files/cuentas_macroeconomicas/5_2_4_anual.xls,2026-08-05T21:44:21Z
bcv_pib_actividad_economica_anual,Producto interno bruto por actividad económica anual,PIB por actividad económica,5_2_4_anual.xls,1997,Precios constantes,Variación porcentual interanual,Anual,2015,2015,,,Instituciones financieras y seguros,-7.928020236303681,Porcentaje,,Banco Central de Venezuela,https://www.bcv.org.ve/sites/default/files/cuentas_macroeconomicas/5_2_4_anual.xls,2026-08-05T21:44:21Z
bcv_pib_actividad_economica_anual,Producto interno bruto por actividad económica anual,PIB por actividad económica,5_2_4_anual.xls,1997,Precios constantes,Nivel,Anual,2016,2016,,,Instituciones financieras y seguros,27967.47,Bolívares,Preliminar,Banco Central de Venezuela,https://www.bcv.org.ve/sites/default/files/cuentas_macroeconomicas/5_2_4_anual.xls,2026-08-05T21:44:21Z
bcv_pib_actividad_economica_anual,Producto interno bruto por actividad económica anual,PIB por actividad económica,5_2_4_anual.xls,1997,Precios constantes,Variación porcentual interanual,Anual,2016,2016,,,Instituciones financieras y seguros,-34.723998977709144,Porcentaje,,Banco Central de Venezuela,https://www.bcv.org.ve/sites/default/files/cuentas_macroeconomicas/5_2_4_anual.xls,2026-08-05T21:44:21Z
bcv_pib_actividad_economica_anual,Producto interno bruto por actividad económica anual,PIB por actividad económica,5_2_4_anual.xls,1997,Precios constantes,Nivel,Anual,2017,2017,,,Instituciones financieras y seguros,19015.04,Bolívares,Preliminar,Banco Central de Venezuela,https://www.bcv.org.ve/sites/default/files/cuentas_macroeconomicas/5_2_4_anual.xls,2026-08-05T21:44:21Z
bcv_pib_actividad_economica_anual,Producto interno bruto por actividad económica anual,PIB por actividad económica,5_2_4_anual.xls,1997,Precios constantes,Variación porcentual interanual,Anual,2017,2017,,,Instituciones financieras y seguros,-32.01015322444253,Porcentaje,,Banco Central de Venezuela,https://www.bcv.org.ve/sites/default/files/cuentas_macroeconomicas/5_2_4_anual.xls,2026-08-05T21:44:21Z
bcv_pib_actividad_economica_anual,Producto interno bruto por actividad económica anual,PIB por actividad económica,5_2_4_anual.xls,1997,Precios constantes,Nivel,Anual,2018,2018,,,Instituciones financieras y seguros,10359.25,Bolívares,Preliminar,Banco Central de Venezuela,https://www.bcv.org.ve/sites/default/files/cuentas_macroeconomicas/5_2_4_anual.xls,2026-08-05T21:44:21Z
bcv_pib_actividad_economica_anual,Producto interno bruto por actividad económica anual,PIB por actividad económica,5_2_4_anual.xls,1997,Precios constantes,Variación porcentual interanual,Anual,2018,2018,,,Instituciones financieras y seguros,-45.52075620140689,Porcentaje,,Banco Central de Venezuela,https://www.bcv.org.ve/sites/default/files/cuentas_macroeconomicas/5_2_4_anual.xls,2026-08-05T21:44:21Z
bcv_pib_actividad_economica_anual,Producto interno bruto por actividad económica anual,PIB por actividad económica,5_2_4_anual.xls,1997,Precios constantes,Nivel,Anual,1997,1997,,,Manufactura,74086.81,Bolívares,,Banco Central de Venezuela,https://www.bcv.org.ve/sites/default/files/cuentas_macroeconomicas/5_2_4_anual.xls,2026-08-05T21:44:21Z
bcv_pib_actividad_economica_anual,Producto interno bruto por actividad económica anual,PIB por actividad económica,5_2_4_anual.xls,1997,Precios constantes,Nivel,Anual,1998,1998,,,Manufactura,73042.73000000001,Bolívares,,Banco Central de Venezuela,https://www.bcv.org.ve/sites/default/files/cuentas_macroeconomicas/5_2_4_anual.xls,2026-08-05T21:44:21Z
bcv_pib_actividad_economica_anual,Producto interno bruto por actividad económica anual,PIB por actividad económica,5_2_4_anual.xls,1997,Precios constantes,Variación porcentual interanual,Anual,1998,1998,,,Manufactura,-1.4092656979022138,Porcentaje,,Banco Central de Venezuela,https://www.bcv.org.ve/sites/default/files/cuentas_macroeconomicas/5_2_4_anual.xls,2026-08-05T21:44:21Z
bcv_pib_actividad_economica_anual,Producto interno bruto por actividad económica anual,PIB por actividad económica,5_2_4_anual.xls,1997,Precios constantes,Nivel,Anual,1999,1999,,,Manufactura,65666.95999999999,Bolívares,,Banco Central de Venezuela,https://www.bcv.org.ve/sites/default/files/cuentas_macroeconomicas/5_2_4_anual.xls,2026-08-05T21:44:21Z
bcv_pib_actividad_economica_anual,Producto interno bruto por actividad económica anual,PIB por actividad económica,5_2_4_anual.xls,1997,Precios constantes,Variación porcentual interanual,Anual,1999,1999,,,Manufactura,-10.097883800345386,Porcentaje,,Banco Central de Venezuela,https://www.bcv.org.ve/sites/default/files/cuentas_macroeconomicas/5_2_4_anual.xls,2026-08-05T21:44:21Z
bcv_pib_actividad_economica_anual,Producto interno bruto por actividad económica anual,PIB por actividad económica,5_2_4_anual.xls,1997,Precios constantes,Nivel,Anual,2000,2000,,,Manufactura,68992.19,Bolívares,,Banco Central de Venezuela,https://www.bcv.org.ve/sites/default/files/cuentas_macroeconomicas/5_2_4_anual.xls,2026-08-05T21:44:21Z
bcv_pib_actividad_economica_anual,Producto interno bruto por actividad económica anual,PIB por actividad económica,5_2_4_anual.xls,1997,Precios constantes,Variación porcentual interanual,Anual,2000,2000,,,Manufactura,5.063779410528539,Porcentaje,,Banco Central de Venezuela,https://www.bcv.org.ve/sites/default/files/cuentas_macroeconomicas/5_2_4_anual.xls,2026-08-05T21:44:21Z
bcv_pib_actividad_economica_anual,Producto interno bruto por actividad económica anual,PIB por actividad económica,5_2_4_anual.xls,1997,Precios constantes,Nivel,Anual,2001,2001,,,Manufactura,71534.05,Bolívares,,Banco Central de Venezuela,https://www.bcv.org.ve/sites/default/files/cuentas_macroeconomicas/5_2_4_anual.xls,2026-08-05T21:44:21Z
bcv_pib_actividad_economica_anual,Producto interno bruto por actividad económica anual,PIB por actividad económica,5_2_4_anual.xls,1997,Precios constantes,Variación porcentual interanual,Anual,2001,2001,,,Manufactura,3.6842720893480987,Porcentaje,,Banco Central de Venezuela,https://www.bcv.org.ve/sites/default/files/cuentas_macroeconomicas/5_2_4_anual.xls,2026-08-05T21:44:21Z
bcv_pib_actividad_economica_anual,Producto interno bruto por actividad económica anual,PIB por actividad económica,5_2_4_anual.xls,1997,Precios constantes,Nivel,Anual,2002,2002,,,Manufactura,62148.71,Bolívares,,Banco Central de Venezuela,https://www.bcv.org.ve/sites/default/files/cuentas_macroeconomicas/5_2_4_anual.xls,2026-08-05T21:44:21Z
bcv_pib_actividad_economica_anual,Producto interno bruto por actividad económica anual,PIB por actividad económica,5_2_4_anual.xls,1997,Precios constantes,Variación porcentual interanual,Anual,2002,2002,,,Manufactura,-13.120101546046953,Porcentaje,,Banco Central de Venezuela,https://www.bcv.org.ve/sites/default/files/cuentas_macroeconomicas/5_2_4_anual.xls,2026-08-05T21:44:21Z
bcv_pib_actividad_economica_anual,Producto interno bruto por actividad económica anual,PIB por actividad económica,5_2_4_anual.xls,1997,Precios constantes,Nivel,Anual,2003,2003,,,Manufactura,57916.78999999999,Bolívares,,Banco Central de Venezuela,https://www.bcv.org.ve/sites/default/files/cuentas_macroeconomicas/5_2_4_anual.xls,2026-08-05T21:44:21Z
bcv_pib_actividad_economica_anual,Producto interno bruto por actividad económica anual,PIB por actividad económica,5_2_4_anual.xls,1997,Precios constantes,Variación porcentual interanual,Anual,2003,2003,,,Manufactura,-6.8093448761848805,Porcentaje,,Banco Central de Venezuela,https://www.bcv.org.ve/sites/default/files/cuentas_macroeconomicas/5_2_4_anual.xls,2026-08-05T21:44:21Z
bcv_pib_actividad_economica_anual,Producto interno bruto por actividad económica anual,PIB por actividad económica,5_2_4_anual.xls,1997,Precios constantes,Nivel,Anual,2004,2004,,,Manufactura,70334,Bolívares,,Banco Central de Venezuela,https://www.bcv.org.ve/sites/default/files/cuentas_macroeconomicas/5_2_4_anual.xls,2026-08-05T21:44:21Z
bcv_pib_actividad_economica_anual,Producto interno bruto por actividad económica anual,PIB por actividad económica,5_2_4_anual.xls,1997,Precios constantes,Variación porcentual interanual,Anual,2004,2004,,,Manufactura,21.43974139450755,Porcentaje,,Banco Central de Venezuela,https://www.bcv.org.ve/sites/default/files/cuentas_macroeconomicas/5_2_4_anual.xls,2026-08-05T21:44:21Z
bcv_pib_actividad_economica_anual,Producto interno bruto por actividad económica anual,PIB por actividad económica,5_2_4_anual.xls,1997,Precios constantes,Nivel,Anual,2005,2005,,,Manufactura,78137.48000000001,Bolívares,,Banco Central de Venezuela,https://www.bcv.org.ve/sites/default/files/cuentas_macroeconomicas/5_2_4_anual.xls,2026-08-05T21:44:21Z
bcv_pib_actividad_economica_anual,Producto interno bruto por actividad económica anual,PIB por actividad económica,5_2_4_anual.xls,1997,Precios constantes,Variación porcentual interanual,Anual,2005,2005,,,Manufactura,11.09489009582849,Porcentaje,,Banco Central de Venezuela,https://www.bcv.org.ve/sites/default/files/cuentas_macroeconomicas/5_2_4_anual.xls,2026-08-05T21:44:21Z
bcv_pib_actividad_economica_anual,Producto interno bruto por actividad económica anual,PIB por actividad económica,5_2_4_anual.xls,1997,Precios constantes,Nivel,Anual,2006,2006,,,Manufactura,84633.93,Bolívares,,Banco Central de Venezuela,https://www.bcv.org.ve/sites/default/files/cuentas_macroeconomicas/5_2_4_anual.xls,2026-08-05T21:44:21Z
bcv_pib_actividad_economica_anual,Producto interno bruto por actividad económica anual,PIB por actividad económica,5_2_4_anual.xls,1997,Precios constantes,Variación porcentual interanual,Anual,2006,2006,,,Manufactura,8.314127867957836,Porcentaje,,Banco Central de Venezuela,https://www.bcv.org.ve/sites/default/files/cuentas_macroeconomicas/5_2_4_anual.xls,2026-08-05T21:44:21Z
bcv_pib_actividad_economica_anual,Producto interno bruto por actividad económica anual,PIB por actividad económica,5_2_4_anual.xls,1997,Precios constantes,Nivel,Anual,2007,2007,,,Manufactura,88343.04000000001,Bolívares,,Banco Central de Venezuela,https://www.bcv.org.ve/sites/default/files/cuentas_macroeconomicas/5_2_4_anual.xls,2026-08-05T21:44:21Z
bcv_pib_actividad_economica_anual,Producto interno bruto por actividad económica anual,PIB por actividad económica,5_2_4_anual.xls,1997,Precios constantes,Variación porcentual interanual,Anual,2007,2007,,,Manufactura,4.3825331046307525,Porcentaje,,Banco Central de Venezuela,https://www.bcv.org.ve/sites/default/files/cuentas_macroeconomicas/5_2_4_anual.xls,2026-08-05T21:44:21Z
bcv_pib_actividad_economica_anual,Producto interno bruto por actividad económica anual,PIB por actividad económica,5_2_4_anual.xls,1997,Precios constantes,Nivel,Anual,2008,2008,,,Manufactura,89608.86,Bolívares,Preliminar,Banco Central de Venezuela,https://www.bcv.org.ve/sites/default/files/cuentas_macroeconomicas/5_2_4_anual.xls,2026-08-05T21:44:21Z
bcv_pib_actividad_economica_anual,Producto interno bruto por actividad económica anual,PIB por actividad económica,5_2_4_anual.xls,1997,Precios constantes,Variación porcentual interanual,Anual,2008,2008,,,Manufactura,1.432846322698424,Porcentaje,,Banco Central de Venezuela,https://www.bcv.org.ve/sites/default/files/cuentas_macroeconomicas/5_2_4_anual.xls,2026-08-05T21:44:21Z
bcv_pib_actividad_economica_anual,Producto interno bruto por actividad económica anual,Variaciones porcentuales,5_2_4_ae_anual.xlsx,2007,Precios constantes,Variación porcentual interanual,Anual,2008,2008,,Actividad económica,Manufactura,0.3887654959517022,Porcentaje,,Banco Central de Venezuela,https://www.bcv.org.ve/sites/default/files/cuentas_macroeconomicas/5_2_4_ae_anual.xlsx,2026-08-05T21:44:21Z
bcv_pib_actividad_economica_anual,Producto interno bruto por actividad económica anual,PIB por actividad económica,5_2_4_anual.xls,1997,Precios constantes,Nivel,Anual,2009,2009,,,Manufactura,83831.9,Bolívares,Preliminar,Banco Central de Venezuela,https://www.bcv.org.ve/sites/default/files/cuentas_macroeconomicas/5_2_4_anual.xls,2026-08-05T21:44:21Z
bcv_pib_actividad_economica_anual,Producto interno bruto por actividad económica anual,PIB por actividad económica,5_2_4_anual.xls,1997,Precios constantes,Variación porcentual interanual,Anual,2009,2009,,,Manufactura,-6.446862508908168,Porcentaje,,Banco Central de Venezuela,https://www.bcv.org.ve/sites/default/files/cuentas_macroeconomicas/5_2_4_anual.xls,2026-08-05T21:44:21Z
bcv_pib_actividad_economica_anual,Producto interno bruto por actividad económica anual,Variaciones porcentuales,5_2_4_ae_anual.xlsx,2007,Precios constantes,Variación porcentual interanual,Anual,2009,2009,,Actividad económica,Manufactura,-8.402905458238237,Porcentaje,,Banco Central de Venezuela,https://www.bcv.org.ve/sites/default/files/cuentas_macroeconomicas/5_2_4_ae_anual.xlsx,2026-08-05T21:44:21Z
bcv_pib_actividad_economica_anual,Producto interno bruto por actividad económica anual,PIB por actividad económica,5_2_4_anual.xls,1997,Precios constantes,Nivel,Anual,2010,2010,,,Manufactura,80955.44,Bolívares,Preliminar,Banco Central de Venezuela,https://www.bcv.org.ve/sites/default/files/cuentas_macroeconomicas/5_2_4_anual.xls,2026-08-05T21:44:21Z
bcv_pib_actividad_economica_anual,Producto interno bruto por actividad económica anual,PIB por actividad económica,5_2_4_anual.xls,1997,Precios constantes,Variación porcentual interanual,Anual,2010,2010,,,Manufactura,-3.431223674997213,Porcentaje,,Banco Central de Venezuela,https://www.bcv.org.ve/sites/default/files/cuentas_macroeconomicas/5_2_4_anual.xls,2026-08-05T21:44:21Z
bcv_pib_actividad_economica_anual,Producto interno bruto por actividad económica anual,Variaciones porcentuales,5_2_4_ae_anual.xlsx,2007,Precios constantes,Variación porcentual interanual,Anual,2010,2010,,Actividad económica,Manufactura,-1.2229858270918328,Porcentaje,,Banco Central de Venezuela,https://www.bcv.org.ve/sites/default/files/cuentas_macroeconomicas/5_2_4_ae_anual.xlsx,2026-08-05T21:44:21Z
bcv_pib_actividad_economica_anual,Producto interno bruto por actividad económica anual,PIB por actividad económica,5_2_4_anual.xls,1997,Precios constantes,Nivel,Anual,2011,2011,,,Manufactura,84051.79999999999,Bolívares,Preliminar,Banco Central de Venezuela,https://www.bcv.org.ve/sites/default/files/cuentas_macroeconomicas/5_2_4_anual.xls,2026-08-05T21:44:21Z
bcv_pib_actividad_economica_anual,Producto interno bruto por actividad económica anual,PIB por actividad económica,5_2_4_anual.xls,1997,Precios constantes,Variación porcentual interanual,Anual,2011,2011,,,Manufactura,3.8247707627800906,Porcentaje,,Banco Central de Venezuela,https://www.bcv.org.ve/sites/default/files/cuentas_macroeconomicas/5_2_4_anual.xls,2026-08-05T21:44:21Z
bcv_pib_actividad_economica_anual,Producto interno bruto por actividad económica anual,Variaciones porcentuales,5_2_4_ae_anual.xlsx,2007,Precios constantes,Variación porcentual interanual,Anual,2011,2011,,Actividad económica,Manufactura,2.332562921854759,Porcentaje,,Banco Central de Venezuela,https://www.bcv.org.ve/sites/default/files/cuentas_macroeconomicas/5_2_4_ae_anual.xlsx,2026-08-05T21:44:21Z
bcv_pib_actividad_economica_anual,Producto interno bruto por actividad económica anual,PIB por actividad económica,5_2_4_anual.xls,1997,Precios constantes,Nivel,Anual,2012,2012,,,Manufactura,85555.04000000001,Bolívares,Preliminar,Banco Central de Venezuela,https://www.bcv.org.ve/sites/default/files/cuentas_macroeconomicas/5_2_4_anual.xls,2026-08-05T21:44:21Z
bcv_pib_actividad_economica_anual,Producto interno bruto por actividad económica anual,PIB por actividad económica,5_2_4_anual.xls,1997,Precios constantes,Variación porcentual interanual,Anual,2012,2012,,,Manufactura,1.7884685396386715,Porcentaje,,Banco Central de Venezuela,https://www.bcv.org.ve/sites/default/files/cuentas_macroeconomicas/5_2_4_anual.xls,2026-08-05T21:44:21Z
bcv_pib_actividad_economica_anual,Producto interno bruto por actividad económica anual,Variaciones porcentuales,5_2_4_ae_anual.xlsx,2007,Precios constantes,Variación porcentual interanual,Anual,2012,2012,,Actividad económica,Manufactura,1.3388951141702705,Porcentaje,,Banco Central de Venezuela,https://www.bcv.org.ve/sites/default/files/cuentas_macroeconomicas/5_2_4_ae_anual.xlsx,2026-08-05T21:44:21Z
bcv_pib_actividad_economica_anual,Producto interno bruto por actividad económica anual,PIB por actividad económica,5_2_4_anual.xls,1997,Precios constantes,Nivel,Anual,2013,2013,,,Manufactura,85300.54000000001,Bolívares,Preliminar,Banco Central de Venezuela,https://www.bcv.org.ve/sites/default/files/cuentas_macroeconomicas/5_2_4_anual.xls,2026-08-05T21:44:21Z
bcv_pib_actividad_economica_anual,Producto interno bruto por actividad económica anual,PIB por actividad económica,5_2_4_anual.xls,1997,Precios constantes,Variación porcentual interanual,Anual,2013,2013,,,Manufactura,-0.29746932500995626,Porcentaje,,Banco Central de Venezuela,https://www.bcv.org.ve/sites/default/files/cuentas_macroeconomicas/5_2_4_anual.xls,2026-08-05T21:44:21Z
bcv_pib_actividad_economica_anual,Producto interno bruto por actividad económica anual,Variaciones porcentuales,5_2_4_ae_anual.xlsx,2007,Precios constantes,Variación porcentual interanual,Anual,2013,2013,,Actividad económica,Manufactura,-0.8189415134792171,Porcentaje,,Banco Central de Venezuela,https://www.bcv.org.ve/sites/default/files/cuentas_macroeconomicas/5_2_4_ae_anual.xlsx,2026-08-05T21:44:21Z
bcv_pib_actividad_economica_anual,Producto interno bruto por actividad económica anual,PIB por actividad económica,5_2_4_anual.xls,1997,Precios constantes,Nivel,Anual,2014,2014,,,Manufactura,79138,Bolívares,Preliminar,Banco Central de Venezuela,https://www.bcv.org.ve/sites/default/files/cuentas_macroeconomicas/5_2_4_anual.xls,2026-08-05T21:44:21Z
bcv_pib_actividad_economica_anual,Producto interno bruto por actividad económica anual,PIB por actividad económica,5_2_4_anual.xls,1997,Precios constantes,Variación porcentual interanual,Anual,2014,2014,,,Manufactura,-7.224502916394201,Porcentaje,,Banco Central de Venezuela,https://www.bcv.org.ve/sites/default/files/cuentas_macroeconomicas/5_2_4_anual.xls,2026-08-05T21:44:21Z
bcv_pib_actividad_economica_anual,Producto interno bruto por actividad económica anual,Variaciones porcentuales,5_2_4_ae_anual.xlsx,2007,Precios constantes,Variación porcentual interanual,Anual,2014,2014,,Actividad económica,Manufactura,-4.380222553439907,Porcentaje,,Banco Central de Venezuela,https://www.bcv.org.ve/sites/default/files/cuentas_macroeconomicas/5_2_4_ae_anual.xlsx,2026-08-05T21:44:21Z
bcv_pib_actividad_economica_anual,Producto interno bruto por actividad económica anual,PIB por actividad económica,5_2_4_anual.xls,1997,Precios constantes,Nivel,Anual,2015,2015,,,Manufactura,72739.49,Bolívares,Preliminar,Banco Central de Venezuela,https://www.bcv.org.ve/sites/default/files/cuentas_macroeconomicas/5_2_4_anual.xls,2026-08-05T21:44:21Z
bcv_pib_actividad_economica_anual,Producto interno bruto por actividad económica anual,PIB por actividad económica,5_2_4_anual.xls,1997,Precios constantes,Variación porcentual interanual,Anual,2015,2015,,,Manufactura,-8.08525613485304,Porcentaje,,Banco Central de Venezuela,https://www.bcv.org.ve/sites/default/files/cuentas_macroeconomicas/5_2_4_anual.xls,2026-08-05T21:44:21Z
bcv_pib_actividad_economica_anual,Producto interno bruto por actividad económica anual,Variaciones porcentuales,5_2_4_ae_anual.xlsx,2007,Precios constantes,Variación porcentual interanual,Anual,2015,2015,,Actividad económica,Manufactura,-10.506209084865588,Porcentaje,,Banco Central de Venezuela,https://www.bcv.org.ve/sites/default/files/cuentas_macroeconomicas/5_2_4_ae_anual.xlsx,2026-08-05T21:44:21Z
bcv_pib_actividad_economica_anual,Producto interno bruto por actividad económica anual,PIB por actividad económica,5_2_4_anual.xls,1997,Precios constantes,Nivel,Anual,2016,2016,,,Manufactura,53426.049999999996,Bolívares,Preliminar,Banco Central de Venezuela,https://www.bcv.org.ve/sites/default/files/cuentas_macroeconomicas/5_2_4_anual.xls,2026-08-05T21:44:21Z
bcv_pib_actividad_economica_anual,Producto interno bruto por actividad económica anual,PIB por actividad económica,5_2_4_anual.xls,1997,Precios constantes,Variación porcentual interanual,Anual,2016,2016,,,Manufactura,-26.55151967658834,Porcentaje,,Banco Central de Venezuela,https://www.bcv.org.ve/sites/default/files/cuentas_macroeconomicas/5_2_4_anual.xls,2026-08-05T21:44:21Z
bcv_pib_actividad_economica_anual,Producto interno bruto por actividad económica anual,Variaciones porcentuales,5_2_4_ae_anual.xlsx,2007,Precios constantes,Variación porcentual interanual,Anual,2016,2016,,Actividad económica,Manufactura,-23.64268621544545,Porcentaje,,Banco Central de Venezuela,https://www.bcv.org.ve/sites/default/files/cuentas_macroeconomicas/5_2_4_ae_anual.xlsx,2026-08-05T21:44:21Z
bcv_pib_actividad_economica_anual,Producto interno bruto por actividad económica anual,PIB por actividad económica,5_2_4_anual.xls,1997,Precios constantes,Nivel,Anual,2017,2017,,,Manufactura,39931.69,Bolívares,Preliminar,Banco Central de Venezuela,https://www.bcv.org.ve/sites/default/files/cuentas_macroeconomicas/5_2_4_anual.xls,2026-08-05T21:44:21Z
bcv_pib_actividad_economica_anual,Producto interno bruto por actividad económica anual,PIB por actividad económica,5_2_4_anual.xls,1997,Precios constantes,Variación porcentual interanual,Anual,2017,2017,,,Manufactura,-25.258015518646786,Porcentaje,,Banco Central de Venezuela,https://www.bcv.org.ve/sites/default/files/cuentas_macroeconomicas/5_2_4_anual.xls,2026-08-05T21:44:21Z
bcv_pib_actividad_economica_anual,Producto interno bruto por actividad económica anual,Variaciones porcentuales,5_2_4_ae_anual.xlsx,2007,Precios constantes,Variación porcentual interanual,Anual,2017,2017,,Actividad económica,Manufactura,-19.107109068446874,Porcentaje,Preliminar,Banco Central de Venezuela,https://www.bcv.org.ve/sites/default/files/cuentas_macroeconomicas/5_2_4_ae_anual.xlsx,2026-08-05T21:44:21Z
bcv_pib_actividad_economica_anual,Producto interno bruto por actividad económica anual,PIB por actividad económica,5_2_4_anual.xls,1997,Precios constantes,Nivel,Anual,2018,2018,,,Manufactura,24239.39,Bolívares,Preliminar,Banco Central de Venezuela,https://www.bcv.org.ve/sites/default/files/cuentas_macroeconomicas/5_2_4_anual.xls,2026-08-05T21:44:21Z
bcv_pib_actividad_economica_anual,Producto interno bruto por actividad económica anual,PIB por actividad económica,5_2_4_anual.xls,1997,Precios constantes,Variación porcentual interanual,Anual,2018,2018,,,Manufactura,-39.29786092198954,Porcentaje,,Banco Central de Venezuela,https://www.bcv.org.ve/sites/default/files/cuentas_macroeconomicas/5_2_4_anual.xls,2026-08-05T21:44:21Z
bcv_pib_actividad_economica_anual,Producto interno bruto por actividad económica anual,Variaciones porcentuales,5_2_4_ae_anual.xlsx,2007,Precios constantes,Variación porcentual interanual,Anual,2018,2018,,Actividad económica,Manufactura,-33.04162727908549,Porcentaje,Preliminar,Banco Central de Venezuela,https://www.bcv.org.ve/sites/default/files/cuentas_macroeconomicas/5_2_4_ae_anual.xlsx,2026-08-05T21:44:21Z
bcv_pib_actividad_economica_anual,Producto interno bruto por actividad económica anual,Variaciones porcentuales,5_2_4_ae_anual.xlsx,2007,Precios constantes,Variación porcentual interanual,Anual,2019,2019,,Actividad económica,Manufactura,-43.04425049081887,Porcentaje,Preliminar,Banco Central de Venezuela,https://www.bcv.org.ve/sites/default/files/cuentas_macroeconomicas/5_2_4_ae_anual.xlsx,2026-08-05T21:44:21Z
bcv_pib_actividad_economica_anual,Producto interno bruto por actividad económica anual,Variaciones porcentuales,5_2_4_ae_anual.xlsx,2007,Precios constantes,Variación porcentual interanual,Anual,2020,2020,,Actividad económica,Manufactura,-25.639185186957462,Porcentaje,Preliminar,Banco Central de Venezuela,https://www.bcv.org.ve/sites/default/files/cuentas_macroeconomicas/5_2_4_ae_anual.xlsx,2026-08-05T21:44:21Z
bcv_pib_actividad_economica_anual,Producto interno bruto por actividad económica anual,Variaciones porcentuales,5_2_4_ae_anual.xlsx,2007,Precios constantes,Variación porcentual interanual,Anual,2021,2021,,Actividad económica,Manufactura,7.0081214540008006,Porcentaje,Preliminar,Banco Central de Venezuela,https://www.bcv.org.ve/sites/default/files/cuentas_macroeconomicas/5_2_4_ae_anual.xlsx,2026-08-05T21:44:21Z
bcv_pib_actividad_economica_anual,Producto interno bruto por actividad económica anual,Variaciones porcentuales,5_2_4_ae_anual.xlsx,2007,Precios constantes,Variación porcentual interanual,Anual,2022,2022,,Actividad económica,Manufactura,28.09948919431372,Porcentaje,Preliminar,Banco Central de Venezuela,https://www.bcv.org.ve/sites/default/files/cuentas_macroeconomicas/5_2_4_ae_anual.xlsx,2026-08-05T21:44:21Z
bcv_pib_actividad_economica_anual,Producto interno bruto por actividad económica anual,Variaciones porcentuales,5_2_4_ae_anual.xlsx,2007,Precios constantes,Variación porcentual interanual,Anual,2023,2023,,Actividad económica,Manufactura,5.738474132204146,Porcentaje,Preliminar,Banco Central de Venezuela,https://www.bcv.org.ve/sites/default/files/cuentas_macroeconomicas/5_2_4_ae_anual.xlsx,2026-08-05T21:44:21Z
bcv_pib_actividad_economica_anual,Producto interno bruto por actividad económica anual,Variaciones porcentuales,5_2_4_ae_anual.xlsx,2007,Precios constantes,Variación porcentual interanual,Anual,2024,2024,,Actividad económica,Manufactura,8.858341386518688,Porcentaje,Preliminar,Banco Central de Venezuela,https://www.bcv.org.ve/sites/default/files/cuentas_macroeconomicas/5_2_4_ae_anual.xlsx,2026-08-05T21:44:21Z
bcv_pib_actividad_economica_anual,Producto interno bruto por actividad económica anual,Variaciones porcentuales,5_2_4_ae_anual.xlsx,2007,Precios constantes,Variación porcentual interanual,Anual,2025,2025,,Actividad económica,Manufactura,11.085503056199613,Porcentaje,Preliminar,Banco Central de Venezuela,https://www.bcv.org.ve/sites/default/files/cuentas_macroeconomicas/5_2_4_ae_anual.xlsx,2026-08-05T21:44:21Z
bcv_pib_actividad_economica_anual,Producto interno bruto por actividad económica anual,PIB por actividad económica,5_2_4_anual.xls,1997,Precios constantes,Nivel,Anual,1997,1997,,,Menos: Sifmi 2/,10984.02,Bolívares,,Banco Central de Venezuela,https://www.bcv.org.ve/sites/default/files/cuentas_macroeconomicas/5_2_4_anual.xls,2026-08-05T21:44:21Z
bcv_pib_actividad_economica_anual,Producto interno bruto por actividad económica anual,PIB por actividad económica,5_2_4_anual.xls,1997,Precios constantes,Nivel,Anual,1998,1998,,,Menos: Sifmi 2/,10737,Bolívares,,Banco Central de Venezuela,https://www.bcv.org.ve/sites/default/files/cuentas_macroeconomicas/5_2_4_anual.xls,2026-08-05T21:44:21Z
bcv_pib_actividad_economica_anual,Producto interno bruto por actividad económica anual,PIB por actividad económica,5_2_4_anual.xls,1997,Precios constantes,Variación porcentual interanual,Anual,1998,1998,,,Menos: Sifmi 2/,-2.248903406949381,Porcentaje,,Banco Central de Venezuela,https://www.bcv.org.ve/sites/default/files/cuentas_macroeconomicas/5_2_4_anual.xls,2026-08-05T21:44:21Z
bcv_pib_actividad_economica_anual,Producto interno bruto por actividad económica anual,PIB por actividad económica,5_2_4_anual.xls,1997,Precios constantes,Nivel,Anual,1999,1999,,,Menos: Sifmi 2/,8924.380000000001,Bolívares,,Banco Central de Venezuela,https://www.bcv.org.ve/sites/default/files/cuentas_macroeconomicas/5_2_4_anual.xls,2026-08-05T21:44:21Z
bcv_pib_actividad_economica_anual,Producto interno bruto por actividad económica anual,PIB por actividad económica,5_2_4_anual.xls,1997,Precios constantes,Variación porcentual interanual,Anual,1999,1999,,,Menos: Sifmi 2/,-16.881996833379887,Porcentaje,,Banco Central de Venezuela,https://www.bcv.org.ve/sites/default/files/cuentas_macroeconomicas/5_2_4_anual.xls,2026-08-05T21:44:21Z
bcv_pib_actividad_economica_anual,Producto interno bruto por actividad económica anual,PIB por actividad económica,5_2_4_anual.xls,1997,Precios constantes,Nivel,Anual,2000,2000,,,Menos: Sifmi 2/,8631.17,Bolívares,,Banco Central de Venezuela,https://www.bcv.org.ve/sites/default/files/cuentas_macroeconomicas/5_2_4_anual.xls,2026-08-05T21:44:21Z
bcv_pib_actividad_economica_anual,Producto interno bruto por actividad económica anual,PIB por actividad económica,5_2_4_anual.xls,1997,Precios constantes,Variación porcentual interanual,Anual,2000,2000,,,Menos: Sifmi 2/,-3.2854943424641334,Porcentaje,,Banco Central de Venezuela,https://www.bcv.org.ve/sites/default/files/cuentas_macroeconomicas/5_2_4_anual.xls,2026-08-05T21:44:21Z
bcv_pib_actividad_economica_anual,Producto interno bruto por actividad económica anual,PIB por actividad económica,5_2_4_anual.xls,1997,Precios constantes,Nivel,Anual,2001,2001,,,Menos: Sifmi 2/,9346.619999999999,Bolívares,,Banco Central de Venezuela,https://www.bcv.org.ve/sites/default/files/cuentas_macroeconomicas/5_2_4_anual.xls,2026-08-05T21:44:21Z
bcv_pib_actividad_economica_anual,Producto interno bruto por actividad económica anual,PIB por actividad económica,5_2_4_anual.xls,1997,Precios constantes,Variación porcentual interanual,Anual,2001,2001,,,Menos: Sifmi 2/,8.289142723408276,Porcentaje,,Banco Central de Venezuela,https://www.bcv.org.ve/sites/default/files/cuentas_macroeconomicas/5_2_4_anual.xls,2026-08-05T21:44:21Z
bcv_pib_actividad_economica_anual,Producto interno bruto por actividad económica anual,PIB por actividad económica,5_2_4_anual.xls,1997,Precios constantes,Nivel,Anual,2002,2002,,,Menos: Sifmi 2/,8031.6,Bolívares,,Banco Central de Venezuela,https://www.bcv.org.ve/sites/default/files/cuentas_macroeconomicas/5_2_4_anual.xls,2026-08-05T21:44:21Z
bcv_pib_actividad_economica_anual,Producto interno bruto por actividad económica anual,PIB por actividad económica,5_2_4_anual.xls,1997,Precios constantes,Variación porcentual interanual,Anual,2002,2002,,,Menos: Sifmi 2/,-14.069471102922762,Porcentaje,,Banco Central de Venezuela,https://www.bcv.org.ve/sites/default/files/cuentas_macroeconomicas/5_2_4_anual.xls,2026-08-05T21:44:21Z
bcv_pib_actividad_economica_anual,Producto interno bruto por actividad económica anual,PIB por actividad económica,5_2_4_anual.xls,1997,Precios constantes,Nivel,Anual,2003,2003,,,Menos: Sifmi 2/,9438.689999999999,Bolívares,,Banco Central de Venezuela,https://www.bcv.org.ve/sites/default/files/cuentas_macroeconomicas/5_2_4_anual.xls,2026-08-05T21:44:21Z
bcv_pib_actividad_economica_anual,Producto interno bruto por actividad económica anual,PIB por actividad económica,5_2_4_anual.xls,1997,Precios constantes,Variación porcentual interanual,Anual,2003,2003,,,Menos: Sifmi 2/,17.519423278051676,Porcentaje,,Banco Central de Venezuela,https://www.bcv.org.ve/sites/default/files/cuentas_macroeconomicas/5_2_4_anual.xls,2026-08-05T21:44:21Z
bcv_pib_actividad_economica_anual,Producto interno bruto por actividad económica anual,PIB por actividad económica,5_2_4_anual.xls,1997,Precios constantes,Nivel,Anual,2004,2004,,,Menos: Sifmi 2/,13030,Bolívares,,Banco Central de Venezuela,https://www.bcv.org.ve/sites/default/files/cuentas_macroeconomicas/5_2_4_anual.xls,2026-08-05T21:44:21Z
bcv_pib_actividad_economica_anual,Producto interno bruto por actividad económica anual,PIB por actividad económica,5_2_4_anual.xls,1997,Precios constantes,Variación porcentual interanual,Anual,2004,2004,,,Menos: Sifmi 2/,38.048818215239635,Porcentaje,,Banco Central de Venezuela,https://www.bcv.org.ve/sites/default/files/cuentas_macroeconomicas/5_2_4_anual.xls,2026-08-05T21:44:21Z
bcv_pib_actividad_economica_anual,Producto interno bruto por actividad económica anual,PIB por actividad económica,5_2_4_anual.xls,1997,Precios constantes,Nivel,Anual,2005,2005,,,Menos: Sifmi 2/,17962.29,Bolívares,,Banco Central de Venezuela,https://www.bcv.org.ve/sites/default/files/cuentas_macroeconomicas/5_2_4_anual.xls,2026-08-05T21:44:21Z
bcv_pib_actividad_economica_anual,Producto interno bruto por actividad económica anual,PIB por actividad económica,5_2_4_anual.xls,1997,Precios constantes,Variación porcentual interanual,Anual,2005,2005,,,Menos: Sifmi 2/,37.85333844973141,Porcentaje,,Banco Central de Venezuela,https://www.bcv.org.ve/sites/default/files/cuentas_macroeconomicas/5_2_4_anual.xls,2026-08-05T21:44:21Z
bcv_pib_actividad_economica_anual,Producto interno bruto por actividad económica anual,PIB por actividad económica,5_2_4_anual.xls,1997,Precios constantes,Nivel,Anual,2006,2006,,,Menos: Sifmi 2/,26097.379999999997,Bolívares,,Banco Central de Venezuela,https://www.bcv.org.ve/sites/default/files/cuentas_macroeconomicas/5_2_4_anual.xls,2026-08-05T21:44:21Z
bcv_pib_actividad_economica_anual,Producto interno bruto por actividad económica anual,PIB por actividad económica,5_2_4_anual.xls,1997,Precios constantes,Variación porcentual interanual,Anual,2006,2006,,,Menos: Sifmi 2/,45.28982663123685,Porcentaje,,Banco Central de Venezuela,https://www.bcv.org.ve/sites/default/files/cuentas_macroeconomicas/5_2_4_anual.xls,2026-08-05T21:44:21Z
bcv_pib_actividad_economica_anual,Producto interno bruto por actividad económica anual,PIB por actividad económica,5_2_4_anual.xls,1997,Precios constantes,Nivel,Anual,2007,2007,,,Menos: Sifmi 2/,30517.36,Bolívares,,Banco Central de Venezuela,https://www.bcv.org.ve/sites/default/files/cuentas_macroeconomicas/5_2_4_anual.xls,2026-08-05T21:44:21Z
bcv_pib_actividad_economica_anual,Producto interno bruto por actividad económica anual,PIB por actividad económica,5_2_4_anual.xls,1997,Precios constantes,Variación porcentual interanual,Anual,2007,2007,,,Menos: Sifmi 2/,16.936489410048083,Porcentaje,,Banco Central de Venezuela,https://www.bcv.org.ve/sites/default/files/cuentas_macroeconomicas/5_2_4_anual.xls,2026-08-05T21:44:21Z
bcv_pib_actividad_economica_anual,Producto interno bruto por actividad económica anual,PIB por actividad económica,5_2_4_anual.xls,1997,Precios constantes,Nivel,Anual,2008,2008,,,Menos: Sifmi 2/,27435.47,Bolívares,Preliminar,Banco Central de Venezuela,https://www.bcv.org.ve/sites/default/files/cuentas_macroeconomicas/5_2_4_anual.xls,2026-08-05T21:44:21Z
bcv_pib_actividad_economica_anual,Producto interno bruto por actividad económica anual,PIB por actividad económica,5_2_4_anual.xls,1997,Precios constantes,Variación porcentual interanual,Anual,2008,2008,,,Menos: Sifmi 2/,-10.098809333441679,Porcentaje,,Banco Central de Venezuela,https://www.bcv.org.ve/sites/default/files/cuentas_macroeconomicas/5_2_4_anual.xls,2026-08-05T21:44:21Z
bcv_pib_actividad_economica_anual,Producto interno bruto por actividad económica anual,PIB por actividad económica,5_2_4_anual.xls,1997,Precios constantes,Nivel,Anual,2009,2009,,,Menos: Sifmi 2/,27283.070000000003,Bolívares,Preliminar,Banco Central de Venezuela,https://www.bcv.org.ve/sites/default/files/cuentas_macroeconomicas/5_2_4_anual.xls,2026-08-05T21:44:21Z
bcv_pib_actividad_economica_anual,Producto interno bruto por actividad económica anual,PIB por actividad económica,5_2_4_anual.xls,1997,Precios constantes,Variación porcentual interanual,Anual,2009,2009,,,Menos: Sifmi 2/,-0.5554852896633378,Porcentaje,,Banco Central de Venezuela,https://www.bcv.org.ve/sites/default/files/cuentas_macroeconomicas/5_2_4_anual.xls,2026-08-05T21:44:21Z
bcv_pib_actividad_economica_anual,Producto interno bruto por actividad económica anual,PIB por actividad económica,5_2_4_anual.xls,1997,Precios constantes,Nivel,Anual,2010,2010,,,Menos: Sifmi 2/,25123.5,Bolívares,Preliminar,Banco Central de Venezuela,https://www.bcv.org.ve/sites/default/files/cuentas_macroeconomicas/5_2_4_anual.xls,2026-08-05T21:44:21Z
bcv_pib_actividad_economica_anual,Producto interno bruto por actividad económica anual,PIB por actividad económica,5_2_4_anual.xls,1997,Precios constantes,Variación porcentual interanual,Anual,2010,2010,,,Menos: Sifmi 2/,-7.915421541637372,Porcentaje,,Banco Central de Venezuela,https://www.bcv.org.ve/sites/default/files/cuentas_macroeconomicas/5_2_4_anual.xls,2026-08-05T21:44:21Z
bcv_pib_actividad_economica_anual,Producto interno bruto por actividad económica anual,PIB por actividad económica,5_2_4_anual.xls,1997,Precios constantes,Nivel,Anual,2011,2011,,,Menos: Sifmi 2/,28497.77,Bolívares,Preliminar,Banco Central de Venezuela,https://www.bcv.org.ve/sites/default/files/cuentas_macroeconomicas/5_2_4_anual.xls,2026-08-05T21:44:21Z
bcv_pib_actividad_economica_anual,Producto interno bruto por actividad económica anual,PIB por actividad económica,5_2_4_anual.xls,1997,Precios constantes,Variación porcentual interanual,Anual,2011,2011,,,Menos: Sifmi 2/,13.430732183015891,Porcentaje,,Banco Central de Venezuela,https://www.bcv.org.ve/sites/default/files/cuentas_macroeconomicas/5_2_4_anual.xls,2026-08-05T21:44:21Z
bcv_pib_actividad_economica_anual,Producto interno bruto por actividad económica anual,PIB por actividad económica,5_2_4_anual.xls,1997,Precios constantes,Nivel,Anual,2012,2012,,,Menos: Sifmi 2/,38739.03,Bolívares,Preliminar,Banco Central de Venezuela,https://www.bcv.org.ve/sites/default/files/cuentas_macroeconomicas/5_2_4_anual.xls,2026-08-05T21:44:21Z
bcv_pib_actividad_economica_anual,Producto interno bruto por actividad económica anual,PIB por actividad económica,5_2_4_anual.xls,1997,Precios constantes,Variación porcentual interanual,Anual,2012,2012,,,Menos: Sifmi 2/,35.93705753116822,Porcentaje,,Banco Central de Venezuela,https://www.bcv.org.ve/sites/default/files/cuentas_macroeconomicas/5_2_4_anual.xls,2026-08-05T21:44:21Z
bcv_pib_actividad_economica_anual,Producto interno bruto por actividad económica anual,PIB por actividad económica,5_2_4_anual.xls,1997,Precios constantes,Nivel,Anual,2013,2013,,,Menos: Sifmi 2/,45535.52,Bolívares,Preliminar,Banco Central de Venezuela,https://www.bcv.org.ve/sites/default/files/cuentas_macroeconomicas/5_2_4_anual.xls,2026-08-05T21:44:21Z
bcv_pib_actividad_economica_anual,Producto interno bruto por actividad económica anual,PIB por actividad económica,5_2_4_anual.xls,1997,Precios constantes,Variación porcentual interanual,Anual,2013,2013,,,Menos: Sifmi 2/,17.544295765794857,Porcentaje,,Banco Central de Venezuela,https://www.bcv.org.ve/sites/default/files/cuentas_macroeconomicas/5_2_4_anual.xls,2026-08-05T21:44:21Z
bcv_pib_actividad_economica_anual,Producto interno bruto por actividad económica anual,PIB por actividad económica,5_2_4_anual.xls,1997,Precios constantes,Nivel,Anual,2014,2014,,,Menos: Sifmi 2/,48403.33,Bolívares,Preliminar,Banco Central de Venezuela,https://www.bcv.org.ve/sites/default/files/cuentas_macroeconomicas/5_2_4_anual.xls,2026-08-05T21:44:21Z
bcv_pib_actividad_economica_anual,Producto interno bruto por actividad económica anual,PIB por actividad económica,5_2_4_anual.xls,1997,Precios constantes,Variación porcentual interanual,Anual,2014,2014,,,Menos: Sifmi 2/,6.297962557581442,Porcentaje,,Banco Central de Venezuela,https://www.bcv.org.ve/sites/default/files/cuentas_macroeconomicas/5_2_4_anual.xls,2026-08-05T21:44:21Z
bcv_pib_actividad_economica_anual,Producto interno bruto por actividad económica anual,PIB por actividad económica,5_2_4_anual.xls,1997,Precios constantes,Nivel,Anual,2015,2015,,,Menos: Sifmi 2/,40793.78,Bolívares,Preliminar,Banco Central de Venezuela,https://www.bcv.org.ve/sites/default/files/cuentas_macroeconomicas/5_2_4_anual.xls,2026-08-05T21:44:21Z
bcv_pib_actividad_economica_anual,Producto interno bruto por actividad económica anual,PIB por actividad económica,5_2_4_anual.xls,1997,Precios constantes,Variación porcentual interanual,Anual,2015,2015,,,Menos: Sifmi 2/,-15.72112910413395,Porcentaje,,Banco Central de Venezuela,https://www.bcv.org.ve/sites/default/files/cuentas_macroeconomicas/5_2_4_anual.xls,2026-08-05T21:44:21Z
bcv_pib_actividad_economica_anual,Producto interno bruto por actividad económica anual,PIB por actividad económica,5_2_4_anual.xls,1997,Precios constantes,Nivel,Anual,2016,2016,,,Menos: Sifmi 2/,22610.05,Bolívares,Preliminar,Banco Central de Venezuela,https://www.bcv.org.ve/sites/default/files/cuentas_macroeconomicas/5_2_4_anual.xls,2026-08-05T21:44:21Z
bcv_pib_actividad_economica_anual,Producto interno bruto por actividad económica anual,PIB por actividad económica,5_2_4_anual.xls,1997,Precios constantes,Variación porcentual interanual,Anual,2016,2016,,,Menos: Sifmi 2/,-44.574761152312924,Porcentaje,,Banco Central de Venezuela,https://www.bcv.org.ve/sites/default/files/cuentas_macroeconomicas/5_2_4_anual.xls,2026-08-05T21:44:21Z
bcv_pib_actividad_economica_anual,Producto interno bruto por actividad económica anual,PIB por actividad económica,5_2_4_anual.xls,1997,Precios constantes,Nivel,Anual,2017,2017,,,Menos: Sifmi 2/,10980.400000000001,Bolívares,Preliminar,Banco Central de Venezuela,https://www.bcv.org.ve/sites/default/files/cuentas_macroeconomicas/5_2_4_anual.xls,2026-08-05T21:44:21Z
bcv_pib_actividad_economica_anual,Producto interno bruto por actividad económica anual,PIB por actividad económica,5_2_4_anual.xls,1997,Precios constantes,Variación porcentual interanual,Anual,2017,2017,,,Menos: Sifmi 2/,-51.4357553388869,Porcentaje,,Banco Central de Venezuela,https://www.bcv.org.ve/sites/default/files/cuentas_macroeconomicas/5_2_4_anual.xls,2026-08-05T21:44:21Z
bcv_pib_actividad_economica_anual,Producto interno bruto por actividad económica anual,PIB por actividad económica,5_2_4_anual.xls,1997,Precios constantes,Nivel,Anual,2018,2018,,,Menos: Sifmi 2/,4808.389999999999,Bolívares,Preliminar,Banco Central de Venezuela,https://www.bcv.org.ve/sites/default/files/cuentas_macroeconomicas/5_2_4_anual.xls,2026-08-05T21:44:21Z
bcv_pib_actividad_economica_anual,Producto interno bruto por actividad económica anual,PIB por actividad económica,5_2_4_anual.xls,1997,Precios constantes,Variación porcentual interanual,Anual,2018,2018,,,Menos: Sifmi 2/,-56.20933663618813,Porcentaje,,Banco Central de Venezuela,https://www.bcv.org.ve/sites/default/files/cuentas_macroeconomicas/5_2_4_anual.xls,2026-08-05T21:44:21Z
bcv_pib_actividad_economica_anual,Producto interno bruto por actividad económica anual,PIB por actividad económica,5_2_4_anual.xls,1997,Precios constantes,Nivel,Anual,1997,1997,,,Minería,2938.8900000000003,Bolívares,,Banco Central de Venezuela,https://www.bcv.org.ve/sites/default/files/cuentas_macroeconomicas/5_2_4_anual.xls,2026-08-05T21:44:21Z
bcv_pib_actividad_economica_anual,Producto interno bruto por actividad económica anual,PIB por actividad económica,5_2_4_anual.xls,1997,Precios constantes,Nivel,Anual,1998,1998,,,Minería,2718.23,Bolívares,,Banco Central de Venezuela,https://www.bcv.org.ve/sites/default/files/cuentas_macroeconomicas/5_2_4_anual.xls,2026-08-05T21:44:21Z
bcv_pib_actividad_economica_anual,Producto interno bruto por actividad económica anual,PIB por actividad económica,5_2_4_anual.xls,1997,Precios constantes,Variación porcentual interanual,Anual,1998,1998,,,Minería,-7.508276934488876,Porcentaje,,Banco Central de Venezuela,https://www.bcv.org.ve/sites/default/files/cuentas_macroeconomicas/5_2_4_anual.xls,2026-08-05T21:44:21Z
bcv_pib_actividad_economica_anual,Producto interno bruto por actividad económica anual,PIB por actividad económica,5_2_4_anual.xls,1997,Precios constantes,Nivel,Anual,1999,1999,,,Minería,2389.04,Bolívares,,Banco Central de Venezuela,https://www.bcv.org.ve/sites/default/files/cuentas_macroeconomicas/5_2_4_anual.xls,2026-08-05T21:44:21Z
bcv_pib_actividad_economica_anual,Producto interno bruto por actividad económica anual,PIB por actividad económica,5_2_4_anual.xls,1997,Precios constantes,Variación porcentual interanual,Anual,1999,1999,,,Minería,-12.110454229406642,Porcentaje,,Banco Central de Venezuela,https://www.bcv.org.ve/sites/default/files/cuentas_macroeconomicas/5_2_4_anual.xls,2026-08-05T21:44:21Z
bcv_pib_actividad_economica_anual,Producto interno bruto por actividad económica anual,PIB por actividad económica,5_2_4_anual.xls,1997,Precios constantes,Nivel,Anual,2000,2000,,,Minería,2753.75,Bolívares,,Banco Central de Venezuela,https://www.bcv.org.ve/sites/default/files/cuentas_macroeconomicas/5_2_4_anual.xls,2026-08-05T21:44:21Z
bcv_pib_actividad_economica_anual,Producto interno bruto por actividad económica anual,PIB por actividad económica,5_2_4_anual.xls,1997,Precios constantes,Variación porcentual interanual,Anual,2000,2000,,,Minería,15.265964571543392,Porcentaje,,Banco Central de Venezuela,https://www.bcv.org.ve/sites/default/files/cuentas_macroeconomicas/5_2_4_anual.xls,2026-08-05T21:44:21Z
bcv_pib_actividad_economica_anual,Producto interno bruto por actividad económica anual,PIB por actividad económica,5_2_4_anual.xls,1997,Precios constantes,Nivel,Anual,2001,2001,,,Minería,2830.67,Bolívares,,Banco Central de Venezuela,https://www.bcv.org.ve/sites/default/files/cuentas_macroeconomicas/5_2_4_anual.xls,2026-08-05T21:44:21Z
bcv_pib_actividad_economica_anual,Producto interno bruto por actividad económica anual,PIB por actividad económica,5_2_4_anual.xls,1997,Precios constantes,Variación porcentual interanual,Anual,2001,2001,,,Minería,2.793281888334093,Porcentaje,,Banco Central de Venezuela,https://www.bcv.org.ve/sites/default/files/cuentas_macroeconomicas/5_2_4_anual.xls,2026-08-05T21:44:21Z
bcv_pib_actividad_economica_anual,Producto interno bruto por actividad económica anual,PIB por actividad económica,5_2_4_anual.xls,1997,Precios constantes,Nivel,Anual,2002,2002,,,Minería,2951.57,Bolívares,,Banco Central de Venezuela,https://www.bcv.org.ve/sites/default/files/cuentas_macroeconomicas/5_2_4_anual.xls,2026-08-05T21:44:21Z
bcv_pib_actividad_economica_anual,Producto interno bruto por actividad económica anual,PIB por actividad económica,5_2_4_anual.xls,1997,Precios constantes,Variación porcentual interanual,Anual,2002,2002,,,Minería,4.271073632744191,Porcentaje,,Banco Central de Venezuela,https://www.bcv.org.ve/sites/default/files/cuentas_macroeconomicas/5_2_4_anual.xls,2026-08-05T21:44:21Z
bcv_pib_actividad_economica_anual,Producto interno bruto por actividad económica anual,PIB por actividad económica,5_2_4_anual.xls,1997,Precios constantes,Nivel,Anual,2003,2003,,,Minería,2820.8799999999997,Bolívares,,Banco Central de Venezuela,https://www.bcv.org.ve/sites/default/files/cuentas_macroeconomicas/5_2_4_anual.xls,2026-08-05T21:44:21Z
bcv_pib_actividad_economica_anual,Producto interno bruto por actividad económica anual,PIB por actividad económica,5_2_4_anual.xls,1997,Precios constantes,Variación porcentual interanual,Anual,2003,2003,,,Minería,-4.427812994440259,Porcentaje,,Banco Central de Venezuela,https://www.bcv.org.ve/sites/default/files/cuentas_macroeconomicas/5_2_4_anual.xls,2026-08-05T21:44:21Z
bcv_pib_actividad_economica_anual,Producto interno bruto por actividad económica anual,PIB por actividad económica,5_2_4_anual.xls,1997,Precios constantes,Nivel,Anual,2004,2004,,,Minería,3222,Bolívares,,Banco Central de Venezuela,https://www.bcv.org.ve/sites/default/files/cuentas_macroeconomicas/5_2_4_anual.xls,2026-08-05T21:44:21Z
bcv_pib_actividad_economica_anual,Producto interno bruto por actividad económica anual,PIB por actividad económica,5_2_4_anual.xls,1997,Precios constantes,Variación porcentual interanual,Anual,2004,2004,,,Minería,14.219676129434802,Porcentaje,,Banco Central de Venezuela,https://www.bcv.org.ve/sites/default/files/cuentas_macroeconomicas/5_2_4_anual.xls,2026-08-05T21:44:21Z
bcv_pib_actividad_economica_anual,Producto interno bruto por actividad económica anual,PIB por actividad económica,5_2_4_anual.xls,1997,Precios constantes,Nivel,Anual,2005,2005,,,Minería,3320.25,Bolívares,,Banco Central de Venezuela,https://www.bcv.org.ve/sites/default/files/cuentas_macroeconomicas/5_2_4_anual.xls,2026-08-05T21:44:21Z
bcv_pib_actividad_economica_anual,Producto interno bruto por actividad económica anual,PIB por actividad económica,5_2_4_anual.xls,1997,Precios constantes,Variación porcentual interanual,Anual,2005,2005,,,Minería,3.0493482309124715,Porcentaje,,Banco Central de Venezuela,https://www.bcv.org.ve/sites/default/files/cuentas_macroeconomicas/5_2_4_anual.xls,2026-08-05T21:44:21Z
bcv_pib_actividad_economica_anual,Producto interno bruto por actividad económica anual,PIB por actividad económica,5_2_4_anual.xls,1997,Precios constantes,Nivel,Anual,2006,2006,,,Minería,3558.62,Bolívares,,Banco Central de Venezuela,https://www.bcv.org.ve/sites/default/files/cuentas_macroeconomicas/5_2_4_anual.xls,2026-08-05T21:44:21Z
bcv_pib_actividad_economica_anual,Producto interno bruto por actividad económica anual,PIB por actividad económica,5_2_4_anual.xls,1997,Precios constantes,Variación porcentual interanual,Anual,2006,2006,,,Minería,7.179278668774941,Porcentaje,,Banco Central de Venezuela,https://www.bcv.org.ve/sites/default/files/cuentas_macroeconomicas/5_2_4_anual.xls,2026-08-05T21:44:21Z
bcv_pib_actividad_economica_anual,Producto interno bruto por actividad económica anual,PIB por actividad económica,5_2_4_anual.xls,1997,Precios constantes,Nivel,Anual,2007,2007,,,Minería,3601.55,Bolívares,,Banco Central de Venezuela,https://www.bcv.org.ve/sites/default/files/cuentas_macroeconomicas/5_2_4_anual.xls,2026-08-05T21:44:21Z
bcv_pib_actividad_economica_anual,Producto interno bruto por actividad económica anual,PIB por actividad económica,5_2_4_anual.xls,1997,Precios constantes,Variación porcentual interanual,Anual,2007,2007,,,Minería,1.2063665128617487,Porcentaje,,Banco Central de Venezuela,https://www.bcv.org.ve/sites/default/files/cuentas_macroeconomicas/5_2_4_anual.xls,2026-08-05T21:44:21Z
bcv_pib_actividad_economica_anual,Producto interno bruto por actividad económica anual,PIB por actividad económica,5_2_4_anual.xls,1997,Precios constantes,Nivel,Anual,2008,2008,,,Minería,3394.26,Bolívares,Preliminar,Banco Central de Venezuela,https://www.bcv.org.ve/sites/default/files/cuentas_macroeconomicas/5_2_4_anual.xls,2026-08-05T21:44:21Z
bcv_pib_actividad_economica_anual,Producto interno bruto por actividad económica anual,PIB por actividad económica,5_2_4_anual.xls,1997,Precios constantes,Variación porcentual interanual,Anual,2008,2008,,,Minería,-5.755577459704853,Porcentaje,,Banco Central de Venezuela,https://www.bcv.org.ve/sites/default/files/cuentas_macroeconomicas/5_2_4_anual.xls,2026-08-05T21:44:21Z
bcv_pib_actividad_economica_anual,Producto interno bruto por actividad económica anual,Variaciones porcentuales,5_2_4_ae_anual.xlsx,2007,Precios constantes,Variación porcentual interanual,Anual,2008,2008,,Actividad económica,Minería,-4.01683781085417,Porcentaje,,Banco Central de Venezuela,https://www.bcv.org.ve/sites/default/files/cuentas_macroeconomicas/5_2_4_ae_anual.xlsx,2026-08-05T21:44:21Z
bcv_pib_actividad_economica_anual,Producto interno bruto por actividad económica anual,PIB por actividad económica,5_2_4_anual.xls,1997,Precios constantes,Nivel,Anual,2009,2009,,,Minería,3043.38,Bolívares,Preliminar,Banco Central de Venezuela,https://www.bcv.org.ve/sites/default/files/cuentas_macroeconomicas/5_2_4_anual.xls,2026-08-05T21:44:21Z
bcv_pib_actividad_economica_anual,Producto interno bruto por actividad económica anual,PIB por actividad económica,5_2_4_anual.xls,1997,Precios constantes,Variación porcentual interanual,Anual,2009,2009,,,Minería,-10.337452051404426,Porcentaje,,Banco Central de Venezuela,https://www.bcv.org.ve/sites/default/files/cuentas_macroeconomicas/5_2_4_anual.xls,2026-08-05T21:44:21Z
bcv_pib_actividad_economica_anual,Producto interno bruto por actividad económica anual,Variaciones porcentuales,5_2_4_ae_anual.xlsx,2007,Precios constantes,Variación porcentual interanual,Anual,2009,2009,,Actividad económica,Minería,-6.2671915254387045,Porcentaje,,Banco Central de Venezuela,https://www.bcv.org.ve/sites/default/files/cuentas_macroeconomicas/5_2_4_ae_anual.xlsx,2026-08-05T21:44:21Z
bcv_pib_actividad_economica_anual,Producto interno bruto por actividad económica anual,PIB por actividad económica,5_2_4_anual.xls,1997,Precios constantes,Nivel,Anual,2010,2010,,,Minería,2647.97,Bolívares,Preliminar,Banco Central de Venezuela,https://www.bcv.org.ve/sites/default/files/cuentas_macroeconomicas/5_2_4_anual.xls,2026-08-05T21:44:21Z
bcv_pib_actividad_economica_anual,Producto interno bruto por actividad económica anual,PIB por actividad económica,5_2_4_anual.xls,1997,Precios constantes,Variación porcentual interanual,Anual,2010,2010,,,Minería,-12.99246232806945,Porcentaje,,Banco Central de Venezuela,https://www.bcv.org.ve/sites/default/files/cuentas_macroeconomicas/5_2_4_anual.xls,2026-08-05T21:44:21Z
bcv_pib_actividad_economica_anual,Producto interno bruto por actividad económica anual,Variaciones porcentuales,5_2_4_ae_anual.xlsx,2007,Precios constantes,Variación porcentual interanual,Anual,2010,2010,,Actividad económica,Minería,-9.945282009788372,Porcentaje,,Banco Central de Venezuela,https://www.bcv.org.ve/sites/default/files/cuentas_macroeconomicas/5_2_4_ae_anual.xlsx,2026-08-05T21:44:21Z
bcv_pib_actividad_economica_anual,Producto interno bruto por actividad económica anual,PIB por actividad económica,5_2_4_anual.xls,1997,Precios constantes,Nivel,Anual,2011,2011,,,Minería,2784.81,Bolívares,Preliminar,Banco Central de Venezuela,https://www.bcv.org.ve/sites/default/files/cuentas_macroeconomicas/5_2_4_anual.xls,2026-08-05T21:44:21Z
bcv_pib_actividad_economica_anual,Producto interno bruto por actividad económica anual,PIB por actividad económica,5_2_4_anual.xls,1997,Precios constantes,Variación porcentual interanual,Anual,2011,2011,,,Minería,5.167732262827769,Porcentaje,,Banco Central de Venezuela,https://www.bcv.org.ve/sites/default/files/cuentas_macroeconomicas/5_2_4_anual.xls,2026-08-05T21:44:21Z
bcv_pib_actividad_economica_anual,Producto interno bruto por actividad económica anual,Variaciones porcentuales,5_2_4_ae_anual.xlsx,2007,Precios constantes,Variación porcentual interanual,Anual,2011,2011,,Actividad económica,Minería,-0.04093880845614706,Porcentaje,,Banco Central de Venezuela,https://www.bcv.org.ve/sites/default/files/cuentas_macroeconomicas/5_2_4_ae_anual.xlsx,2026-08-05T21:44:21Z
bcv_pib_actividad_economica_anual,Producto interno bruto por actividad económica anual,PIB por actividad económica,5_2_4_anual.xls,1997,Precios constantes,Nivel,Anual,2012,2012,,,Minería,2612.25,Bolívares,Preliminar,Banco Central de Venezuela,https://www.bcv.org.ve/sites/default/files/cuentas_macroeconomicas/5_2_4_anual.xls,2026-08-05T21:44:21Z
bcv_pib_actividad_economica_anual,Producto interno bruto por actividad económica anual,PIB por actividad económica,5_2_4_anual.xls,1997,Precios constantes,Variación porcentual interanual,Anual,2012,2012,,,Minería,-6.196473008930596,Porcentaje,,Banco Central de Venezuela,https://www.bcv.org.ve/sites/default/files/cuentas_macroeconomicas/5_2_4_anual.xls,2026-08-05T21:44:21Z
bcv_pib_actividad_economica_anual,Producto interno bruto por actividad económica anual,Variaciones porcentuales,5_2_4_ae_anual.xlsx,2007,Precios constantes,Variación porcentual interanual,Anual,2012,2012,,Actividad económica,Minería,-0.23057165222802212,Porcentaje,,Banco Central de Venezuela,https://www.bcv.org.ve/sites/default/files/cuentas_macroeconomicas/5_2_4_ae_anual.xlsx,2026-08-05T21:44:21Z
bcv_pib_actividad_economica_anual,Producto interno bruto por actividad económica anual,PIB por actividad económica,5_2_4_anual.xls,1997,Precios constantes,Nivel,Anual,2013,2013,,,Minería,2060.97,Bolívares,Preliminar,Banco Central de Venezuela,https://www.bcv.org.ve/sites/default/files/cuentas_macroeconomicas/5_2_4_anual.xls,2026-08-05T21:44:21Z
bcv_pib_actividad_economica_anual,Producto interno bruto por actividad económica anual,PIB por actividad económica,5_2_4_anual.xls,1997,Precios constantes,Variación porcentual interanual,Anual,2013,2013,,,Minería,-21.10364628194087,Porcentaje,,Banco Central de Venezuela,https://www.bcv.org.ve/sites/default/files/cuentas_macroeconomicas/5_2_4_anual.xls,2026-08-05T21:44:21Z
bcv_pib_actividad_economica_anual,Producto interno bruto por actividad económica anual,Variaciones porcentuales,5_2_4_ae_anual.xlsx,2007,Precios constantes,Variación porcentual interanual,Anual,2013,2013,,Actividad económica,Minería,-12.409400576654335,Porcentaje,,Banco Central de Venezuela,https://www.bcv.org.ve/sites/default/files/cuentas_macroeconomicas/5_2_4_ae_anual.xlsx,2026-08-05T21:44:21Z
bcv_pib_actividad_economica_anual,Producto interno bruto por actividad económica anual,PIB por actividad económica,5_2_4_anual.xls,1997,Precios constantes,Nivel,Anual,2014,2014,,,Minería,1915.9,Bolívares,Preliminar,Banco Central de Venezuela,https://www.bcv.org.ve/sites/default/files/cuentas_macroeconomicas/5_2_4_anual.xls,2026-08-05T21:44:21Z
bcv_pib_actividad_economica_anual,Producto interno bruto por actividad económica anual,PIB por actividad económica,5_2_4_anual.xls,1997,Precios constantes,Variación porcentual interanual,Anual,2014,2014,,,Minería,-7.038918567470645,Porcentaje,,Banco Central de Venezuela,https://www.bcv.org.ve/sites/default/files/cuentas_macroeconomicas/5_2_4_anual.xls,2026-08-05T21:44:21Z
bcv_pib_actividad_economica_anual,Producto interno bruto por actividad económica anual,Variaciones porcentuales,5_2_4_ae_anual.xlsx,2007,Precios constantes,Variación porcentual interanual,Anual,2014,2014,,Actividad económica,Minería,-8.540239230883245,Porcentaje,,Banco Central de Venezuela,https://www.bcv.org.ve/sites/default/files/cuentas_macroeconomicas/5_2_4_ae_anual.xlsx,2026-08-05T21:44:21Z
bcv_pib_actividad_economica_anual,Producto interno bruto por actividad económica anual,PIB por actividad económica,5_2_4_anual.xls,1997,Precios constantes,Nivel,Anual,2015,2015,,,Minería,1798.38,Bolívares,Preliminar,Banco Central de Venezuela,https://www.bcv.org.ve/sites/default/files/cuentas_macroeconomicas/5_2_4_anual.xls,2026-08-05T21:44:21Z
bcv_pib_actividad_economica_anual,Producto interno bruto por actividad económica anual,PIB por actividad económica,5_2_4_anual.xls,1997,Precios constantes,Variación porcentual interanual,Anual,2015,2015,,,Minería,-6.133931833603,Porcentaje,,Banco Central de Venezuela,https://www.bcv.org.ve/sites/default/files/cuentas_macroeconomicas/5_2_4_anual.xls,2026-08-05T21:44:21Z
bcv_pib_actividad_economica_anual,Producto interno bruto por actividad económica anual,Variaciones porcentuales,5_2_4_ae_anual.xlsx,2007,Precios constantes,Variación porcentual interanual,Anual,2015,2015,,Actividad económica,Minería,-6.026020184003627,Porcentaje,,Banco Central de Venezuela,https://www.bcv.org.ve/sites/default/files/cuentas_macroeconomicas/5_2_4_ae_anual.xlsx,2026-08-05T21:44:21Z
bcv_pib_actividad_economica_anual,Producto interno bruto por actividad económica anual,PIB por actividad económica,5_2_4_anual.xls,1997,Precios constantes,Nivel,Anual,2016,2016,,,Minería,1193.03,Bolívares,Preliminar,Banco Central de Venezuela,https://www.bcv.org.ve/sites/default/files/cuentas_macroeconomicas/5_2_4_anual.xls,2026-08-05T21:44:21Z
bcv_pib_actividad_economica_anual,Producto interno bruto por actividad económica anual,PIB por actividad económica,5_2_4_anual.xls,1997,Precios constantes,Variación porcentual interanual,Anual,2016,2016,,,Minería,-33.66085032084432,Porcentaje,,Banco Central de Venezuela,https://www.bcv.org.ve/sites/default/files/cuentas_macroeconomicas/5_2_4_anual.xls,2026-08-05T21:44:21Z
bcv_pib_actividad_economica_anual,Producto interno bruto por actividad económica anual,Variaciones porcentuales,5_2_4_ae_anual.xlsx,2007,Precios constantes,Variación porcentual interanual,Anual,2016,2016,,Actividad económica,Minería,-20.845933195600864,Porcentaje,,Banco Central de Venezuela,https://www.bcv.org.ve/sites/default/files/cuentas_macroeconomicas/5_2_4_ae_anual.xlsx,2026-08-05T21:44:21Z
bcv_pib_actividad_economica_anual,Producto interno bruto por actividad económica anual,PIB por actividad económica,5_2_4_anual.xls,1997,Precios constantes,Nivel,Anual,2017,2017,,,Minería,1103.27,Bolívares,Preliminar,Banco Central de Venezuela,https://www.bcv.org.ve/sites/default/files/cuentas_macroeconomicas/5_2_4_anual.xls,2026-08-05T21:44:21Z
bcv_pib_actividad_economica_anual,Producto interno bruto por actividad económica anual,PIB por actividad económica,5_2_4_anual.xls,1997,Precios constantes,Variación porcentual interanual,Anual,2017,2017,,,Minería,-7.523700158420155,Porcentaje,,Banco Central de Venezuela,https://www.bcv.org.ve/sites/default/files/cuentas_macroeconomicas/5_2_4_anual.xls,2026-08-05T21:44:21Z
bcv_pib_actividad_economica_anual,Producto interno bruto por actividad económica anual,Variaciones porcentuales,5_2_4_ae_anual.xlsx,2007,Precios constantes,Variación porcentual interanual,Anual,2017,2017,,Actividad económica,Minería,-17.737105118659613,Porcentaje,Preliminar,Banco Central de Venezuela,https://www.bcv.org.ve/sites/default/files/cuentas_macroeconomicas/5_2_4_ae_anual.xlsx,2026-08-05T21:44:21Z
bcv_pib_actividad_economica_anual,Producto interno bruto por actividad económica anual,PIB por actividad económica,5_2_4_anual.xls,1997,Precios constantes,Nivel,Anual,2018,2018,,,Minería,1106.2800000000002,Bolívares,Preliminar,Banco Central de Venezuela,https://www.bcv.org.ve/sites/default/files/cuentas_macroeconomicas/5_2_4_anual.xls,2026-08-05T21:44:21Z
bcv_pib_actividad_economica_anual,Producto interno bruto por actividad económica anual,PIB por actividad económica,5_2_4_anual.xls,1997,Precios constantes,Variación porcentual interanual,Anual,2018,2018,,,Minería,0.2728253283421367,Porcentaje,,Banco Central de Venezuela,https://www.bcv.org.ve/sites/default/files/cuentas_macroeconomicas/5_2_4_anual.xls,2026-08-05T21:44:21Z
bcv_pib_actividad_economica_anual,Producto interno bruto por actividad económica anual,Variaciones porcentuales,5_2_4_ae_anual.xlsx,2007,Precios constantes,Variación porcentual interanual,Anual,2018,2018,,Actividad económica,Minería,-16.34016996403841,Porcentaje,Preliminar,Banco Central de Venezuela,https://www.bcv.org.ve/sites/default/files/cuentas_macroeconomicas/5_2_4_ae_anual.xlsx,2026-08-05T21:44:21Z
bcv_pib_actividad_economica_anual,Producto interno bruto por actividad económica anual,Variaciones porcentuales,5_2_4_ae_anual.xlsx,2007,Precios constantes,Variación porcentual interanual,Anual,2019,2019,,Actividad económica,Minería,1.1246862782235354,Porcentaje,Preliminar,Banco Central de Venezuela,https://www.bcv.org.ve/sites/default/files/cuentas_macroeconomicas/5_2_4_ae_anual.xlsx,2026-08-05T21:44:21Z
bcv_pib_actividad_economica_anual,Producto interno bruto por actividad económica anual,Variaciones porcentuales,5_2_4_ae_anual.xlsx,2007,Precios constantes,Variación porcentual interanual,Anual,2020,2020,,Actividad económica,Minería,-3.892893625607229,Porcentaje,Preliminar,Banco Central de Venezuela,https://www.bcv.org.ve/sites/default/files/cuentas_macroeconomicas/5_2_4_ae_anual.xlsx,2026-08-05T21:44:21Z
bcv_pib_actividad_economica_anual,Producto interno bruto por actividad económica anual,Variaciones porcentuales,5_2_4_ae_anual.xlsx,2007,Precios constantes,Variación porcentual interanual,Anual,2021,2021,,Actividad económica,Minería,6.343097400286581,Porcentaje,Preliminar,Banco Central de Venezuela,https://www.bcv.org.ve/sites/default/files/cuentas_macroeconomicas/5_2_4_ae_anual.xlsx,2026-08-05T21:44:21Z
bcv_pib_actividad_economica_anual,Producto interno bruto por actividad económica anual,Variaciones porcentuales,5_2_4_ae_anual.xlsx,2007,Precios constantes,Variación porcentual interanual,Anual,2022,2022,,Actividad económica,Minería,24.926033800472737,Porcentaje,Preliminar,Banco Central de Venezuela,https://www.bcv.org.ve/sites/default/files/cuentas_macroeconomicas/5_2_4_ae_anual.xlsx,2026-08-05T21:44:21Z
bcv_pib_actividad_economica_anual,Producto interno bruto por actividad económica anual,Variaciones porcentuales,5_2_4_ae_anual.xlsx,2007,Precios constantes,Variación porcentual interanual,Anual,2023,2023,,Actividad económica,Minería,15.26935562851537,Porcentaje,Preliminar,Banco Central de Venezuela,https://www.bcv.org.ve/sites/default/files/cuentas_macroeconomicas/5_2_4_ae_anual.xlsx,2026-08-05T21:44:21Z
bcv_pib_actividad_economica_anual,Producto interno bruto por actividad económica anual,Variaciones porcentuales,5_2_4_ae_anual.xlsx,2007,Precios constantes,Variación porcentual interanual,Anual,2024,2024,,Actividad económica,Minería,29.175880688332768,Porcentaje,Preliminar,Banco Central de Venezuela,https://www.bcv.org.ve/sites/default/files/cuentas_macroeconomicas/5_2_4_ae_anual.xlsx,2026-08-05T21:44:21Z
bcv_pib_actividad_economica_anual,Producto interno bruto por actividad económica anual,Variaciones porcentuales,5_2_4_ae_anual.xlsx,2007,Precios constantes,Variación porcentual interanual,Anual,2025,2025,,Actividad económica,Minería,23.118870382277308,Porcentaje,Preliminar,Banco Central de Venezuela,https://www.bcv.org.ve/sites/default/files/cuentas_macroeconomicas/5_2_4_ae_anual.xlsx,2026-08-05T21:44:21Z
bcv_pib_actividad_economica_anual,Producto interno bruto por actividad económica anual,PIB por actividad económica,5_2_4_anual.xls,1997,Precios constantes,Nivel,Anual,1997,1997,,,Produc. servicios del Gobierno General,45056.41,Bolívares,,Banco Central de Venezuela,https://www.bcv.org.ve/sites/default/files/cuentas_macroeconomicas/5_2_4_anual.xls,2026-08-05T21:44:21Z
bcv_pib_actividad_economica_anual,Producto interno bruto por actividad económica anual,PIB por actividad económica,5_2_4_anual.xls,1997,Precios constantes,Nivel,Anual,1998,1998,,,Produc. servicios del Gobierno General,44770.51,Bolívares,,Banco Central de Venezuela,https://www.bcv.org.ve/sites/default/files/cuentas_macroeconomicas/5_2_4_anual.xls,2026-08-05T21:44:21Z
bcv_pib_actividad_economica_anual,Producto interno bruto por actividad económica anual,PIB por actividad económica,5_2_4_anual.xls,1997,Precios constantes,Variación porcentual interanual,Anual,1998,1998,,,Produc. servicios del Gobierno General,-0.6345379048175488,Porcentaje,,Banco Central de Venezuela,https://www.bcv.org.ve/sites/default/files/cuentas_macroeconomicas/5_2_4_anual.xls,2026-08-05T21:44:21Z
bcv_pib_actividad_economica_anual,Producto interno bruto por actividad económica anual,PIB por actividad económica,5_2_4_anual.xls,1997,Precios constantes,Nivel,Anual,1999,1999,,,Produc. servicios del Gobierno General,42613.94,Bolívares,,Banco Central de Venezuela,https://www.bcv.org.ve/sites/default/files/cuentas_macroeconomicas/5_2_4_anual.xls,2026-08-05T21:44:21Z
bcv_pib_actividad_economica_anual,Producto interno bruto por actividad económica anual,PIB por actividad económica,5_2_4_anual.xls,1997,Precios constantes,Variación porcentual interanual,Anual,1999,1999,,,Produc. servicios del Gobierno General,-4.816943117243923,Porcentaje,,Banco Central de Venezuela,https://www.bcv.org.ve/sites/default/files/cuentas_macroeconomicas/5_2_4_anual.xls,2026-08-05T21:44:21Z
bcv_pib_actividad_economica_anual,Producto interno bruto por actividad económica anual,PIB por actividad económica,5_2_4_anual.xls,1997,Precios constantes,Nivel,Anual,2000,2000,,,Produc. servicios del Gobierno General,43803.92,Bolívares,,Banco Central de Venezuela,https://www.bcv.org.ve/sites/default/files/cuentas_macroeconomicas/5_2_4_anual.xls,2026-08-05T21:44:21Z
bcv_pib_actividad_economica_anual,Producto interno bruto por actividad económica anual,PIB por actividad económica,5_2_4_anual.xls,1997,Precios constantes,Variación porcentual interanual,Anual,2000,2000,,,Produc. servicios del Gobierno General,2.7924665027453415,Porcentaje,,Banco Central de Venezuela,https://www.bcv.org.ve/sites/default/files/cuentas_macroeconomicas/5_2_4_anual.xls,2026-08-05T21:44:21Z
bcv_pib_actividad_economica_anual,Producto interno bruto por actividad económica anual,PIB por actividad económica,5_2_4_anual.xls,1997,Precios constantes,Nivel,Anual,2001,2001,,,Produc. servicios del Gobierno General,44898.409999999996,Bolívares,,Banco Central de Venezuela,https://www.bcv.org.ve/sites/default/files/cuentas_macroeconomicas/5_2_4_anual.xls,2026-08-05T21:44:21Z
bcv_pib_actividad_economica_anual,Producto interno bruto por actividad económica anual,PIB por actividad económica,5_2_4_anual.xls,1997,Precios constantes,Variación porcentual interanual,Anual,2001,2001,,,Produc. servicios del Gobierno General,2.498611996369277,Porcentaje,,Banco Central de Venezuela,https://www.bcv.org.ve/sites/default/files/cuentas_macroeconomicas/5_2_4_anual.xls,2026-08-05T21:44:21Z
bcv_pib_actividad_economica_anual,Producto interno bruto por actividad económica anual,PIB por actividad económica,5_2_4_anual.xls,1997,Precios constantes,Nivel,Anual,2002,2002,,,Produc. servicios del Gobierno General,44717.9,Bolívares,,Banco Central de Venezuela,https://www.bcv.org.ve/sites/default/files/cuentas_macroeconomicas/5_2_4_anual.xls,2026-08-05T21:44:21Z
bcv_pib_actividad_economica_anual,Producto interno bruto por actividad económica anual,PIB por actividad económica,5_2_4_anual.xls,1997,Precios constantes,Variación porcentual interanual,Anual,2002,2002,,,Produc. servicios del Gobierno General,-0.4020409631432216,Porcentaje,,Banco Central de Venezuela,https://www.bcv.org.ve/sites/default/files/cuentas_macroeconomicas/5_2_4_anual.xls,2026-08-05T21:44:21Z
bcv_pib_actividad_economica_anual,Producto interno bruto por actividad económica anual,PIB por actividad económica,5_2_4_anual.xls,1997,Precios constantes,Nivel,Anual,2003,2003,,,Produc. servicios del Gobierno General,46925.81999999999,Bolívares,,Banco Central de Venezuela,https://www.bcv.org.ve/sites/default/files/cuentas_macroeconomicas/5_2_4_anual.xls,2026-08-05T21:44:21Z
bcv_pib_actividad_economica_anual,Producto interno bruto por actividad económica anual,PIB por actividad económica,5_2_4_anual.xls,1997,Precios constantes,Variación porcentual interanual,Anual,2003,2003,,,Produc. servicios del Gobierno General,4.9374411589095075,Porcentaje,,Banco Central de Venezuela,https://www.bcv.org.ve/sites/default/files/cuentas_macroeconomicas/5_2_4_anual.xls,2026-08-05T21:44:21Z
bcv_pib_actividad_economica_anual,Producto interno bruto por actividad económica anual,PIB por actividad económica,5_2_4_anual.xls,1997,Precios constantes,Nivel,Anual,2004,2004,,,Produc. servicios del Gobierno General,52117,Bolívares,,Banco Central de Venezuela,https://www.bcv.org.ve/sites/default/files/cuentas_macroeconomicas/5_2_4_anual.xls,2026-08-05T21:44:21Z
bcv_pib_actividad_economica_anual,Producto interno bruto por actividad económica anual,PIB por actividad económica,5_2_4_anual.xls,1997,Precios constantes,Variación porcentual interanual,Anual,2004,2004,,,Produc. servicios del Gobierno General,11.062523787543839,Porcentaje,,Banco Central de Venezuela,https://www.bcv.org.ve/sites/default/files/cuentas_macroeconomicas/5_2_4_anual.xls,2026-08-05T21:44:21Z
bcv_pib_actividad_economica_anual,Producto interno bruto por actividad económica anual,PIB por actividad económica,5_2_4_anual.xls,1997,Precios constantes,Nivel,Anual,2005,2005,,,Produc. servicios del Gobierno General,56289.67,Bolívares,,Banco Central de Venezuela,https://www.bcv.org.ve/sites/default/files/cuentas_macroeconomicas/5_2_4_anual.xls,2026-08-05T21:44:21Z
bcv_pib_actividad_economica_anual,Producto interno bruto por actividad económica anual,PIB por actividad económica,5_2_4_anual.xls,1997,Precios constantes,Variación porcentual interanual,Anual,2005,2005,,,Produc. servicios del Gobierno General,8.006351094652416,Porcentaje,,Banco Central de Venezuela,https://www.bcv.org.ve/sites/default/files/cuentas_macroeconomicas/5_2_4_anual.xls,2026-08-05T21:44:21Z
bcv_pib_actividad_economica_anual,Producto interno bruto por actividad económica anual,PIB por actividad económica,5_2_4_anual.xls,1997,Precios constantes,Nivel,Anual,2006,2006,,,Produc. servicios del Gobierno General,57999.479999999996,Bolívares,,Banco Central de Venezuela,https://www.bcv.org.ve/sites/default/files/cuentas_macroeconomicas/5_2_4_anual.xls,2026-08-05T21:44:21Z
bcv_pib_actividad_economica_anual,Producto interno bruto por actividad económica anual,PIB por actividad económica,5_2_4_anual.xls,1997,Precios constantes,Variación porcentual interanual,Anual,2006,2006,,,Produc. servicios del Gobierno General,3.037520028097518,Porcentaje,,Banco Central de Venezuela,https://www.bcv.org.ve/sites/default/files/cuentas_macroeconomicas/5_2_4_anual.xls,2026-08-05T21:44:21Z
bcv_pib_actividad_economica_anual,Producto interno bruto por actividad económica anual,PIB por actividad económica,5_2_4_anual.xls,1997,Precios constantes,Nivel,Anual,2007,2007,,,Produc. servicios del Gobierno General,61444.259999999995,Bolívares,,Banco Central de Venezuela,https://www.bcv.org.ve/sites/default/files/cuentas_macroeconomicas/5_2_4_anual.xls,2026-08-05T21:44:21Z
bcv_pib_actividad_economica_anual,Producto interno bruto por actividad económica anual,PIB por actividad económica,5_2_4_anual.xls,1997,Precios constantes,Variación porcentual interanual,Anual,2007,2007,,,Produc. servicios del Gobierno General,5.939329111226527,Porcentaje,,Banco Central de Venezuela,https://www.bcv.org.ve/sites/default/files/cuentas_macroeconomicas/5_2_4_anual.xls,2026-08-05T21:44:21Z
bcv_pib_actividad_economica_anual,Producto interno bruto por actividad económica anual,PIB por actividad económica,5_2_4_anual.xls,1997,Precios constantes,Nivel,Anual,2008,2008,,,Produc. servicios del Gobierno General,64697.530000000006,Bolívares,Preliminar,Banco Central de Venezuela,https://www.bcv.org.ve/sites/default/files/cuentas_macroeconomicas/5_2_4_anual.xls,2026-08-05T21:44:21Z
bcv_pib_actividad_economica_anual,Producto interno bruto por actividad económica anual,PIB por actividad económica,5_2_4_anual.xls,1997,Precios constantes,Variación porcentual interanual,Anual,2008,2008,,,Produc. servicios del Gobierno General,5.294668696473863,Porcentaje,,Banco Central de Venezuela,https://www.bcv.org.ve/sites/default/files/cuentas_macroeconomicas/5_2_4_anual.xls,2026-08-05T21:44:21Z
bcv_pib_actividad_economica_anual,Producto interno bruto por actividad económica anual,PIB por actividad económica,5_2_4_anual.xls,1997,Precios constantes,Nivel,Anual,2009,2009,,,Produc. servicios del Gobierno General,66256.49,Bolívares,Preliminar,Banco Central de Venezuela,https://www.bcv.org.ve/sites/default/files/cuentas_macroeconomicas/5_2_4_anual.xls,2026-08-05T21:44:21Z
bcv_pib_actividad_economica_anual,Producto interno bruto por actividad económica anual,PIB por actividad económica,5_2_4_anual.xls,1997,Precios constantes,Variación porcentual interanual,Anual,2009,2009,,,Produc. servicios del Gobierno General,2.409612855390293,Porcentaje,,Banco Central de Venezuela,https://www.bcv.org.ve/sites/default/files/cuentas_macroeconomicas/5_2_4_anual.xls,2026-08-05T21:44:21Z
bcv_pib_actividad_economica_anual,Producto interno bruto por actividad económica anual,PIB por actividad económica,5_2_4_anual.xls,1997,Precios constantes,Nivel,Anual,2010,2010,,,Produc. servicios del Gobierno General,67983.95,Bolívares,Preliminar,Banco Central de Venezuela,https://www.bcv.org.ve/sites/default/files/cuentas_macroeconomicas/5_2_4_anual.xls,2026-08-05T21:44:21Z
bcv_pib_actividad_economica_anual,Producto interno bruto por actividad económica anual,PIB por actividad económica,5_2_4_anual.xls,1997,Precios constantes,Variación porcentual interanual,Anual,2010,2010,,,Produc. servicios del Gobierno General,2.6072313821634623,Porcentaje,,Banco Central de Venezuela,https://www.bcv.org.ve/sites/default/files/cuentas_macroeconomicas/5_2_4_anual.xls,2026-08-05T21:44:21Z
bcv_pib_actividad_economica_anual,Producto interno bruto por actividad económica anual,PIB por actividad económica,5_2_4_anual.xls,1997,Precios constantes,Nivel,Anual,2011,2011,,,Produc. servicios del Gobierno General,71715.23,Bolívares,Preliminar,Banco Central de Venezuela,https://www.bcv.org.ve/sites/default/files/cuentas_macroeconomicas/5_2_4_anual.xls,2026-08-05T21:44:21Z
bcv_pib_actividad_economica_anual,Producto interno bruto por actividad económica anual,PIB por actividad económica,5_2_4_anual.xls,1997,Precios constantes,Variación porcentual interanual,Anual,2011,2011,,,Produc. servicios del Gobierno General,5.488471911384977,Porcentaje,,Banco Central de Venezuela,https://www.bcv.org.ve/sites/default/files/cuentas_macroeconomicas/5_2_4_anual.xls,2026-08-05T21:44:21Z
bcv_pib_actividad_economica_anual,Producto interno bruto por actividad económica anual,PIB por actividad económica,5_2_4_anual.xls,1997,Precios constantes,Nivel,Anual,2012,2012,,,Produc. servicios del Gobierno General,75434.28,Bolívares,Preliminar,Banco Central de Venezuela,https://www.bcv.org.ve/sites/default/files/cuentas_macroeconomicas/5_2_4_anual.xls,2026-08-05T21:44:21Z
bcv_pib_actividad_economica_anual,Producto interno bruto por actividad económica anual,PIB por actividad económica,5_2_4_anual.xls,1997,Precios constantes,Variación porcentual interanual,Anual,2012,2012,,,Produc. servicios del Gobierno General,5.185858010913449,Porcentaje,,Banco Central de Venezuela,https://www.bcv.org.ve/sites/default/files/cuentas_macroeconomicas/5_2_4_anual.xls,2026-08-05T21:44:21Z
bcv_pib_actividad_economica_anual,Producto interno bruto por actividad económica anual,PIB por actividad económica,5_2_4_anual.xls,1997,Precios constantes,Nivel,Anual,2013,2013,,,Produc. servicios del Gobierno General,77778.49,Bolívares,Preliminar,Banco Central de Venezuela,https://www.bcv.org.ve/sites/default/files/cuentas_macroeconomicas/5_2_4_anual.xls,2026-08-05T21:44:21Z
bcv_pib_actividad_economica_anual,Producto interno bruto por actividad económica anual,PIB por actividad económica,5_2_4_anual.xls,1997,Precios constantes,Variación porcentual interanual,Anual,2013,2013,,,Produc. servicios del Gobierno General,3.1076189764123114,Porcentaje,,Banco Central de Venezuela,https://www.bcv.org.ve/sites/default/files/cuentas_macroeconomicas/5_2_4_anual.xls,2026-08-05T21:44:21Z
bcv_pib_actividad_economica_anual,Producto interno bruto por actividad económica anual,PIB por actividad económica,5_2_4_anual.xls,1997,Precios constantes,Nivel,Anual,2014,2014,,,Produc. servicios del Gobierno General,78949.8,Bolívares,Preliminar,Banco Central de Venezuela,https://www.bcv.org.ve/sites/default/files/cuentas_macroeconomicas/5_2_4_anual.xls,2026-08-05T21:44:21Z
bcv_pib_actividad_economica_anual,Producto interno bruto por actividad económica anual,PIB por actividad económica,5_2_4_anual.xls,1997,Precios constantes,Variación porcentual interanual,Anual,2014,2014,,,Produc. servicios del Gobierno General,1.5059562097438572,Porcentaje,,Banco Central de Venezuela,https://www.bcv.org.ve/sites/default/files/cuentas_macroeconomicas/5_2_4_anual.xls,2026-08-05T21:44:21Z
bcv_pib_actividad_economica_anual,Producto interno bruto por actividad económica anual,PIB por actividad económica,5_2_4_anual.xls,1997,Precios constantes,Nivel,Anual,2015,2015,,,Produc. servicios del Gobierno General,79758.44,Bolívares,Preliminar,Banco Central de Venezuela,https://www.bcv.org.ve/sites/default/files/cuentas_macroeconomicas/5_2_4_anual.xls,2026-08-05T21:44:21Z
bcv_pib_actividad_economica_anual,Producto interno bruto por actividad económica anual,PIB por actividad económica,5_2_4_anual.xls,1997,Precios constantes,Variación porcentual interanual,Anual,2015,2015,,,Produc. servicios del Gobierno General,1.0242457865630996,Porcentaje,,Banco Central de Venezuela,https://www.bcv.org.ve/sites/default/files/cuentas_macroeconomicas/5_2_4_anual.xls,2026-08-05T21:44:21Z
bcv_pib_actividad_economica_anual,Producto interno bruto por actividad económica anual,PIB por actividad económica,5_2_4_anual.xls,1997,Precios constantes,Nivel,Anual,2016,2016,,,Produc. servicios del Gobierno General,77336.69,Bolívares,Preliminar,Banco Central de Venezuela,https://www.bcv.org.ve/sites/default/files/cuentas_macroeconomicas/5_2_4_anual.xls,2026-08-05T21:44:21Z
bcv_pib_actividad_economica_anual,Producto interno bruto por actividad económica anual,PIB por actividad económica,5_2_4_anual.xls,1997,Precios constantes,Variación porcentual interanual,Anual,2016,2016,,,Produc. servicios del Gobierno General,-3.036355776266447,Porcentaje,,Banco Central de Venezuela,https://www.bcv.org.ve/sites/default/files/cuentas_macroeconomicas/5_2_4_anual.xls,2026-08-05T21:44:21Z
bcv_pib_actividad_economica_anual,Producto interno bruto por actividad económica anual,PIB por actividad económica,5_2_4_anual.xls,1997,Precios constantes,Nivel,Anual,2017,2017,,,Produc. servicios del Gobierno General,73791.90000000001,Bolívares,Preliminar,Banco Central de Venezuela,https://www.bcv.org.ve/sites/default/files/cuentas_macroeconomicas/5_2_4_anual.xls,2026-08-05T21:44:21Z
bcv_pib_actividad_economica_anual,Producto interno bruto por actividad económica anual,PIB por actividad económica,5_2_4_anual.xls,1997,Precios constantes,Variación porcentual interanual,Anual,2017,2017,,,Produc. servicios del Gobierno General,-4.583581221280596,Porcentaje,,Banco Central de Venezuela,https://www.bcv.org.ve/sites/default/files/cuentas_macroeconomicas/5_2_4_anual.xls,2026-08-05T21:44:21Z
bcv_pib_actividad_economica_anual,Producto interno bruto por actividad económica anual,PIB por actividad económica,5_2_4_anual.xls,1997,Precios constantes,Nivel,Anual,2018,2018,,,Produc. servicios del Gobierno General,68846.90000000001,Bolívares,Preliminar,Banco Central de Venezuela,https://www.bcv.org.ve/sites/default/files/cuentas_macroeconomicas/5_2_4_anual.xls,2026-08-05T21:44:21Z
bcv_pib_actividad_economica_anual,Producto interno bruto por actividad económica anual,PIB por actividad económica,5_2_4_anual.xls,1997,Precios constantes,Variación porcentual interanual,Anual,2018,2018,,,Produc. servicios del Gobierno General,-6.701277511488385,Porcentaje,,Banco Central de Venezuela,https://www.bcv.org.ve/sites/default/files/cuentas_macroeconomicas/5_2_4_anual.xls,2026-08-05T21:44:21Z
bcv_pib_actividad_economica_anual,Producto interno bruto por actividad económica anual,PIB por actividad económica,5_2_4_anual.xls,1997,Precios constantes,Nivel,Anual,1997,1997,,,Resto 1/,23308.690000000002,Bolívares,,Banco Central de Venezuela,https://www.bcv.org.ve/sites/default/files/cuentas_macroeconomicas/5_2_4_anual.xls,2026-08-05T21:44:21Z
bcv_pib_actividad_economica_anual,Producto interno bruto por actividad económica anual,PIB por actividad económica,5_2_4_anual.xls,1997,Precios constantes,Nivel,Anual,1998,1998,,,Resto 1/,24003.32,Bolívares,,Banco Central de Venezuela,https://www.bcv.org.ve/sites/default/files/cuentas_macroeconomicas/5_2_4_anual.xls,2026-08-05T21:44:21Z
bcv_pib_actividad_economica_anual,Producto interno bruto por actividad económica anual,PIB por actividad económica,5_2_4_anual.xls,1997,Precios constantes,Variación porcentual interanual,Anual,1998,1998,,,Resto 1/,2.980133160636626,Porcentaje,,Banco Central de Venezuela,https://www.bcv.org.ve/sites/default/files/cuentas_macroeconomicas/5_2_4_anual.xls,2026-08-05T21:44:21Z
bcv_pib_actividad_economica_anual,Producto interno bruto por actividad económica anual,PIB por actividad económica,5_2_4_anual.xls,1997,Precios constantes,Nivel,Anual,1999,1999,,,Resto 1/,24133.44,Bolívares,,Banco Central de Venezuela,https://www.bcv.org.ve/sites/default/files/cuentas_macroeconomicas/5_2_4_anual.xls,2026-08-05T21:44:21Z
bcv_pib_actividad_economica_anual,Producto interno bruto por actividad económica anual,PIB por actividad económica,5_2_4_anual.xls,1997,Precios constantes,Variación porcentual interanual,Anual,1999,1999,,,Resto 1/,0.5420916773179556,Porcentaje,,Banco Central de Venezuela,https://www.bcv.org.ve/sites/default/files/cuentas_macroeconomicas/5_2_4_anual.xls,2026-08-05T21:44:21Z
bcv_pib_actividad_economica_anual,Producto interno bruto por actividad económica anual,PIB por actividad económica,5_2_4_anual.xls,1997,Precios constantes,Nivel,Anual,2000,2000,,,Resto 1/,25377.989999999998,Bolívares,,Banco Central de Venezuela,https://www.bcv.org.ve/sites/default/files/cuentas_macroeconomicas/5_2_4_anual.xls,2026-08-05T21:44:21Z
bcv_pib_actividad_economica_anual,Producto interno bruto por actividad económica anual,PIB por actividad económica,5_2_4_anual.xls,1997,Precios constantes,Variación porcentual interanual,Anual,2000,2000,,,Resto 1/,5.156952344962008,Porcentaje,,Banco Central de Venezuela,https://www.bcv.org.ve/sites/default/files/cuentas_macroeconomicas/5_2_4_anual.xls,2026-08-05T21:44:21Z
bcv_pib_actividad_economica_anual,Producto interno bruto por actividad económica anual,PIB por actividad económica,5_2_4_anual.xls,1997,Precios constantes,Nivel,Anual,2001,2001,,,Resto 1/,25846.58,Bolívares,,Banco Central de Venezuela,https://www.bcv.org.ve/sites/default/files/cuentas_macroeconomicas/5_2_4_anual.xls,2026-08-05T21:44:21Z
bcv_pib_actividad_economica_anual,Producto interno bruto por actividad económica anual,PIB por actividad económica,5_2_4_anual.xls,1997,Precios constantes,Variación porcentual interanual,Anual,2001,2001,,,Resto 1/,1.8464425275603276,Porcentaje,,Banco Central de Venezuela,https://www.bcv.org.ve/sites/default/files/cuentas_macroeconomicas/5_2_4_anual.xls,2026-08-05T21:44:21Z
bcv_pib_actividad_economica_anual,Producto interno bruto por actividad económica anual,PIB por actividad económica,5_2_4_anual.xls,1997,Precios constantes,Nivel,Anual,2002,2002,,,Resto 1/,25583.36,Bolívares,,Banco Central de Venezuela,https://www.bcv.org.ve/sites/default/files/cuentas_macroeconomicas/5_2_4_anual.xls,2026-08-05T21:44:21Z
bcv_pib_actividad_economica_anual,Producto interno bruto por actividad económica anual,PIB por actividad económica,5_2_4_anual.xls,1997,Precios constantes,Variación porcentual interanual,Anual,2002,2002,,,Resto 1/,-1.0183939229097376,Porcentaje,,Banco Central de Venezuela,https://www.bcv.org.ve/sites/default/files/cuentas_macroeconomicas/5_2_4_anual.xls,2026-08-05T21:44:21Z
bcv_pib_actividad_economica_anual,Producto interno bruto por actividad económica anual,PIB por actividad económica,5_2_4_anual.xls,1997,Precios constantes,Nivel,Anual,2003,2003,,,Resto 1/,24846.34,Bolívares,,Banco Central de Venezuela,https://www.bcv.org.ve/sites/default/files/cuentas_macroeconomicas/5_2_4_anual.xls,2026-08-05T21:44:21Z
bcv_pib_actividad_economica_anual,Producto interno bruto por actividad económica anual,PIB por actividad económica,5_2_4_anual.xls,1997,Precios constantes,Variación porcentual interanual,Anual,2003,2003,,,Resto 1/,-2.8808569320057984,Porcentaje,,Banco Central de Venezuela,https://www.bcv.org.ve/sites/default/files/cuentas_macroeconomicas/5_2_4_anual.xls,2026-08-05T21:44:21Z
bcv_pib_actividad_economica_anual,Producto interno bruto por actividad económica anual,PIB por actividad económica,5_2_4_anual.xls,1997,Precios constantes,Nivel,Anual,2004,2004,,,Resto 1/,26645,Bolívares,,Banco Central de Venezuela,https://www.bcv.org.ve/sites/default/files/cuentas_macroeconomicas/5_2_4_anual.xls,2026-08-05T21:44:21Z
bcv_pib_actividad_economica_anual,Producto interno bruto por actividad económica anual,PIB por actividad económica,5_2_4_anual.xls,1997,Precios constantes,Variación porcentual interanual,Anual,2004,2004,,,Resto 1/,7.239134617009981,Porcentaje,,Banco Central de Venezuela,https://www.bcv.org.ve/sites/default/files/cuentas_macroeconomicas/5_2_4_anual.xls,2026-08-05T21:44:21Z
bcv_pib_actividad_economica_anual,Producto interno bruto por actividad económica anual,PIB por actividad económica,5_2_4_anual.xls,1997,Precios constantes,Nivel,Anual,2005,2005,,,Resto 1/,30003.940000000002,Bolívares,,Banco Central de Venezuela,https://www.bcv.org.ve/sites/default/files/cuentas_macroeconomicas/5_2_4_anual.xls,2026-08-05T21:44:21Z
bcv_pib_actividad_economica_anual,Producto interno bruto por actividad económica anual,PIB por actividad económica,5_2_4_anual.xls,1997,Precios constantes,Variación porcentual interanual,Anual,2005,2005,,,Resto 1/,12.606267592418845,Porcentaje,,Banco Central de Venezuela,https://www.bcv.org.ve/sites/default/files/cuentas_macroeconomicas/5_2_4_anual.xls,2026-08-05T21:44:21Z
bcv_pib_actividad_economica_anual,Producto interno bruto por actividad económica anual,PIB por actividad económica,5_2_4_anual.xls,1997,Precios constantes,Nivel,Anual,2006,2006,,,Resto 1/,31099.13,Bolívares,,Banco Central de Venezuela,https://www.bcv.org.ve/sites/default/files/cuentas_macroeconomicas/5_2_4_anual.xls,2026-08-05T21:44:21Z
bcv_pib_actividad_economica_anual,Producto interno bruto por actividad económica anual,PIB por actividad económica,5_2_4_anual.xls,1997,Precios constantes,Variación porcentual interanual,Anual,2006,2006,,,Resto 1/,3.65015394644837,Porcentaje,,Banco Central de Venezuela,https://www.bcv.org.ve/sites/default/files/cuentas_macroeconomicas/5_2_4_anual.xls,2026-08-05T21:44:21Z
bcv_pib_actividad_economica_anual,Producto interno bruto por actividad económica anual,PIB por actividad económica,5_2_4_anual.xls,1997,Precios constantes,Nivel,Anual,2007,2007,,,Resto 1/,33148.22,Bolívares,,Banco Central de Venezuela,https://www.bcv.org.ve/sites/default/files/cuentas_macroeconomicas/5_2_4_anual.xls,2026-08-05T21:44:21Z
bcv_pib_actividad_economica_anual,Producto interno bruto por actividad económica anual,PIB por actividad económica,5_2_4_anual.xls,1997,Precios constantes,Variación porcentual interanual,Anual,2007,2007,,,Resto 1/,6.588898146025301,Porcentaje,,Banco Central de Venezuela,https://www.bcv.org.ve/sites/default/files/cuentas_macroeconomicas/5_2_4_anual.xls,2026-08-05T21:44:21Z
bcv_pib_actividad_economica_anual,Producto interno bruto por actividad económica anual,PIB por actividad económica,5_2_4_anual.xls,1997,Precios constantes,Nivel,Anual,2008,2008,,,Resto 1/,35137.78,Bolívares,Preliminar,Banco Central de Venezuela,https://www.bcv.org.ve/sites/default/files/cuentas_macroeconomicas/5_2_4_anual.xls,2026-08-05T21:44:21Z
bcv_pib_actividad_economica_anual,Producto interno bruto por actividad económica anual,PIB por actividad económica,5_2_4_anual.xls,1997,Precios constantes,Variación porcentual interanual,Anual,2008,2008,,,Resto 1/,6.002011571058702,Porcentaje,,Banco Central de Venezuela,https://www.bcv.org.ve/sites/default/files/cuentas_macroeconomicas/5_2_4_anual.xls,2026-08-05T21:44:21Z
bcv_pib_actividad_economica_anual,Producto interno bruto por actividad económica anual,PIB por actividad económica,5_2_4_anual.xls,1997,Precios constantes,Nivel,Anual,2009,2009,,,Resto 1/,34963.03,Bolívares,Preliminar,Banco Central de Venezuela,https://www.bcv.org.ve/sites/default/files/cuentas_macroeconomicas/5_2_4_anual.xls,2026-08-05T21:44:21Z
bcv_pib_actividad_economica_anual,Producto interno bruto por actividad económica anual,PIB por actividad económica,5_2_4_anual.xls,1997,Precios constantes,Variación porcentual interanual,Anual,2009,2009,,,Resto 1/,-0.4973279472977481,Porcentaje,,Banco Central de Venezuela,https://www.bcv.org.ve/sites/default/files/cuentas_macroeconomicas/5_2_4_anual.xls,2026-08-05T21:44:21Z
bcv_pib_actividad_economica_anual,Producto interno bruto por actividad económica anual,PIB por actividad económica,5_2_4_anual.xls,1997,Precios constantes,Nivel,Anual,2010,2010,,,Resto 1/,34596.11,Bolívares,Preliminar,Banco Central de Venezuela,https://www.bcv.org.ve/sites/default/files/cuentas_macroeconomicas/5_2_4_anual.xls,2026-08-05T21:44:21Z
bcv_pib_actividad_economica_anual,Producto interno bruto por actividad económica anual,PIB por actividad económica,5_2_4_anual.xls,1997,Precios constantes,Variación porcentual interanual,Anual,2010,2010,,,Resto 1/,-1.0494513776408922,Porcentaje,,Banco Central de Venezuela,https://www.bcv.org.ve/sites/default/files/cuentas_macroeconomicas/5_2_4_anual.xls,2026-08-05T21:44:21Z
bcv_pib_actividad_economica_anual,Producto interno bruto por actividad económica anual,PIB por actividad económica,5_2_4_anual.xls,1997,Precios constantes,Nivel,Anual,2011,2011,,,Resto 1/,34100.46,Bolívares,Preliminar,Banco Central de Venezuela,https://www.bcv.org.ve/sites/default/files/cuentas_macroeconomicas/5_2_4_anual.xls,2026-08-05T21:44:21Z
bcv_pib_actividad_economica_anual,Producto interno bruto por actividad económica anual,PIB por actividad económica,5_2_4_anual.xls,1997,Precios constantes,Variación porcentual interanual,Anual,2011,2011,,,Resto 1/,-1.4326755233464183,Porcentaje,,Banco Central de Venezuela,https://www.bcv.org.ve/sites/default/files/cuentas_macroeconomicas/5_2_4_anual.xls,2026-08-05T21:44:21Z
bcv_pib_actividad_economica_anual,Producto interno bruto por actividad económica anual,PIB por actividad económica,5_2_4_anual.xls,1997,Precios constantes,Nivel,Anual,2012,2012,,,Resto 1/,35172.56,Bolívares,Preliminar,Banco Central de Venezuela,https://www.bcv.org.ve/sites/default/files/cuentas_macroeconomicas/5_2_4_anual.xls,2026-08-05T21:44:21Z
bcv_pib_actividad_economica_anual,Producto interno bruto por actividad económica anual,PIB por actividad económica,5_2_4_anual.xls,1997,Precios constantes,Variación porcentual interanual,Anual,2012,2012,,,Resto 1/,3.143945858794865,Porcentaje,,Banco Central de Venezuela,https://www.bcv.org.ve/sites/default/files/cuentas_macroeconomicas/5_2_4_anual.xls,2026-08-05T21:44:21Z
bcv_pib_actividad_economica_anual,Producto interno bruto por actividad económica anual,PIB por actividad económica,5_2_4_anual.xls,1997,Precios constantes,Nivel,Anual,2013,2013,,,Resto 1/,35334.02,Bolívares,Preliminar,Banco Central de Venezuela,https://www.bcv.org.ve/sites/default/files/cuentas_macroeconomicas/5_2_4_anual.xls,2026-08-05T21:44:21Z
bcv_pib_actividad_economica_anual,Producto interno bruto por actividad económica anual,PIB por actividad económica,5_2_4_anual.xls,1997,Precios constantes,Variación porcentual interanual,Anual,2013,2013,,,Resto 1/,0.45905103296432515,Porcentaje,,Banco Central de Venezuela,https://www.bcv.org.ve/sites/default/files/cuentas_macroeconomicas/5_2_4_anual.xls,2026-08-05T21:44:21Z
bcv_pib_actividad_economica_anual,Producto interno bruto por actividad económica anual,PIB por actividad económica,5_2_4_anual.xls,1997,Precios constantes,Nivel,Anual,2014,2014,,,Resto 1/,33658.64,Bolívares,Preliminar,Banco Central de Venezuela,https://www.bcv.org.ve/sites/default/files/cuentas_macroeconomicas/5_2_4_anual.xls,2026-08-05T21:44:21Z
bcv_pib_actividad_economica_anual,Producto interno bruto por actividad económica anual,PIB por actividad económica,5_2_4_anual.xls,1997,Precios constantes,Variación porcentual interanual,Anual,2014,2014,,,Resto 1/,-4.741549362342582,Porcentaje,,Banco Central de Venezuela,https://www.bcv.org.ve/sites/default/files/cuentas_macroeconomicas/5_2_4_anual.xls,2026-08-05T21:44:21Z
bcv_pib_actividad_economica_anual,Producto interno bruto por actividad económica anual,PIB por actividad económica,5_2_4_anual.xls,1997,Precios constantes,Nivel,Anual,2015,2015,,,Resto 1/,28644.310000000005,Bolívares,Preliminar,Banco Central de Venezuela,https://www.bcv.org.ve/sites/default/files/cuentas_macroeconomicas/5_2_4_anual.xls,2026-08-05T21:44:21Z
bcv_pib_actividad_economica_anual,Producto interno bruto por actividad económica anual,PIB por actividad económica,5_2_4_anual.xls,1997,Precios constantes,Variación porcentual interanual,Anual,2015,2015,,,Resto 1/,-14.897601329108952,Porcentaje,,Banco Central de Venezuela,https://www.bcv.org.ve/sites/default/files/cuentas_macroeconomicas/5_2_4_anual.xls,2026-08-05T21:44:21Z
bcv_pib_actividad_economica_anual,Producto interno bruto por actividad económica anual,PIB por actividad económica,5_2_4_anual.xls,1997,Precios constantes,Nivel,Anual,2016,2016,,,Resto 1/,21264.280000000002,Bolívares,Preliminar,Banco Central de Venezuela,https://www.bcv.org.ve/sites/default/files/cuentas_macroeconomicas/5_2_4_anual.xls,2026-08-05T21:44:21Z
bcv_pib_actividad_economica_anual,Producto interno bruto por actividad económica anual,PIB por actividad económica,5_2_4_anual.xls,1997,Precios constantes,Variación porcentual interanual,Anual,2016,2016,,,Resto 1/,-25.76438392127443,Porcentaje,,Banco Central de Venezuela,https://www.bcv.org.ve/sites/default/files/cuentas_macroeconomicas/5_2_4_anual.xls,2026-08-05T21:44:21Z
bcv_pib_actividad_economica_anual,Producto interno bruto por actividad económica anual,PIB por actividad económica,5_2_4_anual.xls,1997,Precios constantes,Nivel,Anual,2017,2017,,,Resto 1/,17764.08,Bolívares,Preliminar,Banco Central de Venezuela,https://www.bcv.org.ve/sites/default/files/cuentas_macroeconomicas/5_2_4_anual.xls,2026-08-05T21:44:21Z
bcv_pib_actividad_economica_anual,Producto interno bruto por actividad económica anual,PIB por actividad económica,5_2_4_anual.xls,1997,Precios constantes,Variación porcentual interanual,Anual,2017,2017,,,Resto 1/,-16.460467977283983,Porcentaje,,Banco Central de Venezuela,https://www.bcv.org.ve/sites/default/files/cuentas_macroeconomicas/5_2_4_anual.xls,2026-08-05T21:44:21Z
bcv_pib_actividad_economica_anual,Producto interno bruto por actividad económica anual,PIB por actividad económica,5_2_4_anual.xls,1997,Precios constantes,Nivel,Anual,2018,2018,,,Resto 1/,14873.86,Bolívares,Preliminar,Banco Central de Venezuela,https://www.bcv.org.ve/sites/default/files/cuentas_macroeconomicas/5_2_4_anual.xls,2026-08-05T21:44:21Z
bcv_pib_actividad_economica_anual,Producto interno bruto por actividad económica anual,PIB por actividad económica,5_2_4_anual.xls,1997,Precios constantes,Variación porcentual interanual,Anual,2018,2018,,,Resto 1/,-16.27002355314771,Porcentaje,,Banco Central de Venezuela,https://www.bcv.org.ve/sites/default/files/cuentas_macroeconomicas/5_2_4_anual.xls,2026-08-05T21:44:21Z
bcv_pib_actividad_economica_anual,Producto interno bruto por actividad económica anual,PIB por actividad económica,5_2_4_anual.xls,1997,Precios constantes,Nivel,Anual,1997,1997,,,"Serv. comunitarios, soc. y personales y produc. de serv. Priv. no lucrativos",18801.620000000003,Bolívares,,Banco Central de Venezuela,https://www.bcv.org.ve/sites/default/files/cuentas_macroeconomicas/5_2_4_anual.xls,2026-08-05T21:44:21Z
bcv_pib_actividad_economica_anual,Producto interno bruto por actividad económica anual,PIB por actividad económica,5_2_4_anual.xls,1997,Precios constantes,Nivel,Anual,1998,1998,,,"Serv. comunitarios, soc. y personales y produc. de serv. Priv. no lucrativos",18859.8,Bolívares,,Banco Central de Venezuela,https://www.bcv.org.ve/sites/default/files/cuentas_macroeconomicas/5_2_4_anual.xls,2026-08-05T21:44:21Z
bcv_pib_actividad_economica_anual,Producto interno bruto por actividad económica anual,PIB por actividad económica,5_2_4_anual.xls,1997,Precios constantes,Variación porcentual interanual,Anual,1998,1998,,,"Serv. comunitarios, soc. y personales y produc. de serv. Priv. no lucrativos",0.309441420473334,Porcentaje,,Banco Central de Venezuela,https://www.bcv.org.ve/sites/default/files/cuentas_macroeconomicas/5_2_4_anual.xls,2026-08-05T21:44:21Z
bcv_pib_actividad_economica_anual,Producto interno bruto por actividad económica anual,PIB por actividad económica,5_2_4_anual.xls,1997,Precios constantes,Nivel,Anual,1999,1999,,,"Serv. comunitarios, soc. y personales y produc. de serv. Priv. no lucrativos",18533.23,Bolívares,,Banco Central de Venezuela,https://www.bcv.org.ve/sites/default/files/cuentas_macroeconomicas/5_2_4_anual.xls,2026-08-05T21:44:21Z
bcv_pib_actividad_economica_anual,Producto interno bruto por actividad económica anual,PIB por actividad económica,5_2_4_anual.xls,1997,Precios constantes,Variación porcentual interanual,Anual,1999,1999,,,"Serv. comunitarios, soc. y personales y produc. de serv. Priv. no lucrativos",-1.7315666125833786,Porcentaje,,Banco Central de Venezuela,https://www.bcv.org.ve/sites/default/files/cuentas_macroeconomicas/5_2_4_anual.xls,2026-08-05T21:44:21Z
bcv_pib_actividad_economica_anual,Producto interno bruto por actividad económica anual,PIB por actividad económica,5_2_4_anual.xls,1997,Precios constantes,Nivel,Anual,2000,2000,,,"Serv. comunitarios, soc. y personales y produc. de serv. Priv. no lucrativos",18700.780000000002,Bolívares,,Banco Central de Venezuela,https://www.bcv.org.ve/sites/default/files/cuentas_macroeconomicas/5_2_4_anual.xls,2026-08-05T21:44:21Z
bcv_pib_actividad_economica_anual,Producto interno bruto por actividad económica anual,PIB por actividad económica,5_2_4_anual.xls,1997,Precios constantes,Variación porcentual interanual,Anual,2000,2000,,,"Serv. comunitarios, soc. y personales y produc. de serv. Priv. no lucrativos",0.9040518031665528,Porcentaje,,Banco Central de Venezuela,https://www.bcv.org.ve/sites/default/files/cuentas_macroeconomicas/5_2_4_anual.xls,2026-08-05T21:44:21Z
bcv_pib_actividad_economica_anual,Producto interno bruto por actividad económica anual,PIB por actividad económica,5_2_4_anual.xls,1997,Precios constantes,Nivel,Anual,2001,2001,,,"Serv. comunitarios, soc. y personales y produc. de serv. Priv. no lucrativos",19089.760000000002,Bolívares,,Banco Central de Venezuela,https://www.bcv.org.ve/sites/default/files/cuentas_macroeconomicas/5_2_4_anual.xls,2026-08-05T21:44:21Z
bcv_pib_actividad_economica_anual,Producto interno bruto por actividad económica anual,PIB por actividad económica,5_2_4_anual.xls,1997,Precios constantes,Variación porcentual interanual,Anual,2001,2001,,,"Serv. comunitarios, soc. y personales y produc. de serv. Priv. no lucrativos",2.080020191671153,Porcentaje,,Banco Central de Venezuela,https://www.bcv.org.ve/sites/default/files/cuentas_macroeconomicas/5_2_4_anual.xls,2026-08-05T21:44:21Z
bcv_pib_actividad_economica_anual,Producto interno bruto por actividad económica anual,PIB por actividad económica,5_2_4_anual.xls,1997,Precios constantes,Nivel,Anual,2002,2002,,,"Serv. comunitarios, soc. y personales y produc. de serv. Priv. no lucrativos",19113.420000000002,Bolívares,,Banco Central de Venezuela,https://www.bcv.org.ve/sites/default/files/cuentas_macroeconomicas/5_2_4_anual.xls,2026-08-05T21:44:21Z
bcv_pib_actividad_economica_anual,Producto interno bruto por actividad económica anual,PIB por actividad económica,5_2_4_anual.xls,1997,Precios constantes,Variación porcentual interanual,Anual,2002,2002,,,"Serv. comunitarios, soc. y personales y produc. de serv. Priv. no lucrativos",0.12394079338871222,Porcentaje,,Banco Central de Venezuela,https://www.bcv.org.ve/sites/default/files/cuentas_macroeconomicas/5_2_4_anual.xls,2026-08-05T21:44:21Z
bcv_pib_actividad_economica_anual,Producto interno bruto por actividad económica anual,PIB por actividad económica,5_2_4_anual.xls,1997,Precios constantes,Nivel,Anual,2003,2003,,,"Serv. comunitarios, soc. y personales y produc. de serv. Priv. no lucrativos",19060.449999999997,Bolívares,,Banco Central de Venezuela,https://www.bcv.org.ve/sites/default/files/cuentas_macroeconomicas/5_2_4_anual.xls,2026-08-05T21:44:21Z
bcv_pib_actividad_economica_anual,Producto interno bruto por actividad económica anual,PIB por actividad económica,5_2_4_anual.xls,1997,Precios constantes,Variación porcentual interanual,Anual,2003,2003,,,"Serv. comunitarios, soc. y personales y produc. de serv. Priv. no lucrativos",-0.27713512286135256,Porcentaje,,Banco Central de Venezuela,https://www.bcv.org.ve/sites/default/files/cuentas_macroeconomicas/5_2_4_anual.xls,2026-08-05T21:44:21Z
bcv_pib_actividad_economica_anual,Producto interno bruto por actividad económica anual,PIB por actividad económica,5_2_4_anual.xls,1997,Precios constantes,Nivel,Anual,2004,2004,,,"Serv. comunitarios, soc. y personales y produc. de serv. Priv. no lucrativos",20852,Bolívares,,Banco Central de Venezuela,https://www.bcv.org.ve/sites/default/files/cuentas_macroeconomicas/5_2_4_anual.xls,2026-08-05T21:44:21Z
bcv_pib_actividad_economica_anual,Producto interno bruto por actividad económica anual,PIB por actividad económica,5_2_4_anual.xls,1997,Precios constantes,Variación porcentual interanual,Anual,2004,2004,,,"Serv. comunitarios, soc. y personales y produc. de serv. Priv. no lucrativos",9.399305892568151,Porcentaje,,Banco Central de Venezuela,https://www.bcv.org.ve/sites/default/files/cuentas_macroeconomicas/5_2_4_anual.xls,2026-08-05T21:44:21Z
bcv_pib_actividad_economica_anual,Producto interno bruto por actividad económica anual,PIB por actividad económica,5_2_4_anual.xls,1997,Precios constantes,Nivel,Anual,2005,2005,,,"Serv. comunitarios, soc. y personales y produc. de serv. Priv. no lucrativos",22562.71,Bolívares,,Banco Central de Venezuela,https://www.bcv.org.ve/sites/default/files/cuentas_macroeconomicas/5_2_4_anual.xls,2026-08-05T21:44:21Z
bcv_pib_actividad_economica_anual,Producto interno bruto por actividad económica anual,PIB por actividad económica,5_2_4_anual.xls,1997,Precios constantes,Variación porcentual interanual,Anual,2005,2005,,,"Serv. comunitarios, soc. y personales y produc. de serv. Priv. no lucrativos",8.204057164780338,Porcentaje,,Banco Central de Venezuela,https://www.bcv.org.ve/sites/default/files/cuentas_macroeconomicas/5_2_4_anual.xls,2026-08-05T21:44:21Z
bcv_pib_actividad_economica_anual,Producto interno bruto por actividad económica anual,PIB por actividad económica,5_2_4_anual.xls,1997,Precios constantes,Nivel,Anual,2006,2006,,,"Serv. comunitarios, soc. y personales y produc. de serv. Priv. no lucrativos",26293.4,Bolívares,,Banco Central de Venezuela,https://www.bcv.org.ve/sites/default/files/cuentas_macroeconomicas/5_2_4_anual.xls,2026-08-05T21:44:21Z
bcv_pib_actividad_economica_anual,Producto interno bruto por actividad económica anual,PIB por actividad económica,5_2_4_anual.xls,1997,Precios constantes,Variación porcentual interanual,Anual,2006,2006,,,"Serv. comunitarios, soc. y personales y produc. de serv. Priv. no lucrativos",16.534760230486498,Porcentaje,,Banco Central de Venezuela,https://www.bcv.org.ve/sites/default/files/cuentas_macroeconomicas/5_2_4_anual.xls,2026-08-05T21:44:21Z
bcv_pib_actividad_economica_anual,Producto interno bruto por actividad económica anual,PIB por actividad económica,5_2_4_anual.xls,1997,Precios constantes,Nivel,Anual,2007,2007,,,"Serv. comunitarios, soc. y personales y produc. de serv. Priv. no lucrativos",29033.7,Bolívares,,Banco Central de Venezuela,https://www.bcv.org.ve/sites/default/files/cuentas_macroeconomicas/5_2_4_anual.xls,2026-08-05T21:44:21Z
bcv_pib_actividad_economica_anual,Producto interno bruto por actividad económica anual,PIB por actividad económica,5_2_4_anual.xls,1997,Precios constantes,Variación porcentual interanual,Anual,2007,2007,,,"Serv. comunitarios, soc. y personales y produc. de serv. Priv. no lucrativos",10.422007043592686,Porcentaje,,Banco Central de Venezuela,https://www.bcv.org.ve/sites/default/files/cuentas_macroeconomicas/5_2_4_anual.xls,2026-08-05T21:44:21Z
bcv_pib_actividad_economica_anual,Producto interno bruto por actividad económica anual,PIB por actividad económica,5_2_4_anual.xls,1997,Precios constantes,Nivel,Anual,2008,2008,,,"Serv. comunitarios, soc. y personales y produc. de serv. Priv. no lucrativos",31842.14,Bolívares,Preliminar,Banco Central de Venezuela,https://www.bcv.org.ve/sites/default/files/cuentas_macroeconomicas/5_2_4_anual.xls,2026-08-05T21:44:21Z
bcv_pib_actividad_economica_anual,Producto interno bruto por actividad económica anual,PIB por actividad económica,5_2_4_anual.xls,1997,Precios constantes,Variación porcentual interanual,Anual,2008,2008,,,"Serv. comunitarios, soc. y personales y produc. de serv. Priv. no lucrativos",9.673035128144193,Porcentaje,,Banco Central de Venezuela,https://www.bcv.org.ve/sites/default/files/cuentas_macroeconomicas/5_2_4_anual.xls,2026-08-05T21:44:21Z
bcv_pib_actividad_economica_anual,Producto interno bruto por actividad económica anual,PIB por actividad económica,5_2_4_anual.xls,1997,Precios constantes,Nivel,Anual,2009,2009,,,"Serv. comunitarios, soc. y personales y produc. de serv. Priv. no lucrativos",32483.600000000002,Bolívares,Preliminar,Banco Central de Venezuela,https://www.bcv.org.ve/sites/default/files/cuentas_macroeconomicas/5_2_4_anual.xls,2026-08-05T21:44:21Z
bcv_pib_actividad_economica_anual,Producto interno bruto por actividad económica anual,PIB por actividad económica,5_2_4_anual.xls,1997,Precios constantes,Variación porcentual interanual,Anual,2009,2009,,,"Serv. comunitarios, soc. y personales y produc. de serv. Priv. no lucrativos",2.0145002817021833,Porcentaje,,Banco Central de Venezuela,https://www.bcv.org.ve/sites/default/files/cuentas_macroeconomicas/5_2_4_anual.xls,2026-08-05T21:44:21Z
bcv_pib_actividad_economica_anual,Producto interno bruto por actividad económica anual,PIB por actividad económica,5_2_4_anual.xls,1997,Precios constantes,Nivel,Anual,2010,2010,,,"Serv. comunitarios, soc. y personales y produc. de serv. Priv. no lucrativos",32436.15,Bolívares,Preliminar,Banco Central de Venezuela,https://www.bcv.org.ve/sites/default/files/cuentas_macroeconomicas/5_2_4_anual.xls,2026-08-05T21:44:21Z
bcv_pib_actividad_economica_anual,Producto interno bruto por actividad económica anual,PIB por actividad económica,5_2_4_anual.xls,1997,Precios constantes,Variación porcentual interanual,Anual,2010,2010,,,"Serv. comunitarios, soc. y personales y produc. de serv. Priv. no lucrativos",-0.14607371104187905,Porcentaje,,Banco Central de Venezuela,https://www.bcv.org.ve/sites/default/files/cuentas_macroeconomicas/5_2_4_anual.xls,2026-08-05T21:44:21Z
bcv_pib_actividad_economica_anual,Producto interno bruto por actividad económica anual,PIB por actividad económica,5_2_4_anual.xls,1997,Precios constantes,Nivel,Anual,2011,2011,,,"Serv. comunitarios, soc. y personales y produc. de serv. Priv. no lucrativos",34303.259999999995,Bolívares,Preliminar,Banco Central de Venezuela,https://www.bcv.org.ve/sites/default/files/cuentas_macroeconomicas/5_2_4_anual.xls,2026-08-05T21:44:21Z
bcv_pib_actividad_economica_anual,Producto interno bruto por actividad económica anual,PIB por actividad económica,5_2_4_anual.xls,1997,Precios constantes,Variación porcentual interanual,Anual,2011,2011,,,"Serv. comunitarios, soc. y personales y produc. de serv. Priv. no lucrativos",5.756262688389313,Porcentaje,,Banco Central de Venezuela,https://www.bcv.org.ve/sites/default/files/cuentas_macroeconomicas/5_2_4_anual.xls,2026-08-05T21:44:21Z
bcv_pib_actividad_economica_anual,Producto interno bruto por actividad económica anual,PIB por actividad económica,5_2_4_anual.xls,1997,Precios constantes,Nivel,Anual,2012,2012,,,"Serv. comunitarios, soc. y personales y produc. de serv. Priv. no lucrativos",36843.13,Bolívares,Preliminar,Banco Central de Venezuela,https://www.bcv.org.ve/sites/default/files/cuentas_macroeconomicas/5_2_4_anual.xls,2026-08-05T21:44:21Z
bcv_pib_actividad_economica_anual,Producto interno bruto por actividad económica anual,PIB por actividad económica,5_2_4_anual.xls,1997,Precios constantes,Variación porcentual interanual,Anual,2012,2012,,,"Serv. comunitarios, soc. y personales y produc. de serv. Priv. no lucrativos",7.4041650851843315,Porcentaje,,Banco Central de Venezuela,https://www.bcv.org.ve/sites/default/files/cuentas_macroeconomicas/5_2_4_anual.xls,2026-08-05T21:44:21Z
bcv_pib_actividad_economica_anual,Producto interno bruto por actividad económica anual,PIB por actividad económica,5_2_4_anual.xls,1997,Precios constantes,Nivel,Anual,2013,2013,,,"Serv. comunitarios, soc. y personales y produc. de serv. Priv. no lucrativos",38525.53,Bolívares,Preliminar,Banco Central de Venezuela,https://www.bcv.org.ve/sites/default/files/cuentas_macroeconomicas/5_2_4_anual.xls,2026-08-05T21:44:21Z
bcv_pib_actividad_economica_anual,Producto interno bruto por actividad económica anual,PIB por actividad económica,5_2_4_anual.xls,1997,Precios constantes,Variación porcentual interanual,Anual,2013,2013,,,"Serv. comunitarios, soc. y personales y produc. de serv. Priv. no lucrativos",4.566387274913936,Porcentaje,,Banco Central de Venezuela,https://www.bcv.org.ve/sites/default/files/cuentas_macroeconomicas/5_2_4_anual.xls,2026-08-05T21:44:21Z
bcv_pib_actividad_economica_anual,Producto interno bruto por actividad económica anual,PIB por actividad económica,5_2_4_anual.xls,1997,Precios constantes,Nivel,Anual,2014,2014,,,"Serv. comunitarios, soc. y personales y produc. de serv. Priv. no lucrativos",38683.16,Bolívares,Preliminar,Banco Central de Venezuela,https://www.bcv.org.ve/sites/default/files/cuentas_macroeconomicas/5_2_4_anual.xls,2026-08-05T21:44:21Z
bcv_pib_actividad_economica_anual,Producto interno bruto por actividad económica anual,PIB por actividad económica,5_2_4_anual.xls,1997,Precios constantes,Variación porcentual interanual,Anual,2014,2014,,,"Serv. comunitarios, soc. y personales y produc. de serv. Priv. no lucrativos",0.409157252346688,Porcentaje,,Banco Central de Venezuela,https://www.bcv.org.ve/sites/default/files/cuentas_macroeconomicas/5_2_4_anual.xls,2026-08-05T21:44:21Z
bcv_pib_actividad_economica_anual,Producto interno bruto por actividad económica anual,PIB por actividad económica,5_2_4_anual.xls,1997,Precios constantes,Nivel,Anual,2015,2015,,,"Serv. comunitarios, soc. y personales y produc. de serv. Priv. no lucrativos",36500.65,Bolívares,Preliminar,Banco Central de Venezuela,https://www.bcv.org.ve/sites/default/files/cuentas_macroeconomicas/5_2_4_anual.xls,2026-08-05T21:44:21Z
bcv_pib_actividad_economica_anual,Producto interno bruto por actividad económica anual,PIB por actividad económica,5_2_4_anual.xls,1997,Precios constantes,Variación porcentual interanual,Anual,2015,2015,,,"Serv. comunitarios, soc. y personales y produc. de serv. Priv. no lucrativos",-5.642015802225046,Porcentaje,,Banco Central de Venezuela,https://www.bcv.org.ve/sites/default/files/cuentas_macroeconomicas/5_2_4_anual.xls,2026-08-05T21:44:21Z
bcv_pib_actividad_economica_anual,Producto interno bruto por actividad económica anual,PIB por actividad económica,5_2_4_anual.xls,1997,Precios constantes,Nivel,Anual,2016,2016,,,"Serv. comunitarios, soc. y personales y produc. de serv. Priv. no lucrativos",30958.590000000004,Bolívares,Preliminar,Banco Central de Venezuela,https://www.bcv.org.ve/sites/default/files/cuentas_macroeconomicas/5_2_4_anual.xls,2026-08-05T21:44:21Z
bcv_pib_actividad_economica_anual,Producto interno bruto por actividad económica anual,PIB por actividad económica,5_2_4_anual.xls,1997,Precios constantes,Variación porcentual interanual,Anual,2016,2016,,,"Serv. comunitarios, soc. y personales y produc. de serv. Priv. no lucrativos",-15.183455637091399,Porcentaje,,Banco Central de Venezuela,https://www.bcv.org.ve/sites/default/files/cuentas_macroeconomicas/5_2_4_anual.xls,2026-08-05T21:44:21Z
bcv_pib_actividad_economica_anual,Producto interno bruto por actividad económica anual,PIB por actividad económica,5_2_4_anual.xls,1997,Precios constantes,Nivel,Anual,2017,2017,,,"Serv. comunitarios, soc. y personales y produc. de serv. Priv. no lucrativos",23805.2,Bolívares,Preliminar,Banco Central de Venezuela,https://www.bcv.org.ve/sites/default/files/cuentas_macroeconomicas/5_2_4_anual.xls,2026-08-05T21:44:21Z
bcv_pib_actividad_economica_anual,Producto interno bruto por actividad económica anual,PIB por actividad económica,5_2_4_anual.xls,1997,Precios constantes,Variación porcentual interanual,Anual,2017,2017,,,"Serv. comunitarios, soc. y personales y produc. de serv. Priv. no lucrativos",-23.106317180465922,Porcentaje,,Banco Central de Venezuela,https://www.bcv.org.ve/sites/default/files/cuentas_macroeconomicas/5_2_4_anual.xls,2026-08-05T21:44:21Z
bcv_pib_actividad_economica_anual,Producto interno bruto por actividad económica anual,PIB por actividad económica,5_2_4_anual.xls,1997,Precios constantes,Nivel,Anual,2018,2018,,,"Serv. comunitarios, soc. y personales y produc. de serv. Priv. no lucrativos",17265.73,Bolívares,Preliminar,Banco Central de Venezuela,https://www.bcv.org.ve/sites/default/files/cuentas_macroeconomicas/5_2_4_anual.xls,2026-08-05T21:44:21Z
bcv_pib_actividad_economica_anual,Producto interno bruto por actividad económica anual,PIB por actividad económica,5_2_4_anual.xls,1997,Precios constantes,Variación porcentual interanual,Anual,2018,2018,,,"Serv. comunitarios, soc. y personales y produc. de serv. Priv. no lucrativos",-27.4707626905046,Porcentaje,,Banco Central de Venezuela,https://www.bcv.org.ve/sites/default/files/cuentas_macroeconomicas/5_2_4_anual.xls,2026-08-05T21:44:21Z
bcv_pib_actividad_economica_anual,Producto interno bruto por actividad económica anual,Variaciones porcentuales,5_2_4_ae_anual.xlsx,2007,Precios constantes,Variación porcentual interanual,Anual,2008,2008,,Actividad económica,"Servicios de enseñanza, salud, entretenimiento y otras de servicio",7.518997401901871,Porcentaje,,Banco Central de Venezuela,https://www.bcv.org.ve/sites/default/files/cuentas_macroeconomicas/5_2_4_ae_anual.xlsx,2026-08-05T21:44:21Z
bcv_pib_actividad_economica_anual,Producto interno bruto por actividad económica anual,Variaciones porcentuales,5_2_4_ae_anual.xlsx,2007,Precios constantes,Variación porcentual interanual,Anual,2009,2009,,Actividad económica,"Servicios de enseñanza, salud, entretenimiento y otras de servicio",1.6105113941780758,Porcentaje,,Banco Central de Venezuela,https://www.bcv.org.ve/sites/default/files/cuentas_macroeconomicas/5_2_4_ae_anual.xlsx,2026-08-05T21:44:21Z
bcv_pib_actividad_economica_anual,Producto interno bruto por actividad económica anual,Variaciones porcentuales,5_2_4_ae_anual.xlsx,2007,Precios constantes,Variación porcentual interanual,Anual,2010,2010,,Actividad económica,"Servicios de enseñanza, salud, entretenimiento y otras de servicio",1.6787929827249997,Porcentaje,,Banco Central de Venezuela,https://www.bcv.org.ve/sites/default/files/cuentas_macroeconomicas/5_2_4_ae_anual.xlsx,2026-08-05T21:44:21Z
bcv_pib_actividad_economica_anual,Producto interno bruto por actividad económica anual,Variaciones porcentuales,5_2_4_ae_anual.xlsx,2007,Precios constantes,Variación porcentual interanual,Anual,2011,2011,,Actividad económica,"Servicios de enseñanza, salud, entretenimiento y otras de servicio",1.7112282983599414,Porcentaje,,Banco Central de Venezuela,https://www.bcv.org.ve/sites/default/files/cuentas_macroeconomicas/5_2_4_ae_anual.xlsx,2026-08-05T21:44:21Z
bcv_pib_actividad_economica_anual,Producto interno bruto por actividad económica anual,Variaciones porcentuales,5_2_4_ae_anual.xlsx,2007,Precios constantes,Variación porcentual interanual,Anual,2012,2012,,Actividad económica,"Servicios de enseñanza, salud, entretenimiento y otras de servicio",4.754879272368882,Porcentaje,,Banco Central de Venezuela,https://www.bcv.org.ve/sites/default/files/cuentas_macroeconomicas/5_2_4_ae_anual.xlsx,2026-08-05T21:44:21Z
bcv_pib_actividad_economica_anual,Producto interno bruto por actividad económica anual,Variaciones porcentuales,5_2_4_ae_anual.xlsx,2007,Precios constantes,Variación porcentual interanual,Anual,2013,2013,,Actividad económica,"Servicios de enseñanza, salud, entretenimiento y otras de servicio",1.3642113323117258,Porcentaje,,Banco Central de Venezuela,https://www.bcv.org.ve/sites/default/files/cuentas_macroeconomicas/5_2_4_ae_anual.xlsx,2026-08-05T21:44:21Z
bcv_pib_actividad_economica_anual,Producto interno bruto por actividad económica anual,Variaciones porcentuales,5_2_4_ae_anual.xlsx,2007,Precios constantes,Variación porcentual interanual,Anual,2014,2014,,Actividad económica,"Servicios de enseñanza, salud, entretenimiento y otras de servicio",4.240683101042848,Porcentaje,,Banco Central de Venezuela,https://www.bcv.org.ve/sites/default/files/cuentas_macroeconomicas/5_2_4_ae_anual.xlsx,2026-08-05T21:44:21Z
bcv_pib_actividad_economica_anual,Producto interno bruto por actividad económica anual,Variaciones porcentuales,5_2_4_ae_anual.xlsx,2007,Precios constantes,Variación porcentual interanual,Anual,2015,2015,,Actividad económica,"Servicios de enseñanza, salud, entretenimiento y otras de servicio",-1.886108163208931,Porcentaje,,Banco Central de Venezuela,https://www.bcv.org.ve/sites/default/files/cuentas_macroeconomicas/5_2_4_ae_anual.xlsx,2026-08-05T21:44:21Z
bcv_pib_actividad_economica_anual,Producto interno bruto por actividad económica anual,Variaciones porcentuales,5_2_4_ae_anual.xlsx,2007,Precios constantes,Variación porcentual interanual,Anual,2016,2016,,Actividad económica,"Servicios de enseñanza, salud, entretenimiento y otras de servicio",-7.308351624629182,Porcentaje,,Banco Central de Venezuela,https://www.bcv.org.ve/sites/default/files/cuentas_macroeconomicas/5_2_4_ae_anual.xlsx,2026-08-05T21:44:21Z
bcv_pib_actividad_economica_anual,Producto interno bruto por actividad económica anual,Variaciones porcentuales,5_2_4_ae_anual.xlsx,2007,Precios constantes,Variación porcentual interanual,Anual,2017,2017,,Actividad económica,"Servicios de enseñanza, salud, entretenimiento y otras de servicio",-14.346348439588596,Porcentaje,Preliminar,Banco Central de Venezuela,https://www.bcv.org.ve/sites/default/files/cuentas_macroeconomicas/5_2_4_ae_anual.xlsx,2026-08-05T21:44:21Z
bcv_pib_actividad_economica_anual,Producto interno bruto por actividad económica anual,Variaciones porcentuales,5_2_4_ae_anual.xlsx,2007,Precios constantes,Variación porcentual interanual,Anual,2018,2018,,Actividad económica,"Servicios de enseñanza, salud, entretenimiento y otras de servicio",-24.39753806315825,Porcentaje,Preliminar,Banco Central de Venezuela,https://www.bcv.org.ve/sites/default/files/cuentas_macroeconomicas/5_2_4_ae_anual.xlsx,2026-08-05T21:44:21Z
bcv_pib_actividad_economica_anual,Producto interno bruto por actividad económica anual,Variaciones porcentuales,5_2_4_ae_anual.xlsx,2007,Precios constantes,Variación porcentual interanual,Anual,2019,2019,,Actividad económica,"Servicios de enseñanza, salud, entretenimiento y otras de servicio",-25.369554392574685,Porcentaje,Preliminar,Banco Central de Venezuela,https://www.bcv.org.ve/sites/default/files/cuentas_macroeconomicas/5_2_4_ae_anual.xlsx,2026-08-05T21:44:21Z
bcv_pib_actividad_economica_anual,Producto interno bruto por actividad económica anual,Variaciones porcentuales,5_2_4_ae_anual.xlsx,2007,Precios constantes,Variación porcentual interanual,Anual,2020,2020,,Actividad económica,"Servicios de enseñanza, salud, entretenimiento y otras de servicio",-39.315033198905326,Porcentaje,Preliminar,Banco Central de Venezuela,https://www.bcv.org.ve/sites/default/files/cuentas_macroeconomicas/5_2_4_ae_anual.xlsx,2026-08-05T21:44:21Z
bcv_pib_actividad_economica_anual,Producto interno bruto por actividad económica anual,Variaciones porcentuales,5_2_4_ae_anual.xlsx,2007,Precios constantes,Variación porcentual interanual,Anual,2021,2021,,Actividad económica,"Servicios de enseñanza, salud, entretenimiento y otras de servicio",-3.132476467452932,Porcentaje,Preliminar,Banco Central de Venezuela,https://www.bcv.org.ve/sites/default/files/cuentas_macroeconomicas/5_2_4_ae_anual.xlsx,2026-08-05T21:44:21Z
bcv_pib_actividad_economica_anual,Producto interno bruto por actividad económica anual,Variaciones porcentuales,5_2_4_ae_anual.xlsx,2007,Precios constantes,Variación porcentual interanual,Anual,2022,2022,,Actividad económica,"Servicios de enseñanza, salud, entretenimiento y otras de servicio",29.901199891181705,Porcentaje,Preliminar,Banco Central de Venezuela,https://www.bcv.org.ve/sites/default/files/cuentas_macroeconomicas/5_2_4_ae_anual.xlsx,2026-08-05T21:44:21Z
bcv_pib_actividad_economica_anual,Producto interno bruto por actividad económica anual,Variaciones porcentuales,5_2_4_ae_anual.xlsx,2007,Precios constantes,Variación porcentual interanual,Anual,2023,2023,,Actividad económica,"Servicios de enseñanza, salud, entretenimiento y otras de servicio",6.232762860818838,Porcentaje,Preliminar,Banco Central de Venezuela,https://www.bcv.org.ve/sites/default/files/cuentas_macroeconomicas/5_2_4_ae_anual.xlsx,2026-08-05T21:44:21Z
bcv_pib_actividad_economica_anual,Producto interno bruto por actividad económica anual,Variaciones porcentuales,5_2_4_ae_anual.xlsx,2007,Precios constantes,Variación porcentual interanual,Anual,2024,2024,,Actividad económica,"Servicios de enseñanza, salud, entretenimiento y otras de servicio",5.731046741319929,Porcentaje,Preliminar,Banco Central de Venezuela,https://www.bcv.org.ve/sites/default/files/cuentas_macroeconomicas/5_2_4_ae_anual.xlsx,2026-08-05T21:44:21Z
bcv_pib_actividad_economica_anual,Producto interno bruto por actividad económica anual,Variaciones porcentuales,5_2_4_ae_anual.xlsx,2007,Precios constantes,Variación porcentual interanual,Anual,2025,2025,,Actividad económica,"Servicios de enseñanza, salud, entretenimiento y otras de servicio",5.481367972637273,Porcentaje,Preliminar,Banco Central de Venezuela,https://www.bcv.org.ve/sites/default/files/cuentas_macroeconomicas/5_2_4_ae_anual.xlsx,2026-08-05T21:44:21Z
bcv_pib_actividad_economica_anual,Producto interno bruto por actividad económica anual,Variaciones porcentuales,5_2_4_ae_anual.xlsx,2007,Precios constantes,Variación porcentual interanual,Anual,2008,2008,,Actividad económica,Servicios de gobierno general,3.8510094863145383,Porcentaje,,Banco Central de Venezuela,https://www.bcv.org.ve/sites/default/files/cuentas_macroeconomicas/5_2_4_ae_anual.xlsx,2026-08-05T21:44:21Z
bcv_pib_actividad_economica_anual,Producto interno bruto por actividad económica anual,Variaciones porcentuales,5_2_4_ae_anual.xlsx,2007,Precios constantes,Variación porcentual interanual,Anual,2009,2009,,Actividad económica,Servicios de gobierno general,2.809954166371199,Porcentaje,,Banco Central de Venezuela,https://www.bcv.org.ve/sites/default/files/cuentas_macroeconomicas/5_2_4_ae_anual.xlsx,2026-08-05T21:44:21Z
bcv_pib_actividad_economica_anual,Producto interno bruto por actividad económica anual,Variaciones porcentuales,5_2_4_ae_anual.xlsx,2007,Precios constantes,Variación porcentual interanual,Anual,2010,2010,,Actividad económica,Servicios de gobierno general,0.8663475619247691,Porcentaje,,Banco Central de Venezuela,https://www.bcv.org.ve/sites/default/files/cuentas_macroeconomicas/5_2_4_ae_anual.xlsx,2026-08-05T21:44:21Z
bcv_pib_actividad_economica_anual,Producto interno bruto por actividad económica anual,Variaciones porcentuales,5_2_4_ae_anual.xlsx,2007,Precios constantes,Variación porcentual interanual,Anual,2011,2011,,Actividad económica,Servicios de gobierno general,2.0423881221769022,Porcentaje,,Banco Central de Venezuela,https://www.bcv.org.ve/sites/default/files/cuentas_macroeconomicas/5_2_4_ae_anual.xlsx,2026-08-05T21:44:21Z
bcv_pib_actividad_economica_anual,Producto interno bruto por actividad económica anual,Variaciones porcentuales,5_2_4_ae_anual.xlsx,2007,Precios constantes,Variación porcentual interanual,Anual,2012,2012,,Actividad económica,Servicios de gobierno general,5.117704874535406,Porcentaje,,Banco Central de Venezuela,https://www.bcv.org.ve/sites/default/files/cuentas_macroeconomicas/5_2_4_ae_anual.xlsx,2026-08-05T21:44:21Z
bcv_pib_actividad_economica_anual,Producto interno bruto por actividad económica anual,Variaciones porcentuales,5_2_4_ae_anual.xlsx,2007,Precios constantes,Variación porcentual interanual,Anual,2013,2013,,Actividad económica,Servicios de gobierno general,4.435042827278423,Porcentaje,,Banco Central de Venezuela,https://www.bcv.org.ve/sites/default/files/cuentas_macroeconomicas/5_2_4_ae_anual.xlsx,2026-08-05T21:44:21Z
bcv_pib_actividad_economica_anual,Producto interno bruto por actividad económica anual,Variaciones porcentuales,5_2_4_ae_anual.xlsx,2007,Precios constantes,Variación porcentual interanual,Anual,2014,2014,,Actividad económica,Servicios de gobierno general,1.7703867628006407,Porcentaje,,Banco Central de Venezuela,https://www.bcv.org.ve/sites/default/files/cuentas_macroeconomicas/5_2_4_ae_anual.xlsx,2026-08-05T21:44:21Z
bcv_pib_actividad_economica_anual,Producto interno bruto por actividad económica anual,Variaciones porcentuales,5_2_4_ae_anual.xlsx,2007,Precios constantes,Variación porcentual interanual,Anual,2015,2015,,Actividad económica,Servicios de gobierno general,1.0302776896145645,Porcentaje,,Banco Central de Venezuela,https://www.bcv.org.ve/sites/default/files/cuentas_macroeconomicas/5_2_4_ae_anual.xlsx,2026-08-05T21:44:21Z
bcv_pib_actividad_economica_anual,Producto interno bruto por actividad económica anual,Variaciones porcentuales,5_2_4_ae_anual.xlsx,2007,Precios constantes,Variación porcentual interanual,Anual,2016,2016,,Actividad económica,Servicios de gobierno general,-4.141377811933722,Porcentaje,,Banco Central de Venezuela,https://www.bcv.org.ve/sites/default/files/cuentas_macroeconomicas/5_2_4_ae_anual.xlsx,2026-08-05T21:44:21Z
bcv_pib_actividad_economica_anual,Producto interno bruto por actividad económica anual,Variaciones porcentuales,5_2_4_ae_anual.xlsx,2007,Precios constantes,Variación porcentual interanual,Anual,2017,2017,,Actividad económica,Servicios de gobierno general,-4.5888601889957386,Porcentaje,Preliminar,Banco Central de Venezuela,https://www.bcv.org.ve/sites/default/files/cuentas_macroeconomicas/5_2_4_ae_anual.xlsx,2026-08-05T21:44:21Z
bcv_pib_actividad_economica_anual,Producto interno bruto por actividad económica anual,Variaciones porcentuales,5_2_4_ae_anual.xlsx,2007,Precios constantes,Variación porcentual interanual,Anual,2018,2018,,Actividad económica,Servicios de gobierno general,-7.341655367684453,Porcentaje,Preliminar,Banco Central de Venezuela,https://www.bcv.org.ve/sites/default/files/cuentas_macroeconomicas/5_2_4_ae_anual.xlsx,2026-08-05T21:44:21Z
bcv_pib_actividad_economica_anual,Producto interno bruto por actividad económica anual,Variaciones porcentuales,5_2_4_ae_anual.xlsx,2007,Precios constantes,Variación porcentual interanual,Anual,2019,2019,,Actividad económica,Servicios de gobierno general,-26.496734771903732,Porcentaje,Preliminar,Banco Central de Venezuela,https://www.bcv.org.ve/sites/default/files/cuentas_macroeconomicas/5_2_4_ae_anual.xlsx,2026-08-05T21:44:21Z
bcv_pib_actividad_economica_anual,Producto interno bruto por actividad económica anual,Variaciones porcentuales,5_2_4_ae_anual.xlsx,2007,Precios constantes,Variación porcentual interanual,Anual,2020,2020,,Actividad económica,Servicios de gobierno general,-52.526125041410474,Porcentaje,Preliminar,Banco Central de Venezuela,https://www.bcv.org.ve/sites/default/files/cuentas_macroeconomicas/5_2_4_ae_anual.xlsx,2026-08-05T21:44:21Z
bcv_pib_actividad_economica_anual,Producto interno bruto por actividad económica anual,Variaciones porcentuales,5_2_4_ae_anual.xlsx,2007,Precios constantes,Variación porcentual interanual,Anual,2021,2021,,Actividad económica,Servicios de gobierno general,-17.619897982355653,Porcentaje,Preliminar,Banco Central de Venezuela,https://www.bcv.org.ve/sites/default/files/cuentas_macroeconomicas/5_2_4_ae_anual.xlsx,2026-08-05T21:44:21Z
bcv_pib_actividad_economica_anual,Producto interno bruto por actividad económica anual,Variaciones porcentuales,5_2_4_ae_anual.xlsx,2007,Precios constantes,Variación porcentual interanual,Anual,2022,2022,,Actividad económica,Servicios de gobierno general,11.311165808077405,Porcentaje,Preliminar,Banco Central de Venezuela,https://www.bcv.org.ve/sites/default/files/cuentas_macroeconomicas/5_2_4_ae_anual.xlsx,2026-08-05T21:44:21Z
bcv_pib_actividad_economica_anual,Producto interno bruto por actividad económica anual,Variaciones porcentuales,5_2_4_ae_anual.xlsx,2007,Precios constantes,Variación porcentual interanual,Anual,2023,2023,,Actividad económica,Servicios de gobierno general,1.0224965248955442,Porcentaje,Preliminar,Banco Central de Venezuela,https://www.bcv.org.ve/sites/default/files/cuentas_macroeconomicas/5_2_4_ae_anual.xlsx,2026-08-05T21:44:21Z
bcv_pib_actividad_economica_anual,Producto interno bruto por actividad económica anual,Variaciones porcentuales,5_2_4_ae_anual.xlsx,2007,Precios constantes,Variación porcentual interanual,Anual,2024,2024,,Actividad económica,Servicios de gobierno general,1.081614074741168,Porcentaje,Preliminar,Banco Central de Venezuela,https://www.bcv.org.ve/sites/default/files/cuentas_macroeconomicas/5_2_4_ae_anual.xlsx,2026-08-05T21:44:21Z
bcv_pib_actividad_economica_anual,Producto interno bruto por actividad económica anual,Variaciones porcentuales,5_2_4_ae_anual.xlsx,2007,Precios constantes,Variación porcentual interanual,Anual,2025,2025,,Actividad económica,Servicios de gobierno general,1.7137071541797582,Porcentaje,Preliminar,Banco Central de Venezuela,https://www.bcv.org.ve/sites/default/files/cuentas_macroeconomicas/5_2_4_ae_anual.xlsx,2026-08-05T21:44:21Z
bcv_pib_actividad_economica_anual,Producto interno bruto por actividad económica anual,PIB por actividad económica,5_2_4_anual.xls,1997,Precios constantes,Nivel,Anual,1997,1997,,,"Servicios inmobiliarios, empresariales y de alquiler",41574.81,Bolívares,,Banco Central de Venezuela,https://www.bcv.org.ve/sites/default/files/cuentas_macroeconomicas/5_2_4_anual.xls,2026-08-05T21:44:21Z
bcv_pib_actividad_economica_anual,Producto interno bruto por actividad económica anual,PIB por actividad económica,5_2_4_anual.xls,1997,Precios constantes,Nivel,Anual,1998,1998,,,"Servicios inmobiliarios, empresariales y de alquiler",41871.12,Bolívares,,Banco Central de Venezuela,https://www.bcv.org.ve/sites/default/files/cuentas_macroeconomicas/5_2_4_anual.xls,2026-08-05T21:44:21Z
bcv_pib_actividad_economica_anual,Producto interno bruto por actividad económica anual,PIB por actividad económica,5_2_4_anual.xls,1997,Precios constantes,Variación porcentual interanual,Anual,1998,1998,,,"Servicios inmobiliarios, empresariales y de alquiler",0.7127152234730687,Porcentaje,,Banco Central de Venezuela,https://www.bcv.org.ve/sites/default/files/cuentas_macroeconomicas/5_2_4_anual.xls,2026-08-05T21:44:21Z
bcv_pib_actividad_economica_anual,Producto interno bruto por actividad económica anual,PIB por actividad económica,5_2_4_anual.xls,1997,Precios constantes,Nivel,Anual,1999,1999,,,"Servicios inmobiliarios, empresariales y de alquiler",39891.380000000005,Bolívares,,Banco Central de Venezuela,https://www.bcv.org.ve/sites/default/files/cuentas_macroeconomicas/5_2_4_anual.xls,2026-08-05T21:44:21Z
bcv_pib_actividad_economica_anual,Producto interno bruto por actividad económica anual,PIB por actividad económica,5_2_4_anual.xls,1997,Precios constantes,Variación porcentual interanual,Anual,1999,1999,,,"Servicios inmobiliarios, empresariales y de alquiler",-4.728175410641029,Porcentaje,,Banco Central de Venezuela,https://www.bcv.org.ve/sites/default/files/cuentas_macroeconomicas/5_2_4_anual.xls,2026-08-05T21:44:21Z
bcv_pib_actividad_economica_anual,Producto interno bruto por actividad económica anual,PIB por actividad económica,5_2_4_anual.xls,1997,Precios constantes,Nivel,Anual,2000,2000,,,"Servicios inmobiliarios, empresariales y de alquiler",40190.9,Bolívares,,Banco Central de Venezuela,https://www.bcv.org.ve/sites/default/files/cuentas_macroeconomicas/5_2_4_anual.xls,2026-08-05T21:44:21Z
bcv_pib_actividad_economica_anual,Producto interno bruto por actividad económica anual,PIB por actividad económica,5_2_4_anual.xls,1997,Precios constantes,Variación porcentual interanual,Anual,2000,2000,,,"Servicios inmobiliarios, empresariales y de alquiler",0.750838903041199,Porcentaje,,Banco Central de Venezuela,https://www.bcv.org.ve/sites/default/files/cuentas_macroeconomicas/5_2_4_anual.xls,2026-08-05T21:44:21Z
bcv_pib_actividad_economica_anual,Producto interno bruto por actividad económica anual,PIB por actividad económica,5_2_4_anual.xls,1997,Precios constantes,Nivel,Anual,2001,2001,,,"Servicios inmobiliarios, empresariales y de alquiler",41597.78,Bolívares,,Banco Central de Venezuela,https://www.bcv.org.ve/sites/default/files/cuentas_macroeconomicas/5_2_4_anual.xls,2026-08-05T21:44:21Z
bcv_pib_actividad_economica_anual,Producto interno bruto por actividad económica anual,PIB por actividad económica,5_2_4_anual.xls,1997,Precios constantes,Variación porcentual interanual,Anual,2001,2001,,,"Servicios inmobiliarios, empresariales y de alquiler",3.500493892896145,Porcentaje,,Banco Central de Venezuela,https://www.bcv.org.ve/sites/default/files/cuentas_macroeconomicas/5_2_4_anual.xls,2026-08-05T21:44:21Z
bcv_pib_actividad_economica_anual,Producto interno bruto por actividad económica anual,PIB por actividad económica,5_2_4_anual.xls,1997,Precios constantes,Nivel,Anual,2002,2002,,,"Servicios inmobiliarios, empresariales y de alquiler",41312.98,Bolívares,,Banco Central de Venezuela,https://www.bcv.org.ve/sites/default/files/cuentas_macroeconomicas/5_2_4_anual.xls,2026-08-05T21:44:21Z
bcv_pib_actividad_economica_anual,Producto interno bruto por actividad económica anual,PIB por actividad económica,5_2_4_anual.xls,1997,Precios constantes,Variación porcentual interanual,Anual,2002,2002,,,"Servicios inmobiliarios, empresariales y de alquiler",-0.6846519213284807,Porcentaje,,Banco Central de Venezuela,https://www.bcv.org.ve/sites/default/files/cuentas_macroeconomicas/5_2_4_anual.xls,2026-08-05T21:44:21Z
bcv_pib_actividad_economica_anual,Producto interno bruto por actividad económica anual,PIB por actividad económica,5_2_4_anual.xls,1997,Precios constantes,Nivel,Anual,2003,2003,,,"Servicios inmobiliarios, empresariales y de alquiler",38813.98,Bolívares,,Banco Central de Venezuela,https://www.bcv.org.ve/sites/default/files/cuentas_macroeconomicas/5_2_4_anual.xls,2026-08-05T21:44:21Z
bcv_pib_actividad_economica_anual,Producto interno bruto por actividad económica anual,PIB por actividad económica,5_2_4_anual.xls,1997,Precios constantes,Variación porcentual interanual,Anual,2003,2003,,,"Servicios inmobiliarios, empresariales y de alquiler",-6.048946360199622,Porcentaje,,Banco Central de Venezuela,https://www.bcv.org.ve/sites/default/files/cuentas_macroeconomicas/5_2_4_anual.xls,2026-08-05T21:44:21Z
bcv_pib_actividad_economica_anual,Producto interno bruto por actividad económica anual,PIB por actividad económica,5_2_4_anual.xls,1997,Precios constantes,Nivel,Anual,2004,2004,,,"Servicios inmobiliarios, empresariales y de alquiler",43141,Bolívares,,Banco Central de Venezuela,https://www.bcv.org.ve/sites/default/files/cuentas_macroeconomicas/5_2_4_anual.xls,2026-08-05T21:44:21Z
bcv_pib_actividad_economica_anual,Producto interno bruto por actividad económica anual,PIB por actividad económica,5_2_4_anual.xls,1997,Precios constantes,Variación porcentual interanual,Anual,2004,2004,,,"Servicios inmobiliarios, empresariales y de alquiler",11.148096639406731,Porcentaje,,Banco Central de Venezuela,https://www.bcv.org.ve/sites/default/files/cuentas_macroeconomicas/5_2_4_anual.xls,2026-08-05T21:44:21Z
bcv_pib_actividad_economica_anual,Producto interno bruto por actividad económica anual,PIB por actividad económica,5_2_4_anual.xls,1997,Precios constantes,Nivel,Anual,2005,2005,,,"Servicios inmobiliarios, empresariales y de alquiler",46534.54,Bolívares,,Banco Central de Venezuela,https://www.bcv.org.ve/sites/default/files/cuentas_macroeconomicas/5_2_4_anual.xls,2026-08-05T21:44:21Z
bcv_pib_actividad_economica_anual,Producto interno bruto por actividad económica anual,PIB por actividad económica,5_2_4_anual.xls,1997,Precios constantes,Variación porcentual interanual,Anual,2005,2005,,,"Servicios inmobiliarios, empresariales y de alquiler",7.866159801580878,Porcentaje,,Banco Central de Venezuela,https://www.bcv.org.ve/sites/default/files/cuentas_macroeconomicas/5_2_4_anual.xls,2026-08-05T21:44:21Z
bcv_pib_actividad_economica_anual,Producto interno bruto por actividad económica anual,PIB por actividad económica,5_2_4_anual.xls,1997,Precios constantes,Nivel,Anual,2006,2006,,,"Servicios inmobiliarios, empresariales y de alquiler",50520.979999999996,Bolívares,,Banco Central de Venezuela,https://www.bcv.org.ve/sites/default/files/cuentas_macroeconomicas/5_2_4_anual.xls,2026-08-05T21:44:21Z
bcv_pib_actividad_economica_anual,Producto interno bruto por actividad económica anual,PIB por actividad económica,5_2_4_anual.xls,1997,Precios constantes,Variación porcentual interanual,Anual,2006,2006,,,"Servicios inmobiliarios, empresariales y de alquiler",8.566625994368906,Porcentaje,,Banco Central de Venezuela,https://www.bcv.org.ve/sites/default/files/cuentas_macroeconomicas/5_2_4_anual.xls,2026-08-05T21:44:21Z
bcv_pib_actividad_economica_anual,Producto interno bruto por actividad económica anual,PIB por actividad económica,5_2_4_anual.xls,1997,Precios constantes,Nivel,Anual,2007,2007,,,"Servicios inmobiliarios, empresariales y de alquiler",54764.719999999994,Bolívares,,Banco Central de Venezuela,https://www.bcv.org.ve/sites/default/files/cuentas_macroeconomicas/5_2_4_anual.xls,2026-08-05T21:44:21Z
bcv_pib_actividad_economica_anual,Producto interno bruto por actividad económica anual,PIB por actividad económica,5_2_4_anual.xls,1997,Precios constantes,Variación porcentual interanual,Anual,2007,2007,,,"Servicios inmobiliarios, empresariales y de alquiler",8.39995582033444,Porcentaje,,Banco Central de Venezuela,https://www.bcv.org.ve/sites/default/files/cuentas_macroeconomicas/5_2_4_anual.xls,2026-08-05T21:44:21Z
bcv_pib_actividad_economica_anual,Producto interno bruto por actividad económica anual,PIB por actividad económica,5_2_4_anual.xls,1997,Precios constantes,Nivel,Anual,2008,2008,,,"Servicios inmobiliarios, empresariales y de alquiler",55849.270000000004,Bolívares,Preliminar,Banco Central de Venezuela,https://www.bcv.org.ve/sites/default/files/cuentas_macroeconomicas/5_2_4_anual.xls,2026-08-05T21:44:21Z
bcv_pib_actividad_economica_anual,Producto interno bruto por actividad económica anual,PIB por actividad económica,5_2_4_anual.xls,1997,Precios constantes,Variación porcentual interanual,Anual,2008,2008,,,"Servicios inmobiliarios, empresariales y de alquiler",1.9803807999018659,Porcentaje,,Banco Central de Venezuela,https://www.bcv.org.ve/sites/default/files/cuentas_macroeconomicas/5_2_4_anual.xls,2026-08-05T21:44:21Z
bcv_pib_actividad_economica_anual,Producto interno bruto por actividad económica anual,PIB por actividad económica,5_2_4_anual.xls,1997,Precios constantes,Nivel,Anual,2009,2009,,,"Servicios inmobiliarios, empresariales y de alquiler",55230.560000000005,Bolívares,Preliminar,Banco Central de Venezuela,https://www.bcv.org.ve/sites/default/files/cuentas_macroeconomicas/5_2_4_anual.xls,2026-08-05T21:44:21Z
bcv_pib_actividad_economica_anual,Producto interno bruto por actividad económica anual,PIB por actividad económica,5_2_4_anual.xls,1997,Precios constantes,Variación porcentual interanual,Anual,2009,2009,,,"Servicios inmobiliarios, empresariales y de alquiler",-1.1078211049132705,Porcentaje,,Banco Central de Venezuela,https://www.bcv.org.ve/sites/default/files/cuentas_macroeconomicas/5_2_4_anual.xls,2026-08-05T21:44:21Z
bcv_pib_actividad_economica_anual,Producto interno bruto por actividad económica anual,PIB por actividad económica,5_2_4_anual.xls,1997,Precios constantes,Nivel,Anual,2010,2010,,,"Servicios inmobiliarios, empresariales y de alquiler",54852.74,Bolívares,Preliminar,Banco Central de Venezuela,https://www.bcv.org.ve/sites/default/files/cuentas_macroeconomicas/5_2_4_anual.xls,2026-08-05T21:44:21Z
bcv_pib_actividad_economica_anual,Producto interno bruto por actividad económica anual,PIB por actividad económica,5_2_4_anual.xls,1997,Precios constantes,Variación porcentual interanual,Anual,2010,2010,,,"Servicios inmobiliarios, empresariales y de alquiler",-0.6840778004061718,Porcentaje,,Banco Central de Venezuela,https://www.bcv.org.ve/sites/default/files/cuentas_macroeconomicas/5_2_4_anual.xls,2026-08-05T21:44:21Z
bcv_pib_actividad_economica_anual,Producto interno bruto por actividad económica anual,PIB por actividad económica,5_2_4_anual.xls,1997,Precios constantes,Nivel,Anual,2011,2011,,,"Servicios inmobiliarios, empresariales y de alquiler",56788.67,Bolívares,Preliminar,Banco Central de Venezuela,https://www.bcv.org.ve/sites/default/files/cuentas_macroeconomicas/5_2_4_anual.xls,2026-08-05T21:44:21Z
bcv_pib_actividad_economica_anual,Producto interno bruto por actividad económica anual,PIB por actividad económica,5_2_4_anual.xls,1997,Precios constantes,Variación porcentual interanual,Anual,2011,2011,,,"Servicios inmobiliarios, empresariales y de alquiler",3.529322327380541,Porcentaje,,Banco Central de Venezuela,https://www.bcv.org.ve/sites/default/files/cuentas_macroeconomicas/5_2_4_anual.xls,2026-08-05T21:44:21Z
bcv_pib_actividad_economica_anual,Producto interno bruto por actividad económica anual,PIB por actividad económica,5_2_4_anual.xls,1997,Precios constantes,Nivel,Anual,2012,2012,,,"Servicios inmobiliarios, empresariales y de alquiler",59176.75,Bolívares,Preliminar,Banco Central de Venezuela,https://www.bcv.org.ve/sites/default/files/cuentas_macroeconomicas/5_2_4_anual.xls,2026-08-05T21:44:21Z
bcv_pib_actividad_economica_anual,Producto interno bruto por actividad económica anual,PIB por actividad económica,5_2_4_anual.xls,1997,Precios constantes,Variación porcentual interanual,Anual,2012,2012,,,"Servicios inmobiliarios, empresariales y de alquiler",4.20520501712754,Porcentaje,,Banco Central de Venezuela,https://www.bcv.org.ve/sites/default/files/cuentas_macroeconomicas/5_2_4_anual.xls,2026-08-05T21:44:21Z
bcv_pib_actividad_economica_anual,Producto interno bruto por actividad económica anual,PIB por actividad económica,5_2_4_anual.xls,1997,Precios constantes,Nivel,Anual,2013,2013,,,"Servicios inmobiliarios, empresariales y de alquiler",60629.27,Bolívares,Preliminar,Banco Central de Venezuela,https://www.bcv.org.ve/sites/default/files/cuentas_macroeconomicas/5_2_4_anual.xls,2026-08-05T21:44:21Z
bcv_pib_actividad_economica_anual,Producto interno bruto por actividad económica anual,PIB por actividad económica,5_2_4_anual.xls,1997,Precios constantes,Variación porcentual interanual,Anual,2013,2013,,,"Servicios inmobiliarios, empresariales y de alquiler",2.4545450704879954,Porcentaje,,Banco Central de Venezuela,https://www.bcv.org.ve/sites/default/files/cuentas_macroeconomicas/5_2_4_anual.xls,2026-08-05T21:44:21Z
bcv_pib_actividad_economica_anual,Producto interno bruto por actividad económica anual,PIB por actividad económica,5_2_4_anual.xls,1997,Precios constantes,Nivel,Anual,2014,2014,,,"Servicios inmobiliarios, empresariales y de alquiler",59657.43,Bolívares,Preliminar,Banco Central de Venezuela,https://www.bcv.org.ve/sites/default/files/cuentas_macroeconomicas/5_2_4_anual.xls,2026-08-05T21:44:21Z
bcv_pib_actividad_economica_anual,Producto interno bruto por actividad económica anual,PIB por actividad económica,5_2_4_anual.xls,1997,Precios constantes,Variación porcentual interanual,Anual,2014,2014,,,"Servicios inmobiliarios, empresariales y de alquiler",-1.6029221529469169,Porcentaje,,Banco Central de Venezuela,https://www.bcv.org.ve/sites/default/files/cuentas_macroeconomicas/5_2_4_anual.xls,2026-08-05T21:44:21Z
bcv_pib_actividad_economica_anual,Producto interno bruto por actividad económica anual,PIB por actividad económica,5_2_4_anual.xls,1997,Precios constantes,Nivel,Anual,2015,2015,,,"Servicios inmobiliarios, empresariales y de alquiler",57610.83,Bolívares,Preliminar,Banco Central de Venezuela,https://www.bcv.org.ve/sites/default/files/cuentas_macroeconomicas/5_2_4_anual.xls,2026-08-05T21:44:21Z
bcv_pib_actividad_economica_anual,Producto interno bruto por actividad económica anual,PIB por actividad económica,5_2_4_anual.xls,1997,Precios constantes,Variación porcentual interanual,Anual,2015,2015,,,"Servicios inmobiliarios, empresariales y de alquiler",-3.430586936111723,Porcentaje,,Banco Central de Venezuela,https://www.bcv.org.ve/sites/default/files/cuentas_macroeconomicas/5_2_4_anual.xls,2026-08-05T21:44:21Z
bcv_pib_actividad_economica_anual,Producto interno bruto por actividad económica anual,PIB por actividad económica,5_2_4_anual.xls,1997,Precios constantes,Nivel,Anual,2016,2016,,,"Servicios inmobiliarios, empresariales y de alquiler",50155.99,Bolívares,Preliminar,Banco Central de Venezuela,https://www.bcv.org.ve/sites/default/files/cuentas_macroeconomicas/5_2_4_anual.xls,2026-08-05T21:44:21Z
bcv_pib_actividad_economica_anual,Producto interno bruto por actividad económica anual,PIB por actividad económica,5_2_4_anual.xls,1997,Precios constantes,Variación porcentual interanual,Anual,2016,2016,,,"Servicios inmobiliarios, empresariales y de alquiler",-12.939997566429795,Porcentaje,,Banco Central de Venezuela,https://www.bcv.org.ve/sites/default/files/cuentas_macroeconomicas/5_2_4_anual.xls,2026-08-05T21:44:21Z
bcv_pib_actividad_economica_anual,Producto interno bruto por actividad económica anual,PIB por actividad económica,5_2_4_anual.xls,1997,Precios constantes,Nivel,Anual,2017,2017,,,"Servicios inmobiliarios, empresariales y de alquiler",44942.51,Bolívares,Preliminar,Banco Central de Venezuela,https://www.bcv.org.ve/sites/default/files/cuentas_macroeconomicas/5_2_4_anual.xls,2026-08-05T21:44:21Z
bcv_pib_actividad_economica_anual,Producto interno bruto por actividad económica anual,PIB por actividad económica,5_2_4_anual.xls,1997,Precios constantes,Variación porcentual interanual,Anual,2017,2017,,,"Servicios inmobiliarios, empresariales y de alquiler",-10.394531141743983,Porcentaje,,Banco Central de Venezuela,https://www.bcv.org.ve/sites/default/files/cuentas_macroeconomicas/5_2_4_anual.xls,2026-08-05T21:44:21Z
bcv_pib_actividad_economica_anual,Producto interno bruto por actividad económica anual,PIB por actividad económica,5_2_4_anual.xls,1997,Precios constantes,Nivel,Anual,2018,2018,,,"Servicios inmobiliarios, empresariales y de alquiler",39258.53,Bolívares,Preliminar,Banco Central de Venezuela,https://www.bcv.org.ve/sites/default/files/cuentas_macroeconomicas/5_2_4_anual.xls,2026-08-05T21:44:21Z
bcv_pib_actividad_economica_anual,Producto interno bruto por actividad económica anual,PIB por actividad económica,5_2_4_anual.xls,1997,Precios constantes,Variación porcentual interanual,Anual,2018,2018,,,"Servicios inmobiliarios, empresariales y de alquiler",-12.647224198203446,Porcentaje,,Banco Central de Venezuela,https://www.bcv.org.ve/sites/default/files/cuentas_macroeconomicas/5_2_4_anual.xls,2026-08-05T21:44:21Z
bcv_pib_actividad_economica_anual,Producto interno bruto por actividad económica anual,PIB por actividad económica,5_2_4_anual.xls,1997,Precios constantes,Nivel,Anual,1997,1997,,,Transporte y almacenamiento,15561.66,Bolívares,,Banco Central de Venezuela,https://www.bcv.org.ve/sites/default/files/cuentas_macroeconomicas/5_2_4_anual.xls,2026-08-05T21:44:21Z
bcv_pib_actividad_economica_anual,Producto interno bruto por actividad económica anual,PIB por actividad económica,5_2_4_anual.xls,1997,Precios constantes,Nivel,Anual,1998,1998,,,Transporte y almacenamiento,14756.04,Bolívares,,Banco Central de Venezuela,https://www.bcv.org.ve/sites/default/files/cuentas_macroeconomicas/5_2_4_anual.xls,2026-08-05T21:44:21Z
bcv_pib_actividad_economica_anual,Producto interno bruto por actividad económica anual,PIB por actividad económica,5_2_4_anual.xls,1997,Precios constantes,Variación porcentual interanual,Anual,1998,1998,,,Transporte y almacenamiento,-5.17695412957228,Porcentaje,,Banco Central de Venezuela,https://www.bcv.org.ve/sites/default/files/cuentas_macroeconomicas/5_2_4_anual.xls,2026-08-05T21:44:21Z
bcv_pib_actividad_economica_anual,Producto interno bruto por actividad económica anual,PIB por actividad económica,5_2_4_anual.xls,1997,Precios constantes,Nivel,Anual,1999,1999,,,Transporte y almacenamiento,12497.5,Bolívares,,Banco Central de Venezuela,https://www.bcv.org.ve/sites/default/files/cuentas_macroeconomicas/5_2_4_anual.xls,2026-08-05T21:44:21Z
bcv_pib_actividad_economica_anual,Producto interno bruto por actividad económica anual,PIB por actividad económica,5_2_4_anual.xls,1997,Precios constantes,Variación porcentual interanual,Anual,1999,1999,,,Transporte y almacenamiento,-15.30586796999738,Porcentaje,,Banco Central de Venezuela,https://www.bcv.org.ve/sites/default/files/cuentas_macroeconomicas/5_2_4_anual.xls,2026-08-05T21:44:21Z
bcv_pib_actividad_economica_anual,Producto interno bruto por actividad económica anual,PIB por actividad económica,5_2_4_anual.xls,1997,Precios constantes,Nivel,Anual,2000,2000,,,Transporte y almacenamiento,14056.36,Bolívares,,Banco Central de Venezuela,https://www.bcv.org.ve/sites/default/files/cuentas_macroeconomicas/5_2_4_anual.xls,2026-08-05T21:44:21Z
bcv_pib_actividad_economica_anual,Producto interno bruto por actividad económica anual,PIB por actividad económica,5_2_4_anual.xls,1997,Precios constantes,Variación porcentual interanual,Anual,2000,2000,,,Transporte y almacenamiento,12.473374674934988,Porcentaje,,Banco Central de Venezuela,https://www.bcv.org.ve/sites/default/files/cuentas_macroeconomicas/5_2_4_anual.xls,2026-08-05T21:44:21Z
bcv_pib_actividad_economica_anual,Producto interno bruto por actividad económica anual,PIB por actividad económica,5_2_4_anual.xls,1997,Precios constantes,Nivel,Anual,2001,2001,,,Transporte y almacenamiento,13870.01,Bolívares,,Banco Central de Venezuela,https://www.bcv.org.ve/sites/default/files/cuentas_macroeconomicas/5_2_4_anual.xls,2026-08-05T21:44:21Z
bcv_pib_actividad_economica_anual,Producto interno bruto por actividad económica anual,PIB por actividad económica,5_2_4_anual.xls,1997,Precios constantes,Variación porcentual interanual,Anual,2001,2001,,,Transporte y almacenamiento,-1.325734400655648,Porcentaje,,Banco Central de Venezuela,https://www.bcv.org.ve/sites/default/files/cuentas_macroeconomicas/5_2_4_anual.xls,2026-08-05T21:44:21Z
bcv_pib_actividad_economica_anual,Producto interno bruto por actividad económica anual,PIB por actividad económica,5_2_4_anual.xls,1997,Precios constantes,Nivel,Anual,2002,2002,,,Transporte y almacenamiento,12424.94,Bolívares,,Banco Central de Venezuela,https://www.bcv.org.ve/sites/default/files/cuentas_macroeconomicas/5_2_4_anual.xls,2026-08-05T21:44:21Z
bcv_pib_actividad_economica_anual,Producto interno bruto por actividad económica anual,PIB por actividad económica,5_2_4_anual.xls,1997,Precios constantes,Variación porcentual interanual,Anual,2002,2002,,,Transporte y almacenamiento,-10.418665884163019,Porcentaje,,Banco Central de Venezuela,https://www.bcv.org.ve/sites/default/files/cuentas_macroeconomicas/5_2_4_anual.xls,2026-08-05T21:44:21Z
bcv_pib_actividad_economica_anual,Producto interno bruto por actividad económica anual,PIB por actividad económica,5_2_4_anual.xls,1997,Precios constantes,Nivel,Anual,2003,2003,,,Transporte y almacenamiento,11433.41,Bolívares,,Banco Central de Venezuela,https://www.bcv.org.ve/sites/default/files/cuentas_macroeconomicas/5_2_4_anual.xls,2026-08-05T21:44:21Z
bcv_pib_actividad_economica_anual,Producto interno bruto por actividad económica anual,PIB por actividad económica,5_2_4_anual.xls,1997,Precios constantes,Variación porcentual interanual,Anual,2003,2003,,,Transporte y almacenamiento,-7.980159260326417,Porcentaje,,Banco Central de Venezuela,https://www.bcv.org.ve/sites/default/files/cuentas_macroeconomicas/5_2_4_anual.xls,2026-08-05T21:44:21Z
bcv_pib_actividad_economica_anual,Producto interno bruto por actividad económica anual,PIB por actividad económica,5_2_4_anual.xls,1997,Precios constantes,Nivel,Anual,2004,2004,,,Transporte y almacenamiento,14248,Bolívares,,Banco Central de Venezuela,https://www.bcv.org.ve/sites/default/files/cuentas_macroeconomicas/5_2_4_anual.xls,2026-08-05T21:44:21Z
bcv_pib_actividad_economica_anual,Producto interno bruto por actividad económica anual,PIB por actividad económica,5_2_4_anual.xls,1997,Precios constantes,Variación porcentual interanual,Anual,2004,2004,,,Transporte y almacenamiento,24.61724017594051,Porcentaje,,Banco Central de Venezuela,https://www.bcv.org.ve/sites/default/files/cuentas_macroeconomicas/5_2_4_anual.xls,2026-08-05T21:44:21Z
bcv_pib_actividad_economica_anual,Producto interno bruto por actividad económica anual,PIB por actividad económica,5_2_4_anual.xls,1997,Precios constantes,Nivel,Anual,2005,2005,,,Transporte y almacenamiento,16339.07,Bolívares,,Banco Central de Venezuela,https://www.bcv.org.ve/sites/default/files/cuentas_macroeconomicas/5_2_4_anual.xls,2026-08-05T21:44:21Z
bcv_pib_actividad_economica_anual,Producto interno bruto por actividad económica anual,PIB por actividad económica,5_2_4_anual.xls,1997,Precios constantes,Variación porcentual interanual,Anual,2005,2005,,,Transporte y almacenamiento,14.676235261089275,Porcentaje,,Banco Central de Venezuela,https://www.bcv.org.ve/sites/default/files/cuentas_macroeconomicas/5_2_4_anual.xls,2026-08-05T21:44:21Z
bcv_pib_actividad_economica_anual,Producto interno bruto por actividad económica anual,PIB por actividad económica,5_2_4_anual.xls,1997,Precios constantes,Nivel,Anual,2006,2006,,,Transporte y almacenamiento,18683.480000000003,Bolívares,,Banco Central de Venezuela,https://www.bcv.org.ve/sites/default/files/cuentas_macroeconomicas/5_2_4_anual.xls,2026-08-05T21:44:21Z
bcv_pib_actividad_economica_anual,Producto interno bruto por actividad económica anual,PIB por actividad económica,5_2_4_anual.xls,1997,Precios constantes,Variación porcentual interanual,Anual,2006,2006,,,Transporte y almacenamiento,14.348491070789237,Porcentaje,,Banco Central de Venezuela,https://www.bcv.org.ve/sites/default/files/cuentas_macroeconomicas/5_2_4_anual.xls,2026-08-05T21:44:21Z
bcv_pib_actividad_economica_anual,Producto interno bruto por actividad económica anual,PIB por actividad económica,5_2_4_anual.xls,1997,Precios constantes,Nivel,Anual,2007,2007,,,Transporte y almacenamiento,21076.340000000004,Bolívares,,Banco Central de Venezuela,https://www.bcv.org.ve/sites/default/files/cuentas_macroeconomicas/5_2_4_anual.xls,2026-08-05T21:44:21Z
bcv_pib_actividad_economica_anual,Producto interno bruto por actividad económica anual,PIB por actividad económica,5_2_4_anual.xls,1997,Precios constantes,Variación porcentual interanual,Anual,2007,2007,,,Transporte y almacenamiento,12.807357087651766,Porcentaje,,Banco Central de Venezuela,https://www.bcv.org.ve/sites/default/files/cuentas_macroeconomicas/5_2_4_anual.xls,2026-08-05T21:44:21Z
bcv_pib_actividad_economica_anual,Producto interno bruto por actividad económica anual,PIB por actividad económica,5_2_4_anual.xls,1997,Precios constantes,Nivel,Anual,2008,2008,,,Transporte y almacenamiento,21639.83,Bolívares,Preliminar,Banco Central de Venezuela,https://www.bcv.org.ve/sites/default/files/cuentas_macroeconomicas/5_2_4_anual.xls,2026-08-05T21:44:21Z
bcv_pib_actividad_economica_anual,Producto interno bruto por actividad económica anual,PIB por actividad económica,5_2_4_anual.xls,1997,Precios constantes,Variación porcentual interanual,Anual,2008,2008,,,Transporte y almacenamiento,2.673566662902573,Porcentaje,,Banco Central de Venezuela,https://www.bcv.org.ve/sites/default/files/cuentas_macroeconomicas/5_2_4_anual.xls,2026-08-05T21:44:21Z
bcv_pib_actividad_economica_anual,Producto interno bruto por actividad económica anual,Variaciones porcentuales,5_2_4_ae_anual.xlsx,2007,Precios constantes,Variación porcentual interanual,Anual,2008,2008,,Actividad económica,Transporte y almacenamiento,3.7676417450770003,Porcentaje,,Banco Central de Venezuela,https://www.bcv.org.ve/sites/default/files/cuentas_macroeconomicas/5_2_4_ae_anual.xlsx,2026-08-05T21:44:21Z
bcv_pib_actividad_economica_anual,Producto interno bruto por actividad económica anual,PIB por actividad económica,5_2_4_anual.xls,1997,Precios constantes,Nivel,Anual,2009,2009,,,Transporte y almacenamiento,19813.55,Bolívares,Preliminar,Banco Central de Venezuela,https://www.bcv.org.ve/sites/default/files/cuentas_macroeconomicas/5_2_4_anual.xls,2026-08-05T21:44:21Z
bcv_pib_actividad_economica_anual,Producto interno bruto por actividad económica anual,PIB por actividad económica,5_2_4_anual.xls,1997,Precios constantes,Variación porcentual interanual,Anual,2009,2009,,,Transporte y almacenamiento,-8.439437832921996,Porcentaje,,Banco Central de Venezuela,https://www.bcv.org.ve/sites/default/files/cuentas_macroeconomicas/5_2_4_anual.xls,2026-08-05T21:44:21Z
bcv_pib_actividad_economica_anual,Producto interno bruto por actividad económica anual,Variaciones porcentuales,5_2_4_ae_anual.xlsx,2007,Precios constantes,Variación porcentual interanual,Anual,2009,2009,,Actividad económica,Transporte y almacenamiento,-4.779634226185053,Porcentaje,,Banco Central de Venezuela,https://www.bcv.org.ve/sites/default/files/cuentas_macroeconomicas/5_2_4_ae_anual.xlsx,2026-08-05T21:44:21Z
bcv_pib_actividad_economica_anual,Producto interno bruto por actividad económica anual,PIB por actividad económica,5_2_4_anual.xls,1997,Precios constantes,Nivel,Anual,2010,2010,,,Transporte y almacenamiento,19408.66,Bolívares,Preliminar,Banco Central de Venezuela,https://www.bcv.org.ve/sites/default/files/cuentas_macroeconomicas/5_2_4_anual.xls,2026-08-05T21:44:21Z
bcv_pib_actividad_economica_anual,Producto interno bruto por actividad económica anual,PIB por actividad económica,5_2_4_anual.xls,1997,Precios constantes,Variación porcentual interanual,Anual,2010,2010,,,Transporte y almacenamiento,-2.0435005337256484,Porcentaje,,Banco Central de Venezuela,https://www.bcv.org.ve/sites/default/files/cuentas_macroeconomicas/5_2_4_anual.xls,2026-08-05T21:44:21Z
bcv_pib_actividad_economica_anual,Producto interno bruto por actividad económica anual,Variaciones porcentuales,5_2_4_ae_anual.xlsx,2007,Precios constantes,Variación porcentual interanual,Anual,2010,2010,,Actividad económica,Transporte y almacenamiento,1.4508675451941713,Porcentaje,,Banco Central de Venezuela,https://www.bcv.org.ve/sites/default/files/cuentas_macroeconomicas/5_2_4_ae_anual.xlsx,2026-08-05T21:44:21Z
bcv_pib_actividad_economica_anual,Producto interno bruto por actividad económica anual,PIB por actividad económica,5_2_4_anual.xls,1997,Precios constantes,Nivel,Anual,2011,2011,,,Transporte y almacenamiento,20525.059999999998,Bolívares,Preliminar,Banco Central de Venezuela,https://www.bcv.org.ve/sites/default/files/cuentas_macroeconomicas/5_2_4_anual.xls,2026-08-05T21:44:21Z
bcv_pib_actividad_economica_anual,Producto interno bruto por actividad económica anual,PIB por actividad económica,5_2_4_anual.xls,1997,Precios constantes,Variación porcentual interanual,Anual,2011,2011,,,Transporte y almacenamiento,5.752071497980779,Porcentaje,,Banco Central de Venezuela,https://www.bcv.org.ve/sites/default/files/cuentas_macroeconomicas/5_2_4_anual.xls,2026-08-05T21:44:21Z
bcv_pib_actividad_economica_anual,Producto interno bruto por actividad económica anual,Variaciones porcentuales,5_2_4_ae_anual.xlsx,2007,Precios constantes,Variación porcentual interanual,Anual,2011,2011,,Actividad económica,Transporte y almacenamiento,6.941412321449619,Porcentaje,,Banco Central de Venezuela,https://www.bcv.org.ve/sites/default/files/cuentas_macroeconomicas/5_2_4_ae_anual.xlsx,2026-08-05T21:44:21Z
bcv_pib_actividad_economica_anual,Producto interno bruto por actividad económica anual,PIB por actividad económica,5_2_4_anual.xls,1997,Precios constantes,Nivel,Anual,2012,2012,,,Transporte y almacenamiento,21878.489999999998,Bolívares,Preliminar,Banco Central de Venezuela,https://www.bcv.org.ve/sites/default/files/cuentas_macroeconomicas/5_2_4_anual.xls,2026-08-05T21:44:21Z
bcv_pib_actividad_economica_anual,Producto interno bruto por actividad económica anual,PIB por actividad económica,5_2_4_anual.xls,1997,Precios constantes,Variación porcentual interanual,Anual,2012,2012,,,Transporte y almacenamiento,6.594036753120335,Porcentaje,,Banco Central de Venezuela,https://www.bcv.org.ve/sites/default/files/cuentas_macroeconomicas/5_2_4_anual.xls,2026-08-05T21:44:21Z
bcv_pib_actividad_economica_anual,Producto interno bruto por actividad económica anual,Variaciones porcentuales,5_2_4_ae_anual.xlsx,2007,Precios constantes,Variación porcentual interanual,Anual,2012,2012,,Actividad económica,Transporte y almacenamiento,6.565086164255064,Porcentaje,,Banco Central de Venezuela,https://www.bcv.org.ve/sites/default/files/cuentas_macroeconomicas/5_2_4_ae_anual.xlsx,2026-08-05T21:44:21Z
bcv_pib_actividad_economica_anual,Producto interno bruto por actividad económica anual,PIB por actividad económica,5_2_4_anual.xls,1997,Precios constantes,Nivel,Anual,2013,2013,,,Transporte y almacenamiento,21153.120000000003,Bolívares,Preliminar,Banco Central de Venezuela,https://www.bcv.org.ve/sites/default/files/cuentas_macroeconomicas/5_2_4_anual.xls,2026-08-05T21:44:21Z
bcv_pib_actividad_economica_anual,Producto interno bruto por actividad económica anual,PIB por actividad económica,5_2_4_anual.xls,1997,Precios constantes,Variación porcentual interanual,Anual,2013,2013,,,Transporte y almacenamiento,-3.315448186780685,Porcentaje,,Banco Central de Venezuela,https://www.bcv.org.ve/sites/default/files/cuentas_macroeconomicas/5_2_4_anual.xls,2026-08-05T21:44:21Z
bcv_pib_actividad_economica_anual,Producto interno bruto por actividad económica anual,Variaciones porcentuales,5_2_4_ae_anual.xlsx,2007,Precios constantes,Variación porcentual interanual,Anual,2013,2013,,Actividad económica,Transporte y almacenamiento,-1.4788863461112385,Porcentaje,,Banco Central de Venezuela,https://www.bcv.org.ve/sites/default/files/cuentas_macroeconomicas/5_2_4_ae_anual.xlsx,2026-08-05T21:44:21Z
bcv_pib_actividad_economica_anual,Producto interno bruto por actividad económica anual,PIB por actividad económica,5_2_4_anual.xls,1997,Precios constantes,Nivel,Anual,2014,2014,,,Transporte y almacenamiento,19622.89,Bolívares,Preliminar,Banco Central de Venezuela,https://www.bcv.org.ve/sites/default/files/cuentas_macroeconomicas/5_2_4_anual.xls,2026-08-05T21:44:21Z
bcv_pib_actividad_economica_anual,Producto interno bruto por actividad económica anual,PIB por actividad económica,5_2_4_anual.xls,1997,Precios constantes,Variación porcentual interanual,Anual,2014,2014,,,Transporte y almacenamiento,-7.23406287110366,Porcentaje,,Banco Central de Venezuela,https://www.bcv.org.ve/sites/default/files/cuentas_macroeconomicas/5_2_4_anual.xls,2026-08-05T21:44:21Z
bcv_pib_actividad_economica_anual,Producto interno bruto por actividad económica anual,Variaciones porcentuales,5_2_4_ae_anual.xlsx,2007,Precios constantes,Variación porcentual interanual,Anual,2014,2014,,Actividad económica,Transporte y almacenamiento,-10.41935586034083,Porcentaje,,Banco Central de Venezuela,https://www.bcv.org.ve/sites/default/files/cuentas_macroeconomicas/5_2_4_ae_anual.xlsx,2026-08-05T21:44:21Z
bcv_pib_actividad_economica_anual,Producto interno bruto por actividad económica anual,PIB por actividad económica,5_2_4_anual.xls,1997,Precios constantes,Nivel,Anual,2015,2015,,,Transporte y almacenamiento,17787.96,Bolívares,Preliminar,Banco Central de Venezuela,https://www.bcv.org.ve/sites/default/files/cuentas_macroeconomicas/5_2_4_anual.xls,2026-08-05T21:44:21Z
bcv_pib_actividad_economica_anual,Producto interno bruto por actividad económica anual,PIB por actividad económica,5_2_4_anual.xls,1997,Precios constantes,Variación porcentual interanual,Anual,2015,2015,,,Transporte y almacenamiento,-9.35096716131008,Porcentaje,,Banco Central de Venezuela,https://www.bcv.org.ve/sites/default/files/cuentas_macroeconomicas/5_2_4_anual.xls,2026-08-05T21:44:21Z
bcv_pib_actividad_economica_anual,Producto interno bruto por actividad económica anual,Variaciones porcentuales,5_2_4_ae_anual.xlsx,2007,Precios constantes,Variación porcentual interanual,Anual,2015,2015,,Actividad económica,Transporte y almacenamiento,-9.67466069138348,Porcentaje,,Banco Central de Venezuela,https://www.bcv.org.ve/sites/default/files/cuentas_macroeconomicas/5_2_4_ae_anual.xlsx,2026-08-05T21:44:21Z
bcv_pib_actividad_economica_anual,Producto interno bruto por actividad económica anual,PIB por actividad económica,5_2_4_anual.xls,1997,Precios constantes,Nivel,Anual,2016,2016,,,Transporte y almacenamiento,13667.72,Bolívares,Preliminar,Banco Central de Venezuela,https://www.bcv.org.ve/sites/default/files/cuentas_macroeconomicas/5_2_4_anual.xls,2026-08-05T21:44:21Z
bcv_pib_actividad_economica_anual,Producto interno bruto por actividad económica anual,PIB por actividad económica,5_2_4_anual.xls,1997,Precios constantes,Variación porcentual interanual,Anual,2016,2016,,,Transporte y almacenamiento,-23.16308334401471,Porcentaje,,Banco Central de Venezuela,https://www.bcv.org.ve/sites/default/files/cuentas_macroeconomicas/5_2_4_anual.xls,2026-08-05T21:44:21Z
bcv_pib_actividad_economica_anual,Producto interno bruto por actividad económica anual,Variaciones porcentuales,5_2_4_ae_anual.xlsx,2007,Precios constantes,Variación porcentual interanual,Anual,2016,2016,,Actividad económica,Transporte y almacenamiento,-27.413868726562256,Porcentaje,,Banco Central de Venezuela,https://www.bcv.org.ve/sites/default/files/cuentas_macroeconomicas/5_2_4_ae_anual.xlsx,2026-08-05T21:44:21Z
bcv_pib_actividad_economica_anual,Producto interno bruto por actividad económica anual,PIB por actividad económica,5_2_4_anual.xls,1997,Precios constantes,Nivel,Anual,2017,2017,,,Transporte y almacenamiento,11445.640000000001,Bolívares,Preliminar,Banco Central de Venezuela,https://www.bcv.org.ve/sites/default/files/cuentas_macroeconomicas/5_2_4_anual.xls,2026-08-05T21:44:21Z
bcv_pib_actividad_economica_anual,Producto interno bruto por actividad económica anual,PIB por actividad económica,5_2_4_anual.xls,1997,Precios constantes,Variación porcentual interanual,Anual,2017,2017,,,Transporte y almacenamiento,-16.257868905713593,Porcentaje,,Banco Central de Venezuela,https://www.bcv.org.ve/sites/default/files/cuentas_macroeconomicas/5_2_4_anual.xls,2026-08-05T21:44:21Z
bcv_pib_actividad_economica_anual,Producto interno bruto por actividad económica anual,Variaciones porcentuales,5_2_4_ae_anual.xlsx,2007,Precios constantes,Variación porcentual interanual,Anual,2017,2017,,Actividad económica,Transporte y almacenamiento,-16.17741308186453,Porcentaje,Preliminar,Banco Central de Venezuela,https://www.bcv.org.ve/sites/default/files/cuentas_macroeconomicas/5_2_4_ae_anual.xlsx,2026-08-05T21:44:21Z
bcv_pib_actividad_economica_anual,Producto interno bruto por actividad económica anual,PIB por actividad económica,5_2_4_anual.xls,1997,Precios constantes,Nivel,Anual,2018,2018,,,Transporte y almacenamiento,8191.0199999999995,Bolívares,Preliminar,Banco Central de Venezuela,https://www.bcv.org.ve/sites/default/files/cuentas_macroeconomicas/5_2_4_anual.xls,2026-08-05T21:44:21Z
bcv_pib_actividad_economica_anual,Producto interno bruto por actividad económica anual,PIB por actividad económica,5_2_4_anual.xls,1997,Precios constantes,Variación porcentual interanual,Anual,2018,2018,,,Transporte y almacenamiento,-28.435456645499954,Porcentaje,,Banco Central de Venezuela,https://www.bcv.org.ve/sites/default/files/cuentas_macroeconomicas/5_2_4_anual.xls,2026-08-05T21:44:21Z
bcv_pib_actividad_economica_anual,Producto interno bruto por actividad económica anual,Variaciones porcentuales,5_2_4_ae_anual.xlsx,2007,Precios constantes,Variación porcentual interanual,Anual,2018,2018,,Actividad económica,Transporte y almacenamiento,-24.680683068079517,Porcentaje,Preliminar,Banco Central de Venezuela,https://www.bcv.org.ve/sites/default/files/cuentas_macroeconomicas/5_2_4_ae_anual.xlsx,2026-08-05T21:44:21Z
bcv_pib_actividad_economica_anual,Producto interno bruto por actividad económica anual,Variaciones porcentuales,5_2_4_ae_anual.xlsx,2007,Precios constantes,Variación porcentual interanual,Anual,2019,2019,,Actividad económica,Transporte y almacenamiento,-27.637459303373745,Porcentaje,Preliminar,Banco Central de Venezuela,https://www.bcv.org.ve/sites/default/files/cuentas_macroeconomicas/5_2_4_ae_anual.xlsx,2026-08-05T21:44:21Z
bcv_pib_actividad_economica_anual,Producto interno bruto por actividad económica anual,Variaciones porcentuales,5_2_4_ae_anual.xlsx,2007,Precios constantes,Variación porcentual interanual,Anual,2020,2020,,Actividad económica,Transporte y almacenamiento,-43.504147330130735,Porcentaje,Preliminar,Banco Central de Venezuela,https://www.bcv.org.ve/sites/default/files/cuentas_macroeconomicas/5_2_4_ae_anual.xlsx,2026-08-05T21:44:21Z
bcv_pib_actividad_economica_anual,Producto interno bruto por actividad económica anual,Variaciones porcentuales,5_2_4_ae_anual.xlsx,2007,Precios constantes,Variación porcentual interanual,Anual,2021,2021,,Actividad económica,Transporte y almacenamiento,-1.2566268174633421,Porcentaje,Preliminar,Banco Central de Venezuela,https://www.bcv.org.ve/sites/default/files/cuentas_macroeconomicas/5_2_4_ae_anual.xlsx,2026-08-05T21:44:21Z
bcv_pib_actividad_economica_anual,Producto interno bruto por actividad económica anual,Variaciones porcentuales,5_2_4_ae_anual.xlsx,2007,Precios constantes,Variación porcentual interanual,Anual,2022,2022,,Actividad económica,Transporte y almacenamiento,32.3844735751035,Porcentaje,Preliminar,Banco Central de Venezuela,https://www.bcv.org.ve/sites/default/files/cuentas_macroeconomicas/5_2_4_ae_anual.xlsx,2026-08-05T21:44:21Z
bcv_pib_actividad_economica_anual,Producto interno bruto por actividad económica anual,Variaciones porcentuales,5_2_4_ae_anual.xlsx,2007,Precios constantes,Variación porcentual interanual,Anual,2023,2023,,Actividad económica,Transporte y almacenamiento,2.20601779500322,Porcentaje,Preliminar,Banco Central de Venezuela,https://www.bcv.org.ve/sites/default/files/cuentas_macroeconomicas/5_2_4_ae_anual.xlsx,2026-08-05T21:44:21Z
bcv_pib_actividad_economica_anual,Producto interno bruto por actividad económica anual,Variaciones porcentuales,5_2_4_ae_anual.xlsx,2007,Precios constantes,Variación porcentual interanual,Anual,2024,2024,,Actividad económica,Transporte y almacenamiento,2.4262538662324147,Porcentaje,Preliminar,Banco Central de Venezuela,https://www.bcv.org.ve/sites/default/files/cuentas_macroeconomicas/5_2_4_ae_anual.xlsx,2026-08-05T21:44:21Z
bcv_pib_actividad_economica_anual,Producto interno bruto por actividad económica anual,Variaciones porcentuales,5_2_4_ae_anual.xlsx,2007,Precios constantes,Variación porcentual interanual,Anual,2025,2025,,Actividad económica,Transporte y almacenamiento,4.785751365054253,Porcentaje,Preliminar,Banco Central de Venezuela,https://www.bcv.org.ve/sites/default/files/cuentas_macroeconomicas/5_2_4_ae_anual.xlsx,2026-08-05T21:44:21Z
